 ,Area,Mean,X,Y
1,80,255,545.712,16.650
2,110,255,642.500,26.000
3,58,255,689.069,25.569
4,104,255,703.029,28.279
5,22,255,729.500,25.136
6,32,255,566.531,27.531
7,105,255,581.748,29.357
8,107,255,959.771,31.883
9,163,255,660.126,33.543
10,62,255,518.742,31.661
11,150,255,616.960,33.920
12,52,255,724.385,31.654
13,27,255,766.796,30.907
14,84,255,504.083,34.393
15,95,255,532.784,34.795
16,80,255,557.263,35.150
17,29,255,772.776,34.017
18,89,255,813.579,35.983
19,37,255,601.662,35.716
20,243,255,902.870,40.451
21,65,255,643.100,36.146
22,57,255,588.377,37.833
23,82,255,486.610,39.610
24,69,255,845.804,38.891
25,120,255,886.167,42.583
26,45,255,458.900,40.656
27,32,255,472.594,38.438
28,23,255,700.761,39.152
29,33,255,707.409,39.348
30,61,255,739.811,40.074
31,61,255,826.123,41.730
32,32,255,433.656,41.875
33,38,255,545.342,42.553
34,50,255,567.800,42.640
35,40,255,751.050,42.600
36,40,255,767.425,42.525
37,105,255,1018.100,44.062
38,60,255,504.550,43.617
39,49,255,555.969,42.969
40,84,255,1045.071,43.833
41,128,255,1104.023,45.906
42,38,255,467.605,45.368
43,92,255,653.207,47.098
44,77,255,930.487,45.409
45,81,255,1080.821,46.302
46,60,255,1193.217,45.167
47,56,255,1418.107,45.339
48,33,255,1145.652,44.591
49,117,255,1324.936,48.722
50,148,255,1366.797,50.182
51,42,255,387.381,47.119
52,53,255,397.142,46.972
53,63,255,587.833,46.389
54,21,255,1006.929,45.976
55,29,255,1203.948,45.810
56,30,255,1236.200,45.133
57,37,255,1337.338,46.581
58,134,255,1406.537,49.746
59,21,255,523.024,46.976
60,29,255,535.293,46.500
61,53,255,574.179,47.934
62,89,255,814.298,48.343
63,52,255,917.596,48.654
64,164,255,968.817,50.530
65,92,255,376.967,51.272
66,111,255,839.167,51.167
67,76,255,1132.605,49.250
68,72,255,1289.764,50.208
69,28,255,1429.893,47.857
70,149,255,1436.446,54.037
71,77,255,493.006,50.318
72,48,255,937.729,50.458
73,130,255,994.300,52.885
74,91,255,299.302,51.841
75,84,255,421.143,51.167
76,66,255,795.636,50.576
77,126,255,1161.429,54.317
78,45,255,1377.433,52.078
79,39,255,1547.474,49.731
80,92,255,341.424,53.315
81,64,255,434.938,52.797
82,54,255,954.296,51.963
83,56,255,1117.857,52.696
84,29,255,1150.983,51.328
85,59,255,1270.042,52.263
86,92,255,468.967,54.870
87,39,255,1187.115,52.372
88,167,255,1252.686,55.410
89,48,255,1558.562,53.167
90,111,255,760.410,55.689
91,88,255,895.307,55.205
92,24,255,1041.500,53.167
93,89,255,1053.174,54.624
94,56,255,1093.214,54.000
95,121,255,1226.211,55.417
96,24,255,1421.792,52.792
97,35,255,321.729,54.157
98,142,255,363.218,57.444
99,32,255,662.594,55.188
100,81,255,1067.685,55.821
101,61,255,1141.549,55.811
102,41,255,1331.159,54.817
103,89,255,1347.657,55.253
104,20,255,445.000,54.400
105,24,255,453.542,55.167
106,41,255,531.159,55.841
107,52,255,593.923,55.808
108,40,255,864.175,54.775
109,77,255,1298.812,56.630
110,55,255,1388.355,55.573
111,115,255,240.935,59.326
112,93,255,256.478,57.382
113,30,255,1276.967,55.833
114,31,255,1312.500,56.629
115,49,255,1449.520,57.684
116,25,255,1500.060,56.140
117,27,255,1536.463,57.130
118,70,255,1567.586,57.957
119,82,255,403.463,58.805
120,28,255,857.643,57.571
121,24,255,1484.250,56.292
122,33,255,227.288,58.167
123,68,255,390.000,59.456
124,68,255,921.706,59.044
125,53,255,936.953,58.425
126,63,255,961.183,59.405
127,46,255,1031.739,59.413
128,21,255,1417.357,57.833
129,31,255,1553.694,58.242
130,101,255,654.678,61.896
131,20,255,728.300,58.900
132,57,255,1545.711,60.991
133,85,255,317.512,61.994
134,36,255,419.639,59.694
135,110,255,619.727,63.645
136,23,255,302.674,61.022
137,37,255,678.635,61.770
138,61,255,828.910,63.025
139,100,255,1204.910,66.370
140,29,255,1528.190,62.224
141,46,255,1591.326,62.957
142,30,255,1268.433,62.433
143,31,255,1517.790,63.048
144,27,255,205.167,63.574
145,27,255,216.093,65.574
146,46,255,261.326,64.152
147,46,255,461.783,65.196
148,49,255,909.031,65.786
149,61,255,277.943,65.680
150,68,255,351.250,66.368
151,22,255,441.500,64.636
152,66,255,1076.712,66.788
153,31,255,539.694,67.371
154,21,255,1571.881,66.786
155,60,255,1401.133,68.950
156,47,255,570.160,69.734
157,67,255,794.351,72.172
158,47,255,1165.564,69.713
159,47,255,606.117,70.628
160,50,255,858.080,72.800
161,52,255,1462.692,70.538
162,75,255,339.007,72.113
163,52,255,373.885,71.096
164,65,255,1012.654,72.592
165,57,255,1378.395,72.096
166,110,255,194.464,75.445
167,55,255,760.500,72.500
168,29,255,903.293,71.741
169,31,255,743.081,73.048
170,125,255,64.148,77.460
171,33,255,473.985,74.409
172,64,255,819.375,76.609
173,48,255,1174.812,75.062
174,67,255,1483.112,76.007
175,74,255,44.811,77.108
176,33,255,782.409,75.712
177,57,255,1287.114,75.798
178,31,255,1369.758,75.371
179,89,255,100.444,77.680
180,43,255,183.035,77.012
181,66,255,1042.121,79.167
182,109,255,79.307,81.372
183,59,255,91.008,79.534
184,52,255,772.404,79.365
185,58,255,1067.483,78.414
186,47,255,20.883,78.798
187,89,255,116.287,81.545
188,36,255,1523.306,78.250
189,20,255,2.800,78.900
190,27,255,609.056,80.093
191,47,255,1449.691,81.330
192,41,255,171.256,81.549
193,47,255,582.926,82.117
194,30,255,743.500,81.000
195,41,255,973.549,81.524
196,65,255,1418.300,83.254
197,20,255,144.550,81.700
198,35,255,898.243,81.643
199,42,255,154.857,83.714
200,20,255,620.600,82.650
201,30,255,954.633,82.767
202,83,255,1162.440,84.428
203,23,255,1247.370,82.239
204,29,255,464.534,84.466
205,23,255,1457.717,84.500
206,111,255,200.320,88.023
207,52,255,799.962,87.231
208,53,255,874.292,88.613
209,78,255,891.538,89.551
210,41,255,1109.915,86.695
211,70,255,1174.257,87.886
212,47,255,477.457,87.564
213,28,255,1132.036,86.643
214,22,255,1215.818,86.318
215,43,255,1388.616,89.105
216,51,255,1546.382,88.971
217,117,255,43.517,92.192
218,87,255,110.109,90.489
219,40,255,410.550,88.375
220,57,255,834.412,90.377
221,33,255,1242.591,87.955
222,20,255,1285.650,86.550
223,23,255,670.283,88.543
224,55,255,786.755,89.518
225,57,255,1198.026,91.816
226,51,255,1434.931,89.853
227,48,255,33.146,91.125
228,46,255,70.130,91.783
229,64,255,137.500,91.703
230,21,255,61.595,90.548
231,34,255,733.206,90.500
232,62,255,903.258,93.468
233,60,255,956.567,92.483
234,48,255,1514.625,90.646
235,52,255,98.173,92.654
236,55,255,16.445,92.700
237,29,255,1032.672,93.293
238,43,255,1246.198,94.360
239,69,255,81.949,94.819
240,38,255,461.711,93.079
241,66,255,1024.773,96.606
242,45,255,1048.033,94.167
243,33,255,806.288,94.591
244,37,255,1306.392,94.797
245,50,255,1534.560,95.520
246,46,255,1572.043,97.609
247,36,255,1284.139,95.222
248,74,255,995.257,98.581
249,35,255,1521.071,97.414
250,32,255,484.344,99.094
251,62,255,876.000,98.661
252,25,255,296.140,99.100
253,30,255,417.933,98.700
254,81,255,1160.586,100.278
255,46,255,1355.674,99.130
256,37,255,151.041,99.932
257,40,255,651.300,102.675
258,36,255,754.833,99.972
259,68,255,1039.500,102.059
260,66,255,18.530,103.879
261,33,255,56.561,101.621
262,46,255,1448.522,100.435
263,65,255,350.408,103.469
264,26,255,957.731,102.115
265,62,255,1171.081,103.565
266,26,255,382.385,103.346
267,52,255,801.827,103.577
268,67,255,1184.142,105.291
269,20,255,392.550,103.250
270,22,255,401.455,104.182
271,35,255,456.243,104.671
272,48,255,1322.062,105.646
273,31,255,297.694,105.403
274,128,255,872.008,111.125
275,73,255,1012.212,107.555
276,46,255,1365.522,105.913
277,25,255,1469.540,106.540
278,23,255,423.457,107.891
279,22,255,1239.000,106.864
280,38,255,1448.974,107.895
281,28,255,260.607,109.750
282,22,255,620.000,107.864
283,48,255,887.896,109.729
284,60,255,1537.400,109.667
285,39,255,553.859,109.833
286,42,255,1127.929,110.238
287,22,255,1232.773,110.000
288,59,255,105.483,111.619
289,56,255,451.964,111.321
290,26,255,756.577,110.731
291,60,255,839.567,111.650
292,43,255,1155.616,112.012
293,61,255,1317.352,112.221
294,34,255,1392.324,112.265
295,34,255,1487.471,112.206
296,50,255,364.500,114.380
297,47,255,530.883,113.819
298,42,255,748.071,114.238
299,35,255,1164.986,113.529
300,50,255,1300.080,112.900
301,30,255,545.000,114.133
302,24,255,984.000,113.667
303,23,255,1045.630,114.283
304,41,255,1327.671,116.159
305,26,255,706.769,115.115
306,31,255,1278.984,115.274
307,84,255,172.679,118.405
308,72,255,1010.667,118.694
309,38,255,560.000,120.105
310,56,255,819.196,120.482
311,63,255,1160.675,119.881
312,42,255,1286.667,120.095
313,83,255,481.560,121.693
314,27,255,989.907,120.315
315,65,255,1335.623,121.777
316,23,255,1598.152,120.152
317,33,255,575.136,121.106
318,39,255,1358.115,120.987
319,45,255,110.211,124.300
320,64,255,389.219,123.188
321,42,255,637.762,122.690
322,46,255,1036.804,123.696
323,40,255,1301.650,122.450
324,73,255,4.473,125.842
325,26,255,198.077,123.038
326,56,255,430.071,123.393
327,76,255,836.171,125.053
328,37,255,926.284,125.392
329,37,255,958.149,125.068
330,55,255,16.191,127.664
331,86,255,365.453,126.953
332,65,255,1209.562,127.423
333,38,255,1393.000,125.000
334,31,255,1469.887,124.468
335,66,255,714.500,127.167
336,27,255,340.500,126.500
337,53,255,545.689,127.783
338,39,255,826.859,127.731
339,59,255,1312.093,127.364
340,70,255,1345.571,127.900
341,38,255,203.026,129.184
342,38,255,785.684,127.842
343,63,255,868.659,130.183
344,21,255,1232.405,127.024
345,20,255,500.550,128.400
346,38,255,579.184,130.684
347,41,255,699.988,129.085
348,85,255,1292.900,130.253
349,88,255,1437.080,130.239
350,43,255,260.640,130.244
351,35,255,287.500,129.986
352,42,255,400.143,130.024
353,78,255,1161.500,130.756
354,67,255,1219.784,132.933
355,28,255,1400.964,130.071
356,34,255,1251.206,130.824
357,55,255,1358.064,131.827
358,76,255,1380.579,132.566
359,33,255,81.864,131.227
360,58,255,382.034,134.172
361,29,255,461.948,132.776
362,45,255,640.767,132.900
363,32,255,1057.531,133.250
364,62,255,1514.548,132.548
365,158,255,1534.006,135.411
366,54,255,52.074,134.704
367,45,255,196.967,134.011
368,55,255,725.264,133.482
369,31,255,796.855,132.952
370,67,255,1046.440,134.396
371,63,255,1115.071,134.437
372,24,255,1238.500,133.458
373,40,255,453.275,135.000
374,35,255,1031.271,135.500
375,30,255,225.567,135.233
376,24,255,313.458,135.833
377,65,255,813.869,136.962
378,38,255,937.500,136.000
379,39,255,1561.885,137.064
380,25,255,191.100,137.060
381,50,255,250.500,138.640
382,103,255,700.811,138.850
383,83,255,893.416,140.729
384,39,255,1068.731,137.372
385,57,255,5.833,140.377
386,124,255,96.258,141.000
387,91,255,209.863,139.786
388,52,255,335.212,139.962
389,53,255,557.255,138.406
390,26,255,850.269,137.692
391,56,255,980.161,138.839
392,107,255,1110.257,142.472
393,42,255,1257.643,138.619
394,31,255,1550.565,138.597
395,78,255,33.231,142.397
396,47,255,70.713,140.245
397,22,255,160.727,138.682
398,66,255,483.045,141.773
399,62,255,785.839,140.177
400,74,255,838.824,140.770
401,65,255,1015.223,140.977
402,49,255,1148.520,139.398
403,68,255,1396.897,140.515
404,47,255,424.287,140.372
405,28,255,749.464,139.893
406,37,255,407.338,141.284
407,25,255,678.140,142.500
408,84,255,883.798,144.060
409,95,255,1176.047,145.647
410,97,255,1480.397,142.541
411,35,255,309.557,142.814
412,53,255,1091.274,142.179
413,58,255,1135.948,143.948
414,124,255,1288.306,145.315
415,34,255,1053.559,142.853
416,55,255,1515.900,145.427
417,37,255,280.230,144.932
418,60,255,688.750,145.250
419,125,255,1159.500,148.780
420,125,255,1317.076,146.788
421,38,255,399.816,146.895
422,57,255,596.939,147.026
423,25,255,746.420,145.380
424,55,255,382.045,147.627
425,27,255,607.130,145.241
426,79,255,636.196,147.399
427,53,255,53.330,147.330
428,53,255,185.009,148.425
429,58,255,238.569,147.586
430,27,255,556.093,147.093
431,75,255,1342.647,148.433
432,94,255,1372.723,148.170
433,66,255,204.682,149.091
434,71,255,725.359,149.486
435,27,255,757.796,148.611
436,71,255,1358.176,148.810
437,39,255,219.859,149.397
438,58,255,978.414,149.914
439,29,255,268.086,150.086
440,31,255,327.532,150.081
441,36,255,405.889,150.361
442,53,255,906.991,151.670
443,52,255,966.192,151.096
444,45,255,1398.922,150.300
445,73,255,1498.075,150.527
446,115,255,714.996,155.326
447,85,255,947.924,154.100
448,74,255,1029.000,153.000
449,24,255,1274.833,150.625
450,44,255,279.114,152.841
451,58,255,456.103,154.103
452,61,255,512.975,153.566
453,68,255,1086.735,153.721
454,74,255,43.189,154.878
455,42,255,93.833,154.310
456,49,255,1386.112,153.929
457,60,255,894.433,154.983
458,100,255,1242.080,155.410
459,105,255,1427.329,157.338
460,89,255,1465.287,154.837
461,102,255,581.147,157.127
462,154,255,1409.338,158.545
463,71,255,1553.317,155.458
464,83,255,158.982,158.380
465,69,255,210.790,158.703
466,43,255,614.291,157.779
467,74,255,997.608,158.324
468,91,255,1014.159,159.874
469,68,255,1281.044,158.779
470,33,255,30.318,158.500
471,72,255,148.958,162.278
472,20,255,428.750,157.550
473,54,255,878.759,159.259
474,75,255,1484.660,158.940
475,35,255,114.757,161.786
476,104,255,267.846,161.423
477,101,255,286.936,162.975
478,38,255,543.947,158.947
479,76,255,754.934,160.500
480,79,255,809.196,161.158
481,98,255,922.520,161.143
482,54,255,1057.000,160.296
483,72,255,1116.722,162.597
484,77,255,1221.851,160.175
485,98,255,1571.929,161.939
486,60,255,176.650,160.900
487,101,255,485.252,166.450
488,31,255,557.500,160.984
489,51,255,624.578,161.794
490,34,255,798.794,160.618
491,87,255,1197.328,162.052
492,50,255,79.900,161.640
493,101,255,463.708,164.757
494,77,255,1164.149,161.513
495,55,255,1338.718,161.355
496,123,255,1587.272,166.858
497,51,255,187.343,163.363
498,59,255,592.314,163.432
499,66,255,1292.076,163.758
500,79,255,1438.234,165.500
501,78,255,1495.359,164.615
502,116,255,775.664,165.871
503,44,255,1256.636,162.614
504,52,255,1303.308,164.385
505,79,255,636.601,165.386
506,94,255,1389.170,166.766
507,82,255,1556.451,165.073
508,40,255,34.675,165.375
509,31,255,366.597,165.145
510,51,255,614.088,166.069
511,55,255,1067.009,165.955
512,78,255,1416.321,168.756
513,63,255,574.643,167.659
514,74,255,1079.054,168.284
515,50,255,496.060,169.900
516,82,255,1106.915,169.951
517,40,255,1131.200,167.275
518,38,255,1271.026,167.289
519,91,255,551.016,170.610
520,74,255,737.189,170.851
521,54,255,988.593,169.648
522,131,255,1146.645,173.637
523,145,255,1531.003,170.466
524,82,255,68.659,172.037
525,34,255,212.118,170.176
526,39,255,715.782,168.731
527,68,255,864.662,170.412
528,81,255,953.204,171.747
529,98,255,1341.714,171.520
530,49,255,359.337,172.235
531,98,255,520.857,172.694
532,58,255,540.500,171.534
533,64,255,800.547,171.984
534,151,255,882.480,173.308
535,117,255,1239.996,174.996
536,113,255,1326.836,173.217
537,66,255,40.455,173.697
538,79,255,179.133,173.019
539,24,255,411.500,172.833
540,71,255,787.444,173.035
541,59,255,1177.415,172.246
542,71,255,1228.373,171.937
543,121,255,1479.335,172.996
544,60,255,925.067,172.933
545,52,255,1365.712,173.731
546,32,255,265.469,172.656
547,42,255,506.881,174.167
548,37,255,1403.743,173.662
549,44,255,1298.159,173.773
550,34,255,1357.676,174.265
551,88,255,1374.500,177.136
552,86,255,23.698,176.570
553,100,255,140.440,180.120
554,60,255,997.733,177.133
555,28,255,1024.964,174.321
556,62,255,1065.968,175.177
557,88,255,1091.716,177.500
558,28,255,1133.179,174.857
559,66,255,115.455,178.197
560,45,255,607.678,176.989
561,99,255,661.783,178.500
562,89,255,1256.567,178.646
563,71,255,1443.486,179.204
564,131,255,1497.531,178.981
565,80,255,1512.675,178.412
566,55,255,528.318,179.627
567,28,255,570.500,177.143
568,34,255,619.029,177.500
569,115,255,811.526,180.491
570,38,255,1115.842,178.263
571,31,255,1435.306,176.629
572,38,255,1549.289,176.895
573,39,255,199.500,178.372
574,41,255,273.622,179.232
575,99,255,1004.540,183.157
576,62,255,1159.452,179.000
577,74,255,1573.986,178.378
578,78,255,49.064,182.051
579,79,255,247.930,181.614
580,65,255,596.654,180.700
581,60,255,647.767,181.150
582,127,255,728.854,182.783
583,49,255,1559.480,179.459
584,65,255,154.223,181.377
585,76,255,462.211,182.368
586,65,255,1104.192,180.531
587,36,255,678.194,181.472
588,105,255,828.224,183.652
589,133,255,862.026,186.102
590,39,255,1018.910,183.141
591,111,255,1033.635,183.905
592,66,255,1046.303,182.621
593,40,255,1176.925,181.150
594,38,255,368.605,183.079
595,80,255,1124.463,184.075
596,25,255,450.260,182.540
597,95,255,685.932,187.216
598,96,255,1398.771,185.260
599,125,255,1522.580,191.700
600,31,255,542.887,183.242
601,36,255,783.361,184.000
602,42,255,947.214,184.381
603,56,255,1082.268,185.107
604,79,255,1201.500,186.500
605,111,255,1420.140,187.131
606,171,255,1478.114,190.558
607,43,255,1535.733,183.756
608,40,255,323.075,186.425
609,58,255,489.483,187.155
610,83,255,795.440,187.620
611,101,255,885.371,187.114
612,48,255,910.188,185.938
613,20,255,932.100,184.850
614,32,255,1221.344,185.062
615,60,255,1585.900,185.633
616,60,255,1190.133,187.817
617,62,255,1053.661,188.839
618,76,255,1068.487,188.447
619,143,255,1289.780,189.808
620,51,255,161.422,189.892
621,86,255,502.628,190.535
622,35,255,1249.986,188.329
623,67,255,302.560,190.590
624,44,255,11.000,190.864
625,29,255,119.224,189.879
626,100,255,758.860,193.070
627,88,255,1161.045,192.250
628,100,255,1347.090,193.040
629,63,255,1377.008,190.817
630,39,255,363.731,191.500
631,64,255,384.734,193.547
632,56,255,398.929,192.196
633,31,255,458.629,191.629
634,93,255,584.629,196.263
635,22,255,655.273,189.909
636,65,255,28.146,192.669
637,95,255,61.647,193.647
638,58,255,531.603,194.638
639,99,255,700.399,195.712
640,61,255,916.156,193.861
641,149,255,1144.628,196.708
642,65,255,1235.162,193.562
643,33,255,151.197,193.591
644,45,255,312.144,194.478
645,21,255,444.500,192.500
646,126,255,517.079,197.460
647,27,255,736.944,193.648
648,102,255,1217.686,195.157
649,80,255,744.925,197.300
650,133,255,832.282,198.598
651,22,255,1007.636,194.045
652,82,255,1020.110,197.488
653,71,255,1243.444,196.556
654,137,255,1276.653,198.675
655,61,255,104.992,198.484
656,63,255,128.627,197.278
657,52,255,230.577,195.462
658,74,255,595.378,198.770
659,82,255,997.024,197.707
660,89,255,1177.096,198.331
661,84,255,1387.619,197.571
662,142,255,1568.676,199.908
663,57,255,166.254,197.711
664,50,255,271.380,199.300
665,45,255,819.744,198.078
666,137,255,849.478,199.332
667,76,255,899.987,199.842
668,45,255,1499.856,197.367
669,56,255,811.696,198.821
670,62,255,874.871,197.484
671,37,255,889.878,197.473
672,72,255,934.597,198.667
673,45,255,259.678,199.522
674,36,255,452.583,198.528
675,25,255,732.220,198.380
676,38,255,957.474,198.947
677,40,255,1129.000,199.150
678,81,255,1369.735,199.660
679,84,255,1460.071,201.905
680,39,255,38.859,200.474
681,48,255,293.729,199.896
682,85,255,330.959,201.688
683,66,255,688.864,202.773
684,96,255,1303.344,202.490
685,51,255,1337.147,199.912
686,96,255,1536.500,202.781
687,51,255,359.755,201.088
688,86,255,441.721,202.407
689,37,255,967.554,200.176
690,32,255,1434.312,200.156
691,25,255,657.380,200.300
692,114,255,665.956,205.500
693,52,255,945.885,201.942
694,55,255,611.118,203.209
695,91,255,640.357,204.049
696,38,255,909.737,202.763
697,141,255,978.621,207.351
698,47,255,1092.819,203.819
699,108,255,1107.065,206.009
700,54,255,315.852,204.667
701,94,255,430.489,206.840
702,67,255,922.694,205.127
703,77,255,1013.045,204.760
704,128,255,1049.352,207.055
705,102,255,1290.363,206.353
706,69,255,1420.297,204.587
707,50,255,306.020,205.180
708,28,255,491.536,204.714
709,42,255,1260.905,203.952
710,96,255,1324.385,206.135
711,32,255,1481.594,204.625
712,143,255,1497.682,210.416
713,96,255,1547.510,208.240
714,101,255,379.193,208.856
715,38,255,485.289,205.605
716,61,255,681.352,206.811
717,56,255,767.125,206.554
718,59,255,240.381,207.297
719,41,255,737.695,206.866
720,63,255,794.516,208.008
721,30,255,954.033,206.667
722,102,255,1469.314,209.657
723,47,255,1510.287,207.798
724,60,255,280.183,208.667
725,32,255,888.156,206.406
726,40,255,1037.350,208.250
727,115,255,1118.926,212.230
728,39,255,1132.885,207.013
729,120,255,1338.033,210.950
730,49,255,1596.112,207.214
731,110,255,116.909,212.127
732,34,255,158.647,208.500
733,77,255,213.305,209.916
734,103,255,532.879,213.228
735,92,255,705.065,210.283
736,106,255,1248.943,209.792
737,131,255,1522.935,213.523
738,26,255,289.077,209.538
739,29,255,323.052,209.293
740,54,255,343.630,210.537
741,74,255,476.392,211.216
742,70,255,574.971,209.686
743,35,255,815.471,208.871
744,90,255,861.422,211.433
745,46,255,995.283,209.978
746,53,255,1162.292,212.406
747,62,255,1176.145,209.968
748,89,255,1198.433,211.084
749,74,255,169.189,211.635
750,24,255,551.583,210.208
751,57,255,876.184,211.430
752,73,255,1151.021,211.733
753,85,255,629.276,213.794
754,64,255,785.859,212.672
755,32,255,962.031,211.188
756,31,255,358.306,211.790
757,71,255,906.415,214.232
758,50,255,1020.220,212.820
759,165,255,1368.712,216.470
760,33,255,307.924,214.955
761,45,255,565.611,215.656
762,34,255,638.588,214.147
763,59,255,722.585,215.212
764,108,255,1210.898,216.287
765,85,255,1230.547,216.335
766,33,255,1314.833,214.439
767,178,255,1444.770,219.472
768,69,255,3.659,217.123
769,65,255,252.746,217.515
770,116,255,550.121,219.578
771,27,255,758.204,215.204
772,37,255,1322.824,214.824
773,52,255,1587.769,216.385
774,35,255,511.586,216.214
775,77,255,602.409,217.305
776,65,255,795.962,217.531
777,95,255,929.184,217.437
778,104,255,1137.798,218.971
779,44,255,20.568,218.659
780,63,255,202.627,218.024
781,36,255,244.389,217.361
782,27,255,298.204,216.722
783,32,255,397.312,217.656
784,34,255,449.941,218.059
785,43,255,953.686,217.895
786,48,255,1303.167,217.708
787,62,255,285.919,218.871
788,33,255,390.348,218.288
789,64,255,427.375,219.469
790,42,255,520.810,218.810
791,55,255,579.336,219.191
792,118,255,647.195,222.568
793,30,255,773.133,218.667
794,84,255,1039.381,219.298
795,25,255,1096.620,217.060
796,50,255,1109.920,219.680
797,82,255,1183.890,219.756
798,51,255,316.029,220.343
799,84,255,765.726,223.786
800,74,255,816.405,219.892
801,62,255,1002.403,221.952
802,47,255,1077.840,221.309
803,125,255,1486.708,222.268
804,27,255,1598.056,219.611
805,67,255,102.739,221.366
806,110,255,354.873,224.491
807,63,255,468.325,221.421
808,21,255,487.167,219.881
809,75,255,685.887,221.740
810,115,255,736.778,223.474
811,35,255,827.757,221.386
812,87,255,869.236,222.408
813,117,255,1288.038,223.739
814,110,255,1410.718,223.155
815,52,255,72.115,222.115
816,43,255,457.756,222.291
817,76,255,707.526,223.618
818,41,255,749.280,221.354
819,117,255,1535.850,224.423
820,165,255,191.288,229.476
821,99,255,778.591,228.146
822,140,255,885.486,226.114
823,69,255,266.022,224.746
824,94,255,297.330,227.564
825,54,255,381.463,224.185
826,40,255,444.300,223.700
827,113,255,849.580,227.128
828,91,255,983.731,225.445
829,76,255,1573.368,223.711
830,45,255,122.100,224.411
831,49,255,627.112,225.296
832,51,255,1070.324,226.225
833,35,255,1087.071,224.614
834,42,255,1224.952,224.071
835,74,255,1358.838,224.243
836,117,255,212.722,230.235
837,54,255,237.222,226.093
838,83,255,837.006,226.849
839,49,255,919.765,226.173
840,60,255,83.900,227.733
841,55,255,274.064,227.918
842,125,255,505.476,228.684
843,88,255,1094.261,228.750
844,63,255,1587.024,227.643
845,52,255,112.327,228.077
846,29,255,201.983,227.086
847,81,255,663.463,229.784
848,75,255,1245.407,228.167
849,23,255,1395.326,226.630
850,40,255,800.700,228.575
851,35,255,930.957,228.871
852,48,255,945.958,229.042
853,20,255,953.050,227.600
854,54,255,1174.889,228.852
855,78,255,20.808,230.897
856,45,255,392.233,229.611
857,28,255,407.179,229.393
858,24,255,1276.958,228.667
859,176,255,1331.358,232.994
860,82,255,1511.927,229.695
861,84,255,1547.643,232.000
862,106,255,336.802,233.387
863,29,255,400.500,231.397
864,59,255,716.297,232.246
865,21,255,755.500,229.881
866,48,255,904.208,230.979
867,125,255,1260.756,232.988
868,85,255,1381.476,234.500
869,109,255,1561.106,233.894
870,30,255,137.800,230.500
871,84,255,314.905,231.929
872,186,255,419.091,235.140
873,21,255,446.119,231.405
874,61,255,533.434,233.385
875,44,255,1164.545,232.318
876,88,255,102.239,235.455
877,75,255,435.580,234.647
878,95,255,611.605,236.163
879,54,255,742.648,233.370
880,91,255,1476.907,234.214
881,103,255,147.694,237.529
882,155,255,455.958,240.171
883,72,255,547.667,234.458
884,74,255,625.554,234.041
885,70,255,791.500,235.057
886,95,255,1142.479,238.858
887,23,255,1497.326,232.326
888,57,255,38.500,236.465
889,47,255,242.947,235.777
890,80,255,652.462,236.550
891,52,255,695.442,235.135
892,53,255,807.934,235.425
893,22,255,894.591,233.409
894,72,255,957.222,233.972
895,144,255,1012.597,239.500
896,29,255,1076.466,234.534
897,109,255,1151.849,238.812
898,55,255,1316.118,235.500
899,82,255,122.622,237.817
900,116,255,374.784,239.810
901,67,255,1362.843,236.590
902,75,255,232.700,237.940
903,38,255,467.184,237.368
904,87,255,478.741,237.626
905,31,255,911.435,236.726
906,35,255,1058.214,236.500
907,45,255,1305.233,236.922
908,50,255,90.600,238.120
909,27,255,637.315,237.315
910,93,255,921.823,239.887
911,83,255,1464.175,241.187
912,77,255,167.110,240.552
913,47,255,570.585,238.968
914,63,255,587.198,239.944
915,73,255,971.555,239.815
916,68,255,1128.853,239.338
917,61,255,1430.090,238.467
918,58,255,46.086,241.172
919,43,255,57.151,240.221
920,29,255,525.914,239.500
921,31,255,1000.661,241.274
922,69,255,1068.688,240.891
923,65,255,1280.300,242.115
924,26,255,1390.154,238.615
925,73,255,1401.979,241.240
926,26,255,132.154,239.769
927,58,255,252.690,241.931
928,44,255,318.636,241.523
929,77,255,350.500,241.461
930,76,255,517.211,242.500
931,67,255,880.634,243.261
932,107,255,988.930,243.500
933,71,255,1219.908,241.669
934,73,255,1494.842,240.664
935,46,255,71.130,242.239
936,94,255,268.106,243.138
937,155,255,293.184,248.106
938,51,255,395.951,242.127
939,24,255,442.833,240.375
940,71,255,814.190,243.317
941,42,255,1041.833,242.286
942,182,255,1106.126,246.000
943,78,255,688.603,244.231
944,56,255,872.607,243.696
945,43,255,1204.221,241.849
946,75,255,1229.967,243.340
947,74,255,1356.311,243.797
948,34,255,1537.882,242.029
949,65,255,110.331,244.654
950,60,255,561.133,245.133
951,59,255,598.415,244.737
952,148,255,734.466,248.284
953,32,255,798.469,243.781
954,68,255,944.559,244.059
955,69,255,1029.601,245.138
956,87,255,703.178,246.902
957,75,255,769.140,245.873
958,23,255,1244.978,242.848
959,91,255,1527.643,247.874
960,81,255,337.031,246.636
961,82,255,627.610,246.195
962,133,255,1328.921,247.763
963,57,255,641.921,248.184
964,28,255,952.357,246.000
965,26,255,1166.038,245.269
966,75,255,22.127,249.393
967,67,255,77.022,248.007
968,41,255,91.890,248.037
969,44,255,363.591,248.364
970,57,255,1053.272,247.816
971,82,255,1420.841,248.927
972,79,255,1474.842,248.766
973,75,255,131.940,250.513
974,149,255,200.956,253.849
975,31,255,572.919,248.661
976,178,255,1541.725,252.961
977,85,255,1580.382,249.841
978,26,255,52.538,249.731
979,82,255,143.646,251.805
980,83,255,220.367,252.102
981,77,255,486.552,250.487
982,62,255,586.113,250.016
983,142,255,667.099,253.239
984,77,255,841.578,251.162
985,63,255,1074.548,252.214
986,123,255,1440.232,251.297
987,48,255,156.042,252.729
988,49,255,258.092,252.214
989,32,255,402.938,250.219
990,75,255,608.740,253.260
991,88,255,853.341,252.670
992,68,255,863.603,252.235
993,58,255,935.741,251.707
994,44,255,1483.182,250.273
995,43,255,760.384,252.151
996,106,255,971.151,253.566
997,41,255,1035.793,251.744
998,147,255,1189.847,255.493
999,94,255,1511.787,252.191
1000,35,255,504.043,252.243
1001,78,255,538.462,254.333
1002,51,255,1046.735,253.265
1003,62,255,1243.887,252.210
1004,133,255,1383.575,255.455
1005,51,255,348.598,254.363
1006,77,255,888.981,255.630
1007,61,255,1023.254,254.844
1008,94,255,1205.904,255.904
1009,51,255,264.735,255.657
1010,72,255,435.903,256.639
1011,52,255,1087.788,254.673
1012,63,255,1166.802,254.738
1013,58,255,1231.293,254.500
1014,71,255,1371.176,255.134
1015,205,255,1494.715,260.100
1016,77,255,5.006,257.955
1017,52,255,91.500,256.596
1018,44,255,427.705,255.864
1019,62,255,956.097,256.145
1020,84,255,120.679,259.524
1021,115,255,280.430,259.378
1022,136,255,389.676,258.794
1023,69,255,451.355,258.268
1024,88,255,619.307,258.807
1025,96,255,649.448,258.281
1026,70,255,715.400,257.557
1027,74,255,749.554,258.068
1028,144,255,794.681,258.604
1029,39,255,1123.090,257.936
1030,54,255,1145.204,256.963
1031,109,255,1572.087,259.032
1032,31,255,100.371,257.435
1033,44,255,333.614,258.205
1034,60,255,372.017,258.283
1035,53,255,404.179,258.972
1036,58,255,1055.862,259.931
1037,111,255,1351.923,259.626
1038,165,255,1402.458,261.833
1039,34,255,186.235,258.353
1040,53,255,357.858,259.840
1041,71,255,508.486,259.866
1042,26,255,691.231,257.654
1043,134,255,919.828,260.910
1044,66,255,1174.727,261.000
1045,100,255,1268.660,259.250
1046,144,255,899.632,263.319
1047,66,255,1005.379,262.530
1048,34,255,26.412,260.500
1049,32,255,167.344,259.875
1050,80,255,814.625,262.738
1051,59,255,111.686,262.517
1052,49,255,175.724,262.684
1053,74,255,209.459,263.108
1054,64,255,496.375,262.891
1055,34,255,1152.441,261.353
1056,118,255,1595.619,264.805
1057,45,255,12.722,264.078
1058,54,255,298.111,263.370
1059,75,255,532.473,264.820
1060,136,255,986.985,266.272
1061,54,255,1130.056,266.093
1062,116,255,1423.810,263.474
1063,90,255,151.133,265.744
1064,39,255,486.731,263.269
1065,161,255,590.823,269.326
1066,71,255,630.725,265.261
1067,22,255,182.182,264.227
1068,76,255,683.539,266.553
1069,115,255,700.370,267.343
1070,75,255,873.900,265.753
1071,95,255,1293.711,265.416
1072,67,255,519.231,267.261
1073,66,255,720.909,267.303
1074,66,255,1235.030,266.348
1075,74,255,1334.230,266.176
1076,81,255,1564.451,267.278
1077,61,255,45.566,266.795
1078,86,255,192.686,269.209
1079,74,255,223.784,268.122
1080,69,255,340.312,268.993
1081,69,255,353.486,269.109
1082,35,255,961.871,265.929
1083,118,255,1316.322,270.288
1084,189,255,1450.632,269.246
1085,97,255,1521.438,268.005
1086,64,255,1544.094,267.016
1087,51,255,101.206,268.775
1088,44,255,235.477,268.068
1089,47,255,470.223,268.181
1090,46,255,736.522,267.804
1091,41,255,843.354,267.012
1092,34,255,969.059,267.559
1093,31,255,164.081,267.952
1094,77,255,441.721,270.019
1095,99,255,558.348,270.520
1096,100,255,884.280,271.480
1097,83,255,1077.223,269.500
1098,69,255,1099.877,270.297
1099,36,255,1109.472,268.528
1100,31,255,1386.403,267.435
1101,58,255,58.259,271.241
1102,43,255,1021.081,269.709
1103,76,255,1066.855,271.592
1104,65,255,1272.285,270.946
1105,29,255,34.052,270.086
1106,31,255,68.274,271.694
1107,69,255,275.196,271.819
1108,27,255,427.204,270.056
1109,72,255,571.625,272.111
1110,43,255,1043.244,270.314
1111,64,255,1163.516,270.672
1112,57,255,1188.184,270.360
1113,173,255,1470.743,272.413
1114,36,255,74.750,271.750
1115,56,255,497.875,272.696
1116,65,255,118.731,273.085
1117,106,255,477.575,277.491
1118,61,255,851.516,273.861
1119,53,255,1302.066,272.236
1120,82,255,154.707,276.146
1121,85,255,324.500,274.441
1122,62,255,464.000,275.000
1123,108,255,608.759,276.278
1124,86,255,657.000,274.942
1125,160,255,790.319,278.238
1126,81,255,951.636,274.216
1127,58,255,1140.328,273.828
1128,42,255,19.905,274.738
1129,63,255,712.103,276.310
1130,31,255,1357.468,274.887
1131,75,255,1366.913,275.633
1132,46,255,486.326,276.957
1133,128,255,1240.508,278.820
1134,81,255,1257.438,276.623
1135,115,255,1330.500,276.796
1136,64,255,8.828,278.000
1137,95,255,377.016,279.205
1138,41,255,522.866,276.915
1139,64,255,827.531,278.109
1140,142,255,922.810,278.042
1141,51,255,1172.127,277.225
1142,48,255,28.875,281.125
1143,34,255,1383.059,277.794
1144,32,255,757.250,278.062
1145,140,255,1403.436,281.243
1146,24,255,1487.792,277.500
1147,106,255,78.321,284.311
1148,52,255,142.212,279.981
1149,76,255,416.263,282.987
1150,81,255,840.735,281.241
1151,38,255,902.711,278.763
1152,52,255,1129.865,280.019
1153,73,255,1206.322,280.267
1154,116,255,1438.957,282.871
1155,110,255,1584.645,281.582
1156,112,255,42.848,282.670
1157,64,255,98.328,282.625
1158,118,255,218.559,283.398
1159,47,255,256.543,280.926
1160,78,255,333.821,283.654
1161,70,255,405.114,282.743
1162,90,255,768.644,282.433
1163,78,255,865.346,281.731
1164,106,255,1191.028,281.774
1165,62,255,269.274,282.758
1166,55,255,303.645,282.245
1167,180,255,888.311,289.839
1168,50,255,1144.500,280.920
1169,57,255,1303.202,282.026
1170,140,255,1511.250,284.057
1171,71,255,106.303,285.106
1172,74,255,125.811,284.135
1173,54,255,388.130,283.981
1174,67,255,457.142,284.291
1175,73,255,691.911,284.089
1176,89,255,818.320,285.073
1177,74,255,994.622,283.757
1178,74,255,1267.784,283.149
1179,47,255,1353.606,283.053
1180,56,255,643.536,284.232
1181,78,255,1018.654,285.910
1182,67,255,1156.187,285.381
1183,122,255,1295.885,288.811
1184,58,255,201.897,284.672
1185,61,255,515.746,285.926
1186,58,255,673.000,285.155
1187,96,255,738.365,287.375
1188,100,255,941.260,286.690
1189,59,255,960.839,285.636
1190,29,255,1477.259,283.397
1191,96,255,184.260,287.740
1192,61,255,430.877,286.811
1193,104,255,618.500,288.385
1194,31,255,749.565,285.210
1195,98,255,901.173,289.102
1196,70,255,1171.243,285.943
1197,102,255,1547.745,288.353
1198,73,255,294.062,288.089
1199,87,255,321.351,287.810
1200,46,255,485.848,287.478
1201,79,255,503.829,288.500
1202,67,255,1040.336,286.903
1203,28,255,1137.964,286.214
1204,62,255,1222.145,286.790
1205,33,255,1469.015,286.227
1206,93,255,1561.737,288.446
1207,67,255,279.306,289.112
1208,73,255,345.089,288.171
1209,107,255,360.481,292.285
1210,54,255,971.667,288.296
1211,31,255,2.274,288.339
1212,35,255,116.500,289.214
1213,76,255,539.421,289.908
1214,135,255,682.174,295.641
1215,72,255,1052.417,290.278
1216,60,255,1082.250,289.100
1217,41,255,309.329,290.646
1218,48,255,656.521,290.500
1219,63,255,147.278,293.167
1220,25,255,261.220,290.420
1221,100,255,578.590,292.580
1222,60,255,607.383,291.617
1223,71,255,805.458,292.373
1224,111,255,1109.059,292.149
1225,93,255,1363.995,291.941
1226,134,255,1420.261,293.157
1227,55,255,38.864,291.918
1228,39,255,252.038,291.269
1229,95,255,373.405,294.216
1230,37,255,711.284,290.959
1231,23,255,752.891,291.804
1232,54,255,986.611,291.944
1233,60,255,1002.450,292.783
1234,47,255,1093.351,292.245
1235,110,255,1397.045,292.618
1236,115,255,1487.213,294.013
1237,69,255,1525.022,292.355
1238,85,255,1583.829,292.476
1239,170,255,849.806,298.365
1240,95,255,1232.553,293.858
1241,93,255,1314.984,293.102
1242,56,255,1377.429,292.732
1243,60,255,191.567,294.250
1244,60,255,639.133,294.667
1245,72,255,876.056,295.708
1246,62,255,1064.855,294.113
1247,81,255,170.451,297.698
1248,64,255,495.359,296.562
1249,92,255,667.272,297.022
1250,23,255,692.413,293.935
1251,48,255,1259.083,294.125
1252,57,255,27.219,296.640
1253,71,255,137.317,296.965
1254,52,255,519.904,296.365
1255,39,255,828.141,296.090
1256,33,255,1028.227,294.348
1257,46,255,1144.870,294.522
1258,48,255,1250.562,296.167
1259,120,255,1456.350,299.233
1260,103,255,55.481,300.500
1261,64,255,415.812,297.734
1262,100,255,457.160,299.680
1263,84,255,770.048,298.810
1264,154,255,1430.435,301.877
1265,70,255,1473.729,297.700
1266,151,255,77.182,300.646
1267,52,255,1036.538,299.058
1268,67,255,1352.276,297.754
1269,68,255,1553.191,298.397
1270,40,255,9.800,299.225
1271,60,255,264.067,300.250
1272,62,255,317.097,299.387
1273,51,255,528.186,299.716
1274,56,255,556.786,299.000
1275,55,255,965.191,299.191
1276,97,255,1158.778,299.871
1277,163,255,1284.469,301.279
1278,62,255,117.065,299.742
1279,32,255,332.875,299.656
1280,57,255,384.167,301.167
1281,46,255,570.543,301.022
1282,86,255,715.605,300.593
1283,54,255,921.963,299.870
1284,71,255,1070.261,301.246
1285,98,255,158.051,302.296
1286,58,255,207.931,301.500
1287,81,255,297.833,302.438
1288,50,255,347.980,302.500
1289,79,255,757.677,303.538
1290,106,255,1022.623,304.349
1291,90,255,1518.944,302.411
1292,66,255,179.682,303.030
1293,78,255,442.000,303.321
1294,55,255,482.809,302.282
1295,58,255,503.397,303.259
1296,68,255,987.221,302.529
1297,97,255,1047.077,303.644
1298,50,255,1095.840,301.500
1299,100,255,1577.880,304.010
1300,66,255,1597.939,306.773
1301,118,255,19.102,307.331
1302,88,255,216.682,307.318
1303,42,255,273.595,303.238
1304,73,255,341.185,305.596
1305,69,255,744.341,303.384
1306,76,255,833.658,304.355
1307,67,255,909.918,303.724
1308,89,255,1125.927,304.702
1309,28,255,1134.679,302.607
1310,78,255,1208.551,304.308
1311,39,255,1217.141,301.654
1312,96,255,1504.052,305.990
1313,74,255,252.108,306.405
1314,67,255,533.828,306.231
1315,54,255,609.944,303.704
1316,44,255,733.977,304.841
1317,52,255,1175.942,304.115
1318,23,255,1530.543,303.196
1319,55,255,868.645,306.300
1320,85,255,1311.794,304.559
1321,141,255,1373.564,306.947
1322,92,255,1392.533,306.000
1323,118,255,101.695,309.339
1324,30,255,396.000,305.500
1325,66,255,780.273,306.879
1326,35,255,1184.643,305.300
1327,21,255,1271.262,305.262
1328,82,255,1564.134,306.451
1329,62,255,376.790,308.274
1330,49,255,650.378,306.806
1331,62,255,811.371,308.258
1332,48,255,887.167,306.604
1333,50,255,958.960,307.380
1334,96,255,115.188,311.031
1335,67,255,307.231,309.276
1336,48,255,326.875,308.125
1337,59,255,429.398,309.161
1338,95,255,589.805,308.900
1339,119,255,797.626,309.752
1340,39,255,859.551,307.782
1341,82,255,935.524,309.268
1342,156,255,1254.147,310.122
1343,79,255,1356.715,308.057
1344,30,255,1470.200,306.600
1345,100,255,228.610,311.470
1346,51,255,32.559,309.696
1347,74,255,418.068,313.432
1348,77,255,471.539,312.019
1349,22,255,492.409,308.591
1350,48,255,952.104,311.250
1351,52,255,1095.885,309.385
1352,90,255,1326.122,311.667
1353,79,255,555.424,312.930
1354,36,255,602.944,311.000
1355,93,255,284.500,314.435
1356,63,255,544.214,313.183
1357,37,255,565.203,311.959
1358,76,255,621.605,313.105
1359,81,255,644.574,313.759
1360,57,255,1105.412,312.500
1361,58,255,1117.190,311.966
1362,31,255,59.597,311.371
1363,21,255,486.500,311.881
1364,69,255,658.993,315.007
1365,66,255,898.500,312.924
1366,22,255,923.000,312.000
1367,51,255,1238.441,313.500
1368,29,255,166.603,312.983
1369,94,255,190.904,315.617
1370,25,255,1086.380,313.180
1371,168,255,1143.893,318.244
1372,186,255,1543.140,320.435
1373,47,255,11.628,316.755
1374,48,255,135.312,315.521
1375,82,255,148.878,318.415
1376,81,255,359.414,317.080
1377,73,255,442.377,315.774
1378,78,255,716.000,315.885
1379,59,255,1030.127,316.212
1380,104,255,1186.173,317.308
1381,137,255,1220.974,317.449
1382,21,255,1270.643,313.643
1383,72,255,336.250,317.972
1384,64,255,830.922,316.828
1385,50,255,910.920,315.800
1386,79,255,1527.171,316.778
1387,28,255,3.071,317.643
1388,84,255,81.071,318.095
1389,106,255,610.500,318.462
1390,74,255,766.595,317.230
1391,86,255,979.047,317.640
1392,55,255,1063.609,318.136
1393,35,255,1074.071,315.643
1394,45,255,1313.100,316.544
1395,87,255,1357.466,317.638
1396,80,255,511.038,319.587
1397,46,255,573.348,318.065
1398,34,255,1046.059,317.588
1399,51,255,1397.461,317.343
1400,109,255,1468.096,318.757
1401,22,255,49.545,317.773
1402,127,255,698.106,321.075
1403,25,255,1012.900,318.100
1404,20,255,1171.250,317.550
1405,52,255,257.500,320.115
1406,64,255,295.391,320.797
1407,86,255,1386.860,320.767
1408,129,255,62.554,323.810
1409,66,255,406.045,321.682
1410,64,255,594.250,322.391
1411,98,255,684.735,323.582
1412,104,255,933.298,322.663
1413,105,255,1491.376,321.614
1414,71,255,1574.289,321.176
1415,69,255,138.804,324.601
1416,107,255,449.528,325.986
1417,102,255,637.706,324.186
1418,89,255,872.669,323.904
1419,64,255,127.438,324.188
1420,131,255,170.027,324.782
1421,124,255,395.653,326.379
1422,144,255,488.243,326.910
1423,113,255,822.173,326.836
1424,68,255,919.500,323.838
1425,72,255,961.972,324.861
1426,95,255,1420.500,324.458
1427,84,255,459.810,326.298
1428,70,255,670.486,325.086
1429,22,255,729.591,322.409
1430,77,255,1053.448,324.682
1431,39,255,1076.962,323.808
1432,90,255,115.033,327.444
1433,76,255,326.632,326.526
1434,57,255,421.412,325.605
1435,87,255,202.879,327.362
1436,92,255,380.217,328.543
1437,90,255,781.500,327.833
1438,86,255,1251.616,328.605
1439,64,255,1306.578,325.516
1440,41,255,266.720,327.695
1441,84,255,278.595,329.321
1442,42,255,539.167,327.262
1443,55,255,649.809,327.900
1444,49,255,1025.031,327.071
1445,91,255,1280.819,327.445
1446,60,255,93.333,327.733
1447,64,255,576.000,328.000
1448,83,255,718.500,328.548
1449,64,255,738.297,328.719
1450,82,255,801.220,329.183
1451,65,255,904.485,328.485
1452,20,255,1122.450,326.400
1453,107,255,18.678,331.304
1454,65,255,290.992,329.823
1455,65,255,1241.223,330.823
1456,35,255,1395.214,328.186
1457,70,255,182.829,331.357
1458,78,255,430.987,332.038
1459,71,255,622.739,331.007
1460,29,255,1015.224,329.397
1461,46,255,1113.804,330.826
1462,76,255,1356.539,329.158
1463,172,255,1523.076,333.169
1464,24,255,29.417,330.167
1465,107,255,47.724,334.883
1466,48,255,236.458,330.812
1467,66,255,259.379,334.076
1468,149,255,366.057,333.956
1469,90,255,1173.689,331.356
1470,104,255,1454.067,331.663
1471,58,255,244.586,333.741
1472,71,255,522.725,331.599
1473,57,255,1104.026,332.044
1474,139,255,1320.795,333.277
1475,110,255,1557.282,333.745
1476,67,255,509.739,334.619
1477,71,255,887.077,334.472
1478,58,255,984.017,333.638
1479,134,255,1067.045,337.366
1480,26,255,1091.346,331.885
1481,36,255,1225.361,332.222
1482,32,255,38.125,333.656
1483,126,255,608.698,335.849
1484,60,255,766.617,334.383
1485,149,255,1438.594,337.440
1486,74,255,78.500,336.000
1487,116,255,192.241,338.914
1488,40,255,532.925,335.450
1489,102,255,564.931,337.706
1490,75,255,748.047,336.553
1491,62,255,1005.855,335.581
1492,65,255,148.731,336.038
1493,95,255,342.479,336.984
1494,45,255,1199.878,335.567
1495,50,255,1262.980,335.120
1496,182,255,1377.824,339.115
1497,103,255,1417.947,336.277
1498,33,255,757.409,337.015
1499,67,255,865.157,337.590
1500,116,255,1030.060,339.483
1501,106,255,6.330,341.009
1502,48,255,422.917,337.792
1503,72,255,1147.819,338.514
1504,91,255,407.973,341.423
1505,54,255,495.037,340.370
1506,66,255,836.515,339.697
1507,88,255,979.852,341.148
1508,30,255,1121.767,338.000
1509,72,255,1213.097,340.542
1510,89,255,1228.927,340.174
1511,61,255,1306.516,340.025
1512,98,255,1399.827,339.459
1513,56,255,1488.125,337.964
1514,54,255,165.611,340.537
1515,37,255,176.878,340.365
1516,41,255,211.500,340.329
1517,40,255,312.675,340.050
1518,138,255,718.870,342.239
1519,61,255,733.549,341.205
1520,26,255,927.385,339.115
1521,37,255,958.203,339.365
1522,103,255,1350.869,340.985
1523,34,255,61.059,339.765
1524,51,255,104.422,341.245
1525,75,255,231.567,342.287
1526,36,255,385.194,340.500
1527,29,255,526.052,339.914
1528,79,255,902.538,341.222
1529,181,255,1503.682,345.312
1530,64,255,322.688,343.766
1531,77,255,789.916,342.487
1532,66,255,803.167,342.470
1533,55,255,918.391,341.591
1534,30,255,1175.867,340.900
1535,57,255,157.605,344.307
1536,85,255,947.124,344.924
1537,35,255,965.986,342.100
1538,66,255,1049.348,343.000
1539,50,255,1132.840,343.320
1540,86,255,1248.291,343.244
1541,77,255,1480.630,344.929
1542,96,255,1564.458,344.062
1543,22,255,33.409,342.409
1544,87,255,269.500,346.155
1545,48,255,304.167,345.042
1546,176,255,1329.108,348.591
1547,170,255,117.776,347.118
1548,70,255,144.614,345.629
1549,102,255,283.667,347.490
1550,23,255,512.891,344.109
1551,72,255,997.736,345.847
1552,59,255,1262.958,345.178
1553,164,255,1545.317,347.774
1554,39,255,246.654,345.500
1555,48,255,295.083,346.646
1556,156,255,648.891,346.994
1557,64,255,1290.906,346.047
1558,25,255,476.020,345.340
1559,104,255,1167.423,347.817
1560,33,255,1277.136,346.227
1561,32,255,315.844,347.531
1562,76,255,387.632,349.474
1563,55,255,549.009,348.427
1564,127,255,775.878,349.524
1565,53,255,843.575,348.028
1566,51,255,934.127,347.618
1567,107,255,1098.229,350.042
1568,94,255,1186.064,349.372
1569,148,255,1523.973,350.014
1570,103,255,455.675,351.034
1571,62,255,826.435,350.387
1572,70,255,854.343,349.286
1573,33,255,16.864,348.985
1574,66,255,72.348,350.833
1575,60,255,341.600,350.667
1576,66,255,578.091,351.197
1577,68,255,612.206,351.426
1578,65,255,666.346,350.746
1579,53,255,696.745,349.858
1580,76,255,884.592,350.434
1581,77,255,1013.968,351.409
1582,148,255,1351.885,353.993
1583,86,255,1367.849,350.081
1584,45,255,211.567,350.722
1585,42,255,224.405,350.476
1586,119,255,808.298,354.592
1587,24,255,915.708,349.917
1588,115,255,1436.848,352.039
1589,120,255,1464.850,352.058
1590,152,255,1589.849,354.079
1591,87,255,359.626,353.730
1592,38,255,982.474,351.474
1593,39,255,1125.115,350.551
1594,119,255,1208.903,354.021
1595,44,255,1250.432,352.205
1596,32,255,331.031,352.812
1597,77,255,819.136,356.539
1598,172,255,971.948,358.773
1599,117,255,1398.739,354.064
1600,83,255,27.343,355.536
1601,85,255,252.559,355.606
1602,59,255,481.127,354.653
1603,34,255,716.206,353.471
1604,128,255,1308.969,356.984
1605,82,255,132.585,357.793
1606,50,255,441.360,355.600
1607,57,255,529.360,355.886
1608,75,255,589.167,356.047
1609,42,255,1114.452,354.786
1610,139,255,1570.083,357.457
1611,78,255,94.833,358.077
1612,77,255,189.162,358.409
1613,44,255,909.955,356.273
1614,78,255,1157.795,355.974
1615,34,255,1241.647,355.559
1616,61,255,178.615,358.041
1617,64,255,428.609,357.172
1618,42,255,501.714,356.738
1619,23,255,629.196,356.239
1620,74,255,1026.757,357.122
1621,87,255,1275.546,359.224
1622,44,255,1453.727,356.591
1623,61,255,378.270,359.057
1624,89,255,417.354,360.781
1625,85,255,538.853,361.453
1626,101,255,676.025,358.916
1627,127,255,722.720,362.862
1628,102,255,761.696,360.882
1629,64,255,927.938,358.109
1630,80,255,999.575,359.175
1631,28,255,1288.179,356.500
1632,62,255,1420.839,357.677
1633,82,255,104.890,361.159
1634,90,255,222.622,359.733
1635,107,255,237.061,363.612
1636,121,255,299.285,364.814
1637,28,255,850.500,357.607
1638,52,255,955.673,359.962
1639,64,255,16.938,360.406
1640,95,255,63.879,362.058
1641,67,255,315.112,361.784
1642,61,255,509.238,361.811
1643,37,255,639.689,359.284
1644,95,255,1070.237,360.858
1645,196,255,1478.352,365.092
1646,61,255,151.893,362.385
1647,111,255,493.446,365.131
1648,58,255,560.345,361.603
1649,35,255,1129.243,360.729
1650,138,255,1176.239,362.877
1651,67,255,201.410,363.754
1652,60,255,288.433,363.533
1653,74,255,788.838,363.230
1654,94,255,896.181,362.426
1655,101,255,1055.193,364.183
1656,200,255,1225.575,369.565
1657,75,255,579.047,363.513
1658,46,255,648.587,362.891
1659,165,255,1519.882,366.106
1660,78,255,39.115,364.936
1661,26,255,114.615,363.731
1662,24,255,1136.708,363.750
1663,93,255,1288.091,364.876
1664,149,255,1556.802,368.191
1665,41,255,1.768,367.427
1666,38,255,86.079,365.158
1667,57,255,620.009,364.991
1668,47,255,1106.287,365.330
1669,48,255,1325.583,364.729
1670,110,255,1412.700,367.809
1671,43,255,443.012,365.733
1672,28,255,1079.571,365.536
1673,42,255,1257.714,365.548
1674,95,255,406.889,369.132
1675,58,255,637.534,367.259
1676,81,255,688.981,368.315
1677,41,255,840.500,366.500
1678,108,255,856.852,368.407
1679,53,255,906.613,367.274
1680,79,255,1196.437,368.133
1681,62,255,1431.161,366.871
1682,98,255,1544.898,369.551
1683,63,255,270.246,369.087
1684,69,255,354.428,369.442
1685,55,255,396.791,368.682
1686,89,255,453.489,371.758
1687,60,255,702.867,368.133
1688,143,255,1088.745,372.752
1689,117,255,1394.902,370.312
1690,44,255,22.000,369.500
1691,50,255,555.480,368.860
1692,53,255,663.142,369.406
1693,55,255,778.355,368.591
1694,108,255,870.139,372.185
1695,42,255,881.024,369.429
1696,26,255,1304.846,367.346
1697,66,255,1583.530,369.697
1698,55,255,185.864,368.609
1699,79,255,468.677,370.854
1700,66,255,614.000,371.091
1701,94,255,738.979,371.213
1702,155,255,929.932,373.332
1703,70,255,1123.871,369.814
1704,57,255,1442.237,369.658
1705,59,255,122.025,371.975
1706,44,255,223.455,370.682
1707,47,255,371.309,371.074
1708,57,255,653.500,371.693
1709,28,255,677.000,370.179
1710,194,255,1033.763,375.180
1711,58,255,1241.241,369.931
1712,55,255,76.664,372.700
1713,150,255,755.340,375.800
1714,43,255,1268.105,370.384
1715,77,255,1366.799,371.825
1716,46,255,233.783,372.978
1717,68,255,319.912,374.735
1718,50,255,527.920,373.640
1719,21,255,595.024,373.167
1720,25,255,1170.700,372.900
1721,63,255,26.738,375.611
1722,112,255,171.009,378.571
1723,96,255,383.729,377.646
1724,75,255,834.433,376.913
1725,61,255,964.975,375.057
1726,85,255,1316.618,374.982
1727,33,255,114.015,375.227
1728,101,255,267.916,379.252
1729,76,255,986.447,376.776
1730,43,255,1001.430,375.779
1731,60,255,1110.383,375.783
1732,79,255,1259.652,377.032
1733,43,255,162.407,377.360
1734,58,255,823.190,377.362
1735,48,255,1064.604,376.500
1736,31,255,1206.435,375.919
1737,70,255,1537.900,379.029
1738,42,255,41.095,378.143
1739,51,255,146.441,378.598
1740,67,255,363.336,379.157
1741,53,255,423.726,378.368
1742,49,255,603.969,378.582
1743,181,255,635.434,382.240
1744,93,255,588.403,381.468
1745,50,255,704.240,379.340
1746,62,255,777.984,379.177
1747,62,255,1147.887,378.548
1748,96,255,1348.062,379.490
1749,176,255,1495.767,384.176
1750,112,255,185.875,381.446
1751,63,255,671.833,380.357
1752,117,255,1383.534,381.697
1753,66,255,1405.000,380.045
1754,55,255,301.536,381.300
1755,100,255,717.080,382.760
1756,65,255,741.454,382.485
1757,87,255,879.592,381.902
1758,129,255,1279.864,382.733
1759,154,255,1572.948,383.662
1760,89,255,135.601,384.702
1761,67,255,292.754,383.142
1762,141,255,333.387,384.564
1763,82,255,394.671,384.366
1764,52,255,441.385,383.327
1765,141,255,567.387,383.457
1766,85,255,618.324,383.147
1767,60,255,659.417,382.667
1768,82,255,952.829,384.671
1769,126,255,1164.643,385.405
1770,31,255,1441.339,380.403
1771,90,255,1591.300,382.500
1772,29,255,7.948,382.017
1773,21,255,221.690,381.357
1774,66,255,253.364,384.121
1775,64,255,433.016,383.734
1776,66,255,492.394,384.591
1777,54,255,512.833,383.611
1778,60,255,531.450,383.133
1779,69,255,804.312,383.312
1780,104,255,908.731,383.827
1781,39,255,1307.423,382.679
1782,61,255,89.516,384.352
1783,42,255,961.714,384.048
1784,74,255,1205.432,384.959
1785,74,255,1513.176,384.689
1786,62,255,77.726,386.226
1787,86,255,408.419,385.756
1788,112,255,542.473,387.929
1789,137,255,694.551,388.201
1790,60,255,786.817,385.483
1791,70,255,1025.443,385.157
1792,53,255,1133.934,384.311
1793,90,255,1010.811,387.911
1794,61,255,1074.877,386.451
1795,44,255,1189.500,385.000
1796,117,255,1451.944,387.543
1797,82,255,54.512,387.720
1798,102,255,856.804,388.814
1799,74,255,941.662,388.743
1800,113,255,1064.040,389.093
1801,54,255,1098.333,387.056
1802,69,255,309.109,389.833
1803,48,255,519.375,388.500
1804,83,255,898.283,389.994
1805,30,255,1266.367,386.733
1806,89,255,1421.893,388.219
1807,118,255,347.686,390.805
1808,47,255,386.500,389.372
1809,55,255,813.045,389.500
1810,23,255,869.717,387.804
1811,75,255,995.527,390.140
1812,27,255,1232.056,387.130
1813,95,255,10.553,391.153
1814,32,255,46.500,390.531
1815,127,255,212.256,393.965
1816,37,255,502.203,389.230
1817,38,255,666.237,390.079
1818,108,255,838.361,392.500
1819,53,255,1089.217,391.009
1820,58,255,1253.155,389.414
1821,41,255,1295.695,388.622
1822,120,255,1381.758,392.325
1823,25,255,1527.300,388.380
1824,56,255,108.679,391.429
1825,123,255,262.850,393.760
1826,102,255,364.069,393.941
1827,43,255,466.477,390.826
1828,27,255,650.944,389.907
1829,106,255,1218.311,393.934
1830,60,255,34.133,392.917
1831,39,255,184.833,391.603
1832,100,255,1048.490,394.150
1833,68,255,1132.147,393.809
1834,110,255,1239.745,395.327
1835,166,255,1480.307,395.657
1836,141,255,89.025,395.812
1837,27,255,297.870,391.463
1838,109,255,592.959,393.913
1839,20,255,977.350,391.350
1840,90,255,1035.844,395.911
1841,127,255,1324.201,394.878
1842,72,255,1464.528,393.306
1843,139,255,156.313,398.291
1844,110,255,1119.664,396.836
1845,97,255,1337.046,395.531
1846,66,255,515.242,395.818
1847,59,255,563.195,394.754
1848,191,255,776.458,400.128
1849,92,255,134.109,397.957
1850,41,255,801.939,395.646
1851,61,255,821.303,396.549
1852,21,255,1511.548,395.119
1853,93,255,123.220,400.371
1854,42,255,194.286,397.714
1855,76,255,373.829,401.132
1856,36,255,984.000,397.083
1857,57,255,442.974,398.430
1858,107,255,461.939,402.182
1859,111,255,493.014,400.140
1860,56,255,705.696,399.607
1861,63,255,884.246,397.802
1862,68,255,932.706,399.132
1863,56,255,475.464,399.679
1864,130,255,755.169,400.992
1865,78,255,856.500,399.256
1866,55,255,1094.500,398.318
1867,123,255,28.451,403.175
1868,68,255,62.294,401.368
1869,42,255,72.667,401.476
1870,45,255,653.567,399.544
1871,52,255,791.519,399.558
1872,90,255,916.744,401.389
1873,69,255,1180.703,400.717
1874,88,255,1254.295,399.875
1875,28,255,1312.000,399.000
1876,112,255,1425.634,402.473
1877,123,255,1525.459,401.289
1878,39,255,178.987,401.090
1879,34,255,312.971,401.353
1880,89,255,535.725,403.084
1881,73,255,579.404,402.555
1882,100,255,872.410,406.120
1883,135,255,1554.774,402.485
1884,39,255,110.397,400.962
1885,81,255,403.414,403.574
1886,36,255,905.000,401.500
1887,120,255,44.433,405.817
1888,52,255,663.442,403.212
1889,49,255,993.133,403.010
1890,64,255,1201.328,402.469
1891,133,255,103.898,408.462
1892,35,255,250.957,404.271
1893,71,255,273.204,405.359
1894,82,255,291.500,406.524
1895,124,255,428.347,406.056
1896,65,255,1278.069,404.146
1897,68,255,1396.853,403.368
1898,100,255,1441.480,405.750
1899,62,255,450.645,406.516
1900,165,255,612.330,409.706
1901,87,255,1076.213,408.810
1902,65,255,549.392,406.423
1903,28,255,600.500,404.786
1904,31,255,714.210,405.048
1905,35,255,813.414,405.014
1906,68,255,962.441,406.662
1907,31,255,1192.403,405.694
1908,34,255,1304.500,405.235
1909,170,255,645.641,409.871
1910,48,255,845.729,407.833
1911,44,255,1041.250,406.955
1912,38,255,1147.868,405.632
1913,88,255,333.000,408.489
1914,47,255,803.415,408.543
1915,126,255,1375.905,410.087
1916,69,255,1563.051,408.630
1917,97,255,168.830,410.438
1918,58,255,201.655,409.741
1919,67,255,243.336,411.530
1920,60,255,525.517,409.467
1921,52,255,792.558,408.865
1922,97,255,1260.191,409.706
1923,77,255,1360.877,409.682
1924,92,255,1498.109,410.891
1925,39,255,495.705,410.115
1926,58,255,984.724,410.466
1927,63,255,1002.262,410.103
1928,105,255,254.176,416.614
1929,101,255,741.371,411.866
1930,55,255,949.409,410.609
1931,25,255,1245.900,409.460
1932,92,255,1310.043,413.141
1933,58,255,1349.086,411.879
1934,85,255,15.018,414.394
1935,91,255,854.093,414.632
1936,78,255,973.769,412.782
1937,50,255,1051.100,411.640
1938,156,255,1158.199,415.494
1939,108,255,1483.352,415.472
1940,147,255,1531.412,414.248
1941,50,255,572.480,413.420
1942,57,255,628.272,412.939
1943,77,255,671.474,413.435
1944,32,255,825.875,412.031
1945,55,255,907.500,412.318
1946,46,255,1301.304,414.326
1947,96,255,1580.594,413.979
1948,96,255,190.115,416.146
1949,101,255,279.777,418.658
1950,50,255,347.920,414.980
1951,153,255,888.095,416.997
1952,58,255,1026.586,414.276
1953,208,255,1281.447,417.957
1954,21,255,69.548,413.738
1955,36,255,339.111,414.333
1956,40,255,358.325,415.100
1957,74,255,388.635,416.203
1958,164,255,583.122,421.317
1959,62,255,720.339,415.355
1960,129,255,1201.601,417.841
1961,97,255,1219.129,415.077
1962,47,255,1341.351,415.585
1963,153,255,1453.990,417.611
1964,47,255,418.394,416.223
1965,80,255,758.025,417.288
1966,149,255,213.473,419.064
1967,61,255,237.762,418.057
1968,58,255,301.534,417.138
1969,44,255,437.568,417.477
1970,104,255,541.721,420.279
1971,51,255,817.049,416.873
1972,83,255,960.367,418.114
1973,66,255,1087.152,417.379
1974,132,255,320.553,420.114
1975,97,255,709.469,420.861
1976,46,255,1552.761,416.978
1977,62,255,81.677,420.613
1978,29,255,288.845,418.328
1979,78,255,560.769,419.115
1980,76,255,809.276,421.303
1981,106,255,1013.151,421.594
1982,54,255,1036.852,420.093
1983,114,255,1591.640,421.482
1984,68,255,520.250,420.338
1985,28,255,1.643,421.500
1986,107,255,144.005,423.126
1987,59,255,462.415,421.398
1988,65,255,596.962,420.946
1989,68,255,792.765,421.618
1990,57,255,1074.167,420.114
1991,70,255,1243.743,420.514
1992,108,255,1381.463,422.861
1993,148,255,1435.351,425.986
1994,108,255,1514.380,423.139
1995,99,255,471.944,424.773
1996,49,255,739.704,421.418
1997,24,255,1112.417,420.375
1998,50,255,1124.880,421.880
1999,92,255,1182.033,422.837
2000,69,255,1397.007,422.630
2001,60,255,1504.150,422.567
2002,47,255,484.883,422.862
2003,123,255,503.102,426.215
2004,32,255,766.938,422.844
2005,126,255,1360.500,425.675
2006,45,255,1471.544,422.900
2007,52,255,53.635,425.442
2008,59,255,312.178,428.381
2009,58,255,826.397,423.655
2010,107,255,869.481,425.444
2011,39,255,1026.577,422.833
2012,72,255,1222.708,423.333
2013,89,255,403.253,426.612
2014,104,255,619.250,426.510
2015,80,255,698.212,426.462
2016,61,255,936.352,423.975
2017,61,255,979.451,425.057
2018,65,255,1095.023,425.500
2019,86,255,1321.395,426.291
2020,62,255,93.758,427.016
2021,24,255,291.833,424.375
2022,28,255,358.107,424.571
2023,50,255,432.340,425.720
2024,83,255,445.584,427.608
2025,50,255,554.340,426.740
2026,142,255,119.282,429.430
2027,90,255,910.456,427.311
2028,26,255,1254.423,426.615
2029,72,255,1533.139,428.972
2030,65,255,14.054,429.038
2031,120,255,29.600,431.058
2032,20,255,163.050,426.400
2033,48,255,329.938,429.042
2034,54,255,413.519,428.167
2035,85,255,1139.782,428.959
2036,73,255,67.733,431.240
2037,50,255,132.820,429.720
2038,67,255,155.888,430.231
2039,147,255,650.554,431.582
2040,32,255,967.000,427.500
2041,90,255,1493.744,429.422
2042,43,255,1544.965,429.407
2043,85,255,1578.076,429.994
2044,90,255,187.389,430.833
2045,109,255,1105.940,432.803
2046,114,255,1294.202,431.342
2047,58,255,1566.690,430.155
2048,48,255,727.938,431.812
2049,45,255,737.833,430.478
2050,42,255,813.143,430.429
2051,59,255,889.703,430.551
2052,22,255,76.682,431.091
2053,83,255,301.199,433.500
2054,159,255,376.896,435.362
2055,42,255,423.905,431.905
2056,77,255,928.721,433.357
2057,26,255,1006.962,430.846
2058,44,255,143.205,433.114
2059,57,255,483.395,434.377
2060,105,255,691.424,435.462
2061,64,255,717.594,433.672
2062,82,255,759.866,433.244
2063,92,255,831.533,434.815
2064,77,255,995.188,433.357
2065,120,255,1258.167,435.225
2066,141,255,1457.103,433.727
2067,26,255,164.577,432.538
2068,106,255,225.547,435.547
2069,151,255,357.507,436.897
2070,106,255,531.500,436.377
2071,37,255,1025.446,433.878
2072,54,255,1185.222,433.944
2073,23,255,1307.500,432.674
2074,67,255,91.619,436.679
2075,31,255,206.726,433.435
2076,164,255,240.378,441.970
2077,48,255,266.792,435.188
2078,68,255,453.882,436.324
2079,75,255,784.673,435.140
2080,57,255,961.658,434.553
2081,21,255,1124.881,433.738
2082,35,255,275.929,435.071
2083,161,255,853.854,443.034
2084,28,255,875.107,434.286
2085,85,255,514.453,439.535
2086,48,255,1150.729,436.146
2087,83,255,1207.367,436.922
2088,68,255,1322.221,437.118
2089,81,255,606.130,439.179
2090,135,255,632.967,441.270
2091,31,255,750.823,437.113
2092,51,255,842.363,439.618
2093,38,255,913.158,436.895
2094,58,255,256.500,439.052
2095,64,255,470.453,439.547
2096,107,255,554.472,439.986
2097,61,255,1063.189,438.369
2098,33,255,5.561,439.833
2099,37,255,502.257,438.959
2100,28,255,810.429,438.357
2101,76,255,1046.553,439.868
2102,23,255,1222.413,438.196
2103,94,255,1337.309,441.745
2104,184,255,1523.864,443.592
2105,60,255,13.700,441.967
2106,64,255,58.312,442.984
2107,33,255,76.591,439.955
2108,68,255,340.235,442.176
2109,85,255,392.371,442.688
2110,96,255,803.396,446.417
2111,31,255,1136.371,440.597
2112,185,255,1430.538,445.954
2113,122,255,112.361,445.754
2114,128,255,328.156,446.047
2115,42,255,740.405,441.476
2116,63,255,890.246,441.357
2117,40,255,1119.075,441.150
2118,28,255,1502.786,440.393
2119,120,255,276.117,446.317
2120,129,255,427.213,444.764
2121,116,255,874.276,444.776
2122,21,255,1074.405,441.786
2123,129,255,1164.089,445.756
2124,38,255,1177.579,442.158
2125,27,255,1245.796,441.463
2126,60,255,761.583,443.883
2127,66,255,1094.545,444.303
2128,102,255,1404.775,444.873
2129,30,255,1496.000,442.900
2130,35,255,1545.443,443.871
2131,29,255,365.879,444.293
2132,90,255,969.767,445.756
2133,95,255,1033.753,445.932
2134,71,255,1184.106,447.331
2135,93,255,1302.995,445.962
2136,45,255,1555.056,444.367
2137,82,255,1590.744,446.000
2138,90,255,167.011,446.456
2139,75,255,210.713,447.300
2140,38,255,820.053,445.632
2141,56,255,904.714,445.625
2142,29,255,946.741,446.914
2143,62,255,1084.532,446.323
2144,66,255,225.318,447.955
2145,25,255,264.460,446.300
2146,119,255,667.609,449.273
2147,148,255,698.027,448.980
2148,48,255,731.104,446.958
2149,119,255,1232.197,448.349
2150,67,255,99.933,449.306
2151,114,255,402.649,449.921
2152,83,255,520.861,449.488
2153,77,255,776.019,448.916
2154,68,255,790.750,448.809
2155,141,255,1264.748,448.514
2156,57,255,1320.781,447.114
2157,53,255,47.708,449.745
2158,49,255,292.500,449.439
2159,54,255,319.759,449.648
2160,35,255,682.243,447.986
2161,83,255,924.681,450.789
2162,47,255,1064.670,447.904
2163,53,255,65.104,450.425
2164,59,255,600.585,450.127
2165,39,255,1382.064,448.577
2166,90,255,254.356,452.900
2167,66,255,487.303,451.561
2168,82,255,1506.976,450.683
2169,130,255,451.708,455.592
2170,53,255,466.160,451.726
2171,33,255,747.470,452.106
2172,58,255,1123.000,451.328
2173,30,255,1344.600,450.700
2174,35,255,1369.157,451.957
2175,112,255,134.393,456.214
2176,36,255,756.278,452.333
2177,100,255,911.570,454.160
2178,139,255,1284.586,455.896
2179,33,255,1449.773,452.136
2180,115,255,80.430,455.561
2181,70,255,341.600,455.329
2182,38,255,546.447,453.342
2183,89,255,953.309,455.500
2184,73,255,28.637,456.308
2185,58,255,151.793,456.155
2186,20,255,300.750,453.350
2187,60,255,534.100,455.883
2188,52,255,579.692,455.038
2189,72,255,610.431,456.444
2190,107,255,736.575,458.958
2191,62,255,1016.242,454.274
2192,103,255,1547.995,455.888
2193,46,255,189.587,455.652
2194,73,255,353.911,456.322
2195,68,255,475.956,457.574
2196,112,255,563.134,458.830
2197,111,255,586.815,459.518
2198,132,255,720.038,459.803
2199,31,255,1409.919,455.435
2200,51,255,1460.892,455.225
2201,81,255,1479.698,456.759
2202,61,255,286.598,458.303
2203,40,255,763.550,456.675
2204,101,255,814.946,458.589
2205,95,255,1080.026,457.468
2206,51,255,1134.225,456.853
2207,122,255,1190.492,458.377
2208,61,255,1222.566,456.697
2209,32,255,1250.156,456.188
2210,139,255,1308.637,458.083
2211,125,255,979.476,462.012
2212,20,255,996.200,456.250
2213,66,255,41.439,459.652
2214,187,255,169.473,463.227
2215,82,255,375.390,460.415
2216,24,255,392.250,457.958
2217,100,255,502.870,460.740
2218,68,255,1039.456,458.882
2219,89,255,94.646,461.556
2220,64,255,299.328,460.891
2221,35,255,386.243,459.529
2222,85,255,849.006,461.535
2223,57,255,867.851,459.553
2224,20,255,1435.100,459.450
2225,50,255,492.940,460.600
2226,50,255,543.520,460.560
2227,62,255,622.306,461.016
2228,35,255,1336.529,459.957
2229,20,255,1536.700,460.050
2230,79,255,1569.943,461.386
2231,53,255,64.953,462.009
2232,54,255,646.259,461.852
2233,36,255,1023.278,461.028
2234,39,255,1057.218,461.064
2235,45,255,1594.256,461.433
2236,53,255,123.028,463.274
2237,84,255,431.857,463.012
2238,55,255,634.645,462.736
2239,72,255,776.583,465.389
2240,52,255,787.596,462.404
2241,159,255,1268.318,465.412
2242,155,255,1446.255,467.061
2243,126,255,1489.579,469.024
2244,56,255,708.518,464.661
2245,45,255,1145.189,463.078
2246,85,255,1350.418,466.135
2247,85,255,1370.418,463.959
2248,115,255,1464.709,465.743
2249,78,255,52.000,466.500
2250,40,255,881.950,464.825
2251,65,255,23.300,467.131
2252,35,255,148.243,467.043
2253,38,255,416.211,465.895
2254,51,255,826.441,465.461
2255,71,255,994.937,466.570
2256,65,255,1122.115,465.792
2257,84,255,1411.429,466.250
2258,110,255,213.609,468.864
2259,39,255,758.449,466.218
2260,106,255,895.217,468.123
2261,46,255,923.935,466.370
2262,81,255,947.981,468.167
2263,161,255,965.357,470.767
2264,59,255,1036.381,466.636
2265,87,255,1108.132,468.063
2266,41,255,1385.305,466.207
2267,121,255,3.062,475.227
2268,38,255,75.026,468.263
2269,103,255,332.481,471.073
2270,69,255,394.601,468.399
2271,57,255,1175.061,467.746
2272,115,255,1293.735,470.552
2273,53,255,457.142,468.066
2274,37,255,474.446,468.635
2275,94,255,662.106,471.660
2276,61,255,1062.352,468.451
2277,33,255,1203.591,469.227
2278,163,255,1231.156,472.887
2279,57,255,1331.430,469.149
2280,27,255,1397.833,466.907
2281,60,255,13.800,470.133
2282,41,255,83.988,469.598
2283,57,255,235.868,470.921
2284,51,255,375.637,470.461
2285,67,255,679.739,469.799
2286,55,255,914.100,470.627
2287,113,255,1096.527,473.934
2288,73,255,1480.075,471.815
2289,79,255,1541.778,469.500
2290,46,255,1594.304,469.348
2291,105,255,116.271,472.700
2292,56,255,137.857,470.875
2293,98,255,275.112,471.551
2294,71,255,620.458,471.106
2295,58,255,932.190,471.776
2296,76,255,1022.618,470.934
2297,76,255,299.829,471.276
2298,64,255,320.250,472.516
2299,56,255,805.571,471.357
2300,71,255,871.063,473.993
2301,87,255,1048.891,473.282
2302,89,255,1211.275,473.433
2303,85,255,1430.912,472.853
2304,149,255,363.104,475.641
2305,22,255,423.773,471.227
2306,61,255,537.697,473.270
2307,66,255,1183.576,473.197
2308,98,255,1557.143,474.816
2309,127,255,1580.453,474.398
2310,80,255,158.613,475.575
2311,55,255,194.391,474.791
2312,48,255,263.604,474.521
2313,67,255,702.978,475.425
2314,83,255,1157.536,474.548
2315,21,255,430.357,473.310
2316,50,255,579.320,475.540
2317,75,255,673.713,477.033
2318,40,255,861.350,474.450
2319,39,255,1083.628,474.474
2320,94,255,1394.202,475.394
2321,140,255,341.864,479.214
2322,110,255,632.600,478.145
2323,87,255,651.052,478.603
2324,36,255,753.194,475.139
2325,24,255,1195.292,475.625
2326,84,255,1505.440,475.786
2327,25,255,515.700,475.860
2328,169,255,561.902,478.175
2329,38,255,690.921,476.842
2330,99,255,1317.540,478.975
2331,38,255,1597.474,477.105
2332,61,255,447.467,478.484
2333,51,255,522.833,478.520
2334,87,255,774.247,479.017
2335,30,255,783.700,477.033
2336,43,255,831.802,477.547
2337,62,255,1145.016,478.194
2338,114,255,41.947,482.965
2339,48,255,279.833,479.083
2340,68,255,411.088,479.912
2341,69,255,464.630,479.370
2342,33,255,476.288,477.561
2343,42,255,587.619,479.119
2344,131,255,739.706,481.011
2345,45,255,880.278,477.656
2346,117,255,999.038,480.825
2347,33,255,1548.682,480.045
2348,37,255,244.905,479.527
2349,23,255,681.761,478.891
2350,36,255,799.028,479.528
2351,117,255,912.064,482.329
2352,41,255,946.280,479.402
2353,50,255,1061.460,480.200
2354,45,255,1171.900,479.411
2355,69,255,1537.514,479.587
2356,60,255,141.417,481.400
2357,122,255,216.459,483.951
2358,57,255,715.728,481.325
2359,63,255,980.913,482.135
2360,84,255,1245.690,481.786
2361,101,255,1446.124,482.421
2362,105,255,1523.824,483.595
2363,44,255,72.432,482.523
2364,53,255,424.575,481.160
2365,101,255,504.064,483.213
2366,66,255,822.424,483.424
2367,63,255,849.071,482.690
2368,64,255,236.953,483.312
2369,74,255,599.054,483.797
2370,50,255,609.780,483.140
2371,51,255,1385.912,481.873
2372,74,255,401.919,485.405
2373,23,255,899.848,482.717
2374,75,255,1124.847,484.180
2375,52,255,1284.654,483.981
2376,58,255,967.983,484.328
2377,29,255,1297.086,485.397
2378,69,255,1567.051,484.964
2379,99,255,33.591,490.025
2380,27,255,430.426,485.759
2381,22,255,751.091,484.318
2382,102,255,892.941,491.088
2383,64,255,1507.594,486.250
2384,62,255,250.903,487.694
2385,56,255,269.125,487.625
2386,85,255,476.335,488.088
2387,41,255,489.744,486.500
2388,133,255,806.673,488.786
2389,68,255,1305.353,487.618
2390,53,255,1414.160,486.840
2391,65,255,461.177,488.008
2392,68,255,518.838,488.926
2393,33,255,766.045,487.500
2394,36,255,790.806,487.528
2395,147,255,929.636,490.915
2396,44,255,1097.136,487.341
2397,61,255,1140.844,488.041
2398,152,255,1337.171,490.776
2399,85,255,1374.076,488.124
2400,30,255,1401.200,486.533
2401,36,255,182.194,488.917
2402,87,255,376.534,489.776
2403,32,255,527.875,488.000
2404,26,255,553.154,487.769
2405,77,255,630.279,489.955
2406,84,255,696.500,489.667
2407,52,255,1110.865,488.173
2408,48,255,363.708,490.542
2409,57,255,707.956,491.447
2410,118,255,1190.229,492.203
2411,53,255,1229.066,489.047
2412,25,255,1459.540,488.260
2413,59,255,108.364,490.483
2414,43,255,308.081,490.849
2415,27,255,322.463,489.944
2416,52,255,440.212,490.981
2417,97,255,589.943,491.675
2418,43,255,1062.244,489.895
2419,101,255,1208.995,490.827
2420,102,255,63.078,491.618
2421,36,255,226.528,491.806
2422,24,255,342.167,490.375
2423,114,255,965.614,492.307
2424,61,255,1434.713,493.205
2425,109,255,1585.005,492.894
2426,51,255,89.422,492.520
2427,147,255,168.527,496.214
2428,51,255,736.422,492.500
2429,73,255,1035.034,493.185
2430,51,255,1052.833,492.696
2431,79,255,1076.449,492.703
2432,64,255,1167.656,493.328
2433,20,255,1251.050,491.350
2434,80,255,1565.600,492.925
2435,51,255,992.637,492.814
2436,120,255,1354.158,495.192
2437,46,255,1388.913,493.130
2438,44,255,145.159,494.727
2439,83,255,651.030,497.404
2440,148,255,750.277,499.264
2441,45,255,943.944,494.900
2442,58,255,1421.828,493.741
2443,68,255,79.603,497.397
2444,45,255,277.589,495.700
2445,151,255,401.116,498.308
2446,108,255,128.657,500.750
2447,148,255,292.439,500.081
2448,32,255,349.281,498.188
2449,57,255,493.254,496.307
2450,63,255,731.897,498.833
2451,97,255,1295.593,497.974
2452,97,255,1402.376,497.644
2453,79,255,1530.146,497.538
2454,29,255,808.810,496.948
2455,137,255,906.536,501.047
2456,108,255,1110.778,498.407
2457,40,255,415.800,499.575
2458,20,255,934.600,497.400
2459,64,255,1148.109,498.703
2460,132,255,1472.985,501.621
2461,38,255,316.184,500.711
2462,51,255,323.500,500.735
2463,44,255,432.045,500.523
2464,48,255,673.958,499.875
2465,186,255,774.360,501.591
2466,61,255,832.238,499.418
2467,50,255,98.060,501.700
2468,63,255,111.230,500.198
2469,78,255,138.205,503.295
2470,33,255,373.894,499.864
2471,39,255,453.218,499.705
2472,30,255,602.833,499.867
2473,69,255,1131.587,501.210
2474,38,255,1368.105,500.211
2475,55,255,1484.845,502.155
2476,67,255,28.276,503.231
2477,52,255,219.385,501.788
2478,20,255,360.250,500.250
2479,109,255,619.931,503.161
2480,86,255,660.558,503.663
2481,98,255,718.286,503.939
2482,39,255,1244.756,502.090
2483,43,255,1274.895,501.035
2484,113,255,1311.420,503.270
2485,143,255,1496.220,506.080
2486,37,255,1549.392,501.176
2487,94,255,236.255,505.000
2488,28,255,1229.143,501.857
2489,147,255,1561.235,506.153
2490,42,255,1589.167,502.143
2491,164,255,43.091,509.006
2492,65,255,344.623,505.454
2493,47,255,423.585,504.309
2494,47,255,503.287,503.734
2495,106,255,700.830,506.217
2496,67,255,859.172,504.231
2497,156,255,1090.160,505.455
2498,140,255,1164.600,506.564
2499,97,255,248.005,507.531
2500,42,255,274.452,504.214
2501,122,255,458.648,508.377
2502,61,255,516.074,505.320
2503,154,255,583.812,509.643
2504,62,255,959.177,505.016
2505,90,255,990.589,505.733
2506,156,255,1044.429,508.423
2507,87,255,1383.925,505.385
2508,99,255,1524.318,505.783
2509,21,255,354.548,504.214
2510,44,255,474.386,505.705
2511,65,255,1218.362,509.577
2512,43,255,62.756,507.314
2513,99,255,383.258,507.712
2514,35,255,524.700,506.814
2515,28,255,974.464,508.000
2516,46,255,1201.543,505.891
2517,66,255,1235.955,507.227
2518,67,255,1438.604,506.664
2519,65,255,873.854,507.946
2520,31,255,569.500,508.081
2521,101,255,792.381,508.936
2522,34,255,892.500,508.000
2523,89,255,1264.320,508.972
2524,56,255,1418.304,509.411
2525,59,255,89.059,511.229
2526,87,255,203.155,511.408
2527,87,255,847.305,512.776
2528,116,255,1292.000,510.888
2529,31,255,20.306,510.145
2530,74,255,534.824,511.770
2531,65,255,679.392,511.392
2532,22,255,805.909,509.318
2533,33,255,920.227,510.288
2534,57,255,1007.921,510.535
2535,118,255,1059.949,514.492
2536,153,255,1120.997,513.912
2537,58,255,1371.293,510.707
2538,136,255,1454.603,513.559
2539,59,255,1578.195,511.636
2540,21,255,397.643,510.024
2541,47,255,441.330,511.862
2542,38,255,1196.553,512.395
2543,83,255,321.488,513.910
2544,31,255,431.210,512.210
2545,61,255,520.615,514.025
2546,73,255,740.363,512.747
2547,81,255,818.932,513.179
2548,29,255,967.810,511.603
2549,26,255,1145.269,512.500
2550,61,255,1253.910,513.156
2551,151,255,148.288,517.553
2552,162,255,365.728,516.210
2553,45,255,508.633,514.433
2554,30,255,671.667,513.767
2555,148,255,1327.932,515.142
2556,50,255,1359.100,514.120
2557,48,255,1430.000,513.500
2558,87,255,1510.845,515.144
2559,87,255,1073.190,516.500
2560,123,255,74.191,518.053
2561,84,255,164.345,517.012
2562,50,255,389.020,515.760
2563,98,255,493.082,517.490
2564,91,255,638.247,517.588
2565,81,255,911.920,516.599
2566,36,255,1190.306,515.917
2567,84,255,12.310,518.214
2568,61,255,403.352,517.533
2569,112,255,559.134,520.402
2570,77,255,807.214,520.045
2571,96,255,886.917,519.271
2572,94,255,986.436,517.170
2573,105,255,1549.386,519.671
2574,40,255,1589.850,515.850
2575,54,255,184.222,516.870
2576,51,255,227.167,517.990
2577,101,255,572.153,520.450
2578,63,255,648.913,519.722
2579,49,255,943.643,517.235
2580,58,255,1237.431,517.103
2581,57,255,278.149,519.342
2582,53,255,415.896,518.349
2583,83,255,1032.151,520.163
2584,40,255,1274.825,518.225
2585,131,255,1473.508,520.782
2586,49,255,97.806,520.092
2587,60,255,465.350,520.533
2588,92,255,861.837,520.250
2589,26,255,876.346,518.615
2590,27,255,899.611,519.241
2591,104,255,1177.500,519.385
2592,84,255,52.869,522.952
2593,40,255,113.200,520.350
2594,84,255,286.690,524.464
2595,54,255,600.944,520.519
2596,21,255,1598.452,520.690
2597,106,255,262.406,522.415
2598,189,255,304.696,524.987
2599,57,255,706.640,523.044
2600,56,255,717.804,521.696
2601,66,255,749.955,523.773
2602,77,255,620.305,525.513
2603,41,255,762.207,521.598
2604,87,255,1040.983,526.730
2605,136,255,1394.765,524.949
2606,56,255,1018.125,524.179
2607,147,255,1140.793,527.765
2608,25,255,1151.900,523.020
2609,65,255,1213.515,523.392
2610,64,255,108.141,526.359
2611,119,255,217.324,528.643
2612,65,255,1290.685,524.300
2613,110,255,420.755,527.236
2614,95,255,490.889,528.184
2615,113,255,586.739,529.642
2616,37,255,656.743,525.932
2617,128,255,770.914,529.539
2618,121,255,929.872,528.169
2619,99,255,1083.793,526.995
2620,84,255,1576.976,527.548
2621,21,255,1585.214,524.690
2622,53,255,36.613,526.292
2623,84,255,438.024,527.738
2624,29,255,611.879,526.017
2625,35,255,967.271,525.871
2626,109,255,1518.628,527.729
2627,109,255,532.427,530.014
2628,50,255,826.000,528.420
2629,70,255,950.014,527.643
2630,110,255,1006.709,531.191
2631,67,255,1164.873,527.664
2632,102,255,1409.206,528.686
2633,85,255,1429.276,528.512
2634,34,255,1485.412,527.794
2635,62,255,1501.339,528.290
2636,47,255,169.926,528.564
2637,58,255,345.224,529.069
2638,26,255,896.462,528.538
2639,76,255,10.000,531.000
2640,42,255,240.929,529.333
2641,60,255,449.933,530.717
2642,105,255,691.881,533.443
2643,81,255,841.377,532.648
2644,63,255,978.421,529.976
2645,103,255,1240.976,530.286
2646,74,255,1273.905,530.405
2647,61,255,1377.270,530.730
2648,116,255,1453.750,532.690
2649,143,255,366.556,535.374
2650,54,255,388.889,530.796
2651,31,255,723.790,530.145
2652,58,255,1194.121,530.586
2653,78,255,1258.974,531.885
2654,28,255,1440.000,530.964
2655,45,255,1472.344,530.567
2656,42,255,1597.310,531.000
2657,24,255,379.542,530.792
2658,157,255,677.506,535.360
2659,71,255,1346.585,534.077
2660,146,255,227.411,539.185
2661,54,255,320.704,533.185
2662,67,255,336.590,534.351
2663,94,255,517.628,535.553
2664,21,255,202.595,533.310
2665,156,255,261.340,536.872
2666,70,255,567.814,532.700
2667,37,255,783.932,533.851
2668,98,255,901.153,537.602
2669,113,255,607.819,537.969
2670,32,255,661.281,534.281
2671,69,255,854.370,535.355
2672,140,255,917.129,537.564
2673,125,255,960.900,537.884
2674,78,255,1332.962,535.897
2675,50,255,27.200,534.560
2676,84,255,61.690,536.810
2677,96,255,123.604,537.719
2678,126,255,631.413,539.087
2679,89,255,1317.680,536.511
2680,85,255,1559.394,535.582
2681,91,255,242.005,539.027
2682,65,255,437.423,536.854
2683,50,255,488.260,536.660
2684,50,255,708.060,537.060
2685,52,255,791.077,537.404
2686,101,255,103.025,538.520
2687,44,255,728.818,537.659
2688,113,255,1115.677,541.128
2689,133,255,1506.876,540.102
2690,148,255,45.122,542.331
2691,144,255,155.660,542.826
2692,77,255,595.266,541.760
2693,120,255,823.133,540.908
2694,53,255,1131.462,538.557
2695,43,255,1190.081,538.477
2696,77,255,1202.071,539.357
2697,115,255,1358.370,541.317
2698,71,255,7.556,540.430
2699,33,255,113.258,540.561
2700,87,255,30.879,543.339
2701,81,255,142.228,541.895
2702,62,255,327.242,540.984
2703,77,255,462.357,541.071
2704,53,255,529.915,541.274
2705,29,255,540.017,539.879
2706,111,255,569.464,542.446
2707,67,255,741.216,540.769
2708,81,255,993.401,541.340
2709,101,255,17.975,545.995
2710,84,255,308.310,544.417
2711,55,255,386.955,541.700
2712,44,255,935.545,541.318
2713,66,255,296.561,543.409
2714,62,255,750.839,544.194
2715,77,255,858.396,544.071
2716,58,255,944.310,542.931
2717,41,255,1067.207,542.280
2718,65,255,1290.038,542.838
2719,67,255,1484.022,542.067
2720,127,255,83.020,544.177
2721,109,255,173.326,546.528
2722,56,255,553.964,544.589
2723,133,255,1164.086,546.944
2724,143,255,1262.521,545.472
2725,90,255,1447.578,545.300
2726,123,255,1530.045,544.370
2727,84,255,206.345,547.119
2728,48,255,696.792,545.250
2729,73,255,796.952,546.253
2730,72,255,807.097,546.306
2731,56,255,61.089,545.464
2732,58,255,661.259,547.259
2733,126,255,869.984,551.325
2734,67,255,1394.007,545.933
2735,48,255,277.583,546.354
2736,36,255,506.972,547.222
2737,143,255,1078.395,549.752
2738,65,255,1220.854,547.746
2739,70,255,1588.900,549.100
2740,30,255,407.967,547.700
2741,37,255,542.662,548.122
2742,100,255,1239.350,549.730
2743,37,255,427.041,549.878
2744,87,255,450.362,550.155
2745,79,255,780.411,549.158
2746,84,255,1007.690,549.488
2747,53,255,584.972,549.613
2748,107,255,896.986,551.743
2749,79,255,1038.437,550.323
2750,24,255,338.083,550.167
2751,73,255,358.623,552.555
2752,133,255,414.688,555.741
2753,113,255,649.721,553.350
2754,65,255,762.300,552.654
2755,53,255,967.330,551.708
2756,46,255,1515.674,551.130
2757,84,255,131.583,553.417
2758,50,255,346.120,552.380
2759,79,255,982.361,552.361
2760,126,255,1202.643,556.698
2761,64,255,1415.719,553.000
2762,33,255,100.318,552.530
2763,104,255,253.923,555.471
2764,63,255,328.913,556.325
2765,68,255,530.015,554.338
2766,49,255,687.663,554.541
2767,72,255,719.847,554.000
2768,97,255,106.521,557.088
2769,60,255,1020.417,555.200
2770,102,255,1112.588,556.549
2771,114,255,1176.886,555.123
2772,69,255,376.703,556.978
2773,69,255,673.109,557.862
2774,73,255,799.363,557.363
2775,48,255,1400.396,554.479
2776,21,255,1.786,556.643
2777,38,255,8.211,556.289
2778,57,255,50.868,557.307
2779,100,255,286.500,557.820
2780,34,255,564.235,555.412
2781,59,255,740.975,557.314
2782,110,255,927.282,558.282
2783,87,255,1427.707,558.661
2784,77,255,271.266,558.422
2785,53,255,397.387,557.726
2786,70,255,434.786,558.471
2787,77,255,481.773,558.188
2788,64,255,497.344,558.156
2789,111,255,607.815,560.599
2790,39,255,811.064,557.423
2791,83,255,835.211,559.054
2792,55,255,879.373,558.627
2793,75,255,1135.700,557.687
2794,74,255,1365.865,558.500
2795,169,255,1567.204,560.494
2796,68,255,704.544,559.368
2797,157,255,1444.908,561.385
2798,59,255,1541.975,557.568
2799,54,255,307.407,559.981
2800,136,255,625.221,561.801
2801,90,255,1034.867,561.900
2802,73,255,1089.336,560.582
2803,120,255,34.600,563.825
2804,111,255,905.752,563.014
2805,32,255,1249.969,560.344
2806,96,255,1304.781,561.000
2807,42,255,1583.119,560.190
2808,62,255,151.000,561.290
2809,70,255,218.443,563.671
2810,57,255,514.447,562.061
2811,69,255,963.833,561.790
2812,83,255,1499.596,562.572
2813,33,255,1510.833,561.318
2814,37,255,122.446,561.824
2815,125,255,194.196,567.340
2816,67,255,752.709,564.142
2817,41,255,845.085,562.988
2818,48,255,855.542,562.938
2819,76,255,1145.474,564.408
2820,80,255,1182.550,562.950
2821,155,255,1276.732,566.410
2822,50,255,179.560,563.620
2823,28,255,227.571,563.393
2824,47,255,350.777,563.713
2825,28,255,538.571,562.357
2826,58,255,660.362,564.517
2827,66,255,735.227,564.242
2828,84,255,5.702,566.167
2829,84,255,379.833,565.274
2830,69,255,548.428,566.007
2831,42,255,593.262,564.286
2832,57,255,690.991,566.079
2833,52,255,984.808,565.327
2834,89,255,1014.669,566.567
2835,48,255,992.521,566.042
2836,55,255,1479.173,566.300
2837,87,255,1533.466,567.983
2838,56,255,130.107,568.339
2839,70,255,942.371,567.543
2840,51,255,1004.265,567.402
2841,100,255,1057.740,568.000
2842,110,255,1106.409,569.055
2843,126,255,1319.317,569.548
2844,50,255,22.820,568.120
2845,51,255,95.382,567.676
2846,74,255,115.270,567.595
2847,61,255,812.156,567.566
2848,115,255,1369.900,571.204
2849,75,255,70.113,568.793
2850,56,255,84.946,569.821
2851,107,255,236.687,571.640
2852,94,255,425.777,569.713
2853,66,255,493.833,569.894
2854,38,255,527.079,567.868
2855,52,255,580.481,568.442
2856,48,255,825.208,568.292
2857,31,255,970.758,568.242
2858,64,255,1401.141,568.047
2859,35,255,479.986,569.014
2860,54,255,561.019,569.889
2861,24,255,601.542,568.500
2862,69,255,762.007,569.949
2863,73,255,928.925,570.801
2864,126,255,1163.048,572.119
2865,33,255,1388.803,569.500
2866,90,255,49.167,572.578
2867,50,255,516.500,571.920
2868,93,255,674.425,573.081
2869,99,255,1255.934,571.369
2870,47,255,206.372,572.202
2871,84,255,463.321,572.631
2872,88,255,785.125,573.318
2873,57,255,953.447,572.395
2874,58,255,1201.069,572.414
2875,85,255,1524.453,574.476
2876,83,255,309.151,573.765
2877,46,255,408.978,572.609
2878,53,255,1066.783,573.311
2879,137,255,1120.391,576.792
2880,30,255,1350.700,571.933
2881,75,255,251.900,574.767
2882,78,255,294.833,574.756
2883,56,255,343.571,573.196
2884,27,255,486.056,573.093
2885,46,255,1030.000,572.500
2886,104,255,1492.048,576.115
2887,74,255,1594.054,573.797
2888,121,255,266.657,577.169
2889,55,255,389.264,574.391
2890,25,255,506.900,573.540
2891,61,255,589.877,575.680
2892,92,255,651.641,575.554
2893,90,255,696.744,577.889
2894,80,255,799.500,576.750
2895,59,255,846.534,575.059
2896,25,255,905.900,573.540
2897,99,255,1217.025,577.601
2898,32,255,1480.844,574.156
2899,87,255,1571.638,574.397
2900,74,255,159.405,575.216
2901,117,255,731.568,579.107
2902,63,255,1042.389,576.484
2903,20,255,94.450,575.600
2904,121,255,361.202,578.773
2905,31,255,436.016,576.887
2906,72,255,1009.042,577.111
2907,72,255,1405.319,576.792
2908,66,255,1548.561,576.606
2909,23,255,218.152,576.891
2910,63,255,628.881,578.770
2911,81,255,871.241,578.722
2912,196,255,1093.888,583.378
2913,105,255,1301.300,579.986
2914,65,255,1382.100,577.931
2915,36,255,176.083,578.917
2916,34,255,378.971,578.353
2917,62,255,554.145,580.048
2918,33,255,568.712,577.682
2919,55,255,1229.645,578.627
2920,94,255,1470.277,580.362
2921,117,255,37.739,581.526
2922,123,255,712.622,582.915
2923,34,255,1344.529,580.265
2924,53,255,242.142,582.575
2925,101,255,409.401,582.757
2926,30,255,574.633,582.300
2927,63,255,897.881,582.262
2928,117,255,58.953,585.697
2929,79,255,110.791,584.222
2930,74,255,150.419,583.027
2931,42,255,169.952,582.833
2932,133,255,325.718,584.598
2933,60,255,389.717,583.083
2934,41,255,793.646,582.695
2935,74,255,1056.622,583.986
2936,132,255,505.682,586.894
2937,39,255,524.346,582.936
2938,140,255,747.057,587.471
2939,51,255,763.892,583.951
2940,74,255,970.486,586.189
2941,62,255,1448.355,584.677
2942,78,255,1561.269,584.423
2943,48,255,181.812,585.333
2944,56,255,443.679,584.000
2945,85,255,857.665,586.159
2946,83,255,952.271,585.910
2947,46,255,1204.022,584.435
2948,42,255,1288.857,584.548
2949,21,255,101.452,584.690
2950,58,255,228.259,586.276
2951,38,255,309.368,584.763
2952,141,255,343.840,588.372
2953,105,255,686.481,588.290
2954,81,255,921.969,586.722
2955,87,255,1134.443,586.994
2956,76,255,1239.763,586.092
2957,120,255,1432.258,587.317
2958,56,255,141.875,588.036
2959,96,255,274.198,589.625
2960,33,255,631.409,585.742
2961,38,255,770.579,586.579
2962,97,255,825.840,587.995
2963,52,255,1406.769,587.212
2964,92,255,1547.293,587.272
2965,57,255,1575.061,588.079
2966,65,255,194.546,591.146
2967,76,255,429.566,587.711
2968,58,255,984.638,588.259
2969,91,255,1161.181,588.610
2970,126,255,1177.913,593.103
2971,25,255,1196.340,588.140
2972,105,255,1337.471,588.624
2973,33,255,1499.591,588.288
2974,143,255,7.724,591.612
2975,122,255,476.893,591.410
2976,75,255,845.340,589.447
2977,26,255,995.692,588.115
2978,58,255,520.759,589.534
2979,50,255,556.940,590.240
2980,99,255,1027.753,591.207
2981,50,255,1264.200,589.380
2982,47,255,1510.840,590.287
2983,95,255,812.321,592.553
2984,48,255,293.646,591.083
2985,65,255,617.392,593.038
2986,45,255,721.833,591.811
2987,73,255,886.377,592.185
2988,48,255,1384.792,591.917
2989,54,255,1597.870,594.685
2990,85,255,123.441,595.359
2991,44,255,261.000,592.000
2992,57,255,702.289,593.009
2993,68,255,779.647,593.397
2994,40,255,1371.425,591.625
2995,84,255,598.548,594.595
2996,61,255,757.303,594.238
2997,78,255,48.474,594.564
2998,46,255,91.239,594.565
2999,35,255,659.614,593.586
3000,116,255,1068.698,597.810
3001,88,255,1137.625,595.011
3002,23,255,100.978,595.152
3003,25,255,110.620,594.700
3004,26,255,155.692,595.038
3005,168,255,362.315,599.298
3006,142,255,450.070,599.732
3007,68,255,732.176,596.779
3008,28,255,1055.000,594.714
3009,109,255,1099.592,597.280
3010,62,255,1324.371,596.468
3011,36,255,1392.361,595.028
3012,208,255,24.236,601.514
3013,66,255,398.212,598.788
3014,65,255,953.362,597.146
3015,104,255,1121.577,602.596
3016,60,255,1497.817,596.217
3017,109,255,132.647,601.335
3018,43,255,938.081,597.640
3019,57,255,434.763,599.360
3020,110,255,1437.709,600.945
3021,34,255,234.000,599.206
3022,77,255,1469.539,602.695
3023,82,255,160.817,601.024
3024,170,255,496.841,605.235
3025,82,255,536.780,601.768
3026,43,255,583.942,600.337
3027,100,255,664.920,603.240
3028,84,255,677.917,602.738
3029,69,255,1003.703,600.891
3030,32,255,1013.688,600.125
3031,82,255,1196.463,602.561
3032,154,255,1297.734,604.675
3033,43,255,1345.291,600.221
3034,104,255,1375.827,602.115
3035,35,255,108.786,601.357
3036,133,255,625.102,604.914
3037,39,255,923.449,602.167
3038,125,255,1277.228,603.916
3039,67,255,1511.724,601.560
3040,104,255,71.260,603.673
3041,20,255,275.400,601.450
3042,48,255,343.021,603.271
3043,134,255,384.493,606.403
3044,103,255,563.568,604.490
3045,90,255,253.167,605.756
3046,20,255,266.400,602.450
3047,79,255,523.449,604.589
3048,83,255,884.175,603.548
3049,71,255,1251.077,604.007
3050,59,255,224.686,605.703
3051,82,255,321.427,605.634
3052,189,255,606.548,607.421
3053,27,255,907.167,604.241
3054,69,255,1046.978,605.399
3055,44,255,1110.909,605.136
3056,133,255,1588.252,607.590
3057,92,255,412.739,606.522
3058,46,255,694.130,605.696
3059,56,255,1140.339,605.589
3060,98,255,1217.531,606.592
3061,33,255,306.773,606.045
3062,48,255,832.458,607.042
3063,97,255,865.314,607.418
3064,58,255,898.259,607.793
3065,75,255,936.620,606.927
3066,30,255,992.867,606.067
3067,57,255,1426.816,607.588
3068,36,255,1525.722,605.611
3069,73,255,83.404,610.158
3070,41,255,115.646,608.183
3071,123,255,1169.972,608.850
3072,69,255,1312.935,608.920
3073,51,255,97.480,608.676
3074,66,255,474.500,609.015
3075,57,255,181.570,610.114
3076,84,255,240.536,611.095
3077,60,255,727.117,610.150
3078,71,255,841.275,611.697
3079,52,255,914.019,610.404
3080,170,255,1265.241,613.382
3081,112,255,1400.348,612.750
3082,89,255,1414.882,610.815
3083,56,255,5.054,612.393
3084,36,255,170.889,610.833
3085,50,255,436.000,610.280
3086,67,255,951.664,611.410
3087,59,255,1200.856,612.449
3088,126,255,1235.921,613.238
3089,83,255,1462.958,610.693
3090,61,255,13.320,613.713
3091,60,255,334.533,613.567
3092,81,255,451.784,613.722
3093,99,255,480.591,615.682
3094,69,255,644.616,614.848
3095,110,255,805.600,614.827
3096,118,255,1038.195,615.305
3097,63,255,158.913,613.944
3098,56,255,533.554,613.357
3099,137,255,821.383,615.464
3100,91,255,1190.115,616.060
3101,102,255,1545.824,614.157
3102,72,255,1568.389,612.833
3103,145,255,290.983,615.741
3104,134,255,878.463,616.216
3105,102,255,1151.902,616.471
3106,38,255,257.500,614.105
3107,70,255,716.471,616.257
3108,97,255,1362.871,616.139
3109,105,255,1377.462,616.700
3110,57,255,1004.254,615.465
3111,142,255,1095.345,618.190
3112,42,255,1141.548,615.238
3113,63,255,1311.183,618.056
3114,62,255,1429.516,615.887
3115,24,255,73.375,616.417
3116,61,255,108.139,617.877
3117,83,255,204.717,618.970
3118,123,255,352.947,618.744
3119,90,255,769.644,618.567
3120,88,255,944.943,619.602
3121,49,255,990.806,616.582
3122,60,255,1325.767,617.000
3123,48,255,1490.000,616.688
3124,85,255,1516.829,618.618
3125,118,255,1530.525,618.932
3126,35,255,150.814,617.671
3127,77,255,570.630,619.032
3128,135,255,784.456,620.841
3129,65,255,904.085,619.054
3130,44,255,326.727,618.273
3131,123,255,589.492,623.183
3132,39,255,1108.603,619.038
3133,125,255,1286.100,621.748
3134,55,255,1503.264,618.409
3135,84,255,63.012,621.405
3136,32,255,927.438,619.156
3137,73,255,306.253,621.527
3138,61,255,387.746,621.156
3139,39,255,395.731,621.474
3140,26,255,403.692,620.115
3141,52,255,445.904,621.135
3142,43,255,496.686,619.919
3143,84,255,1026.679,622.429
3144,31,255,1388.919,620.597
3145,79,255,46.006,622.652
3146,115,255,98.535,623.178
3147,55,255,180.555,622.373
3148,62,255,191.306,621.903
3149,47,255,224.564,621.798
3150,109,255,432.766,623.115
3151,40,255,581.250,621.925
3152,75,255,916.233,623.007
3153,109,255,1569.243,623.656
3154,152,255,215.007,628.632
3155,122,255,271.041,625.492
3156,74,255,372.311,624.149
3157,54,255,511.889,624.056
3158,78,255,1000.115,623.615
3159,60,255,1126.500,622.850
3160,103,255,165.277,625.888
3161,56,255,234.768,624.732
3162,62,255,651.097,624.290
3163,43,255,1116.988,623.756
3164,106,255,554.330,627.198
3165,65,255,761.531,625.900
3166,89,255,974.567,626.309
3167,141,255,1407.840,627.181
3168,72,255,740.861,625.972
3169,78,255,1482.615,628.603
3170,64,255,138.141,628.422
3171,117,255,339.688,629.620
3172,57,255,501.377,626.395
3173,37,255,631.689,626.257
3174,47,255,987.181,626.479
3175,38,255,1077.632,626.132
3176,96,255,1227.427,629.833
3177,64,255,1490.781,628.141
3178,31,255,10.629,627.468
3179,28,255,29.214,627.607
3180,88,255,1437.716,629.784
3181,133,255,1592.019,631.192
3182,24,255,1.875,629.083
3183,29,255,19.914,628.259
3184,41,255,518.866,628.256
3185,74,255,810.311,630.149
3186,126,255,1236.389,633.048
3187,76,255,1556.776,630.263
3188,91,255,117.335,629.775
3189,60,255,793.000,630.500
3190,53,255,284.198,631.179
3191,112,255,1063.875,633.652
3192,82,255,1126.610,631.683
3193,74,255,1211.797,632.095
3194,90,255,1270.822,632.978
3195,63,255,1310.452,631.087
3196,44,255,250.318,631.773
3197,66,255,669.924,631.985
3198,125,255,728.316,635.532
3199,37,255,73.257,631.770
3200,55,255,412.445,632.900
3201,97,255,465.263,634.263
3202,43,255,570.314,633.337
3203,93,255,848.145,634.403
3204,81,255,886.080,633.920
3205,46,255,1296.217,632.000
3206,168,255,42.988,638.845
3207,105,255,196.614,637.024
3208,63,255,642.230,634.262
3209,82,255,862.878,634.378
3210,153,255,941.441,639.010
3211,83,255,1463.825,634.970
3212,95,255,60.921,637.016
3213,90,255,306.767,635.267
3214,58,255,624.414,635.172
3215,23,255,900.283,633.370
3216,91,255,1025.643,637.346
3217,55,255,1357.191,634.355
3218,91,255,11.379,638.357
3219,34,255,157.147,635.235
3220,46,255,324.065,636.217
3221,135,255,368.219,639.056
3222,123,255,665.524,641.126
3223,60,255,717.067,636.817
3224,65,255,1431.669,636.608
3225,42,255,168.810,636.952
3226,90,255,387.144,638.200
3227,123,255,490.671,639.118
3228,95,255,601.689,638.637
3229,43,255,1450.733,636.709
3230,40,255,98.475,637.375
3231,64,255,558.906,638.688
3232,62,255,770.516,638.516
3233,62,255,785.274,638.613
3234,127,255,1086.303,640.799
3235,118,255,1173.737,639.246
3236,130,255,1505.246,640.769
3237,66,255,1566.788,638.379
3238,62,255,72.500,639.177
3239,89,255,297.882,642.882
3240,31,255,832.403,637.726
3241,64,255,968.797,638.359
3242,61,255,233.811,639.762
3243,142,255,251.394,643.190
3244,75,255,753.340,640.620
3245,95,255,1263.247,642.100
3246,59,255,1320.178,640.331
3247,50,255,1345.360,639.740
3248,89,255,1372.365,640.129
3249,73,255,137.979,642.596
3250,47,255,276.372,640.713
3251,72,255,476.264,641.569
3252,50,255,500.860,641.240
3253,69,255,684.109,642.152
3254,72,255,89.764,643.361
3255,46,255,112.283,641.413
3256,66,255,537.909,642.667
3257,40,255,891.900,641.125
3258,113,255,1011.996,643.093
3259,103,255,1145.549,645.189
3260,35,255,1206.586,641.186
3261,89,255,1534.399,642.230
3262,42,255,955.619,643.310
3263,133,255,1120.252,646.515
3264,42,255,1249.071,642.500
3265,74,255,1331.932,644.041
3266,133,255,1040.523,647.207
3267,118,255,1443.102,647.263
3268,72,255,1557.819,645.431
3269,70,255,153.743,645.543
3270,52,255,409.904,645.154
3271,51,255,421.578,643.951
3272,57,255,588.465,645.096
3273,89,255,630.275,646.264
3274,125,255,1409.244,646.772
3275,74,255,1461.432,646.432
3276,134,255,1481.015,646.299
3277,36,255,1597.444,645.694
3278,51,255,211.833,646.637
3279,40,255,315.200,646.000
3280,64,255,326.594,645.922
3281,148,255,342.845,649.480
3282,111,255,706.563,647.329
3283,73,255,812.884,646.404
3284,125,255,1099.284,649.612
3285,70,255,1154.943,646.286
3286,31,255,1299.016,646.177
3287,31,255,1307.629,645.468
3288,57,255,101.675,647.009
3289,72,255,518.014,647.444
3290,51,255,618.775,647.539
3291,94,255,871.202,649.128
3292,78,255,167.423,649.346
3293,84,255,283.655,650.226
3294,47,255,433.479,647.202
3295,31,255,182.532,648.532
3296,65,255,836.300,649.685
3297,70,255,902.286,649.714
3298,48,255,1282.917,650.104
3299,54,255,1545.648,648.389
3300,69,255,20.022,650.935
3301,44,255,63.659,649.182
3302,95,255,780.974,651.911
3303,71,255,796.585,650.711
3304,107,255,968.341,651.089
3305,44,255,1388.864,650.818
3306,55,255,219.209,651.500
3307,119,255,390.996,653.332
3308,57,255,598.272,651.184
3309,29,255,931.155,649.776
3310,175,255,1243.351,654.409
3311,47,255,3.074,652.330
3312,68,255,480.221,652.368
3313,74,255,494.189,653.689
3314,120,255,557.975,654.267
3315,58,255,1207.414,653.069
3316,79,255,1226.462,653.627
3317,66,255,466.576,653.712
3318,84,255,680.583,654.464
3319,77,255,744.500,655.292
3320,66,255,1314.258,652.470
3321,38,255,269.947,653.658
3322,49,255,303.908,654.153
3323,67,255,766.157,653.858
3324,37,255,842.905,653.662
3325,82,255,1183.268,655.134
3326,54,255,1405.241,655.870
3327,40,255,56.075,655.150
3328,57,255,126.535,654.535
3329,51,255,509.990,656.539
3330,95,255,651.005,657.658
3331,53,255,1536.877,654.500
3332,119,255,210.357,660.055
3333,81,255,327.056,657.488
3334,46,255,521.130,655.370
3335,83,255,581.741,657.693
3336,53,255,925.764,655.670
3337,105,255,1194.481,659.414
3338,46,255,1292.370,656.304
3339,61,255,1360.500,655.926
3340,30,255,1394.967,654.967
3341,37,255,408.203,655.554
3342,105,255,423.605,657.652
3343,63,255,592.643,658.151
3344,34,255,1561.676,656.324
3345,24,255,830.917,657.625
3346,107,255,1139.547,660.276
3347,90,255,1582.489,658.267
3348,52,255,891.731,659.846
3349,152,255,989.553,663.138
3350,79,255,165.513,661.715
3351,56,255,445.607,659.768
3352,62,255,808.194,660.435
3353,139,255,913.076,662.119
3354,57,255,1019.412,660.096
3355,56,255,1384.839,660.500
3356,77,255,1485.786,659.643
3357,68,255,709.926,661.544
3358,57,255,752.342,661.623
3359,56,255,1082.054,660.679
3360,51,255,1374.461,661.441
3361,29,255,1449.603,660.948
3362,127,255,72.933,664.571
3363,50,255,122.200,662.620
3364,56,255,500.232,662.857
3365,61,255,720.500,663.107
3366,44,255,1095.750,661.364
3367,67,255,1346.963,662.052
3368,73,255,1420.034,661.623
3369,66,255,1473.121,662.136
3370,65,255,1551.669,661.762
3371,44,255,51.114,662.273
3372,49,255,180.827,664.031
3373,95,255,418.732,665.626
3374,56,255,472.464,662.911
3375,80,255,603.438,664.562
3376,50,255,880.720,663.700
3377,55,255,1333.573,662.700
3378,44,255,1364.409,663.159
3379,116,255,194.966,666.466
3380,53,255,1120.934,664.443
3381,67,255,1532.067,663.858
3382,60,255,1458.317,665.450
3383,135,255,264.100,668.641
3384,92,255,289.304,666.750
3385,60,255,678.767,666.567
3386,32,255,901.562,666.281
3387,81,255,1130.525,669.241
3388,76,255,1299.132,667.487
3389,120,255,548.108,670.267
3390,86,255,569.058,667.047
3391,60,255,869.817,668.000
3392,50,255,933.180,666.780
3393,91,255,820.687,669.071
3394,65,255,946.577,667.808
3395,33,255,1023.227,667.045
3396,34,255,1168.118,667.353
3397,20,255,1558.650,666.750
3398,52,255,98.269,669.692
3399,91,255,106.874,671.137
3400,87,255,242.040,669.454
3401,88,255,312.773,672.443
3402,53,255,363.632,669.179
3403,114,255,766.500,674.307
3404,49,255,776.949,668.357
3405,45,255,976.033,668.100
3406,103,255,1003.908,671.908
3407,108,255,1074.722,670.722
3408,29,255,1092.017,668.052
3409,51,255,1215.441,668.461
3410,101,255,1567.342,671.550
3411,69,255,5.601,671.152
3412,45,255,56.633,669.522
3413,62,255,89.710,669.935
3414,52,255,833.865,670.519
3415,89,255,852.129,670.713
3416,29,255,1112.052,668.914
3417,77,255,127.552,673.058
3418,76,255,1247.382,670.434
3419,67,255,1267.425,671.679
3420,161,255,1333.047,673.506
3421,63,255,1511.802,670.214
3422,68,255,152.765,672.926
3423,43,255,208.151,671.826
3424,31,255,219.500,671.887
3425,50,255,1100.620,672.000
3426,157,255,791.519,677.207
3427,116,255,1048.716,676.043
3428,109,255,1201.628,675.390
3429,131,255,1390.889,674.958
3430,53,255,1584.519,672.575
3431,33,255,437.379,673.348
3432,103,255,469.655,675.636
3433,103,255,650.199,676.675
3434,121,255,889.483,676.533
3435,66,255,1470.273,673.212
3436,40,255,187.075,674.075
3437,34,255,302.588,673.853
3438,83,255,357.729,676.994
3439,107,255,406.893,676.687
3440,48,255,634.167,675.104
3441,102,255,750.294,676.578
3442,28,255,801.857,674.036
3443,123,255,966.549,677.907
3444,115,255,1160.361,677.413
3445,144,255,1308.521,676.861
3446,72,255,1422.194,675.806
3447,60,255,1544.150,674.750
3448,71,255,17.782,676.007
3449,39,255,563.141,675.808
3450,70,255,625.157,678.314
3451,47,255,681.032,675.777
3452,60,255,269.950,677.883
3453,106,255,377.906,678.500
3454,64,255,725.500,677.188
3455,87,255,1104.592,679.925
3456,44,255,1260.682,677.000
3457,33,255,1280.712,676.136
3458,43,255,446.826,677.430
3459,47,255,689.691,677.564
3460,74,255,945.730,677.514
3461,64,255,1017.750,676.859
3462,34,255,1031.500,676.765
3463,118,255,1237.415,680.220
3464,49,255,580.071,678.541
3465,64,255,667.891,678.797
3466,44,255,834.705,678.841
3467,40,255,1289.850,677.950
3468,46,255,1532.283,678.978
3469,74,255,1588.919,679.662
3470,41,255,233.646,678.890
3471,155,255,392.558,683.661
3472,84,255,710.369,679.952
3473,41,255,1505.549,678.354
3474,148,255,55.061,683.601
3475,51,255,79.971,681.127
3476,130,255,490.500,685.115
3477,46,255,569.913,681.261
3478,123,255,1191.500,684.459
3479,109,255,1350.417,682.968
3480,28,255,432.464,681.250
3481,137,255,850.872,682.617
3482,96,255,1132.656,683.052
3483,127,255,251.996,685.862
3484,82,255,280.232,684.598
3485,63,255,295.944,683.198
3486,47,255,539.457,682.968
3487,45,255,820.167,682.456
3488,33,255,1061.561,682.197
3489,21,255,1143.548,681.310
3490,57,255,1552.939,682.956
3491,93,255,152.543,687.285
3492,68,255,212.735,686.059
3493,69,255,661.906,685.152
3494,104,255,803.106,686.923
3495,66,255,1075.606,684.606
3496,123,255,1490.850,685.272
3497,63,255,1521.262,684.183
3498,66,255,42.136,686.121
3499,85,255,163.124,687.559
3500,109,255,906.197,687.720
3501,40,255,1024.300,684.025
3502,32,255,1276.812,684.094
3503,83,255,372.620,686.946
3504,45,255,531.789,686.033
3505,93,255,637.984,687.489
3506,99,255,1542.177,688.015
3507,36,255,94.167,685.944
3508,99,255,331.025,688.136
3509,53,255,447.368,686.594
3510,156,255,600.365,690.853
3511,67,255,919.485,688.157
3512,38,255,1041.842,686.737
3513,94,255,1090.330,690.489
3514,187,255,1215.521,690.816
3515,68,255,522.338,689.426
3516,116,255,868.302,691.069
3517,85,255,1173.018,688.641
3518,106,255,1327.226,689.774
3519,41,255,1377.012,687.280
3520,99,255,1446.672,688.914
3521,62,255,5.597,689.274
3522,72,255,74.097,689.764
3523,31,255,225.242,690.016
3524,82,255,305.963,690.463
3525,41,255,715.280,688.354
3526,67,255,20.799,690.873
3527,82,255,138.915,689.671
3528,79,255,239.019,691.108
3529,113,255,414.951,693.270
3530,33,255,546.409,689.924
3531,118,255,621.771,691.254
3532,62,255,957.371,690.065
3533,55,255,1049.245,689.973
3534,85,255,1065.029,690.829
3535,38,255,458.132,690.184
3536,87,255,728.925,692.730
3537,60,255,833.167,690.950
3538,36,255,883.500,689.472
3539,62,255,1114.613,691.710
3540,140,255,1465.586,693.707
3541,110,255,113.691,693.091
3542,73,255,471.048,692.596
3543,71,255,1015.570,692.190
3544,108,255,1266.056,693.083
3545,122,255,95.590,695.639
3546,28,255,894.571,692.607
3547,88,255,1102.670,694.852
3548,145,255,1562.514,695.597
3549,78,255,287.679,694.410
3550,73,255,317.144,694.774
3551,101,255,509.054,695.639
3552,60,255,570.700,694.450
3553,30,255,649.200,692.733
3554,87,255,1140.259,694.615
3555,111,255,1582.968,696.707
3556,46,255,178.587,694.239
3557,131,255,581.546,700.905
3558,92,255,678.326,696.935
3559,25,255,1424.380,693.740
3560,44,255,775.750,695.091
3561,36,255,938.722,694.139
3562,99,255,1279.641,698.490
3563,75,255,357.193,697.340
3564,62,255,449.581,696.500
3565,89,255,856.152,698.882
3566,43,255,1153.337,696.221
3567,54,255,1349.574,695.796
3568,35,255,200.900,697.500
3569,74,255,542.041,699.324
3570,119,255,341.517,702.147
3571,51,255,823.520,698.775
3572,72,255,390.500,700.639
3573,69,255,758.775,700.413
3574,51,255,1238.049,699.520
3575,21,255,1249.452,698.310
3576,95,255,190.921,703.489
3577,62,255,371.097,701.613
3578,107,255,432.117,703.089
3579,95,255,1177.668,702.763
3580,94,255,1390.670,701.809
3581,67,255,397.993,704.933
3582,61,255,731.418,701.893
3583,69,255,775.703,702.543
3584,63,255,890.627,702.167
3585,100,255,1000.140,704.470
3586,91,255,1127.291,703.214
3587,103,255,1294.490,702.218
3588,57,255,1402.395,701.640
3589,121,255,1439.252,705.748
3590,70,255,1452.114,703.943
3591,78,255,33.346,703.846
3592,77,255,61.708,704.903
3593,129,255,473.376,706.074
3594,107,255,1204.855,704.509
3595,144,255,318.229,706.229
3596,122,255,648.738,705.033
3597,121,255,906.723,705.847
3598,103,255,962.150,705.995
3599,24,255,528.917,703.833
3600,66,255,709.773,705.667
3601,87,255,1015.040,707.615
3602,74,255,1043.230,706.743
3603,60,255,1064.217,704.700
3604,36,255,1187.889,704.111
3605,49,255,226.908,706.092
3606,91,255,815.115,707.885
3607,55,255,1231.482,706.373
3608,41,255,1490.500,705.744
3609,172,255,1533.913,708.762
3610,64,255,146.375,707.984
3611,77,255,869.019,707.097
3612,21,255,1096.262,705.643
3613,61,255,1139.467,707.238
3614,64,255,1252.531,708.297
3615,78,255,216.795,709.910
3616,119,255,416.088,710.105
3617,84,255,551.786,709.167
3618,103,255,801.859,710.772
3619,125,255,1217.652,711.308
3620,72,255,1596.389,709.722
3621,28,255,41.143,708.036
3622,68,255,132.397,710.368
3623,70,255,203.800,709.414
3624,90,255,845.089,710.511
3625,72,255,943.361,712.056
3626,32,255,990.969,708.312
3627,28,255,1244.143,708.107
3628,31,255,1420.500,707.500
3629,56,255,1553.036,707.964
3630,156,255,14.372,714.635
3631,99,255,108.490,709.753
3632,88,255,238.977,711.591
3633,77,255,293.760,710.461
3634,69,255,698.993,710.109
3635,39,255,752.936,709.500
3636,40,255,1263.575,709.125
3637,79,255,1344.753,710.146
3638,44,255,1470.068,709.227
3639,78,255,79.295,711.769
3640,79,255,604.108,711.715
3641,87,255,495.466,714.580
3642,64,255,504.031,713.500
3643,51,255,761.049,711.873
3644,49,255,1092.276,712.827
3645,117,255,1480.329,714.987
3646,124,255,56.790,716.177
3647,74,255,122.351,714.878
3648,71,255,780.613,713.754
3649,142,255,876.310,716.620
3650,49,255,1163.704,712.888
3651,84,255,168.048,714.786
3652,25,255,659.900,713.260
3653,82,255,745.000,717.110
3654,40,255,771.000,714.125
3655,23,255,935.500,712.674
3656,51,255,1060.304,713.676
3657,39,255,1120.962,712.731
3658,78,255,1399.013,714.692
3659,72,255,560.736,715.694
3660,42,255,1030.786,714.571
3661,44,255,1102.227,715.364
3662,41,255,1300.183,713.890
3663,67,255,1383.231,715.007
3664,66,255,251.652,717.227
3665,86,255,584.372,716.128
3666,169,255,1493.015,721.932
3667,32,255,275.000,716.000
3668,65,255,519.977,717.238
3669,137,255,671.697,719.814
3670,75,255,1352.793,716.620
3671,40,255,70.850,719.500
3672,90,255,108.467,720.333
3673,96,255,483.125,721.271
3674,57,255,988.044,719.640
3675,83,255,1283.030,719.633
3676,127,255,1440.587,722.579
3677,72,255,1464.972,719.167
3678,64,255,322.594,720.672
3679,92,255,914.000,721.359
3680,114,255,1309.140,721.079
3681,161,255,1371.568,725.978
3682,49,255,1557.602,718.990
3683,81,255,92.722,722.969
3684,58,255,428.069,722.034
3685,42,255,734.833,722.095
3686,77,255,811.071,721.006
3687,70,255,1508.986,721.043
3688,52,255,136.827,721.596
3689,91,255,151.060,723.588
3690,91,255,352.885,724.731
3691,50,255,376.500,722.120
3692,49,255,538.867,721.337
3693,87,255,756.787,723.937
3694,134,255,831.709,725.209
3695,46,255,1010.696,721.652
3696,87,255,37.523,724.339
3697,74,255,291.919,723.784
3698,89,255,525.792,725.590
3699,66,255,618.258,725.591
3700,72,255,647.556,723.653
3701,65,255,937.454,725.392
3702,50,255,957.340,722.120
3703,78,255,1143.923,725.090
3704,59,255,1257.483,723.076
3705,42,255,1386.238,722.571
3706,69,255,1545.486,723.688
3707,56,255,1596.411,723.339
3708,61,255,173.795,724.516
3709,136,255,395.860,725.574
3710,85,255,460.076,726.665
3711,107,255,850.023,725.266
3712,78,255,1024.808,724.513
3713,130,255,1407.723,725.492
3714,69,255,1449.964,725.616
3715,20,255,1581.550,722.600
3716,83,255,1121.114,725.211
3717,74,255,1156.892,725.378
3718,124,255,1516.782,728.508
3719,44,255,279.727,726.250
3720,122,255,440.525,728.107
3721,25,255,508.940,724.740
3722,53,255,584.311,725.670
3723,44,255,658.386,727.409
3724,55,255,1169.300,726.500
3725,165,255,1243.912,731.845
3726,120,255,1348.158,729.950
3727,126,255,1568.579,729.817
3728,88,255,129.670,730.898
3729,106,255,255.906,730.057
3730,64,255,380.719,729.812
3731,163,255,694.518,731.776
3732,126,255,724.119,731.294
3733,143,255,902.829,730.479
3734,37,255,1088.797,726.581
3735,68,255,1328.294,728.544
3736,57,255,45.465,730.447
3737,95,255,313.995,731.163
3738,70,255,359.814,730.543
3739,35,255,707.586,729.271
3740,31,255,962.694,728.210
3741,168,255,1273.702,733.470
3742,64,255,1068.562,730.375
3743,72,255,371.542,732.236
3744,45,255,749.344,731.033
3745,77,255,1053.435,732.149
3746,65,255,1228.669,731.177
3747,139,255,16.191,734.680
3748,53,255,230.500,732.066
3749,59,255,301.347,732.805
3750,85,255,568.935,733.112
3751,60,255,881.583,731.900
3752,21,255,1213.214,730.214
3753,60,255,1290.383,731.567
3754,43,255,96.849,733.337
3755,54,255,499.259,732.889
3756,72,255,769.625,732.736
3757,134,255,1423.067,735.433
3758,149,255,216.272,737.151
3759,44,255,841.909,734.227
3760,56,255,953.607,733.357
3761,81,255,1528.747,734.944
3762,54,255,238.037,737.333
3763,68,255,998.868,735.574
3764,142,255,1033.620,737.683
3765,67,255,1130.858,736.037
3766,140,255,626.000,738.536
3767,36,255,648.333,734.750
3768,55,255,1046.064,737.427
3769,28,255,1495.536,734.571
3770,70,255,583.386,737.171
3771,67,255,872.396,737.694
3772,72,255,1181.125,737.750
3773,172,255,1300.180,739.703
3774,60,255,1116.950,738.817
3775,65,255,349.377,739.469
3776,91,255,397.918,741.665
3777,78,255,414.282,739.628
3778,105,255,665.795,740.776
3779,68,255,736.588,740.206
3780,55,255,774.845,739.118
3781,107,255,811.079,740.425
3782,80,255,920.375,739.538
3783,38,255,1086.658,738.289
3784,149,255,1099.480,741.547
3785,58,255,1149.155,738.707
3786,48,255,1443.958,738.125
3787,78,255,435.462,740.705
3788,62,255,449.613,741.597
3789,45,255,595.722,739.256
3790,81,255,933.191,742.105
3791,32,255,1063.250,738.969
3792,112,255,173.875,742.152
3793,38,255,272.211,740.579
3794,87,255,604.190,742.236
3795,47,255,706.053,740.096
3796,101,255,1019.639,742.866
3797,69,255,1170.051,741.471
3798,68,255,30.588,742.897
3799,55,255,159.827,744.245
3800,82,255,284.963,743.976
3801,74,255,469.622,745.270
3802,29,255,948.500,742.500
3803,115,255,1492.109,744.787
3804,41,255,1592.915,742.061
3805,29,255,492.948,743.155
3806,74,255,547.270,744.838
3807,32,255,566.062,742.750
3808,126,255,717.754,747.333
3809,107,255,961.014,745.808
3810,135,255,1198.500,745.411
3811,30,255,1317.000,743.067
3812,32,255,1378.500,742.594
3813,109,255,1395.950,745.995
3814,105,255,1459.329,744.700
3815,43,255,3.012,744.430
3816,104,255,77.750,747.510
3817,70,255,140.543,745.371
3818,117,255,368.158,747.885
3819,39,255,891.654,744.269
3820,33,255,128.924,745.530
3821,112,255,749.232,747.027
3822,131,255,982.401,746.973
3823,26,255,1436.692,745.808
3824,110,255,1506.473,748.455
3825,58,255,1579.224,745.103
3826,131,255,1336.584,749.332
3827,79,255,1406.386,748.222
3828,26,255,1445.000,745.923
3829,68,255,197.941,748.250
3830,67,255,230.216,748.366
3831,95,255,259.342,749.279
3832,58,255,329.466,747.931
3833,160,255,483.462,751.131
3834,87,255,863.259,748.592
3835,99,255,1156.136,749.520
3836,76,255,1366.039,748.237
3837,78,255,16.795,749.410
3838,87,255,40.086,750.420
3839,32,255,151.438,748.500
3840,104,255,510.385,750.846
3841,28,255,592.786,748.143
3842,28,255,1085.143,747.857
3843,68,255,410.956,749.971
3844,29,255,1052.397,748.914
3845,82,255,1254.329,750.220
3846,84,255,243.440,753.357
3847,101,255,1419.480,752.886
3848,51,255,398.657,752.049
3849,124,255,574.056,757.871
3850,65,255,100.746,753.746
3851,31,255,454.823,751.855
3852,49,255,621.541,752.459
3853,75,255,806.487,753.767
3854,74,255,890.743,753.365
3855,82,255,935.646,753.293
3856,172,255,1186.860,757.442
3857,39,255,1309.551,752.192
3858,106,255,1571.528,755.189
3859,65,255,159.377,754.377
3860,110,255,295.300,756.045
3861,78,255,1011.564,754.538
3862,51,255,1440.245,753.422
3863,33,255,209.015,754.409
3864,46,255,334.413,755.304
3865,63,255,383.071,755.675
3866,54,255,681.000,754.074
3867,90,255,691.767,758.178
3868,54,255,872.815,755.426
3869,63,255,909.944,754.294
3870,49,255,1023.745,755.071
3871,32,255,1102.375,753.406
3872,87,255,1297.052,755.661
3873,36,255,1320.278,754.694
3874,133,255,1538.726,758.726
3875,69,255,1594.949,754.949
3876,115,255,89.813,758.822
3877,40,255,652.400,755.575
3878,147,255,769.969,757.173
3879,48,255,1125.042,756.188
3880,86,255,1525.314,758.616
3881,57,255,48.693,757.149
3882,128,255,117.805,759.539
3883,20,255,436.750,755.200
3884,116,255,1080.810,758.940
3885,99,255,1111.460,759.823
3886,27,255,1209.611,755.389
3887,56,255,1270.143,757.625
3888,68,255,1281.515,757.926
3889,45,255,24.900,757.678
3890,28,255,66.036,756.857
3891,52,255,327.154,758.981
3892,45,255,355.678,757.900
3893,61,255,424.336,759.205
3894,48,255,989.917,757.792
3895,112,255,1235.080,759.607
3896,126,255,600.500,761.865
3897,72,255,669.569,759.917
3898,40,255,796.725,758.625
3899,57,255,1380.009,758.272
3900,62,255,1404.435,759.226
3901,66,255,1556.091,759.258
3902,95,255,226.447,762.311
3903,51,255,445.755,759.814
3904,100,255,707.520,761.150
3905,50,255,726.660,761.080
3906,86,255,835.407,761.140
3907,72,255,853.625,761.375
3908,95,255,1036.711,763.732
3909,57,255,1133.114,760.237
3910,41,255,1260.402,759.280
3911,25,255,203.540,760.300
3912,63,255,411.579,760.976
3913,23,255,620.804,759.761
3914,68,255,822.000,764.206
3915,47,255,916.585,760.394
3916,59,255,1149.144,761.754
3917,38,255,1506.289,760.395
3918,101,255,279.718,764.649
3919,149,255,549.970,766.245
3920,27,255,639.426,763.463
3921,86,255,1204.884,762.465
3922,108,255,132.722,765.556
3923,75,255,211.807,764.900
3924,97,255,512.820,764.727
3925,132,255,650.909,767.902
3926,51,255,863.245,762.559
3927,25,255,951.780,761.260
3928,81,255,1445.019,764.056
3929,59,255,369.907,763.636
3930,53,255,808.160,763.557
3931,49,255,892.908,763.133
3932,50,255,979.200,764.000
3933,168,255,1473.976,767.815
3934,103,255,147.286,768.063
3935,79,255,996.867,766.146
3936,89,255,1094.860,765.343
3937,136,255,1288.816,768.978
3938,95,255,464.058,767.511
3939,76,255,1026.158,766.684
3940,63,255,1331.833,765.960
3941,91,255,44.621,769.214
3942,119,255,959.819,770.046
3943,55,255,968.609,767.300
3944,116,255,1426.457,768.422
3945,23,255,1498.065,765.413
3946,85,255,25.818,768.759
3947,66,255,267.045,768.561
3948,56,255,313.554,768.750
3949,24,255,340.417,767.000
3950,126,255,528.960,769.206
3951,61,255,586.680,769.533
3952,88,255,1375.636,768.500
3953,97,255,164.985,770.686
3954,89,255,624.478,769.376
3955,72,255,404.014,770.694
3956,22,255,413.591,768.409
3957,30,255,697.233,770.167
3958,86,255,1133.360,770.081
3959,34,255,1229.941,768.912
3960,62,255,1344.839,770.548
3961,82,255,1557.171,770.573
3962,78,255,1573.423,769.513
3963,63,255,256.643,772.056
3964,128,255,439.859,773.094
3965,75,255,895.967,772.660
3966,89,255,1159.871,771.433
3967,45,255,1215.433,769.967
3968,37,255,1493.689,770.608
3969,79,255,186.829,774.981
3970,59,255,846.856,771.822
3971,94,255,1449.745,772.851
3972,133,255,95.229,777.071
3973,67,255,359.590,774.769
3974,47,255,802.585,772.479
3975,102,255,1176.618,774.461
3976,68,255,195.206,775.441
3977,50,255,333.000,774.000
3978,85,255,479.524,774.900
3979,84,255,502.869,775.012
3980,140,255,720.086,774.764
3981,85,255,822.076,775.453
3982,102,255,928.471,774.735
3983,46,255,1063.522,773.652
3984,103,255,1190.626,775.607
3985,94,255,1262.936,774.755
3986,49,255,376.622,775.684
3987,111,255,389.347,776.896
3988,40,255,880.850,774.025
3989,43,255,1079.221,775.872
3990,50,255,1088.400,775.020
3991,81,255,1240.648,775.093
3992,139,255,1524.349,777.493
3993,59,255,1586.263,774.805
3994,39,255,578.551,775.962
3995,142,255,754.958,780.183
3996,45,255,1309.989,775.256
3997,133,255,1401.876,779.628
3998,107,255,29.827,779.322
3999,102,255,670.186,778.480
4000,81,255,1033.105,777.093
4001,62,255,1356.323,778.339
4002,66,255,217.591,778.258
4003,117,255,317.654,783.816
4004,42,255,368.190,778.714
4005,81,255,1053.969,780.907
4006,50,255,2.700,780.540
4007,106,255,117.047,779.972
4008,143,255,234.255,781.003
4009,80,255,856.562,779.500
4010,28,255,1111.429,778.214
4011,33,255,1564.167,778.833
4012,116,255,570.681,783.431
4013,46,255,631.609,780.152
4014,52,255,1152.327,779.615
4015,172,255,1209.628,784.238
4016,109,255,1486.280,781.959
4017,55,255,1501.264,780.682
4018,110,255,1574.909,782.927
4019,93,255,10.909,783.801
4020,63,255,140.056,781.087
4021,56,255,351.268,781.607
4022,59,255,801.754,780.263
4023,172,255,1384.122,784.948
4024,51,255,1066.402,781.794
4025,110,255,1138.145,785.664
4026,41,255,1421.402,782.085
4027,22,255,1470.409,780.409
4028,99,255,46.591,784.591
4029,68,255,741.015,783.279
4030,62,255,1310.984,783.323
4031,67,255,1322.828,783.739
4032,111,255,67.806,785.662
4033,94,255,173.574,786.426
4034,121,255,913.459,786.814
4035,85,255,943.065,784.971
4036,43,255,1242.500,783.988
4037,85,255,1540.771,784.347
4038,163,255,279.923,788.199
4039,77,255,645.994,785.175
4040,76,255,899.368,786.066
4041,67,255,1412.201,787.052
4042,92,255,1462.130,786.859
4043,121,255,338.293,787.384
4044,81,255,549.401,787.019
4045,38,255,730.211,786.105
4046,159,255,783.173,789.575
4047,58,255,1086.241,786.638
4048,77,255,1184.019,786.383
4049,68,255,1331.029,786.912
4050,38,255,1587.263,785.263
4051,32,255,438.719,786.312
4052,133,255,612.568,790.673
4053,162,255,818.500,791.611
4054,99,255,993.732,790.652
4055,80,255,1098.600,788.062
4056,124,255,1118.718,789.331
4057,81,255,1231.019,787.364
4058,77,255,1255.110,787.045
4059,100,255,133.110,791.290
4060,94,255,297.160,790.819
4061,56,255,496.536,787.911
4062,56,255,1006.696,788.786
4063,55,255,1524.773,787.973
4064,74,255,205.878,789.230
4065,81,255,374.130,789.870
4066,105,255,679.529,790.538
4067,76,255,147.184,790.921
4068,25,255,428.620,789.100
4069,66,255,597.000,790.152
4070,52,255,666.519,789.192
4071,85,255,926.618,790.488
4072,43,255,1147.686,789.477
4073,65,255,1285.838,789.454
4074,148,255,112.372,794.858
4075,46,255,415.739,790.891
4076,53,255,483.896,791.877
4077,46,255,975.609,789.891
4078,49,255,1032.296,790.806
4079,56,255,85.107,791.732
4080,36,255,400.972,791.028
4081,119,255,580.391,794.105
4082,61,255,832.992,792.270
4083,77,255,1078.604,793.396
4084,66,255,625.045,792.955
4085,61,255,697.730,793.877
4086,52,255,854.750,793.346
4087,38,255,963.895,792.342
4088,59,255,184.229,794.771
4089,53,255,235.934,793.764
4090,98,255,465.235,795.520
4091,99,255,394.359,796.884
4092,83,255,531.392,796.006
4093,45,255,640.011,794.322
4094,34,255,846.676,794.353
4095,96,255,872.354,795.000
4096,54,255,1355.259,795.352
4097,41,255,217.890,795.402
4098,76,255,225.855,798.263
4099,28,255,265.000,795.000
4100,61,255,1437.238,797.074
4101,79,255,45.032,797.297
4102,50,255,408.900,798.200
4103,87,255,751.833,797.764
4104,35,255,957.557,795.871
4105,85,255,1317.524,797.724
4106,83,255,1554.102,796.886
4107,79,255,1575.589,799.158
4108,47,255,493.138,798.096
4109,40,255,546.550,798.075
4110,105,255,1106.576,799.310
4111,65,255,1232.315,797.515
4112,108,255,1586.528,800.130
4113,108,255,17.370,800.167
4114,33,255,561.955,797.591
4115,79,255,971.196,799.551
4116,59,255,1331.466,799.432
4117,35,255,1537.814,798.414
4118,31,255,98.048,798.790
4119,35,255,342.586,799.043
4120,98,255,448.061,801.704
4121,113,255,949.314,802.429
4122,129,255,1013.399,804.112
4123,44,255,1212.045,799.341
4124,56,255,1264.732,799.929
4125,35,255,1277.071,799.157
4126,105,255,1411.043,801.557
4127,100,255,1453.270,800.950
4128,170,255,1480.029,802.535
4129,75,255,690.620,801.860
4130,35,255,893.700,799.957
4131,98,255,1028.133,802.796
4132,63,255,1184.437,800.897
4133,59,255,1197.839,799.975
4134,77,255,1527.916,801.357
4135,96,255,67.542,803.677
4136,95,255,169.553,802.984
4137,80,255,287.875,803.112
4138,31,255,842.306,801.145
4139,153,255,1051.905,804.023
4140,61,255,1360.139,801.877
4141,72,255,140.458,802.556
4142,49,255,205.214,802.786
4143,163,255,359.107,805.371
4144,117,255,1375.594,804.167
4145,51,255,427.912,803.853
4146,136,255,795.772,806.897
4147,68,255,1071.706,804.691
4148,45,255,301.500,805.189
4149,97,255,640.871,804.902
4150,81,255,774.648,805.747
4151,51,255,37.284,805.755
4152,62,255,260.371,806.161
4153,108,255,380.102,807.898
4154,84,255,911.250,807.571
4155,56,255,1344.000,806.500
4156,103,255,159.461,810.684
4157,41,255,477.012,806.476
4158,80,255,716.875,806.862
4159,55,255,753.464,806.700
4160,73,255,931.473,807.815
4161,64,255,1080.703,807.812
4162,42,255,1091.119,807.476
4163,73,255,1217.870,807.473
4164,60,255,1550.733,805.883
4165,59,255,218.127,809.297
4166,33,255,438.258,807.833
4167,60,255,554.183,808.017
4168,77,255,86.214,811.136
4169,98,255,317.031,809.847
4170,87,255,506.109,809.305
4171,46,255,517.761,809.326
4172,115,255,569.883,810.657
4173,61,255,663.352,808.434
4174,102,255,831.245,810.804
4175,54,255,1205.222,809.185
4176,53,255,97.217,809.783
4177,61,255,1120.975,809.943
4178,43,255,1147.733,809.919
4179,46,255,1270.913,809.304
4180,106,255,1506.094,809.849
4181,75,255,114.927,812.367
4182,33,255,247.015,810.136
4183,169,255,1139.938,816.281
4184,109,255,1246.436,813.913
4185,58,255,1317.448,811.224
4186,74,255,1405.797,811.365
4187,75,255,268.700,813.860
4188,102,255,679.235,813.314
4189,59,255,971.398,811.958
4190,32,255,1022.688,811.500
4191,78,255,1262.897,813.333
4192,50,255,333.560,813.460
4193,163,255,817.414,817.064
4194,133,255,1171.147,818.560
4195,27,255,1327.093,811.537
4196,68,255,1385.647,813.574
4197,89,255,1422.837,813.073
4198,42,255,41.119,814.190
4199,64,255,186.234,815.094
4200,35,255,210.757,814.243
4201,78,255,1181.667,815.936
4202,69,255,27.152,815.312
4203,32,255,129.469,814.250
4204,35,255,170.014,815.129
4205,28,255,230.750,814.714
4206,51,255,655.559,814.441
4207,147,255,939.527,820.827
4208,23,255,1235.413,816.065
4209,91,255,14.676,817.940
4210,125,255,287.228,819.180
4211,48,255,449.458,816.292
4212,56,255,961.536,815.821
4213,27,255,1395.426,815.093
4214,71,255,1468.232,816.007
4215,108,255,350.296,818.769
4216,62,255,414.097,817.387
4217,139,255,784.392,819.968
4218,50,255,982.320,817.120
4219,21,255,1045.690,815.548
4220,37,255,1104.581,815.959
4221,73,255,1337.870,816.705
4222,65,255,1355.392,816.838
4223,122,255,59.566,820.410
4224,85,255,142.147,819.371
4225,59,255,202.297,818.229
4226,97,255,246.160,818.778
4227,57,255,440.202,818.167
4228,117,255,497.269,819.167
4229,42,255,555.952,816.929
4230,71,255,630.979,818.486
4231,35,255,708.300,817.586
4232,35,255,744.329,817.500
4233,56,255,1059.464,817.107
4234,40,255,1309.850,817.200
4235,81,255,1443.772,818.488
4236,75,255,1480.713,818.300
4237,72,255,1539.958,819.056
4238,122,255,324.197,822.508
4239,75,255,642.140,819.193
4240,38,255,667.711,818.921
4241,89,255,892.028,818.994
4242,94,255,1372.745,820.649
4243,32,255,1549.406,818.094
4244,27,255,1561.574,817.907
4245,86,255,753.733,821.035
4246,88,255,1074.602,823.466
4247,30,255,1280.400,818.700
4248,70,255,1523.543,819.414
4249,47,255,520.947,820.713
4250,66,255,529.394,822.197
4251,184,255,580.065,823.712
4252,61,255,799.893,821.369
4253,77,255,839.825,821.916
4254,35,255,866.643,820.729
4255,97,255,876.995,823.562
4256,36,255,1192.444,821.417
4257,55,255,1582.864,820.664
4258,81,255,366.870,821.957
4259,60,255,461.100,821.400
4260,68,255,690.956,822.382
4261,142,255,922.613,827.007
4262,74,255,1264.135,821.919
4263,89,255,1420.567,821.792
4264,31,255,1570.565,821.468
4265,35,255,2.243,822.900
4266,98,255,1000.724,824.286
4267,136,255,1120.765,825.125
4268,69,255,1317.688,823.355
4269,38,255,1594.789,822.447
4270,90,255,134.689,825.300
4271,91,255,481.038,825.005
4272,46,255,539.304,823.435
4273,78,255,1294.987,826.885
4274,20,255,262.050,823.400
4275,81,255,312.043,826.241
4276,156,255,424.064,829.090
4277,64,255,727.000,825.375
4278,70,255,956.614,825.900
4279,60,255,1022.133,824.583
4280,63,255,1088.278,824.563
4281,107,255,704.650,826.930
4282,55,255,768.955,826.136
4283,96,255,1222.406,826.906
4284,61,255,70.025,827.975
4285,67,255,81.948,828.037
4286,42,255,91.833,826.857
4287,80,255,860.788,827.975
4288,124,255,1239.685,829.194
4289,148,255,1506.331,831.547
4290,99,255,110.702,829.914
4291,33,255,234.318,827.227
4292,40,255,275.450,827.425
4293,57,255,338.798,829.588
4294,60,255,832.433,828.900
4295,167,255,1043.207,832.027
4296,75,255,1111.633,829.393
4297,74,255,1465.730,827.932
4298,104,255,608.750,830.192
4299,91,255,900.599,831.885
4300,42,255,1584.167,828.119
4301,63,255,184.278,829.722
4302,49,255,779.480,829.398
4303,122,255,977.590,833.582
4304,52,255,1158.731,830.654
4305,82,255,1342.012,831.305
4306,104,255,1538.346,834.337
4307,67,255,657.813,831.052
4308,68,255,813.029,831.618
4309,71,255,1141.331,830.894
4310,103,255,1275.112,833.684
4311,54,255,1322.463,830.019
4312,110,255,1551.527,833.627
4313,88,255,264.670,833.534
4314,70,255,492.929,832.843
4315,101,255,1014.144,834.074
4316,77,255,27.760,833.526
4317,31,255,647.339,832.855
4318,51,255,910.127,833.167
4319,68,255,1351.118,834.676
4320,72,255,209.500,834.000
4321,64,255,472.594,833.984
4322,50,255,557.280,834.100
4323,56,255,567.982,834.679
4324,55,255,756.591,834.245
4325,223,255,1064.756,838.809
4326,99,255,1177.045,835.591
4327,93,255,1194.769,836.726
4328,63,255,178.881,836.246
4329,100,255,1093.460,836.080
4330,70,255,1420.371,834.943
4331,166,255,1441.530,839.801
4332,29,255,1593.983,833.707
4333,31,255,234.468,836.855
4334,65,255,376.054,835.731
4335,81,255,454.105,836.179
4336,47,255,531.160,835.862
4337,111,255,636.842,837.680
4338,55,255,1384.809,835.755
4339,86,255,94.977,838.209
4340,118,255,125.856,839.119
4341,73,255,153.747,837.473
4342,112,255,1401.857,839.259
4343,57,255,192.763,838.079
4344,91,255,325.280,840.027
4345,95,255,501.974,839.479
4346,99,255,587.803,838.924
4347,48,255,724.042,837.750
4348,66,255,866.864,838.409
4349,127,255,882.051,840.972
4350,43,255,1167.407,838.430
4351,28,255,1460.214,836.571
4352,48,255,35.646,840.542
4353,41,255,832.256,838.817
4354,83,255,1285.765,840.127
4355,60,255,1303.150,838.533
4356,67,255,1481.918,839.873
4357,70,255,703.571,841.100
4358,71,255,1031.289,841.697
4359,25,255,1226.380,839.660
4360,54,255,1246.778,841.426
4361,103,255,1261.646,843.102
4362,86,255,1344.802,842.581
4363,78,255,287.923,842.346
4364,109,255,428.326,844.060
4365,34,255,784.706,841.559
4366,93,255,10.747,843.253
4367,86,255,671.744,845.314
4368,187,255,685.676,849.152
4369,58,255,713.914,843.810
4370,116,255,797.474,844.353
4371,90,255,846.178,843.556
4372,100,255,1112.020,845.160
4373,179,255,1323.897,845.858
4374,128,255,1424.562,844.852
4375,98,255,247.653,845.316
4376,128,255,659.648,845.164
4377,25,255,777.780,843.260
4378,173,255,1139.939,847.136
4379,92,255,1494.261,844.837
4380,32,255,1524.844,842.781
4381,66,255,1532.591,846.561
4382,52,255,912.000,844.000
4383,84,255,938.143,846.048
4384,86,255,955.756,846.419
4385,65,255,267.823,846.115
4386,119,255,374.483,846.374
4387,142,255,483.303,848.542
4388,29,255,823.052,845.190
4389,59,255,1463.432,846.076
4390,110,255,223.555,848.045
4391,38,255,259.079,847.474
4392,132,255,407.758,848.652
4393,119,255,569.273,848.349
4394,107,255,745.612,848.304
4395,24,255,1175.875,845.583
4396,59,255,152.042,847.754
4397,56,255,191.286,847.786
4398,109,255,538.528,850.610
4399,146,255,1015.185,849.664
4400,51,255,1161.814,848.029
4401,105,255,1582.529,849.414
4402,80,255,26.163,850.087
4403,78,255,54.718,849.641
4404,35,255,441.014,848.014
4405,144,255,466.340,853.514
4406,148,255,968.088,852.973
4407,89,255,1206.702,851.264
4408,75,255,1219.780,849.047
4409,49,255,1388.500,849.500
4410,49,255,1597.357,850.112
4411,84,255,64.595,851.095
4412,53,255,87.198,850.613
4413,84,255,610.536,850.393
4414,128,255,1374.031,852.414
4415,23,255,634.500,849.500
4416,60,255,867.683,851.000
4417,132,255,991.894,853.508
4418,74,255,1089.311,852.243
4419,51,255,1271.853,851.010
4420,85,255,1547.418,852.029
4421,63,255,115.246,853.167
4422,130,255,523.054,857.538
4423,96,255,835.646,853.021
4424,105,255,1354.738,853.538
4425,41,255,106.573,852.354
4426,64,255,508.859,853.000
4427,51,255,820.696,852.794
4428,55,255,947.282,854.027
4429,88,255,1404.420,854.864
4430,106,255,1473.528,853.708
4431,65,255,322.192,854.208
4432,126,255,756.548,857.619
4433,141,255,1072.351,856.727
4434,35,255,1248.814,853.329
4435,100,255,1456.460,855.600
4436,77,255,184.175,856.435
4437,92,255,289.641,856.152
4438,120,255,348.158,856.392
4439,61,255,583.566,855.516
4440,96,255,624.958,856.542
4441,33,255,718.409,854.136
4442,41,255,880.085,854.207
4443,113,255,916.305,856.323
4444,52,255,1290.519,854.250
4445,149,255,1507.795,857.829
4446,66,255,136.864,856.561
4447,41,255,442.841,855.159
4448,72,255,732.986,856.611
4449,55,255,786.809,856.536
4450,47,255,801.691,855.926
4451,47,255,1305.798,856.223
4452,111,255,1341.572,858.203
4453,30,255,80.267,855.800
4454,80,255,172.475,859.450
4455,61,255,302.730,856.877
4456,55,255,419.027,857.882
4457,60,255,899.317,857.650
4458,121,255,1050.070,859.649
4459,46,255,1165.326,857.891
4460,135,255,1177.833,860.404
4461,102,255,1559.127,858.706
4462,69,255,20.109,859.428
4463,50,255,40.060,858.000
4464,49,255,1024.602,857.745
4465,79,255,1233.082,858.715
4466,52,255,1396.096,858.192
4467,40,255,227.650,859.200
4468,72,255,373.403,859.931
4469,112,255,1036.786,861.268
4470,27,255,1532.907,856.944
4471,49,255,207.500,860.337
4472,69,255,886.384,861.384
4473,113,255,1427.199,859.898
4474,85,255,257.218,861.618
4475,99,255,697.076,863.207
4476,44,255,869.341,860.591
4477,57,255,1215.851,860.693
4478,63,255,1270.262,860.341
4479,149,255,155.111,866.171
4480,40,255,403.700,861.000
4481,48,255,428.396,861.812
4482,36,255,665.972,860.528
4483,86,255,721.465,862.233
4484,144,255,1198.222,865.347
4485,109,255,332.665,864.289
4486,123,255,503.329,866.240
4487,92,255,680.565,865.261
4488,57,255,793.833,863.009
4489,57,255,857.184,862.640
4490,125,255,1114.940,866.060
4491,64,255,1251.547,862.281
4492,22,255,1598.318,862.500
4493,94,255,235.638,866.830
4494,63,255,543.675,864.722
4495,77,255,643.669,864.786
4496,74,255,1365.311,864.446
4497,32,255,1576.469,862.906
4498,100,255,65.550,866.440
4499,52,255,316.327,864.788
4500,99,255,487.702,864.934
4501,31,255,566.919,863.823
4502,49,255,835.622,864.582
4503,65,255,1586.700,865.131
4504,68,255,598.118,866.676
4505,132,255,930.220,869.606
4506,102,255,1125.716,868.245
4507,50,255,1489.700,866.740
4508,49,255,90.071,866.663
4509,53,255,139.255,866.934
4510,99,255,190.217,868.510
4511,28,255,217.393,866.679
4512,139,255,36.270,870.356
4513,109,255,381.298,870.500
4514,47,255,394.926,867.564
4515,54,255,657.759,868.426
4516,154,255,743.974,872.779
4517,65,255,1138.823,867.685
4518,110,255,1154.618,870.536
4519,63,255,872.294,869.579
4520,80,255,970.475,869.850
4521,47,255,1004.500,868.968
4522,148,255,1096.176,873.209
4523,72,255,1522.778,869.736
4524,101,255,131.748,873.470
4525,66,255,463.439,870.348
4526,45,255,617.456,870.011
4527,92,255,951.402,871.837
4528,66,255,1276.409,870.273
4529,50,255,222.100,872.260
4530,133,255,287.560,875.410
4531,51,255,474.951,871.186
4532,43,255,554.174,870.314
4533,33,255,573.591,869.803
4534,118,255,825.314,873.229
4535,69,255,857.761,871.196
4536,45,255,979.544,871.278
4537,93,255,991.070,874.371
4538,125,255,1168.828,873.772
4539,30,255,1498.633,870.233
4540,49,255,1536.929,870.847
4541,124,255,1567.395,872.653
4542,77,255,368.136,872.474
4543,58,255,628.672,871.741
4544,23,255,892.587,869.935
4545,66,255,917.000,872.515
4546,43,255,943.128,872.314
4547,129,255,1254.500,874.647
4548,128,255,1385.344,872.773
4549,33,255,1398.500,871.076
4550,87,255,1477.328,874.328
4551,23,255,74.848,872.239
4552,169,255,437.056,876.985
4553,77,255,588.032,874.188
4554,34,255,842.735,872.324
4555,73,255,1229.171,874.144
4556,83,255,1348.572,873.500
4557,134,255,1432.664,876.627
4558,174,255,14.414,878.345
4559,136,255,301.904,876.390
4560,161,255,710.475,876.370
4561,101,255,814.322,876.718
4562,71,255,207.641,875.486
4563,159,255,268.802,877.808
4564,63,255,407.532,876.183
4565,101,255,529.114,877.589
4566,60,255,727.233,875.817
4567,186,255,1454.849,878.435
4568,44,255,231.205,876.364
4569,54,255,562.500,877.000
4570,61,255,1045.320,876.205
4571,62,255,1542.710,876.548
4572,58,255,251.810,877.414
4573,23,255,645.109,875.413
4574,117,255,792.132,877.850
4575,36,255,1008.028,877.194
4576,88,255,1294.364,878.795
4577,70,255,490.957,877.771
4578,55,255,516.973,877.955
4579,111,255,893.887,882.383
4580,47,255,961.351,877.309
4581,43,255,1196.081,877.128
4582,74,255,1220.230,879.649
4583,62,255,1527.742,878.581
4584,53,255,191.726,878.915
4585,66,255,330.273,879.045
4586,71,255,422.162,880.754
4587,63,255,600.325,879.183
4588,94,255,678.330,882.021
4589,62,255,757.919,879.419
4590,75,255,102.740,880.647
4591,21,255,153.405,878.071
4592,91,255,543.335,880.698
4593,27,255,665.130,878.648
4594,120,255,1026.108,882.383
4595,43,255,1085.965,879.756
4596,63,255,1238.770,880.738
4597,94,255,1269.011,882.160
4598,152,255,1315.118,882.816
4599,85,255,82.124,882.312
4600,58,255,182.397,881.241
4601,98,255,320.939,882.592
4602,31,255,1404.016,880.500
4603,96,255,1494.958,882.917
4604,54,255,841.519,881.870
4605,78,255,1328.346,882.590
4606,57,255,1504.763,881.833
4607,61,255,1597.172,883.434
4608,65,255,73.208,883.546
4609,44,255,384.864,881.636
4610,60,255,505.817,883.400
4611,43,255,777.221,883.035
4612,62,255,802.548,884.177
4613,64,255,566.344,884.000
4614,57,255,612.009,884.377
4615,95,255,653.668,886.089
4616,63,255,976.563,884.040
4617,103,255,1136.121,885.083
4618,164,255,1185.189,890.037
4619,28,255,1375.714,883.000
4620,69,255,367.225,885.341
4621,74,255,473.878,885.527
4622,61,255,637.303,884.648
4623,117,255,920.551,885.688
4624,92,255,958.946,885.761
4625,25,255,1014.540,884.260
4626,74,255,1344.351,885.932
4627,78,255,160.013,886.103
4628,71,255,354.908,885.937
4629,70,255,849.043,886.943
4630,72,255,881.056,887.347
4631,131,255,1062.943,887.653
4632,121,255,1355.219,889.012
4633,23,255,1469.891,884.500
4634,61,255,937.648,887.189
4635,134,255,1161.619,889.425
4636,52,255,1208.865,886.654
4637,29,255,1482.224,885.879
4638,203,255,134.323,892.333
4639,81,255,244.599,889.265
4640,67,255,770.187,887.993
4641,129,255,1564.322,890.981
4642,89,255,26.242,891.275
4643,36,255,58.833,888.444
4644,101,255,406.243,889.797
4645,132,255,519.530,891.636
4646,39,255,597.218,888.013
4647,68,255,631.794,891.162
4648,26,255,902.731,888.846
4649,111,255,1121.032,890.590
4650,111,255,1388.419,890.923
4651,89,255,212.994,890.691
4652,67,255,581.172,890.485
4653,98,255,698.153,891.296
4654,66,255,337.197,892.152
4655,113,255,449.969,894.350
4656,47,255,1005.053,890.862
4657,96,255,1078.823,892.365
4658,95,255,99.921,893.405
4659,48,255,486.771,891.771
4660,63,255,531.659,892.833
4661,139,255,735.996,893.392
4662,76,255,786.079,892.013
4663,48,255,175.708,892.438
4664,120,255,387.692,894.975
4665,62,255,822.742,892.500
4666,60,255,995.383,893.317
4667,83,255,435.910,895.801
4668,21,255,464.786,892.738
4669,95,255,838.458,896.174
4670,100,255,1588.720,894.860
4671,72,255,859.083,896.722
4672,106,255,1291.925,898.179
4673,58,255,37.103,897.724
4674,53,255,478.028,896.160
4675,35,255,910.843,895.357
4676,35,255,975.071,894.757
4677,64,255,1452.078,895.719
4678,112,255,1527.938,897.438
4679,58,255,45.690,897.862
4680,106,255,85.745,899.123
4681,161,255,277.307,899.904
4682,72,255,294.236,897.639
4683,51,255,317.402,897.167
4684,32,255,878.500,896.062
4685,77,255,959.864,897.500
4686,58,255,1050.138,896.690
4687,136,255,1089.853,899.765
4688,97,255,1207.727,897.809
4689,87,255,1469.661,897.075
4690,107,255,1487.575,898.407
4691,58,255,183.621,899.086
4692,123,255,568.337,899.492
4693,50,255,1067.120,897.760
4694,62,255,1329.161,897.710
4695,20,255,1515.800,896.400
4696,109,255,1576.830,900.830
4697,47,255,2.351,900.202
4698,47,255,110.926,898.415
4699,86,255,158.698,900.884
4700,120,255,251.942,901.467
4701,46,255,599.848,898.478
4702,164,255,674.756,903.774
4703,127,255,746.744,903.311
4704,68,255,793.221,899.471
4705,115,255,1405.952,902.596
4706,65,255,1548.669,899.008
4707,63,255,206.246,901.087
4708,57,255,550.360,900.482
4709,35,255,696.300,898.871
4710,117,255,888.295,902.303
4711,86,255,1038.570,902.547
4712,60,255,1253.733,900.300
4713,76,255,69.276,901.645
4714,42,255,372.762,900.381
4715,100,255,428.410,903.220
4716,56,255,611.750,900.518
4717,72,255,719.736,901.264
4718,56,255,867.518,901.893
4719,94,255,1129.266,902.830
4720,107,255,1225.033,901.687
4721,27,255,1445.463,900.093
4722,52,255,769.942,901.712
4723,114,255,1012.167,904.833
4724,112,255,1242.527,905.152
4725,20,255,58.400,903.050
4726,119,255,231.576,905.004
4727,61,255,353.418,903.730
4728,71,255,539.387,903.669
4729,122,255,658.082,905.500
4730,104,255,978.904,904.779
4731,124,255,1115.468,904.677
4732,42,255,1301.667,902.095
4733,26,255,1460.769,902.346
4734,25,255,123.580,903.060
4735,70,255,526.029,904.214
4736,98,255,579.796,906.745
4737,87,255,943.167,904.109
4738,48,255,1025.146,903.562
4739,55,255,1270.355,904.645
4740,71,255,1416.627,905.514
4741,62,255,1433.968,904.113
4742,55,255,1518.718,904.373
4743,47,255,167.649,905.585
4744,98,255,395.306,906.653
4745,75,255,414.367,906.073
4746,127,255,643.287,907.752
4747,74,255,760.784,907.230
4748,55,255,1142.027,904.518
4749,114,255,1342.544,905.825
4750,129,255,802.818,908.601
4751,48,255,930.500,906.104
4752,74,255,995.189,906.230
4753,58,255,104.172,908.362
4754,52,255,1449.269,906.192
4755,51,255,1538.618,906.598
4756,87,255,307.385,909.615
4757,69,255,691.268,907.891
4758,60,255,1590.417,908.267
4759,43,255,112.500,908.384
4760,53,255,836.104,908.689
4761,62,255,919.419,909.774
4762,46,255,1178.652,908.130
4763,38,255,1213.000,909.000
4764,130,255,1325.985,911.908
4765,35,255,1393.071,907.929
4766,55,255,454.936,910.427
4767,163,255,602.353,914.236
4768,84,255,848.548,910.940
4769,51,255,158.598,911.716
4770,61,255,176.254,911.582
4771,50,255,362.820,911.100
4772,103,255,1149.597,912.976
4773,48,255,1375.042,910.646
4774,62,255,1461.258,910.613
4775,95,255,1487.521,912.332
4776,67,255,43.545,912.321
4777,56,255,93.732,912.500
4778,177,255,333.105,914.540
4779,90,255,1164.111,913.189
4780,28,255,1277.893,911.107
4781,86,255,134.593,914.512
4782,67,255,468.067,913.261
4783,74,255,530.014,913.216
4784,165,255,965.348,916.555
4785,28,255,1061.857,912.143
4786,79,255,1508.386,913.968
4787,101,255,277.223,915.985
4788,56,255,373.679,914.071
4789,60,255,483.500,914.000
4790,93,255,700.898,916.038
4791,105,255,829.786,916.281
4792,84,255,17.083,916.214
4793,71,255,71.387,916.148
4794,26,255,238.346,915.077
4795,140,255,947.714,918.486
4796,60,255,1036.017,916.067
4797,38,255,1130.579,915.447
4798,27,255,1385.870,914.500
4799,108,255,31.241,920.130
4800,48,255,116.000,917.000
4801,64,255,287.953,917.547
4802,96,255,742.448,918.812
4803,23,255,785.283,915.500
4804,67,255,1546.530,916.843
4805,99,255,190.611,918.429
4806,66,255,519.379,919.591
4807,48,255,586.354,918.438
4808,40,255,1363.975,917.225
4809,54,255,1413.981,917.241
4810,52,255,149.385,919.269
4811,82,255,214.707,919.317
4812,72,255,416.014,920.194
4813,53,255,495.519,919.160
4814,57,255,508.974,920.535
4815,32,255,634.656,919.844
4816,54,255,685.648,919.241
4817,60,255,719.733,918.633
4818,74,255,865.338,919.203
4819,29,255,892.672,917.810
4820,56,255,1006.125,918.339
4821,42,255,1103.714,918.262
4822,53,255,1139.311,920.330
4823,23,255,1598.196,918.848
4824,31,255,454.952,920.532
4825,79,255,1396.082,920.095
4826,148,255,1430.047,922.142
4827,46,255,1471.870,919.609
4828,105,255,1527.157,920.738
4829,67,255,1570.336,919.724
4830,86,255,229.628,921.547
4831,35,255,575.300,920.414
4832,118,255,661.864,923.525
4833,143,255,1282.500,922.633
4834,152,255,1449.618,922.763
4835,85,255,1260.041,923.112
4836,121,255,1380.781,924.558
4837,121,255,646.880,926.169
4838,67,255,729.381,923.515
4839,144,255,914.132,924.146
4840,135,255,1023.974,925.441
4841,87,255,1068.063,923.362
4842,60,255,1184.883,922.500
4843,118,255,1242.525,924.941
4844,60,255,1298.183,923.617
4845,67,255,1307.022,924.276
4846,84,255,1316.381,924.726
4847,105,255,62.471,924.252
4848,81,255,433.562,924.426
4849,65,255,1203.823,924.654
4850,108,255,389.500,928.185
4851,77,255,476.331,925.994
4852,88,255,677.193,926.784
4853,29,255,875.879,923.534
4854,146,255,1002.527,927.068
4855,70,255,1040.671,925.871
4856,99,255,1085.955,927.338
4857,28,255,1094.321,924.714
4858,120,255,1218.275,927.542
4859,31,255,1.855,926.145
4860,97,255,165.191,928.253
4861,74,255,244.838,926.892
4862,88,255,361.330,926.443
4863,142,255,530.007,929.655
4864,72,255,557.444,927.333
4865,65,255,1342.623,925.823
4866,27,255,1564.685,924.907
4867,109,255,321.528,928.647
4868,60,255,853.333,926.517
4869,68,255,1359.500,926.471
4870,61,255,1413.910,925.975
4871,88,255,1541.318,928.659
4872,165,255,776.700,931.536
4873,78,255,892.679,928.282
4874,107,255,985.921,929.808
4875,90,255,1159.211,928.267
4876,42,255,1230.952,928.048
4877,162,255,300.926,932.543
4878,47,255,400.372,929.798
4879,55,255,409.318,929.645
4880,126,255,755.508,931.063
4881,61,255,1105.926,928.910
4882,88,255,1335.023,931.068
4883,48,255,54.625,931.125
4884,67,255,337.306,930.410
4885,67,255,463.425,929.993
4886,45,255,489.900,928.989
4887,160,255,591.194,933.619
4888,70,255,1050.729,932.100
4889,63,255,1477.294,930.627
4890,64,255,571.141,932.141
4891,80,255,842.375,932.562
4892,70,255,1134.614,931.157
4893,63,255,1463.452,930.452
4894,64,255,1489.828,930.750
4895,45,255,1516.900,930.767
4896,189,255,95.680,935.823
4897,52,255,121.942,932.058
4898,70,255,264.886,933.129
4899,114,255,545.860,934.254
4900,90,255,703.811,932.844
4901,58,255,1184.259,931.810
4902,54,255,144.019,932.870
4903,74,255,287.041,933.243
4904,110,255,799.600,934.636
4905,33,255,13.348,933.924
4906,76,255,184.342,934.908
4907,30,255,373.033,933.133
4908,25,255,451.540,932.740
4909,51,255,882.755,934.010
4910,129,255,1578.492,935.981
4911,33,255,274.076,934.045
4912,76,255,738.539,935.947
4913,30,255,918.900,933.667
4914,20,255,1374.000,933.000
4915,49,255,1529.500,934.500
4916,60,255,22.617,936.717
4917,47,255,43.372,936.372
4918,121,255,202.963,937.194
4919,75,255,514.487,936.420
4920,104,255,688.163,937.327
4921,66,255,938.227,936.076
4922,99,255,1114.601,938.076
4923,21,255,653.262,936.119
4924,37,255,832.122,935.284
4925,57,255,1060.447,937.886
4926,106,255,1076.047,939.217
4927,70,255,1412.000,937.229
4928,156,255,75.404,943.590
4929,40,255,961.475,937.175
4930,57,255,1149.711,937.465
4931,53,255,1265.538,937.538
4932,81,255,364.117,940.759
4933,80,255,552.913,940.150
4934,69,255,870.471,938.949
4935,66,255,128.773,941.000
4936,42,255,216.405,940.119
4937,120,255,248.283,941.983
4938,65,255,1030.346,941.838
4939,124,255,1277.694,941.903
4940,46,255,3.870,940.391
4941,44,255,983.659,939.705
4942,89,255,1326.803,942.758
4943,69,255,1480.529,941.558
4944,81,255,1595.438,941.389
4945,81,255,35.500,943.031
4946,68,255,112.926,944.118
4947,79,255,179.032,943.373
4948,73,255,377.062,942.555
4949,127,255,423.642,944.240
4950,205,255,499.832,945.451
4951,42,255,1129.190,941.333
4952,42,255,1240.024,941.190
4953,75,255,1384.113,941.913
4954,152,255,1517.059,943.928
4955,32,255,147.219,942.156
4956,42,255,409.881,942.238
4957,116,255,468.233,945.474
4958,42,255,855.119,942.405
4959,145,255,1003.962,947.003
4960,40,255,1043.700,941.975
4961,91,255,1310.841,943.786
4962,77,255,1498.448,944.279
4963,121,255,156.467,946.302
4964,20,255,521.800,941.900
4965,48,255,604.271,944.542
4966,101,255,615.847,945.658
4967,43,255,666.686,943.593
4968,95,255,1089.132,945.616
4969,53,255,1227.689,943.915
4970,131,255,1442.195,945.760
4971,52,255,1539.019,942.981
4972,30,255,169.200,945.467
4973,25,255,329.020,943.660
4974,67,255,838.067,944.858
4975,43,255,1160.384,945.337
4976,63,255,49.024,946.611
4977,70,255,591.586,947.114
4978,36,255,703.583,945.306
4979,63,255,752.198,945.579
4980,57,255,794.219,945.904
4981,75,255,1350.727,945.327
4982,111,255,1425.500,947.761
4983,57,255,338.254,947.149
4984,137,255,397.099,950.953
4985,58,255,950.397,946.293
4986,70,255,968.014,947.386
4987,33,255,1169.076,946.045
4988,78,255,1249.179,947.795
4989,67,255,1561.918,946.948
4990,66,255,139.212,949.000
4991,80,255,265.650,949.013
4992,179,255,527.584,952.813
4993,47,255,573.181,947.691
4994,42,255,657.357,947.833
4995,56,255,688.321,947.500
4996,55,255,1149.482,947.591
4997,75,255,1182.753,948.753
4998,51,255,1294.382,947.559
4999,28,255,909.786,948.143
5000,150,255,922.580,952.953
5001,107,255,1115.874,951.341
5002,34,255,1206.706,947.794
5003,34,255,27.324,949.971
5004,64,255,58.500,951.281
5005,44,255,127.682,949.455
5006,48,255,741.729,949.917
5007,36,255,884.167,949.028
5008,145,255,902.645,954.272
5009,34,255,987.676,948.441
5010,104,255,1570.269,952.779
5011,76,255,318.737,951.000
5012,63,255,1048.198,951.357
5013,27,255,1199.426,949.315
5014,56,255,1530.321,951.143
5015,84,255,14.571,953.071
5016,195,255,238.300,956.433
5017,53,255,641.104,951.613
5018,38,255,710.921,952.211
5019,89,255,823.545,953.826
5020,56,255,1014.357,953.375
5021,66,255,1033.318,952.227
5022,85,255,1133.359,952.841
5023,26,255,1266.269,951.192
5024,37,255,382.581,952.662
5025,90,255,869.744,953.756
5026,83,255,1061.042,953.886
5027,45,255,288.144,952.500
5028,69,255,622.558,955.109
5029,48,255,1387.750,953.500
5030,104,255,720.577,956.577
5031,67,255,807.067,954.978
5032,98,255,958.245,957.194
5033,94,255,1326.936,955.500
5034,35,255,1343.900,954.386
5035,74,255,336.986,957.500
5036,34,255,437.000,954.853
5037,52,255,757.423,955.538
5038,66,255,1405.455,956.333
5039,25,255,1555.140,954.820
5040,132,255,599.477,961.841
5041,43,255,675.616,956.616
5042,72,255,840.208,957.389
5043,35,255,945.100,955.843
5044,77,255,1096.773,957.240
5045,100,255,1289.780,957.580
5046,28,255,1365.107,956.000
5047,117,255,184.474,961.936
5048,69,255,222.920,959.312
5049,106,255,365.981,959.358
5050,42,255,630.381,958.143
5051,48,255,849.500,957.583
5052,78,255,988.910,957.795
5053,143,255,1160.878,961.766
5054,75,255,1217.353,957.460
5055,31,255,1247.532,956.274
5056,43,255,1470.849,957.198
5057,58,255,80.793,958.707
5058,84,255,97.452,959.833
5059,80,255,311.962,961.075
5060,102,255,416.294,960.608
5061,40,255,538.600,958.700
5062,37,255,738.689,958.068
5063,45,255,768.189,958.233
5064,57,255,785.079,959.307
5065,38,255,794.289,959.579
5066,31,255,1595.242,958.081
5067,62,255,197.790,960.532
5068,59,255,350.008,960.636
5069,34,255,1082.382,958.618
5070,58,255,1520.828,959.655
5071,40,255,169.250,961.050
5072,31,255,266.790,960.145
5073,75,255,284.527,961.900
5074,79,255,467.829,962.437
5075,131,255,1375.286,963.454
5076,47,255,1441.798,959.691
5077,59,255,5.958,962.839
5078,75,255,67.620,962.793
5079,129,255,155.143,964.066
5080,77,255,208.487,963.097
5081,49,255,303.663,962.153
5082,45,255,378.811,961.544
5083,64,255,502.547,962.578
5084,58,255,549.690,962.621
5085,58,255,560.569,961.397
5086,36,255,1189.250,960.611
5087,112,255,1490.170,963.616
5088,88,255,273.068,967.000
5089,73,255,820.500,962.719
5090,53,255,1452.236,962.708
5091,111,255,1529.230,966.464
5092,131,255,33.332,966.309
5093,129,255,120.671,967.477
5094,33,255,137.015,963.712
5095,39,255,1173.628,963.705
5096,54,255,1349.204,964.463
5097,64,255,1414.125,963.828
5098,43,255,1577.314,964.988
5099,29,255,1585.569,962.845
5100,64,255,485.594,965.297
5101,53,255,494.349,965.632
5102,37,255,582.068,964.554
5103,80,255,940.175,965.663
5104,72,255,1065.708,964.736
5105,65,255,1465.977,964.362
5106,48,255,572.250,965.562
5107,33,255,637.742,964.894
5108,54,255,660.593,965.778
5109,95,255,690.132,967.068
5110,60,255,1327.133,964.733
5111,80,255,1507.750,966.938
5112,67,255,56.142,968.276
5113,71,255,259.923,967.669
5114,25,255,402.460,965.740
5115,26,255,704.885,965.462
5116,68,255,806.309,967.206
5117,78,255,1228.282,967.718
5118,66,255,1247.000,967.000
5119,53,255,347.972,968.481
5120,69,255,857.225,968.920
5121,125,255,920.828,968.244
5122,47,255,1028.564,968.755
5123,24,255,1053.875,966.500
5124,49,255,1087.684,968.133
5125,71,255,1286.697,968.317
5126,53,255,1596.123,967.557
5127,68,255,100.662,968.809
5128,48,255,143.667,969.625
5129,66,255,392.712,969.303
5130,70,255,782.071,969.200
5131,54,255,886.519,969.333
5132,53,255,981.066,969.028
5133,57,255,1037.833,968.939
5134,52,255,1076.692,969.327
5135,59,255,1261.008,968.280
5136,30,255,1271.700,967.833
5137,31,255,1340.694,968.145
5138,59,255,1389.754,968.653
5139,56,255,740.857,969.518
5140,36,255,836.444,968.806
5141,115,255,1210.509,970.657
5142,58,255,1312.759,970.362
5143,28,255,359.750,970.321
5144,138,255,724.935,972.572
5145,102,255,758.059,972.382
5146,95,255,968.637,973.584
5147,74,255,1014.973,970.324
5148,136,255,1138.331,973.735
5149,38,255,172.737,971.947
5150,114,255,670.447,971.982
5151,40,255,953.450,971.625
5152,71,255,528.725,972.754
5153,77,255,874.617,974.045
5154,97,255,1119.655,973.933
5155,47,255,214.032,973.564
5156,89,255,1170.893,974.916
5157,28,255,1466.286,973.000
5158,138,255,322.768,976.812
5159,82,255,432.500,975.390
5160,78,255,556.179,975.436
5161,96,255,582.844,976.844
5162,54,255,1478.481,974.667
5163,104,255,1554.481,975.875
5164,43,255,17.779,975.570
5165,50,255,186.420,975.480
5166,56,255,227.339,975.696
5167,66,255,517.061,977.318
5168,35,255,567.786,975.843
5169,61,255,656.779,977.811
5170,97,255,1501.985,977.232
5171,69,255,1542.413,976.978
5172,59,255,1579.856,975.975
5173,70,255,65.729,977.871
5174,112,255,410.268,978.634
5175,130,255,499.785,978.092
5176,64,255,796.328,977.219
5177,37,255,827.473,976.122
5178,66,255,931.727,977.591
5179,79,255,1333.728,977.741
5180,62,255,1400.645,978.274
5181,65,255,456.069,978.085
5182,102,255,626.892,978.941
5183,59,255,705.093,977.500
5184,52,255,805.923,977.750
5185,59,255,836.381,977.805
5186,56,255,942.732,978.018
5187,53,255,987.123,978.443
5188,34,255,1231.147,976.500
5189,28,255,1358.500,976.679
5190,49,255,254.929,978.990
5191,54,255,298.630,978.963
5192,85,255,1375.053,980.100
5193,99,255,1431.348,979.258
5194,44,255,535.773,979.568
5195,73,255,645.596,980.623
5196,47,255,735.415,979.840
5197,43,255,818.058,979.058
5198,56,255,890.857,979.964
5199,71,255,1030.937,981.697
5200,34,255,1265.000,978.588
5201,24,255,30.208,979.458
5202,45,255,124.811,980.211
5203,129,255,381.438,984.360
5204,53,255,443.519,981.047
5205,55,255,615.100,981.445
5206,126,255,905.913,983.373
5207,89,255,1179.489,984.579
5208,146,255,1194.363,984.822
5209,103,255,1585.063,984.617
5210,133,255,92.320,983.756
5211,77,255,682.058,982.552
5212,52,255,49.115,982.923
5213,62,255,200.097,983.032
5214,57,255,1346.746,982.430
5215,53,255,1452.670,982.538
5216,70,255,1484.300,984.100
5217,40,255,179.250,983.275
5218,110,255,230.736,984.709
5219,136,255,348.279,984.647
5220,124,255,476.565,985.411
5221,110,255,764.955,985.645
5222,39,255,1441.321,984.397
5223,152,255,283.513,987.487
5224,89,255,1005.478,985.275
5225,77,255,1071.214,985.097
5226,110,255,214.255,986.445
5227,121,255,303.698,989.674
5228,88,255,543.250,987.932
5229,68,255,858.485,985.559
5230,42,255,1042.143,985.595
5231,60,255,1474.867,987.783
5232,152,255,1527.382,988.467
5233,108,255,14.250,988.120
5234,115,255,143.474,990.526
5235,62,255,268.919,987.306
5236,39,255,669.192,986.090
5237,56,255,985.625,986.214
5238,82,255,1409.463,987.622
5239,74,255,599.811,988.662
5240,104,255,1218.913,988.596
5241,70,255,1551.514,988.086
5242,62,255,162.161,989.419
5243,48,255,397.021,988.667
5244,52,255,705.423,989.327
5245,58,255,733.448,988.466
5246,69,255,830.732,988.964
5247,45,255,840.811,988.211
5248,55,255,873.973,988.718
5249,107,255,957.313,990.014
5250,118,255,1267.831,989.483
5251,69,255,121.283,990.804
5252,20,255,411.350,988.050
5253,79,255,573.943,990.829
5254,45,255,713.611,989.811
5255,43,255,781.198,989.174
5256,124,255,1135.202,994.694
5257,27,255,1231.722,989.093
5258,144,255,1249.236,991.972
5259,64,255,1459.641,990.516
5260,191,255,31.971,995.385
5261,99,255,130.015,994.722
5262,42,255,323.119,990.857
5263,76,255,528.118,991.461
5264,114,255,560.930,993.974
5265,78,255,1297.910,989.885
5266,32,255,1353.750,990.000
5267,70,255,1391.600,991.929
5268,41,255,55.695,991.378
5269,61,255,458.123,991.861
5270,38,255,496.447,991.158
5271,54,255,696.426,992.074
5272,126,255,1117.437,993.214
5273,113,255,1312.500,996.137
5274,84,255,243.583,993.679
5275,80,255,657.575,993.800
5276,131,255,805.431,993.393
5277,68,255,67.456,994.618
5278,95,255,624.553,996.500
5279,77,255,1023.916,994.604
5280,80,255,1102.175,995.725
5281,136,255,1326.816,996.257
5282,28,255,419.036,993.786
5283,43,255,487.244,995.570
5284,81,255,637.932,995.735
5285,85,255,771.771,995.994
5286,46,255,1036.696,994.196
5287,77,255,1066.305,995.565
5288,64,255,1089.984,995.891
5289,98,255,1150.235,996.663
5290,48,255,1442.729,994.333
5291,49,255,1492.459,994.969
5292,46,255,1544.087,994.587
5293,77,255,173.344,996.604
5294,39,255,334.218,995.808
5295,41,255,378.720,994.841
5296,112,255,674.571,997.527
5297,170,255,1376.435,1000.400
5298,63,255,227.548,997.817
5299,109,255,259.830,999.977
5300,82,255,448.463,999.598
5301,32,255,914.000,996.000
5302,49,255,1299.235,997.133
5303,31,255,1363.435,996.532
5304,107,255,90.949,998.556
5305,57,255,714.658,997.518
5306,131,255,848.744,999.782
5307,63,255,905.040,998.595
5308,50,255,978.120,997.220
5309,62,255,1343.032,998.468
5310,22,255,268.273,997.727
5311,180,255,507.050,1001.061
5312,46,255,736.087,997.935
5313,20,255,1553.700,997.650
5314,29,255,1597.983,998.603
5315,89,255,436.803,1002.096
5316,95,255,1407.216,1000.932
5317,27,255,186.981,1000.389
5318,92,255,321.033,1002.402
5319,47,255,408.926,1000.543
5320,120,255,876.850,1003.967
5321,138,255,1170.304,1003.833
5322,129,255,1565.221,1003.539
5323,43,255,10.151,1001.686
5324,48,255,51.021,1000.354
5325,63,255,165.421,1002.008
5326,68,255,598.074,1003.088
5327,71,255,1014.430,1003.528
5328,71,255,1504.908,1002.232
5329,59,255,108.347,1003.161
5330,43,255,292.174,1001.895
5331,36,255,643.083,1002.694
5332,61,255,955.090,1002.287
5333,48,255,1204.396,1002.771
5334,87,255,1431.810,1002.764
5335,73,255,1591.459,1005.377
5336,69,255,538.717,1005.558
5337,78,255,586.064,1004.769
5338,171,255,938.032,1008.184
5339,73,255,1002.500,1005.007
5340,30,255,275.367,1004.467
5341,39,255,308.218,1004.167
5342,117,255,335.363,1006.389
5343,56,255,379.625,1004.214
5344,116,255,1043.112,1006.526
5345,98,255,1193.867,1007.184
5346,150,255,210.520,1007.880
5347,102,255,353.578,1006.608
5348,61,255,423.615,1006.090
5349,108,255,553.111,1008.343
5350,30,255,562.733,1005.367
5351,25,255,762.540,1004.380
5352,108,255,981.519,1008.435
5353,101,255,1247.856,1006.312
5354,57,255,468.640,1007.061
5355,49,255,657.255,1006.092
5356,55,255,776.555,1006.627
5357,78,255,819.872,1007.077
5358,122,255,899.139,1009.361
5359,59,255,1398.110,1007.449
5360,78,255,789.756,1008.115
5361,171,255,1102.687,1010.558
5362,78,255,1534.436,1008.038
5363,145,255,148.052,1012.045
5364,57,255,174.237,1009.518
5365,67,255,190.082,1009.843
5366,46,255,806.739,1008.957
5367,59,255,1182.449,1009.636
5368,61,255,1293.795,1010.025
5369,113,255,1452.695,1010.420
5370,47,255,1496.691,1008.479
5371,39,255,64.782,1009.038
5372,135,255,620.633,1010.915
5373,35,255,673.100,1008.157
5374,98,255,740.990,1010.398
5375,86,255,841.291,1010.302
5376,74,255,966.959,1011.851
5377,58,255,124.103,1011.103
5378,38,255,243.789,1010.974
5379,35,255,413.700,1009.957
5380,141,255,705.961,1014.337
5381,41,255,1329.500,1010.256
5382,76,255,1521.553,1012.763
5383,103,255,43.238,1013.791
5384,139,255,270.435,1014.759
5385,59,255,725.042,1011.449
5386,33,255,1211.076,1010.439
5387,75,255,1484.273,1011.713
5388,22,255,524.455,1011.591
5389,20,255,685.550,1011.300
5390,149,255,954.789,1014.721
5391,44,255,1055.295,1012.477
5392,69,255,1132.036,1013.790
5393,64,255,1155.344,1013.109
5394,34,255,1282.529,1012.794
5395,33,255,99.924,1013.470
5396,77,255,367.526,1014.955
5397,43,255,447.360,1013.128
5398,60,255,636.367,1015.067
5399,35,255,769.986,1013.900
5400,109,255,1117.995,1017.445
5401,49,255,72.378,1015.357
5402,22,255,292.273,1014.091
5403,108,255,385.611,1017.537
5404,36,255,472.417,1014.417
5405,44,255,666.591,1014.364
5406,57,255,756.939,1014.553
5407,46,255,1320.913,1015.130
5408,78,255,1511.500,1015.744
5409,188,255,1556.755,1016.793
5410,91,255,20.291,1017.027
5411,60,255,89.567,1016.500
5412,39,255,161.321,1015.192
5413,52,255,178.519,1015.635
5414,59,255,200.873,1016.551
5415,34,255,599.765,1014.588
5416,82,255,1348.451,1017.354
5417,135,255,1468.337,1018.744
5418,48,255,108.667,1016.729
5419,53,255,227.896,1018.368
5420,87,255,428.362,1017.511
5421,81,255,453.870,1018.290
5422,77,255,489.136,1018.539
5423,61,255,581.811,1016.730
5424,88,255,910.318,1019.148
5425,75,255,1308.780,1017.047
5426,86,255,354.209,1019.116
5427,53,255,687.840,1017.142
5428,49,255,531.582,1019.357
5429,100,255,811.070,1019.230
5430,39,255,235.731,1019.705
5431,23,255,253.717,1018.587
5432,82,255,324.000,1019.988
5433,38,255,344.289,1019.421
5434,36,255,1576.639,1018.361
5435,104,255,507.452,1022.894
5436,21,255,544.452,1019.690
5437,74,255,1154.135,1021.473
5438,47,255,1270.223,1021.011
5439,52,255,1416.288,1021.558
5440,88,255,1435.648,1021.739
5441,69,255,1453.022,1020.906
5442,72,255,113.819,1023.056
5443,40,255,610.550,1021.075
5444,32,255,1136.250,1020.562
5445,75,255,1222.407,1021.393
5446,25,255,552.500,1023.100
5447,77,255,657.669,1023.279
5448,45,255,1021.789,1021.767
5449,118,255,1080.034,1024.229
5450,106,255,1255.047,1026.075
5451,37,255,1330.284,1021.824
5452,58,255,1377.621,1023.310
5453,22,255,1598.364,1022.682
5454,61,255,141.008,1024.221
5455,96,255,285.927,1025.677
5456,43,255,1388.407,1023.500
5457,174,255,403.155,1028.339
5458,58,255,690.845,1024.397
5459,66,255,752.167,1024.712
5460,55,255,859.155,1024.955
5461,80,255,876.350,1027.338
5462,67,255,1049.082,1024.858
5463,64,255,1353.797,1025.969
5464,71,255,438.148,1026.528
5465,97,255,577.180,1027.469
5466,64,255,901.969,1027.781
5467,61,255,129.057,1027.648
5468,70,255,472.829,1027.286
5469,53,255,592.594,1027.274
5470,20,255,726.000,1025.500
5471,21,255,956.119,1024.929
5472,60,255,1174.667,1026.267
5473,29,255,1338.569,1026.534
5474,38,255,1523.342,1026.474
5475,66,255,1576.091,1026.833
5476,28,255,48.000,1026.714
5477,103,255,87.850,1028.675
5478,86,255,232.791,1027.744
5479,62,255,521.839,1027.710
5480,99,255,738.005,1028.965
5481,62,255,1281.468,1027.468
5482,95,255,1488.637,1030.153
5483,75,255,217.260,1030.073
5484,103,255,324.587,1031.102
5485,115,255,560.778,1031.283
5486,61,255,1239.910,1029.828
5487,40,255,103.075,1029.300
5488,25,255,150.460,1029.260
5489,112,255,182.107,1031.366
5490,45,255,272.233,1030.344
5491,125,255,299.628,1033.340
5492,51,255,538.382,1029.775
5493,149,255,795.064,1032.312
5494,37,255,1017.014,1030.392
5495,38,255,1197.158,1029.447
5496,38,255,1265.447,1029.579
5497,99,255,67.934,1032.561
5498,31,255,263.210,1030.048
5499,53,255,461.236,1030.425
5500,40,255,711.475,1029.350
5501,63,255,1408.611,1030.643
5502,61,255,451.697,1031.598
5503,126,255,619.294,1034.016
5504,45,255,649.611,1031.967
5505,50,255,910.420,1032.560
5506,100,255,1306.850,1031.640
5507,122,255,375.861,1033.639
5508,113,255,817.208,1034.305
5509,50,255,1143.100,1032.500
5510,52,255,1436.135,1031.923
5511,64,255,1532.156,1032.891
5512,63,255,58.452,1035.294
5513,104,255,345.000,1035.981
5514,79,255,945.816,1035.373
5515,89,255,1064.174,1033.298
5516,44,255,1203.750,1033.523
5517,107,255,696.743,1036.248
5518,61,255,1226.943,1034.221
5519,45,255,115.256,1035.478
5520,50,255,659.520,1035.980
5521,47,255,1170.734,1035.117
5522,42,255,1181.167,1035.310
5523,83,255,1367.476,1036.042
5524,34,255,16.853,1036.265
5525,55,255,42.973,1036.609
5526,27,255,170.722,1035.944
5527,66,255,547.879,1036.758
5528,64,255,639.922,1036.516
5529,33,255,990.227,1035.652
5530,163,255,240.684,1042.887
5531,48,255,481.833,1037.688
5532,58,255,671.621,1038.069
5533,150,255,772.907,1040.673
5534,51,255,868.892,1038.284
5535,35,255,1009.129,1037.843
5536,77,255,1279.630,1038.513
5537,81,255,1547.031,1038.265
5538,58,255,1564.345,1037.707
5539,94,255,33.521,1041.309
5540,25,255,128.180,1037.220
5541,41,255,709.768,1037.988
5542,78,255,1038.897,1038.987
5543,29,255,195.017,1039.086
5544,42,255,468.595,1038.786
5545,40,255,1499.775,1038.825
5546,62,255,88.823,1041.629
5547,129,255,358.252,1043.616
5548,55,255,101.409,1042.336
5549,118,255,143.186,1043.466
5550,91,255,160.698,1043.335
5551,153,255,209.225,1043.010
5552,108,255,598.593,1042.815
5553,70,255,858.943,1042.929
5554,35,255,1071.957,1040.957
5555,73,255,1404.623,1041.705
5556,74,255,1455.878,1042.622
5557,33,255,1597.803,1041.591
5558,121,255,273.872,1044.831
5559,24,255,1025.292,1041.625
5560,55,255,1237.318,1042.864
5561,23,255,393.978,1043.022
5562,77,255,411.396,1044.461
5563,54,255,573.926,1043.130
5564,101,255,1096.064,1044.876
5565,50,255,1196.340,1043.620
5566,51,255,1250.225,1043.422
5567,61,255,1339.762,1043.516
5568,34,255,1518.265,1043.118
5569,36,255,323.750,1043.389
5570,62,255,514.919,1044.742
5571,40,255,1183.525,1044.425
5572,78,255,1264.551,1045.308
5573,115,255,114.848,1049.057
5574,71,255,382.655,1045.134
5575,64,255,497.219,1046.266
5576,53,255,1143.972,1045.934
5577,60,255,1312.867,1045.583
5578,91,255,473.544,1047.874
5579,109,255,628.518,1049.161
5580,78,255,884.500,1046.603
5581,51,255,126.892,1047.225
5582,23,255,315.283,1046.891
5583,68,255,444.750,1048.294
5584,100,255,809.860,1049.380
5585,39,255,823.936,1047.141
5586,56,255,1121.536,1047.393
5587,55,255,1157.191,1047.555
5588,50,255,1388.040,1048.240
5589,49,255,193.561,1048.582
5590,58,255,343.121,1048.483
5591,44,255,370.386,1048.886
5592,61,255,920.402,1048.172
5593,88,255,1419.773,1048.693
5594,74,255,295.392,1051.027
5595,43,255,306.733,1050.105
5596,94,255,537.872,1051.181
5597,147,255,580.173,1054.459
5598,38,255,1379.263,1049.474
5599,65,255,1541.254,1050.777
5600,28,255,1550.036,1048.429
5601,50,255,64.140,1050.180
5602,42,255,184.119,1051.548
5603,98,255,793.837,1051.898
5604,51,255,1287.304,1049.951
5605,62,255,1337.081,1050.274
5606,88,255,1579.136,1050.932
5607,71,255,619.880,1053.810
5608,84,255,321.714,1053.690
5609,20,255,394.750,1051.550
5610,92,255,433.402,1055.304
5611,141,255,218.642,1057.748
5612,102,255,1053.922,1055.539
5613,32,255,1189.750,1052.344
5614,36,255,1199.028,1053.556
5615,47,255,1485.096,1053.138
5616,74,255,46.270,1058.581
5617,72,255,84.833,1055.319
5618,57,255,411.360,1054.342
5619,170,255,600.759,1058.165
5620,56,255,733.696,1054.929
5621,72,255,756.986,1055.431
5622,53,255,167.802,1057.123
5623,24,255,706.625,1054.667
5624,111,255,717.572,1057.437
5625,26,255,745.731,1055.154
5626,37,255,995.122,1054.824
5627,24,255,1068.917,1054.458
5628,31,255,1265.048,1054.306
5629,46,255,1517.130,1055.609
5630,113,255,255.040,1059.164
5631,97,255,452.541,1059.644
5632,72,255,551.542,1056.903
5633,90,255,1466.933,1058.267
5634,98,255,70.786,1061.704
5635,99,255,234.247,1058.662
5636,26,255,985.846,1057.308
5637,66,255,1026.333,1057.136
5638,35,255,1452.243,1056.614
5639,36,255,359.750,1058.389
5640,72,255,830.500,1058.944
5641,26,255,885.038,1057.731
5642,70,255,900.371,1057.971
5643,42,255,1213.524,1058.429
5644,40,255,1369.100,1057.500
5645,105,255,176.462,1063.614
5646,75,255,202.807,1060.793
5647,104,255,341.769,1060.567
5648,67,255,943.679,1060.575
5649,68,255,1105.162,1058.750
5650,22,255,1224.000,1058.500
5651,63,255,1418.151,1060.516
5652,51,255,378.363,1060.363
5653,49,255,398.582,1060.276
5654,74,255,1340.230,1061.351
5655,62,255,25.871,1061.935
5656,33,255,308.803,1060.591
5657,50,255,390.220,1061.680
5658,65,255,687.115,1061.454
5659,43,255,927.337,1060.616
5660,33,255,951.985,1061.530
5661,111,255,1298.149,1063.131
5662,62,255,1505.597,1061.565
5663,60,255,1568.783,1062.650
5664,86,255,97.209,1064.267
5665,40,255,146.800,1062.175
5666,32,255,501.656,1062.156
5667,25,255,740.540,1061.140
5668,146,255,131.171,1067.144
5669,53,255,281.991,1064.085
5670,75,255,1077.420,1064.500
5671,61,255,1233.139,1063.549
5672,53,255,1324.462,1063.594
5673,35,255,1486.300,1062.957
5674,28,255,1597.750,1063.500
5675,53,255,6.500,1064.387
5676,80,255,240.137,1066.700
5677,183,255,470.041,1070.336
5678,101,255,508.530,1067.490
5679,58,255,651.983,1065.741
5680,46,255,855.739,1064.565
5681,37,255,867.014,1063.581
5682,40,255,911.025,1064.025
5683,45,255,1120.567,1064.056
5684,74,255,1355.986,1065.189
5685,93,255,269.747,1067.274
5686,45,255,424.744,1065.611
5687,61,255,520.418,1066.385
5688,71,255,664.162,1066.289
5689,45,255,777.211,1065.589
5690,106,255,59.094,1068.613
5691,42,255,313.190,1066.524
5692,67,255,406.321,1067.306
5693,91,255,546.423,1067.005
5694,54,255,702.241,1066.519
5695,83,255,933.717,1067.669
5696,34,255,1250.382,1065.353
5697,49,255,1268.888,1066.561
5698,42,255,1577.548,1066.738
5699,35,255,83.271,1067.071
5700,128,255,110.711,1070.586
5701,85,255,636.241,1068.947
5702,150,255,1131.453,1073.193
5703,50,255,1369.560,1067.740
5704,44,255,1458.023,1067.636
5705,47,255,900.521,1068.372
5706,24,255,1144.667,1067.875
5707,97,255,1157.840,1069.923
5708,78,255,1472.872,1070.372
5709,67,255,40.515,1070.470
5710,57,255,147.921,1070.096
5711,82,255,289.061,1070.378
5712,27,255,302.204,1069.056
5713,34,255,579.500,1068.824
5714,32,255,844.688,1068.750
5715,102,255,1033.990,1071.598
5716,21,255,1070.500,1068.833
5717,33,255,1592.773,1068.712
5718,50,255,161.780,1070.160
5719,103,255,381.316,1072.684
5720,61,255,756.549,1070.172
5721,75,255,1382.620,1070.713
5722,45,255,829.678,1071.167
5723,76,255,1517.211,1073.158
5724,20,255,1405.400,1071.450
5725,32,255,1496.312,1071.500
5726,71,255,218.021,1073.965
5727,102,255,353.686,1074.422
5728,66,255,727.727,1074.076
5729,52,255,1190.269,1073.577
5730,74,255,1485.392,1075.892
5731,47,255,394.223,1074.181
5732,90,255,483.344,1075.933
5733,51,255,992.069,1074.637
5734,31,255,1004.016,1074.242
5735,51,255,1015.186,1074.108
5736,130,255,1114.600,1078.808
5737,54,255,1396.148,1075.593
5738,30,255,1413.133,1073.867
5739,44,255,202.159,1075.273
5740,79,255,250.639,1076.804
5741,31,255,983.919,1075.371
5742,119,255,1097.324,1077.895
5743,24,255,1288.750,1074.000
5744,30,255,1505.433,1074.433
5745,41,255,193.207,1078.915
5746,114,255,954.684,1080.263
5747,127,255,1077.713,1081.264
5748,107,255,1224.715,1079.678
5749,99,255,1329.581,1077.985
5750,58,255,1563.103,1076.121
5751,110,255,177.400,1078.845
5752,52,255,644.346,1078.173
5753,83,255,842.151,1078.090
5754,36,255,1256.194,1078.444
5755,36,255,1265.222,1076.861
5756,25,255,1277.940,1077.220
5757,163,255,1313.856,1083.261
5758,70,255,313.543,1080.200
5759,62,255,573.339,1078.468
5760,88,255,660.011,1079.591
5761,36,255,792.611,1078.000
5762,56,255,973.821,1079.625
5763,37,255,66.527,1079.122
5764,114,255,543.816,1083.053
5765,23,255,900.152,1077.978
5766,60,255,1062.267,1080.033
5767,153,255,1171.918,1081.944
5768,61,255,79.893,1080.959
5769,38,255,301.289,1079.605
5770,70,255,332.257,1081.371
5771,104,255,415.019,1082.433
5772,50,255,444.080,1081.900
5773,26,255,931.962,1080.115
5774,83,255,400.524,1082.886
5775,82,255,704.195,1082.756
5776,78,255,745.372,1082.397
5777,62,255,861.903,1081.790
5778,68,255,1199.412,1082.809
5779,43,255,26.593,1083.314
5780,123,255,239.809,1086.817
5781,89,255,288.062,1084.298
5782,46,255,1041.130,1084.370
5783,78,255,1296.397,1084.423
5784,31,255,1347.500,1083.081
5785,43,255,1444.453,1082.733
5786,62,255,133.323,1084.919
5787,106,255,156.632,1086.142
5788,78,255,363.833,1084.782
5789,58,255,583.862,1084.586
5790,55,255,1050.936,1084.882
5791,50,255,1358.900,1084.320
5792,31,255,1497.210,1085.242
5793,47,255,259.947,1085.500
5794,36,255,694.611,1085.611
5795,69,255,785.703,1085.572
5796,66,255,920.515,1086.258
5797,78,255,1218.103,1086.987
5798,97,255,1241.799,1087.613
5799,24,255,1569.958,1084.708
5800,65,255,112.592,1087.531
5801,23,255,205.848,1085.022
5802,34,255,347.353,1086.206
5803,59,255,481.517,1086.364
5804,31,255,1577.339,1085.371
5805,47,255,10.074,1088.053
5806,62,255,60.194,1087.935
5807,52,255,1333.808,1088.654
5808,49,255,1368.990,1087.296
5809,64,255,1385.000,1088.906
5810,70,255,89.214,1089.357
5811,69,255,124.007,1090.167
5812,55,255,469.300,1089.064
5813,55,255,904.409,1088.882
5814,27,255,936.352,1087.537
5815,97,255,1429.562,1091.170
5816,26,255,1537.500,1087.000
5817,73,255,103.651,1091.226
5818,44,255,215.909,1089.818
5819,72,255,270.111,1090.444
5820,90,255,1146.978,1091.322
5821,80,255,1396.638,1091.588
5822,115,255,358.526,1092.630
5823,81,255,816.488,1093.475
5824,27,255,891.907,1089.944
5825,43,255,1282.128,1090.919
5826,33,255,1551.864,1088.833
5827,84,255,200.036,1092.821
5828,75,255,322.900,1091.873
5829,32,255,800.688,1090.250
5830,42,255,838.905,1090.738
5831,26,255,1509.269,1090.615
5832,91,255,26.973,1093.863
5833,43,255,612.337,1092.547
5834,52,255,624.769,1092.231
5835,88,255,717.205,1093.489
5836,54,255,1035.204,1092.981
5837,44,255,1181.250,1093.182
5838,37,255,1196.878,1091.608
5839,27,255,1457.981,1090.833
5840,60,255,1574.533,1092.950
5841,98,255,403.102,1094.724
5842,59,255,43.669,1094.568
5843,75,255,171.767,1094.687
5844,36,255,342.306,1093.917
5845,77,255,827.630,1095.708
5846,20,255,1101.550,1093.400
5847,34,255,1114.324,1094.265
5848,51,255,1132.853,1094.716
5849,32,255,1207.406,1094.000
5850,47,255,1358.096,1094.479
5851,42,255,1410.048,1094.405
5852,21,255,1561.071,1093.595
5853,70,255,67.386,1096.671
5854,50,255,598.300,1095.120
5855,65,255,738.038,1094.977
5856,83,255,867.946,1096.295
5857,81,255,447.809,1097.130
5858,34,255,513.324,1096.029
5859,49,255,848.663,1096.724
5860,31,255,1301.984,1095.919
5861,64,255,228.828,1097.203
5862,79,255,430.120,1097.538
5863,56,255,584.375,1097.607
5864,33,255,807.833,1097.409
5865,81,255,929.537,1097.179
5866,39,255,1063.397,1097.679
5867,43,255,1088.081,1097.523
5868,45,255,1274.011,1097.656
5869,23,255,258.935,1097.761
5870,40,255,794.375,1098.075
5871,23,255,138.022,1098.500
5872,33,255,215.379,1098.106
5873,29,255,557.569,1098.293
5874,29,255,674.569,1098.431
5875,27,255,765.870,1098.130
5876,22,255,783.000,1098.136
5877,31,255,910.339,1098.081
