 ,Area,Mean,X,Y
1,85,255,404.465,3.665
2,31,255,502.758,2.081
3,24,255,537.083,1.833
4,68,255,754.529,2.235
5,53,255,827.500,1.462
6,43,255,853.965,2.384
7,23,255,966.196,1.370
8,68,255,984.559,2.794
9,61,255,1101.795,2.631
10,61,255,355.844,6.352
11,98,255,1068.551,8.939
12,181,255,319.224,11.555
13,68,255,337.618,8.706
14,145,255,375.500,12.038
15,55,255,459.682,8.500
16,25,255,485.540,6.380
17,47,255,874.989,7.096
18,40,255,889.950,7.425
19,50,255,294.380,11.640
20,30,255,304.067,10.300
21,54,255,692.315,10.611
22,73,255,1075.952,13.240
23,69,255,282.196,12.703
24,108,255,449.454,17.787
25,23,255,473.587,13.326
26,33,255,759.258,12.470
27,30,255,824.800,13.033
28,118,255,1125.627,21.653
29,84,255,17.726,21.238
30,51,255,345.029,20.069
31,37,255,363.041,19.608
32,38,255,747.158,18.895
33,38,255,247.026,20.868
34,48,255,396.396,22.271
35,36,255,623.472,22.056
36,66,255,1096.242,22.091
37,76,255,383.868,23.776
38,104,255,409.865,25.163
39,100,255,430.720,24.460
40,27,255,528.426,21.056
41,46,255,184.348,24.848
42,23,255,201.848,23.543
43,23,255,6.065,24.587
44,20,255,1079.450,23.850
45,20,255,823.200,24.900
46,41,255,111.720,27.646
47,23,255,352.196,26.717
48,30,255,190.700,28.300
49,24,255,343.375,27.500
50,27,255,361.500,27.722
51,30,255,688.133,28.133
52,33,255,784.015,28.409
53,26,255,796.615,26.731
54,38,255,67.158,29.368
55,31,255,97.726,30.081
56,37,255,297.608,28.878
57,31,255,878.403,29.565
58,41,255,122.354,30.890
59,53,255,628.198,31.160
60,45,255,1060.811,31.122
61,27,255,13.019,32.093
62,26,255,129.615,32.846
63,58,255,139.810,33.845
64,41,255,246.085,32.841
65,61,255,42.303,35.189
66,47,255,291.926,34.734
67,38,255,183.684,34.316
68,52,255,811.192,35.750
69,40,255,25.225,35.725
70,37,255,1033.068,36.878
71,52,255,120.231,38.481
72,52,255,274.327,38.269
73,36,255,1159.833,40.028
74,29,255,167.845,40.328
75,65,255,417.685,42.254
76,39,255,139.474,43.346
77,32,255,1216.344,43.438
78,44,255,289.523,45.182
79,85,255,395.900,46.394
80,26,255,1183.923,44.500
81,62,255,48.565,47.016
82,21,255,282.167,45.214
83,43,255,766.919,45.523
84,26,255,518.231,46.308
85,42,255,833.357,47.952
86,45,255,37.522,50.300
87,42,255,853.357,50.524
88,70,255,1161.386,52.871
89,39,255,413.423,52.910
90,32,255,614.656,51.625
91,30,255,906.833,52.700
92,41,255,1231.695,52.890
93,21,255,1258.738,54.024
94,118,255,57.161,58.864
95,32,255,268.156,55.281
96,38,255,372.737,57.079
97,28,255,40.786,58.179
98,34,255,93.000,59.500
99,38,255,985.368,59.658
100,32,255,606.500,59.781
101,35,255,824.871,62.786
102,44,255,1285.659,62.795
103,24,255,73.083,61.583
104,45,255,920.433,61.856
105,21,255,1175.548,61.024
106,23,255,182.717,63.630
107,40,255,273.575,62.375
108,112,255,1322.741,65.286
109,59,255,424.890,65.754
110,20,255,192.650,64.250
111,77,255,369.214,66.825
112,39,255,467.474,64.500
113,53,255,953.896,68.292
114,78,255,543.923,67.205
115,80,255,623.925,68.275
116,39,255,902.192,67.782
117,35,255,334.757,67.700
118,52,255,873.404,68.654
119,28,255,219.250,67.071
120,37,255,1002.284,68.581
121,23,255,1138.457,67.891
122,46,255,984.478,69.696
123,42,255,168.571,71.429
124,27,255,202.722,70.759
125,55,255,278.409,71.555
126,35,255,963.100,72.014
127,53,255,292.670,74.500
128,53,255,350.406,72.745
129,41,255,718.500,74.500
130,61,255,265.746,76.713
131,41,255,677.720,76.232
132,22,255,1339.909,74.818
133,61,255,223.828,76.861
134,120,255,559.617,80.342
135,68,255,612.235,80.500
136,24,255,734.417,78.083
137,24,255,16.250,78.667
138,42,255,586.857,77.905
139,51,255,67.186,82.382
140,32,255,895.156,80.406
141,31,255,492.532,80.758
142,35,255,572.014,83.071
143,103,255,961.587,85.646
144,46,255,701.435,83.326
145,24,255,996.792,83.000
146,64,255,79.188,86.766
147,80,255,814.413,87.100
148,39,255,1070.603,85.090
149,51,255,631.990,86.814
150,112,255,658.071,88.750
151,54,255,683.259,87.222
152,61,255,762.402,86.270
153,51,255,1332.206,86.461
154,39,255,897.090,87.936
155,28,255,1418.607,86.286
156,55,255,256.427,89.555
157,107,255,524.846,90.930
158,93,255,796.790,90.027
159,37,255,888.122,89.203
160,44,255,1412.318,90.318
161,63,255,398.770,91.675
162,93,255,160.392,93.210
163,40,255,582.525,93.400
164,41,255,1162.890,91.988
165,97,255,593.387,95.747
166,184,255,777.804,97.614
167,34,255,871.000,93.971
168,21,255,1422.929,93.214
169,22,255,1436.909,93.182
170,69,255,740.268,97.746
171,67,255,752.037,97.485
172,37,255,1066.959,95.149
173,86,255,375.744,96.733
174,22,255,639.682,95.591
175,76,255,571.355,99.868
176,128,255,86.258,103.820
177,63,255,97.484,100.389
178,112,255,547.580,100.286
179,44,255,1222.182,98.795
180,36,255,936.417,99.389
181,60,255,1161.467,100.317
182,72,255,611.014,103.403
183,176,255,647.807,105.466
184,54,255,691.685,100.870
185,25,255,248.500,100.100
186,76,255,732.829,104.908
187,22,255,864.591,100.591
188,69,255,1062.007,103.833
189,70,255,2.829,105.643
190,112,255,853.732,104.768
191,55,255,1320.500,103.464
192,49,255,1485.888,102.929
193,45,255,1498.367,102.233
194,22,255,18.500,103.000
195,52,255,376.654,104.577
196,97,255,524.314,105.469
197,37,255,931.932,104.419
198,112,255,714.500,106.821
199,44,255,1440.000,104.818
200,189,255,271.183,109.733
201,97,255,632.562,108.634
202,120,255,698.858,110.192
203,86,255,810.837,106.698
204,30,255,1476.133,105.633
205,45,255,229.033,108.278
206,100,255,589.220,109.010
207,51,255,677.422,107.402
208,56,255,968.982,107.250
209,93,255,442.962,111.113
210,91,255,911.071,110.709
211,82,255,1429.793,110.366
212,27,255,237.500,108.981
213,82,255,661.378,111.415
214,25,255,1200.100,108.140
215,52,255,756.654,112.173
216,35,255,1497.100,110.186
217,64,255,402.609,112.641
218,110,255,788.427,114.945
219,22,255,859.591,110.591
220,28,255,99.750,111.750
221,61,255,772.336,114.467
222,23,255,868.283,111.891
223,74,255,903.932,115.595
224,25,255,1055.700,112.100
225,62,255,345.016,114.500
226,140,255,514.307,117.843
227,37,255,964.176,114.203
228,39,255,974.321,113.782
229,22,255,1529.136,112.182
230,81,255,1071.969,117.080
231,35,255,1352.071,114.557
232,35,255,29.471,116.186
233,161,255,290.823,121.127
234,122,255,803.230,120.836
235,55,255,311.573,121.373
236,67,255,337.843,120.097
237,95,255,551.363,122.342
238,40,255,735.575,120.300
239,181,255,836.959,122.981
240,78,255,569.897,121.526
241,203,255,609.855,124.515
242,75,255,748.167,122.847
243,102,255,38.971,123.304
244,79,255,239.424,122.399
245,85,255,370.124,122.124
246,80,255,766.612,122.800
247,52,255,1391.250,120.500
248,79,255,95.259,122.487
249,71,255,252.683,122.894
250,45,255,895.456,122.456
251,116,255,402.819,124.897
252,119,255,490.181,125.475
253,58,255,679.310,123.603
254,65,255,871.885,124.085
255,40,255,1121.225,124.000
256,167,255,202.590,127.524
257,57,255,587.658,123.693
258,57,255,1051.096,124.395
259,58,255,1095.138,124.500
260,96,255,350.490,126.323
261,112,255,437.304,127.473
262,115,255,912.909,126.500
263,52,255,972.404,125.077
264,32,255,1231.312,124.750
265,35,255,111.757,126.929
266,24,255,479.333,126.208
267,27,255,654.574,126.056
268,57,255,1061.412,128.377
269,89,255,229.579,129.343
270,175,255,275.174,130.557
271,117,255,461.483,129.654
272,143,255,666.871,131.500
273,26,255,60.846,127.846
274,87,255,720.891,130.626
275,42,255,105.167,130.833
276,30,255,740.100,129.767
277,45,255,1394.900,131.544
278,67,255,421.619,131.769
279,62,255,248.435,132.887
280,113,255,777.226,134.075
281,28,255,804.821,131.214
282,96,255,880.781,134.615
283,127,255,929.988,134.815
284,26,255,1574.154,130.385
285,101,255,3.223,138.045
286,213,255,23.308,137.228
287,117,255,505.423,134.509
288,48,255,1414.042,132.958
289,70,255,336.400,135.286
290,80,255,371.775,134.912
291,27,255,1277.648,133.833
292,66,255,413.545,136.045
293,124,255,531.540,138.331
294,72,255,543.417,136.208
295,66,255,588.015,134.682
296,144,255,630.347,138.868
297,138,255,991.493,139.167
298,87,255,1055.328,136.109
299,55,255,290.445,138.209
300,74,255,300.068,139.162
301,83,255,453.163,139.464
302,118,255,1097.093,139.017
303,165,255,1170.761,139.852
304,72,255,215.750,138.847
305,115,255,353.326,139.917
306,91,255,430.632,139.775
307,133,255,654.372,141.199
308,65,255,686.346,138.746
309,56,255,1150.196,137.857
310,70,255,1077.971,140.857
311,22,255,1337.409,137.409
312,63,255,741.087,140.913
313,28,255,1225.786,139.393
314,120,255,763.567,144.358
315,36,255,804.611,139.417
316,87,255,388.328,142.385
317,111,255,570.347,144.743
318,54,255,1405.426,142.204
319,73,255,105.582,145.308
320,49,255,121.847,143.765
321,88,255,587.364,144.489
322,78,255,1107.038,145.897
323,97,255,696.985,146.191
324,35,255,812.814,144.100
325,42,255,1305.786,143.238
326,62,255,281.226,145.468
327,82,255,397.500,147.646
328,96,255,1197.250,146.802
329,34,255,197.647,145.353
330,65,255,919.177,148.038
331,43,255,1187.500,147.221
332,49,255,184.194,146.378
333,58,255,476.897,147.190
334,25,255,1260.260,145.540
335,130,255,40.738,150.615
336,99,255,97.773,150.894
337,88,255,420.864,149.318
338,173,255,439.153,152.523
339,21,255,605.119,145.929
340,134,255,800.522,150.851
341,46,255,1216.826,146.913
342,72,255,317.528,149.792
343,59,255,466.958,150.127
344,37,255,551.959,148.284
345,78,255,909.782,152.038
346,160,255,1121.025,152.188
347,21,255,81.119,148.452
348,60,255,174.033,151.583
349,50,255,733.180,149.260
350,154,255,892.260,154.026
351,51,255,1018.598,150.147
352,61,255,503.189,152.057
353,41,255,685.890,151.280
354,137,255,196.529,155.500
355,76,255,1385.237,153.513
356,52,255,6.635,154.750
357,64,255,777.844,153.500
358,134,255,987.925,155.239
359,148,255,1056.196,158.074
360,139,255,1089.867,156.126
361,124,255,115.605,156.839
362,30,255,380.567,153.600
363,153,255,742.670,158.173
364,104,255,357.269,157.375
365,100,255,516.290,156.720
366,25,255,608.780,154.780
367,95,255,624.974,157.037
368,72,255,656.153,155.250
369,87,255,1157.994,155.845
370,83,255,474.861,156.464
371,110,255,305.555,160.545
372,75,255,693.487,157.367
373,65,255,707.023,158.069
374,22,255,962.682,156.500
375,191,255,565.301,160.353
376,88,255,1074.034,159.580
377,41,255,1171.598,159.159
378,140,255,132.679,161.257
379,66,255,221.818,159.455
380,84,255,719.024,159.667
381,59,255,240.381,162.805
382,35,255,1252.014,158.986
383,25,255,1453.060,158.300
384,53,255,212.085,162.292
385,27,255,459.722,159.870
386,59,255,763.771,161.958
387,197,255,1134.911,166.637
388,76,255,1281.539,161.961
389,26,255,1465.885,159.577
390,193,255,924.811,165.878
391,92,255,1397.587,164.935
392,100,255,182.170,165.180
393,73,255,611.432,164.842
394,42,255,1523.762,162.095
395,115,255,36.552,166.204
396,155,255,395.081,166.726
397,65,255,539.285,166.008
398,57,255,603.588,165.360
399,29,255,864.431,162.328
400,67,255,1210.366,166.067
401,55,255,1226.173,163.591
402,75,255,71.380,167.700
403,126,255,450.540,167.286
404,40,255,1314.275,166.675
405,45,255,1385.811,166.322
406,126,255,958.016,169.810
407,64,255,10.844,169.453
408,70,255,226.829,169.286
409,100,255,277.010,168.390
410,101,255,519.540,169.361
411,186,255,585.742,172.726
412,78,255,891.885,169.487
413,151,255,1096.745,171.123
414,100,255,1290.780,170.560
415,39,255,1376.423,169.833
416,115,255,92.961,172.509
417,38,255,207.211,169.842
418,44,255,419.750,169.523
419,82,255,799.951,170.841
420,51,255,1020.912,169.990
421,85,255,1071.206,171.112
422,57,255,155.482,171.482
423,59,255,491.195,171.602
424,70,255,662.143,172.771
425,168,255,724.661,173.357
426,94,255,1154.457,172.266
427,51,255,822.931,172.990
428,113,255,868.642,173.677
429,92,255,983.043,175.489
430,70,255,1306.129,172.829
431,36,255,257.083,172.444
432,93,255,356.199,175.027
433,84,255,501.798,174.238
434,149,255,687.701,175.587
435,70,255,793.400,175.486
436,58,255,831.552,174.103
437,152,255,1167.388,175.928
438,32,255,1181.250,172.938
439,112,255,336.893,174.920
440,71,255,368.979,175.359
441,181,255,472.920,178.097
442,77,255,761.877,175.032
443,121,255,23.731,178.037
444,20,255,458.200,173.000
445,46,255,621.370,174.587
446,47,255,630.840,175.926
447,126,255,949.921,178.206
448,92,255,1038.793,177.848
449,67,255,1122.142,175.993
450,114,255,80.719,178.342
451,90,255,169.511,177.711
452,89,255,312.567,177.882
453,51,255,384.069,176.049
454,119,255,432.777,179.349
455,29,255,641.121,174.500
456,121,255,704.459,178.062
457,106,255,846.689,178.519
458,85,255,1196.606,176.324
459,70,255,245.800,177.429
460,50,255,287.600,177.840
461,86,255,972.558,179.919
462,114,255,403.553,180.474
463,161,255,1225.848,181.239
464,46,255,144.152,179.239
465,25,255,814.900,177.540
466,53,255,1015.160,179.066
467,89,255,1029.635,182.376
468,46,255,455.130,180.457
469,66,255,616.000,182.773
470,121,255,739.459,184.748
471,50,255,900.140,183.120
472,23,255,118.717,180.717
473,63,255,910.944,181.405
474,64,255,994.812,182.562
475,85,255,51.865,185.676
476,89,255,194.792,184.871
477,197,255,217.622,186.398
478,110,255,560.773,184.664
479,85,255,835.547,184.324
480,41,255,1238.280,184.768
481,25,255,1276.260,181.700
482,27,255,1553.167,182.167
483,47,255,155.904,183.840
484,112,255,1302.348,186.286
485,24,255,1342.208,182.917
486,32,255,1439.812,183.156
487,109,255,750.050,186.647
488,134,255,1114.761,188.664
489,95,255,339.426,187.711
490,143,255,513.101,188.906
491,83,255,98.596,188.693
492,56,255,411.804,188.643
493,108,255,662.611,189.676
494,116,255,917.690,189.000
495,27,255,1545.278,187.278
496,82,255,294.098,189.037
497,98,255,860.796,189.102
498,159,255,1073.714,191.104
499,128,255,1188.406,190.938
500,75,255,1311.713,189.727
501,65,255,5.838,190.300
502,80,255,39.000,191.775
503,77,255,262.916,189.994
504,63,255,437.563,189.913
505,34,255,1276.294,188.206
506,30,255,1334.467,188.400
507,45,255,29.678,189.522
508,69,255,115.978,191.355
509,53,255,145.179,189.915
510,103,255,710.665,191.636
511,49,255,1380.418,189.827
512,158,255,85.671,194.114
513,88,255,137.011,193.455
514,68,255,787.206,191.912
515,89,255,881.365,192.669
516,72,255,1000.528,192.736
517,80,255,1050.237,194.088
518,113,255,179.553,194.739
519,51,255,386.676,192.422
520,75,255,795.460,193.780
521,141,255,1259.323,194.089
522,65,255,1326.823,192.500
523,188,255,238.670,198.436
524,95,255,398.174,194.489
525,131,255,456.760,195.805
526,116,255,547.405,194.362
527,34,255,500.000,193.794
528,187,255,679.265,196.666
529,85,255,775.876,195.665
530,28,255,848.357,193.250
531,108,255,949.296,196.009
532,20,255,1390.950,192.600
533,136,255,200.610,197.735
534,152,255,362.454,197.770
535,81,255,936.290,196.278
536,51,255,1207.931,195.382
537,125,255,1347.292,197.580
538,114,255,1427.570,197.254
539,104,255,606.135,199.154
540,58,255,630.345,196.603
541,88,255,1011.523,197.500
542,34,255,1397.176,194.853
543,67,255,268.366,197.978
544,124,255,310.121,199.250
545,93,255,383.737,201.081
546,108,255,531.037,199.343
547,125,255,1370.748,199.508
548,39,255,31.346,198.090
549,82,255,124.439,200.366
550,43,255,815.105,197.407
551,48,255,345.688,199.146
552,64,255,577.078,199.484
553,88,255,892.614,201.273
554,73,255,1147.432,199.089
555,127,255,637.319,205.091
556,129,255,1131.151,202.802
557,131,255,68.744,204.492
558,112,255,696.393,203.420
559,72,255,765.319,201.417
560,95,255,832.700,202.195
561,64,255,1155.578,202.594
562,60,255,1289.483,200.783
563,43,255,1559.035,202.570
564,115,255,42.022,206.691
565,146,255,429.370,207.479
566,65,255,802.485,205.762
567,82,255,865.305,205.793
568,91,255,1386.335,204.951
569,196,255,15.577,208.255
570,138,255,405.804,207.290
571,95,255,468.774,206.437
572,67,255,845.843,205.754
573,42,255,1472.310,204.000
574,28,255,155.643,204.893
575,174,255,171.339,209.655
576,97,255,601.149,209.160
577,106,255,720.594,208.066
578,149,255,1203.527,209.601
579,104,255,256.500,208.990
580,32,255,1145.156,206.656
581,95,255,1435.637,208.647
582,49,255,79.888,208.704
583,86,255,338.186,209.186
584,68,255,733.368,210.265
585,138,255,1238.413,210.341
586,81,255,287.451,210.488
587,216,255,657.532,212.500
588,97,255,960.438,210.180
589,84,255,460.714,212.036
590,49,255,767.969,208.867
591,33,255,932.348,210.227
592,179,255,1066.472,214.455
593,150,255,1264.940,212.733
594,131,255,125.256,213.118
595,102,255,527.833,213.029
596,40,255,853.875,211.375
597,140,255,912.714,214.014
598,73,255,1081.514,212.130
599,66,255,1314.121,211.818
600,79,255,349.589,213.133
601,53,255,481.821,212.783
602,68,255,517.618,214.515
603,131,255,1092.553,217.279
604,27,255,1110.574,211.685
605,131,255,154.805,215.630
606,214,255,198.715,217.491
607,53,255,497.255,213.934
608,184,255,560.511,217.011
609,182,255,677.511,217.313
610,61,255,1189.270,212.992
611,69,255,1401.775,214.703
612,219,255,219.094,219.112
613,134,255,415.306,217.813
614,154,255,581.162,216.468
615,122,255,1041.410,217.344
616,48,255,1141.083,213.917
617,30,255,1425.167,213.267
618,77,255,1460.331,214.708
619,78,255,1479.090,214.410
620,34,255,110.118,214.176
621,55,255,806.500,215.845
622,35,255,880.300,214.900
623,71,255,1249.711,217.627
624,82,255,739.256,217.817
625,29,255,1161.776,215.776
626,31,255,93.339,218.048
627,153,255,713.873,223.755
628,95,255,759.447,219.205
629,137,255,890.150,221.712
630,91,255,1292.137,219.489
631,25,255,1574.820,216.500
632,74,255,507.000,219.297
633,39,255,595.679,219.987
634,65,255,1230.777,220.331
635,98,255,1339.918,220.010
636,88,255,614.602,222.318
637,87,255,540.178,222.718
638,41,255,857.524,220.915
639,146,255,1009.466,225.253
640,29,255,74.914,220.776
641,151,255,105.546,226.116
642,44,255,454.977,222.091
643,94,255,477.213,224.436
644,91,255,1166.104,224.236
645,75,255,1362.900,223.340
646,27,255,1388.130,220.500
647,71,255,264.697,224.232
648,72,255,437.514,224.319
649,43,255,1472.035,222.709
650,123,255,328.142,226.451
651,169,255,357.009,229.979
652,98,255,953.673,226.245
653,84,255,54.667,226.964
654,186,255,303.285,230.962
655,59,255,497.619,226.975
656,95,255,605.521,228.963
657,95,255,933.258,229.268
658,119,255,1127.315,228.063
659,82,255,1243.744,227.537
660,38,255,1372.526,226.026
661,64,255,158.109,229.250
662,82,255,382.098,227.720
663,45,255,768.456,226.744
664,146,255,1200.260,230.445
665,80,255,1413.412,229.688
666,112,255,84.929,229.964
667,65,255,1154.885,228.115
668,73,255,1398.062,229.021
669,58,255,35.707,228.759
670,126,255,176.024,232.024
671,168,255,241.357,235.667
672,92,255,644.826,230.859
673,52,255,900.538,230.231
674,159,255,1312.846,232.752
675,50,255,1583.000,229.060
676,155,255,1341.597,233.597
677,109,255,1454.161,230.995
678,126,255,661.571,233.063
679,53,255,1467.632,231.142
680,76,255,1478.566,231.829
681,148,255,18.791,235.209
682,163,255,459.077,236.715
683,116,255,733.578,234.241
684,55,255,989.009,232.609
685,87,255,145.983,235.489
686,175,255,285.466,237.203
687,98,255,341.112,234.561
688,65,255,568.346,233.346
689,59,255,849.297,233.466
690,60,255,256.917,235.250
691,91,255,783.731,235.148
692,118,255,1038.008,238.136
693,84,255,1147.643,235.583
694,79,255,1283.513,234.335
695,30,255,1292.600,233.500
696,120,255,37.325,237.617
697,56,255,546.357,234.643
698,99,255,577.369,236.975
699,102,255,974.990,236.814
700,72,255,396.694,236.708
701,67,255,1357.799,237.291
702,91,255,420.929,238.808
703,133,255,815.989,239.778
704,23,255,860.065,235.891
705,92,255,868.022,239.620
706,45,255,1366.767,237.456
707,109,255,1066.839,239.509
708,31,255,158.048,238.081
709,96,255,390.677,242.271
710,86,255,443.174,240.698
711,57,255,598.763,239.518
712,58,255,1026.241,240.517
713,212,255,186.925,245.632
714,86,255,264.453,241.884
715,96,255,432.740,242.750
716,47,255,900.500,240.117
717,95,255,1108.721,241.963
718,36,255,1405.167,240.000
719,97,255,474.613,242.789
720,125,255,1158.988,243.900
721,72,255,499.694,242.444
722,85,255,1015.359,244.253
723,86,255,1560.093,243.314
724,91,255,127.621,244.731
725,27,255,205.130,241.648
726,89,255,365.230,244.702
727,63,255,341.881,245.135
728,100,255,377.990,245.890
729,35,255,552.014,243.443
730,54,255,688.481,244.426
731,124,255,739.040,246.210
732,156,255,1176.314,246.000
733,75,255,1472.927,244.847
734,112,255,4.036,249.062
735,27,255,94.500,243.907
736,174,255,226.695,248.782
737,43,255,1096.500,244.895
738,180,255,1195.672,248.628
739,200,255,1421.655,248.400
740,123,255,210.622,248.793
741,48,255,544.000,245.812
742,123,255,777.801,248.183
743,80,255,846.112,249.250
744,116,255,1232.879,247.698
745,143,255,1319.990,247.031
746,54,255,45.852,247.370
747,30,255,1552.233,245.867
748,132,255,140.242,251.758
749,93,255,487.231,250.833
750,113,255,519.553,250.633
751,109,255,625.858,249.665
752,117,255,607.355,251.449
753,162,255,799.525,252.074
754,75,255,1592.273,249.927
755,103,255,99.568,252.286
756,115,255,872.743,252.170
757,40,255,961.100,249.875
758,167,255,32.069,253.722
759,31,255,171.726,250.339
760,59,255,324.449,252.212
761,106,255,1082.726,252.142
762,64,255,500.469,252.594
763,93,255,754.898,252.715
764,102,255,828.716,254.294
765,117,255,1449.115,253.406
766,165,255,283.270,257.421
767,92,255,581.696,254.261
768,22,255,713.636,252.182
769,55,255,944.682,251.864
770,47,255,1395.989,253.500
771,54,255,1553.426,252.630
772,128,255,1103.852,255.875
773,138,255,162.478,258.558
774,174,255,558.006,257.586
775,101,255,266.332,258.629
776,59,255,474.924,255.771
777,158,255,532.342,259.259
778,77,255,701.357,257.929
779,83,255,768.440,258.440
780,78,255,965.782,257.910
781,73,255,1055.938,257.815
782,49,255,83.071,256.704
783,125,255,125.052,258.844
784,34,255,592.059,256.941
785,147,255,647.187,260.119
786,100,255,663.560,259.240
787,40,255,893.425,256.300
788,143,255,1003.633,259.724
789,77,255,1331.942,257.526
790,106,255,858.094,260.368
791,28,255,1433.000,257.500
792,114,255,406.184,261.667
793,86,255,630.616,260.000
794,166,255,682.319,263.910
795,29,255,730.810,258.810
796,165,255,1162.809,263.106
797,76,255,1267.868,260.579
798,30,255,1285.433,259.433
799,51,255,1297.343,259.225
800,108,255,1487.676,261.102
801,32,255,1513.625,259.312
802,37,255,1524.230,259.635
803,79,255,94.462,263.196
804,124,255,248.798,263.750
805,62,255,444.935,261.855
806,72,255,617.847,262.764
807,134,255,941.343,264.418
808,166,255,1207.928,264.813
809,93,255,1305.565,262.801
810,48,255,1342.583,261.562
811,133,255,1586.635,263.974
812,44,255,1464.500,262.273
813,78,255,71.615,263.192
814,59,255,416.619,264.466
815,57,255,600.781,263.518
816,22,255,1035.273,261.909
817,52,255,1080.038,262.615
818,22,255,1255.227,261.045
819,79,255,1350.297,264.994
820,58,255,289.121,265.259
821,152,255,359.138,267.947
822,88,255,504.795,265.864
823,120,255,1388.308,265.900
824,102,255,1369.010,268.127
825,64,255,1497.141,265.922
826,127,255,384.272,269.067
827,130,255,814.215,268.392
828,62,255,1048.903,266.581
829,112,255,1124.054,268.688
830,125,255,1416.980,268.236
831,81,255,486.068,267.809
832,152,255,45.230,270.914
833,97,255,1142.273,270.119
834,35,255,1518.729,267.586
835,62,255,194.242,270.742
836,77,255,374.149,270.903
837,54,255,709.519,270.222
838,102,255,722.686,271.647
839,114,255,794.202,271.535
840,65,255,1247.423,269.177
841,46,255,1551.435,268.630
842,72,255,303.111,270.833
843,72,255,332.986,270.806
844,151,255,430.454,274.123
845,33,255,1032.742,269.742
846,71,255,1445.035,271.387
847,38,255,1.816,272.500
848,103,255,258.869,273.238
849,76,255,698.447,271.921
850,108,255,976.306,272.583
851,108,255,208.537,274.065
852,54,255,852.056,273.389
853,125,255,136.572,274.852
854,99,255,183.288,275.298
855,89,255,344.567,274.331
856,91,255,917.390,273.841
857,41,255,89.671,273.451
858,76,255,895.079,275.026
859,85,255,1339.253,276.041
860,40,255,1406.525,273.075
861,60,255,169.183,275.433
862,28,255,748.500,274.107
863,53,255,1232.519,274.858
864,118,255,81.373,278.788
865,77,255,637.747,277.214
866,52,255,871.615,276.288
867,84,255,947.881,277.417
868,115,255,1016.700,277.943
869,163,255,1478.132,279.248
870,183,255,1310.030,281.555
871,51,255,1551.520,277.461
872,29,255,64.707,276.121
873,139,255,229.543,280.500
874,66,255,509.348,278.742
875,112,255,28.348,281.554
876,45,255,553.167,278.633
877,31,255,844.726,279.210
878,126,255,1210.873,280.960
879,104,255,1325.644,281.423
880,62,255,1426.952,279.742
881,103,255,320.422,282.461
882,41,255,459.061,279.915
883,77,255,580.500,281.136
884,87,255,615.971,282.787
885,88,255,666.920,281.784
886,77,255,690.435,281.825
887,35,255,955.729,278.900
888,164,255,1101.799,284.433
889,153,255,1261.533,282.160
890,99,255,1390.864,281.066
891,113,255,156.075,282.960
892,122,255,309.311,284.893
893,64,255,833.484,283.281
894,90,255,1177.211,282.378
895,86,255,675.802,283.977
896,121,255,1084.434,284.442
897,124,255,1157.056,283.677
898,140,255,1559.614,286.621
899,110,255,247.309,285.118
900,89,255,395.770,285.140
901,79,255,821.348,284.133
902,68,255,1028.632,284.206
903,118,255,1492.627,286.271
904,20,255,93.300,283.750
905,80,255,116.425,285.238
906,63,255,196.992,284.675
907,144,255,444.514,287.632
908,147,255,753.704,286.704
909,95,255,1116.742,286.047
910,133,255,1277.342,286.342
911,52,255,139.712,285.135
912,95,255,217.089,287.900
913,83,255,850.548,286.536
914,47,255,963.968,286.053
915,92,255,977.293,286.337
916,33,255,1512.742,283.803
917,134,255,48.836,288.672
918,111,255,271.815,288.527
919,145,255,349.355,287.914
920,52,255,548.038,287.173
921,140,255,780.936,290.364
922,131,255,64.844,290.805
923,71,255,259.585,289.035
924,92,255,504.728,290.163
925,74,255,528.932,288.811
926,96,255,565.156,288.938
927,79,255,885.108,289.285
928,116,255,1375.086,289.069
929,131,255,735.324,291.660
930,24,255,934.958,289.083
931,23,255,170.761,289.717
932,68,255,913.691,291.588
933,116,255,1234.595,292.767
934,97,255,150.170,293.871
935,52,255,368.096,291.788
936,51,255,409.402,292.147
937,95,255,491.826,293.595
938,64,255,1171.578,292.359
939,88,255,628.943,294.182
940,50,255,716.140,293.000
941,122,255,997.738,295.451
942,87,255,1345.443,295.638
943,94,255,330.436,295.649
944,87,255,969.316,296.672
945,116,255,477.509,296.879
946,123,255,1255.362,298.061
947,32,255,2.156,295.688
948,46,255,1440.261,294.978
949,112,255,1535.705,298.357
950,23,255,1592.196,294.587
951,83,255,399.717,298.536
952,127,255,799.681,299.618
953,129,255,818.345,300.981
954,105,255,1073.414,300.205
955,78,255,571.167,299.346
956,88,255,701.625,299.000
957,105,255,1241.167,300.690
958,121,255,1457.971,301.855
959,120,255,1579.808,299.783
960,99,255,11.995,301.268
961,63,255,519.960,300.500
962,59,255,539.314,299.924
963,89,255,641.073,301.478
964,82,255,1046.451,300.354
965,97,255,1204.418,300.335
966,94,255,1496.255,299.521
967,86,255,687.779,301.640
968,42,255,1361.048,299.905
969,94,255,303.755,302.649
970,44,255,615.818,301.386
971,90,255,1026.956,302.267
972,90,255,1430.933,302.867
973,93,255,465.522,304.349
974,82,255,529.451,304.402
975,101,255,882.035,304.243
976,48,255,1147.354,302.583
977,106,255,1410.189,303.094
978,65,255,67.808,304.423
979,137,255,771.850,305.230
980,59,255,906.890,303.941
981,97,255,941.593,304.325
982,106,255,1135.142,304.632
983,109,255,80.005,305.858
984,134,255,345.239,306.642
985,33,255,1.773,305.803
986,79,255,125.842,305.209
987,170,255,184.529,307.435
988,52,255,236.750,305.308
989,145,255,251.679,306.748
990,53,255,852.783,305.557
991,77,255,1442.851,306.422
992,164,255,143.579,309.762
993,72,255,585.444,306.625
994,115,255,670.109,307.996
995,108,255,1183.093,307.657
996,84,255,1295.643,307.405
997,51,255,1326.598,305.833
998,55,255,1563.064,307.064
999,80,255,1057.138,308.462
1000,92,255,227.891,310.685
1001,163,255,289.979,310.304
1002,34,255,411.353,307.765
1003,68,255,596.824,309.059
1004,68,255,842.735,308.471
1005,100,255,1307.790,310.010
1006,105,255,1514.900,309.433
1007,80,255,1595.825,309.562
1008,125,255,426.492,311.508
1009,70,255,444.371,309.414
1010,65,255,633.577,309.777
1011,154,255,1117.968,313.084
1012,59,255,1218.212,309.653
1013,40,255,502.725,309.850
1014,75,255,618.060,310.860
1015,66,255,783.258,311.061
1016,168,255,58.595,313.952
1017,76,255,384.303,311.855
1018,37,255,577.473,310.662
1019,67,255,1209.545,312.813
1020,103,255,713.316,314.539
1021,115,255,755.439,314.943
1022,91,255,1079.467,314.093
1023,90,255,1574.800,312.844
1024,67,255,120.366,314.888
1025,60,255,199.833,313.367
1026,68,255,1048.485,314.397
1027,147,255,1263.493,316.126
1028,98,255,1486.592,314.663
1029,100,255,107.390,315.330
1030,40,255,172.200,313.900
1031,129,255,273.329,316.531
1032,55,255,925.918,315.209
1033,30,255,1141.167,313.000
1034,140,255,219.586,320.164
1035,76,255,467.132,315.513
1036,121,255,1025.302,317.864
1037,102,255,1470.647,317.176
1038,68,255,399.265,316.985
1039,85,255,1131.724,318.606
1040,74,255,1167.054,316.770
1041,68,255,1325.985,316.382
1042,95,255,378.921,321.005
1043,77,255,495.318,318.942
1044,162,255,556.370,321.105
1045,179,255,1279.908,320.969
1046,111,255,85.545,320.401
1047,82,255,655.061,319.463
1048,104,255,801.202,319.760
1049,54,255,1342.741,319.370
1050,54,255,16.111,319.111
1051,56,255,591.250,319.643
1052,93,255,1418.704,319.242
1053,120,255,443.792,323.042
1054,28,255,765.964,318.679
1055,81,255,853.302,320.191
1056,86,255,1005.186,321.826
1057,130,255,1385.169,322.154
1058,60,255,31.800,321.067
1059,35,255,303.071,320.071
1060,114,255,348.237,323.754
1061,124,255,833.000,324.105
1062,78,255,1222.346,321.897
1063,65,255,100.900,323.808
1064,53,255,202.311,321.198
1065,159,255,1198.972,324.903
1066,81,255,420.340,324.747
1067,128,255,694.539,325.320
1068,91,255,113.357,327.368
1069,128,255,484.195,326.680
1070,21,255,936.548,322.976
1071,80,255,1182.463,324.663
1072,131,255,1553.233,326.836
1073,96,255,171.698,327.740
1074,135,255,512.322,328.041
1075,129,255,570.841,327.430
1076,79,255,663.057,327.082
1077,126,255,729.230,328.008
1078,81,255,1237.191,325.512
1079,98,255,1366.500,326.929
1080,153,255,1446.036,327.709
1081,108,255,159.056,328.398
1082,98,255,362.378,327.194
1083,88,255,601.830,327.455
1084,116,255,967.483,328.552
1085,64,255,1168.406,325.828
1086,124,255,1294.323,328.718
1087,57,255,774.254,327.219
1088,115,255,808.674,329.378
1089,22,255,892.182,325.364
1090,46,255,1099.391,326.870
1091,87,255,1507.305,327.833
1092,135,255,39.841,331.270
1093,89,255,749.275,329.904
1094,214,255,189.692,333.916
1095,136,255,310.904,331.853
1096,138,255,396.203,334.732
1097,174,255,634.655,333.460
1098,115,255,1254.230,330.500
1099,95,255,1399.226,330.132
1100,66,255,1570.970,330.318
1101,137,255,15.850,331.507
1102,36,255,1217.722,329.278
1103,89,255,1336.489,330.770
1104,85,255,330.759,332.394
1105,79,255,609.500,332.627
1106,113,255,865.942,333.739
1107,31,255,257.790,330.597
1108,71,255,289.880,333.049
1109,34,255,651.647,331.147
1110,76,255,762.039,333.000
1111,69,255,913.051,333.428
1112,24,255,1542.250,330.917
1113,89,255,139.736,335.152
1114,38,255,434.026,333.263
1115,108,255,1048.935,334.537
1116,93,255,582.952,336.231
1117,29,255,1007.845,332.776
1118,147,255,1079.724,337.452
1119,96,255,378.552,336.875
1120,101,255,703.688,336.163
1121,85,255,1503.359,335.818
1122,54,255,1595.222,335.574
1123,63,255,1183.214,335.325
1124,118,255,1535.305,338.500
1125,80,255,168.825,338.675
1126,75,255,1228.633,339.233
1127,121,255,1274.748,338.434
1128,104,255,97.740,339.856
1129,61,255,477.582,338.467
1130,85,255,653.888,339.100
1131,61,255,1471.041,338.648
1132,123,255,212.215,341.272
1133,80,255,261.325,339.812
1134,91,255,446.192,340.104
1135,164,255,721.140,343.750
1136,104,255,799.462,341.058
1137,57,255,1114.746,339.325
1138,82,255,78.707,341.146
1139,110,255,340.809,342.018
1140,124,255,537.823,342.597
1141,95,255,821.700,341.468
1142,138,255,946.486,342.442
1143,38,255,1249.579,339.605
1144,75,255,1586.033,341.193
1145,144,255,127.653,345.750
1146,167,255,463.722,344.835
1147,117,255,1380.842,342.756
1148,119,255,1429.483,341.937
1149,27,255,427.685,341.241
1150,109,255,1103.509,344.656
1151,165,255,247.785,347.130
1152,134,255,287.052,346.567
1153,45,255,903.567,341.811
1154,56,255,1326.125,344.054
1155,78,255,1574.333,344.462
1156,115,255,68.213,346.726
1157,174,255,668.994,349.086
1158,67,255,1186.440,345.097
1159,74,255,1562.122,345.662
1160,25,255,39.860,345.220
1161,137,255,508.887,348.077
1162,172,255,882.070,349.535
1163,73,255,1264.459,346.815
1164,33,255,1310.561,344.924
1165,22,255,154.227,345.500
1166,35,255,692.814,346.243
1167,112,255,746.268,350.545
1168,28,255,1011.821,346.286
1169,50,255,1338.660,347.320
1170,28,255,1367.357,346.000
1171,61,255,87.697,349.369
1172,154,255,569.273,350.766
1173,75,255,775.487,350.100
1174,86,255,924.233,349.360
1175,128,255,1414.477,350.062
1176,64,255,1461.391,348.531
1177,140,255,1210.179,351.550
1178,109,255,221.417,352.216
1179,75,255,380.140,350.993
1180,70,255,446.986,350.471
1181,114,255,525.886,351.982
1182,56,255,404.464,351.714
1183,23,255,416.109,349.761
1184,86,255,600.535,353.128
1185,70,255,1068.186,352.414
1186,46,255,1400.935,351.152
1187,54,255,1470.148,351.519
1188,101,255,119.243,354.470
1189,92,255,981.772,354.424
1190,95,255,1499.363,353.447
1191,78,255,303.936,354.923
1192,124,255,484.492,355.048
1193,31,255,699.500,352.500
1194,78,255,38.179,355.115
1195,76,255,105.303,355.395
1196,54,255,315.537,355.259
1197,20,255,423.850,353.300
1198,137,255,1053.245,357.595
1199,107,255,1081.453,356.967
1200,127,255,1177.154,358.083
1201,134,255,1197.604,358.746
1202,128,255,1308.648,356.969
1203,68,255,156.691,356.794
1204,25,255,204.220,355.420
1205,84,255,618.595,357.595
1206,35,255,827.671,355.357
1207,153,255,1132.042,358.441
1208,143,255,54.549,359.899
1209,89,255,295.062,359.354
1210,92,255,735.087,358.793
1211,24,255,1014.542,356.375
1212,115,255,1159.222,358.996
1213,34,255,765.176,357.824
1214,122,255,801.459,361.016
1215,113,255,961.190,360.288
1216,45,255,1459.789,357.411
1217,41,255,1482.256,357.012
1218,111,255,1557.284,358.905
1219,24,255,354.167,357.583
1220,56,255,1331.964,359.268
1221,64,255,1546.891,360.422
1222,210,255,274.071,366.110
1223,89,255,858.736,361.230
1224,56,255,906.571,360.482
1225,40,255,990.700,360.150
1226,110,255,1032.509,362.155
1227,26,255,640.269,360.385
1228,148,255,1274.399,363.304
1229,109,255,1375.243,363.922
1230,102,255,1526.990,362.333
1231,26,255,1598.615,361.692
1232,85,255,6.900,363.100
1233,191,255,187.898,365.662
1234,144,255,650.125,367.465
1235,112,255,786.696,363.804
1236,83,255,897.729,363.030
1237,110,255,1362.000,364.036
1238,128,255,79.539,366.047
1239,85,255,146.476,364.594
1240,102,255,165.461,365.824
1241,61,255,251.598,363.025
1242,121,255,325.822,364.764
1243,106,255,343.783,365.160
1244,112,255,380.777,366.866
1245,47,255,400.309,362.351
1246,89,255,468.691,364.961
1247,51,255,1430.284,362.951
1248,47,255,410.691,364.117
1249,87,255,1110.718,364.511
1250,74,255,1344.297,365.541
1251,23,255,1414.630,361.935
1252,117,255,22.415,367.269
1253,54,255,135.333,365.259
1254,80,255,593.388,366.350
1255,63,255,850.151,366.611
1256,201,255,97.147,371.888
1257,123,255,115.467,368.150
1258,79,255,1019.373,369.082
1259,93,255,1473.984,367.016
1260,104,255,216.385,369.058
1261,224,255,508.121,370.893
1262,61,255,582.025,367.975
1263,63,255,837.103,369.135
1264,87,255,943.247,367.902
1265,114,255,257.868,370.596
1266,74,255,675.514,368.568
1267,121,255,758.145,369.798
1268,77,255,824.864,368.838
1269,113,255,1171.712,370.872
1270,91,255,307.731,371.280
1271,91,255,358.060,370.082
1272,75,255,436.753,370.913
1273,39,255,691.833,368.731
1274,144,255,702.750,372.521
1275,94,255,984.202,370.372
1276,72,255,1327.736,371.097
1277,96,255,1517.385,370.625
1278,29,255,636.810,370.017
1279,48,255,1041.833,371.188
1280,83,255,1102.813,372.681
1281,61,255,1496.697,371.598
1282,136,255,236.860,374.375
1283,169,255,732.464,374.784
1284,127,255,1138.941,373.862
1285,75,255,127.553,374.100
1286,71,255,426.514,374.796
1287,71,255,1075.641,373.880
1288,42,255,1570.333,372.286
1289,87,255,603.799,375.178
1290,68,255,662.632,376.191
1291,50,255,1010.540,374.660
1292,72,255,1052.722,374.708
1293,103,255,1223.228,376.083
1294,177,255,1282.014,377.251
1295,72,255,1553.806,375.472
1296,79,255,5.095,377.158
1297,130,255,484.108,378.031
1298,76,255,683.158,375.789
1299,106,255,884.651,377.368
1300,68,255,901.926,375.882
1301,89,255,1116.466,376.489
1302,45,255,1381.633,374.944
1303,28,255,569.107,374.071
1304,28,255,1598.179,376.214
1305,67,255,807.022,378.067
1306,105,255,1037.252,379.338
1307,112,255,1354.179,379.250
1308,157,255,39.029,380.627
1309,36,255,1342.500,376.750
1310,51,255,525.912,379.402
1311,134,255,794.679,383.015
1312,74,255,1068.608,380.108
1313,55,255,1296.955,379.155
1314,129,255,1456.888,384.136
1315,72,255,213.250,380.389
1316,136,255,400.485,383.809
1317,154,255,819.877,384.013
1318,103,255,1165.704,382.529
1319,107,255,289.481,383.220
1320,101,255,1263.005,382.688
1321,93,255,56.855,383.586
1322,103,255,356.257,383.879
1323,91,255,25.731,385.412
1324,76,255,129.184,382.645
1325,68,255,433.132,383.779
1326,95,255,996.637,386.226
1327,119,255,1213.433,384.702
1328,75,255,634.820,385.287
1329,48,255,645.250,383.333
1330,45,255,668.367,383.700
1331,121,255,1488.946,387.822
1332,101,255,75.688,386.649
1333,93,255,187.016,387.059
1334,56,255,471.250,384.518
1335,141,255,1121.592,387.968
1336,73,255,415.678,386.692
1337,86,255,854.500,387.256
1338,119,255,980.954,389.761
1339,152,255,1307.099,388.520
1340,32,255,86.906,386.156
1341,74,255,385.095,388.459
1342,58,255,501.603,387.500
1343,122,255,274.525,389.705
1344,86,255,564.326,389.186
1345,159,255,697.638,393.167
1346,116,255,943.638,390.345
1347,102,255,329.098,390.578
1348,108,255,621.602,390.481
1349,112,255,652.866,392.107
1350,33,255,766.773,390.318
1351,91,255,1566.951,390.720
1352,56,255,12.696,389.714
1353,48,255,222.104,389.979
1354,64,255,447.969,393.188
1355,39,255,533.038,389.987
1356,107,255,757.238,392.603
1357,99,255,837.662,393.298
1358,125,255,870.252,393.148
1359,105,255,1240.786,391.890
1360,49,255,1384.949,390.357
1361,123,255,198.191,394.874
1362,121,255,729.913,394.087
1363,62,255,1373.065,393.177
1364,67,255,1509.187,391.485
1365,128,255,580.469,396.766
1366,68,255,907.618,394.000
1367,63,255,1004.770,394.103
1368,140,255,56.500,397.486
1369,151,255,240.619,396.719
1370,181,255,256.666,398.975
1371,121,255,507.103,397.227
1372,72,255,932.319,395.292
1373,90,255,1187.578,395.222
1374,55,255,1320.464,394.991
1375,111,255,1439.347,395.617
1376,59,255,165.890,395.347
1377,210,255,679.524,400.624
1378,146,255,1413.130,398.295
1379,107,255,116.379,397.977
1380,87,255,970.213,397.236
1381,61,255,1134.156,395.910
1382,64,255,1478.969,396.219
1383,104,255,1588.692,397.971
1384,198,255,150.970,401.429
1385,142,255,360.542,399.606
1386,76,255,484.763,397.211
1387,86,255,544.419,398.407
1388,27,255,889.093,395.426
1389,26,255,1207.808,395.615
1390,131,255,605.790,400.889
1391,130,255,745.754,400.662
1392,38,255,1168.368,397.711
1393,112,255,1275.438,399.259
1394,123,255,95.175,401.614
1395,66,255,401.379,400.121
1396,100,255,1031.270,401.030
1397,44,255,126.250,400.091
1398,39,255,825.474,399.244
1399,141,255,1214.408,402.358
1400,66,255,3.424,402.045
1401,63,255,422.294,402.167
1402,100,255,468.550,402.520
1403,125,255,778.852,403.788
1404,76,255,1577.500,401.737
1405,176,255,378.011,406.375
1406,126,255,1233.222,404.286
1407,54,255,1312.148,403.815
1408,25,255,285.140,402.300
1409,45,255,1012.456,404.100
1410,128,255,1072.164,405.055
1411,109,255,1338.775,404.197
1412,77,255,1391.110,403.669
1413,96,255,1532.167,403.958
1414,117,255,529.449,406.312
1415,113,255,1129.235,406.765
1416,26,255,1145.154,402.692
1417,92,255,105.174,407.250
1418,92,255,182.924,406.467
1419,56,255,213.911,405.786
1420,97,255,979.057,407.170
1421,102,255,1055.931,406.373
1422,98,255,1103.816,407.459
1423,78,255,1457.538,405.551
1424,93,255,814.027,407.360
1425,74,255,998.311,406.851
1426,109,255,48.161,409.417
1427,27,255,295.241,405.907
1428,83,255,509.801,407.608
1429,117,255,1091.799,410.825
1430,83,255,13.271,409.512
1431,39,255,391.705,408.731
1432,107,255,552.911,410.201
1433,132,255,697.576,410.242
1434,54,255,1327.574,409.370
1435,66,255,1381.697,409.409
1436,108,255,73.157,410.722
1437,114,255,172.404,412.307
1438,65,255,228.054,411.054
1439,78,255,282.167,412.167
1440,102,255,350.412,412.284
1441,125,255,1192.916,412.268
1442,86,255,1348.698,411.860
1443,139,255,26.263,413.730
1444,149,255,123.433,414.171
1445,133,255,138.545,413.741
1446,92,255,788.457,413.315
1447,100,255,828.180,412.440
1448,59,255,1161.720,411.212
1449,120,255,1403.925,413.350
1450,90,255,1419.300,413.033
1451,43,255,267.756,411.174
1452,112,255,312.696,414.214
1453,155,255,855.810,414.390
1454,117,255,426.953,416.517
1455,33,255,587.136,412.258
1456,158,255,760.797,415.646
1457,64,255,926.500,412.922
1458,95,255,1039.216,414.763
1459,111,255,449.941,415.680
1460,120,255,647.192,417.242
1461,94,255,716.372,416.223
1462,101,255,1584.153,415.074
1463,135,255,662.856,418.841
1464,76,255,885.461,416.105
1465,60,255,900.283,415.533
1466,86,255,1112.372,416.465
1467,69,255,909.486,417.341
1468,65,255,935.915,417.377
1469,67,255,1000.799,417.470
1470,47,255,1050.904,416.862
1471,53,255,1182.028,416.934
1472,84,255,985.619,419.321
1473,35,255,1490.757,417.443
1474,105,255,463.652,421.671
1475,99,255,1431.409,421.359
1476,134,255,1551.806,422.276
1477,120,255,193.942,422.592
1478,91,255,1249.016,421.698
1479,76,255,1366.211,421.368
1480,121,255,1381.252,422.426
1481,108,255,531.389,423.630
1482,68,255,672.838,423.118
1483,39,255,1072.449,422.269
1484,132,255,1160.924,425.227
1485,96,255,7.333,424.500
1486,89,255,514.994,424.388
1487,104,255,705.337,425.462
1488,109,255,947.216,425.564
1489,147,255,1132.956,425.554
1490,103,255,1205.655,424.733
1491,68,255,1313.338,424.191
1492,47,255,1483.160,424.160
1493,104,255,1520.317,424.913
1494,86,255,241.163,425.535
1495,26,255,321.654,423.577
1496,66,255,919.424,424.909
1497,104,255,297.779,426.760
1498,27,255,339.833,423.352
1499,101,255,1290.213,426.550
1500,21,255,1460.738,423.357
1501,139,255,1576.349,427.212
1502,38,255,275.184,425.658
1503,66,255,352.288,426.955
1504,107,255,382.136,428.556
1505,117,255,790.645,427.620
1506,170,255,892.471,429.412
1507,31,255,1024.339,425.210
1508,109,255,1062.408,428.904
1509,74,255,1111.027,425.838
1510,51,255,688.971,427.088
1511,90,255,1083.944,428.844
1512,52,255,1147.269,429.327
1513,94,255,83.255,431.426
1514,129,255,253.849,430.647
1515,81,255,283.870,429.204
1516,83,255,506.319,430.994
1517,156,255,559.538,431.321
1518,113,255,99.111,430.677
1519,77,255,497.162,431.812
1520,126,255,1228.841,431.032
1521,67,255,1033.187,430.560
1522,73,255,1533.486,431.199
1523,48,255,340.771,431.521
1524,49,255,486.643,431.153
1525,69,255,629.471,431.833
1526,104,255,932.375,433.337
1527,127,255,965.185,434.980
1528,144,255,1046.736,434.347
1529,32,255,310.469,432.031
1530,87,255,651.994,433.293
1531,66,255,837.000,433.348
1532,97,255,197.180,434.149
1533,32,255,219.312,432.344
1534,43,255,452.058,432.942
1535,114,255,761.904,435.588
1536,120,255,857.583,435.525
1537,108,255,981.435,434.769
1538,41,255,1070.939,433.378
1539,105,255,1186.090,435.271
1540,89,255,323.388,435.051
1541,111,255,599.482,436.050
1542,64,255,955.516,436.031
1543,84,255,1246.190,436.833
1544,64,255,1344.000,434.453
1545,90,255,1465.567,434.800
1546,143,255,43.969,437.675
1547,138,255,719.783,437.884
1548,104,255,818.673,435.933
1549,28,255,1016.036,434.214
1550,97,255,1591.675,435.912
1551,94,255,144.266,437.755
1552,27,255,305.500,435.204
1553,50,255,673.880,435.700
1554,21,255,422.452,436.500
1555,95,255,905.763,438.900
1556,48,255,1432.083,437.375
1557,67,255,71.754,438.590
1558,44,255,164.500,439.045
1559,36,255,182.083,437.833
1560,77,255,270.617,438.591
1561,119,255,617.954,440.021
1562,88,255,1135.659,440.420
1563,73,255,1268.938,439.527
1564,83,255,1386.476,439.705
1565,102,255,393.088,442.118
1566,73,255,1086.993,441.021
1567,94,255,1118.596,441.160
1568,47,255,1162.670,439.649
1569,90,255,93.444,442.211
1570,98,255,123.398,443.133
1571,101,255,156.005,444.401
1572,58,255,745.690,442.379
1573,110,255,1541.464,442.400
1574,21,255,215.500,440.643
1575,38,255,488.658,441.237
1576,47,255,1314.011,441.628
1577,50,255,564.440,442.740
1578,79,255,1207.639,444.766
1579,78,255,1217.564,445.000
1580,56,255,1444.250,443.357
1581,49,255,113.153,444.969
1582,134,255,293.336,445.963
1583,91,255,59.808,446.445
1584,124,255,355.597,447.234
1585,53,255,230.217,445.330
1586,30,255,513.700,445.433
1587,122,255,678.180,448.467
1588,70,255,832.300,447.371
1589,101,255,1372.609,447.847
1590,118,255,246.347,449.449
1591,39,255,1362.423,447.679
1592,103,255,1504.908,449.112
1593,114,255,816.895,449.833
1594,131,255,1171.424,449.973
1595,82,255,21.768,449.573
1596,143,255,445.437,452.535
1597,157,255,639.150,450.525
1598,125,255,692.988,451.436
1599,113,255,753.854,450.217
1600,155,255,970.287,452.932
1601,112,255,998.134,452.839
1602,83,255,1280.753,449.560
1603,140,255,428.536,452.779
1604,60,255,583.617,450.367
1605,94,255,597.872,451.819
1606,94,255,717.936,451.723
1607,88,255,840.670,451.352
1608,127,255,1064.650,453.327
1609,65,255,1293.977,450.177
1610,120,255,1418.917,451.717
1611,121,255,171.707,452.731
1612,102,255,405.843,453.147
1613,64,255,985.875,450.828
1614,62,255,1118.323,450.694
1615,27,255,1355.574,450.093
1616,144,255,77.451,454.340
1617,38,255,495.474,451.079
1618,83,255,1088.934,452.801
1619,42,255,1488.000,450.905
1620,116,255,191.000,454.905
1621,22,255,237.364,451.500
1622,148,255,873.432,455.345
1623,137,255,9.434,457.624
1624,34,255,551.206,454.176
1625,115,255,567.822,455.952
1626,133,255,788.711,456.906
1627,90,255,1243.000,454.533
1628,133,255,1437.868,457.921
1629,64,255,1571.047,453.875
1630,139,255,131.802,457.025
1631,26,255,215.423,454.038
1632,90,255,264.967,457.178
1633,100,255,25.300,457.830
1634,83,255,859.464,457.428
1635,102,255,895.059,458.029
1636,71,255,916.176,456.430
1637,74,255,1390.662,456.932
1638,83,255,274.765,458.633
1639,101,255,332.272,457.886
1640,104,255,664.933,458.115
1641,37,255,740.797,456.635
1642,27,255,1363.796,455.870
1643,54,255,41.833,458.481
1644,145,255,296.500,461.328
1645,140,255,377.500,460.200
1646,48,255,468.375,458.917
1647,105,255,1543.738,459.510
1648,93,255,61.532,460.414
1649,97,255,773.273,460.397
1650,48,255,801.208,459.708
1651,91,255,825.401,461.071
1652,190,255,1211.863,464.995
1653,111,255,480.176,462.689
1654,70,255,1142.557,460.500
1655,71,255,1226.655,460.528
1656,57,255,1299.746,460.184
1657,78,255,118.769,462.577
1658,92,255,354.902,461.978
1659,68,255,520.088,461.691
1660,45,255,533.789,460.856
1661,58,255,674.000,461.621
1662,162,255,846.988,465.593
1663,96,255,909.417,463.375
1664,87,255,1099.948,461.810
1665,90,255,1131.556,462.878
1666,71,255,1255.430,461.655
1667,74,255,324.703,464.162
1668,71,255,809.303,463.585
1669,46,255,1590.196,461.239
1670,91,255,146.610,463.863
1671,36,255,641.889,463.056
1672,97,255,760.995,465.284
1673,99,255,229.389,464.702
1674,138,255,1019.058,467.514
1675,91,255,1080.379,465.346
1676,43,255,1240.686,463.523
1677,105,255,1407.567,465.395
1678,21,255,1453.214,462.786
1679,87,255,1480.776,464.592
1680,131,255,723.813,467.332
1681,110,255,925.773,466.973
1682,114,255,989.833,467.737
1683,65,255,1030.962,465.515
1684,62,255,1282.355,464.355
1685,57,255,1308.588,465.851
1686,50,255,88.320,466.120
1687,96,255,106.583,467.750
1688,35,255,207.614,466.471
1689,96,255,181.062,468.229
1690,112,255,256.304,469.268
1691,92,255,341.391,468.739
1692,54,255,650.407,467.833
1693,62,255,951.226,467.661
1694,41,255,1113.793,466.744
1695,43,255,216.314,468.523
1696,51,255,282.637,468.559
1697,89,255,474.197,470.545
1698,85,255,1529.747,468.994
1699,84,255,361.143,470.702
1700,130,255,623.392,471.762
1701,76,255,687.658,469.553
1702,79,255,939.538,470.259
1703,68,255,1092.956,470.765
1704,110,255,1192.745,471.255
1705,84,255,1263.179,470.095
1706,86,255,1358.233,471.826
1707,72,255,60.722,469.819
1708,70,255,456.271,472.386
1709,67,255,1292.291,470.754
1710,73,255,1489.390,471.486
1711,58,255,1549.707,469.966
1712,35,255,566.414,470.700
1713,64,255,708.312,471.406
1714,144,255,1156.639,473.667
1715,26,255,1500.808,469.692
1716,28,255,1513.536,469.214
1717,24,255,47.083,471.708
1718,104,255,538.721,473.404
1719,49,255,861.418,472.276
1720,72,255,1106.556,473.181
1721,93,255,1125.263,473.392
1722,91,255,802.687,474.841
1723,78,255,1240.141,472.859
1724,64,255,1399.125,473.297
1725,49,255,1450.786,472.010
1726,76,255,2.947,476.882
1727,97,255,1560.232,475.469
1728,43,255,1580.477,473.430
1729,95,255,147.574,475.679
1730,68,255,287.441,477.294
1731,107,255,384.229,477.584
1732,76,255,602.211,476.342
1733,51,255,1050.480,474.578
1734,136,255,125.199,478.824
1735,88,255,226.466,476.932
1736,22,255,310.227,475.227
1737,132,255,494.053,477.386
1738,179,255,588.528,480.226
1739,83,255,657.524,477.645
1740,47,255,1010.372,476.011
1741,38,255,1065.553,475.579
1742,67,255,1343.828,476.067
1743,47,255,1369.606,476.862
1744,132,255,1424.735,479.205
1745,62,255,192.677,477.742
1746,28,255,406.607,476.143
1747,36,255,1254.833,477.694
1748,146,255,777.575,480.041
1749,115,255,945.057,480.743
1750,45,255,1310.256,476.856
1751,74,255,1521.432,478.419
1752,78,255,1573.436,479.692
1753,43,255,273.500,479.593
1754,47,255,829.862,478.840
1755,131,255,984.050,481.553
1756,34,255,1279.088,478.382
1757,94,255,239.840,482.064
1758,112,255,711.277,480.875
1759,56,255,879.911,479.411
1760,89,255,57.388,481.972
1761,31,255,1074.274,480.790
1762,84,255,1142.262,481.524
1763,82,255,1179.866,481.793
1764,28,255,1300.500,481.107
1765,81,255,1356.920,481.377
1766,29,255,1384.086,479.638
1767,99,255,1500.540,482.116
1768,128,255,211.203,483.953
1769,92,255,352.391,483.685
1770,96,255,628.281,483.635
1771,102,255,105.304,484.225
1772,144,255,430.618,486.556
1773,69,255,1170.790,484.065
1774,151,255,79.295,488.235
1775,114,255,453.053,485.974
1776,63,255,908.500,484.500
1777,141,255,1086.961,485.791
1778,107,255,1243.734,485.341
1779,56,255,1336.018,483.768
1780,157,255,1476.812,487.443
1781,91,255,12.918,486.203
1782,59,255,69.771,487.551
1783,52,255,537.962,485.288
1784,54,255,857.407,484.889
1785,29,255,1111.914,483.569
1786,105,255,1198.881,486.433
1787,45,255,1211.567,484.056
1788,72,255,1438.569,486.056
1789,77,255,93.747,486.760
1790,41,255,162.744,485.768
1791,132,255,692.098,490.227
1792,117,255,605.064,488.799
1793,119,255,725.382,488.971
1794,97,255,1585.665,488.263
1795,51,255,792.578,487.480
1796,91,255,1392.192,488.731
1797,43,255,1409.314,487.360
1798,66,255,1550.636,488.636
1799,84,255,24.619,490.857
1800,57,255,177.904,489.114
1801,126,255,1008.119,490.881
1802,167,255,45.638,494.003
1803,105,255,505.643,492.062
1804,87,255,580.086,492.431
1805,116,255,667.319,492.284
1806,105,255,807.957,491.767
1807,91,255,194.874,493.302
1808,92,255,549.641,492.315
1809,49,255,638.480,492.398
1810,43,255,759.291,490.453
1811,74,255,849.473,491.824
1812,140,255,1160.200,493.293
1813,104,255,1364.865,493.038
1814,76,255,1464.974,493.039
1815,77,255,1574.656,492.175
1816,101,255,160.817,493.946
1817,136,255,1042.434,494.176
1818,130,255,1257.438,494.162
1819,62,255,1019.806,495.258
1820,106,255,1117.396,494.443
1821,75,255,486.900,495.367
1822,67,255,749.590,494.545
1823,241,255,966.301,500.214
1824,58,255,1069.103,494.500
1825,30,255,1095.133,493.133
1826,55,255,1209.118,494.136
1827,29,255,1299.603,493.500
1828,102,255,1333.108,494.716
1829,54,255,1405.741,494.870
1830,56,255,516.304,496.768
1831,59,255,797.551,494.347
1832,112,255,917.375,496.545
1833,136,255,300.860,497.735
1834,60,255,358.717,496.967
1835,116,255,420.483,499.500
1836,62,255,472.048,496.484
1837,25,255,559.780,496.260
1838,105,255,707.890,498.071
1839,124,255,767.266,499.145
1840,114,255,990.228,499.307
1841,92,255,31.815,500.370
1842,47,255,253.011,498.181
1843,39,255,897.885,497.372
1844,47,255,1283.989,497.628
1845,104,255,9.529,502.606
1846,50,255,273.160,500.120
1847,95,255,739.089,501.311
1848,40,255,1136.275,499.050
1849,34,255,107.000,499.000
1850,37,255,380.743,499.527
1851,105,255,832.614,501.424
1852,98,255,1270.102,501.878
1853,152,255,1528.263,502.303
1854,102,255,217.206,502.147
1855,34,255,323.471,500.471
1856,28,255,369.357,500.321
1857,90,255,570.600,503.111
1858,107,255,888.930,503.098
1859,121,255,1310.442,502.946
1860,76,255,1355.934,502.118
1861,28,255,1476.679,500.107
1862,111,255,1584.896,502.050
1863,119,255,58.576,504.071
1864,44,255,145.159,501.432
1865,107,255,688.407,504.547
1866,22,255,1551.409,501.318
1867,39,255,389.705,502.731
1868,76,255,790.513,504.053
1869,20,255,1292.800,502.100
1870,23,255,116.109,503.022
1871,83,255,239.524,504.536
1872,89,255,134.489,506.792
1873,50,255,448.740,505.820
1874,60,255,471.917,506.650
1875,108,255,1053.398,507.204
1876,195,255,1183.859,508.495
1877,90,255,858.344,506.467
1878,43,255,1251.151,506.105
1879,109,255,1417.683,508.023
1880,102,255,1508.755,507.275
1881,119,255,159.382,509.147
1882,90,255,651.244,507.744
1883,54,255,1143.204,507.352
1884,134,255,76.761,509.873
1885,26,255,90.731,508.462
1886,44,255,508.818,507.909
1887,133,255,541.883,510.500
1888,39,255,752.321,507.423
1889,101,255,800.104,510.767
1890,120,255,926.683,510.250
1891,129,255,1010.050,509.957
1892,33,255,1298.015,508.015
1893,87,255,126.764,511.661
1894,94,255,233.947,511.521
1895,53,255,1156.745,508.708
1896,35,255,1435.129,508.071
1897,63,255,1463.294,509.929
1898,79,255,105.120,511.209
1899,128,255,624.117,512.039
1900,95,255,722.647,511.089
1901,39,255,356.603,510.218
1902,88,255,407.068,512.398
1903,48,255,702.250,510.333
1904,73,255,1135.541,514.390
1905,141,255,1324.564,512.755
1906,113,255,315.058,513.881
1907,108,255,366.657,514.019
1908,53,255,427.142,511.953
1909,84,255,642.333,515.238
1910,30,255,746.867,511.233
1911,114,255,200.860,514.544
1912,92,255,876.315,514.630
1913,81,255,900.167,514.315
1914,103,255,912.587,513.937
1915,52,255,1239.981,512.788
1916,99,255,1350.894,514.712
1917,34,255,173.412,513.471
1918,159,255,290.821,517.211
1919,165,255,598.548,516.688
1920,76,255,776.263,514.421
1921,125,255,1590.636,515.788
1922,35,255,976.557,513.929
1923,115,255,1096.396,516.587
1924,59,255,2.975,517.331
1925,154,255,664.701,521.045
1926,73,255,862.021,516.692
1927,110,255,1111.173,517.455
1928,88,255,1446.739,517.057
1929,88,255,716.989,518.784
1930,147,255,1476.915,519.112
1931,116,255,1560.716,518.698
1932,44,255,115.477,518.750
1933,87,255,146.328,519.270
1934,152,255,680.164,520.638
1935,29,255,749.293,517.190
1936,149,255,840.856,520.681
1937,74,255,890.095,519.514
1938,22,255,1433.000,517.773
1939,106,255,394.745,522.066
1940,121,255,1039.079,522.310
1941,39,255,1204.423,519.474
1942,124,255,1221.177,521.492
1943,155,255,1382.300,523.087
1944,94,255,1413.447,521.053
1945,63,255,183.754,521.690
1946,61,255,354.172,522.369
1947,71,255,462.599,521.739
1948,78,255,573.474,522.000
1949,96,255,739.604,523.510
1950,124,255,968.419,523.855
1951,112,255,989.893,523.812
1952,144,255,1075.688,524.028
1953,54,255,261.222,521.944
1954,117,255,215.073,524.893
1955,144,255,1578.583,526.319
1956,104,255,153.904,527.529
1957,48,255,385.812,524.458
1958,46,255,501.500,522.826
1959,79,255,857.880,524.741
1960,46,255,1285.304,524.283
1961,105,255,80.043,526.862
1962,174,255,1266.253,527.649
1963,46,255,28.304,525.913
1964,56,255,196.107,525.893
1965,95,255,279.679,527.405
1966,80,255,522.413,527.587
1967,141,255,774.954,527.011
1968,84,255,1013.190,527.131
1969,81,255,1235.660,527.080
1970,191,255,301.872,531.809
1971,126,255,331.548,531.667
1972,182,255,439.753,528.736
1973,97,255,1058.552,528.985
1974,108,255,1119.898,529.398
1975,45,255,1203.900,526.678
1976,73,255,1535.760,527.459
1977,114,255,67.456,530.737
1978,95,255,100.553,529.037
1979,31,255,631.500,526.500
1980,108,255,947.676,529.269
1981,93,255,1505.457,529.038
1982,95,255,14.353,531.489
1983,91,255,138.137,530.456
1984,193,255,173.640,533.982
1985,84,255,1138.869,529.881
1986,120,255,617.275,531.817
1987,84,255,1488.560,531.274
1988,137,255,239.814,533.040
1989,115,255,378.865,533.352
1990,84,255,407.476,532.929
1991,117,255,583.927,533.397
1992,35,255,830.443,529.786
1993,91,255,1312.236,533.489
1994,149,255,1356.614,532.822
1995,72,255,1443.319,532.528
1996,24,255,417.083,530.542
1997,136,255,544.412,533.941
1998,63,255,1097.881,532.056
1999,100,255,564.220,534.590
2000,89,255,596.860,534.421
2001,42,255,1286.786,533.976
2002,105,255,1414.271,533.871
2003,32,255,35.250,533.781
2004,105,255,501.119,535.710
2005,101,255,703.144,535.470
2006,111,255,865.302,535.833
2007,62,255,1047.371,534.371
2008,20,255,1598.650,534.300
2009,123,255,255.207,539.110
2010,82,255,469.122,536.232
2011,96,255,746.958,536.229
2012,74,255,988.500,535.730
2013,109,255,348.528,536.931
2014,118,255,912.246,537.763
2015,109,255,203.261,539.060
2016,76,255,530.816,538.263
2017,78,255,628.833,538.526
2018,50,255,823.860,537.700
2019,152,255,890.046,540.796
2020,61,255,953.287,537.664
2021,56,255,1243.536,537.518
2022,61,255,1324.385,537.320
2023,133,255,1553.936,539.650
2024,63,255,24.341,538.976
2025,184,255,120.152,540.179
2026,127,255,423.555,541.453
2027,40,255,516.300,538.175
2028,125,255,688.852,540.860
2029,94,255,833.064,540.553
2030,79,255,1234.222,540.525
2031,56,255,551.946,540.518
2032,103,255,736.500,541.519
2033,87,255,807.868,540.420
2034,117,255,1171.679,540.962
2035,119,255,1220.761,541.693
2036,116,255,1381.672,540.802
2037,90,255,1432.389,540.067
2038,131,255,1474.660,541.927
2039,58,255,488.241,540.155
2040,146,255,1123.493,542.377
2041,121,255,1335.178,541.599
2042,61,255,1575.025,539.959
2043,98,255,50.551,542.327
2044,81,255,77.574,542.043
2045,87,255,145.937,542.511
2046,48,255,1070.688,541.396
2047,77,255,1591.552,543.006
2048,73,255,317.144,542.500
2049,31,255,641.210,541.048
2050,125,255,652.804,543.844
2051,81,255,771.352,542.068
2052,153,255,287.748,549.892
2053,32,255,982.969,542.844
2054,137,255,1018.631,545.281
2055,137,255,720.974,545.960
2056,102,255,960.784,546.363
2057,38,255,1266.289,544.500
2058,138,255,236.174,548.246
2059,111,255,703.995,545.959
2060,135,255,936.937,548.374
2061,112,255,1049.562,547.036
2062,79,255,38.209,546.677
2063,74,255,106.203,547.162
2064,174,255,442.529,549.529
2065,39,255,469.346,545.115
2066,82,255,622.756,547.732
2067,104,255,1521.337,547.548
2068,47,255,499.266,547.074
2069,41,255,1511.793,547.183
2070,57,255,305.482,548.289
2071,61,255,350.254,547.992
2072,47,255,386.415,547.968
2073,57,255,798.693,548.026
2074,33,255,851.682,548.045
2075,53,255,1087.726,548.726
2076,110,255,1361.355,549.518
2077,76,255,192.789,549.895
2078,47,255,673.245,548.394
2079,50,255,464.140,551.040
2080,63,255,480.516,549.468
2081,111,255,1095.050,552.644
2082,48,255,1542.354,550.062
2083,121,255,219.178,553.120
2084,42,255,520.381,551.952
2085,76,255,599.408,552.658
2086,56,255,784.339,551.304
2087,57,255,1165.711,551.588
2088,132,255,1293.909,552.189
2089,112,255,1562.946,553.357
2090,132,255,254.045,554.583
2091,127,255,924.421,555.547
2092,33,255,49.227,551.742
2093,79,255,97.222,553.968
2094,123,255,377.671,555.931
2095,61,255,86.910,555.320
2096,87,255,161.121,555.822
2097,63,255,207.214,555.897
2098,63,255,324.913,555.103
2099,107,255,555.033,556.350
2100,77,255,612.032,555.565
2101,46,255,1075.370,554.130
2102,37,255,1313.014,553.338
2103,31,255,361.887,554.016
2104,109,255,419.693,556.161
2105,116,255,1422.578,556.466
2106,172,255,1456.866,556.907
2107,84,255,173.381,557.274
2108,20,255,996.350,554.200
2109,77,255,314.747,558.994
2110,85,255,591.065,559.253
2111,53,255,1440.387,556.425
2112,119,255,1189.559,560.962
2113,120,255,135.908,561.450
2114,153,255,343.546,561.520
2115,67,255,475.231,559.157
2116,51,255,738.127,560.676
2117,36,255,806.361,558.861
2118,30,255,1002.100,558.800
2119,66,255,1528.545,559.697
2120,39,255,1082.141,559.782
2121,115,255,28.943,562.891
2122,90,255,50.144,563.211
2123,88,255,888.852,563.716
2124,36,255,1262.528,560.944
2125,128,255,70.289,563.734
2126,82,255,184.854,562.878
2127,116,255,710.974,563.974
2128,65,255,156.346,564.254
2129,68,255,576.926,563.765
2130,178,255,765.534,565.461
2131,114,255,824.851,565.649
2132,99,255,908.975,564.439
2133,143,255,1047.598,565.654
2134,131,255,1155.431,565.599
2135,106,255,1481.406,564.321
2136,97,255,269.809,565.376
2137,137,255,858.938,566.478
2138,68,255,1142.912,564.853
2139,58,255,1176.707,563.776
2140,57,255,1368.289,564.956
2141,56,255,1403.214,564.804
2142,124,255,283.976,567.806
2143,72,255,1013.458,565.875
2144,66,255,1103.333,568.667
2145,136,255,1129.118,568.132
2146,170,255,1222.971,568.153
2147,138,255,1342.493,567.710
2148,76,255,836.461,568.171
2149,64,255,997.406,567.656
2150,131,255,1091.309,570.095
2151,67,255,1113.993,568.963
2152,116,255,85.793,571.000
2153,104,255,118.760,571.144
2154,107,255,680.659,569.724
2155,100,255,899.540,573.220
2156,74,255,1525.068,570.095
2157,87,255,1549.994,570.201
2158,99,255,228.965,571.914
2159,136,255,799.868,571.897
2160,71,255,934.894,571.458
2161,59,255,1430.788,570.415
2162,198,255,171.247,575.904
2163,91,255,742.104,573.852
2164,131,255,1492.950,574.660
2165,79,255,240.424,574.424
2166,140,255,259.357,575.679
2167,75,255,420.220,575.073
2168,111,255,534.293,575.761
2169,120,255,632.250,574.817
2170,89,255,101.792,575.365
2171,165,255,140.536,576.639
2172,138,255,304.623,576.638
2173,126,255,384.032,577.405
2174,111,255,457.905,576.527
2175,117,255,475.603,575.868
2176,147,255,498.609,576.881
2177,165,255,722.518,576.664
2178,52,255,1027.000,574.365
2179,67,255,1188.545,574.201
2180,163,255,1201.549,578.936
2181,112,255,1413.607,575.786
2182,70,255,320.614,575.914
2183,57,255,430.237,576.149
2184,29,255,577.224,574.845
2185,168,255,1306.571,578.655
2186,109,255,1474.188,578.060
2187,64,255,1534.578,577.203
2188,112,255,36.348,578.116
2189,112,255,364.580,580.009
2190,91,255,563.313,578.005
2191,38,255,613.579,576.447
2192,103,255,647.917,578.519
2193,129,255,1398.159,578.911
2194,105,255,686.062,579.871
2195,53,255,1074.255,578.613
2196,79,255,916.335,579.563
2197,147,255,1156.466,581.044
2198,33,255,210.833,578.682
2199,36,255,885.500,580.111
2200,45,255,1287.033,579.322
2201,82,255,1429.049,580.756
2202,112,255,66.964,583.384
2203,118,255,405.805,583.805
2204,82,255,604.390,581.756
2205,90,255,790.233,583.500
2206,46,255,1227.935,581.152
2207,120,255,582.258,583.825
2208,35,255,835.471,580.300
2209,75,255,938.700,582.887
2210,98,255,1278.398,586.653
2211,56,255,1502.500,582.000
2212,118,255,17.432,584.847
2213,165,255,770.876,587.542
2214,108,255,1136.509,585.130
2215,169,255,1379.962,587.068
2216,98,255,79.878,586.408
2217,78,255,117.372,586.615
2218,86,255,203.767,585.721
2219,37,255,426.230,583.932
2220,100,255,1021.430,585.850
2221,90,255,47.222,586.633
2222,136,255,697.853,588.610
2223,30,255,1539.133,584.233
2224,135,255,233.256,587.841
2225,132,255,329.379,588.136
2226,55,255,1520.336,587.173
2227,84,255,185.000,589.167
2228,86,255,272.279,590.151
2229,97,255,1353.964,589.253
2230,47,255,109.543,589.564
2231,84,255,529.452,590.548
2232,65,255,623.315,589.669
2233,29,255,640.845,588.259
2234,142,255,823.387,591.859
2235,42,255,1218.024,588.738
2236,107,255,1572.930,590.481
2237,63,255,128.405,591.294
2238,50,255,467.800,591.140
2239,96,255,721.896,592.885
2240,104,255,990.971,591.221
2241,80,255,1477.250,590.163
2242,82,255,30.780,592.890
2243,80,255,655.612,592.562
2244,110,255,679.491,593.118
2245,171,255,1244.605,594.225
2246,25,255,1339.500,590.620
2247,67,255,158.993,592.037
2248,99,255,412.288,594.146
2249,59,255,547.873,592.636
2250,183,255,609.052,597.320
2251,42,255,1158.429,591.643
2252,39,255,1314.218,592.603
2253,87,255,1323.098,594.971
2254,38,255,1598.026,592.921
2255,271,255,970.946,602.109
2256,34,255,1226.324,593.059
2257,51,255,1432.010,594.088
2258,69,255,358.254,595.210
2259,174,255,383.230,599.230
2260,42,255,1091.548,593.690
2261,43,255,1589.523,594.314
2262,182,255,748.692,597.852
2263,101,255,1369.233,597.163
2264,228,255,1546.246,598.724
2265,24,255,474.292,594.792
2266,140,255,635.157,599.293
2267,68,255,838.176,596.882
2268,118,255,1045.280,597.771
2269,29,255,168.914,596.707
2270,70,255,280.671,598.229
2271,43,255,1213.267,596.314
2272,73,255,1304.884,597.692
2273,96,255,1417.656,598.667
2274,133,255,149.786,599.906
2275,74,255,341.622,599.122
2276,94,255,580.734,599.128
2277,29,255,762.397,597.672
2278,124,255,1175.782,600.234
2279,142,255,1462.894,600.810
2280,83,255,3.464,601.873
2281,99,255,46.924,600.965
2282,85,255,95.959,599.606
2283,39,255,508.551,598.679
2284,162,255,1127.259,601.568
2285,50,255,1287.100,599.360
2286,98,255,288.133,603.286
2287,28,255,797.893,598.857
2288,113,255,848.881,602.889
2289,103,255,889.782,601.752
2290,123,255,1013.915,602.297
2291,122,255,1526.516,602.451
2292,100,255,1570.400,601.420
2293,88,255,203.830,601.670
2294,96,255,565.323,601.219
2295,174,255,946.132,603.586
2296,83,255,33.813,602.645
2297,40,255,1087.525,602.125
2298,102,255,192.765,605.804
2299,78,255,728.321,605.718
2300,66,255,875.545,604.848
2301,53,255,258.670,605.028
2302,82,255,457.683,605.524
2303,60,255,651.417,605.000
2304,96,255,903.167,606.583
2305,130,255,992.262,606.385
2306,113,255,1261.243,606.509
2307,94,255,1495.106,606.777
2308,97,255,541.046,608.284
2309,173,255,824.090,608.876
2310,35,255,1433.357,605.357
2311,37,255,1593.635,604.743
2312,72,255,135.917,609.278
2313,87,255,336.592,609.236
2314,52,255,365.981,606.327
2315,114,255,434.132,608.842
2316,78,255,494.641,608.615
2317,52,255,1277.712,607.885
2318,30,255,1314.200,605.533
2319,55,255,91.245,608.845
2320,27,255,518.833,607.093
2321,93,255,1473.737,610.715
2322,64,255,100.844,609.406
2323,118,255,117.119,610.551
2324,145,255,666.424,612.328
2325,67,255,932.201,609.754
2326,38,255,233.816,609.711
2327,75,255,298.727,612.140
2328,74,255,1048.000,611.500
2329,72,255,1302.542,610.556
2330,50,255,166.680,611.260
2331,54,255,275.889,610.963
2332,127,255,1227.469,613.555
2333,70,255,1443.543,611.171
2334,96,255,414.438,612.802
2335,123,255,1340.760,613.720
2336,55,255,549.318,614.755
2337,74,255,1148.500,614.230
2338,36,255,1542.583,612.472
2339,91,255,223.698,615.643
2340,153,255,75.337,619.173
2341,76,255,444.671,616.868
2342,146,255,569.856,618.068
2343,110,255,777.100,616.118
2344,69,255,244.283,615.949
2345,49,255,463.398,615.949
2346,188,255,1325.596,620.218
2347,121,255,1360.640,617.640
2348,35,255,306.186,616.671
2349,38,255,530.789,616.447
2350,120,255,618.767,619.333
2351,103,255,868.015,617.879
2352,23,255,1110.065,615.891
2353,31,255,40.081,616.952
2354,85,255,698.124,619.300
2355,80,255,1260.713,619.487
2356,38,255,29.868,619.474
2357,34,255,179.676,617.676
2358,101,255,358.955,621.025
2359,218,255,385.716,622.729
2360,63,255,457.056,623.198
2361,68,255,593.000,620.809
2362,169,255,1241.618,622.648
2363,31,255,1311.306,618.371
2364,108,255,150.222,621.611
2365,47,255,410.138,619.649
2366,23,255,1119.804,618.457
2367,69,255,169.587,621.601
2368,137,255,197.179,624.493
2369,122,255,485.623,623.590
2370,114,255,816.377,622.123
2371,98,255,903.561,623.276
2372,122,255,1036.754,625.533
2373,93,255,1296.328,622.833
2374,146,255,1376.801,623.822
2375,112,255,1595.464,623.214
2376,93,255,127.070,623.349
2377,29,255,553.707,620.534
2378,123,255,603.102,624.760
2379,98,255,689.510,624.571
2380,115,255,853.074,624.230
2381,134,255,1025.507,624.590
2382,70,255,1165.057,623.143
2383,61,255,1506.041,622.582
2384,89,255,225.242,624.444
2385,95,255,626.595,626.005
2386,59,255,1285.025,623.585
2387,136,255,1543.397,624.324
2388,39,255,208.885,624.321
2389,97,255,717.046,625.469
2390,61,255,1275.861,625.844
2391,140,255,275.636,627.129
2392,35,255,417.300,625.500
2393,89,255,761.208,626.039
2394,120,255,877.050,628.283
2395,69,255,1201.790,626.123
2396,33,255,301.167,624.924
2397,21,255,1103.500,624.357
2398,156,255,14.936,630.173
2399,122,255,939.156,629.385
2400,116,255,1212.672,629.724
2401,76,255,742.132,628.197
2402,56,255,180.304,630.304
2403,122,255,251.877,630.369
2404,64,255,642.531,630.234
2405,128,255,1564.047,630.945
2406,87,255,143.086,631.994
2407,88,255,338.739,631.307
2408,73,255,792.870,630.377
2409,103,255,841.422,631.646
2410,98,255,3.316,635.918
2411,108,255,508.833,635.611
2412,80,255,729.688,631.812
2413,39,255,816.141,630.500
2414,69,255,958.457,631.848
2415,22,255,1190.727,629.727
2416,131,255,1469.996,633.141
2417,25,255,52.060,630.580
2418,45,255,519.656,632.056
2419,40,255,1284.100,632.325
2420,27,255,1387.315,631.315
2421,48,255,493.375,633.500
2422,113,255,93.606,636.412
2423,59,255,404.907,635.517
2424,141,255,556.472,637.379
2425,143,255,235.724,638.626
2426,106,255,705.774,636.981
2427,84,255,1018.845,636.107
2428,78,255,1063.744,638.269
2429,121,255,1140.640,637.814
2430,21,255,1204.405,633.595
2431,70,255,759.186,636.129
2432,43,255,1232.314,635.477
2433,40,255,1454.950,634.450
2434,118,255,127.847,638.949
2435,57,255,359.325,638.886
2436,86,255,420.128,638.384
2437,24,255,533.958,635.542
2438,141,255,905.266,639.869
2439,137,255,920.186,640.865
2440,70,255,1154.457,638.371
2441,34,255,666.412,637.500
2442,141,255,798.691,641.727
2443,51,255,888.343,638.578
2444,120,255,1311.258,639.558
2445,26,255,29.962,637.346
2446,163,255,321.641,641.739
2447,61,255,528.238,640.943
2448,87,255,1499.270,638.822
2449,67,255,53.634,642.590
2450,75,255,580.673,640.047
2451,79,255,721.778,641.475
2452,130,255,649.408,643.800
2453,77,255,948.812,642.565
2454,51,255,1072.716,641.520
2455,42,255,1105.905,640.857
2456,42,255,1367.238,640.143
2457,49,255,342.173,642.704
2458,134,255,618.590,645.433
2459,54,255,741.093,643.481
2460,79,255,1275.513,643.006
2461,86,255,1411.430,642.605
2462,75,255,1437.820,644.220
2463,127,255,1578.437,644.343
2464,94,255,222.064,644.277
2465,113,255,473.314,644.456
2466,149,255,1038.070,645.211
2467,77,255,1170.773,643.656
2468,57,255,1333.254,644.675
2469,75,255,1383.233,644.020
2470,57,255,1540.132,643.658
2471,49,255,1563.990,643.622
2472,121,255,962.244,646.558
2473,111,255,1397.761,646.878
2474,52,255,279.327,645.231
2475,90,255,440.256,646.800
2476,33,255,930.076,644.803
2477,54,255,988.593,646.056
2478,79,255,1092.816,645.842
2479,74,255,1554.122,645.784
2480,48,255,213.458,648.104
2481,58,255,815.362,647.741
2482,60,255,1130.883,646.550
2483,112,255,501.179,649.938
2484,116,255,1296.284,648.603
2485,171,255,1519.231,650.325
2486,52,255,251.750,647.846
2487,138,255,1193.290,650.246
2488,106,255,77.670,651.274
2489,29,255,1502.293,647.948
2490,102,255,308.049,652.245
2491,56,255,490.643,651.750
2492,116,255,665.388,652.112
2493,131,255,173.912,652.660
2494,64,255,451.734,652.172
2495,72,255,525.194,652.500
2496,100,255,726.060,652.470
2497,92,255,63.957,653.120
2498,65,255,394.208,651.977
2499,67,255,1026.097,651.828
2500,79,255,1118.968,654.627
2501,114,255,132.982,655.430
2502,62,255,838.419,653.597
2503,38,255,1150.447,652.789
2504,57,255,317.254,654.816
2505,137,255,546.529,657.266
2506,30,255,574.500,653.233
2507,101,255,911.837,655.104
2508,26,255,1111.615,653.115
2509,119,255,1483.416,657.332
2510,53,255,150.009,654.481
2511,26,255,780.885,654.346
2512,89,255,883.039,655.848
2513,143,255,1020.290,660.493
2514,66,255,1167.955,655.182
2515,79,255,1277.665,654.386
2516,108,255,1320.769,656.713
2517,147,255,1449.956,658.378
2518,144,255,20.167,658.597
2519,37,255,119.230,655.500
2520,132,255,357.682,657.970
2521,25,255,420.220,655.620
2522,82,255,1067.939,658.366
2523,106,255,50.745,659.887
2524,107,255,870.706,660.547
2525,34,255,986.088,657.235
2526,70,255,103.900,659.114
2527,166,255,708.169,662.524
2528,142,255,638.465,662.908
2529,78,255,331.910,661.962
2530,48,255,589.208,661.562
2531,48,255,1085.667,661.000
2532,33,255,827.167,661.742
2533,101,255,1154.787,663.738
2534,84,255,1189.881,662.821
2535,100,255,1406.900,662.930
2536,110,255,153.445,665.145
2537,121,255,384.971,664.740
2538,28,255,416.571,662.929
2539,104,255,574.279,665.548
2540,119,255,807.214,665.517
2541,119,255,844.013,665.853
2542,94,255,39.947,666.947
2543,92,255,170.109,664.935
2544,62,255,303.419,665.113
2545,78,255,455.462,664.346
2546,86,255,519.419,664.512
2547,129,255,611.957,667.895
2548,93,255,691.532,665.263
2549,99,255,792.682,666.187
2550,57,255,912.816,663.675
2551,136,255,956.184,666.088
2552,78,255,1333.705,665.013
2553,173,255,1372.882,667.766
2554,107,255,1552.977,665.276
2555,51,255,425.402,665.363
2556,146,255,750.630,667.863
2557,50,255,984.440,665.860
2558,111,255,100.770,668.419
2559,108,255,1130.639,668.944
2560,120,255,61.175,669.867
2561,129,255,440.360,671.190
2562,79,255,625.576,667.867
2563,101,255,735.767,668.450
2564,119,255,862.702,669.315
2565,73,255,887.226,668.253
2566,90,255,1216.400,668.789
2567,42,255,1393.262,666.976
2568,73,255,346.473,667.719
2569,143,255,262.899,672.171
2570,90,255,1567.067,669.611
2571,80,255,649.400,671.513
2572,74,255,763.257,671.568
2573,161,255,1007.438,673.550
2574,137,255,1514.836,672.529
2575,59,255,22.161,672.161
2576,96,255,183.688,671.302
2577,99,255,200.561,673.096
2578,20,255,995.250,669.700
2579,87,255,499.500,672.718
2580,117,255,542.705,674.645
2581,124,255,1063.258,674.024
2582,100,255,1111.250,673.350
2583,200,255,1421.590,675.730
2584,89,255,1475.444,673.017
2585,94,255,1499.755,673.213
2586,49,255,1150.500,672.337
2587,77,255,1179.981,673.708
2588,92,255,912.772,675.076
2589,81,255,2.944,678.574
2590,80,255,773.788,676.688
2591,141,255,235.450,679.500
2592,135,255,582.893,680.433
2593,125,255,663.484,678.388
2594,177,255,966.602,680.150
2595,89,255,1043.624,677.219
2596,100,255,1145.500,680.310
2597,87,255,1170.408,677.787
2598,29,255,9.362,676.466
2599,33,255,118.561,675.833
2600,102,255,365.539,679.255
2601,36,255,693.806,676.194
2602,74,255,1238.784,677.608
2603,20,255,415.400,676.800
2604,39,255,458.321,677.936
2605,90,255,730.500,680.922
2606,27,255,1297.315,677.093
2607,124,255,1319.661,680.282
2608,103,255,1444.549,679.529
2609,144,255,472.229,681.160
2610,123,255,836.866,680.589
2611,177,255,38.274,683.573
2612,105,255,68.833,681.890
2613,94,255,80.883,681.798
2614,245,255,937.022,684.676
2615,99,255,1252.035,680.742
2616,132,255,1346.947,682.470
2617,30,255,1554.067,678.633
2618,23,255,142.500,679.326
2619,37,255,173.041,680.581
2620,29,255,353.914,679.948
2621,45,255,396.544,681.100
2622,127,255,605.343,684.193
2623,50,255,720.500,680.580
2624,92,255,1190.054,682.750
2625,127,255,343.728,685.043
2626,80,255,379.750,682.312
2627,30,255,534.233,681.433
2628,42,255,490.119,682.976
2629,112,255,521.152,684.268
2630,52,255,637.000,682.500
2631,123,255,1308.402,686.224
2632,99,255,107.348,686.409
2633,172,255,269.512,688.959
2634,60,255,283.317,684.400
2635,51,255,431.480,683.049
2636,41,255,713.427,684.085
2637,115,255,820.291,686.422
2638,65,255,869.546,684.823
2639,95,255,1230.563,689.047
2640,123,255,1362.102,687.467
2641,135,255,418.848,688.478
2642,160,255,795.663,687.506
2643,65,255,1081.946,684.762
2644,112,255,1473.000,685.393
2645,49,255,1593.500,685.337
2646,114,255,554.561,689.684
2647,76,255,1493.961,686.763
2648,100,255,373.200,690.320
2649,94,255,682.415,688.617
2650,122,255,1009.820,688.656
2651,69,255,1429.109,687.543
2652,98,255,181.806,689.694
2653,107,255,1180.678,689.977
2654,66,255,1291.545,688.409
2655,133,255,1528.094,689.741
2656,151,255,500.103,692.010
2657,53,255,1060.142,689.462
2658,28,255,1069.929,687.643
2659,94,255,1101.777,690.043
2660,29,255,1140.121,688.569
2661,45,255,1377.433,687.589
2662,37,255,192.986,691.203
2663,126,255,629.381,693.484
2664,125,255,1503.388,695.484
2665,49,255,95.214,692.684
2666,157,255,144.073,697.067
2667,143,255,1563.346,695.101
2668,23,255,921.543,693.239
2669,92,255,976.967,696.011
2670,123,255,1027.224,697.939
2671,135,255,1210.811,699.048
2672,137,255,207.288,699.967
2673,105,255,333.300,698.786
2674,147,255,458.473,699.786
2675,81,255,1158.500,698.204
2676,105,255,1258.090,699.681
2677,42,255,238.905,697.286
2678,137,255,510.544,702.186
2679,133,255,1297.056,701.718
2680,54,255,1488.463,697.630
2681,178,255,706.556,702.022
2682,149,255,822.869,702.097
2683,167,255,1382.470,701.997
2684,44,255,247.659,700.545
2685,89,255,1042.309,702.287
2686,131,255,1318.004,702.095
2687,69,255,1397.312,700.645
2688,78,255,1410.128,701.487
2689,61,255,180.369,701.287
2690,70,255,603.871,701.929
2691,71,255,38.387,703.176
2692,101,255,368.995,704.243
2693,73,255,569.966,703.007
2694,93,255,735.102,703.188
2695,126,255,989.786,704.222
2696,75,255,92.020,704.967
2697,66,255,303.833,704.515
2698,85,255,523.418,704.288
2699,132,255,751.485,705.545
2700,55,255,947.609,703.445
2701,104,255,1421.471,703.731
2702,57,255,676.447,703.991
2703,160,255,1351.750,707.850
2704,132,255,1547.538,705.667
2705,92,255,534.880,706.913
2706,59,255,554.314,705.364
2707,47,255,918.096,706.521
2708,40,255,1102.475,704.150
2709,171,255,1139.295,707.980
2710,211,255,1467.268,709.713
2711,20,255,265.550,704.600
2712,82,255,631.305,707.622
2713,80,255,1278.400,708.263
2714,119,255,54.139,709.113
2715,89,255,128.893,707.848
2716,112,255,399.277,711.188
2717,129,255,658.229,709.523
2718,64,255,72.078,707.500
2719,110,255,719.009,710.673
2720,84,255,1174.976,708.143
2721,56,255,323.589,709.857
2722,98,255,387.755,712.276
2723,134,255,611.470,712.724
2724,37,255,1052.878,709.284
2725,24,255,1236.958,708.292
2726,98,255,1524.480,710.663
2727,71,255,1575.134,709.599
2728,73,255,843.596,711.568
2729,76,255,1086.697,710.882
2730,88,255,863.364,711.432
2731,89,255,1002.051,712.837
2732,41,255,640.793,711.915
2733,21,255,786.881,710.786
2734,36,255,116.611,712.000
2735,117,255,182.868,714.526
2736,74,255,470.500,713.703
2737,28,255,1404.286,711.929
2738,103,255,366.345,717.063
2739,119,255,827.256,715.668
2740,63,255,1040.643,713.690
2741,42,255,108.357,715.048
2742,70,255,215.914,715.471
2743,117,255,306.722,717.218
2744,99,255,1299.692,716.682
2745,57,255,1597.395,717.640
2746,108,255,251.019,718.824
2747,60,255,455.917,716.000
2748,106,255,798.028,718.255
2749,54,255,1167.481,716.204
2750,74,255,1581.905,716.270
2751,118,255,274.254,720.542
2752,108,255,443.120,718.481
2753,23,255,1056.717,715.370
2754,167,255,158.805,721.153
2755,130,255,36.385,720.877
2756,43,255,753.593,719.105
2757,131,255,890.592,722.973
2758,49,255,948.663,718.704
2759,119,255,1531.954,720.231
2760,50,255,286.220,720.580
2761,123,255,352.736,722.386
2762,25,255,1133.620,717.660
2763,44,255,1417.932,719.818
2764,125,255,1474.820,722.596
2765,157,255,11.901,723.831
2766,81,255,495.735,722.142
2767,22,255,634.364,719.500
2768,71,255,868.275,722.472
2769,39,255,878.423,721.346
2770,56,255,1283.357,720.643
2771,98,255,600.245,723.592
2772,58,255,931.793,721.914
2773,29,255,1047.190,721.052
2774,47,255,180.032,722.287
2775,43,255,783.035,722.174
2776,34,255,1060.471,722.559
2777,121,255,1316.442,724.624
2778,175,255,1378.077,725.334
2779,208,255,1506.115,727.014
2780,27,255,243.759,723.241
2781,55,255,421.082,724.645
2782,119,255,516.298,726.836
2783,115,255,1034.491,726.439
2784,30,255,460.267,723.967
2785,70,255,535.229,726.314
2786,29,255,626.707,724.155
2787,43,255,854.500,723.826
2788,227,255,1355.482,729.315
2789,38,255,667.447,726.605
2790,124,255,741.532,728.669
2791,109,255,988.115,728.151
2792,129,255,1560.151,728.337
2793,66,255,1098.394,730.242
2794,80,255,1290.862,727.688
2795,35,255,64.186,727.043
2796,61,255,264.500,728.303
2797,101,255,945.054,729.668
2798,145,255,1110.652,731.362
2799,99,255,1132.530,729.490
2800,171,255,1259.611,731.687
2801,112,255,1431.705,730.205
2802,39,255,550.372,729.397
2803,69,255,1460.225,730.239
2804,109,255,1582.913,732.161
2805,140,255,217.843,732.329
2806,146,255,1072.000,732.500
2807,161,255,1243.394,733.773
2808,117,255,441.047,732.611
2809,65,255,506.977,731.838
2810,56,255,570.321,730.125
2811,162,255,926.111,734.043
2812,73,255,1573.541,733.062
2813,117,255,587.449,735.013
2814,58,255,1089.603,733.172
2815,197,255,391.698,736.185
2816,25,255,541.860,731.380
2817,177,255,713.907,736.500
2818,134,255,822.537,735.813
2819,34,255,1048.618,731.471
2820,35,255,248.900,733.386
2821,65,255,683.654,735.238
2822,46,255,974.413,735.130
2823,90,255,1160.100,735.511
2824,69,255,1477.732,734.529
2825,38,255,1597.816,734.158
2826,126,255,698.175,737.992
2827,41,255,840.915,733.939
2828,91,255,1143.456,736.907
2829,44,255,1331.455,734.568
2830,58,255,1405.931,734.810
2831,40,255,1443.000,735.000
2832,31,255,69.855,734.758
2833,68,255,124.397,735.603
2834,84,255,294.548,737.131
2835,62,255,407.661,735.903
2836,151,255,899.679,739.381
2837,49,255,34.582,737.153
2838,61,255,103.713,737.057
2839,97,255,538.459,738.582
2840,106,255,638.689,738.330
2841,167,255,796.901,741.117
2842,94,255,1002.809,739.149
2843,80,255,368.188,738.875
2844,69,255,475.471,740.442
2845,23,255,8.717,737.587
2846,86,255,558.640,739.372
2847,71,255,603.880,739.725
2848,85,255,1294.065,738.982
2849,63,255,202.579,740.310
2850,150,255,226.287,744.487
2851,64,255,241.484,740.641
2852,66,255,262.742,740.712
2853,114,255,652.202,743.000
2854,101,255,1029.411,742.411
2855,39,255,1551.500,739.500
2856,168,255,170.411,744.780
2857,25,255,956.220,740.220
2858,94,255,1009.883,744.021
2859,116,255,324.103,744.448
2860,145,255,1315.431,744.941
2861,182,255,1391.374,747.456
2862,88,255,1421.750,742.614
2863,56,255,14.786,743.911
2864,69,255,121.341,743.384
2865,81,255,886.833,744.364
2866,40,255,1214.850,742.475
2867,72,255,1284.264,743.833
2868,57,255,1379.009,744.289
2869,110,255,1510.427,743.955
2870,182,255,1536.214,746.258
2871,113,255,614.898,746.128
2872,213,255,757.589,747.782
2873,116,255,841.500,745.302
2874,157,255,948.213,749.016
2875,144,255,1557.444,747.493
2876,79,255,55.778,745.500
2877,36,255,971.889,744.972
2878,83,255,1050.271,746.066
2879,41,255,1523.037,745.671
2880,61,255,5.566,746.451
2881,77,255,194.110,747.422
2882,32,255,276.719,745.875
2883,117,255,289.509,749.850
2884,159,255,453.638,750.248
2885,23,255,1176.717,746.630
2886,59,255,1597.314,749.941
2887,100,255,141.310,750.380
2888,97,255,675.108,750.809
2889,39,255,981.449,749.910
2890,140,255,511.771,751.664
2891,33,255,592.106,749.833
2892,141,255,1122.259,753.103
2893,109,255,183.023,753.234
2894,115,255,877.970,753.352
2895,75,255,1135.073,752.687
2896,122,255,1333.443,752.508
2897,68,255,336.662,753.103
2898,60,255,1194.583,753.300
2899,87,255,1461.695,752.868
2900,44,255,1473.545,751.977
2901,105,255,46.976,755.462
2902,35,255,349.043,753.100
2903,74,255,360.892,754.203
2904,60,255,1087.433,753.217
2905,176,255,1271.244,755.949
2906,126,255,263.198,756.095
2907,55,255,307.809,753.155
2908,136,255,391.353,755.934
2909,98,255,428.755,756.082
2910,54,255,1422.667,754.074
2911,128,255,483.297,756.750
2912,76,255,553.868,755.671
2913,83,255,694.548,755.452
2914,68,255,972.441,755.897
2915,154,255,1351.890,759.039
2916,53,255,1587.481,755.783
2917,50,255,16.100,756.040
2918,57,255,1177.079,754.956
2919,35,255,1203.500,755.557
2920,39,255,1507.731,755.167
2921,48,255,275.479,758.354
2922,74,255,546.608,759.541
2923,190,255,915.905,761.716
2924,131,255,1055.996,760.126
2925,62,255,1417.339,759.694
2926,56,255,87.696,758.946
2927,64,255,97.078,759.734
2928,110,255,147.409,760.436
2929,66,255,220.409,759.833
2930,59,255,742.483,759.686
2931,147,255,1153.827,762.214
2932,58,255,1375.431,759.897
2933,103,255,328.150,762.733
2934,42,255,367.952,762.048
2935,111,255,589.770,762.338
2936,72,255,668.417,763.250
2937,63,255,1312.071,761.119
2938,35,255,1465.586,760.614
2939,105,255,413.424,764.376
2940,27,255,436.537,761.278
2941,46,255,602.848,761.261
2942,20,255,803.200,760.950
2943,147,255,1072.221,764.663
2944,45,255,1457.989,761.433
2945,77,255,717.526,763.812
2946,49,255,902.602,763.704
2947,69,255,1286.457,763.645
2948,173,255,946.633,765.367
2949,174,255,1203.552,768.822
2950,72,255,1251.597,765.167
2951,152,255,1388.987,766.572
2952,133,255,245.966,768.500
2953,80,255,537.562,766.375
2954,150,255,698.240,767.333
2955,96,255,726.938,767.260
2956,91,255,792.445,765.984
2957,79,255,1023.981,765.386
2958,102,255,1242.382,767.216
2959,157,255,1564.678,767.443
2960,146,255,58.623,771.658
2961,91,255,211.192,767.599
2962,96,255,872.531,766.812
2963,64,255,1227.875,765.656
2964,75,255,81.447,767.967
2965,120,255,230.117,769.333
2966,45,255,1087.100,767.300
2967,109,255,1405.188,769.739
2968,44,255,457.659,768.136
2969,48,255,528.208,768.125
2970,61,255,1337.156,768.713
2971,120,255,1042.433,771.025
2972,115,255,1305.543,770.961
2973,150,255,1494.907,771.867
2974,147,255,1583.160,773.167
2975,70,255,135.186,770.300
2976,136,255,492.412,774.912
2977,151,255,619.659,773.911
2978,32,255,811.188,769.312
2979,87,255,894.247,771.155
2980,138,255,971.797,772.043
2981,80,255,1446.625,770.700
2982,93,255,1539.500,770.392
2983,69,255,179.399,771.674
2984,133,255,395.229,772.831
2985,48,255,634.188,772.688
2986,67,255,755.336,771.590
2987,133,255,1009.267,772.906
2988,33,255,1462.258,769.470
2989,67,255,466.858,773.261
2990,102,255,742.451,776.382
2991,51,255,1115.853,773.892
2992,123,255,1165.020,776.923
2993,121,255,116.426,778.459
2994,131,255,191.065,777.302
2995,67,255,711.813,775.649
2996,72,255,2.694,778.694
2997,51,255,366.951,776.069
2998,62,255,509.242,775.968
2999,42,255,1104.833,775.238
3000,59,255,1228.178,775.466
3001,51,255,1426.029,776.265
3002,127,255,164.358,779.571
3003,82,255,1151.634,778.939
3004,53,255,1024.104,778.330
3005,97,255,1054.902,779.119
3006,52,255,1441.000,778.000
3007,47,255,289.117,779.777
3008,168,255,440.327,783.119
3009,162,255,534.407,780.809
3010,44,255,562.295,778.386
3011,50,255,1476.980,778.600
3012,103,255,731.403,782.306
3013,24,255,822.917,778.917
3014,110,255,1259.455,782.282
3015,43,255,1273.477,779.244
3016,67,255,1512.276,780.858
3017,103,255,456.354,782.267
3018,92,255,659.228,782.120
3019,75,255,757.607,781.473
3020,82,255,863.768,782.293
3021,25,255,1248.700,779.740
3022,83,255,281.910,784.054
3023,83,255,359.187,783.295
3024,25,255,387.980,781.100
3025,88,255,844.784,782.955
3026,119,255,1333.828,784.046
3027,35,255,1554.671,781.214
3028,66,255,87.591,782.894
3029,175,255,221.489,786.169
3030,87,255,474.236,784.799
3031,57,255,1140.009,783.202
3032,81,255,1352.735,784.660
3033,177,255,1313.398,787.020
3034,38,255,71.211,783.579
3035,126,255,254.706,787.603
3036,53,255,372.538,785.349
3037,62,255,716.403,785.597
3038,206,255,901.549,790.330
3039,96,255,1365.677,787.271
3040,93,255,1501.780,787.844
3041,55,255,942.009,786.791
3042,134,255,1204.410,788.858
3043,35,255,1543.586,786.129
3044,79,255,316.209,788.209
3045,135,255,497.396,789.426
3046,63,255,678.056,788.437
3047,108,255,873.157,790.324
3048,126,255,956.635,789.786
3049,123,255,1274.305,789.736
3050,141,255,43.039,791.174
3051,81,255,60.957,790.846
3052,28,255,398.071,787.714
3053,31,255,646.919,788.210
3054,97,255,1526.304,789.675
3055,104,255,123.337,791.087
3056,71,255,408.063,790.514
3057,80,255,555.900,790.587
3058,141,255,618.557,792.606
3059,102,255,1093.010,791.186
3060,70,255,1596.643,791.586
3061,119,255,805.777,792.525
3062,93,255,1003.500,792.360
3063,38,255,1451.289,790.000
3064,72,255,142.347,792.903
3065,97,255,924.624,793.356
3066,132,255,1020.924,794.295
3067,52,255,1061.654,792.404
3068,38,255,1189.605,791.289
3069,121,255,1408.236,793.955
3070,70,255,511.086,793.329
3071,33,255,738.924,792.773
3072,190,255,1378.905,796.811
3073,115,255,694.543,795.448
3074,178,255,1147.753,798.624
3075,80,255,1238.013,795.200
3076,91,255,1293.258,795.159
3077,94,255,359.149,796.904
3078,51,255,467.480,795.304
3079,45,255,538.056,794.922
3080,40,255,1164.150,794.650
3081,85,255,28.124,796.771
3082,78,255,227.538,796.115
3083,79,255,576.930,797.310
3084,101,255,991.332,798.292
3085,50,255,1218.820,795.280
3086,70,255,1396.657,798.829
3087,75,255,1438.847,795.953
3088,90,255,1568.800,798.978
3089,35,255,2.614,796.671
3090,86,255,76.174,797.698
3091,103,255,170.490,797.879
3092,66,255,292.576,797.485
3093,29,255,782.397,796.845
3094,133,255,710.823,800.470
3095,23,255,773.717,796.848
3096,107,255,1579.238,801.322
3097,78,255,322.333,799.397
3098,112,255,379.455,800.866
3099,86,255,437.802,799.686
3100,23,255,976.239,797.804
3101,47,255,250.096,800.202
3102,74,255,567.730,802.324
3103,109,255,751.234,802.326
3104,40,255,798.225,799.775
3105,125,255,347.556,803.388
3106,55,255,515.827,800.755
3107,23,255,967.630,800.109
3108,77,255,555.331,802.292
3109,73,255,1014.733,803.637
3110,143,255,1319.178,804.787
3111,143,255,1522.605,805.983
3112,29,255,1546.362,802.707
3113,69,255,530.181,805.065
3114,39,255,683.526,803.090
3115,125,255,862.484,806.364
3116,92,255,1356.348,804.500
3117,79,255,180.589,805.525
3118,130,255,898.715,808.208
3119,86,255,935.674,806.651
3120,60,255,62.517,806.700
3121,98,255,491.704,807.418
3122,149,255,634.983,807.950
3123,98,255,772.633,806.224
3124,146,255,1072.890,809.075
3125,69,255,1228.007,807.181
3126,47,255,1277.479,805.074
3127,67,255,1297.784,807.604
3128,75,255,1429.327,806.473
3129,157,255,664.334,808.640
3130,80,255,818.075,807.562
3131,95,255,926.868,810.289
3132,73,255,727.637,808.678
3133,112,255,912.259,810.500
3134,120,255,952.475,810.417
3135,206,255,414.534,814.049
3136,130,255,1105.469,811.831
3137,118,255,1170.780,811.161
3138,70,255,1189.514,810.771
3139,50,255,1418.840,809.100
3140,56,255,86.607,811.518
3141,88,255,509.920,811.466
3142,71,255,582.866,811.120
3143,66,255,802.424,810.894
3144,123,255,1139.549,812.110
3145,104,255,1237.048,811.202
3146,39,255,1336.013,808.885
3147,122,255,1590.779,811.844
3148,92,255,36.163,811.652
3149,73,255,253.911,812.253
3150,43,255,523.128,810.872
3151,45,255,1120.722,811.656
3152,57,255,1260.096,811.272
3153,88,255,103.193,812.750
3154,75,255,607.153,811.727
3155,60,255,965.900,812.417
3156,88,255,1025.284,812.625
3157,63,255,1042.865,812.071
3158,95,255,135.353,816.953
3159,157,255,326.385,815.710
3160,131,255,445.691,816.737
3161,27,255,1439.130,812.500
3162,102,255,460.167,817.206
3163,76,255,680.092,815.421
3164,113,255,47.367,818.509
3165,101,255,63.698,817.153
3166,50,255,196.860,816.460
3167,69,255,1503.572,817.268
3168,98,255,215.592,817.980
3169,101,255,573.995,819.411
3170,73,255,649.884,818.007
3171,122,255,304.885,820.451
3172,101,255,556.639,819.668
3173,122,255,713.098,821.361
3174,39,255,1048.756,818.295
3175,159,255,1282.626,820.978
3176,118,255,374.712,821.873
3177,39,255,668.269,818.346
3178,54,255,764.037,819.481
3179,45,255,1036.500,818.811
3180,68,255,489.000,819.206
3181,76,255,1415.724,819.908
3182,57,255,176.377,820.693
3183,96,255,596.427,821.979
3184,138,255,1438.399,823.174
3185,130,255,150.338,824.731
3186,121,255,541.029,823.864
3187,81,255,615.204,823.870
3188,93,255,633.812,823.661
3189,91,255,752.390,823.808
3190,87,255,1078.500,822.500
3191,36,255,361.611,822.000
3192,25,255,699.060,821.780
3193,166,255,801.428,825.090
3194,77,255,1165.305,824.175
3195,57,255,228.570,823.711
3196,31,255,241.403,824.210
3197,61,255,1236.189,824.205
3198,39,255,1247.372,823.628
3199,55,255,1365.391,824.082
3200,121,255,400.062,826.508
3201,48,255,773.792,824.083
3202,121,255,825.269,826.649
3203,32,255,872.344,823.906
3204,44,255,962.477,825.182
3205,148,255,1195.453,828.000
3206,21,255,1306.643,823.833
3207,144,255,260.701,828.146
3208,176,255,859.886,831.102
3209,170,255,1349.553,830.300
3210,60,255,12.550,827.683
3211,79,255,81.918,828.956
3212,67,255,200.724,828.828
3213,61,255,669.877,827.189
3214,81,255,1095.809,828.537
3215,99,255,1132.682,829.591
3216,39,255,1597.756,828.500
3217,95,255,211.226,831.805
3218,128,255,124.828,831.570
3219,139,255,1006.960,831.349
3220,44,255,236.068,830.932
3221,44,255,313.409,831.023
3222,111,255,1502.653,832.518
3223,168,255,1520.821,834.399
3224,176,255,351.125,835.386
3225,74,255,775.054,832.297
3226,50,255,1300.320,832.980
3227,129,255,46.779,835.911
3228,54,255,57.278,833.519
3229,108,255,367.880,835.389
3230,41,255,514.817,831.890
3231,46,255,1119.239,832.630
3232,87,255,1146.971,833.948
3233,126,255,1310.587,835.897
3234,67,255,388.037,834.799
3235,75,255,722.233,835.273
3236,57,255,901.026,834.430
3237,109,255,926.674,835.839
3238,34,255,1078.265,833.412
3239,208,255,430.250,838.774
3240,56,255,468.107,834.857
3241,41,255,747.037,834.866
3242,126,255,884.968,836.968
3243,72,255,913.514,835.722
3244,58,255,1589.069,836.328
3245,46,255,187.565,835.761
3246,162,255,295.235,840.136
3247,95,255,410.974,837.889
3248,93,255,450.694,836.984
3249,94,255,675.245,837.606
3250,104,255,948.510,837.375
3251,171,255,1561.091,840.389
3252,93,255,105.715,837.801
3253,112,255,648.438,838.643
3254,102,255,708.559,839.353
3255,113,255,734.571,839.845
3256,84,255,975.619,838.440
3257,98,255,1248.418,838.469
3258,60,255,13.700,839.000
3259,23,255,88.761,837.326
3260,139,255,564.414,841.939
3261,99,255,583.389,838.944
3262,77,255,607.838,839.773
3263,123,255,624.337,839.370
3264,103,255,830.888,838.820
3265,99,255,962.561,839.409
3266,101,255,1053.658,839.559
3267,81,255,1100.673,839.080
3268,58,255,1331.724,838.948
3269,113,255,1435.243,839.341
3270,75,255,256.860,839.620
3271,157,255,504.965,843.099
3272,84,255,551.667,840.750
3273,71,255,1164.317,840.824
3274,63,255,1286.976,838.611
3275,79,255,177.981,841.082
3276,154,255,477.877,844.844
3277,112,255,1173.027,844.393
3278,109,255,1260.812,842.555
3279,109,255,327.619,841.702
3280,174,255,531.523,842.954
3281,96,255,1031.333,842.604
3282,115,255,1068.048,842.917
3283,211,255,1546.021,846.718
3284,93,255,80.446,844.038
3285,113,255,201.695,844.942
3286,91,255,751.335,843.258
3287,105,255,769.614,842.795
3288,26,255,215.615,841.808
3289,64,255,464.109,842.781
3290,51,255,1580.990,844.010
3291,28,255,492.214,845.250
3292,99,255,1205.449,845.409
3293,45,255,1402.011,843.478
3294,86,255,158.209,845.442
3295,70,255,171.000,846.971
3296,117,255,853.406,846.551
3297,36,255,1221.139,845.222
3298,35,255,242.300,845.414
3299,41,255,316.427,845.256
3300,86,255,589.872,846.279
3301,47,255,2.755,847.649
3302,101,255,112.599,848.579
3303,66,255,190.576,847.606
3304,70,255,228.271,848.257
3305,120,255,276.942,849.500
3306,47,255,803.053,847.564
3307,21,255,934.786,847.690
3308,26,255,1276.231,847.115
3309,67,255,96.306,849.172
3310,59,255,213.212,849.466
3311,32,255,383.938,848.844
3312,66,255,455.152,849.955
3313,67,255,694.142,848.754
3314,125,255,1301.412,851.108
3315,25,255,46.860,849.260
3316,130,255,872.015,853.031
3317,70,255,921.514,850.786
3318,107,255,146.425,853.107
3319,92,255,646.467,852.326
3320,80,255,955.750,851.525
3321,57,255,1344.026,852.500
3322,154,255,1381.422,854.058
3323,121,255,1408.640,853.764
3324,108,255,332.537,853.593
3325,89,255,944.185,853.736
3326,100,255,1006.300,853.730
3327,35,255,1127.186,851.986
3328,106,255,304.792,854.811
3329,77,255,1040.188,853.825
3330,87,255,1235.109,853.925
3331,51,255,1285.147,853.029
3332,79,255,20.209,855.259
3333,112,255,31.527,857.027
3334,32,255,126.094,853.625
3335,165,255,512.561,858.512
3336,72,255,1163.861,854.986
3337,115,255,1186.239,855.370
3338,116,255,54.966,857.259
3339,68,255,744.088,856.824
3340,82,255,887.110,856.622
3341,87,255,909.144,856.718
3342,90,255,1135.567,856.700
3343,105,255,1332.138,858.043
3344,103,255,1515.131,856.053
3345,70,255,316.843,857.314
3346,55,255,364.264,856.464
3347,71,255,404.697,857.035
3348,62,255,541.048,856.339
3349,58,255,593.293,856.776
3350,85,255,669.171,856.241
3351,95,255,697.047,857.247
3352,68,255,996.471,856.735
3353,46,255,1351.109,858.326
3354,105,255,253.481,858.643
3355,112,255,605.509,859.339
3356,86,255,773.814,857.733
3357,109,255,982.115,859.197
3358,106,255,1031.651,860.594
3359,114,255,1097.430,858.254
3360,81,255,292.648,859.401
3361,79,255,374.943,859.057
3362,87,255,1203.695,858.351
3363,42,255,1453.143,856.810
3364,125,255,622.716,860.268
3365,45,255,1067.522,859.189
3366,86,255,94.733,859.733
3367,47,255,753.202,860.521
3368,55,255,814.245,860.645
3369,95,255,822.195,863.795
3370,75,255,6.260,863.620
3371,133,255,428.605,862.981
3372,88,255,794.739,862.398
3373,96,255,1113.354,862.552
3374,151,255,1251.546,862.427
3375,108,255,835.528,865.370
3376,61,255,846.910,862.172
3377,30,255,920.200,862.600
3378,56,255,281.000,863.839
3379,142,255,451.176,866.669
3380,113,255,560.323,864.686
3381,70,255,1042.071,863.157
3382,51,255,1555.167,861.539
3383,103,255,204.597,866.073
3384,28,255,577.929,862.821
3385,105,255,858.881,867.662
3386,71,255,1015.415,864.754
3387,77,255,714.864,866.877
3388,41,255,1224.500,864.354
3389,71,255,141.894,866.655
3390,51,255,352.480,866.206
3391,77,255,397.539,866.994
3392,121,255,891.963,868.310
3393,77,255,1236.227,867.188
3394,132,255,1405.992,869.705
3395,126,255,1452.444,867.619
3396,31,255,722.500,866.661
3397,97,255,784.005,868.469
3398,128,255,1274.578,869.258
3399,125,255,1566.300,868.556
3400,169,255,181.595,872.257
3401,101,255,545.450,869.559
3402,31,255,671.468,866.694
3403,45,255,931.033,868.256
3404,83,255,1214.657,869.669
3405,103,255,1521.743,869.908
3406,79,255,258.234,869.348
3407,35,255,323.871,868.271
3408,89,255,478.174,870.511
3409,38,255,535.632,868.579
3410,52,255,735.558,869.115
3411,40,255,960.225,868.800
3412,121,255,999.500,870.393
3413,40,255,1059.225,868.700
3414,69,255,1370.717,869.572
3415,114,255,54.412,872.009
3416,83,255,169.223,871.608
3417,56,255,1089.411,870.946
3418,26,255,1196.115,868.154
3419,49,255,1394.765,870.071
3420,102,255,1146.716,872.824
3421,85,255,1158.429,871.806
3422,103,255,107.112,873.316
3423,51,255,848.735,872.461
3424,101,255,1078.946,874.094
3425,94,255,1313.436,872.511
3426,29,255,280.983,871.466
3427,135,255,467.544,877.937
3428,81,255,630.253,873.389
3429,69,255,695.862,872.775
3430,49,255,1067.316,874.337
3431,180,255,21.950,878.217
3432,140,255,376.521,876.379
3433,61,255,671.566,875.221
3434,108,255,873.639,876.019
3435,47,255,1012.287,874.649
3436,28,255,1255.000,872.500
3437,80,255,79.013,875.700
3438,81,255,723.019,876.648
3439,46,255,971.500,875.087
3440,103,255,91.966,877.568
3441,104,255,305.885,877.625
3442,71,255,1030.134,875.683
3443,64,255,1439.031,876.078
3444,26,255,1575.308,876.192
3445,104,255,913.279,878.587
3446,34,255,961.265,875.500
3447,72,255,1281.875,877.750
3448,96,255,227.052,878.812
3449,128,255,398.586,880.375
3450,144,255,811.312,880.007
3451,124,255,1178.806,879.677
3452,88,255,1354.295,879.011
3453,48,255,42.750,878.562
3454,78,255,130.269,880.423
3455,123,255,205.695,880.817
3456,106,255,1496.094,881.689
3457,95,255,425.279,880.637
3458,93,255,561.758,880.952
3459,57,255,578.746,880.272
3460,124,255,931.944,881.387
3461,110,255,1133.673,882.436
3462,94,255,1191.117,882.191
3463,72,255,1368.708,880.444
3464,87,255,116.649,882.741
3465,87,255,143.925,882.362
3466,105,255,246.214,882.576
3467,106,255,485.934,882.519
3468,50,255,1022.100,881.100
3469,72,255,1218.806,882.236
3470,45,255,1227.522,881.100
3471,57,255,1454.360,880.921
3472,89,255,1584.129,881.949
3473,104,255,1426.154,883.808
3474,85,255,275.606,883.676
3475,72,255,1117.889,883.042
3476,127,255,1551.366,885.130
3477,39,255,259.705,883.808
3478,68,255,618.603,884.985
3479,72,255,693.806,884.361
3480,60,255,964.400,884.250
3481,105,255,1466.252,885.481
3482,56,255,1562.750,884.821
3483,60,255,3.867,885.317
3484,85,255,77.982,885.371
3485,87,255,755.270,886.086
3486,83,255,831.187,886.078
3487,100,255,1153.600,886.560
3488,68,255,549.882,887.500
3489,93,255,895.016,888.296
3490,130,255,1261.154,889.300
3491,69,255,1292.210,887.341
3492,108,255,1341.796,888.574
3493,91,255,1387.885,888.082
3494,30,255,1514.000,886.000
3495,65,255,104.777,889.362
3496,77,255,590.032,890.890
3497,106,255,663.462,890.217
3498,26,255,784.500,886.308
3499,66,255,459.091,889.879
3500,106,255,513.321,890.274
3501,24,255,522.542,888.083
3502,39,255,609.449,888.936
3503,103,255,854.908,890.238
3504,111,255,949.761,889.653
3505,91,255,988.841,889.918
3506,22,255,1304.409,887.591
3507,69,255,1399.790,890.152
3508,72,255,1506.125,890.431
3509,140,255,224.129,891.457
3510,26,255,376.500,888.462
3511,83,255,625.705,891.898
3512,105,255,883.900,891.319
3513,124,255,1071.782,891.887
3514,101,255,1443.262,891.005
3515,119,255,162.441,893.080
3516,78,255,268.500,894.282
3517,70,255,907.286,891.714
3518,73,255,979.651,892.021
3519,22,255,1526.273,889.318
3520,125,255,423.276,893.796
3521,80,255,62.237,893.925
3522,80,255,198.988,894.112
3523,165,255,300.845,898.415
3524,69,255,441.051,894.051
3525,87,255,582.259,894.914
3526,106,255,636.283,895.387
3527,51,255,822.559,893.049
3528,94,255,1001.415,894.809
3529,89,255,1380.421,895.534
3530,44,255,1480.773,892.250
3531,85,255,369.547,895.088
3532,100,255,563.120,895.030
3533,72,255,869.986,894.708
3534,71,255,1013.218,895.261
3535,120,255,1085.683,896.517
3536,44,255,1106.227,894.159
3537,95,255,1171.311,895.605
3538,68,255,177.279,896.162
3539,58,255,916.397,896.207
3540,82,255,1305.829,896.012
3541,20,255,1517.450,893.400
3542,154,255,27.344,897.792
3543,80,255,692.800,897.450
3544,79,255,747.690,897.348
3545,35,255,1181.757,895.843
3546,124,255,1277.871,898.306
3547,107,255,46.322,898.724
3548,50,255,75.020,896.220
3549,119,255,355.391,898.819
3550,58,255,385.845,899.379
3551,173,255,539.824,899.564
3552,140,255,786.843,899.736
3553,82,255,1058.500,898.073
3554,80,255,279.150,899.362
3555,102,255,401.284,899.676
3556,48,255,760.271,897.125
3557,66,255,1113.288,898.364
3558,26,255,1598.269,898.000
3559,62,255,524.000,900.194
3560,30,255,713.233,897.467
3561,77,255,1100.110,900.422
3562,53,255,1190.519,899.613
3563,90,255,1413.178,899.878
3564,41,255,1488.427,898.354
3565,32,255,149.812,898.969
3566,136,255,725.463,900.971
3567,125,255,968.380,901.484
3568,99,255,1292.631,902.662
3569,157,255,489.723,903.519
3570,90,255,667.067,901.567
3571,45,255,210.656,901.344
3572,114,255,325.912,903.439
3573,125,255,463.972,904.092
3574,90,255,599.033,902.178
3575,90,255,703.067,902.956
3576,130,255,109.569,905.962
3577,118,255,1334.246,906.203
3578,150,255,930.540,907.160
3579,154,255,1318.714,908.435
3580,86,255,1402.698,907.209
3581,150,255,1432.127,907.947
3582,85,255,186.253,906.735
3583,102,255,1568.882,907.765
3584,42,255,903.667,906.167
3585,88,255,1390.591,908.398
3586,104,255,1480.000,909.010
3587,24,255,616.375,906.833
3588,87,255,839.063,908.408
3589,80,255,855.475,908.650
3590,54,255,1022.944,908.963
3591,145,255,225.879,911.838
3592,93,255,430.188,910.543
3593,110,255,994.836,910.536
3594,117,255,1041.321,911.500
3595,36,255,1491.472,908.028
3596,39,255,1535.782,909.064
3597,153,255,1555.801,913.193
3598,99,255,3.379,915.985
3599,65,255,53.946,909.515
3600,67,255,144.470,910.709
3601,130,255,245.700,912.231
3602,86,255,310.709,911.291
3603,30,255,533.000,908.833
3604,155,255,1073.029,913.158
3605,77,255,1123.136,910.929
3606,101,255,1143.183,910.837
3607,82,255,1446.232,910.622
3608,117,255,29.141,913.175
3609,80,255,371.600,912.237
3610,134,255,398.276,913.590
3611,89,255,968.253,911.208
3612,73,255,1178.664,911.500
3613,63,255,85.532,911.675
3614,114,255,877.851,913.237
3615,98,255,1008.816,913.622
3616,111,255,1058.077,913.680
3617,205,255,1256.539,914.285
3618,63,255,564.944,913.611
3619,80,255,576.737,915.138
3620,95,255,603.447,913.079
3621,102,255,162.549,915.088
3622,62,255,264.484,914.387
3623,84,255,723.798,914.845
3624,105,255,1203.910,915.881
3625,100,255,122.340,916.380
3626,106,255,802.009,916.651
3627,101,255,1099.559,917.134
3628,44,255,1241.932,916.068
3629,36,255,1458.556,914.500
3630,81,255,457.660,916.648
3631,45,255,733.922,915.700
3632,169,255,1352.885,918.494
3633,96,255,1578.698,917.760
3634,80,255,94.312,918.225
3635,52,255,278.308,917.192
3636,103,255,291.694,918.684
3637,108,255,543.611,918.370
3638,90,255,625.200,919.422
3639,71,255,767.880,917.077
3640,82,255,868.171,918.244
3641,76,255,200.092,918.618
3642,58,255,530.224,919.655
3643,53,255,652.104,917.406
3644,48,255,1157.312,917.250
3645,50,255,1295.280,918.480
3646,119,255,57.223,920.525
3647,69,255,185.297,918.703
3648,60,255,318.917,920.000
3649,110,255,665.682,920.136
3650,143,255,691.661,924.465
3651,35,255,706.329,920.157
3652,100,255,897.200,920.160
3653,87,255,79.052,920.718
3654,98,255,172.847,922.878
3655,94,255,586.245,921.404
3656,142,255,938.993,922.746
3657,138,255,1023.877,923.123
3658,91,255,749.643,922.511
3659,90,255,1270.544,922.478
3660,104,255,1286.683,923.250
3661,93,255,424.500,923.844
3662,95,255,439.226,923.374
3663,82,255,825.866,923.683
3664,77,255,1219.097,922.500
3665,38,255,1230.658,921.658
3666,64,255,1388.609,922.188
3667,49,255,1444.806,921.459
3668,52,255,1466.308,922.058
3669,47,255,258.160,922.798
3670,34,255,372.088,922.294
3671,20,255,307.750,922.550
3672,97,255,816.273,925.448
3673,102,255,851.118,925.157
3674,93,255,975.962,924.392
3675,138,255,1166.659,928.659
3676,115,255,1513.830,926.022
3677,72,255,37.069,926.319
3678,118,255,638.254,927.415
3679,99,255,1307.328,926.399
3680,88,255,1475.636,927.977
3681,121,255,137.343,929.401
3682,71,255,884.838,925.937
3683,20,255,1486.750,924.750
3684,97,255,248.149,928.170
3685,53,255,567.142,926.462
3686,60,255,1055.267,927.467
3687,81,255,224.759,929.130
3688,65,255,238.023,929.454
3689,104,255,396.663,929.846
3690,91,255,505.588,931.324
3691,91,255,1069.566,928.489
3692,157,255,1182.443,932.653
3693,92,255,1425.902,930.696
3694,89,255,156.792,929.916
3695,68,255,407.162,929.338
3696,96,255,919.396,930.552
3697,93,255,1112.586,930.554
3698,120,255,1396.808,931.258
3699,112,255,1413.098,930.839
3700,79,255,515.386,931.741
3701,81,255,987.549,931.500
3702,40,255,86.000,930.000
3703,126,255,349.516,933.405
3704,28,255,604.036,930.500
3705,83,255,665.114,931.380
3706,81,255,957.426,931.265
3707,92,255,1079.109,932.598
3708,111,255,1242.617,932.806
3709,124,255,1326.379,932.621
3710,73,255,1359.788,931.705
3711,99,255,1498.500,933.237
3712,114,255,1572.596,932.553
3713,59,255,368.585,932.110
3714,34,255,622.529,930.882
3715,77,255,1122.500,932.825
3716,35,255,1232.129,932.071
3717,215,255,1445.244,938.384
3718,177,255,51.404,935.997
3719,130,255,333.877,935.685
3720,46,255,465.435,932.435
3721,182,255,204.984,935.753
3722,103,255,378.917,935.034
3723,145,255,451.024,936.693
3724,100,255,535.270,934.910
3725,110,255,720.982,935.918
3726,119,255,1544.542,936.139
3727,87,255,742.511,935.741
3728,117,255,763.115,937.209
3729,66,255,944.136,935.909
3730,122,255,1203.533,937.254
3731,67,255,145.097,937.052
3732,136,255,268.691,937.566
3733,43,255,968.314,935.895
3734,80,255,1005.550,937.800
3735,140,255,550.850,938.600
3736,92,255,570.837,937.783
3737,103,255,1347.529,937.956
3738,25,255,1374.060,936.340
3739,109,255,292.436,939.683
3740,49,255,647.337,937.276
3741,121,255,784.087,940.054
3742,40,255,925.950,937.900
3743,34,255,1025.559,937.824
3744,62,255,1136.000,937.403
3745,52,255,1509.288,938.712
3746,127,255,482.091,940.744
3747,115,255,799.430,942.030
3748,109,255,1287.885,941.060
3749,35,255,1519.129,937.929
3750,137,255,313.004,941.974
3751,59,255,1271.246,940.703
3752,54,255,23.056,941.370
3753,112,255,82.125,942.473
3754,83,255,702.705,941.584
3755,119,255,1485.029,942.861
3756,50,255,115.460,942.480
3757,62,255,125.581,944.016
3758,129,255,239.562,945.368
3759,67,255,254.231,942.366
3760,116,255,870.405,946.224
3761,80,255,1593.588,943.362
3762,70,255,10.757,944.571
3763,36,255,610.833,941.861
3764,99,255,813.884,944.096
3765,52,255,1097.558,942.712
3766,139,255,1466.198,946.478
3767,34,255,882.206,943.735
3768,49,255,948.520,944.378
3769,80,255,1111.250,945.388
3770,47,255,1429.755,944.287
3771,63,255,33.167,945.214
3772,60,255,619.900,947.600
3773,23,255,674.370,943.370
3774,80,255,826.413,946.100
3775,105,255,841.652,946.490
3776,116,255,1034.724,946.569
3777,37,255,2.635,945.905
3778,63,255,689.294,946.214
3779,42,255,857.167,946.690
3780,47,255,989.755,945.628
3781,125,255,1302.356,948.044
3782,111,255,1378.338,947.149
3783,104,255,109.221,949.096
3784,28,255,151.143,945.857
3785,90,255,370.822,947.978
3786,89,255,971.646,948.646
3787,58,255,1163.862,946.310
3788,86,255,601.709,950.744
3789,154,255,639.617,948.779
3790,82,255,657.829,949.537
3791,43,255,731.081,947.547
3792,91,255,961.401,949.335
3793,174,255,1060.328,949.960
3794,93,255,1127.758,948.640
3795,66,255,72.288,950.091
3796,87,255,353.603,949.305
3797,89,255,1142.702,950.107
3798,58,255,1537.793,948.707
3799,30,255,1548.067,947.233
3800,89,255,210.871,951.702
3801,49,255,337.439,949.724
3802,119,255,902.416,951.929
3803,32,255,248.375,950.656
3804,65,255,423.869,951.485
3805,87,255,1415.132,952.052
3806,156,255,53.276,953.090
3807,89,255,1232.680,953.803
3808,63,255,1564.611,952.230
3809,84,255,165.012,953.405
3810,88,255,185.102,954.636
3811,96,255,220.479,954.938
3812,80,255,326.025,953.225
3813,148,255,543.095,955.257
3814,59,255,589.449,953.941
3815,25,255,670.620,953.740
3816,114,255,943.000,955.430
3817,94,255,1156.160,954.755
3818,43,255,1266.547,952.872
3819,85,255,1360.535,953.653
3820,28,255,1597.643,952.143
3821,99,255,395.763,955.581
3822,179,255,509.483,959.042
3823,86,255,883.721,954.872
3824,180,255,1494.144,958.478
3825,103,255,443.908,957.015
3826,63,255,481.246,954.944
3827,104,255,747.827,956.327
3828,37,255,1170.203,954.122
3829,71,255,578.021,956.444
3830,109,255,1109.830,959.683
3831,130,255,1331.969,958.900
3832,90,255,469.567,958.222
3833,133,255,984.011,959.305
3834,119,255,1274.836,958.803
3835,83,255,1407.488,960.741
3836,74,255,678.973,958.770
3837,103,255,695.102,960.063
3838,100,255,861.270,959.480
3839,85,255,1082.688,958.888
3840,53,255,1095.330,958.500
3841,64,255,1452.656,958.828
3842,27,255,1555.093,956.574
3843,90,255,144.722,959.689
3844,89,255,831.702,959.972
3845,66,255,1253.106,959.015
3846,46,255,1319.500,959.065
3847,71,255,1376.444,958.923
3848,65,255,1422.700,959.469
3849,44,255,178.045,960.364
3850,79,255,427.399,960.715
3851,34,255,525.912,959.676
3852,43,255,613.733,960.198
3853,127,255,1002.524,961.831
3854,93,255,1435.435,961.651
3855,41,255,1505.524,960.305
3856,122,255,73.254,962.680
3857,82,255,455.585,962.171
3858,100,255,1018.270,962.570
3859,39,255,1214.244,959.936
3860,100,255,1041.720,964.500
3861,41,255,1597.793,962.939
3862,89,255,349.006,963.736
3863,70,255,1029.157,964.400
3864,38,255,1386.553,962.368
3865,85,255,1566.888,963.606
3866,58,255,275.414,963.759
3867,80,255,372.812,964.675
3868,157,255,642.933,967.283
3869,64,255,658.094,964.359
3870,76,255,896.553,964.671
3871,63,255,1068.849,963.992
3872,66,255,3.485,966.879
3873,159,255,20.299,968.978
3874,88,255,43.727,966.307
3875,118,255,241.780,966.585
3876,67,255,332.560,966.485
3877,70,255,486.014,965.086
3878,64,255,1055.266,966.000
3879,73,255,590.500,966.870
3880,44,255,884.909,966.409
3881,96,255,1355.938,967.010
3882,97,255,125.840,968.912
3883,91,255,299.555,967.698
3884,25,255,543.220,965.860
3885,100,255,564.580,968.240
3886,151,255,767.679,968.560
3887,80,255,868.850,968.650
3888,64,255,116.172,968.875
3889,60,255,181.067,967.883
3890,68,255,318.941,969.029
3891,70,255,550.914,968.314
3892,53,255,602.047,968.047
3893,51,255,909.657,968.049
3894,41,255,220.256,968.012
3895,202,255,1306.475,974.272
3896,72,255,156.597,971.528
3897,73,255,431.952,970.089
3898,74,255,664.959,971.554
3899,89,255,817.534,970.949
3900,100,255,943.650,971.530
3901,50,255,1079.180,969.480
3902,86,255,1458.279,970.640
3903,107,255,101.864,972.388
3904,114,255,207.518,972.807
3905,57,255,619.289,971.851
3906,44,255,628.682,971.682
3907,48,255,679.042,969.917
3908,133,255,925.229,971.523
3909,85,255,87.418,973.159
3910,44,255,326.727,972.977
3911,107,255,402.593,973.808
3912,66,255,719.636,973.061
3913,31,255,955.016,970.952
3914,75,255,1108.087,972.193
3915,77,255,1191.253,972.006
3916,50,255,1218.940,971.540
3917,152,255,1533.717,975.237
3918,75,255,142.140,973.833
3919,48,255,280.958,973.188
3920,28,255,793.393,971.464
3921,49,255,834.561,972.051
3922,44,255,1127.136,972.750
3923,45,255,1175.856,972.967
3924,70,255,1392.614,973.614
3925,35,255,32.500,973.586
3926,30,255,228.833,972.733
3927,28,255,389.536,973.607
3928,70,255,1143.729,973.686
3929,148,255,1274.824,975.865
3930,165,255,350.258,976.524
3931,95,255,377.563,976.058
3932,65,255,477.223,977.915
3933,63,255,526.563,974.960
3934,109,255,1476.050,976.372
3935,96,255,700.375,977.677
3936,101,255,1020.668,977.272
3937,108,255,1405.907,978.046
3938,56,255,61.536,978.286
3939,94,255,462.521,977.851
3940,75,255,486.287,977.860
3941,59,255,747.025,976.873
3942,29,255,849.879,975.638
3943,22,255,2.227,976.455
3944,82,255,1053.451,978.463
3945,204,255,1551.750,982.985
3946,67,255,307.097,980.858
3947,41,255,797.451,978.646
3948,43,255,996.151,978.291
3949,123,255,1199.939,980.939
3950,44,255,1327.023,979.091
3951,73,255,1359.514,979.445
3952,74,255,1590.527,978.905
3953,88,255,1091.364,980.909
3954,96,255,1519.708,981.125
3955,54,255,148.148,980.278
3956,60,255,570.217,981.000
3957,58,255,809.983,980.638
3958,67,255,829.410,981.201
3959,57,255,1252.728,981.307
3960,90,255,1455.511,982.844
3961,82,255,239.646,983.037
3962,109,255,640.069,983.206
3963,67,255,661.978,981.963
3964,91,255,869.544,982.643
3965,85,255,907.900,982.324
3966,35,255,1009.700,981.414
3967,46,255,1415.239,982.283
3968,74,255,49.284,982.797
3969,56,255,495.554,984.143
3970,143,255,886.801,984.472
3971,27,255,975.500,981.759
3972,36,255,1101.917,981.528
3973,34,255,1124.794,982.706
3974,33,255,31.500,982.955
3975,96,255,227.729,986.615
3976,71,255,324.556,984.458
3977,123,255,431.711,985.614
3978,34,255,555.500,983.000
3979,91,255,784.819,985.412
3980,131,255,1343.256,986.248
3981,61,255,367.697,985.533
3982,30,255,452.500,984.067
3983,44,255,743.909,984.500
3984,101,255,929.163,986.401
3985,88,255,965.932,986.523
3986,113,255,1164.314,986.553
3987,26,255,1445.500,984.000
3988,118,255,1491.729,987.237
3989,72,255,83.889,987.250
3990,93,255,202.887,986.758
3991,74,255,276.838,986.324
3992,174,255,619.868,990.328
3993,130,255,763.092,987.554
3994,63,255,97.357,986.865
3995,89,255,400.522,987.174
3996,55,255,819.991,986.864
3997,128,255,986.914,988.016
3998,92,255,1433.870,988.935
3999,50,255,1597.520,988.220
4000,71,255,503.627,988.261
4001,80,255,797.475,989.188
4002,117,255,1041.603,989.500
4003,37,255,1061.338,987.959
4004,45,255,184.989,988.878
4005,63,255,214.325,989.230
4006,86,255,596.837,989.640
4007,44,255,838.000,989.045
4008,54,255,915.630,988.704
4009,79,255,1244.766,990.032
4010,83,255,76.054,991.813
4011,143,255,573.507,992.899
4012,116,255,712.586,991.681
4013,37,255,808.932,989.419
4014,73,255,863.856,990.514
4015,22,255,1107.364,988.500
4016,96,255,1303.542,991.542
4017,90,255,171.711,991.411
4018,97,255,298.696,991.500
4019,139,255,379.543,995.414
4020,91,255,1136.379,992.115
4021,120,255,1370.117,991.833
4022,89,255,1118.489,994.017
4023,163,255,1470.979,995.997
4024,115,255,29.665,994.404
4025,101,255,350.569,993.748
4026,118,255,446.686,995.432
4027,60,255,658.600,992.483
4028,131,255,1191.385,994.653
4029,104,255,1578.538,994.462
4030,104,255,1011.962,995.769
4031,83,255,1215.404,993.596
4032,74,255,1259.270,994.162
4033,48,255,3.083,994.708
4034,105,255,15.290,997.252
4035,127,255,101.972,998.791
4036,52,255,413.154,994.846
4037,97,255,998.943,997.356
4038,55,255,1269.864,995.282
4039,115,255,1396.152,996.726
4040,78,255,1539.769,995.282
4041,71,255,1589.106,995.965
4042,38,255,529.342,995.737
4043,73,255,558.760,996.171
4044,141,255,1154.784,1000.152
4045,116,255,1285.216,997.190
4046,86,255,397.093,996.570
4047,46,255,894.870,996.935
4048,64,255,1084.234,997.547
4049,71,255,1325.275,997.782
4050,68,255,520.044,998.853
4051,103,255,540.966,998.490
4052,25,255,914.980,996.740
4053,51,255,1075.265,997.971
4054,61,255,1482.320,999.254
4055,24,255,313.458,997.208
4056,89,255,488.253,1000.174
4057,104,255,1409.567,1001.490
4058,80,255,115.750,1000.750
4059,31,255,904.274,999.790
4060,107,255,1096.369,1001.650
4061,122,255,46.836,1003.172
4062,96,255,181.281,1001.792
4063,118,255,267.780,1001.864
4064,66,255,589.394,1001.197
4065,86,255,683.895,1001.395
4066,85,255,1317.053,1002.135
4067,134,255,1514.978,1004.522
4068,71,255,137.514,1002.387
4069,117,255,337.449,1004.278
4070,78,255,475.641,1002.756
4071,84,255,972.500,1002.262
4072,108,255,1036.194,1003.991
4073,41,255,1527.768,1003.305
4074,96,255,1489.688,1005.083
4075,100,255,228.630,1005.450
4076,77,255,884.383,1005.591
4077,93,255,1138.876,1005.005
4078,91,255,1175.654,1004.533
4079,20,255,1337.200,1002.650
4080,144,255,90.104,1009.188
4081,105,255,430.043,1005.910
4082,43,255,828.709,1004.895
4083,145,255,855.576,1006.355
4084,88,255,1212.636,1006.227
4085,50,255,1548.340,1005.960
4086,76,255,69.158,1006.829
4087,76,255,242.289,1007.092
4088,81,255,644.673,1006.698
4089,26,255,656.962,1004.808
4090,142,255,772.430,1008.599
4091,89,255,1200.242,1007.399
4092,71,255,1248.092,1005.641
4093,61,255,156.861,1006.795
4094,96,255,607.250,1008.146
4095,79,255,622.285,1007.538
4096,86,255,1264.163,1007.802
4097,107,255,1361.696,1008.584
4098,95,255,1425.426,1008.658
4099,61,255,312.566,1008.172
4100,43,255,395.919,1006.547
4101,23,255,522.283,1006.587
4102,23,255,1025.587,1007.457
4103,49,255,1189.276,1007.827
4104,47,255,1290.074,1007.670
4105,32,255,1437.031,1007.250
4106,77,255,1537.760,1009.825
4107,86,255,2.628,1013.186
4108,87,255,119.971,1009.787
4109,38,255,172.526,1008.368
4110,83,255,304.187,1010.741
4111,140,255,669.700,1011.093
4112,100,255,938.990,1010.600
4113,106,255,1055.811,1009.208
4114,38,255,1385.395,1008.842
4115,28,255,549.607,1008.679
4116,130,255,924.131,1011.738
4117,85,255,282.582,1012.229
4118,33,255,291.106,1010.439
4119,115,255,456.535,1012.430
4120,82,255,496.500,1011.293
4121,108,255,709.898,1012.917
4122,131,255,748.118,1012.943
4123,106,255,1116.066,1013.575
4124,83,255,1590.319,1011.536
4125,104,255,804.173,1012.865
4126,56,255,823.661,1013.018
4127,45,255,835.500,1012.056
4128,20,255,900.600,1010.200
4129,32,255,949.156,1012.219
4130,72,255,19.361,1014.056
4131,124,255,141.766,1014.831
4132,104,255,485.875,1016.231
4133,83,255,691.139,1013.946
4134,142,255,40.613,1018.725
4135,84,255,385.917,1015.262
4136,104,255,584.096,1014.827
4137,57,255,1000.079,1015.184
4138,56,255,1242.982,1015.304
4139,82,255,1446.220,1015.951
4140,77,255,1456.656,1015.695
4141,49,255,182.663,1015.480
4142,60,255,986.917,1015.567
4143,58,255,1149.724,1016.138
4144,80,255,1576.162,1016.625
4145,172,255,335.547,1020.564
4146,58,255,626.345,1016.862
4147,97,255,869.686,1018.459
4148,100,255,1042.610,1017.710
4149,54,255,1293.759,1017.241
4150,105,255,512.767,1019.090
4151,49,255,720.929,1018.439
4152,36,255,782.361,1017.750
4153,120,255,1559.183,1019.817
4154,97,255,161.603,1019.840
4155,25,255,267.740,1017.340
4156,130,255,358.385,1019.969
4157,30,255,1400.200,1018.033
4158,66,255,126.758,1019.864
4159,82,255,234.024,1020.073
4160,58,255,537.121,1019.448
4161,43,255,609.221,1018.895
4162,25,255,790.300,1018.940
4163,70,255,894.843,1020.471
4164,85,255,1256.841,1020.582
4165,177,255,1481.387,1022.150
4166,75,255,27.407,1022.407
4167,100,255,61.870,1022.020
4168,30,255,956.467,1020.667
4169,99,255,1080.692,1021.641
4170,62,255,1094.226,1020.726
4171,83,255,1131.596,1022.127
4172,39,255,1192.013,1020.474
4173,111,255,1202.068,1022.059
4174,116,255,1315.509,1023.681
4175,156,255,1338.891,1024.019
4176,112,255,1520.232,1023.321
4177,72,255,1272.833,1021.931
4178,21,255,1362.119,1020.071
4179,51,255,1382.500,1021.657
4180,94,255,645.245,1024.553
4181,60,255,669.150,1022.717
4182,36,255,946.556,1022.417
4183,43,255,966.151,1022.872
4184,94,255,1532.468,1024.755
4185,33,255,687.924,1022.561
4186,116,255,920.086,1025.491
4187,77,255,1421.539,1024.188
4188,101,255,451.797,1026.134
4189,90,255,550.478,1025.811
4190,126,255,1018.103,1026.262
4191,104,255,1223.375,1025.885
4192,70,255,85.957,1025.929
4193,54,255,439.333,1026.667
4194,122,255,769.230,1028.057
4195,33,255,1144.773,1024.712
4196,49,255,184.439,1028.112
4197,37,255,429.878,1026.554
4198,22,255,476.864,1026.091
4199,36,255,561.417,1027.528
4200,65,255,169.377,1028.008
4201,74,255,212.419,1028.716
4202,74,255,297.297,1028.784
4203,114,255,995.211,1029.044
4204,74,255,1063.892,1027.676
4205,77,255,101.500,1029.825
4206,59,255,125.585,1028.653
4207,61,255,226.730,1028.762
4208,60,255,278.767,1028.967
4209,95,255,386.816,1029.300
4210,64,255,1244.922,1029.406
4211,52,255,1256.808,1029.538
4212,64,255,309.250,1030.125
4213,61,255,853.123,1030.123
4214,79,255,1039.158,1029.816
4215,68,255,1433.000,1030.176
4216,100,255,1595.030,1031.090
4217,62,255,731.226,1030.726
4218,87,255,905.351,1032.546
4219,60,255,1053.300,1031.217
4220,91,255,1101.335,1032.412
4221,142,255,1156.894,1035.373
4222,83,255,33.139,1032.669
4223,57,255,484.237,1031.798
4224,75,255,1113.473,1033.567
4225,21,255,1282.595,1030.786
4226,87,255,1418.086,1032.672
4227,25,255,269.580,1031.700
4228,76,255,373.066,1033.711
4229,62,255,570.645,1032.129
4230,29,255,1571.121,1032.707
4231,122,255,1076.836,1035.574
4232,77,255,1196.344,1033.487
4233,89,255,145.848,1035.826
4234,70,255,332.886,1034.914
4235,58,255,684.259,1035.034
4236,41,255,1472.159,1035.085
4237,32,255,1544.312,1033.969
4238,34,255,287.676,1035.059
4239,121,255,351.640,1037.128
4240,51,255,425.225,1035.775
4241,89,255,612.713,1037.747
4242,37,255,1090.986,1036.014
4243,69,255,1390.949,1035.732
4244,94,255,241.447,1038.053
4245,99,255,538.136,1037.722
4246,38,255,632.447,1036.342
4247,73,255,865.911,1037.445
4248,58,255,1517.914,1035.776
4249,80,255,50.200,1038.588
4250,39,255,460.372,1036.705
4251,89,255,503.084,1039.073
4252,52,255,647.346,1036.808
4253,77,255,881.006,1039.331
4254,76,255,124.013,1038.711
4255,48,255,218.438,1038.312
4256,71,255,230.979,1040.430
4257,69,255,1305.630,1038.674
4258,136,255,1349.221,1042.059
4259,69,255,15.022,1039.717
4260,74,255,744.649,1040.459
4261,40,255,757.175,1039.475
4262,58,255,921.845,1040.810
4263,164,255,1172.762,1043.707
4264,141,255,1237.245,1042.550
4265,59,255,1296.737,1040.992
4266,20,255,1487.450,1038.400
4267,66,255,194.939,1040.985
4268,46,255,604.804,1040.848
4269,58,255,207.276,1041.828
4270,56,255,268.893,1041.054
4271,67,255,517.216,1042.575
4272,57,255,564.482,1041.640
4273,124,255,1025.331,1043.129
4274,73,255,1133.473,1041.952
4275,87,255,1197.787,1041.351
4276,93,255,65.317,1044.565
4277,45,255,78.078,1043.389
4278,118,255,94.686,1047.619
4279,47,255,1039.394,1043.202
4280,85,255,1387.182,1044.900
4281,122,255,1550.238,1044.369
4282,77,255,700.682,1045.214
4283,87,255,1114.236,1046.385
4284,68,255,1254.309,1044.603
4285,60,255,1407.483,1044.183
4286,33,255,1461.439,1042.924
4287,83,255,1588.934,1044.994
4288,139,255,597.874,1051.183
4289,127,255,1512.035,1046.957
4290,55,255,464.518,1045.482
4291,39,255,691.321,1046.064
4292,28,255,345.036,1045.429
4293,89,255,455.758,1050.758
4294,44,255,835.023,1046.386
4295,54,255,846.241,1047.463
4296,75,255,1475.687,1047.327
4297,92,255,109.207,1048.707
4298,35,255,142.643,1047.214
4299,47,255,289.117,1047.862
4300,33,255,304.167,1046.864
4301,72,255,575.319,1048.833
4302,47,255,670.500,1047.734
4303,54,255,1053.426,1047.556
4304,55,255,135.155,1050.118
4305,36,255,297.250,1048.583
4306,96,255,1321.990,1049.583
4307,133,255,1496.936,1052.162
4308,83,255,1565.018,1051.307
4309,47,255,240.500,1048.883
4310,28,255,777.464,1048.571
4311,62,255,1009.065,1050.742
4312,49,255,1449.969,1050.378
4313,56,255,159.661,1050.964
4314,66,255,650.045,1051.045
4315,82,255,765.000,1050.915
4316,43,255,866.570,1049.895
4317,46,255,975.130,1049.543
4318,123,255,1188.394,1053.663
4319,86,255,1202.023,1053.070
4320,175,255,1371.711,1055.774
4321,107,255,1412.958,1052.164
4322,134,255,265.985,1054.000
4323,69,255,502.225,1051.543
4324,26,255,1295.885,1050.692
4325,50,255,988.760,1052.400
4326,78,255,1144.231,1052.897
4327,58,255,1340.086,1052.707
4328,68,255,145.779,1054.279
4329,90,255,175.489,1055.289
4330,63,255,211.119,1054.087
4331,65,255,315.392,1054.300
4332,115,255,333.204,1054.604
4333,46,255,400.239,1054.326
4334,75,255,418.887,1055.220
4335,39,255,711.244,1053.321
4336,46,255,904.935,1054.283
4337,58,255,1281.845,1055.448
4338,27,255,789.574,1054.352
4339,30,255,1125.667,1055.567
4340,163,255,1237.113,1059.672
4341,77,255,1467.773,1056.097
4342,52,255,8.000,1056.096
4343,38,255,1132.342,1055.974
4344,43,255,35.942,1057.360
4345,134,255,56.201,1060.313
4346,71,255,389.655,1058.683
4347,31,255,547.855,1057.629
4348,83,255,354.596,1059.524
4349,69,255,472.848,1058.312
4350,101,255,513.203,1059.975
4351,87,255,615.557,1058.914
4352,44,255,820.182,1058.500
4353,80,255,889.812,1059.213
4354,82,255,1043.866,1059.573
4355,81,255,1218.265,1060.241
4356,41,255,1293.402,1058.622
4357,113,255,1581.765,1060.704
4358,48,255,1002.646,1060.083
4359,99,255,1252.177,1061.763
4360,32,255,97.312,1060.281
4361,72,255,183.319,1061.972
4362,49,255,377.071,1059.949
4363,47,255,536.457,1059.415
4364,73,255,561.651,1061.199
4365,26,255,724.269,1060.192
4366,75,255,796.433,1063.713
4367,55,255,936.900,1060.664
4368,92,255,1437.043,1061.620
4369,39,255,1483.782,1060.654
4370,81,255,1527.870,1061.438
4371,22,255,71.409,1060.364
4372,28,255,134.214,1060.571
4373,62,255,674.000,1061.661
4374,64,255,695.891,1062.078
4375,22,255,810.364,1060.545
4376,68,255,867.397,1062.441
4377,55,255,961.518,1061.591
4378,51,255,1169.971,1061.853
4379,46,255,711.870,1062.761
4380,66,255,925.121,1063.424
4381,79,255,1019.665,1062.411
4382,105,255,1539.890,1065.443
4383,31,255,949.500,1062.210
4384,35,255,1274.614,1064.043
4385,104,255,1399.394,1065.740
4386,71,255,236.331,1064.993
4387,85,255,831.900,1067.359
4388,66,255,1266.318,1066.106
4389,66,255,4.167,1066.000
4390,41,255,400.646,1065.085
4391,75,255,434.220,1065.953
4392,55,255,572.773,1066.082
4393,52,255,734.404,1065.500
4394,87,255,774.615,1065.845
4395,77,255,845.357,1065.331
4396,67,255,987.157,1066.127
4397,112,255,1178.973,1069.384
4398,86,255,21.942,1067.302
4399,81,255,116.019,1066.574
4400,97,255,605.490,1068.438
4401,89,255,1310.062,1067.770
4402,85,255,1492.853,1067.606
4403,89,255,1593.062,1068.770
4404,40,255,718.350,1067.100
4405,66,255,972.500,1068.455
4406,79,255,1283.297,1068.829
4407,128,255,70.789,1072.273
4408,84,255,101.464,1069.512
4409,68,255,758.029,1069.044
4410,49,255,387.929,1068.847
4411,80,255,1519.450,1070.650
4412,31,255,1158.565,1069.661
4413,73,255,1440.103,1070.445
4414,55,255,276.500,1071.500
4415,47,255,296.053,1071.181
4416,40,255,898.925,1071.250
4417,42,255,1194.786,1072.952
4418,87,255,1342.753,1073.489
4419,129,255,1477.461,1076.500
4420,101,255,1550.579,1073.223
4421,97,255,399.500,1073.974
4422,49,255,910.929,1071.867
4423,37,255,1419.635,1072.797
4424,72,255,446.347,1074.181
4425,40,255,924.975,1072.825
4426,89,255,949.006,1076.129
4427,70,255,1084.743,1074.157
4428,98,255,1131.612,1075.214
4429,28,255,1317.821,1074.429
4430,76,255,1462.987,1075.237
4431,47,255,88.670,1075.011
4432,67,255,115.530,1074.575
4433,59,255,151.280,1074.246
4434,102,255,265.882,1078.118
4435,64,255,431.859,1075.016
4436,62,255,486.742,1073.855
4437,89,255,521.107,1075.534
4438,66,255,936.485,1075.621
4439,73,255,992.212,1074.363
4440,81,255,1142.315,1078.957
4441,88,255,1214.864,1076.011
4442,30,255,245.133,1074.867
4443,64,255,415.562,1076.516
4444,26,255,892.000,1075.500
4445,80,255,1575.862,1076.875
4446,20,255,1.850,1075.550
4447,62,255,162.565,1078.516
4448,110,255,334.127,1078.336
4449,88,255,1331.420,1077.875
4450,63,255,569.389,1077.167
4451,52,255,975.577,1077.769
4452,123,255,1354.378,1081.061
4453,71,255,857.894,1080.275
4454,52,255,870.558,1078.385
4455,31,255,882.790,1077.500
4456,40,255,963.550,1077.925
4457,43,255,1392.291,1077.895
4458,87,255,1430.994,1079.316
4459,44,255,1501.000,1078.773
4460,46,255,214.696,1079.783
4461,74,255,803.392,1079.311
4462,53,255,835.840,1079.500
4463,54,255,847.870,1080.037
4464,41,255,1024.939,1079.451
4465,56,255,462.661,1080.839
4466,31,255,677.306,1079.952
4467,35,255,696.071,1080.471
4468,45,255,1015.944,1080.567
4469,28,255,1185.286,1080.000
4470,37,255,4.689,1081.878
4471,62,255,185.871,1081.516
4472,52,255,688.904,1082.942
4473,98,255,715.051,1085.224
4474,43,255,728.267,1082.384
4475,36,255,739.444,1081.306
4476,49,255,755.622,1081.031
4477,50,255,1152.880,1081.600
4478,93,255,143.726,1085.070
4479,56,255,378.250,1082.161
4480,48,255,478.604,1082.500
4481,71,255,611.317,1083.852
4482,29,255,669.500,1081.500
4483,29,255,1038.293,1081.500
4484,30,255,1098.933,1081.900
4485,99,255,1197.066,1084.045
4486,44,255,222.159,1084.568
4487,102,255,312.363,1085.480
4488,60,255,542.167,1082.967
4489,54,255,555.852,1083.093
4490,37,255,1106.284,1082.824
4491,72,255,1117.944,1084.431
4492,42,255,1269.405,1083.643
4493,25,255,1401.260,1082.540
4494,33,255,1507.439,1082.833
4495,48,255,68.167,1084.812
4496,25,255,449.620,1082.940
4497,32,255,495.219,1083.875
4498,57,255,505.570,1085.254
4499,25,255,623.900,1084.100
4500,99,255,644.520,1086.601
4501,63,255,887.167,1084.722
4502,62,255,1176.242,1084.919
4503,69,255,1228.181,1084.935
4504,120,255,1586.850,1086.833
4505,24,255,1408.542,1085.083
4506,44,255,488.477,1088.932
4507,40,255,517.525,1086.175
4508,54,255,763.278,1087.537
4509,28,255,773.000,1086.000
4510,90,255,1255.289,1087.978
4511,70,255,1517.714,1087.700
4512,62,255,195.613,1088.290
4513,34,255,577.176,1086.588
4514,34,255,747.176,1086.853
4515,68,255,785.574,1088.588
4516,90,255,911.622,1087.933
4517,76,255,1376.592,1088.539
4518,55,255,357.664,1089.209
4519,84,255,476.262,1091.048
4520,35,255,1084.157,1087.186
4521,63,255,1344.087,1089.373
4522,72,255,1418.194,1089.500
4523,72,255,1439.653,1089.431
4524,71,255,416.472,1090.993
4525,37,255,798.392,1089.392
4526,74,255,932.027,1089.527
4527,69,255,947.225,1090.399
4528,63,255,1365.167,1091.167
4529,105,255,1466.329,1091.929
4530,59,255,345.788,1090.602
4531,30,255,652.500,1090.233
4532,43,255,700.640,1090.593
4533,50,255,738.060,1090.500
4534,55,255,1048.245,1090.500
4535,43,255,1427.058,1090.709
4536,115,255,1540.500,1092.413
4537,55,255,329.391,1091.718
4538,86,255,817.605,1091.070
4539,60,255,1147.000,1091.067
4540,101,255,1214.916,1093.233
4541,52,255,32.192,1092.654
4542,23,255,807.065,1092.370
4543,26,255,956.231,1092.154
4544,49,255,1062.663,1091.684
4545,74,255,1272.000,1093.716
4546,56,255,1450.214,1093.161
4547,77,255,461.955,1093.825
4548,33,255,590.136,1091.985
4549,82,255,970.000,1093.171
4550,61,255,1075.779,1093.189
4551,49,255,1118.643,1093.112
4552,90,255,1386.800,1095.911
4553,59,255,833.381,1094.737
4554,43,255,869.616,1094.384
4555,44,255,989.045,1093.659
4556,52,255,1492.231,1094.827
4557,42,255,169.857,1095.095
4558,52,255,401.712,1095.135
4559,64,255,511.938,1095.109
4560,56,255,847.982,1095.143
4561,42,255,1162.476,1095.429
4562,55,255,1508.427,1096.409
4563,41,255,158.110,1095.817
4564,67,255,235.485,1097.201
4565,63,255,569.500,1096.849
4566,71,255,1289.739,1096.176
4567,46,255,13.870,1097.543
4568,55,255,272.918,1097.555
4569,42,255,315.214,1096.810
4570,55,255,382.245,1097.009
4571,25,255,579.740,1097.260
4572,46,255,335.261,1097.935
4573,46,255,1238.826,1097.652
4574,25,255,136.860,1098.260
4575,25,255,147.380,1098.140
4576,29,255,218.569,1098.293
4577,20,255,295.100,1098.300
4578,28,255,305.786,1098.179
4579,27,255,355.611,1098.056
4580,36,255,435.500,1098.167
4581,40,255,534.275,1098.125
4582,41,255,550.598,1098.110
4583,34,255,608.794,1098.235
4584,42,255,691.786,1098.190
4585,35,255,1034.129,1098.186
4586,27,255,1047.278,1098.463
4587,42,255,1106.548,1098.143
4588,33,255,1341.924,1098.258
4589,31,255,592.210,1098.565
4590,22,255,1002.000,1098.591
4591,27,255,1016.870,1098.722
