 ,Area,Mean,X,Y
1,37,255,212.446,5.230
2,29,255,271.155,4.672
3,51,255,781.127,6.637
4,94,255,808.032,9.000
5,133,255,1463.989,11.793
6,144,255,252.556,13.708
7,129,255,745.624,9.539
8,53,255,818.160,7.500
9,70,255,539.857,9.314
10,92,255,338.663,12.815
11,28,255,842.571,9.750
12,37,255,897.419,9.959
13,40,255,511.025,10.700
14,49,255,763.071,11.786
15,24,255,885.208,10.708
16,20,255,1395.800,9.850
17,43,255,1430.802,11.826
18,36,255,1452.139,11.583
19,76,255,353.803,14.724
20,76,255,674.211,13.105
21,72,255,713.069,13.514
22,53,255,834.538,13.575
23,145,255,982.148,17.734
24,33,255,771.379,13.682
25,135,255,1380.752,15.656
26,65,255,185.669,16.854
27,57,255,403.412,16.184
28,42,255,783.595,14.667
29,50,255,167.080,15.340
30,53,255,659.575,16.330
31,105,255,686.186,20.443
32,79,255,857.373,17.006
33,46,255,877.239,15.630
34,28,255,1036.750,14.607
35,60,255,1324.850,15.767
36,73,255,235.089,16.596
37,42,255,271.952,16.310
38,33,255,490.318,15.864
39,77,255,1085.721,18.708
40,45,255,1272.256,15.544
41,75,255,1286.233,17.647
42,30,255,1401.467,15.900
43,33,255,412.652,17.712
44,47,255,499.351,18.734
45,82,255,1444.720,20.415
46,25,255,520.060,17.580
47,24,255,101.167,18.208
48,33,255,578.894,18.530
49,32,255,923.188,19.500
50,39,255,1055.936,20.808
51,44,255,1096.568,20.068
52,51,255,1169.127,18.735
53,63,255,1419.929,20.246
54,33,255,602.924,20.076
55,31,255,649.758,20.113
56,51,255,704.304,20.363
57,76,255,948.500,21.197
58,27,255,1310.278,20.167
59,126,255,1491.254,24.698
60,46,255,143.761,20.978
61,20,255,157.650,20.650
62,214,255,1236.285,27.505
63,51,255,1343.422,22.343
64,34,255,1366.265,20.941
65,52,255,930.788,22.846
66,37,255,1044.041,21.608
67,27,255,1073.648,21.759
68,68,255,1144.691,22.838
69,72,255,1273.042,23.306
70,37,255,1292.203,24.230
71,31,255,95.726,22.565
72,77,255,118.630,24.448
73,35,255,672.700,23.100
74,33,255,1407.985,23.197
75,36,255,1433.889,23.972
76,50,255,1322.340,24.180
77,124,255,1459.339,27.306
78,23,255,133.848,24.891
79,40,255,1030.375,24.600
80,47,255,1375.202,25.840
81,137,255,78.755,28.909
82,51,255,817.284,27.049
83,65,255,847.577,26.700
84,111,255,1217.923,27.923
85,41,255,1251.451,29.451
86,90,255,1391.144,27.700
87,82,255,36.768,27.756
88,93,255,54.543,29.801
89,46,255,516.478,28.435
90,21,255,619.214,27.595
91,83,255,1074.440,29.777
92,61,255,547.025,29.385
93,51,255,876.500,28.500
94,72,255,1192.194,31.028
95,70,255,6.286,31.557
96,41,255,655.988,30.207
97,32,255,1140.844,31.938
98,59,255,639.280,31.619
99,75,255,1090.833,32.420
100,48,255,1124.104,31.938
101,113,255,1155.102,34.615
102,30,255,17.067,33.333
103,35,255,284.900,33.471
104,51,255,569.029,33.735
105,39,255,1014.218,34.910
106,86,255,1180.023,36.686
107,70,255,38.257,36.086
108,73,255,245.048,37.651
109,73,255,1169.185,38.116
110,49,255,136.092,36.704
111,64,255,860.297,35.562
112,55,255,1482.609,38.336
113,84,255,435.702,40.393
114,38,255,453.632,37.000
115,23,255,462.804,36.283
116,44,255,294.295,38.750
117,60,255,279.267,41.333
118,118,255,1202.398,41.008
119,43,255,19.593,40.198
120,24,255,912.000,39.000
121,21,255,1129.405,39.595
122,21,255,1134.929,39.881
123,39,255,11.346,41.321
124,49,255,1388.500,42.500
125,37,255,1.986,45.203
126,44,255,261.068,43.386
127,55,255,177.536,45.536
128,40,255,311.100,44.700
129,40,255,799.275,43.925
130,40,255,509.600,45.850
131,65,255,635.300,45.269
132,20,255,846.800,44.700
133,39,255,705.141,45.987
134,37,255,1096.203,47.716
135,56,255,192.357,50.429
136,65,255,575.285,49.177
137,38,255,839.447,47.342
138,30,255,917.300,46.667
139,37,255,56.446,48.554
140,50,255,266.980,50.780
141,27,255,594.796,48.278
142,25,255,605.380,48.700
143,24,255,810.375,48.250
144,44,255,864.841,48.045
145,40,255,928.525,48.850
146,28,255,302.536,50.107
147,51,255,540.971,50.324
148,37,255,1402.284,49.851
149,44,255,144.864,50.682
150,34,255,48.412,51.588
151,37,255,130.257,52.095
152,26,255,712.115,52.038
153,59,255,1007.771,54.042
154,41,255,457.134,52.134
155,44,255,284.182,54.568
156,21,255,649.976,55.881
157,52,255,681.212,57.154
158,49,255,1395.724,57.684
159,52,255,700.154,58.231
160,31,255,37.210,58.371
161,28,255,175.071,59.107
162,55,255,298.155,60.500
163,52,255,554.096,59.846
164,41,255,919.622,59.598
165,43,255,357.314,59.965
166,36,255,456.917,59.806
167,32,255,524.656,60.281
168,42,255,770.905,62.071
169,41,255,848.915,60.963
170,57,255,1001.623,63.132
171,21,255,237.786,62.167
172,27,255,345.944,61.759
173,48,255,612.354,61.750
174,28,255,988.321,61.607
175,27,255,1566.537,60.870
176,25,255,1588.060,61.460
177,26,255,659.269,63.500
178,32,255,1034.094,62.750
179,55,255,60.445,65.827
180,57,255,573.500,63.395
181,59,255,758.805,66.466
182,24,255,1423.958,66.167
183,36,255,30.111,67.167
184,23,255,542.065,67.804
185,34,255,664.941,67.000
186,45,255,1148.767,67.011
187,32,255,1415.406,66.438
188,45,255,70.411,68.167
189,28,255,682.750,68.250
190,40,255,1348.875,67.875
191,22,255,530.591,68.591
192,111,255,925.293,71.311
193,52,255,1000.962,71.231
194,77,255,1014.422,71.903
195,38,255,1118.421,69.605
196,23,255,548.891,70.848
197,36,255,622.611,70.694
198,58,255,694.000,72.034
199,63,255,990.373,73.246
200,38,255,1072.211,71.368
201,40,255,1549.600,70.475
202,43,255,1564.337,72.686
203,21,255,1.690,72.357
204,50,255,311.380,71.780
205,73,255,340.733,75.979
206,42,255,867.738,72.286
207,27,255,424.870,71.759
208,23,255,574.717,72.587
209,41,255,646.354,73.646
210,39,255,1100.910,73.474
211,53,255,1415.406,75.311
212,52,255,1532.346,76.538
213,25,255,22.460,74.900
214,85,255,365.347,77.441
215,37,255,390.365,76.500
216,24,255,823.708,75.375
217,24,255,1255.125,75.000
218,42,255,70.071,76.810
219,30,255,122.567,77.133
220,43,255,1122.547,77.407
221,39,255,245.885,78.782
222,50,255,415.180,78.520
223,45,255,680.589,78.233
224,54,255,923.074,78.981
225,47,255,969.096,79.840
226,24,255,1160.333,78.125
227,42,255,180.881,79.524
228,27,255,1088.796,79.352
229,41,255,321.354,81.329
230,35,255,400.929,80.243
231,25,255,625.260,79.540
232,28,255,12.429,80.643
233,49,255,568.969,81.378
234,51,255,752.324,82.284
235,49,255,1208.786,81.561
236,49,255,264.480,82.663
237,36,255,773.361,82.111
238,48,255,808.833,81.812
239,105,255,1347.976,84.852
240,39,255,30.936,83.167
241,48,255,303.396,83.042
242,43,255,584.221,83.221
243,47,255,1107.181,83.415
244,26,255,1405.385,82.692
245,45,255,739.856,85.700
246,22,255,205.682,84.773
247,36,255,383.083,86.306
248,129,255,996.694,89.740
249,31,255,1333.500,85.500
250,38,255,122.447,89.026
251,49,255,426.010,88.724
252,50,255,550.420,89.120
253,59,255,332.415,89.941
254,22,255,356.364,89.182
255,45,255,1511.233,90.100
256,70,255,770.700,91.314
257,52,255,806.827,90.481
258,50,255,915.280,91.280
259,35,255,946.757,90.300
260,54,255,1037.037,90.796
261,75,255,1297.073,91.367
262,78,255,1371.205,92.923
263,57,255,348.833,93.500
264,41,255,1111.451,91.427
265,48,255,1314.812,91.917
266,35,255,304.329,91.814
267,72,255,56.208,95.194
268,45,255,179.767,92.633
269,31,255,254.855,92.597
270,46,255,898.326,93.326
271,51,255,987.127,94.951
272,38,255,268.211,93.974
273,87,255,486.937,95.431
274,57,255,519.325,93.956
275,87,255,689.638,95.868
276,94,255,1015.032,95.787
277,56,255,415.625,96.482
278,76,255,717.000,97.000
279,27,255,1170.907,94.426
280,60,255,277.217,96.650
281,60,255,324.550,97.183
282,53,255,1462.991,96.632
283,43,255,1163.895,97.895
284,45,255,1362.167,98.278
285,38,255,6.368,98.105
286,55,255,443.536,99.500
287,43,255,610.919,98.174
288,26,255,707.500,98.000
289,87,255,838.592,100.316
290,52,255,859.500,100.231
291,27,255,1553.796,99.611
292,20,255,207.500,99.350
293,24,255,247.500,100.208
294,42,255,1004.238,101.190
295,34,255,1428.088,99.676
296,49,255,1044.480,101.908
297,29,255,238.914,103.155
298,75,255,463.580,104.727
299,41,255,586.963,102.354
300,49,255,1027.929,102.092
301,82,255,150.098,104.671
302,64,255,333.312,104.062
303,26,255,524.154,102.500
304,59,255,750.856,104.059
305,20,255,807.050,104.600
306,82,255,912.963,105.561
307,43,255,947.616,103.640
308,50,255,1271.840,102.920
309,60,255,118.517,104.983
310,38,255,291.658,103.974
311,85,255,493.806,106.112
312,48,255,1516.271,105.188
313,62,255,770.935,106.016
314,73,255,853.582,106.541
315,45,255,891.567,104.878
316,71,255,990.754,108.134
317,74,255,1297.608,106.081
318,112,255,66.143,110.589
319,44,255,1536.818,106.727
320,42,255,131.000,107.214
321,64,255,201.531,107.234
322,62,255,558.210,108.129
323,53,255,570.311,107.198
324,82,255,697.256,108.280
325,40,255,96.975,107.875
326,40,255,319.025,109.675
327,73,255,447.267,109.774
328,52,255,513.288,108.615
329,53,255,1178.632,108.462
330,86,255,1337.581,109.279
331,60,255,255.967,110.350
332,29,255,386.466,109.155
333,64,255,430.047,109.500
334,43,255,684.128,109.430
335,27,255,1044.204,108.833
336,34,255,1263.794,110.559
337,40,255,12.875,110.900
338,74,255,170.730,111.473
339,33,255,522.621,112.621
340,66,255,798.682,110.758
341,72,255,264.250,113.111
342,31,255,1150.952,110.919
343,47,255,1167.181,111.543
344,51,255,306.716,112.814
345,88,255,476.625,115.318
346,130,255,537.546,116.515
347,149,255,970.332,115.359
348,50,255,21.700,115.520
349,65,255,217.008,114.377
350,78,255,280.295,116.282
351,76,255,741.092,113.816
352,51,255,821.363,113.735
353,73,255,1007.829,114.418
354,44,255,136.591,115.886
355,76,255,294.711,115.829
356,86,255,840.174,115.593
357,41,255,879.622,114.549
358,54,255,1130.519,115.074
359,75,255,45.487,117.140
360,91,255,579.049,116.082
361,51,255,1252.539,115.441
362,42,255,1351.548,115.571
363,46,255,55.000,117.674
364,70,255,92.771,117.500
365,21,255,197.929,114.738
366,23,255,413.283,115.370
367,81,255,891.142,117.846
368,46,255,1186.565,117.674
369,94,255,1362.755,118.021
370,44,255,1533.636,115.432
371,36,255,1569.639,116.500
372,101,255,238.569,120.975
373,43,255,1146.547,117.988
374,151,255,117.778,124.811
375,26,255,228.577,118.192
376,48,255,1470.208,118.521
377,89,255,131.331,123.253
378,70,255,490.886,120.157
379,60,255,813.333,120.283
380,37,255,1262.446,119.878
381,144,255,77.507,122.750
382,28,255,249.321,120.286
383,79,255,340.589,122.209
384,133,255,424.568,123.327
385,54,255,608.833,120.648
386,53,255,717.840,120.292
387,76,255,729.421,122.684
388,34,255,792.147,119.853
389,36,255,1016.694,119.889
390,41,255,1302.427,120.915
391,64,255,184.203,121.828
392,51,255,403.794,121.696
393,39,255,660.244,121.141
394,87,255,671.293,124.833
395,66,255,1162.864,123.288
396,73,255,1171.747,123.212
397,41,255,557.915,122.427
398,120,255,645.692,124.725
399,97,255,1211.634,125.335
400,113,255,509.296,128.385
401,46,255,622.283,123.413
402,88,255,752.057,126.000
403,123,255,780.589,127.630
404,51,255,866.206,123.618
405,26,255,740.346,123.962
406,38,255,831.211,123.789
407,102,255,964.461,127.549
408,43,255,212.151,126.221
409,170,255,379.000,128.153
410,49,255,530.602,126.786
411,57,255,599.518,126.833
412,95,255,853.847,127.521
413,28,255,1007.357,124.607
414,38,255,256.789,126.421
415,55,255,360.682,126.591
416,39,255,802.115,127.987
417,89,255,841.343,130.803
418,43,255,1202.198,126.547
419,56,255,1307.643,128.179
420,51,255,1431.559,129.559
421,69,255,1480.094,128.065
422,67,255,2.918,129.575
423,36,255,95.167,126.889
424,21,255,222.500,126.500
425,45,255,394.611,127.633
426,32,255,518.188,128.719
427,51,255,566.402,128.108
428,81,255,578.549,128.599
429,23,255,771.587,126.543
430,29,255,1562.948,126.914
431,75,255,53.647,129.100
432,141,255,268.053,133.521
433,57,255,408.921,129.851
434,81,255,794.068,131.389
435,127,255,918.209,132.972
436,50,255,39.960,130.360
437,76,255,466.658,131.250
438,68,255,551.941,131.000
439,110,255,721.500,131.036
440,41,255,998.134,129.280
441,128,255,1054.734,131.383
442,41,255,1247.134,131.256
443,139,255,1285.615,131.147
444,73,255,1550.993,131.404
445,69,255,295.022,131.442
446,60,255,492.717,130.933
447,57,255,823.325,130.939
448,51,255,176.500,131.500
449,58,255,810.276,133.672
450,45,255,1364.478,131.589
451,70,255,161.671,134.543
452,92,255,900.696,135.489
453,53,255,933.632,133.368
454,44,255,344.864,133.750
455,43,255,482.035,134.291
456,35,255,766.843,132.814
457,55,255,946.555,133.209
458,93,255,192.532,136.930
459,89,255,453.938,136.994
460,41,255,678.476,134.378
461,24,255,1017.292,133.583
462,78,255,1098.987,135.615
463,65,255,1349.700,134.946
464,53,255,281.217,135.991
465,57,255,883.096,135.518
466,87,255,985.293,138.086
467,82,255,1008.000,136.744
468,25,255,1300.620,135.060
469,63,255,236.198,136.881
470,76,255,309.539,137.303
471,60,255,435.333,138.817
472,41,255,525.622,136.159
473,48,255,652.208,136.875
474,36,255,1087.111,136.639
475,60,255,1373.183,137.167
476,61,255,102.746,138.893
477,41,255,179.451,140.159
478,92,255,642.717,139.783
479,171,255,707.126,140.705
480,31,255,1133.823,136.694
481,47,255,1404.500,137.479
482,148,255,27.162,141.486
483,22,255,256.455,137.773
484,131,255,600.821,141.744
485,40,255,1195.200,139.025
486,79,255,54.791,140.804
487,61,255,499.254,140.598
488,25,255,533.700,139.380
489,61,255,545.139,140.090
490,61,255,580.549,139.746
491,58,255,613.828,141.155
492,77,255,628.110,140.513
493,71,255,743.655,140.570
494,54,255,870.296,140.093
495,57,255,994.079,141.482
496,23,255,1204.848,138.370
497,84,255,1235.726,141.083
498,70,255,1385.743,141.586
499,72,255,142.097,141.333
500,95,255,859.921,141.858
501,136,255,1118.059,142.765
502,88,255,1255.955,142.102
503,48,255,1394.667,140.938
504,65,255,1580.715,142.592
505,80,255,415.913,143.188
506,46,255,796.196,141.391
507,66,255,1186.273,143.303
508,52,255,293.173,143.808
509,68,255,340.735,143.191
510,36,255,846.722,142.667
511,53,255,1017.575,142.425
512,58,255,1038.207,143.138
513,80,255,1067.050,144.050
514,70,255,1294.600,143.486
515,25,255,1465.380,141.900
516,49,255,1496.806,142.173
517,54,255,1596.481,143.389
518,96,255,167.469,145.500
519,138,255,216.558,145.942
520,33,255,557.682,143.167
521,96,255,691.760,145.979
522,53,255,724.689,143.160
523,69,255,835.993,144.399
524,122,255,945.131,146.664
525,56,255,960.304,144.482
526,75,255,1165.767,145.127
527,65,255,1334.392,144.423
528,91,255,1455.940,145.731
529,131,255,70.324,145.706
530,53,255,1203.274,145.160
531,46,255,1420.543,144.283
532,25,255,1431.700,144.380
533,64,255,380.047,145.875
534,86,255,668.907,146.930
535,29,255,760.121,144.672
536,66,255,888.758,146.788
537,152,255,1048.612,149.967
538,51,255,1312.892,145.676
539,90,255,198.022,148.789
540,67,255,325.649,147.022
541,62,255,568.742,147.097
542,90,255,912.311,148.633
543,48,255,973.062,147.292
544,59,255,1137.263,146.822
545,38,255,444.868,148.316
546,84,255,474.845,149.000
547,56,255,525.482,148.161
548,31,255,534.500,147.887
549,56,255,1379.446,148.089
550,40,255,87.650,148.725
551,43,255,233.174,148.988
552,95,255,285.447,150.279
553,65,255,399.808,149.531
554,51,255,1087.049,148.441
555,36,255,1365.417,148.278
556,49,255,1473.990,148.786
557,55,255,6.518,150.627
558,29,255,1174.879,149.328
559,89,255,1355.140,152.624
560,51,255,1412.637,150.049
561,61,255,131.418,151.402
562,37,255,184.581,149.932
563,90,255,340.100,151.411
564,44,255,509.545,150.091
565,69,255,577.746,151.007
566,95,255,721.521,151.858
567,91,255,981.643,153.764
568,75,255,1246.300,151.527
569,63,255,1507.357,151.659
570,100,255,1561.630,152.600
571,78,255,44.385,153.897
572,29,255,111.155,150.466
573,86,255,139.860,154.791
574,57,255,241.447,151.798
575,82,255,613.927,151.793
576,68,255,901.971,154.206
577,65,255,97.715,155.654
578,104,255,356.298,154.856
579,96,255,766.938,154.448
580,61,255,1030.861,153.762
581,47,255,1098.606,152.351
582,87,255,1267.868,154.178
583,56,255,406.536,154.518
584,82,255,850.037,154.280
585,78,255,923.526,155.744
586,69,255,1063.993,154.239
587,38,255,1190.816,153.658
588,132,255,1220.371,156.470
589,64,255,1283.156,154.828
590,56,255,1488.464,153.911
591,81,255,375.340,155.957
592,129,255,645.926,155.802
593,53,255,809.934,154.953
594,48,255,965.479,154.479
595,38,255,1009.763,154.868
596,113,255,254.907,157.128
597,62,255,566.484,156.323
598,50,255,1422.940,156.000
599,73,255,1439.678,156.185
600,23,255,25.283,155.370
601,69,255,60.355,157.312
602,72,255,122.403,158.264
603,68,255,498.059,158.088
604,103,255,782.568,159.170
605,85,255,822.865,158.324
606,66,255,1452.258,158.015
607,25,255,1480.820,156.500
608,38,255,19.211,157.842
609,69,255,78.746,159.022
610,70,255,942.986,159.886
611,80,255,1299.263,158.225
612,60,255,1370.017,157.667
613,68,255,276.353,159.632
614,104,255,319.327,160.663
615,127,255,799.972,163.138
616,57,255,884.816,159.026
617,138,255,1244.522,164.993
618,101,255,304.975,162.450
619,63,255,508.325,160.611
620,54,255,743.278,161.019
621,100,255,758.350,161.470
622,70,255,187.900,160.929
623,60,255,442.833,161.483
624,60,255,550.433,161.133
625,104,255,715.510,163.154
626,96,255,1140.333,161.625
627,138,255,1316.203,164.138
628,31,255,1326.081,160.758
629,21,255,1385.595,159.214
630,56,255,1574.482,161.321
631,91,255,1350.027,164.467
632,46,255,1393.630,162.043
633,62,255,4.290,163.097
634,50,255,31.300,162.960
635,54,255,650.500,162.963
636,75,255,689.020,163.447
637,88,255,873.500,163.636
638,56,255,952.536,163.732
639,86,255,1158.198,163.512
640,28,255,1198.464,161.893
641,94,255,344.479,165.149
642,150,255,666.660,167.740
643,148,255,915.628,168.284
644,32,255,1444.875,163.062
645,69,255,111.630,165.341
646,88,255,168.307,166.261
647,56,255,403.536,164.661
648,76,255,839.803,166.553
649,112,255,1257.580,167.920
650,128,255,1466.773,167.859
651,35,255,1516.786,164.329
652,94,255,365.681,167.585
653,38,255,451.211,165.368
654,51,255,990.676,165.990
655,98,255,1119.082,168.755
656,111,255,1485.788,167.293
657,135,255,241.019,168.796
658,71,255,580.599,167.599
659,82,255,592.488,169.354
660,80,255,602.850,167.325
661,93,255,830.995,169.887
662,124,255,1171.992,169.113
663,150,255,63.913,172.507
664,77,255,559.708,168.370
665,23,255,1094.804,166.717
666,73,255,219.500,169.500
667,144,255,493.139,172.319
668,66,255,898.136,169.515
669,149,255,982.842,175.594
670,34,255,998.824,168.676
671,60,255,18.750,170.733
672,53,255,44.104,170.481
673,63,255,145.024,170.929
674,76,255,287.105,170.803
675,83,255,616.476,170.886
676,65,255,736.346,170.454
677,129,255,1106.174,173.826
678,92,255,1385.826,171.609
679,58,255,1586.810,170.000
680,38,255,271.974,170.211
681,44,255,516.318,171.205
682,66,255,525.712,171.500
683,77,255,632.773,173.656
684,62,255,1062.903,171.855
685,21,255,1142.310,169.357
686,28,255,1287.107,170.071
687,126,255,1411.627,174.040
688,55,255,133.173,171.827
689,89,255,157.927,173.815
690,60,255,1295.183,171.967
691,81,255,1329.735,173.204
692,59,255,1373.263,174.008
693,31,255,27.565,172.823
694,100,255,99.540,174.800
695,86,255,945.884,174.267
696,80,255,197.338,174.975
697,79,255,467.462,175.171
698,31,255,551.661,172.952
699,87,255,863.063,175.247
700,51,255,1127.971,173.618
701,61,255,1185.451,175.205
702,52,255,1198.231,173.962
703,82,255,49.500,176.988
704,38,255,116.474,174.211
705,31,255,402.500,173.500
706,48,255,541.688,174.792
707,117,255,685.158,177.013
708,83,255,1280.994,176.187
709,34,255,1341.588,174.735
710,161,255,1435.227,180.227
711,85,255,569.571,177.488
712,108,255,723.824,176.333
713,43,255,760.477,176.035
714,89,255,773.433,177.309
715,91,255,883.632,176.533
716,69,255,1004.138,176.297
717,105,255,1073.300,177.738
718,64,255,1312.062,176.312
719,71,255,424.303,177.359
720,45,255,1481.056,176.789
721,29,255,1597.845,176.500
722,52,255,347.115,178.038
723,73,255,748.281,179.034
724,71,255,792.585,178.866
725,65,255,1212.346,177.515
726,56,255,141.482,179.429
727,62,255,304.226,178.726
728,45,255,327.678,178.633
729,72,255,358.361,179.792
730,32,255,602.000,177.906
731,89,255,852.264,181.006
732,71,255,1267.683,181.599
733,44,255,1352.864,178.614
734,98,255,1523.163,181.224
735,27,255,1.759,180.278
736,68,255,185.382,180.456
737,67,255,445.724,180.321
738,98,255,516.316,182.724
739,93,255,654.661,181.597
740,108,255,1548.019,182.556
741,83,255,271.392,181.343
742,62,255,280.274,182.097
743,24,255,289.542,180.375
744,65,255,374.931,182.377
745,93,255,1567.769,181.608
746,54,255,803.778,181.907
747,155,255,1017.287,184.668
748,95,255,1157.384,183.300
749,22,255,1223.136,181.636
750,108,255,89.306,184.796
751,58,255,169.483,183.638
752,58,255,756.672,184.259
753,38,255,1193.816,182.184
754,51,255,1255.814,183.265
755,49,255,1329.684,182.153
756,22,255,1365.227,181.000
757,59,255,1455.076,182.449
758,121,255,319.467,187.467
759,90,255,812.844,185.411
760,85,255,532.971,185.947
761,107,255,844.640,188.117
762,35,255,934.957,184.157
763,60,255,1058.233,184.817
764,78,255,1388.128,185.846
765,70,255,161.457,187.443
766,91,255,917.621,188.148
767,102,255,951.412,188.461
768,79,255,971.475,185.500
769,74,255,1205.000,187.324
770,64,255,1231.047,186.266
771,57,255,1466.009,186.974
772,62,255,1476.806,186.129
773,88,255,242.955,188.307
774,79,255,305.044,187.437
775,44,255,573.136,186.000
776,74,255,777.243,187.919
777,31,255,1321.468,186.306
778,66,255,1401.864,187.485
779,24,255,1419.250,185.875
780,81,255,26.636,189.907
781,87,255,125.902,190.144
782,56,255,202.125,188.661
783,54,255,384.704,187.889
784,54,255,619.537,188.685
785,69,255,692.283,188.297
786,105,255,1280.233,190.395
787,24,255,2.042,187.875
788,47,255,69.734,189.457
789,65,255,150.762,189.469
790,27,255,219.722,187.944
791,134,255,433.955,190.463
792,95,255,643.079,190.700
793,120,255,665.733,195.283
794,43,255,675.965,188.547
795,40,255,733.100,188.775
796,136,255,828.610,191.279
797,94,255,903.670,189.564
798,29,255,1589.190,188.397
799,79,255,415.715,190.627
800,134,255,498.866,192.037
801,27,255,586.907,189.019
802,99,255,719.813,192.167
803,25,255,1120.300,188.340
804,111,255,1246.221,192.158
805,62,255,1352.290,190.000
806,133,255,1444.853,193.959
807,74,255,254.243,191.986
808,76,255,1504.276,191.079
809,142,255,54.359,194.676
810,98,255,333.520,194.378
811,60,255,471.050,191.783
812,81,255,875.895,193.623
813,125,255,1315.340,195.212
814,48,255,79.271,193.625
815,127,255,1003.217,196.500
816,108,255,1070.778,193.657
817,20,255,1125.700,192.450
818,168,255,1178.827,195.970
819,37,255,1217.284,192.257
820,87,255,1484.580,194.718
821,24,255,1540.792,191.917
822,62,255,209.710,194.919
823,81,255,360.994,195.562
824,156,255,1041.974,195.269
825,80,255,1084.787,195.387
826,71,255,1419.049,194.486
827,78,255,232.192,196.782
828,48,255,390.521,195.521
829,31,255,542.500,194.500
830,76,255,763.750,195.645
831,53,255,1096.934,195.028
832,71,255,1295.232,195.782
833,63,255,1584.198,195.040
834,44,255,1593.273,195.636
835,75,255,118.020,197.433
836,81,255,581.809,197.191
837,44,255,1394.636,196.091
838,95,255,653.658,198.889
839,34,255,686.647,196.176
840,63,255,888.738,197.278
841,70,255,1337.229,198.186
842,69,255,1382.312,197.645
843,21,255,1.595,197.452
844,82,255,87.415,200.049
845,106,255,259.028,202.113
846,26,255,551.808,196.538
847,62,255,971.839,199.323
848,68,255,1227.309,198.471
849,65,255,42.038,199.685
850,45,255,103.189,200.122
851,20,255,693.950,196.850
852,57,255,1498.500,199.412
853,107,255,1567.949,201.304
854,123,255,281.793,202.484
855,57,255,307.465,200.061
856,26,255,732.000,198.500
857,20,255,863.100,198.300
858,60,255,1258.483,200.167
859,58,255,1515.741,200.759
860,64,255,1346.031,201.734
861,50,255,1356.720,200.900
862,87,255,1532.592,202.006
863,113,255,27.438,203.881
864,99,255,449.611,204.005
865,134,255,627.269,205.045
866,77,255,776.045,203.071
867,37,255,1283.554,200.824
868,85,255,530.265,204.135
869,69,255,706.572,203.341
870,82,255,1027.744,203.854
871,144,255,153.674,208.097
872,92,255,425.054,205.250
873,124,255,741.484,205.476
874,83,255,961.536,204.729
875,37,255,214.419,204.770
876,68,255,474.500,205.471
877,27,255,860.611,204.537
878,170,255,989.971,207.571
879,120,255,1269.675,209.192
880,67,255,297.231,207.664
881,118,255,323.407,207.805
882,42,255,687.905,205.143
883,75,255,923.620,207.740
884,82,255,1133.610,207.293
885,71,255,1189.486,206.880
886,67,255,1222.590,206.082
887,88,255,1242.886,206.182
888,61,255,1422.549,206.123
889,33,255,1589.318,205.136
890,122,255,169.295,208.213
891,65,255,768.177,207.838
892,116,255,792.664,209.345
893,79,255,807.411,207.285
894,123,255,836.589,209.549
895,161,255,895.773,210.748
896,33,255,941.773,205.894
897,57,255,1044.482,206.272
898,32,255,1167.469,205.594
899,76,255,73.895,211.132
900,80,255,548.925,209.625
901,51,255,1295.265,208.049
902,68,255,239.750,209.412
903,73,255,388.829,210.199
904,90,255,850.211,211.011
905,92,255,877.935,210.707
906,90,255,915.022,211.522
907,72,255,1014.958,209.375
908,82,255,1091.915,209.280
909,145,255,1104.445,213.424
910,59,255,1364.025,209.568
911,124,255,92.605,212.903
912,55,255,203.609,210.718
913,71,255,376.542,211.373
914,80,255,935.450,212.150
915,38,255,1002.053,209.474
916,62,255,1480.532,210.355
917,38,255,1562.079,209.658
918,87,255,128.052,213.098
919,97,255,224.737,211.809
920,97,255,669.892,212.211
921,30,255,868.533,210.600
922,68,255,1465.441,211.529
923,61,255,1580.877,211.205
924,115,255,350.961,212.526
925,95,255,562.058,216.700
926,67,255,578.187,212.619
927,65,255,601.838,211.638
928,66,255,753.682,212.803
929,63,255,1374.437,212.865
930,55,255,1551.518,212.336
931,74,255,16.351,214.081
932,75,255,525.460,214.060
933,75,255,727.287,213.300
934,92,255,1538.739,215.054
935,59,255,195.890,215.415
936,51,255,465.480,214.363
937,65,255,692.208,214.469
938,85,255,710.194,213.818
939,171,255,1179.015,220.260
940,151,255,1208.275,215.924
941,56,255,1311.411,214.911
942,131,255,1516.424,215.996
943,64,255,65.844,215.688
944,76,255,946.671,216.355
945,90,255,1120.333,215.667
946,139,255,1331.277,217.637
947,80,255,54.000,217.262
948,74,255,116.959,216.703
949,90,255,279.456,216.711
950,70,255,302.243,216.614
951,32,255,451.531,214.844
952,26,255,984.346,215.231
953,87,255,1260.293,217.454
954,107,255,1294.939,217.379
955,38,255,266.763,216.658
956,145,255,606.369,219.141
957,51,255,770.696,216.598
958,24,255,1053.125,216.292
959,40,255,1398.600,218.125
960,77,255,491.838,218.721
961,38,255,1168.026,217.842
962,24,255,1221.500,216.708
963,62,255,1391.210,219.210
964,67,255,1422.545,218.888
965,24,255,1021.917,217.208
966,76,255,1151.421,220.197
967,75,255,1435.927,220.340
968,30,255,2.100,220.633
969,132,255,212.553,222.008
970,72,255,745.083,221.389
971,113,255,1489.765,222.916
972,65,255,1588.654,220.669
973,50,255,338.080,220.840
974,110,255,478.773,223.373
975,108,255,630.000,223.778
976,56,255,703.964,221.607
977,56,255,973.696,222.339
978,55,255,1319.227,221.827
979,31,255,104.210,221.339
980,63,255,184.341,221.944
981,73,255,715.048,223.007
982,93,255,1046.253,223.758
983,64,255,1074.297,222.281
984,56,255,1355.089,222.232
985,39,255,1407.372,221.064
986,36,255,1461.250,221.250
987,54,255,240.611,224.352
988,78,255,525.590,225.487
989,23,255,577.065,221.326
990,42,255,1525.429,222.929
991,28,255,227.786,222.321
992,20,255,346.150,222.600
993,106,255,375.774,228.387
994,99,255,1028.773,225.662
995,50,255,1365.440,224.080
996,23,255,1498.283,223.109
997,104,255,166.308,226.087
998,156,255,360.128,230.551
999,81,255,450.031,225.784
1000,63,255,515.770,226.151
1001,155,255,794.881,228.094
1002,81,255,826.685,225.907
1003,78,255,1015.654,226.808
1004,99,255,1238.167,226.500
1005,83,255,1577.596,225.488
1006,84,255,36.631,227.524
1007,115,255,87.474,229.639
1008,73,255,311.788,226.582
1009,33,255,323.500,224.742
1010,63,255,466.754,226.690
1011,103,255,814.636,228.869
1012,39,255,1119.192,225.705
1013,71,255,1447.246,227.697
1014,47,255,1552.734,225.521
1015,52,255,266.077,226.596
1016,143,255,404.297,230.570
1017,108,255,888.481,228.713
1018,185,255,146.716,231.549
1019,62,255,190.823,229.048
1020,32,255,201.406,228.188
1021,84,255,290.679,228.988
1022,98,255,430.939,229.337
1023,22,255,653.364,226.727
1024,150,255,682.753,231.513
1025,65,255,1471.562,228.992
1026,50,255,13.760,228.820
1027,88,255,571.557,230.545
1028,96,255,644.302,231.010
1029,43,255,838.942,229.081
1030,149,255,1089.466,233.037
1031,137,255,491.113,232.807
1032,157,255,942.869,233.392
1033,91,255,981.962,231.423
1034,65,255,1131.100,230.485
1035,109,255,1288.904,232.096
1036,57,255,1413.711,230.465
1037,55,255,1457.755,229.936
1038,98,255,63.888,235.684
1039,25,255,391.900,231.300
1040,74,255,550.919,231.514
1041,59,255,1357.195,231.432
1042,69,255,26.384,235.486
1043,54,255,260.056,232.463
1044,93,255,535.747,233.511
1045,71,255,607.683,231.866
1046,26,255,1196.769,230.962
1047,20,255,1500.750,230.750
1048,48,255,1516.917,231.917
1049,53,255,1567.142,232.745
1050,64,255,335.359,233.422
1051,66,255,622.758,234.364
1052,71,255,662.683,233.444
1053,142,255,1164.817,235.408
1054,58,255,1558.569,233.879
1055,86,255,909.349,234.488
1056,142,255,1056.183,237.134
1057,127,255,1532.594,236.382
1058,69,255,227.283,235.935
1059,21,255,458.643,233.262
1060,69,255,241.094,236.355
1061,142,255,757.704,239.028
1062,141,255,994.089,239.855
1063,96,255,1277.323,238.083
1064,48,255,1311.625,237.042
1065,49,255,1388.704,235.194
1066,46,255,1583.239,236.065
1067,46,255,177.326,236.761
1068,64,255,320.812,237.656
1069,85,255,877.688,237.959
1070,108,255,1218.676,240.593
1071,75,255,1302.033,237.607
1072,113,255,1366.093,239.606
1073,46,255,344.043,237.804
1074,61,255,1102.139,238.303
1075,56,255,1476.446,238.214
1076,69,255,72.935,240.065
1077,85,255,113.794,239.924
1078,24,255,305.083,237.833
1079,32,255,382.094,238.469
1080,42,255,414.381,239.381
1081,95,255,774.247,240.132
1082,130,255,832.662,241.777
1083,95,255,1076.679,240.132
1084,69,255,1227.906,240.529
1085,69,255,1321.152,239.167
1086,102,255,1122.971,241.814
1087,73,255,1206.651,241.363
1088,20,255,1256.400,238.600
1089,67,255,1497.410,240.246
1090,107,255,15.584,242.939
1091,70,255,594.286,241.614
1092,60,255,847.800,242.317
1093,85,255,809.229,243.135
1094,52,255,1135.346,242.288
1095,103,255,205.626,245.840
1096,163,255,561.071,246.543
1097,20,255,720.100,241.850
1098,36,255,860.500,241.611
1099,113,255,1040.571,246.146
1100,74,255,1243.892,244.243
1101,49,255,186.214,243.561
1102,113,255,288.279,245.942
1103,86,255,646.326,244.291
1104,44,255,820.455,244.136
1105,35,255,1177.414,242.929
1106,66,255,1582.909,244.348
1107,126,255,265.135,245.675
1108,39,255,606.372,244.474
1109,115,255,1266.657,246.978
1110,59,255,1350.432,245.720
1111,70,255,1387.829,246.114
1112,67,255,1507.052,246.022
1113,116,255,158.086,248.655
1114,56,255,359.500,245.946
1115,108,255,466.574,248.935
1116,99,255,1015.197,246.540
1117,40,255,1552.950,245.525
1118,53,255,339.292,247.085
1119,49,255,421.071,246.929
1120,74,255,931.405,247.797
1121,128,255,1146.930,251.781
1122,107,255,1563.481,248.509
1123,136,255,893.632,250.191
1124,57,255,910.623,248.079
1125,68,255,1460.662,248.206
1126,70,255,1524.700,248.743
1127,99,255,323.348,250.904
1128,50,255,348.440,249.900
1129,67,255,429.590,249.754
1130,67,255,1107.022,249.007
1131,89,255,1342.511,251.028
1132,106,255,143.142,251.358
1133,31,255,531.145,250.016
1134,41,255,585.378,249.939
1135,120,255,621.300,252.517
1136,76,255,730.316,250.539
1137,48,255,747.021,249.042
1138,44,255,920.568,249.545
1139,48,255,963.354,250.625
1140,141,255,1054.904,253.273
1141,58,255,1178.345,251.259
1142,51,255,1309.775,250.284
1143,80,255,1419.362,251.500
1144,71,255,1482.049,251.063
1145,48,255,1543.312,249.771
1146,120,255,31.825,254.992
1147,122,255,63.189,254.820
1148,153,255,93.225,253.121
1149,59,255,128.788,251.483
1150,84,255,515.310,252.119
1151,168,255,863.679,255.976
1152,87,255,975.201,252.902
1153,41,255,173.500,252.037
1154,81,255,246.821,252.327
1155,61,255,456.467,252.516
1156,124,255,769.508,254.887
1157,181,255,1000.058,256.986
1158,70,255,1070.757,252.186
1159,90,255,593.022,255.100
1160,20,255,665.200,250.900
1161,161,255,675.705,258.009
1162,89,255,1199.466,254.399
1163,57,255,1248.219,252.430
1164,63,255,1291.484,253.357
1165,84,255,1321.417,253.905
1166,47,255,1449.606,253.713
1167,45,255,2.233,255.122
1168,79,255,185.665,255.108
1169,34,255,305.676,253.059
1170,105,255,382.243,254.557
1171,119,255,397.643,256.735
1172,35,255,578.329,253.414
1173,56,255,1263.054,254.429
1174,58,255,1408.017,254.776
1175,61,255,492.598,255.090
1176,85,255,542.818,255.841
1177,211,255,698.178,260.216
1178,112,255,792.670,256.580
1179,48,255,1098.292,255.208
1180,93,255,1393.382,257.909
1181,55,255,1439.936,254.827
1182,81,255,1514.981,256.475
1183,56,255,262.821,255.607
1184,38,255,601.763,255.632
1185,79,255,941.665,256.551
1186,50,255,1019.500,255.920
1187,75,255,1371.593,257.753
1188,92,255,1429.022,258.304
1189,42,255,1462.976,255.667
1190,98,255,1591.265,256.908
1191,123,255,45.272,262.516
1192,62,255,218.903,257.387
1193,69,255,655.572,258.529
1194,43,255,746.779,255.779
1195,24,255,967.958,256.250
1196,73,255,1284.171,258.582
1197,84,255,199.869,261.179
1198,55,255,723.100,258.845
1199,68,255,1119.147,259.529
1200,66,255,1162.061,259.318
1201,66,255,1539.894,259.288
1202,109,255,636.500,262.179
1203,41,255,778.354,259.500
1204,86,255,1240.907,261.279
1205,78,255,1481.436,260.244
1206,75,255,123.887,262.140
1207,121,255,814.971,263.202
1208,159,255,1080.047,264.651
1209,74,255,1110.365,262.122
1210,71,255,1572.641,261.613
1211,112,255,209.661,266.902
1212,116,255,1137.922,264.629
1213,51,255,1380.559,262.853
1214,43,255,277.802,263.058
1215,99,255,498.662,265.783
1216,42,255,525.738,262.667
1217,92,255,737.424,264.011
1218,102,255,1180.010,264.176
1219,50,255,1299.340,262.740
1220,99,255,1311.015,265.056
1221,167,255,364.620,267.009
1222,54,255,510.944,264.296
1223,71,255,555.415,264.782
1224,47,255,879.543,264.245
1225,58,255,142.431,266.017
1226,78,255,239.308,265.705
1227,58,255,377.776,265.414
1228,148,255,444.757,267.230
1229,46,255,463.261,264.630
1230,73,255,485.103,265.171
1231,25,255,604.380,263.500
1232,104,255,713.423,268.452
1233,91,255,1225.951,266.533
1234,106,255,1466.962,268.764
1235,63,255,6.056,266.452
1236,136,255,263.221,270.118
1237,48,255,341.667,265.542
1238,89,255,617.062,266.478
1239,133,255,842.162,269.169
1240,85,255,935.947,266.582
1241,81,255,1157.401,267.080
1242,77,255,1452.747,266.578
1243,65,255,795.285,267.592
1244,89,255,1358.331,268.826
1245,52,255,307.962,268.308
1246,66,255,409.152,268.955
1247,66,255,418.288,269.106
1248,103,255,66.238,271.354
1249,113,255,94.748,271.819
1250,65,255,231.300,270.131
1251,88,255,538.852,270.636
1252,171,255,579.336,272.377
1253,122,255,765.328,271.943
1254,125,255,1100.436,272.420
1255,75,255,1191.193,270.380
1256,85,255,1289.171,271.006
1257,56,255,1546.411,269.429
1258,65,255,103.885,271.115
1259,54,255,150.741,270.074
1260,29,255,297.224,269.534
1261,95,255,654.784,272.068
1262,54,255,1533.741,270.741
1263,46,255,20.870,270.326
1264,60,255,329.717,271.517
1265,137,255,1032.164,273.580
1266,23,255,1416.196,270.152
1267,73,255,1503.856,271.336
1268,38,255,1560.289,270.342
1269,59,255,784.483,272.483
1270,58,255,917.172,272.138
1271,83,255,1326.416,272.813
1272,63,255,526.754,273.944
1273,88,255,746.080,274.125
1274,86,255,962.581,273.849
1275,25,255,1020.220,272.460
1276,91,255,1125.060,274.148
1277,70,255,1236.557,273.700
1278,104,255,1372.788,274.154
1279,47,255,1585.649,272.947
1280,96,255,161.135,275.198
1281,47,255,467.415,274.223
1282,104,255,684.365,276.269
1283,99,255,880.157,276.702
1284,47,255,992.755,273.734
1285,71,255,1435.739,276.303
1286,45,255,1444.233,274.033
1287,71,255,456.937,276.599
1288,98,255,635.561,275.857
1289,59,255,670.585,275.381
1290,53,255,818.783,274.330
1291,122,255,1062.762,277.615
1292,36,255,1425.111,274.944
1293,143,255,220.171,279.696
1294,84,255,337.321,277.286
1295,103,255,902.306,279.170
1296,48,255,938.396,275.562
1297,65,255,974.715,276.977
1298,81,255,1340.895,276.636
1299,85,255,1512.441,279.724
1300,118,255,395.559,280.178
1301,92,255,555.674,278.185
1302,87,255,859.730,277.902
1303,55,255,926.718,278.318
1304,79,255,985.361,279.184
1305,57,255,1353.237,277.746
1306,49,255,1473.316,277.908
1307,55,255,111.700,278.882
1308,101,255,127.906,279.955
1309,119,255,306.559,280.702
1310,65,255,806.823,278.223
1311,60,255,30.500,279.000
1312,52,255,615.962,279.115
1313,50,255,1572.920,278.880
1314,31,255,1.952,280.403
1315,130,255,1271.015,281.369
1316,49,255,1541.418,279.806
1317,44,255,202.068,281.318
1318,112,255,288.196,284.170
1319,93,255,412.210,282.661
1320,74,255,1188.284,281.622
1321,55,255,1383.318,281.936
1322,44,255,730.273,281.409
1323,158,255,793.146,285.861
1324,102,255,852.078,286.549
1325,83,255,1045.211,283.380
1326,114,255,1213.114,284.114
1327,61,255,1328.500,282.172
1328,135,255,247.759,286.574
1329,100,255,320.510,284.240
1330,118,255,380.263,285.881
1331,103,255,431.442,285.762
1332,49,255,509.173,282.908
1333,86,255,946.407,284.430
1334,89,255,1141.444,283.949
1335,145,255,1482.907,286.838
1336,77,255,604.994,284.786
1337,41,255,1580.646,284.280
1338,123,255,147.508,289.297
1339,62,255,568.194,285.565
1340,84,255,1394.905,286.071
1341,71,255,1526.768,286.317
1342,75,255,94.567,287.727
1343,71,255,530.486,286.965
1344,189,255,677.124,291.542
1345,126,255,724.111,288.381
1346,149,255,743.131,289.755
1347,151,255,835.685,289.579
1348,85,255,1096.241,287.547
1349,81,255,121.660,288.265
1350,72,255,494.861,287.903
1351,82,255,1022.573,287.280
1352,55,255,1105.936,287.136
1353,93,255,1200.253,288.855
1354,82,255,1226.085,287.671
1355,76,255,160.342,288.776
1356,76,255,464.276,289.263
1357,58,255,476.983,288.431
1358,69,255,1305.732,288.891
1359,47,255,20.521,288.926
1360,25,255,77.100,288.340
1361,62,255,619.387,288.903
1362,33,255,1238.076,288.591
1363,116,255,1442.241,291.000
1364,24,255,1556.917,288.667
1365,123,255,337.947,293.354
1366,34,255,349.676,288.794
1367,99,255,365.561,291.833
1368,52,255,486.115,290.442
1369,73,255,889.514,289.692
1370,87,255,1121.960,290.454
1371,59,255,1420.059,290.873
1372,28,255,104.429,290.357
1373,39,255,443.372,290.987
1374,221,255,550.649,298.378
1375,99,255,636.783,293.944
1376,139,255,656.651,293.004
1377,56,255,710.375,292.107
1378,100,255,767.300,292.370
1379,69,255,1296.790,291.891
1380,46,255,32.283,292.478
1381,40,255,51.450,291.575
1382,54,255,1182.463,291.556
1383,66,255,1457.152,293.030
1384,88,255,1548.841,293.489
1385,138,255,196.326,294.514
1386,60,255,1161.650,293.217
1387,81,255,1411.512,294.105
1388,85,255,170.853,295.582
1389,103,255,217.617,296.102
1390,83,255,510.584,295.946
1391,169,255,1077.914,299.293
1392,106,255,1318.226,295.415
1393,86,255,1369.221,295.558
1394,72,255,40.278,297.042
1395,81,255,611.228,296.315
1396,67,255,884.858,296.530
1397,94,255,914.309,296.106
1398,45,255,990.922,293.967
1399,109,255,1278.821,295.849
1400,89,255,1345.635,296.275
1401,55,255,63.682,297.045
1402,73,255,524.171,297.884
1403,54,255,963.667,296.481
1404,42,255,1247.786,295.690
1405,67,255,120.963,297.590
1406,72,255,237.014,298.111
1407,75,255,303.367,298.060
1408,48,255,1390.083,296.562
1409,83,255,1588.464,298.235
1410,126,255,570.865,299.341
1411,95,255,820.342,298.616
1412,142,255,861.944,301.958
1413,55,255,998.336,298.191
1414,77,255,1532.903,299.123
1415,76,255,6.987,299.882
1416,70,255,73.314,303.057
1417,59,255,351.924,300.076
1418,63,255,873.198,300.675
1419,124,255,1218.419,299.887
1420,159,255,141.852,304.991
1421,82,255,281.866,300.963
1422,47,255,361.053,300.457
1423,93,255,496.134,300.812
1424,51,255,846.225,300.343
1425,27,255,248.611,299.389
1426,42,255,393.619,300.738
1427,89,255,951.343,303.051
1428,40,255,1054.425,300.300
1429,118,255,423.186,303.424
1430,87,255,446.557,302.971
1431,87,255,765.247,301.718
1432,67,255,905.858,302.500
1433,55,255,967.845,303.155
1434,62,255,1160.226,302.823
1435,63,255,1290.563,302.611
1436,68,255,1380.265,303.118
1437,92,255,377.957,303.957
1438,49,255,1233.827,301.867
1439,104,255,1256.365,304.567
1440,101,255,1331.342,304.421
1441,45,255,1455.878,302.211
1442,90,255,479.533,305.733
1443,137,255,668.792,305.150
1444,75,255,1145.820,304.500
1445,85,255,1430.253,306.088
1446,44,255,1443.841,303.909
1447,67,255,18.724,305.649
1448,160,255,598.469,306.969
1449,111,255,642.644,307.959
1450,194,255,803.155,310.557
1451,108,255,1190.231,306.046
1452,80,255,1496.875,306.125
1453,91,255,55.247,309.445
1454,100,255,730.880,307.690
1455,56,255,1043.893,306.554
1456,80,255,1129.000,306.650
1457,86,255,1578.721,307.651
1458,26,255,290.269,306.038
1459,76,255,398.842,307.842
1460,118,255,458.288,310.576
1461,71,255,993.007,307.768
1462,57,255,1555.798,306.991
1463,64,255,128.016,308.859
1464,28,255,517.107,306.607
1465,77,255,533.201,309.266
1466,46,255,650.935,308.174
1467,66,255,1565.712,309.121
1468,59,255,179.331,309.246
1469,74,255,268.351,309.919
1470,69,255,744.123,309.906
1471,68,255,979.529,308.882
1472,68,255,1021.029,309.794
1473,63,255,1201.310,310.992
1474,106,255,850.217,312.009
1475,20,255,1169.850,307.950
1476,79,255,1313.247,310.665
1477,88,255,1345.068,311.000
1478,30,255,490.900,309.867
1479,86,255,1008.919,311.977
1480,65,255,1109.038,311.085
1481,94,255,1243.191,312.287
1482,138,255,1405.486,312.667
1483,31,255,171.048,311.081
1484,70,255,214.900,312.543
1485,43,255,232.570,312.105
1486,61,255,338.516,312.631
1487,95,255,519.637,315.858
1488,53,255,1477.028,312.066
1489,70,255,5.814,314.800
1490,51,255,43.206,312.971
1491,43,255,86.547,313.477
1492,102,255,318.971,315.598
1493,49,255,417.112,312.622
1494,129,255,888.384,313.810
1495,73,255,1030.459,314.116
1496,49,255,1054.112,313.439
1497,48,255,244.562,313.333
1498,56,255,428.786,314.839
1499,35,255,568.329,313.129
1500,91,255,713.511,315.258
1501,61,255,1219.975,312.926
1502,31,255,1357.468,313.758
1503,79,255,1464.424,314.677
1504,122,255,913.025,315.861
1505,48,255,949.125,315.146
1506,60,255,1071.783,314.867
1507,77,255,1268.344,315.877
1508,46,255,1380.304,315.457
1509,81,255,37.253,319.562
1510,84,255,77.940,318.179
1511,123,255,305.728,319.841
1512,69,255,1102.268,318.065
1513,88,255,99.091,318.125
1514,50,255,184.100,317.040
1515,54,255,363.889,317.111
1516,84,255,580.619,317.143
1517,22,255,782.682,316.227
1518,172,255,828.791,321.151
1519,61,255,1592.156,317.418
1520,80,255,197.175,319.100
1521,75,255,672.860,318.380
1522,77,255,937.292,318.604
1523,93,255,1141.855,320.242
1524,51,255,1291.598,318.324
1525,40,255,1370.025,318.250
1526,59,255,1555.992,318.703
1527,52,255,21.885,319.519
1528,127,255,381.673,320.122
1529,64,255,402.859,319.000
1530,70,255,559.529,320.200
1531,73,255,742.829,319.473
1532,38,255,985.658,319.132
1533,77,255,1065.929,321.266
1534,70,255,1177.186,320.057
1535,103,255,1540.762,321.471
1536,106,255,697.038,321.104
1537,118,255,1191.093,320.822
1538,97,255,1423.974,322.500
1539,74,255,164.649,321.270
1540,65,255,226.608,321.254
1541,89,255,1112.848,323.331
1542,113,255,1441.394,324.376
1543,113,255,1483.261,322.473
1544,61,255,498.910,322.746
1545,118,255,656.475,324.551
1546,43,255,1360.360,322.012
1547,54,255,1514.833,322.000
1548,143,255,1582.136,325.836
1549,53,255,49.481,323.085
1550,75,255,341.780,324.167
1551,181,255,1157.959,325.285
1552,37,255,1275.527,323.311
1553,98,255,1329.459,325.010
1554,61,255,1341.549,323.123
1555,74,255,1465.649,323.527
1556,57,255,1529.991,323.728
1557,43,255,773.407,323.663
1558,46,255,869.130,324.804
1559,207,255,960.804,329.626
1560,46,255,1078.783,324.457
1561,128,255,1239.086,325.922
1562,51,255,129.441,325.206
1563,113,255,600.810,326.190
1564,77,255,117.903,326.110
1565,77,255,285.682,327.968
1566,68,255,363.324,325.971
1567,42,255,527.500,325.429
1568,78,255,808.526,327.192
1569,67,255,1038.396,325.903
1570,116,255,23.991,330.853
1571,57,255,547.114,327.342
1572,40,255,572.875,326.075
1573,67,255,1005.888,327.739
1574,23,255,1210.543,326.109
1575,93,255,1318.027,328.823
1576,95,255,1376.468,328.595
1577,32,255,564.312,327.500
1578,186,255,683.183,333.065
1579,32,255,143.469,327.906
1580,80,255,152.300,331.200
1581,116,255,641.466,331.138
1582,67,255,919.634,329.843
1583,92,255,979.630,330.293
1584,62,255,1051.452,329.629
1585,52,255,1491.019,329.731
1586,71,255,68.937,331.021
1587,76,255,166.868,330.053
1588,48,255,403.083,329.042
1589,118,255,853.203,332.576
1590,80,255,1268.388,330.400
1591,33,255,192.197,330.500
1592,47,255,261.245,330.883
1593,81,255,299.475,331.784
1594,30,255,383.300,329.933
1595,56,255,435.982,330.964
1596,84,255,742.881,331.524
1597,65,255,884.669,331.577
1598,47,255,931.606,331.862
1599,30,255,1128.067,330.300
1600,34,255,1523.588,330.529
1601,91,255,1555.313,332.995
1602,33,255,512.591,331.712
1603,72,255,524.111,333.486
1604,92,255,621.870,332.217
1605,85,255,759.382,333.135
1606,53,255,907.255,332.349
1607,101,255,1509.213,333.540
1608,120,255,175.625,338.392
1609,60,255,329.133,333.383
1610,22,255,351.500,332.364
1611,102,255,538.245,334.373
1612,105,255,1354.643,335.995
1613,58,255,318.362,334.000
1614,99,255,462.086,335.571
1615,164,255,493.451,337.939
1616,78,255,798.872,335.256
1617,137,255,823.427,336.807
1618,104,255,870.356,335.125
1619,23,255,394.065,333.413
1620,169,255,719.388,337.571
1621,56,255,1294.107,335.786
1622,45,255,1344.944,335.589
1623,72,255,1401.569,335.875
1624,28,255,270.286,335.286
1625,117,255,427.440,339.560
1626,80,255,1185.213,337.438
1627,37,255,2.203,337.311
1628,75,255,89.900,337.833
1629,30,255,126.467,336.600
1630,60,255,362.333,337.017
1631,60,255,375.700,336.967
1632,39,255,573.910,336.500
1633,45,255,1309.678,337.167
1634,43,255,77.849,337.872
1635,61,255,116.549,338.123
1636,65,255,474.546,338.346
1637,26,255,596.923,336.423
1638,64,255,1050.250,337.625
1639,72,255,1073.792,337.986
1640,76,255,1214.434,338.566
1641,66,255,1258.848,338.621
1642,61,255,1540.057,338.680
1643,76,255,1571.158,340.066
1644,62,255,42.823,338.919
1645,42,255,448.690,338.690
1646,79,255,1413.108,340.285
1647,31,255,436.435,339.145
1648,77,255,670.500,341.188
1649,35,255,837.443,339.500
1650,84,255,1029.143,340.833
1651,90,255,1131.733,341.389
1652,99,255,145.763,343.227
1653,70,255,198.200,341.900
1654,45,255,342.478,341.233
1655,85,255,603.818,341.724
1656,86,255,911.302,342.081
1657,152,255,1088.362,344.566
1658,143,255,1117.500,345.318
1659,51,255,1482.696,340.814
1660,212,255,281.896,345.193
1661,63,255,305.659,342.611
1662,60,255,631.167,342.783
1663,50,255,942.740,342.440
1664,93,255,979.984,343.855
1665,94,255,1286.734,343.426
1666,71,255,761.725,344.444
1667,42,255,864.976,343.024
1668,88,255,1376.068,345.773
1669,75,255,734.580,346.100
1670,46,255,899.435,344.304
1671,71,255,1202.331,345.331
1672,125,255,1242.580,349.276
1673,115,255,1272.117,346.683
1674,69,255,16.181,347.036
1675,29,255,225.328,344.603
1676,181,255,559.605,350.605
1677,56,255,646.482,346.304
1678,30,255,700.033,345.700
1679,89,255,846.152,347.084
1680,63,255,1439.929,346.405
1681,66,255,5.985,347.833
1682,96,255,583.073,348.104
1683,47,255,955.096,347.202
1684,153,255,1011.180,348.363
1685,72,255,1137.472,348.125
1686,47,255,1396.415,347.989
1687,94,255,1468.745,349.521
1688,66,255,1536.167,347.515
1689,71,255,64.345,348.768
1690,50,255,709.360,347.320
1691,57,255,1406.588,348.272
1692,126,255,211.595,350.770
1693,31,255,406.435,348.597
1694,75,255,416.807,349.833
1695,55,255,539.773,348.664
1696,53,255,1158.255,348.858
1697,73,255,1589.267,349.979
1698,91,255,104.566,352.082
1699,63,255,116.976,350.992
1700,56,255,366.429,350.018
1701,54,255,395.907,349.907
1702,83,255,504.139,350.861
1703,105,255,781.557,351.605
1704,79,255,1053.399,350.348
1705,76,255,1071.013,350.868
1706,63,255,1193.611,350.929
1707,40,255,1214.625,350.425
1708,45,255,1448.744,350.789
1709,43,255,1456.221,350.942
1710,40,255,260.950,351.250
1711,67,255,460.052,351.127
1712,46,255,770.065,351.913
1713,66,255,892.182,351.682
1714,71,255,990.289,351.599
1715,100,255,1180.030,352.530
1716,89,255,1477.185,354.287
1717,61,255,152.795,352.730
1718,51,255,1166.755,352.618
1719,108,255,1313.278,353.380
1720,80,255,48.562,353.788
1721,97,255,303.634,353.572
1722,89,255,529.152,353.758
1723,67,255,614.799,353.396
1724,24,255,799.000,352.000
1725,54,255,934.815,353.019
1726,58,255,1390.672,353.914
1727,28,255,1423.071,351.643
1728,144,255,1570.410,356.312
1729,31,255,439.629,353.081
1730,62,255,718.081,354.774
1731,147,255,740.643,356.861
1732,63,255,1343.437,354.310
1733,83,255,132.078,358.524
1734,46,255,666.174,353.913
1735,104,255,1043.087,357.683
1736,90,255,1254.200,356.611
1737,104,255,1512.038,359.173
1738,33,255,1518.227,354.652
1739,25,255,78.140,354.740
1740,35,255,226.871,354.871
1741,67,255,351.052,356.396
1742,76,255,599.592,356.434
1743,62,255,826.161,356.194
1744,46,255,1221.478,355.652
1745,46,255,1380.239,356.109
1746,100,255,1490.440,358.990
1747,94,255,27.479,360.096
1748,48,255,763.125,356.750
1749,138,255,979.833,361.123
1750,63,255,1436.024,357.437
1751,67,255,315.410,358.231
1752,104,255,378.385,359.135
1753,134,255,695.948,363.052
1754,66,255,815.561,358.530
1755,104,255,942.904,359.240
1756,66,255,1412.273,359.227
1757,33,255,573.591,358.197
1758,23,255,1594.587,357.761
1759,115,255,238.178,363.343
1760,49,255,250.786,359.949
1761,72,255,363.569,361.014
1762,120,255,401.500,361.283
1763,91,255,482.379,360.962
1764,134,255,713.821,364.716
1765,147,255,859.398,362.895
1766,84,255,218.060,361.750
1767,91,255,434.060,362.665
1768,52,255,447.115,360.750
1769,76,255,541.882,361.132
1770,68,255,636.397,361.838
1771,92,255,655.424,362.380
1772,135,255,1015.085,364.493
1773,147,255,1230.949,365.099
1774,135,255,1354.893,365.552
1775,30,255,69.700,361.700
1776,81,255,459.265,362.821
1777,106,255,683.358,365.670
1778,60,255,1098.117,361.650
1779,68,255,1137.353,364.132
1780,92,255,1191.685,363.196
1781,46,255,1522.130,361.717
1782,58,255,124.586,364.138
1783,107,255,903.453,363.902
1784,43,255,1107.779,362.849
1785,126,255,1447.151,365.746
1786,54,255,778.852,363.333
1787,65,255,799.854,364.423
1788,68,255,1500.838,365.235
1789,76,255,1544.053,363.868
1790,57,255,15.079,364.991
1791,70,255,148.000,365.457
1792,98,255,177.939,366.735
1793,113,255,202.544,367.996
1794,79,255,266.196,365.867
1795,134,255,293.172,367.373
1796,74,255,495.351,365.554
1797,34,255,823.735,364.324
1798,96,255,919.760,366.792
1799,93,255,954.780,366.457
1800,27,255,1090.130,365.352
1801,103,255,1370.121,365.947
1802,147,255,1400.425,368.276
1803,44,255,562.795,366.045
1804,105,255,622.386,366.919
1805,52,255,994.173,365.635
1806,69,255,1080.543,366.993
1807,52,255,1128.577,366.231
1808,65,255,1466.946,366.331
1809,55,255,41.864,368.482
1810,56,255,332.429,366.768
1811,61,255,420.959,366.713
1812,48,255,1421.042,367.417
1813,48,255,1580.875,367.125
1814,50,255,115.620,368.580
1815,59,255,574.619,368.924
1816,59,255,1029.042,369.161
1817,94,255,1149.426,371.106
1818,65,255,1287.762,369.731
1819,50,255,157.820,370.520
1820,71,255,189.937,372.204
1821,47,255,595.862,369.351
1822,76,255,893.197,371.382
1823,87,255,1266.730,372.385
1824,43,255,166.244,370.709
1825,89,255,257.163,373.916
1826,51,255,278.598,370.382
1827,30,255,391.133,369.867
1828,106,255,529.538,371.189
1829,96,255,90.198,374.115
1830,86,255,939.581,372.605
1831,23,255,1103.283,370.587
1832,49,255,1163.663,371.500
1833,163,255,1212.985,374.991
1834,135,255,1302.974,374.885
1835,52,255,1429.365,372.865
1836,82,255,15.829,373.402
1837,61,255,230.385,373.057
1838,51,255,664.049,372.775
1839,147,255,1251.915,376.765
1840,38,255,1542.342,372.737
1841,80,255,508.125,375.400
1842,70,255,640.971,374.471
1843,27,255,1003.833,372.574
1844,60,255,1061.867,374.283
1845,59,255,1112.161,374.042
1846,105,255,1277.119,376.757
1847,72,255,1380.097,374.403
1848,43,255,422.174,374.151
1849,56,255,712.607,375.196
1850,56,255,885.107,375.857
1851,56,255,966.286,375.643
1852,60,255,976.783,375.500
1853,43,255,1036.198,374.709
1854,20,255,1336.450,373.250
1855,73,255,1524.253,376.253
1856,142,255,338.500,377.782
1857,30,255,408.500,374.933
1858,75,255,796.313,377.193
1859,116,255,320.914,379.379
1860,146,255,604.623,381.418
1861,112,255,809.491,379.652
1862,67,255,838.157,377.799
1863,28,255,1409.036,376.929
1864,59,255,307.534,377.941
1865,65,255,627.592,378.408
1866,73,255,726.322,378.363
1867,129,255,1344.694,379.547
1868,40,255,378.425,378.600
1869,78,255,541.436,379.641
1870,40,255,1328.075,378.975
1871,46,255,1461.783,378.870
1872,105,255,1580.995,381.510
1873,43,255,178.733,379.337
1874,54,255,434.537,380.481
1875,74,255,686.959,381.432
1876,52,255,1315.577,380.077
1877,45,255,1418.389,379.900
1878,39,255,1492.167,380.090
1879,83,255,1565.572,381.825
1880,42,255,516.476,380.238
1881,108,255,743.704,382.306
1882,100,255,1065.900,384.380
1883,38,255,66.000,381.658
1884,77,255,76.981,382.864
1885,95,255,150.068,383.132
1886,60,255,163.167,381.983
1887,34,255,859.088,382.206
1888,82,255,1179.317,383.341
1889,67,255,1537.918,383.336
1890,69,255,281.239,383.703
1891,105,255,389.833,384.805
1892,79,255,489.500,383.994
1893,63,255,107.421,384.389
1894,68,255,359.132,385.294
1895,117,255,662.756,385.303
1896,34,255,778.147,383.500
1897,52,255,893.385,383.885
1898,154,255,1230.461,386.240
1899,68,255,1367.794,384.809
1900,47,255,1423.926,384.968
1901,29,255,97.879,384.741
1902,70,255,128.243,386.029
1903,161,255,472.562,389.457
1904,72,255,950.542,386.444
1905,63,255,1009.579,385.310
1906,66,255,1099.530,385.303
1907,105,255,1293.443,386.329
1908,73,255,1470.432,386.610
1909,72,255,1505.083,385.639
1910,146,255,33.466,389.260
1911,98,255,571.245,386.673
1912,26,255,786.577,385.308
1913,68,255,871.147,386.662
1914,87,255,1593.040,388.109
1915,166,255,254.398,391.367
1916,33,255,377.621,386.470
1917,76,255,446.684,389.671
1918,63,255,552.024,387.389
1919,107,255,586.986,389.846
1920,156,255,906.962,390.904
1921,76,255,965.276,387.737
1922,44,255,988.273,386.909
1923,71,255,1077.979,387.444
1924,65,255,1166.700,388.131
1925,110,255,1437.309,389.145
1926,101,255,1482.421,388.431
1927,81,255,18.302,388.611
1928,143,255,760.066,391.724
1929,66,255,822.470,387.788
1930,168,255,923.601,391.423
1931,69,255,1124.036,388.225
1932,163,255,1140.371,390.745
1933,66,255,1319.242,387.576
1934,50,255,208.460,388.860
1935,37,255,721.284,388.284
1936,122,255,1207.311,390.779
1937,111,255,190.779,392.644
1938,138,255,302.203,392.949
1939,64,255,1188.438,390.688
1940,98,255,54.745,394.316
1941,51,255,335.304,390.735
1942,69,255,456.601,391.920
1943,27,255,773.426,389.907
1944,41,255,836.720,389.890
1945,41,255,879.573,390.500
1946,55,255,1015.573,391.991
1947,64,255,1357.062,391.297
1948,51,255,1381.676,391.382
1949,49,255,1546.031,391.133
1950,49,255,267.622,392.194
1951,64,255,598.109,393.281
1952,78,255,652.397,393.103
1953,92,255,691.261,392.935
1954,56,255,736.589,391.679
1955,70,255,1091.371,392.757
1956,64,255,1447.594,393.234
1957,173,255,175.552,397.922
1958,112,255,233.080,396.036
1959,156,255,517.391,395.115
1960,39,255,543.064,392.423
1961,49,255,852.520,393.255
1962,97,255,1109.954,396.613
1963,71,255,1389.458,394.204
1964,47,255,91.521,393.926
1965,112,255,136.429,395.598
1966,111,255,217.221,396.644
1967,76,255,1273.500,394.197
1968,31,255,495.468,394.629
1969,29,255,277.500,394.603
1970,39,255,366.859,395.603
1971,73,255,889.815,396.705
1972,41,255,1339.866,396.720
1973,32,255,9.938,396.594
1974,42,255,502.119,396.714
1975,66,255,990.167,397.273
1976,72,255,1041.556,397.569
1977,76,255,1329.368,398.776
1978,86,255,1400.314,398.198
1979,71,255,1421.993,397.993
1980,66,255,1492.621,398.318
1981,62,255,1566.677,397.403
1982,58,255,74.379,399.397
1983,33,255,403.288,396.106
1984,77,255,721.721,397.890
1985,66,255,1006.576,398.333
1986,129,255,1371.771,401.213
1987,79,255,1582.196,398.892
1988,88,255,344.557,400.761
1989,188,255,387.862,402.197
1990,26,255,423.000,397.385
1991,30,255,433.633,397.700
1992,128,255,555.617,399.852
1993,105,255,702.071,401.357
1994,91,255,869.841,401.676
1995,78,255,1192.974,399.449
1996,59,255,1266.144,399.839
1997,73,255,811.089,400.788
1998,74,255,1162.554,400.541
1999,28,255,1513.714,399.000
2000,75,255,459.207,402.767
2001,93,255,476.392,402.790
2002,97,255,750.552,402.881
2003,53,255,794.726,402.368
2004,26,255,837.962,400.000
2005,34,255,1074.441,400.147
2006,114,255,1218.544,404.404
2007,63,255,1596.452,401.976
2008,54,255,84.389,402.611
2009,43,255,207.012,401.709
2010,121,255,325.128,402.169
2011,80,255,625.438,402.200
2012,143,255,784.584,404.542
2013,29,255,847.845,400.845
2014,35,255,859.843,402.043
2015,57,255,1355.868,401.833
2016,121,255,1523.748,404.773
2017,94,255,118.479,403.851
2018,67,255,152.709,403.201
2019,30,255,487.433,402.500
2020,69,255,975.601,402.906
2021,27,255,413.352,402.907
2022,24,255,644.042,402.333
2023,74,255,952.581,405.203
2024,82,255,1020.183,405.939
2025,126,255,579.389,407.151
2026,84,255,652.381,406.536
2027,74,255,1033.338,405.757
2028,41,255,1084.110,405.841
2029,38,255,1093.158,404.789
2030,52,255,1131.346,404.519
2031,128,255,1555.539,407.227
2032,76,255,18.355,406.947
2033,47,255,530.840,406.351
2034,89,255,917.871,409.556
2035,20,255,925.000,405.500
2036,72,255,1151.736,407.708
2037,70,255,1288.514,406.786
2038,53,255,1309.066,405.406
2039,61,255,1337.779,406.434
2040,51,255,100.971,406.931
2041,72,255,280.319,407.861
2042,59,255,364.788,406.992
2043,36,255,607.639,406.111
2044,90,255,734.167,409.022
2045,206,255,761.728,414.767
2046,51,255,900.225,406.539
2047,79,255,1245.310,408.361
2048,68,255,7.147,409.706
2049,108,255,51.111,409.981
2050,92,255,303.652,409.880
2051,70,255,425.443,408.800
2052,64,255,673.328,408.141
2053,97,255,825.046,410.325
2054,40,255,1044.750,408.300
2055,59,255,1075.975,408.432
2056,168,255,264.857,412.679
2057,82,255,554.817,411.402
2058,63,255,962.675,410.738
2059,103,255,983.481,411.976
2060,49,255,1324.153,409.847
2061,84,255,1500.250,412.964
2062,50,255,1508.920,411.040
2063,83,255,1585.139,411.307
2064,48,255,31.604,410.542
2065,127,255,223.020,412.736
2066,58,255,289.328,412.138
2067,78,255,356.231,413.064
2068,89,255,684.522,413.567
2069,33,255,834.682,410.652
2070,116,255,1405.897,414.276
2071,122,255,1471.902,415.762
2072,90,255,129.567,414.656
2073,149,255,247.111,416.581
2074,115,255,402.752,415.317
2075,45,255,906.522,411.967
2076,90,255,1054.044,413.278
2077,137,255,1123.274,414.887
2078,59,255,1234.466,412.229
2079,142,255,1263.430,415.183
2080,75,255,204.433,413.940
2081,47,255,536.585,411.926
2082,52,255,940.288,412.769
2083,49,255,1317.357,413.847
2084,81,255,492.759,414.858
2085,92,255,695.674,416.011
2086,44,255,776.136,413.432
2087,62,255,1101.597,414.387
2088,74,255,618.135,416.054
2089,58,255,635.121,415.172
2090,66,255,796.667,415.788
2091,48,255,817.875,415.583
2092,60,255,995.600,415.333
2093,68,255,1544.868,415.912
2094,37,255,1571.527,414.662
2095,76,255,338.303,416.539
2096,177,255,593.020,419.692
2097,51,255,63.814,417.049
2098,138,255,384.710,419.732
2099,66,255,445.167,418.136
2100,62,255,477.694,417.806
2101,59,255,658.568,417.364
2102,71,255,1362.345,417.993
2103,70,255,1429.800,418.343
2104,136,255,93.618,420.750
2105,44,255,148.568,418.705
2106,74,255,897.297,418.824
2107,74,255,952.797,418.514
2108,33,255,1013.924,417.742
2109,92,255,1153.065,417.913
2110,98,255,1169.755,419.592
2111,70,255,1223.143,417.971
2112,41,255,1298.159,417.500
2113,110,255,1414.845,422.245
2114,58,255,77.707,419.138
2115,75,255,173.993,419.567
2116,23,255,465.891,418.022
2117,59,255,521.280,419.008
2118,63,255,628.135,420.294
2119,74,255,1082.581,419.000
2120,68,255,1288.809,419.529
2121,47,255,434.457,420.372
2122,46,255,455.522,419.848
2123,52,255,506.442,420.058
2124,75,255,708.793,421.007
2125,55,255,872.845,419.955
2126,66,255,883.136,420.061
2127,28,255,1110.143,418.964
2128,34,255,1483.382,419.000
2129,37,255,1520.662,418.662
2130,56,255,187.946,421.750
2131,47,255,290.053,420.181
2132,155,255,535.635,424.926
2133,106,255,1306.179,423.972
2134,22,255,1347.773,420.591
2135,60,255,937.650,421.500
2136,39,255,1324.474,421.756
2137,89,255,1529.096,423.601
2138,107,255,305.341,424.864
2139,33,255,612.076,422.409
2140,116,255,671.621,424.655
2141,155,255,1199.810,428.074
2142,100,255,1445.620,425.030
2143,53,255,1513.726,424.123
2144,58,255,119.500,424.190
2145,76,255,320.276,425.132
2146,39,255,864.885,423.859
2147,62,255,1338.581,424.306
2148,112,255,1383.116,425.402
2149,83,255,209.524,425.259
2150,43,255,1188.849,425.663
2151,63,255,1358.008,425.770
2152,79,255,490.424,427.297
2153,39,255,575.244,425.269
2154,67,255,739.306,426.933
2155,52,255,1102.654,425.519
2156,66,255,1553.455,427.030
2157,68,255,26.206,428.162
2158,22,255,35.000,426.000
2159,118,255,518.780,430.517
2160,57,255,1008.289,428.325
2161,51,255,337.814,428.363
2162,130,255,403.077,430.546
2163,36,255,655.917,427.472
2164,21,255,697.976,426.262
2165,36,255,1370.083,427.972
2166,39,255,1437.192,427.859
2167,52,255,15.154,429.154
2168,42,255,1019.738,428.333
2169,48,255,133.792,429.312
2170,104,255,178.471,432.019
2171,43,255,442.244,429.895
2172,82,255,964.195,430.317
2173,72,255,1154.972,430.083
2174,83,255,1227.235,430.898
2175,67,255,1246.694,431.306
2176,82,255,1316.927,431.354
2177,59,255,1425.500,430.500
2178,35,255,1562.100,429.129
2179,73,255,156.829,432.308
2180,22,255,273.227,429.000
2181,73,255,352.404,431.459
2182,135,255,473.011,433.367
2183,63,255,909.278,431.294
2184,91,255,1093.577,431.423
2185,95,255,39.868,433.742
2186,87,255,607.293,433.305
2187,88,255,706.466,433.591
2188,77,255,1476.682,431.916
2189,55,255,1496.173,432.609
2190,110,255,199.000,435.000
2191,40,255,241.475,432.425
2192,47,255,331.798,433.457
2193,123,255,366.874,435.451
2194,146,255,554.945,435.377
2195,99,255,858.833,434.409
2196,93,255,943.876,433.618
2197,104,255,981.856,435.221
2198,78,255,1065.385,434.077
2199,63,255,1284.659,433.341
2200,76,255,57.974,434.184
2201,50,255,89.480,434.260
2202,63,255,497.119,436.119
2203,67,255,582.739,434.246
2204,62,255,791.419,435.145
2205,30,255,801.333,432.833
2206,51,255,992.422,433.559
2207,69,255,1118.819,435.775
2208,90,255,1137.989,435.100
2209,20,255,229.400,434.250
2210,161,255,417.314,439.705
2211,120,255,812.967,437.850
2212,71,255,1397.190,435.528
2213,129,255,1522.360,436.562
2214,34,255,1579.324,434.059
2215,75,255,1588.873,436.793
2216,80,255,214.512,436.500
2217,22,255,303.500,433.909
2218,115,255,647.683,437.857
2219,127,255,1032.161,437.799
2220,68,255,1437.485,436.088
2221,45,255,78.611,436.611
2222,105,255,266.471,438.157
2223,87,255,634.351,437.707
2224,22,255,1164.409,435.455
2225,106,255,1454.396,438.283
2226,56,255,99.589,438.286
2227,61,255,250.221,438.730
2228,105,255,718.700,440.024
2229,64,255,776.234,438.234
2230,52,255,1184.635,437.942
2231,55,255,1229.591,438.373
2232,74,255,1360.851,439.351
2233,56,255,1542.143,439.536
2234,122,255,923.066,440.082
2235,46,255,1329.783,438.565
2236,104,255,1339.865,441.048
2237,66,255,1385.045,440.061
2238,71,255,1561.782,439.077
2239,54,255,119.278,439.537
2240,151,255,293.308,442.175
2241,50,255,660.780,439.960
2242,86,255,886.488,441.558
2243,25,255,238.100,439.580
2244,87,255,433.132,441.132
2245,40,255,489.725,440.800
2246,26,255,570.154,440.154
2247,69,255,595.732,441.384
2248,38,255,692.500,440.000
2249,74,255,1050.824,440.865
2250,103,255,1270.558,441.859
2251,64,255,1475.344,441.031
2252,32,255,48.500,442.375
2253,88,255,748.273,442.318
2254,71,255,900.317,442.162
2255,58,255,1173.293,442.069
2256,49,255,165.500,443.337
2257,69,255,313.688,445.181
2258,33,255,357.742,442.197
2259,124,255,10.976,447.371
2260,32,255,615.500,443.750
2261,106,255,672.132,445.660
2262,92,255,824.261,445.511
2263,128,255,869.664,445.539
2264,68,255,63.029,444.868
2265,72,255,183.792,446.389
2266,35,255,796.186,443.957
2267,41,255,847.451,444.939
2268,37,255,1124.878,443.689
2269,91,255,1202.896,446.445
2270,31,255,1253.210,443.984
2271,123,255,1490.541,449.736
2272,66,255,132.773,446.485
2273,95,255,629.111,448.847
2274,81,255,1101.093,446.599
2275,79,255,1296.968,446.449
2276,57,255,1321.658,446.096
2277,26,255,1535.808,445.462
2278,92,255,82.033,447.446
2279,70,255,106.614,447.843
2280,45,255,206.678,446.367
2281,87,255,227.075,449.075
2282,37,255,338.662,447.014
2283,70,255,522.286,448.029
2284,143,255,1084.269,450.486
2285,137,255,1426.047,449.880
2286,87,255,1445.109,447.546
2287,92,255,1573.228,448.511
2288,38,255,22.395,447.316
2289,88,255,195.057,451.341
2290,100,255,466.360,449.760
2291,121,255,500.979,449.864
2292,41,255,720.110,447.573
2293,37,255,940.230,447.905
2294,116,255,999.767,451.000
2295,46,255,1013.761,447.326
2296,97,255,1164.747,449.954
2297,74,255,157.243,450.392
2298,61,255,1518.648,449.025
2299,108,255,391.889,451.574
2300,48,255,639.000,449.500
2301,113,255,916.889,451.668
2302,24,255,1262.333,448.250
2303,56,255,239.071,451.857
2304,127,255,286.161,454.870
2305,61,255,324.238,450.664
2306,105,255,483.271,453.129
2307,100,255,831.700,453.130
2308,37,255,854.122,452.041
2309,155,255,965.300,453.216
2310,52,255,1033.846,451.519
2311,59,255,1233.500,451.483
2312,74,255,1351.203,451.622
2313,80,255,1503.088,452.238
2314,72,255,1547.236,451.653
2315,69,255,145.457,452.833
2316,89,255,587.949,452.669
2317,66,255,616.136,452.439
2318,79,255,655.500,452.715
2319,86,255,745.791,452.302
2320,159,255,787.607,454.582
2321,149,255,356.977,455.070
2322,37,255,513.257,452.851
2323,69,255,529.906,455.007
2324,162,255,1189.432,456.673
2325,75,255,1217.353,454.393
2326,44,255,1281.023,452.909
2327,76,255,1394.553,454.053
2328,44,255,769.545,453.682
2329,52,255,881.327,453.654
2330,57,255,1022.272,454.202
2331,119,255,1150.466,455.954
2332,106,255,1469.528,453.660
2333,36,255,72.111,454.361
2334,40,255,256.500,454.000
2335,177,255,306.782,460.178
2336,86,255,445.407,455.919
2337,131,255,682.210,456.943
2338,71,255,1268.951,455.303
2339,61,255,24.680,456.254
2340,36,255,185.167,455.028
2341,84,255,271.786,456.560
2342,70,255,415.971,455.943
2343,92,255,730.457,457.815
2344,164,255,1047.951,460.024
2345,85,255,1373.394,456.935
2346,73,255,38.897,457.349
2347,106,255,431.123,459.755
2348,82,255,540.951,458.171
2349,43,255,577.407,457.384
2350,90,255,604.500,458.578
2351,71,255,903.556,457.190
2352,61,255,951.451,458.057
2353,114,255,1129.079,459.202
2354,27,255,62.944,458.056
2355,25,255,215.460,457.740
2356,95,255,567.753,460.332
2357,109,255,941.326,461.472
2358,64,255,975.875,460.766
2359,75,255,1550.993,459.567
2360,39,255,638.038,459.269
2361,113,255,711.712,461.774
2362,73,255,984.075,461.171
2363,44,255,1011.000,459.682
2364,75,255,1175.647,461.447
2365,147,255,1401.541,463.650
2366,96,255,1510.125,462.510
2367,44,255,458.273,460.432
2368,46,255,1063.761,461.043
2369,49,255,1240.153,460.827
2370,50,255,1334.420,461.920
2371,62,255,1458.435,461.742
2372,30,255,472.133,461.133
2373,90,255,1425.089,462.356
2374,69,255,1449.964,462.645
2375,59,255,94.059,463.958
2376,38,255,170.132,462.868
2377,26,255,74.038,462.231
2378,122,255,121.975,466.016
2379,30,255,375.433,462.333
2380,82,255,765.354,464.390
2381,97,255,830.397,465.139
2382,122,255,1283.934,466.180
2383,96,255,653.240,467.500
2384,134,255,666.731,468.485
2385,68,255,690.706,465.147
2386,108,255,814.231,466.667
2387,71,255,867.303,466.303
2388,79,255,879.728,465.487
2389,77,255,1095.981,465.786
2390,55,255,1161.573,465.555
2391,63,255,1318.532,465.151
2392,27,255,1342.056,463.907
2393,82,255,1584.963,467.329
2394,50,255,9.840,466.680
2395,64,255,188.094,466.859
2396,75,255,208.873,465.993
2397,86,255,249.826,467.547
2398,66,255,325.212,467.348
2399,73,255,341.733,468.938
2400,94,255,386.606,467.787
2401,53,255,914.028,465.972
2402,54,255,1076.926,465.500
2403,131,255,1230.385,470.737
2404,56,255,1482.071,466.625
2405,21,255,21.643,465.167
2406,37,255,107.230,466.257
2407,85,255,271.041,467.300
2408,60,255,351.300,467.367
2409,45,255,502.544,466.300
2410,85,255,523.029,467.947
2411,88,255,734.580,467.909
2412,50,255,848.540,466.400
2413,75,255,1020.567,468.580
2414,83,255,1210.090,468.211
2415,95,255,1357.626,468.542
2416,62,255,1436.887,467.710
2417,66,255,1375.318,468.136
2418,59,255,1596.636,468.686
2419,80,255,544.225,469.675
2420,90,255,578.044,470.511
2421,96,255,1138.594,470.562
2422,50,255,1492.460,469.680
2423,89,255,437.736,471.646
2424,98,255,639.786,470.847
2425,64,255,1259.594,470.359
2426,63,255,1560.246,469.976
2427,51,255,195.696,470.441
2428,100,255,453.420,473.130
2429,172,255,49.791,476.919
2430,131,255,73.905,475.989
2431,26,255,165.423,470.923
2432,35,255,469.300,471.871
2433,58,255,719.793,472.431
2434,34,255,856.706,472.235
2435,105,255,1081.986,474.586
2436,73,255,1121.075,472.007
2437,104,255,1194.538,473.538
2438,127,255,1542.004,475.012
2439,48,255,99.396,473.167
2440,83,255,150.657,474.801
2441,157,255,233.748,473.997
2442,104,255,296.779,475.240
2443,131,255,414.210,474.340
2444,73,255,1469.760,473.692
2445,69,255,20.413,474.993
2446,34,255,397.147,473.500
2447,45,255,776.233,474.189
2448,79,255,1030.449,474.044
2449,58,255,3.017,476.000
2450,95,255,1415.363,476.184
2451,52,255,1451.885,474.288
2452,46,255,474.239,476.543
2453,68,255,534.529,477.191
2454,28,255,875.607,474.679
2455,77,255,1004.058,476.604
2456,82,255,1166.744,477.305
2457,71,255,1334.486,477.007
2458,105,255,1502.148,477.690
2459,41,255,131.720,477.524
2460,88,255,256.580,478.455
2461,31,255,1239.952,477.274
2462,81,255,1315.883,477.290
2463,126,255,508.103,478.167
2464,151,255,756.063,482.209
2465,37,255,810.743,476.878
2466,31,255,863.403,477.048
2467,90,255,909.067,479.289
2468,103,255,1047.607,478.840
2469,64,255,1099.812,477.828
2470,70,255,1439.857,480.471
2471,76,255,1282.895,479.434
2472,114,255,106.360,484.526
2473,33,255,1218.045,479.409
2474,65,255,1584.300,479.931
2475,68,255,198.015,481.250
2476,39,255,369.756,479.577
2477,55,255,485.209,480.809
2478,115,255,933.317,484.674
2479,53,255,970.311,481.500
2480,72,255,984.847,480.653
2481,37,255,171.176,481.878
2482,73,255,307.253,483.158
2483,107,255,354.687,483.369
2484,106,255,387.651,483.792
2485,86,255,599.116,482.826
2486,64,255,791.609,482.750
2487,70,255,846.286,482.471
2488,59,255,1385.822,483.280
2489,56,255,1558.607,482.607
2490,67,255,85.351,483.634
2491,41,255,288.354,482.402
2492,21,255,561.595,481.976
2493,201,255,668.470,487.231
2494,53,255,1427.368,483.142
2495,59,255,1520.890,483.669
2496,179,255,215.690,486.846
2497,103,255,329.141,485.850
2498,110,255,570.936,486.709
2499,45,255,834.478,484.211
2500,75,255,1476.580,483.993
2501,68,255,400.088,486.103
2502,61,255,412.877,484.615
2503,73,255,498.514,486.815
2504,56,255,768.000,485.089
2505,120,255,885.392,488.300
2506,82,255,1091.061,486.427
2507,79,255,1136.880,486.133
2508,28,255,1530.179,484.071
2509,22,255,243.182,485.091
2510,62,255,479.048,486.548
2511,62,255,733.790,486.758
2512,77,255,779.708,487.019
2513,104,255,817.135,487.250
2514,63,255,899.341,486.452
2515,57,255,1110.149,485.711
2516,90,255,1226.556,487.644
2517,118,255,1457.729,491.051
2518,45,255,134.611,487.878
2519,37,255,280.257,487.365
2520,91,255,551.258,488.335
2521,76,255,1187.947,487.750
2522,79,255,1268.222,488.804
2523,71,255,1444.768,488.838
2524,46,255,8.109,488.239
2525,89,255,60.803,489.264
2526,35,255,162.100,486.986
2527,25,255,367.140,486.500
2528,105,255,634.357,489.357
2529,60,255,1035.467,488.100
2530,89,255,1165.882,488.691
2531,86,255,1369.698,488.791
2532,42,255,1508.643,488.167
2533,88,255,266.989,490.068
2534,79,255,449.589,490.690
2535,75,255,1145.193,490.593
2536,140,255,1238.000,494.193
2537,66,255,31.985,490.106
2538,139,255,184.270,492.874
2539,163,255,619.525,494.390
2540,111,255,967.761,494.860
2541,92,255,1330.174,491.522
2542,56,255,115.589,491.071
2543,76,255,1480.145,492.158
2544,63,255,1531.548,491.611
2545,89,255,85.039,495.657
2546,110,255,647.073,494.482
2547,112,255,1407.455,493.402
2548,32,255,507.969,491.594
2549,92,255,528.446,493.804
2550,117,255,687.500,495.098
2551,54,255,980.963,492.667
2552,47,255,1517.245,492.287
2553,42,255,19.667,493.548
2554,22,255,320.227,492.591
2555,158,255,952.361,496.101
2556,167,255,1067.081,498.602
2557,66,255,1392.182,494.167
2558,154,255,1558.903,495.279
2559,50,255,165.660,495.240
2560,94,255,308.277,495.681
2561,89,255,362.365,495.736
2562,121,255,719.393,496.971
2563,136,255,1010.191,498.088
2564,34,255,1419.412,495.000
2565,58,255,141.052,497.190
2566,40,255,462.075,496.575
2567,64,255,473.297,496.078
2568,191,255,916.568,499.615
2569,60,255,1250.500,496.000
2570,76,255,1085.263,497.974
2571,183,255,1431.036,502.260
2572,144,255,1494.632,500.847
2573,120,255,1584.542,498.167
2574,72,255,232.236,498.375
2575,72,255,541.361,499.000
2576,142,255,1027.479,499.430
2577,113,255,1049.757,500.155
2578,21,255,1194.643,496.643
2579,80,255,1333.975,499.525
2580,60,255,132.967,499.050
2581,89,255,1305.522,500.444
2582,84,255,243.369,501.738
2583,55,255,252.045,500.336
2584,133,255,983.462,503.515
2585,98,255,1160.061,501.561
2586,29,255,1358.086,499.500
2587,124,255,700.411,502.137
2588,119,255,855.761,502.197
2589,52,255,418.692,502.173
2590,80,255,435.337,502.925
2591,46,255,521.565,502.196
2592,47,255,752.947,501.649
2593,130,255,773.254,504.654
2594,66,255,1320.030,503.152
2595,56,255,7.000,503.500
2596,157,255,269.016,505.334
2597,77,255,291.045,503.539
2598,97,255,451.861,504.686
2599,112,255,828.098,504.330
2600,95,255,1203.911,504.858
2601,40,255,1373.900,502.475
2602,86,255,580.756,505.360
2603,110,255,1139.527,506.582
2604,48,255,1283.729,503.375
2605,102,255,61.490,508.676
2606,151,255,90.533,507.493
2607,50,255,196.500,505.580
2608,106,255,800.462,507.443
2609,59,255,941.500,504.737
2610,125,255,1513.060,507.460
2611,90,255,122.500,508.000
2612,140,255,869.607,510.357
2613,96,255,33.823,508.135
2614,69,255,104.384,509.993
2615,96,255,340.771,507.958
2616,114,255,372.833,508.754
2617,71,255,594.824,507.894
2618,79,255,1402.741,507.905
2619,133,255,158.929,512.417
2620,63,255,326.071,509.278
2621,48,255,406.062,508.000
2622,49,255,606.173,507.724
2623,35,255,962.929,507.214
2624,71,255,1088.148,508.345
2625,163,255,1117.371,511.635
2626,81,255,480.228,510.537
2627,71,255,312.430,510.317
2628,122,255,557.828,511.959
2629,170,255,842.712,514.594
2630,114,255,1272.667,513.114
2631,35,255,1356.843,509.614
2632,175,255,1383.237,513.860
2633,92,255,47.000,513.815
2634,79,255,139.943,511.411
2635,80,255,492.600,511.637
2636,31,255,1243.306,509.855
2637,80,255,1548.575,512.362
2638,134,255,739.701,514.425
2639,184,255,761.913,517.005
2640,125,255,1051.436,515.404
2641,68,255,1166.809,512.426
2642,55,255,1284.918,512.318
2643,75,255,24.500,514.660
2644,116,255,220.509,513.578
2645,47,255,635.649,511.989
2646,181,255,1020.787,515.959
2647,157,255,1175.952,516.965
2648,99,255,1194.874,515.096
2649,30,255,1313.467,511.800
2650,93,255,1526.156,515.059
2651,33,255,587.561,513.530
2652,82,255,881.744,515.634
2653,107,255,940.145,516.136
2654,46,255,1218.304,513.304
2655,77,255,1296.825,516.175
2656,28,255,1422.786,512.429
2657,93,255,1560.898,516.285
2658,48,255,10.375,514.646
2659,43,255,205.709,515.198
2660,116,255,432.095,516.741
2661,113,255,1098.659,516.836
2662,111,255,1343.509,517.968
2663,78,255,193.487,517.564
2664,140,255,523.293,518.157
2665,88,255,1458.182,517.761
2666,30,255,170.600,516.367
2667,157,255,413.844,519.188
2668,65,255,454.192,518.377
2669,136,255,706.338,520.022
2670,120,255,916.983,519.792
2671,39,255,1306.115,518.090
2672,112,255,795.946,519.607
2673,55,255,122.700,519.245
2674,97,255,272.655,519.964
2675,151,255,287.877,520.738
2676,68,255,350.338,520.162
2677,27,255,690.093,517.574
2678,98,255,967.765,519.847
2679,28,255,1059.500,518.393
2680,111,255,1228.878,521.131
2681,88,255,1409.216,520.614
2682,69,255,1491.370,520.065
2683,32,255,1589.844,518.031
2684,112,255,335.018,523.071
2685,99,255,982.571,522.480
2686,59,255,73.619,521.534
2687,67,255,105.291,521.381
2688,52,255,227.865,521.135
2689,42,255,571.643,520.429
2690,82,255,637.280,521.500
2691,89,255,650.365,522.882
2692,40,255,674.600,521.050
2693,91,255,1213.511,522.192
2694,70,255,580.329,522.843
2695,55,255,602.245,522.300
2696,58,255,1150.586,522.190
2697,84,255,1431.405,523.107
2698,50,255,9.540,523.320
2699,168,255,899.321,525.607
2700,81,255,1569.401,526.006
2701,38,255,65.921,524.368
2702,55,255,177.645,524.936
2703,123,255,260.728,526.313
2704,63,255,663.294,525.738
2705,118,255,776.661,525.915
2706,47,255,1105.074,525.436
2707,103,255,1320.335,525.209
2708,90,255,1362.811,525.633
2709,66,255,312.439,525.470
2710,71,255,812.232,526.542
2711,69,255,1200.645,525.775
2712,129,255,1473.260,527.120
2713,27,255,1.389,527.130
2714,111,255,217.581,528.374
2715,86,255,1518.988,527.860
2716,47,255,165.032,526.670
2717,111,255,357.806,529.797
2718,56,255,822.643,527.393
2719,42,255,747.000,527.690
2720,70,255,1381.757,528.629
2721,88,255,80.409,531.386
2722,20,255,242.750,527.550
2723,46,255,324.130,529.630
2724,179,255,492.120,532.148
2725,203,255,563.682,533.254
2726,47,255,925.798,529.053
2727,146,255,1069.747,532.137
2728,30,255,1299.800,527.767
2729,45,255,121.300,529.944
2730,30,255,401.000,529.500
2731,77,255,624.682,531.123
2732,109,255,1389.674,533.904
2733,55,255,1286.282,531.082
2734,104,255,1490.058,532.750
2735,139,255,1535.788,532.745
2736,59,255,1578.975,531.432
2737,124,255,43.798,535.903
2738,70,255,98.500,533.000
2739,57,255,733.447,531.956
2740,102,255,1190.569,533.882
2741,94,255,186.351,535.085
2742,100,255,439.550,535.110
2743,124,255,470.661,535.548
2744,149,255,597.614,536.977
2745,57,255,834.482,534.465
2746,40,255,969.950,532.250
2747,95,255,998.089,533.626
2748,66,255,1340.106,534.061
2749,77,255,1436.656,534.396
2750,58,255,520.845,533.328
2751,60,255,669.100,534.133
2752,135,255,705.456,536.833
2753,54,255,1049.019,533.870
2754,92,255,1321.728,535.793
2755,68,255,1365.647,535.324
2756,88,255,1503.239,535.443
2757,42,255,15.405,535.024
2758,127,255,62.744,538.114
2759,121,255,387.087,538.864
2760,78,255,816.231,536.410
2761,48,255,884.146,534.688
2762,110,255,1117.727,537.609
2763,77,255,457.786,537.409
2764,119,255,689.416,538.685
2765,132,255,862.629,537.485
2766,121,255,984.434,538.409
2767,32,255,1056.594,535.688
2768,130,255,1225.908,538.985
2769,158,255,1253.823,538.487
2770,92,255,1276.424,538.609
2771,24,255,1293.042,535.250
2772,127,255,410.280,539.736
2773,82,255,584.073,537.902
2774,50,255,953.800,537.620
2775,85,255,1010.147,538.629
2776,65,255,1024.177,537.638
2777,130,255,1136.923,539.162
2778,126,255,1210.032,539.151
2779,90,255,1407.433,538.144
2780,78,255,145.000,539.654
2781,139,255,792.371,542.241
2782,23,255,934.065,538.239
2783,87,255,1463.259,541.408
2784,109,255,85.261,542.234
2785,106,255,173.896,542.472
2786,64,255,961.656,541.188
2787,24,255,1584.292,539.250
2788,93,255,30.231,544.296
2789,25,255,430.300,540.260
2790,20,255,543.950,540.250
2791,126,255,1028.921,545.095
2792,107,255,1171.407,542.463
2793,89,255,1548.725,542.669
2794,106,255,119.783,543.840
2795,91,255,160.753,544.885
2796,74,255,311.095,542.919
2797,107,255,526.696,543.771
2798,115,255,617.665,543.996
2799,54,255,630.963,543.648
2800,91,255,203.555,544.016
2801,36,255,296.333,543.056
2802,80,255,500.812,544.013
2803,43,255,557.291,542.640
2804,80,255,670.163,544.513
2805,82,255,943.476,544.878
2806,70,255,1148.614,544.500
2807,75,255,1336.033,544.740
2808,89,255,1525.657,544.725
2809,93,255,269.005,545.446
2810,118,255,900.390,547.483
2811,78,255,1078.103,545.718
2812,104,255,1090.673,547.308
2813,90,255,1103.711,546.178
2814,83,255,1283.452,547.584
2815,72,255,333.208,545.583
2816,86,255,639.698,546.198
2817,43,255,655.221,545.430
2818,68,255,728.529,545.559
2819,66,255,1310.788,545.788
2820,22,255,1568.864,543.682
2821,33,255,1.803,547.136
2822,75,255,17.113,546.700
2823,129,255,769.477,548.864
2824,98,255,840.010,546.490
2825,48,255,911.562,546.521
2826,92,255,1047.370,546.685
2827,133,255,230.447,549.282
2828,84,255,926.179,548.095
2829,66,255,1361.288,548.167
2830,77,255,1399.149,547.942
2831,29,255,1262.707,547.017
2832,178,255,1448.062,551.197
2833,74,255,145.338,549.311
2834,75,255,380.207,550.140
2835,141,255,421.862,553.911
2836,88,255,685.193,550.114
2837,27,255,712.315,548.093
2838,59,255,953.449,548.703
2839,86,255,1474.058,550.570
2840,32,255,1574.656,547.875
2841,71,255,1582.500,550.683
2842,68,255,1593.941,550.691
2843,141,255,188.209,552.337
2844,118,255,743.864,551.703
2845,35,255,1430.129,550.500
2846,90,255,284.000,552.611
2847,71,255,549.838,551.331
2848,138,255,809.928,554.159
2849,94,255,257.085,554.064
2850,74,255,355.635,553.338
2851,49,255,1116.500,551.500
2852,135,255,1416.967,554.389
2853,152,255,45.507,555.178
2854,108,255,826.981,556.009
2855,81,255,855.796,553.735
2856,105,255,1155.967,554.814
2857,74,255,1234.892,554.108
2858,36,255,212.111,553.361
2859,27,255,294.944,553.648
2860,78,255,722.538,555.897
2861,64,255,1171.406,553.422
2862,103,255,504.461,556.354
2863,75,255,705.580,555.833
2864,119,255,985.273,557.727
2865,73,255,1488.856,556.705
2866,110,255,202.518,558.036
2867,25,255,1033.180,555.140
2868,119,255,101.710,559.550
2869,40,255,138.100,556.950
2870,68,255,266.794,556.941
2871,75,255,408.367,558.060
2872,86,255,1007.465,557.453
2873,72,255,1307.792,557.375
2874,75,255,116.313,559.753
2875,82,255,128.000,559.244
2876,123,255,327.931,561.817
2877,174,255,650.736,563.207
2878,93,255,1334.156,560.339
2879,96,255,1500.812,559.323
2880,132,255,1540.220,562.348
2881,114,255,234.079,561.114
2882,89,255,348.219,561.904
2883,89,255,460.635,561.073
2884,137,255,489.369,563.120
2885,65,255,552.915,559.331
2886,33,255,584.773,558.348
2887,68,255,756.294,561.191
2888,108,255,907.833,562.056
2889,101,255,951.520,560.985
2890,110,255,1359.709,563.218
2891,36,255,432.528,561.111
2892,120,255,445.233,565.075
2893,94,255,853.489,562.862
2894,37,255,1556.365,561.905
2895,190,255,372.816,566.026
2896,27,255,834.981,561.907
2897,77,255,1382.214,564.084
2898,98,255,63.867,566.133
2899,74,255,304.757,565.392
2900,109,255,879.812,565.885
2901,92,255,1289.674,565.022
2902,85,255,1392.441,566.488
2903,122,255,28.336,567.574
2904,44,255,90.500,565.705
2905,139,255,522.867,569.435
2906,105,255,539.986,568.376
2907,124,255,1180.516,566.984
2908,156,255,1245.686,569.686
2909,46,255,135.739,566.261
2910,63,255,187.690,566.214
2911,90,255,1161.878,567.644
2912,49,255,1276.704,567.031
2913,154,255,1442.045,569.734
2914,62,255,74.032,569.161
2915,155,255,389.532,570.603
2916,57,255,699.360,567.096
2917,49,255,774.724,566.133
2918,23,255,819.283,565.370
2919,63,255,1198.452,567.024
2920,101,255,1223.837,570.025
2921,119,255,1502.038,568.618
2922,53,255,581.142,568.179
2923,126,255,943.262,570.079
2924,106,255,1112.472,570.434
2925,22,255,1571.136,567.000
2926,78,255,161.090,570.295
2927,121,255,268.682,571.674
2928,120,255,418.550,571.300
2929,45,255,590.922,570.011
2930,64,255,662.969,572.609
2931,56,255,920.839,569.500
2932,104,255,1346.346,572.010
2933,60,255,1516.900,570.417
2934,90,255,686.844,571.933
2935,84,255,1013.845,572.440
2936,37,255,1085.581,570.041
2937,78,255,84.000,574.705
2938,48,255,119.354,572.688
2939,96,255,862.781,572.771
2940,104,255,984.683,573.433
2941,66,255,1000.530,572.470
2942,50,255,1210.340,572.420
2943,127,255,47.114,574.004
2944,68,255,202.603,573.765
2945,92,255,338.913,574.065
2946,49,255,564.296,572.276
2947,88,255,610.011,573.409
2948,99,255,640.460,574.641
2949,70,255,799.743,573.014
2950,88,255,828.170,574.227
2951,42,255,1283.905,572.976
2952,92,255,1363.457,575.576
2953,112,255,296.196,576.009
2954,97,255,429.046,578.077
2955,79,255,777.804,573.842
2956,53,255,813.047,574.292
2957,106,255,1059.283,578.509
2958,219,255,1467.103,580.349
2959,111,255,1524.248,576.473
2960,78,255,1551.500,575.000
2961,87,255,248.787,575.040
2962,86,255,552.988,576.709
2963,110,255,732.555,576.864
2964,44,255,1133.886,574.750
2965,116,255,1485.897,577.069
2966,64,255,905.984,576.312
2967,23,255,1183.457,574.587
2968,72,255,1195.625,576.278
2969,66,255,1588.439,577.182
2970,26,255,94.692,576.308
2971,101,255,700.223,578.728
2972,81,255,843.056,578.228
2973,125,255,1413.316,579.220
2974,86,255,1235.500,580.337
2975,73,255,125.993,580.568
2976,126,255,480.651,581.802
2977,43,255,502.570,578.919
2978,79,255,582.234,579.259
2979,58,255,670.776,579.845
2980,117,255,1025.158,581.628
2981,79,255,1071.956,580.487
2982,114,255,1267.640,583.737
2983,113,255,1319.137,580.217
2984,119,255,1396.592,581.887
2985,92,255,169.478,581.185
2986,34,255,678.794,580.265
2987,24,255,1141.375,578.708
2988,85,255,279.524,582.912
2989,119,255,446.374,583.887
2990,178,255,460.820,586.522
2991,95,255,936.174,582.468
2992,125,255,977.132,586.572
2993,116,255,109.828,583.948
2994,98,255,236.378,584.082
2995,147,255,349.684,583.942
2996,44,255,401.773,581.932
2997,65,255,545.300,582.992
2998,52,255,915.962,582.288
2999,65,255,1007.408,581.177
3000,37,255,1037.203,581.932
3001,128,255,1580.164,585.617
3002,62,255,762.919,583.210
3003,110,255,885.982,584.082
3004,64,255,1045.922,584.047
3005,46,255,1172.174,583.261
3006,85,255,7.253,586.559
3007,51,255,247.618,584.147
3008,65,255,256.915,585.592
3009,62,255,307.726,584.710
3010,57,255,776.535,584.167
3011,85,255,807.700,584.453
3012,106,255,1154.066,585.821
3013,75,255,1451.527,586.873
3014,45,255,318.078,584.967
3015,187,255,951.457,589.644
3016,135,255,1080.981,589.537
3017,101,255,1138.955,586.233
3018,60,255,1221.350,586.483
3019,158,255,217.481,588.222
3020,157,255,269.054,592.175
3021,25,255,656.900,584.460
3022,55,255,787.500,585.573
3023,101,255,745.965,588.134
3024,83,255,1499.608,586.825
3025,88,255,827.295,590.614
3026,95,255,1281.089,588.911
3027,123,255,24.541,591.354
3028,21,255,497.452,587.690
3029,76,255,509.461,590.447
3030,32,255,589.938,588.094
3031,83,255,1105.343,590.343
3032,77,255,1562.851,590.032
3033,111,255,386.239,590.716
3034,85,255,524.829,592.735
3035,123,255,607.102,592.858
3036,22,255,817.364,589.273
3037,89,255,866.466,592.073
3038,69,255,1425.529,592.688
3039,93,255,184.532,593.855
3040,49,255,1320.847,591.990
3041,129,255,1378.353,594.919
3042,56,255,1516.268,591.357
3043,68,255,1528.603,592.088
3044,76,255,172.316,592.724
3045,79,255,325.462,593.209
3046,76,255,621.934,592.974
3047,42,255,764.833,591.071
3048,80,255,1005.550,593.750
3049,61,255,1188.926,592.516
3050,73,255,1306.322,592.870
3051,121,255,51.244,595.467
3052,59,255,569.669,593.127
3053,60,255,910.850,594.550
3054,49,255,1070.296,593.561
3055,22,255,664.364,593.045
3056,137,255,1018.164,595.310
3057,55,255,1033.500,595.645
3058,109,255,1350.151,596.225
3059,70,255,142.171,594.957
3060,115,255,200.874,597.535
3061,76,255,310.053,595.803
3062,50,255,406.180,594.480
3063,92,255,553.543,595.663
3064,39,255,1215.090,594.500
3065,99,255,106.298,596.914
3066,74,255,230.797,597.541
3067,92,255,363.185,596.337
3068,100,255,533.440,597.880
3069,92,255,629.033,599.391
3070,68,255,1113.206,596.529
3071,82,255,1195.939,598.134
3072,43,255,1296.826,596.314
3073,27,255,1392.500,594.574
3074,148,255,1480.189,598.020
3075,67,255,1596.590,597.604
3076,107,255,348.014,598.734
3077,83,255,1043.114,597.187
3078,101,255,1172.035,598.074
3079,83,255,493.464,598.367
3080,102,255,712.471,599.088
3081,113,255,734.854,600.544
3082,73,255,1335.199,599.651
3083,80,255,1581.125,599.962
3084,72,255,701.375,600.972
3085,62,255,878.532,598.952
3086,70,255,925.029,600.186
3087,78,255,330.462,601.449
3088,244,255,418.020,604.680
3089,54,255,586.611,600.500
3090,135,255,684.181,603.537
3091,60,255,980.417,599.600
3092,70,255,1324.543,602.671
3093,98,255,1540.408,603.388
3094,43,255,1550.198,600.616
3095,92,255,93.000,602.891
3096,69,255,222.123,602.920
3097,163,255,441.193,606.304
3098,77,255,657.344,601.123
3099,54,255,1285.981,600.889
3100,120,255,64.750,605.333
3101,73,255,747.308,602.500
3102,158,255,795.519,606.627
3103,65,255,840.346,603.177
3104,78,255,1361.500,603.923
3105,215,255,151.453,609.914
3106,105,255,169.976,604.738
3107,23,255,769.370,602.891
3108,74,255,1072.959,604.689
3109,117,255,1393.389,606.543
3110,69,255,1497.428,604.804
3111,81,255,82.981,607.352
3112,30,255,211.300,604.533
3113,22,255,372.636,603.955
3114,64,255,454.953,605.625
3115,70,255,811.929,605.757
3116,103,255,1099.597,607.675
3117,54,255,1132.111,604.667
3118,79,255,1308.234,605.930
3119,61,255,1519.139,605.549
3120,117,255,277.996,609.021
3121,20,255,617.200,605.000
3122,45,255,10.500,606.500
3123,123,255,32.110,608.215
3124,83,255,247.873,607.536
3125,113,255,553.827,609.128
3126,87,255,780.684,609.075
3127,67,255,1256.739,608.291
3128,139,255,1413.270,609.594
3129,94,255,259.128,611.543
3130,58,255,359.879,608.741
3131,70,255,492.800,608.114
3132,56,255,510.375,607.000
3133,88,255,574.000,610.091
3134,80,255,1090.000,609.562
3135,34,255,1426.971,607.147
3136,71,255,542.218,610.838
3137,113,255,1036.049,611.288
3138,81,255,1181.191,610.796
3139,29,255,1511.845,607.776
3140,48,255,1550.938,609.208
3141,43,255,45.151,611.081
3142,72,255,333.083,610.806
3143,72,255,727.181,611.597
3144,63,255,850.548,610.151
3145,144,255,940.056,613.458
3146,81,255,988.636,609.414
3147,45,255,1011.189,609.544
3148,78,255,1231.397,611.308
3149,114,255,1367.982,612.965
3150,82,255,289.024,613.000
3151,48,255,831.833,611.500
3152,134,255,895.694,614.493
3153,47,255,919.287,610.798
3154,62,255,1593.629,611.435
3155,71,255,133.500,612.655
3156,88,255,869.125,613.170
3157,91,255,1206.126,613.610
3158,120,255,189.708,616.333
3159,92,255,301.174,615.424
3160,114,255,961.912,616.009
3161,143,255,1054.885,614.052
3162,55,255,1125.682,614.445
3163,57,255,1241.272,613.079
3164,131,255,348.660,617.363
3165,119,255,386.063,616.147
3166,65,255,584.854,614.792
3167,124,255,663.984,616.218
3168,51,255,1137.127,614.147
3169,61,255,1191.500,614.467
3170,85,255,1216.782,617.171
3171,94,255,1296.755,615.851
3172,90,255,1570.000,615.611
3173,76,255,401.250,616.592
3174,67,255,879.694,615.888
3175,82,255,1494.939,615.537
3176,81,255,912.685,617.870
3177,57,255,1021.991,616.886
3178,82,255,1508.122,617.232
3179,200,255,121.680,621.835
3180,63,255,203.611,617.119
3181,39,255,460.936,617.064
3182,132,255,772.697,621.068
3183,157,255,841.322,622.354
3184,65,255,925.715,619.715
3185,126,255,1337.690,618.905
3186,52,255,453.538,618.577
3187,69,255,527.630,618.804
3188,55,255,1387.191,618.064
3189,55,255,10.336,620.082
3190,100,255,679.540,620.500
3191,93,255,813.081,619.425
3192,76,255,1247.855,620.684
3193,47,255,493.755,619.904
3194,64,255,1429.234,620.703
3195,33,255,41.621,621.197
3196,97,255,105.562,623.325
3197,89,255,170.702,622.938
3198,90,255,309.811,623.544
3199,133,255,502.026,625.102
3200,132,255,599.083,624.197
3201,126,255,980.675,623.984
3202,93,255,1272.737,623.005
3203,108,255,1527.667,622.796
3204,30,255,1597.300,620.133
3205,137,255,85.661,626.391
3206,30,255,420.900,621.900
3207,77,255,483.344,623.344
3208,41,255,611.305,621.378
3209,97,255,651.242,623.325
3210,106,255,702.925,622.500
3211,72,255,1230.056,622.528
3212,86,255,232.035,625.209
3213,82,255,436.329,625.415
3214,30,255,854.667,623.067
3215,87,255,29.121,625.684
3216,59,255,243.449,624.110
3217,68,255,474.132,625.397
3218,30,255,1301.700,623.233
3219,56,255,1313.054,624.107
3220,103,255,1400.083,626.248
3221,87,255,571.328,627.730
3222,48,255,1015.750,624.500
3223,173,255,1055.379,631.737
3224,100,255,1417.440,626.010
3225,84,255,158.845,628.131
3226,32,255,327.312,625.031
3227,82,255,953.598,626.378
3228,119,255,1136.197,630.055
3229,86,255,1154.244,627.163
3230,73,255,1197.856,626.651
3231,23,255,1473.891,624.717
3232,139,255,369.435,630.378
3233,50,255,409.100,626.320
3234,20,255,690.900,625.900
3235,80,255,1096.862,627.825
3236,78,255,1183.590,628.692
3237,63,255,624.579,628.659
3238,92,255,934.228,629.815
3239,109,255,1492.353,631.014
3240,74,255,273.041,629.716
3241,111,255,342.644,631.356
3242,121,255,548.665,631.517
3243,20,255,1321.950,627.450
3244,74,255,1358.703,629.378
3245,155,255,460.184,633.055
3246,74,255,583.811,632.162
3247,37,255,740.932,629.419
3248,52,255,809.077,630.635
3249,98,255,912.337,631.388
3250,116,255,134.793,633.724
3251,67,255,181.828,632.306
3252,130,255,388.369,634.477
3253,75,255,1391.220,632.367
3254,76,255,732.408,633.197
3255,183,255,750.582,638.418
3256,67,255,832.575,632.604
3257,69,255,1087.848,634.312
3258,104,255,61.779,633.625
3259,144,255,206.535,636.146
3260,56,255,484.696,632.446
3261,112,255,879.625,635.071
3262,110,255,1030.618,634.827
3263,81,255,1109.858,633.154
3264,28,255,1234.500,632.214
3265,21,255,5.262,633.310
3266,29,255,172.362,633.603
3267,60,255,703.467,634.133
3268,30,255,1225.767,632.733
3269,87,255,1551.109,636.339
3270,88,255,16.409,635.909
3271,80,255,325.613,635.638
3272,30,255,421.333,634.767
3273,34,255,692.765,634.618
3274,47,255,769.436,635.670
3275,153,255,987.637,640.199
3276,67,255,1066.694,636.843
3277,70,255,1215.543,636.114
3278,76,255,1267.605,635.132
3279,50,255,1312.280,634.680
3280,93,255,1377.242,637.048
3281,25,255,1437.100,633.100
3282,99,255,782.702,638.066
3283,36,255,996.250,635.806
3284,75,255,1301.607,637.447
3285,53,255,1323.123,635.651
3286,31,255,237.661,635.952
3287,88,255,281.205,637.920
3288,120,255,310.492,640.858
3289,65,255,362.531,637.654
3290,48,255,414.792,637.208
3291,106,255,862.453,639.415
3292,29,255,1281.086,635.776
3293,78,255,1506.346,638.231
3294,126,255,1562.214,640.571
3295,89,255,33.478,640.073
3296,28,255,919.679,637.821
3297,116,255,1252.491,639.302
3298,63,255,1441.881,640.325
3299,113,255,565.465,642.438
3300,73,255,799.610,639.103
3301,175,255,1011.671,644.586
3302,101,255,1167.381,643.045
3303,94,255,1188.926,641.628
3304,51,255,1459.657,639.520
3305,90,255,1515.422,643.333
3306,82,255,264.329,642.329
3307,111,255,510.392,643.122
3308,45,255,655.700,640.256
3309,122,255,1419.656,643.221
3310,37,255,116.068,641.284
3311,71,255,220.796,642.599
3312,102,255,443.745,642.490
3313,41,255,720.159,642.085
3314,36,255,729.139,641.583
3315,105,255,1122.481,644.510
3316,94,255,1271.670,644.851
3317,34,255,576.618,642.618
3318,76,255,966.737,643.053
3319,127,255,1358.272,645.177
3320,60,255,1389.717,644.317
3321,32,255,1.906,644.750
3322,71,255,496.331,644.134
3323,119,255,836.458,645.651
3324,43,255,1145.267,646.407
3325,103,255,1238.976,645.976
3326,48,255,1401.375,645.083
3327,75,255,89.007,645.780
3328,26,255,164.000,643.500
3329,180,255,475.906,650.161
3330,90,255,702.956,645.533
3331,133,255,1076.019,647.643
3332,34,255,1111.618,645.059
3333,158,255,70.146,651.582
3334,96,255,193.042,647.406
3335,96,255,544.823,647.208
3336,63,255,609.230,645.437
3337,183,255,625.904,650.205
3338,72,255,642.500,646.639
3339,73,255,1027.692,645.870
3340,84,255,1101.905,647.488
3341,88,255,1583.034,647.011
3342,68,255,1156.221,647.971
3343,51,255,1342.167,647.696
3344,153,255,521.605,652.225
3345,116,255,1525.836,649.836
3346,78,255,112.962,650.000
3347,173,255,675.500,651.408
3348,80,255,879.263,650.112
3349,48,255,1494.083,650.042
3350,45,255,330.078,649.944
3351,85,255,458.676,649.888
3352,128,255,823.539,653.820
3353,70,255,1459.171,650.343
3354,71,255,8.613,654.021
3355,102,255,131.990,651.922
3356,118,255,367.915,652.085
3357,88,255,954.852,653.455
3358,110,255,1054.155,652.682
3359,84,255,1212.845,652.988
3360,96,255,1318.323,652.135
3361,57,255,1332.132,651.658
3362,70,255,1544.414,651.957
3363,78,255,34.987,652.244
3364,82,255,57.061,652.963
3365,48,255,967.688,651.938
3366,129,255,85.159,656.058
3367,110,255,165.945,654.927
3368,134,255,738.910,654.724
3369,67,255,802.246,652.739
3370,46,255,910.935,652.891
3371,56,255,928.018,652.357
3372,92,255,1555.098,657.293
3373,89,255,409.028,655.006
3374,104,255,588.058,655.500
3375,76,255,943.276,655.118
3376,122,255,984.352,655.238
3377,48,255,1197.208,653.938
3378,27,255,336.019,655.537
3379,56,255,1350.446,655.786
3380,51,255,1449.186,656.343
3381,21,255,574.500,655.500
3382,114,255,775.746,658.544
3383,60,255,1123.583,657.650
3384,81,255,1260.648,658.043
3385,87,255,1306.132,658.891
3386,95,255,1384.616,657.384
3387,69,255,1434.790,657.659
3388,102,255,1472.382,659.980
3389,59,255,146.144,657.771
3390,108,255,271.269,659.352
3391,87,255,361.201,660.270
3392,71,255,564.514,658.106
3393,78,255,1575.000,659.551
3394,45,255,1592.056,658.233
3395,68,255,283.412,660.500
3396,103,255,198.180,661.471
3397,116,255,250.431,662.983
3398,114,255,322.553,663.684
3399,122,255,1032.664,661.951
3400,42,255,1172.762,659.929
3401,47,255,758.223,660.372
3402,61,255,1460.434,661.615
3403,68,255,1488.588,661.426
3404,128,255,1538.367,663.727
3405,46,255,430.696,661.543
3406,110,255,790.891,665.282
3407,59,255,994.280,663.602
3408,140,255,1104.014,665.079
3409,59,255,1186.500,663.093
3410,94,255,30.872,664.915
3411,49,255,214.071,663.316
3412,89,255,233.242,664.253
3413,29,255,291.741,662.121
3414,74,255,647.784,663.459
3415,92,255,1335.750,665.152
3416,80,255,109.175,665.400
3417,66,255,746.242,664.788
3418,98,255,881.327,664.092
3419,22,255,899.909,663.136
3420,98,255,910.459,665.490
3421,109,255,1016.995,666.500
3422,55,255,1597.518,666.318
3423,114,255,507.746,666.193
3424,30,255,768.600,664.600
3425,105,255,835.719,665.871
3426,74,255,1216.270,666.027
3427,62,255,1271.274,665.452
3428,51,255,1294.951,666.363
3429,81,255,1349.290,665.562
3430,72,255,1366.278,665.861
3431,129,255,1563.376,668.903
3432,51,255,526.147,666.245
3433,84,255,672.548,666.524
3434,95,255,701.111,667.826
3435,45,255,949.989,666.056
3436,79,255,1124.095,667.057
3437,52,255,1203.750,665.846
3438,68,255,1287.162,666.956
3439,63,255,1416.262,666.802
3440,76,255,261.882,668.934
3441,174,255,301.454,670.931
3442,115,255,470.674,668.291
3443,118,255,1396.331,670.102
3444,70,255,1509.186,667.300
3445,101,255,44.183,669.926
3446,85,255,332.524,671.453
3447,42,255,410.571,667.548
3448,96,255,434.021,670.979
3449,107,255,608.210,669.921
3450,132,255,627.242,671.091
3451,115,255,1077.830,668.483
3452,135,255,552.204,672.893
3453,46,255,683.674,671.065
3454,124,255,713.855,672.460
3455,59,255,799.212,670.229
3456,95,255,1430.311,672.111
3457,78,255,346.218,670.603
3458,33,255,1141.076,669.076
3459,37,255,1531.122,669.878
3460,100,255,160.550,672.600
3461,98,255,186.571,673.429
3462,79,255,381.538,672.399
3463,22,255,844.591,670.273
3464,97,255,1062.026,672.675
3465,63,255,129.024,672.563
3466,47,255,691.394,672.223
3467,36,255,725.472,671.583
3468,138,255,869.623,676.036
3469,91,255,895.302,673.379
3470,70,255,980.457,673.086
3471,70,255,1499.614,673.943
3472,78,255,75.141,674.795
3473,46,255,140.043,673.587
3474,46,255,395.630,672.413
3475,113,255,928.181,673.500
3476,82,255,1229.244,673.390
3477,57,255,521.325,674.623
3478,55,255,1260.209,675.245
3479,149,255,1315.674,678.930
3480,67,255,1468.351,674.799
3481,37,255,88.851,673.905
3482,158,255,942.589,680.570
3483,22,255,1099.409,673.591
3484,41,255,1334.012,674.720
3485,45,255,583.967,676.700
3486,108,255,966.537,678.148
3487,96,255,1036.885,677.125
3488,28,255,1160.571,675.036
3489,92,255,1184.120,678.098
3490,90,255,1376.444,679.011
3491,87,255,208.293,678.983
3492,120,255,276.242,679.200
3493,25,255,415.580,675.420
3494,83,255,489.741,678.066
3495,111,255,853.410,679.473
3496,75,255,14.513,679.020
3497,66,255,66.076,680.015
3498,84,255,475.190,679.607
3499,34,255,830.500,677.235
3500,80,255,1152.475,679.000
3501,53,255,1518.311,678.594
3502,100,255,225.490,681.460
3503,65,255,319.515,679.054
3504,46,255,448.587,678.870
3505,101,255,500.619,683.064
3506,42,255,639.857,677.857
3507,59,255,658.636,678.941
3508,62,255,675.694,678.742
3509,124,255,1058.266,680.952
3510,93,255,1291.231,680.027
3511,45,255,1354.011,679.833
3512,97,255,1549.820,681.170
3513,64,255,26.281,680.594
3514,77,255,533.942,680.526
3515,127,255,1125.902,681.736
3516,83,255,1401.235,680.524
3517,27,255,101.907,680.981
3518,115,255,362.439,681.717
3519,67,255,784.351,680.978
3520,69,255,1197.123,681.732
3521,108,255,1362.500,683.556
3522,56,255,87.982,681.232
3523,94,255,293.149,683.138
3524,24,255,462.792,681.000
3525,57,255,513.886,683.079
3526,59,255,769.856,681.076
3527,42,255,1252.500,682.405
3528,90,255,1566.444,683.933
3529,86,255,153.686,684.244
3530,63,255,389.960,682.183
3531,75,255,616.167,684.140
3532,50,255,646.940,682.140
3533,99,255,757.500,685.540
3534,50,255,1088.500,683.260
3535,157,255,260.430,686.895
3536,142,255,743.303,689.056
3537,135,255,237.078,688.130
3538,99,255,400.167,687.803
3539,99,255,567.338,686.157
3540,78,255,602.256,686.500
3541,88,255,1174.159,686.466
3542,40,255,978.875,684.775
3543,137,255,1140.704,689.755
3544,91,255,1227.533,686.522
3545,84,255,1451.024,687.333
3546,63,255,281.468,687.040
3547,101,255,309.748,688.985
3548,156,255,832.167,688.994
3549,75,255,1023.060,689.420
3550,50,255,1078.120,686.600
3551,33,255,1434.197,686.409
3552,112,255,37.464,690.893
3553,62,255,426.032,687.984
3554,41,255,587.085,691.329
3555,75,255,1243.940,690.193
3556,91,255,1299.258,690.764
3557,94,255,1592.713,689.457
3558,96,255,92.250,691.469
3559,88,255,177.295,690.659
3560,42,255,988.643,688.952
3561,108,255,1096.491,691.204
3562,66,255,1472.379,690.485
3563,98,255,135.500,692.429
3564,135,255,324.752,692.233
3565,68,255,774.544,689.926
3566,43,255,1005.616,689.942
3567,58,255,1383.897,691.828
3568,111,255,1424.572,695.068
3569,65,255,1485.777,690.608
3570,22,255,107.682,689.273
3571,20,255,1371.100,690.200
3572,65,255,1503.177,692.085
3573,74,255,653.757,692.257
3574,121,255,861.996,694.393
3575,99,255,891.136,692.753
3576,74,255,1415.230,692.932
3577,41,255,16.573,692.671
3578,56,255,472.500,692.500
3579,125,255,952.940,695.540
3580,117,255,1344.774,694.714
3581,35,255,1545.443,693.643
3582,61,255,67.451,695.910
3583,84,255,123.095,696.071
3584,93,255,484.586,696.156
3585,143,255,614.717,699.066
3586,78,255,640.603,696.846
3587,94,255,724.372,695.691
3588,111,255,808.023,696.869
3589,48,255,1050.000,694.500
3590,29,255,56.466,694.397
3591,93,255,446.403,696.962
3592,49,255,508.745,695.908
3593,141,255,671.294,699.252
3594,39,255,842.064,696.038
3595,90,255,873.633,698.000
3596,70,255,1263.157,696.429
3597,48,255,1281.833,695.979
3598,27,255,1307.056,695.574
3599,77,255,520.877,697.734
3600,95,255,557.574,697.174
3601,121,255,925.079,700.360
3602,49,255,1116.929,696.561
3603,62,255,1322.113,697.210
3604,63,255,1441.278,698.183
3605,140,255,346.800,699.293
3606,65,255,378.346,698.300
3607,52,255,532.077,699.058
3608,126,255,759.008,699.103
3609,87,255,986.557,698.557
3610,165,255,105.658,703.088
3611,56,255,282.643,698.429
3612,77,255,429.591,700.708
3613,74,255,546.041,699.689
3614,64,255,1028.109,698.438
3615,51,255,1361.088,698.500
3616,50,255,1481.740,699.460
3617,84,255,1557.917,699.083
3618,120,255,1586.292,701.000
3619,87,255,5.190,702.500
3620,44,255,60.023,700.295
3621,48,255,270.167,699.417
3622,93,255,366.769,701.962
3623,54,255,419.648,699.759
3624,79,255,599.272,700.880
3625,81,255,690.315,700.944
3626,87,255,781.040,700.454
3627,26,255,1183.923,700.769
3628,106,255,171.849,703.651
3629,67,255,222.216,702.530
3630,62,255,1085.613,701.903
3631,33,255,1233.682,700.712
3632,83,255,1393.608,702.584
3633,52,255,1567.481,701.596
3634,120,255,18.017,705.700
3635,142,255,1466.486,705.056
3636,80,255,1540.388,704.550
3637,73,255,398.349,705.075
3638,174,255,1002.695,707.092
3639,97,255,85.005,705.809
3640,36,255,160.889,705.806
3641,47,255,1039.436,704.117
3642,73,255,1073.473,706.404
3643,57,255,1102.307,705.289
3644,111,255,1152.455,707.032
3645,46,255,1281.478,705.261
3646,37,255,1490.365,704.257
3647,126,255,1514.873,710.222
3648,51,255,194.833,706.441
3649,180,255,291.194,709.767
3650,94,255,454.383,707.213
3651,68,255,515.632,707.309
3652,41,255,585.500,705.500
3653,60,255,643.750,705.900
3654,90,255,717.844,706.511
3655,97,255,797.995,707.531
3656,31,255,1241.210,704.855
3657,35,255,50.014,707.329
3658,94,255,433.840,708.883
3659,42,255,555.262,706.357
3660,83,255,569.114,708.717
3661,68,255,733.838,707.176
3662,143,255,383.213,710.080
3663,73,255,1053.363,707.555
3664,59,255,1114.568,708.364
3665,90,255,1296.733,709.733
3666,63,255,65.802,709.738
3667,59,255,233.449,709.127
3668,109,255,662.115,711.032
3669,66,255,213.530,710.303
3670,59,255,770.212,709.839
3671,68,255,147.309,712.132
3672,115,255,323.030,713.370
3673,52,255,420.077,711.000
3674,63,255,604.833,711.373
3675,156,255,851.532,713.538
3676,46,255,882.717,711.457
3677,88,255,942.273,712.068
3678,125,255,1165.948,713.596
3679,71,255,1377.472,712.613
3680,38,255,250.289,711.632
3681,56,255,579.857,713.625
3682,88,255,1347.102,713.295
3683,44,255,1571.000,711.705
3684,57,255,477.570,712.939
3685,47,255,811.543,712.585
3686,123,255,918.232,715.972
3687,35,255,984.900,712.471
3688,22,255,1318.000,711.000
3689,48,255,156.542,714.146
3690,125,255,753.620,715.940
3691,58,255,1123.448,713.707
3692,114,255,1438.851,715.553
3693,41,255,191.841,714.549
3694,164,255,306.341,719.896
3695,134,255,902.724,719.187
3696,149,255,974.607,719.433
3697,75,255,1220.207,715.607
3698,57,255,1237.079,716.009
3699,69,255,1265.630,715.428
3700,66,255,1327.136,717.318
3701,40,255,1385.950,717.675
3702,137,255,51.719,719.843
3703,97,255,106.706,718.603
3704,85,255,407.135,717.418
3705,87,255,611.546,718.764
3706,94,255,723.447,718.213
3707,61,255,799.041,716.287
3708,78,255,3.256,720.782
3709,171,255,126.073,720.026
3710,148,255,533.358,721.054
3711,121,255,184.517,721.029
3712,174,255,224.534,722.460
3713,165,255,254.258,723.318
3714,31,255,444.984,717.629
3715,30,255,524.233,718.733
3716,123,255,632.931,720.687
3717,74,255,935.446,720.635
3718,88,255,1085.182,720.011
3719,45,255,1304.033,718.678
3720,86,255,1336.756,721.733
3721,86,255,1405.919,720.198
3722,172,255,78.709,726.831
3723,69,255,167.659,721.645
3724,28,255,1133.000,719.964
3725,73,255,1207.719,721.829
3726,74,255,1429.216,722.446
3727,64,255,515.844,721.828
3728,144,255,1103.903,726.042
3729,82,255,1147.683,722.549
3730,187,255,1543.783,725.527
3731,46,255,1570.870,721.391
3732,34,255,379.206,722.235
3733,93,255,456.801,724.898
3734,81,255,566.253,723.562
3735,126,255,954.016,725.603
3736,129,255,1292.043,726.229
3737,25,255,1365.180,722.060
3738,40,255,1558.225,722.725
3739,32,255,618.438,723.125
3740,85,255,1029.712,724.747
3741,116,255,1257.560,725.612
3742,23,255,391.891,722.717
3743,43,255,445.477,724.081
3744,192,255,780.370,728.932
3745,40,255,1054.150,725.400
3746,56,255,827.286,725.911
3747,82,255,1043.232,727.220
3748,79,255,1355.373,726.715
3749,75,255,1487.607,726.207
3750,76,255,1510.145,727.105
3751,50,255,152.600,728.260
3752,64,255,430.688,727.422
3753,66,255,1219.409,726.682
3754,147,255,1449.684,730.357
3755,86,255,277.535,730.012
3756,76,255,355.816,729.039
3757,142,255,399.528,730.908
3758,142,255,471.775,731.803
3759,82,255,683.341,728.610
3760,40,255,729.575,728.150
3761,106,255,852.330,730.255
3762,36,255,1371.500,727.083
3763,104,255,1464.971,731.288
3764,47,255,139.457,728.798
3765,71,255,498.303,729.444
3766,94,255,749.543,730.596
3767,73,255,1136.842,729.240
3768,81,255,1186.451,729.327
3769,112,255,1399.098,731.518
3770,84,255,1525.167,731.310
3771,85,255,671.841,731.524
3772,113,255,705.774,731.447
3773,47,255,1169.755,729.840
3774,88,255,22.955,732.489
3775,143,255,37.808,735.570
3776,109,255,807.353,732.803
3777,81,255,891.327,731.549
3778,104,255,968.490,733.942
3779,108,255,1119.722,732.917
3780,20,255,1156.550,730.450
3781,41,255,1561.622,730.695
3782,117,255,343.483,734.799
3783,97,255,1477.139,734.438
3784,117,255,11.132,735.577
3785,152,255,559.704,736.316
3786,124,255,1571.702,737.177
3787,55,255,314.045,733.845
3788,76,255,422.618,734.539
3789,26,255,511.615,732.808
3790,53,255,955.726,733.934
3791,135,255,1005.322,736.389
3792,67,255,1302.022,735.634
3793,133,255,176.282,737.786
3794,47,255,442.734,734.096
3795,184,255,538.424,738.261
3796,81,255,606.796,735.969
3797,41,255,740.500,734.744
3798,70,255,1387.029,736.257
3799,122,255,1496.910,738.041
3800,58,255,519.983,736.897
3801,89,255,596.365,739.612
3802,99,255,914.045,738.601
3803,61,255,1027.025,735.598
3804,50,255,1597.180,736.640
3805,91,255,121.995,738.159
3806,45,255,209.211,737.233
3807,26,255,488.500,735.731
3808,27,255,588.500,736.130
3809,91,255,637.049,738.137
3810,71,255,1323.289,737.768
3811,109,255,871.106,740.729
3812,64,255,944.891,740.234
3813,95,255,1334.479,739.753
3814,32,255,305.500,738.875
3815,27,255,657.315,737.648
3816,20,255,1053.250,737.450
3817,32,255,1166.938,738.094
3818,59,255,1175.636,739.229
3819,86,255,1259.942,738.453
3820,104,255,1539.904,739.298
3821,79,255,195.297,740.614
3822,91,255,216.830,742.093
3823,161,255,827.227,741.500
3824,22,255,842.818,738.682
3825,97,255,1210.861,742.335
3826,42,255,283.405,740.476
3827,65,255,764.177,741.177
3828,89,255,897.062,742.534
3829,73,255,1152.212,740.815
3830,89,255,1192.343,741.084
3831,84,255,1368.869,741.762
3832,144,255,369.035,743.792
3833,21,255,689.119,740.262
3834,39,255,1354.218,743.167
3835,87,255,337.454,743.603
3836,91,255,493.984,744.258
3837,118,255,924.907,745.288
3838,113,255,1239.173,745.774
3839,187,255,99.083,747.660
3840,67,255,240.336,745.157
3841,22,255,261.000,743.000
3842,59,255,393.059,744.297
3843,46,255,582.457,743.696
3844,97,255,714.160,746.479
3845,33,255,1138.197,742.985
3846,40,255,1420.175,744.625
3847,71,255,56.542,745.556
3848,102,255,141.873,747.284
3849,95,255,728.384,746.374
3850,103,255,746.024,746.451
3851,103,255,810.461,746.733
3852,101,255,1056.262,747.579
3853,101,255,1117.045,746.153
3854,42,255,85.762,745.810
3855,81,255,656.981,746.500
3856,60,255,839.967,747.033
3857,52,255,881.308,746.250
3858,33,255,1409.591,744.955
3859,81,255,263.772,749.426
3860,66,255,415.636,748.727
3861,96,255,1164.594,747.750
3862,40,255,467.350,749.150
3863,125,255,1529.532,750.404
3864,113,255,692.774,751.544
3865,37,255,799.176,748.716
3866,56,255,1070.696,748.625
3867,83,255,1102.392,750.789
3868,95,255,1318.353,749.500
3869,58,255,1443.103,749.103
3870,141,255,1587.947,751.876
3871,77,255,322.344,751.188
3872,56,255,349.214,750.446
3873,44,255,423.182,749.750
3874,81,255,848.167,751.290
3875,96,255,1005.385,751.573
3876,88,255,1292.489,750.489
3877,109,255,1396.528,751.298
3878,61,255,75.893,751.221
3879,67,255,603.172,751.425
3880,92,255,628.761,753.033
3881,57,255,1227.096,751.061
3882,23,255,1478.413,749.065
3883,66,255,157.303,751.970
3884,42,255,476.190,752.143
3885,105,255,759.681,752.519
3886,71,255,3.106,754.585
3887,190,255,247.105,757.805
3888,89,255,385.455,754.399
3889,117,255,643.047,755.500
3890,101,255,1023.302,753.738
3891,36,255,1487.556,752.139
3892,51,255,85.088,754.324
3893,108,255,179.815,756.000
3894,38,255,371.553,752.632
3895,49,255,1065.520,754.418
3896,84,255,1270.881,755.202
3897,75,255,1349.447,754.540
3898,81,255,1561.772,754.019
3899,83,255,62.753,755.849
3900,78,255,313.769,756.974
3901,61,255,550.992,754.500
3902,79,255,665.690,756.424
3903,54,255,817.704,755.685
3904,78,255,1182.500,755.077
3905,36,255,50.000,755.500
3906,114,255,138.465,759.439
3907,116,255,217.095,757.224
3908,38,255,287.263,755.684
3909,32,255,403.375,755.188
3910,43,255,485.244,755.453
3911,122,255,891.721,759.541
3912,100,255,914.570,757.350
3913,82,255,1253.585,756.878
3914,75,255,1469.793,758.273
3915,71,255,432.007,757.528
3916,62,255,593.000,757.710
3917,67,255,1460.082,758.545
3918,70,255,299.543,759.129
3919,121,255,492.442,763.360
3920,86,255,535.988,758.593
3921,38,255,733.184,757.711
3922,63,255,877.929,758.262
3923,119,255,1513.046,759.197
3924,49,255,567.561,757.949
3925,28,255,842.107,757.643
3926,97,255,860.943,760.830
3927,96,255,266.542,760.198
3928,31,255,280.952,759.339
3929,32,255,980.344,758.906
3930,72,255,1481.972,760.375
3931,49,255,163.418,760.786
3932,80,255,373.200,761.600
3933,36,255,754.417,760.417
3934,37,255,805.554,760.176
3935,64,255,1072.172,761.031
3936,82,255,1034.598,763.073
3937,99,255,1159.086,763.025
3938,63,255,1285.103,762.738
3939,34,255,1295.765,761.353
3940,56,255,1567.268,761.518
3941,98,255,457.490,765.082
3942,86,255,1135.453,764.395
3943,54,255,1232.204,762.907
3944,58,255,1333.466,763.086
3945,59,255,1408.263,763.398
3946,86,255,1448.058,764.000
3947,141,255,326.344,767.223
3948,88,255,519.682,766.080
3949,84,255,583.000,764.536
3950,84,255,834.107,765.893
3951,121,255,954.607,765.756
3952,87,255,1106.397,764.420
3953,117,255,1434.517,768.150
3954,83,255,414.127,766.681
3955,99,255,469.510,767.348
3956,121,255,505.938,768.186
3957,137,255,1050.639,767.252
3958,69,255,31.341,766.283
3959,20,255,447.100,764.550
3960,169,255,546.973,771.376
3961,31,255,631.565,765.081
3962,90,255,934.322,767.789
3963,55,255,86.482,767.045
3964,32,255,227.625,765.812
3965,65,255,430.069,766.715
3966,52,255,555.269,767.692
3967,37,255,899.500,767.230
3968,111,255,992.914,768.986
3969,109,255,1352.959,769.913
3970,53,255,1542.858,767.142
3971,93,255,657.360,769.661
3972,106,255,913.321,769.406
3973,100,255,1239.840,769.100
3974,54,255,1384.519,767.167
3975,55,255,1465.991,768.427
3976,30,255,1534.767,766.967
3977,45,255,688.522,769.233
3978,103,255,724.597,769.519
3979,69,255,869.036,769.457
3980,79,255,1218.146,770.196
3981,29,255,73.707,769.672
3982,79,255,118.665,770.981
3983,25,255,207.220,770.740
3984,101,255,699.114,772.045
3985,66,255,777.076,770.697
3986,45,255,980.100,771.944
3987,136,255,1310.934,772.669
3988,93,255,221.403,772.414
3989,94,255,273.926,772.957
3990,79,255,676.032,771.361
3991,80,255,757.425,771.788
3992,44,255,813.523,771.409
3993,90,255,827.978,772.644
3994,71,255,969.951,772.063
3995,97,255,1177.593,772.407
3996,43,255,1561.756,770.895
3997,72,255,49.250,774.264
3998,43,255,60.081,771.035
3999,103,255,353.549,773.286
4000,47,255,364.330,772.926
4001,84,255,1011.060,774.464
4002,101,255,1068.658,773.520
4003,43,255,1520.384,771.616
4004,75,255,22.100,773.887
4005,44,255,149.409,772.750
4006,59,255,623.771,773.076
4007,63,255,784.389,773.944
4008,92,255,1256.391,775.391
4009,66,255,1164.197,774.136
4010,48,255,1493.646,772.917
4011,72,255,9.042,776.583
4012,99,255,94.227,776.510
4013,109,255,641.546,777.271
4014,70,255,743.457,775.557
4015,110,255,1035.209,776.500
4016,72,255,1329.097,775.500
4017,95,255,1584.195,776.163
4018,152,255,402.145,779.717
4019,97,255,424.727,778.665
4020,35,255,435.414,776.529
4021,32,255,446.031,774.594
4022,83,255,794.608,777.994
4023,61,255,1104.172,775.254
4024,79,255,1416.690,775.918
4025,95,255,1553.711,777.616
4026,61,255,175.369,777.680
4027,73,255,260.527,777.651
4028,95,255,313.311,778.479
4029,106,255,597.925,778.953
4030,51,255,665.520,776.225
4031,38,255,1120.947,776.816
4032,68,255,1128.603,779.059
4033,53,255,1540.500,776.726
4034,110,255,65.336,780.773
4035,73,255,298.870,779.075
4036,36,255,1142.389,778.056
4037,87,255,342.833,781.603
4038,26,255,475.231,777.962
4039,118,255,585.432,782.331
4040,34,255,1059.882,778.500
4041,131,255,375.645,783.508
4042,22,255,529.364,778.818
4043,135,255,564.448,781.893
4044,75,255,608.673,782.500
4045,125,255,880.060,781.708
4046,69,255,1153.051,780.384
4047,95,255,1480.784,782.163
4048,75,255,1573.220,781.633
4049,40,255,463.675,780.350
4050,92,255,625.533,782.283
4051,24,255,764.000,779.500
4052,95,255,939.079,782.837
4053,107,255,1359.005,784.061
4054,94,255,38.415,783.766
4055,25,255,112.500,780.500
4056,47,255,290.926,782.181
4057,137,255,817.456,785.347
4058,107,255,1086.117,783.967
4059,39,255,772.756,781.987
4060,36,255,851.111,782.861
4061,232,255,911.194,787.875
4062,75,255,1014.927,783.660
4063,29,255,1372.052,781.810
4064,129,255,1382.678,785.872
4065,55,255,1595.682,783.500
4066,95,255,84.837,785.363
4067,23,255,514.804,783.717
4068,111,255,719.248,786.086
4069,50,255,801.100,783.500
4070,95,255,1122.142,785.816
4071,70,255,1204.129,784.000
4072,114,255,1232.474,785.482
4073,32,255,454.344,784.375
4074,58,255,1189.879,784.966
4075,114,255,1280.982,786.860
4076,40,255,1543.175,784.050
4077,62,255,1181.790,786.500
4078,103,255,131.286,788.859
4079,156,255,201.763,791.045
4080,116,255,329.302,789.414
4081,70,255,358.729,786.971
4082,33,255,1398.409,786.045
4083,91,255,496.082,790.016
4084,64,255,1249.312,787.859
4085,61,255,1468.664,788.205
4086,100,255,219.770,789.040
4087,42,255,262.190,787.952
4088,87,255,662.534,790.511
4089,60,255,689.350,789.417
4090,109,255,165.271,791.298
4091,50,255,751.480,791.240
4092,50,255,869.020,790.140
4093,58,255,960.914,789.672
4094,66,255,992.894,791.470
4095,77,255,1139.851,790.994
4096,77,255,1300.955,790.552
4097,93,255,542.876,793.952
4098,149,255,1060.406,794.426
4099,80,255,484.850,793.888
4100,70,255,647.943,792.400
4101,64,255,786.344,792.031
4102,83,255,838.247,793.042
4103,133,255,980.523,793.808
4104,71,255,1005.317,792.289
4105,50,255,1429.780,791.780
4106,80,255,1578.875,792.650
4107,61,255,14.287,793.369
4108,24,255,422.500,792.208
4109,125,255,470.444,795.844
4110,161,255,557.469,796.525
4111,113,255,1331.916,795.296
4112,56,255,121.911,795.304
4113,155,255,232.971,798.874
4114,35,255,255.729,792.957
4115,40,255,395.550,793.425
4116,57,255,890.570,793.746
4117,123,255,1107.500,796.159
4118,27,255,1524.241,792.463
4119,117,255,110.603,798.030
4120,72,255,576.264,795.708
4121,67,255,928.396,795.351
4122,59,255,1406.686,796.534
4123,71,255,1513.007,796.007
4124,118,255,1564.169,797.686
4125,138,255,45.486,798.572
4126,112,255,274.446,798.089
4127,64,255,1310.203,798.500
4128,66,255,1393.939,795.909
4129,91,255,1595.467,798.720
4130,60,255,315.300,797.767
4131,79,255,373.335,798.576
4132,84,255,407.440,797.583
4133,115,255,628.370,798.970
4134,42,255,1292.286,797.738
4135,94,255,24.457,800.979
4136,23,255,92.978,797.370
4137,22,255,701.500,797.500
4138,104,255,1167.048,801.173
4139,101,255,182.639,802.173
4140,69,255,253.819,800.703
4141,137,255,350.215,802.734
4142,139,255,602.493,804.054
4143,64,255,686.000,800.281
4144,49,255,937.092,799.398
4145,40,255,945.775,798.650
4146,74,255,1144.486,801.554
4147,56,255,1436.286,799.786
4148,58,255,385.655,801.793
4149,59,255,518.686,800.975
4150,27,255,722.167,799.796
4151,78,255,1044.603,802.154
4152,106,255,1548.708,801.717
4153,103,255,72.432,803.286
4154,34,255,173.382,801.059
4155,95,255,618.300,804.142
4156,105,255,777.405,803.976
4157,121,255,963.723,804.525
4158,88,255,1180.966,802.273
4159,37,255,1233.257,802.203
4160,76,255,1277.395,802.013
4161,82,255,3.012,806.963
4162,132,255,140.212,805.189
4163,99,255,334.621,804.682
4164,97,255,659.789,805.077
4165,81,255,830.463,803.574
4166,22,255,707.364,802.636
4167,161,255,736.227,806.202
4168,147,255,1501.881,806.895
4169,103,255,157.209,806.607
4170,78,255,441.718,805.846
4171,22,255,799.636,803.955
4172,58,255,1000.569,805.276
4173,92,255,1129.413,806.750
4174,100,255,1222.550,807.160
4175,124,255,1263.782,807.121
4176,172,255,1348.233,808.866
4177,136,255,1529.875,805.956
4178,72,255,531.111,806.486
4179,95,255,757.753,807.911
4180,99,255,891.773,807.753
4181,126,255,1097.738,808.468
4182,111,255,90.365,808.302
4183,53,255,411.594,806.670
4184,125,255,646.708,811.580
4185,46,255,1364.261,806.522
4186,103,255,394.490,809.985
4187,79,255,498.943,809.171
4188,54,255,842.389,808.685
4189,131,255,1059.370,809.897
4190,33,255,1297.318,807.136
4191,189,255,857.854,811.267
4192,42,255,981.881,808.333
4193,37,255,296.878,809.176
4194,88,255,481.886,810.148
4195,27,255,546.796,809.722
4196,127,255,635.319,814.146
4197,233,255,928.779,817.307
4198,37,255,1242.095,809.311
4199,65,255,677.238,811.715
4200,82,255,1324.988,812.207
4201,68,255,1597.132,812.765
4202,50,255,121.420,812.620
4203,113,255,788.482,813.969
4204,139,255,1079.054,814.888
4205,87,255,23.649,813.960
4206,102,255,59.373,814.441
4207,55,255,203.336,813.736
4208,98,255,1395.939,814.082
4209,138,255,1571.971,814.616
4210,52,255,191.231,813.942
4211,95,255,413.226,815.711
4212,83,255,996.669,815.886
4213,109,255,1017.234,816.564
4214,87,255,1551.305,814.592
4215,130,255,586.462,818.315
4216,66,255,914.833,816.652
4217,30,255,972.267,813.400
4218,75,255,1286.527,816.527
4219,63,255,1416.659,815.627
4220,136,255,172.794,819.941
4221,102,255,230.412,818.735
4222,46,255,448.196,816.435
4223,111,255,461.302,817.374
4224,82,255,819.963,816.122
4225,53,255,984.179,815.349
4226,75,255,1189.153,816.860
4227,59,255,1424.771,817.941
4228,61,255,1458.943,817.189
4229,39,255,113.038,816.731
4230,107,255,333.771,819.911
4231,67,255,437.769,818.873
4232,71,255,801.401,818.134
4233,104,255,1233.173,818.577
4234,67,255,1316.664,818.425
4235,73,255,1379.281,818.610
4236,60,255,355.867,818.300
4237,65,255,369.592,819.038
4238,106,255,542.953,820.821
4239,35,255,708.586,817.300
4240,59,255,736.076,817.805
4241,105,255,1484.395,820.824
4242,84,255,76.393,820.095
4243,66,255,130.576,819.364
4244,37,255,263.392,818.068
4245,121,255,275.872,821.153
4246,53,255,290.085,818.821
4247,92,255,515.663,819.283
4248,156,255,563.622,820.160
4249,44,255,759.159,818.909
4250,40,255,14.725,820.300
4251,31,255,748.048,819.081
4252,95,255,950.837,821.816
4253,194,255,1125.722,822.737
4254,73,255,35.815,822.363
4255,68,255,216.029,821.882
4256,93,255,670.392,823.038
4257,111,255,1098.608,823.824
4258,87,255,4.672,825.144
4259,50,255,153.740,821.920
4260,46,255,253.000,821.500
4261,86,255,424.849,823.291
4262,56,255,499.821,822.429
4263,76,255,904.816,823.697
4264,93,255,1145.425,823.704
4265,89,255,1159.725,823.410
4266,66,255,1365.106,821.924
4267,49,255,303.602,823.949
4268,187,255,478.249,827.067
4269,99,255,1410.712,824.530
4270,78,255,1440.397,824.654
4271,123,255,388.305,827.679
4272,68,255,659.132,825.118
4273,89,255,864.904,825.691
4274,149,255,1048.205,827.634
4275,63,255,1209.786,824.817
4276,54,255,1253.722,824.278
4277,45,255,1329.011,823.744
4278,97,255,1432.387,827.634
4279,78,255,45.705,827.808
4280,89,255,317.455,826.253
4281,143,255,343.626,829.087
4282,136,255,707.382,827.904
4283,22,255,896.727,824.136
4284,95,255,1262.868,828.584
4285,33,255,207.803,825.167
4286,97,255,371.253,828.005
4287,24,255,536.042,825.167
4288,65,255,605.792,826.885
4289,100,255,88.660,829.880
4290,87,255,121.799,828.477
4291,78,255,883.897,827.590
4292,38,255,1218.132,826.711
4293,92,255,1498.957,828.239
4294,86,255,59.709,829.372
4295,65,255,406.931,827.823
4296,47,255,780.287,826.968
4297,23,255,1276.978,826.761
4298,146,255,1303.281,830.329
4299,124,255,1397.137,830.484
4300,70,255,510.114,829.514
4301,61,255,740.074,829.156
4302,103,255,1591.199,830.985
4303,85,255,142.053,831.759
4304,38,255,691.974,830.158
4305,71,255,726.049,829.923
4306,47,255,751.074,829.521
4307,51,255,1026.088,830.618
4308,50,255,1108.960,830.380
4309,74,255,1544.932,832.216
4310,70,255,235.586,831.971
4311,106,255,257.472,833.481
4312,94,255,524.500,833.000
4313,29,255,768.259,830.259
4314,28,255,939.643,829.714
4315,41,255,1009.085,830.085
4316,114,255,1082.474,832.596
4317,52,255,1454.904,831.019
4318,84,255,74.333,833.631
4319,20,255,163.000,830.700
4320,61,255,462.746,832.467
4321,78,255,625.897,832.949
4322,121,255,1370.607,833.426
4323,79,255,1566.184,834.399
4324,53,255,107.538,833.009
4325,141,255,998.358,836.408
4326,76,255,1533.842,833.868
4327,86,255,567.012,835.605
4328,129,255,799.229,836.190
4329,84,255,820.286,835.881
4330,171,255,1068.278,839.909
4331,117,255,328.551,836.261
4332,67,255,543.321,835.500
4333,101,255,833.163,835.965
4334,68,255,955.882,835.941
4335,89,255,1474.197,836.916
4336,106,255,613.000,841.377
4337,70,255,858.786,838.100
4338,123,255,1023.484,839.768
4339,53,255,1164.745,835.557
4340,20,255,1176.500,834.550
4341,24,255,1352.583,835.042
4342,53,255,173.745,836.877
4343,51,255,225.186,837.147
4344,54,255,283.074,836.759
4345,106,255,418.868,839.642
4346,104,255,436.635,838.837
4347,70,255,492.514,837.871
4348,76,255,917.579,837.355
4349,56,255,1257.625,837.732
4350,58,255,1289.655,836.741
4351,77,255,1419.942,837.474
4352,52,255,553.519,837.404
4353,165,255,653.294,842.561
4354,67,255,893.157,838.216
4355,58,255,1551.259,838.793
4356,66,255,4.455,839.712
4357,30,255,26.067,838.300
4358,75,255,600.247,840.527
4359,64,255,636.562,838.938
4360,41,255,773.061,837.061
4361,118,255,945.297,842.042
4362,29,255,1186.569,838.121
4363,36,255,1484.722,838.500
4364,59,255,588.551,840.042
4365,75,255,666.793,841.473
4366,78,255,678.923,840.974
4367,56,255,849.196,840.018
4368,109,255,878.188,842.041
4369,106,255,1333.057,841.783
4370,59,255,1447.568,840.314
4371,103,255,152.199,844.597
4372,71,255,454.810,841.697
4373,105,255,746.548,842.338
4374,31,255,930.113,839.500
4375,95,255,982.858,843.584
4376,61,255,1277.057,840.762
4377,120,255,1360.175,845.400
4378,103,255,1503.636,841.733
4379,152,255,384.414,845.289
4380,41,255,406.524,842.134
4381,106,255,1049.981,842.142
4382,66,255,1094.939,843.485
4383,138,255,1315.217,844.688
4384,72,255,95.542,844.431
4385,73,255,179.212,844.363
4386,156,255,704.224,846.532
4387,142,255,725.500,845.915
4388,117,255,1108.816,846.124
4389,93,255,1576.715,844.618
4390,30,255,1597.933,842.867
4391,112,255,114.589,845.920
4392,99,255,1195.985,846.146
4393,38,255,1344.711,843.395
4394,43,255,1587.058,843.314
4395,76,255,129.487,846.803
4396,80,255,355.637,845.612
4397,119,255,1140.122,848.752
4398,151,255,1211.904,847.785
4399,167,255,1435.153,849.644
4400,66,255,81.985,847.015
4401,114,255,890.333,847.693
4402,57,255,1158.711,845.623
4403,36,255,1401.944,845.917
4404,134,255,35.127,848.993
4405,134,255,285.269,848.470
4406,21,255,1512.976,845.833
4407,120,255,195.292,849.558
4408,28,255,258.214,846.429
4409,90,255,517.844,849.622
4410,108,255,685.102,849.685
4411,31,255,438.177,848.500
4412,79,255,477.196,850.652
4413,58,255,811.879,848.759
4414,57,255,917.219,849.605
4415,118,255,1091.941,852.373
4416,53,255,1122.047,849.462
4417,56,255,1279.964,848.536
4418,43,255,21.733,849.477
4419,63,255,572.817,850.421
4420,48,255,927.500,849.000
4421,32,255,961.406,849.562
4422,132,255,997.682,852.682
4423,61,255,338.270,850.992
4424,82,255,425.902,852.280
4425,124,255,266.758,854.702
4426,32,255,754.312,850.688
4427,83,255,1011.548,855.789
4428,42,255,1036.119,852.119
4429,161,255,1375.363,856.109
4430,47,255,1389.309,852.117
4431,54,255,1410.889,852.352
4432,32,255,99.312,851.938
4433,92,255,140.804,854.065
4434,36,255,160.528,852.806
4435,79,255,216.247,854.753
4436,100,255,245.840,854.250
4437,107,255,407.360,855.210
4438,148,255,551.703,854.703
4439,168,255,826.964,856.792
4440,133,255,1467.094,854.974
4441,61,255,1494.385,853.779
4442,80,255,1527.688,853.075
4443,87,255,787.351,854.626
4444,21,255,1022.071,852.929
4445,61,255,1336.730,854.484
4446,34,255,1422.676,853.824
4447,44,255,443.705,854.477
4448,90,255,499.611,859.600
4449,42,255,734.857,853.905
4450,43,255,801.314,855.221
4451,47,255,1265.415,854.883
4452,54,255,49.889,856.111
4453,90,255,318.933,857.122
4454,136,255,1236.390,859.794
4455,90,255,1298.000,859.544
4456,74,255,1484.041,858.162
4457,51,255,1549.520,855.676
4458,63,255,974.008,857.897
4459,53,255,1183.632,857.104
4460,141,255,1405.294,860.628
4461,58,255,1596.034,856.983
4462,78,255,639.756,858.782
4463,81,255,1044.438,858.907
4464,63,255,1514.817,858.405
4465,27,255,101.426,857.907
4466,80,255,600.288,859.575
4467,28,255,1359.464,857.071
4468,59,255,128.551,860.110
4469,133,255,198.944,862.410
4470,104,255,343.721,862.846
4471,30,255,390.233,859.633
4472,91,255,589.676,862.159
4473,119,255,922.861,862.374
4474,49,255,939.173,859.459
4475,80,255,176.863,861.650
4476,121,255,227.186,865.285
4477,79,255,472.513,861.500
4478,30,255,650.100,860.233
4479,48,255,754.500,860.000
4480,66,255,956.621,862.909
4481,156,255,1117.404,865.051
4482,78,255,486.244,862.872
4483,165,255,878.900,865.912
4484,50,255,1270.160,862.200
4485,75,255,1282.007,863.273
4486,145,255,1309.017,867.238
4487,98,255,72.408,865.480
4488,42,255,449.762,863.048
4489,134,255,625.045,866.276
4490,156,255,669.199,865.045
4491,126,255,690.675,864.452
4492,60,255,839.050,863.667
4493,35,255,865.757,863.271
4494,115,255,435.500,865.709
4495,51,255,737.186,864.108
4496,156,255,907.667,868.603
4497,74,255,1505.973,864.230
4498,69,255,111.181,865.486
4499,33,255,148.894,864.167
4500,44,255,282.568,865.455
4501,53,255,333.425,865.443
4502,72,255,363.347,865.736
4503,57,255,520.939,864.833
4504,130,255,722.508,866.908
4505,74,255,968.770,867.054
4506,56,255,1033.196,865.857
4507,117,255,1145.902,867.124
4508,146,255,1164.932,866.829
4509,40,255,1329.200,864.275
4510,82,255,59.756,867.049
4511,66,255,97.667,867.530
4512,45,255,701.500,865.500
4513,141,255,773.238,868.188
4514,47,255,1197.989,866.691
4515,139,255,1456.421,869.853
4516,28,255,7.714,866.000
4517,30,255,215.467,865.900
4518,56,255,576.625,866.732
4519,39,255,979.885,865.910
4520,88,255,1088.432,868.205
4521,81,255,1189.068,868.191
4522,43,255,385.012,867.663
4523,113,255,559.571,870.084
4524,25,255,648.940,866.220
4525,45,255,800.767,867.433
4526,30,255,850.100,866.900
4527,75,255,892.047,869.860
4528,80,255,25.150,870.138
4529,108,255,538.380,869.759
4530,64,255,1370.500,869.000
4531,91,255,1596.643,872.148
4532,50,255,185.940,870.500
4533,33,255,313.167,868.924
4534,49,255,395.929,870.520
4535,103,255,413.772,872.422
4536,117,255,602.295,872.491
4537,118,255,932.686,871.297
4538,38,255,1486.553,868.789
4539,20,255,1493.400,868.800
4540,57,255,37.009,871.026
4541,69,255,237.877,870.920
4542,47,255,504.032,870.989
4543,44,255,989.500,871.000
4544,149,255,1072.614,874.856
4545,48,255,1322.438,870.604
4546,44,255,47.636,872.591
4547,79,255,1001.247,872.981
4548,34,255,1013.882,872.294
4549,39,255,207.628,872.218
4550,86,255,256.826,875.070
4551,58,255,473.017,873.328
4552,49,255,1208.418,872.969
4553,147,255,1384.922,876.017
4554,76,255,1533.513,873.763
4555,113,255,824.235,876.544
4556,89,255,949.601,875.545
4557,71,255,1340.345,874.049
4558,197,255,1521.612,881.043
4559,139,255,167.529,877.385
4560,44,255,300.295,873.682
4561,131,255,743.836,878.118
4562,170,255,1046.041,877.259
4563,101,255,1245.342,877.688
4564,39,255,1291.731,873.449
4565,123,255,1561.492,876.955
4566,64,255,132.281,877.281
4567,63,255,142.468,877.929
4568,74,255,319.770,877.946
4569,45,255,390.589,876.878
4570,109,255,1270.115,878.766
4571,100,255,1580.280,879.620
4572,54,255,289.426,878.074
4573,57,255,734.412,878.921
4574,60,255,1179.933,878.850
4575,92,255,1432.489,879.087
4576,117,255,113.038,880.303
4577,81,255,364.426,879.722
4578,133,255,435.305,880.605
4579,97,255,783.345,880.809
4580,46,255,840.065,879.217
4581,46,255,1467.391,879.043
4582,128,255,1480.570,882.938
4583,34,255,73.000,879.000
4584,57,255,242.553,880.360
4585,94,255,670.755,880.404
4586,62,255,705.000,880.500
4587,71,255,849.838,880.810
4588,44,255,977.545,879.773
4589,69,255,1090.935,880.659
4590,71,255,1106.613,880.697
4591,77,255,814.760,882.669
4592,87,255,962.718,881.948
4593,116,255,1025.336,882.586
4594,64,255,1295.828,881.547
4595,122,255,1327.885,883.369
4596,136,255,1543.213,883.860
4597,107,255,305.640,883.883
4598,128,255,458.766,883.836
4599,30,255,653.400,880.367
4600,83,255,797.006,883.199
4601,135,255,879.944,882.648
4602,94,255,1150.585,884.936
4603,53,255,490.726,882.179
4604,87,255,570.121,884.489
4605,48,255,694.083,883.375
4606,97,255,1120.809,885.325
4607,98,255,1400.347,885.541
4608,138,255,1495.739,887.819
4609,70,255,333.786,883.757
4610,103,255,543.073,886.121
4611,75,255,15.887,886.660
4612,142,255,30.521,887.937
4613,62,255,101.210,885.839
4614,39,255,471.500,884.500
4615,80,255,529.150,885.175
4616,74,255,991.959,885.919
4617,47,255,1163.394,885.266
4618,74,255,1351.689,884.851
4619,111,255,1413.617,886.626
4620,98,255,272.480,887.622
4621,44,255,1594.955,885.636
4622,56,255,349.250,887.089
4623,135,255,403.922,887.730
4624,95,255,555.953,888.300
4625,28,255,927.393,885.571
4626,77,255,1226.656,888.422
4627,36,255,1367.556,886.528
4628,57,255,1444.658,887.289
4629,47,255,2.649,889.394
4630,170,255,192.047,892.124
4631,45,255,913.478,887.433
4632,49,255,935.888,887.867
4633,23,255,260.717,887.848
4634,208,255,591.837,893.760
4635,193,255,624.925,892.712
4636,103,255,945.966,890.888
4637,90,255,1005.422,889.700
4638,122,255,47.402,893.623
4639,129,255,128.415,894.733
4640,76,255,208.947,891.645
4641,23,255,376.543,890.500
4642,63,255,487.944,889.405
4643,23,255,971.413,889.109
4644,60,255,1249.200,890.183
4645,111,255,1274.185,891.743
4646,47,255,148.819,890.436
4647,25,255,282.260,889.540
4648,146,255,720.336,893.027
4649,78,255,833.731,892.077
4650,165,255,1075.227,894.512
4651,194,255,78.706,896.649
4652,81,255,165.451,892.340
4653,76,255,758.895,892.329
4654,85,255,844.853,893.394
4655,125,255,1389.300,894.948
4656,135,255,1570.004,896.137
4657,51,255,226.676,893.324
4658,111,255,513.401,896.554
4659,76,255,657.158,892.434
4660,33,255,923.833,892.500
4661,115,255,1042.622,894.935
4662,147,255,1173.024,895.554
4663,51,255,1596.284,892.343
4664,58,255,64.483,894.431
4665,67,255,292.978,895.187
4666,96,255,690.573,896.521
4667,46,255,742.717,893.630
4668,134,255,770.142,896.463
4669,52,255,906.519,893.865
4670,44,255,986.114,893.250
4671,54,255,111.519,894.926
4672,43,255,218.686,895.105
4673,68,255,240.412,895.779
4674,51,255,645.382,894.422
4675,72,255,701.250,895.819
4676,91,255,866.918,896.346
4677,119,255,1059.239,897.508
4678,165,255,1309.573,899.355
4679,49,255,302.704,895.786
4680,66,255,320.242,896.561
4681,167,255,474.087,899.290
4682,45,255,734.656,895.633
4683,108,255,1446.759,898.935
4684,31,255,354.113,895.435
4685,31,255,458.274,895.952
4686,171,255,792.114,901.038
4687,69,255,1029.384,898.370
4688,55,255,1195.718,897.427
4689,31,255,1215.597,896.565
4690,39,255,1297.038,896.910
4691,90,255,1335.033,898.611
4692,89,255,1372.803,898.230
4693,153,255,96.846,901.990
4694,60,255,341.450,898.533
4695,44,255,877.864,897.455
4696,140,255,1422.243,900.950
4697,53,255,448.425,898.745
4698,29,255,951.879,897.500
4699,138,255,1103.101,900.841
4700,60,255,1354.250,898.667
4701,30,255,332.500,898.933
4702,25,255,547.780,899.140
4703,81,255,977.315,901.043
4704,85,255,1407.971,902.112
4705,86,255,1482.965,900.640
4706,73,255,7.267,902.445
4707,45,255,23.678,901.433
4708,74,255,271.757,902.176
4709,88,255,497.023,902.670
4710,35,255,532.814,901.300
4711,116,255,900.612,903.940
4712,98,255,1233.929,902.714
4713,99,255,1523.682,903.510
4714,135,255,399.344,903.863
4715,74,255,653.878,902.730
4716,63,255,807.246,903.357
4717,122,255,925.270,906.074
4718,20,255,1344.450,902.350
4719,73,255,1546.801,903.993
4720,34,255,242.412,903.618
4721,53,255,283.953,904.142
4722,77,255,741.773,903.175
4723,91,255,830.423,905.555
4724,67,255,1130.500,904.500
4725,121,255,1587.227,905.938
4726,95,255,230.142,905.942
4727,81,255,262.426,907.870
4728,88,255,357.625,906.500
4729,100,255,416.330,909.290
4730,23,255,606.717,903.848
4731,37,255,717.176,904.041
4732,52,255,1192.327,904.962
4733,29,255,139.879,905.224
4734,57,255,382.816,906.342
4735,57,255,459.991,905.816
4736,124,255,564.258,909.621
4737,75,255,577.833,906.393
4738,73,255,617.623,907.363
4739,36,255,629.639,905.306
4740,109,255,1277.151,907.289
4741,53,255,1299.255,906.085
4742,119,255,192.828,907.021
4743,86,255,840.430,908.860
4744,24,255,959.708,906.417
4745,128,255,1208.617,908.969
4746,70,255,1559.286,907.829
4747,118,255,41.525,912.712
4748,55,255,374.809,909.100
4749,86,255,539.151,909.919
4750,57,255,877.184,908.430
4751,50,255,1002.780,908.040
4752,65,255,55.500,909.608
4753,109,255,710.867,911.995
4754,101,255,811.787,912.342
4755,26,255,947.846,907.500
4756,140,255,1247.143,912.400
4757,127,255,1387.878,910.957
4758,78,255,671.321,910.256
4759,35,255,690.929,908.443
4760,33,255,868.652,909.439
4761,46,255,1051.957,909.761
4762,43,255,1264.640,909.756
4763,49,255,1540.112,910.316
4764,57,255,333.518,910.009
4765,29,255,508.879,910.569
4766,46,255,516.957,909.783
4767,69,255,1021.703,911.312
4768,95,255,1076.879,911.595
4769,40,255,1222.025,910.475
4770,55,255,1347.355,910.427
4771,75,255,1360.620,912.167
4772,138,255,1370.645,914.899
4773,50,255,1445.240,910.620
4774,79,255,25.753,913.475
4775,31,255,159.242,911.339
4776,53,255,436.708,912.575
4777,79,255,549.766,912.703
4778,69,255,754.225,913.399
4779,69,255,1011.341,912.036
4780,70,255,1104.986,913.071
4781,139,255,1164.083,912.817
4782,66,255,116.970,914.015
4783,70,255,147.414,913.671
4784,33,255,250.409,911.742
4785,54,255,631.426,912.370
4786,37,255,655.689,911.446
4787,64,255,974.953,913.250
4788,50,255,1570.000,913.000
4789,31,255,2.177,913.694
4790,56,255,493.036,913.321
4791,162,255,733.728,919.167
4792,74,255,765.703,914.459
4793,152,255,100.191,918.020
4794,122,255,316.820,916.254
4795,116,255,399.302,915.741
4796,39,255,474.526,914.346
4797,30,255,907.933,914.200
4798,133,255,1494.944,917.508
4799,89,255,9.051,919.073
4800,59,255,205.907,916.720
4801,73,255,303.116,917.952
4802,65,255,459.362,916.054
4803,148,255,1227.845,918.838
4804,160,255,79.987,920.694
4805,157,255,609.175,917.914
4806,58,255,935.310,917.586
4807,71,255,1032.317,917.782
4808,81,255,1458.179,917.154
4809,68,255,781.588,918.515
4810,84,255,1129.095,919.071
4811,53,255,1397.387,918.255
4812,52,255,1432.654,917.923
4813,149,255,63.628,923.077
4814,91,255,186.973,920.599
4815,56,255,224.946,917.464
4816,105,255,288.986,921.367
4817,99,255,351.348,920.167
4818,56,255,505.179,918.464
4819,37,255,591.500,919.446
4820,47,255,644.372,917.755
4821,24,255,824.833,917.375
4822,38,255,873.447,918.605
4823,58,255,986.207,919.345
4824,104,255,1562.865,920.577
4825,45,255,370.322,920.100
4826,46,255,794.522,920.152
4827,56,255,897.929,920.018
4828,111,255,1061.743,920.815
4829,42,255,1483.405,920.119
4830,30,255,126.500,920.400
4831,77,255,164.695,920.903
4832,87,255,277.557,921.707
4833,41,255,1020.232,920.305
4834,29,255,1150.431,920.328
4835,89,255,1186.365,921.713
4836,117,255,1260.466,924.286
4837,46,255,1290.304,922.065
4838,28,255,1505.679,921.679
4839,40,255,198.600,921.600
4840,59,255,261.992,922.178
4841,99,255,578.318,924.460
4842,80,255,631.675,921.938
4843,67,255,668.067,921.888
4844,115,255,919.239,924.161
4845,68,255,1278.779,921.706
4846,49,255,1547.418,921.439
4847,60,255,381.283,923.350
4848,60,255,1198.267,924.167
4849,61,255,249.713,924.844
4850,84,255,559.726,924.238
4851,94,255,835.819,924.830
4852,65,255,855.562,924.038
4853,58,255,867.103,924.069
4854,158,255,972.361,927.703
4855,52,255,1173.058,923.942
4856,84,255,1384.179,924.881
4857,53,255,52.575,925.387
4858,60,255,151.483,925.183
4859,68,255,435.691,925.426
4860,104,255,488.962,925.702
4861,81,255,1090.154,927.142
4862,51,255,473.912,925.676
4863,69,255,648.572,925.572
4864,34,255,1110.206,925.235
4865,80,255,693.188,926.962
4866,69,255,1033.022,926.645
4867,161,255,233.711,931.649
4868,181,255,322.588,929.666
4869,35,255,342.900,927.529
4870,112,255,451.821,929.857
4871,64,255,764.953,929.156
4872,80,255,785.938,929.325
4873,107,255,1156.650,931.304
4874,82,255,1431.732,927.963
4875,142,255,1513.944,929.873
4876,114,255,27.307,931.561
4877,170,255,135.553,932.718
4878,60,255,424.350,929.533
4879,60,255,944.133,929.067
4880,24,255,1079.042,928.208
4881,65,255,1582.023,930.423
4882,93,255,599.812,930.027
4883,39,255,1299.859,928.833
4884,25,255,1362.620,927.940
4885,34,255,1456.971,929.647
4886,102,255,1466.686,934.618
4887,46,255,40.674,931.370
4888,55,255,169.445,930.573
4889,54,255,204.296,930.833
4890,58,255,504.190,930.810
4891,51,255,1004.108,930.441
4892,68,255,120.779,932.809
4893,76,255,297.539,932.487
4894,85,255,407.912,932.618
4895,87,255,900.408,932.374
4896,111,255,1485.464,934.032
4897,40,255,1530.275,931.250
4898,97,255,1593.345,934.448
4899,95,255,1021.416,935.037
4900,113,255,1057.819,934.668
4901,98,255,1324.480,934.633
4902,63,255,380.548,933.468
4903,47,255,1120.394,933.309
4904,151,255,1214.765,937.315
4905,58,255,1289.379,933.190
4906,100,255,107.690,938.090
4907,37,255,277.419,933.203
4908,48,255,370.750,934.646
4909,29,255,492.362,933.638
4910,51,255,1181.147,934.500
4911,132,255,1340.667,939.758
4912,142,255,210.880,938.127
4913,67,255,353.903,936.590
4914,108,255,468.815,938.120
4915,130,255,719.808,937.269
4916,67,255,1097.604,936.231
4917,53,255,156.538,936.462
4918,93,255,538.457,938.145
4919,72,255,640.847,937.458
4920,78,255,823.667,937.628
4921,48,255,847.146,936.312
4922,60,255,1308.467,937.567
4923,77,255,1425.318,938.370
4924,82,255,94.610,939.354
4925,35,255,265.157,937.300
4926,39,255,333.705,937.936
4927,33,255,421.621,936.924
4928,76,255,794.842,939.658
4929,24,255,863.542,937.042
4930,39,255,869.885,937.936
4931,53,255,1072.670,938.425
4932,80,255,1553.487,938.450
4933,51,255,256.167,939.010
4934,73,255,393.048,939.445
4935,70,255,836.757,939.071
4936,123,255,1194.736,939.720
4937,21,255,176.310,938.548
4938,74,255,287.135,940.797
4939,70,255,310.671,940.743
4940,117,255,582.662,940.585
4941,62,255,652.048,940.258
4942,68,255,945.618,940.779
4943,162,255,962.747,946.451
4944,25,255,1500.300,938.940
4945,32,255,62.500,940.906
4946,40,255,86.175,941.700
4947,59,255,187.127,941.686
4948,87,255,239.902,941.960
4949,41,255,528.841,940.695
4950,83,255,738.837,941.367
4951,42,255,926.810,939.833
4952,64,255,1002.938,942.078
4953,45,255,1111.056,940.967
4954,64,255,1351.562,941.516
4955,55,255,1448.409,941.282
4956,40,255,1570.100,940.975
4957,26,255,44.923,941.462
4958,82,255,778.256,943.293
4959,81,255,992.352,942.056
4960,54,255,1031.870,943.852
4961,24,255,1276.667,941.083
4962,49,255,1529.990,941.296
4963,47,255,443.351,941.989
4964,101,255,698.411,943.767
4965,59,255,804.127,943.636
4966,23,255,878.500,941.674
4967,89,255,1397.994,944.343
4968,45,255,1460.767,943.300
4969,137,255,1518.361,946.339
4970,97,255,673.036,947.026
4971,96,255,1263.260,947.323
4972,156,255,1374.429,947.968
4973,46,255,1582.891,944.870
4974,49,255,73.010,946.337
4975,79,255,344.095,946.272
4976,111,255,599.680,946.167
4977,42,255,751.286,944.786
4978,124,255,1154.597,948.613
4979,56,255,170.161,947.143
4980,177,255,500.116,950.212
4981,55,255,852.118,946.664
4982,34,255,919.853,945.647
4983,114,255,933.026,949.772
4984,47,255,33.947,946.436
4985,56,255,362.875,946.411
4986,22,255,787.227,945.545
4987,136,255,1090.801,949.919
4988,108,255,328.167,952.963
4989,172,255,459.180,952.035
4990,94,255,1217.500,949.191
4991,73,255,1329.623,949.048
4992,86,255,152.244,950.221
4993,93,255,627.038,950.382
4994,63,255,640.087,949.579
4995,23,255,1287.196,948.022
4996,119,255,1412.987,953.626
4997,108,255,1471.917,951.296
4998,48,255,60.479,949.667
4999,29,255,126.086,949.672
5000,99,255,142.551,951.965
5001,100,255,400.170,950.750
5002,139,255,685.061,954.284
5003,63,255,1167.040,951.325
5004,137,255,1233.668,952.398
5005,30,255,1486.567,948.233
5006,82,255,5.049,952.378
5007,28,255,51.571,949.500
5008,124,255,201.419,954.185
5009,114,255,284.026,951.886
5010,172,255,547.360,953.413
5011,58,255,613.500,950.776
5012,75,255,1249.700,952.367
5013,72,255,1358.514,951.694
5014,100,255,1548.530,952.090
5015,82,255,18.341,953.098
5016,50,255,212.300,952.900
5017,161,255,252.848,954.773
5018,104,255,824.019,953.827
5019,42,255,1126.286,951.833
5020,77,255,1320.006,953.071
5021,130,255,112.131,954.938
5022,86,255,906.860,953.733
5023,83,255,1056.584,954.440
5024,58,255,1200.000,953.362
5025,46,255,583.543,953.522
5026,66,255,730.212,953.076
5027,119,255,866.273,958.214
5028,88,255,1067.080,957.375
5029,127,255,1575.327,958.043
5030,32,255,1592.219,953.938
5031,75,255,427.007,954.500
5032,73,255,485.897,955.705
5033,72,255,564.861,955.319
5034,87,255,748.787,955.764
5035,40,255,786.850,955.775
5036,28,255,814.321,954.714
5037,141,255,1026.904,957.521
5038,45,255,1402.811,955.322
5039,52,255,225.000,955.154
5040,93,255,361.446,957.263
5041,146,255,842.336,959.822
5042,39,255,1279.551,955.218
5043,55,255,441.391,956.300
5044,114,255,700.816,958.167
5045,38,255,805.026,956.342
5046,53,255,1040.877,956.425
5047,42,255,84.643,956.714
5048,45,255,177.589,956.833
5049,25,255,856.100,957.260
5050,42,255,1142.357,957.786
5051,57,255,1307.026,958.711
5052,35,255,1455.071,957.671
5053,91,255,1486.797,958.247
5054,44,255,34.068,959.205
5055,52,255,272.288,959.135
5056,174,255,339.052,963.172
5057,52,255,715.788,959.019
5058,52,255,1347.000,958.500
5059,38,255,1388.395,959.000
5060,34,255,635.824,959.088
5061,72,255,1366.264,960.819
5062,62,255,414.968,961.500
5063,133,255,894.590,963.372
5064,64,255,923.297,961.156
5065,132,255,1081.432,963.030
5066,26,255,1149.538,960.615
5067,88,255,1287.932,962.557
5068,38,255,1535.079,961.105
5069,69,255,58.428,962.529
5070,65,255,402.531,962.208
5071,41,255,726.427,961.232
5072,37,255,881.338,961.230
5073,35,255,214.529,962.900
5074,25,255,990.700,960.980
5075,69,255,1177.239,964.022
5076,134,255,1192.754,965.709
5077,31,255,1429.790,962.016
5078,126,255,1499.968,965.032
5079,32,255,286.281,963.344
5080,98,255,533.867,966.173
5081,37,255,915.419,964.284
5082,27,255,1246.241,962.907
5083,73,255,379.336,964.870
5084,77,255,514.669,965.305
5085,81,255,1165.451,966.216
5086,99,255,1262.025,965.520
5087,53,255,1300.425,965.349
5088,72,255,70.389,966.986
5089,65,255,84.608,966.208
5090,37,255,369.311,966.554
5091,103,255,1096.947,967.257
5092,86,255,1595.744,968.000
5093,107,255,37.874,970.033
5094,64,255,479.625,967.500
5095,96,255,615.042,968.740
5096,90,255,959.856,967.467
5097,126,255,1119.746,969.683
5098,136,255,1347.750,970.640
5099,63,255,1469.595,967.706
5100,76,255,1565.987,967.789
5101,65,255,103.377,967.992
5102,21,255,361.310,965.833
5103,25,255,544.380,966.660
5104,46,255,1054.609,967.978
5105,147,255,126.473,969.847
5106,80,255,179.363,968.375
5107,70,255,243.857,969.214
5108,49,255,458.439,970.255
5109,90,255,932.078,973.322
5110,123,255,1017.565,972.167
5111,65,255,1327.577,970.608
5112,44,255,1363.727,969.205
5113,70,255,1391.786,970.186
5114,52,255,49.827,971.115
5115,49,255,168.806,971.418
5116,63,255,270.484,971.357
5117,134,255,993.888,973.172
5118,35,255,1146.271,969.929
5119,92,255,1220.283,972.391
5120,72,255,1406.597,971.611
5121,67,255,1432.052,971.440
5122,32,255,94.594,972.219
5123,83,255,565.849,974.681
5124,107,255,637.706,973.874
5125,69,255,885.529,973.297
5126,96,255,1136.667,975.510
5127,64,255,1485.047,973.828
5128,93,255,315.984,975.274
5129,27,255,623.574,973.241
5130,47,255,1183.755,973.287
5131,122,255,1376.205,977.746
5132,126,255,332.032,977.397
5133,101,255,725.530,976.817
5134,55,255,776.336,975.536
5135,96,255,198.323,979.062
5136,29,255,353.569,974.603
5137,116,255,505.500,977.483
5138,77,255,587.071,975.734
5139,91,255,670.709,976.324
5140,78,255,694.038,977.269
5141,140,255,917.843,978.936
5142,159,255,1064.292,979.311
5143,115,255,1247.674,977.535
5144,58,255,1534.190,976.500
5145,70,255,257.814,978.571
5146,83,255,282.620,977.825
5147,57,255,655.272,976.781
5148,78,255,707.756,976.872
5149,69,255,1204.152,977.109
5150,43,255,1294.500,976.244
5151,129,255,1452.872,979.345
5152,53,255,1514.292,977.481
5153,100,255,148.090,980.100
5154,83,255,224.898,979.669
5155,165,255,957.645,981.148
5156,45,255,978.944,977.567
5157,30,255,1088.000,977.000
5158,131,255,1418.256,980.355
5159,69,255,72.645,979.819
5160,159,255,89.248,981.462
5161,84,255,176.000,979.381
5162,114,255,437.763,980.061
5163,67,255,1036.724,980.067
5164,104,255,1272.346,980.913
5165,121,255,1591.202,981.136
5166,58,255,62.328,980.724
5167,48,255,121.750,979.583
5168,41,255,241.768,979.134
5169,92,255,290.674,982.728
5170,47,255,345.117,979.457
5171,75,255,539.433,980.553
5172,26,255,554.808,978.615
5173,69,255,747.471,980.558
5174,56,255,799.143,979.446
5175,93,255,1151.790,981.672
5176,74,255,1523.068,981.784
5177,56,255,161.768,981.214
5178,53,255,215.198,981.311
5179,80,255,360.200,982.800
5180,69,255,1172.471,982.138
5181,63,255,49.643,981.944
5182,60,255,760.300,982.000
5183,94,255,1314.840,983.926
5184,167,255,1390.578,986.470
5185,91,255,28.170,983.566
5186,91,255,268.929,984.489
5187,28,255,596.429,982.107
5188,27,255,1338.685,981.426
5189,51,255,606.637,983.873
5190,46,255,625.870,983.261
5191,124,255,844.742,986.218
5192,74,255,884.905,984.770
5193,67,255,1508.187,984.754
5194,75,255,247.047,985.193
5195,56,255,321.357,986.304
5196,61,255,372.467,985.484
5197,68,255,1113.559,985.088
5198,109,255,1184.005,985.381
5199,69,255,1282.225,985.572
5200,66,255,1477.364,986.167
5201,60,255,718.033,986.067
5202,98,255,999.265,986.857
5203,45,255,1014.633,985.700
5204,55,255,1123.082,986.391
5205,53,255,647.217,986.575
5206,62,255,1082.403,986.984
5207,59,255,1490.907,986.805
5208,94,255,1573.521,988.766
5209,128,255,482.633,989.367
5210,87,255,1027.684,988.718
5211,46,255,1208.239,987.522
5212,87,255,177.454,991.638
5213,51,255,461.441,988.559
5214,54,255,754.722,988.963
5215,31,255,941.145,988.210
5216,33,255,1216.227,988.742
5217,87,255,1297.270,990.167
5218,47,255,379.500,990.096
5219,84,255,670.595,989.940
5220,57,255,974.061,989.833
5221,59,255,1045.347,989.517
5222,87,255,1431.190,991.994
5223,53,255,42.500,990.689
5224,83,255,108.970,990.187
5225,48,255,211.417,990.729
5226,40,255,423.525,990.825
5227,104,255,730.394,992.288
5228,47,255,1541.138,990.649
5229,27,255,298.241,990.722
5230,57,255,404.974,992.184
5231,43,255,433.221,990.616
5232,91,255,902.995,993.687
5233,51,255,1160.480,991.676
5234,83,255,1334.211,992.392
5235,105,255,1460.624,993.348
5236,95,255,150.805,994.889
5237,109,255,1133.161,995.206
5238,84,255,1356.429,994.250
5239,72,255,255.903,994.986
5240,112,255,553.080,994.857
5241,63,255,767.865,996.548
5242,83,255,1053.319,996.223
5243,57,255,1077.553,993.272
5244,44,255,1088.977,994.227
5245,60,255,10.117,996.017
5246,113,255,30.615,996.969
5247,80,255,455.712,997.025
5248,24,255,744.125,994.042
5249,54,255,875.889,995.111
5250,41,255,1167.817,995.159
5251,57,255,161.395,997.132
5252,109,255,235.151,996.913
5253,38,255,706.868,994.921
5254,33,255,717.197,995.197
5255,83,255,1346.380,998.078
5256,64,255,1444.359,996.062
5257,97,255,310.222,997.778
5258,55,255,598.627,996.755
5259,60,255,651.217,995.517
5260,79,255,830.551,998.563
5261,54,255,855.185,997.815
5262,131,255,1115.256,999.996
5263,50,255,1147.040,997.300
5264,50,255,1235.460,996.580
5265,60,255,1245.333,998.350
5266,43,255,1473.988,996.012
5267,104,255,134.817,999.288
5268,61,255,581.205,997.828
5269,55,255,682.591,997.718
5270,68,255,1014.515,997.426
5271,83,255,1304.837,999.982
5272,109,255,63.326,1000.106
5273,44,255,273.205,998.614
5274,112,255,489.080,1000.562
5275,86,255,955.081,999.395
5276,49,255,1034.929,998.194
5277,23,255,1177.022,998.370
5278,100,255,110.280,1001.650
5279,39,255,435.910,998.808
5280,31,255,1097.984,999.629
5281,60,255,1491.233,1000.800
5282,154,255,1560.610,1001.571
5283,85,255,203.547,1001.594
5284,43,255,377.058,999.616
5285,44,255,782.591,1000.205
5286,171,255,1269.336,1005.757
5287,164,255,1413.860,1003.732
5288,39,255,1583.449,1000.936
5289,88,255,91.125,1004.102
5290,29,255,742.052,1000.362
5291,33,255,793.712,1000.712
5292,93,255,1072.823,1005.005
5293,78,255,1316.385,1002.577
5294,136,255,1375.706,1003.228
5295,59,255,363.737,1002.432
5296,86,255,468.465,1003.907
5297,71,255,523.528,1003.049
5298,28,255,1061.143,1002.214
5299,30,255,1190.200,1001.700
5300,139,255,1214.205,1006.608
5301,86,255,1254.198,1005.116
5302,75,255,699.940,1003.087
5303,41,255,994.159,1004.598
5304,25,255,1462.860,1002.380
5305,43,255,17.779,1003.895
5306,73,255,265.062,1005.336
5307,68,255,649.500,1004.000
5308,57,255,755.377,1005.482
5309,36,255,807.889,1004.694
5310,42,255,934.381,1005.905
5311,52,255,1227.923,1005.212
5312,193,255,1538.070,1016.541
5313,33,255,877.500,1004.500
5314,73,255,1172.623,1006.185
5315,51,255,1440.245,1005.637
5316,51,255,1524.324,1005.520
5317,36,255,1597.806,1006.583
5318,45,255,240.567,1006.633
5319,64,255,591.609,1006.641
5320,71,255,897.049,1007.162
5321,30,255,1144.800,1005.200
5322,114,255,1509.825,1008.526
5323,89,255,561.478,1009.197
5324,146,255,1126.548,1011.473
5325,143,255,379.654,1010.584
5326,84,255,412.952,1008.821
5327,32,255,769.375,1008.750
5328,26,255,786.654,1007.385
5329,87,255,945.511,1009.948
5330,21,255,9.357,1008.643
5331,64,255,35.562,1009.828
5332,133,255,126.523,1012.124
5333,48,255,684.979,1009.396
5334,66,255,728.318,1010.364
5335,30,255,738.833,1008.633
5336,34,255,779.588,1009.412
5337,91,255,921.929,1012.610
5338,78,255,503.103,1010.385
5339,75,255,1043.860,1011.433
5340,56,255,1102.839,1011.036
5341,35,255,319.157,1011.557
5342,54,255,630.463,1011.630
5343,63,255,1151.944,1012.929
5344,33,255,174.500,1011.621
5345,55,255,547.300,1012.100
5346,65,255,612.346,1012.192
5347,62,255,695.774,1013.274
5348,21,255,706.929,1010.929
5349,61,255,804.172,1012.418
5350,52,255,857.538,1013.058
5351,76,255,975.803,1012.947
5352,75,255,1380.820,1014.233
5353,46,255,1491.130,1012.696
5354,45,255,80.456,1014.233
5355,82,255,206.354,1013.524
5356,51,255,440.578,1013.990
5357,32,255,1091.812,1012.688
5358,107,255,1357.668,1014.706
5359,189,255,1559.696,1017.262
5360,97,255,1584.861,1016.222
5361,35,255,16.586,1014.043
5362,54,255,95.519,1013.833
5363,40,255,339.550,1013.250
5364,99,255,356.540,1016.460
5365,67,255,475.187,1015.784
5366,146,255,1196.870,1016.959
5367,37,255,1454.122,1015.203
5368,36,255,305.833,1015.250
5369,147,255,1469.629,1019.650
5370,29,255,161.224,1015.845
5371,56,255,185.286,1016.464
5372,50,255,224.940,1016.580
5373,78,255,427.641,1017.333
5374,31,255,719.790,1016.274
5375,60,255,1009.933,1016.550
5376,55,255,1169.336,1016.645
5377,25,255,1221.340,1016.140
5378,54,255,1285.574,1016.352
5379,109,255,1303.729,1019.821
5380,79,255,1427.095,1017.829
5381,74,255,55.851,1018.041
5382,31,255,236.790,1016.952
5383,68,255,508.662,1018.706
5384,72,255,574.694,1018.417
5385,101,255,589.500,1018.866
5386,85,255,744.618,1018.535
5387,26,255,762.077,1016.346
5388,63,255,1038.294,1018.198
5389,84,255,1396.893,1019.024
5390,107,255,41.005,1020.687
5391,102,255,150.873,1020.500
5392,116,255,528.871,1019.707
5393,52,255,867.519,1018.673
5394,79,255,905.487,1018.829
5395,40,255,463.300,1019.575
5396,61,255,546.680,1020.123
5397,58,255,948.483,1019.017
5398,77,255,1236.409,1020.747
5399,42,255,174.310,1019.952
5400,95,255,260.963,1021.963
5401,68,255,667.529,1020.824
5402,36,255,684.111,1019.417
5403,32,255,774.219,1020.000
5404,57,255,1108.430,1020.974
5405,147,255,1261.221,1022.480
5406,61,255,1368.254,1021.516
5407,60,255,25.583,1021.883
5408,91,255,849.753,1023.456
5409,129,255,1500.322,1024.337
5410,45,255,398.744,1022.411
5411,58,255,613.431,1021.966
5412,38,255,701.132,1021.974
5413,24,255,722.958,1021.833
5414,74,255,1522.865,1023.514
5415,56,255,445.804,1023.018
5416,46,255,759.609,1022.478
5417,68,255,9.382,1024.294
5418,67,255,414.336,1023.545
5419,54,255,882.426,1023.852
5420,58,255,974.431,1023.621
5421,63,255,998.468,1024.849
5422,28,255,1016.214,1024.036
5423,76,255,1141.803,1026.171
5424,92,255,1218.685,1026.511
5425,34,255,1334.382,1024.676
5426,40,255,1345.600,1024.800
5427,146,255,1440.315,1026.658
5428,63,255,202.595,1025.452
5429,138,255,301.848,1028.391
5430,71,255,386.613,1026.500
5431,46,255,952.739,1024.609
5432,86,255,1408.198,1027.349
5433,69,255,373.051,1027.442
5434,81,255,1068.994,1027.241
5435,89,255,1595.904,1028.972
5436,31,255,223.597,1026.468
5437,84,255,486.762,1027.845
5438,56,255,637.339,1027.071
5439,68,255,778.500,1027.971
5440,85,255,1032.465,1028.006
5441,70,255,234.900,1029.714
5442,34,255,275.176,1028.147
5443,37,255,686.527,1027.851
5444,54,255,925.204,1028.185
5445,65,255,1151.469,1029.762
5446,78,255,1174.564,1032.397
5447,83,255,1281.452,1029.970
5448,140,255,1354.543,1032.243
5449,38,255,1423.184,1028.789
5450,60,255,599.733,1029.967
5451,34,255,745.471,1028.059
5452,28,255,1009.107,1029.179
5453,95,255,1087.816,1030.742
5454,81,255,1487.265,1031.019
5455,138,255,1569.326,1032.348
5456,45,255,76.922,1030.189
5457,43,255,463.337,1029.244
5458,145,255,565.438,1032.907
5459,116,255,670.819,1034.138
5460,63,255,868.627,1030.706
5461,56,255,1163.036,1032.411
5462,37,255,48.986,1032.878
5463,59,255,210.788,1031.839
5464,107,255,546.416,1033.388
5465,48,255,590.667,1032.125
5466,46,255,620.435,1031.609
5467,55,255,703.682,1033.664
5468,50,255,887.100,1032.260
5469,50,255,1122.760,1031.880
5470,110,255,1307.373,1033.218
5471,29,255,246.879,1031.052
5472,26,255,610.192,1031.462
5473,46,255,717.978,1032.761
5474,24,255,800.958,1030.958
5475,45,255,1367.567,1032.789
5476,38,255,1417.500,1033.474
5477,67,255,87.336,1034.470
5478,89,255,319.624,1033.758
5479,92,255,968.489,1035.283
5480,62,255,993.726,1033.645
5481,42,255,1513.286,1033.881
5482,84,255,358.524,1034.869
5483,60,255,521.567,1035.017
5484,20,255,693.000,1033.100
5485,47,255,812.138,1035.266
5486,64,255,1472.531,1035.766
5487,71,255,1550.542,1036.472
5488,89,255,1581.972,1038.242
5489,51,255,196.598,1035.010
5490,64,255,766.641,1035.719
5491,24,255,930.500,1034.667
5492,41,255,1104.500,1034.939
5493,99,255,1199.470,1038.227
5494,152,255,1246.829,1038.546
5495,68,255,1392.618,1036.706
5496,41,255,1527.963,1035.378
5497,59,255,71.432,1037.076
5498,52,255,141.519,1036.846
5499,55,255,501.118,1036.900
5500,42,255,1017.071,1036.762
5501,87,255,1340.684,1038.822
5502,56,255,336.089,1037.071
5503,41,255,744.841,1037.329
5504,136,255,782.765,1040.640
5505,42,255,841.167,1037.167
5506,85,255,942.359,1039.806
5507,72,255,1189.194,1039.653
5508,38,255,1211.447,1037.421
5509,80,255,265.512,1038.550
5510,28,255,441.500,1038.179
5511,71,255,470.655,1040.810
5512,43,255,732.128,1040.012
5513,20,255,855.700,1037.850
5514,56,255,1029.125,1038.429
5515,67,255,1061.321,1039.425
5516,61,255,1139.041,1038.451
5517,101,255,1263.460,1040.233
5518,61,255,1293.828,1039.926
5519,79,255,1322.880,1039.348
5520,40,255,129.575,1039.675
5521,33,255,447.712,1039.682
5522,48,255,480.854,1039.604
5523,62,255,103.435,1041.484
5524,30,255,245.733,1039.433
5525,87,255,427.638,1040.603
5526,54,255,645.074,1041.352
5527,131,255,174.034,1043.385
5528,65,255,397.838,1043.131
5529,52,255,1478.135,1042.000
5530,45,255,802.456,1042.833
5531,22,255,845.909,1041.955
5532,31,255,915.242,1041.887
5533,75,255,955.393,1043.193
5534,108,255,1104.852,1045.259
5535,114,255,1535.886,1046.404
5536,69,255,534.254,1045.645
5537,72,255,871.750,1044.000
5538,78,255,1274.987,1045.769
5539,82,255,1377.939,1044.902
5540,40,255,1402.000,1044.500
5541,117,255,1592.526,1048.150
5542,96,255,1231.135,1046.854
5543,39,255,17.474,1045.654
5544,73,255,339.062,1046.884
5545,30,255,379.700,1044.700
5546,25,255,655.820,1044.580
5547,36,255,1562.000,1044.583
5548,28,255,358.214,1045.571
5549,43,255,390.291,1047.547
5550,51,255,570.971,1046.931
5551,116,255,690.457,1050.466
5552,37,255,794.878,1046.257
5553,47,255,811.670,1049.138
5554,62,255,824.952,1046.774
5555,55,255,858.045,1045.555
5556,83,255,889.380,1047.464
5557,83,255,1094.620,1049.572
5558,32,255,1448.688,1045.938
5559,35,255,2.614,1047.586
5560,95,255,455.332,1050.700
5561,26,255,744.808,1046.308
5562,59,255,921.042,1047.093
5563,47,255,1014.074,1047.543
5564,146,255,1462.219,1050.774
5565,153,255,1491.624,1051.036
5566,41,255,1513.500,1047.500
5567,87,255,132.868,1048.109
5568,45,255,247.056,1048.211
5569,37,255,545.581,1047.959
5570,38,255,581.316,1048.184
5571,60,255,1285.350,1049.917
5572,108,255,1424.556,1051.278
5573,59,255,91.144,1049.703
5574,44,255,191.864,1049.432
5575,56,255,636.607,1049.339
5576,68,255,672.000,1051.618
5577,80,255,1346.438,1053.275
5578,49,255,77.990,1050.929
5579,80,255,1039.575,1050.925
5580,64,255,1216.547,1051.000
5581,112,255,224.982,1053.795
5582,68,255,323.956,1051.441
5583,64,255,1066.859,1051.156
5584,98,255,1249.949,1055.929
5585,22,255,1338.409,1050.318
5586,87,255,52.109,1054.684
5587,122,255,305.861,1054.287
5588,28,255,499.464,1052.714
5589,62,255,652.371,1053.661
5590,50,255,726.680,1052.340
5591,71,255,1026.739,1054.261
5592,43,255,1316.035,1052.198
5593,69,255,1384.167,1054.022
5594,44,255,1435.295,1052.727
5595,65,255,904.069,1053.823
5596,79,255,65.462,1055.475
5597,31,255,589.403,1054.306
5598,54,255,708.889,1054.889
5599,60,255,824.883,1055.033
5600,92,255,853.250,1057.913
5601,95,255,878.405,1058.289
5602,81,255,982.488,1056.204
5603,55,255,1355.936,1055.555
5604,129,255,1555.244,1057.864
5605,67,255,104.291,1056.142
5606,115,255,158.613,1057.874
5607,69,255,400.123,1057.819
5608,21,255,526.881,1053.929
5609,24,255,605.708,1054.917
5610,40,255,762.575,1056.275
5611,58,255,782.741,1058.810
5612,61,255,1263.877,1057.648
5613,64,255,1538.266,1057.406
5614,48,255,116.167,1057.479
5615,21,255,774.071,1057.833
5616,36,255,925.889,1056.222
5617,100,255,1332.270,1060.650
5618,39,255,86.551,1058.987
5619,145,255,287.659,1061.286
5620,40,255,425.875,1058.325
5621,75,255,558.860,1060.460
5622,35,255,569.843,1058.900
5623,37,255,628.743,1058.581
5624,127,255,1133.524,1061.059
5625,46,255,1300.652,1058.696
5626,23,255,1402.674,1057.935
5627,31,255,94.500,1059.500
5628,87,255,144.351,1060.960
5629,95,255,273.395,1062.563
5630,26,255,392.462,1059.346
5631,78,255,469.346,1059.705
5632,127,255,1180.941,1062.776
5633,62,255,1482.032,1060.371
5634,153,255,1578.931,1063.010
5635,58,255,27.362,1060.983
5636,45,255,79.722,1061.544
5637,33,255,189.288,1059.409
5638,43,255,998.407,1060.035
5639,27,255,1045.574,1059.833
5640,162,255,1277.704,1064.284
5641,149,255,1509.084,1064.621
5642,42,255,341.738,1061.357
5643,55,255,582.555,1061.573
5644,82,255,1445.646,1062.366
5645,110,255,10.282,1064.045
5646,38,255,936.395,1062.289
5647,24,255,944.375,1062.458
5648,39,255,1055.654,1061.936
5649,85,255,1164.524,1063.524
5650,110,255,1561.718,1066.664
5651,22,255,173.636,1062.136
5652,51,255,418.324,1064.127
5653,52,255,436.327,1063.346
5654,37,255,724.203,1063.041
5655,47,255,796.415,1063.500
5656,101,255,1010.431,1066.371
5657,104,255,1373.558,1066.019
5658,92,255,244.402,1066.641
5659,48,255,260.271,1067.667
5660,49,255,379.112,1065.643
5661,57,255,924.763,1066.307
5662,38,255,1079.026,1065.553
5663,61,255,1295.467,1067.615
5664,72,255,1423.458,1066.431
5665,39,255,120.859,1066.115
5666,51,255,691.049,1067.069
5667,44,255,1261.977,1066.727
5668,33,255,497.167,1067.591
5669,72,255,1463.306,1069.347
5670,55,255,205.809,1068.900
5671,28,255,219.179,1068.000
5672,48,255,666.250,1068.500
5673,51,255,720.108,1069.422
5674,31,255,916.113,1068.242
5675,82,255,1108.500,1068.963
5676,111,255,1146.887,1072.014
5677,53,255,1318.481,1068.708
5678,83,255,1346.886,1070.729
5679,72,255,64.042,1069.472
5680,61,255,815.779,1069.664
5681,44,255,862.545,1069.432
5682,53,255,890.009,1069.009
5683,52,255,1393.942,1070.173
5684,49,255,970.541,1072.806
5685,38,255,133.816,1071.342
5686,39,255,909.628,1071.628
5687,86,255,1404.151,1074.256
5688,109,255,183.904,1075.216
5689,54,255,194.352,1075.315
5690,44,255,227.523,1072.636
5691,76,255,306.368,1074.868
5692,51,255,506.088,1072.167
5693,40,255,625.000,1071.850
5694,25,255,1071.460,1071.220
5695,72,255,524.667,1074.917
5696,26,255,560.577,1072.154
5697,51,255,738.127,1073.520
5698,61,255,1330.156,1074.828
5699,49,255,1441.173,1073.786
5700,44,255,154.750,1075.841
5701,21,255,289.500,1073.500
5702,59,255,342.449,1075.466
5703,57,255,713.149,1076.167
5704,55,255,827.718,1075.282
5705,30,255,1176.533,1073.767
5706,88,255,1535.193,1075.841
5707,72,255,97.306,1075.514
5708,27,255,455.463,1074.352
5709,46,255,542.761,1075.174
5710,41,255,885.110,1075.695
5711,59,255,1586.466,1075.771
5712,50,255,76.880,1076.400
5713,61,255,143.287,1077.500
5714,50,255,399.680,1076.520
5715,41,255,428.085,1076.622
5716,102,255,994.804,1077.990
5717,189,255,1085.934,1080.320
5718,53,255,1190.877,1076.425
5719,23,255,1370.543,1076.109
5720,94,255,573.713,1078.638
5721,88,255,961.432,1080.557
5722,45,255,1207.078,1077.456
5723,50,255,1293.720,1078.100
5724,44,255,1472.091,1077.682
5725,70,255,279.357,1080.243
5726,47,255,352.968,1078.436
5727,33,255,378.591,1077.742
5728,49,255,864.684,1078.929
5729,21,255,981.881,1077.738
5730,37,255,1134.878,1077.743
5731,71,255,1455.077,1079.232
5732,96,255,1521.854,1080.323
5733,28,255,259.536,1079.071
5734,45,255,409.522,1081.189
5735,27,255,1066.981,1079.093
5736,37,255,1125.284,1079.230
5737,79,255,1412.677,1080.614
5738,94,255,1595.904,1083.064
5739,26,255,1046.692,1080.192
5740,60,255,1266.517,1081.817
5741,110,255,1437.236,1082.336
5742,97,255,1507.098,1083.758
5743,44,255,59.023,1081.545
5744,40,255,326.675,1081.725
5745,49,255,875.500,1082.500
5746,46,255,31.261,1082.022
5747,39,255,249.192,1082.654
5748,41,255,444.915,1082.256
5749,74,255,641.784,1083.000
5750,28,255,811.429,1082.286
5751,57,255,846.096,1082.377
5752,94,255,1378.489,1084.117
5753,33,255,335.682,1083.712
5754,46,255,667.870,1083.609
5755,62,255,1006.952,1084.984
5756,53,255,1174.142,1083.538
5757,56,255,1539.911,1083.821
5758,147,255,17.173,1088.786
5759,34,255,50.706,1083.735
5760,91,255,131.830,1086.104
5761,49,255,736.786,1084.133
5762,24,255,1145.500,1084.208
5763,61,255,1316.221,1084.713
5764,44,255,1568.818,1084.864
5765,29,255,158.293,1085.224
5766,118,255,210.610,1088.466
5767,38,255,287.105,1086.289
5768,154,255,1059.721,1088.838
5769,79,255,1493.373,1086.500
5770,74,255,99.676,1088.311
5771,134,255,114.799,1090.007
5772,91,255,429.434,1088.610
5773,29,255,621.845,1085.397
5774,70,255,858.029,1088.357
5775,105,255,1189.700,1089.729
5776,29,255,1244.914,1085.914
5777,96,255,1398.406,1088.333
5778,74,255,301.014,1089.351
5779,83,255,1102.199,1091.488
5780,51,255,1363.814,1088.147
5781,50,255,86.900,1088.580
5782,32,255,149.750,1087.969
5783,51,255,169.108,1089.284
5784,43,255,310.384,1088.384
5785,40,255,690.775,1089.100
5786,49,255,1155.786,1087.969
5787,28,255,1327.714,1088.000
5788,71,255,239.683,1091.585
5789,71,255,496.880,1091.063
5790,65,255,578.054,1091.023
5791,54,255,676.759,1092.056
5792,42,255,782.857,1090.857
5793,69,255,947.804,1090.399
5794,91,255,1203.984,1092.170
5795,29,255,1386.707,1090.879
5796,76,255,1468.303,1091.671
5797,60,255,182.850,1092.383
5798,27,255,256.389,1090.500
5799,50,255,263.700,1092.380
5800,50,255,745.660,1092.460
5801,61,255,1308.713,1092.025
5802,68,255,70.706,1093.912
5803,38,255,848.105,1092.026
5804,46,255,1293.130,1092.565
5805,92,255,1560.793,1094.424
5806,37,255,1578.392,1091.959
5807,57,255,51.342,1093.465
5808,59,255,734.805,1093.568
5809,62,255,360.371,1096.452
5810,45,255,391.567,1094.122
5811,53,255,456.802,1094.123
5812,20,255,925.550,1093.400
5813,86,255,1236.093,1094.721
5814,38,255,1545.895,1093.816
5815,35,255,373.929,1094.529
5816,72,255,481.917,1096.500
5817,40,255,635.850,1095.025
5818,77,255,715.357,1096.435
5819,42,255,867.881,1095.095
5820,81,255,1086.117,1096.698
5821,50,255,1127.180,1096.000
5822,80,255,1337.925,1096.537
5823,68,255,36.074,1096.779
5824,40,255,833.700,1096.300
5825,62,255,1411.097,1097.097
5826,49,255,1425.929,1096.847
5827,30,255,321.133,1097.600
5828,44,255,344.205,1097.386
5829,36,255,972.250,1097.333
5830,74,255,1369.757,1097.473
5831,47,255,1503.436,1097.245
5832,31,255,254.339,1097.726
5833,53,255,520.708,1097.858
5834,26,255,1219.654,1097.692
5835,31,255,1386.016,1097.887
5836,46,255,1478.761,1097.783
5837,27,255,1585.056,1097.759
5838,29,255,151.328,1098.121
5839,34,255,538.176,1098.324
5840,24,255,569.750,1098.125
5841,43,255,664.523,1098.267
5842,22,255,893.500,1098.318
5843,31,255,1491.855,1098.145
