 ,Area,Mean,X,Y
1,79,255,454.285,3.399
2,32,255,564.844,1.625
3,44,255,621.727,3.045
4,73,255,635.979,2.527
5,28,255,759.607,2.214
6,52,255,580.481,5.077
7,23,255,594.674,4.152
8,76,255,778.263,6.868
9,21,255,513.119,6.738
10,69,255,435.543,8.123
11,44,255,796.477,10.182
12,62,255,827.710,12.645
13,95,255,849.258,14.847
14,81,255,389.735,14.093
15,34,255,410.647,12.029
16,51,255,534.833,11.775
17,116,255,1012.862,15.905
18,48,255,375.792,14.792
19,90,255,348.633,18.678
20,39,255,607.910,17.500
21,41,255,325.744,18.354
22,62,255,902.855,17.710
23,56,255,416.821,20.179
24,99,255,935.773,23.247
25,114,255,973.754,23.789
26,83,255,989.163,22.114
27,68,255,370.000,23.809
28,113,255,912.765,25.420
29,90,255,1020.922,26.278
30,24,255,206.833,25.375
31,63,255,198.357,30.452
32,24,255,655.750,29.083
33,34,255,947.382,29.471
34,26,255,219.423,28.808
35,118,255,180.695,32.593
36,25,255,230.740,30.180
37,52,255,414.981,33.288
38,37,255,351.851,30.986
39,53,255,388.028,33.123
40,25,255,526.140,31.180
41,165,255,61.718,36.488
42,38,255,961.974,33.053
43,99,255,1025.510,36.207
44,36,255,209.611,33.528
45,87,255,154.328,38.397
46,113,255,1206.969,40.412
47,63,255,227.119,40.786
48,64,255,263.391,39.281
49,88,255,46.898,43.852
50,31,255,713.113,40.823
51,34,255,1005.353,40.412
52,22,255,1140.227,40.000
53,66,255,1145.879,44.015
54,67,255,1218.754,43.022
55,23,255,673.500,41.196
56,59,255,15.941,43.737
57,43,255,405.477,42.593
58,26,255,655.385,42.731
59,21,255,693.357,42.167
60,22,255,1106.591,43.727
61,24,255,1155.833,42.375
62,39,255,1246.782,43.449
63,99,255,1254.742,46.369
64,83,255,534.307,46.753
65,43,255,560.547,45.081
66,25,255,624.220,44.060
67,41,255,1184.402,43.500
68,123,255,111.435,48.638
69,41,255,138.500,44.500
70,26,255,577.308,45.346
71,121,255,990.921,48.194
72,145,255,1064.838,49.431
73,73,255,69.308,51.829
74,60,255,79.033,49.100
75,29,255,508.603,47.224
76,107,255,92.229,50.864
77,109,255,1019.739,51.298
78,21,255,1091.643,46.738
79,44,255,378.750,50.864
80,39,255,549.372,49.859
81,30,255,951.633,50.133
82,37,255,1078.743,50.527
83,32,255,182.594,50.438
84,29,255,404.948,50.914
85,25,255,275.860,52.420
86,23,255,709.239,50.848
87,20,255,1265.700,51.950
88,28,255,1471.107,52.286
89,64,255,519.859,55.828
90,93,255,3.554,59.156
91,65,255,939.762,58.608
92,54,255,1466.537,57.667
93,157,255,1522.978,61.430
94,33,255,214.439,56.924
95,20,255,507.600,57.100
96,50,255,1038.360,58.100
97,50,255,1507.080,58.120
98,36,255,132.306,58.833
99,51,255,204.833,60.461
100,57,255,1477.904,61.447
101,172,255,16.047,65.320
102,38,255,79.579,60.447
103,45,255,90.522,60.633
104,54,255,176.296,60.352
105,40,255,240.675,60.425
106,26,255,830.000,59.462
107,45,255,1496.367,61.233
108,66,255,578.848,62.212
109,43,255,747.988,62.035
110,20,255,770.400,60.450
111,70,255,954.400,62.914
112,55,255,150.318,64.118
113,21,255,294.690,62.548
114,41,255,564.451,62.963
115,28,255,610.679,62.607
116,53,255,532.613,65.575
117,43,255,1094.500,65.640
118,33,255,986.409,67.985
119,39,255,1153.910,68.372
120,82,255,1261.122,70.659
121,30,255,409.067,69.067
122,48,255,632.750,68.833
123,80,255,1016.438,71.362
124,70,255,84.757,71.043
125,41,255,176.573,69.476
126,42,255,1494.048,71.571
127,34,255,586.618,71.147
128,39,255,844.628,71.808
129,23,255,94.326,72.109
130,64,255,1513.562,72.312
131,50,255,613.060,75.240
132,25,255,100.540,75.100
133,26,255,659.346,74.577
134,24,255,879.500,77.042
135,21,255,906.786,78.214
136,46,255,973.761,79.674
137,94,255,463.617,82.947
138,38,255,1488.974,80.868
139,36,255,155.667,82.667
140,31,255,1006.210,81.210
141,128,255,561.914,87.070
142,57,255,655.114,83.500
143,25,255,893.700,82.420
144,21,255,494.548,83.214
145,66,255,669.364,84.742
146,62,255,766.435,86.823
147,27,255,449.722,84.352
148,25,255,759.940,84.780
149,21,255,881.881,85.357
150,48,255,1123.979,87.604
151,58,255,309.345,89.638
152,49,255,693.010,89.316
153,66,255,1145.348,89.803
154,23,255,719.196,88.717
155,46,255,110.587,91.000
156,35,255,332.129,90.071
157,24,255,355.458,89.333
158,55,255,627.500,90.318
159,69,255,646.181,92.500
160,20,255,1560.300,90.300
161,26,255,797.731,93.346
162,24,255,1166.167,91.917
163,53,255,68.330,95.142
164,28,255,889.857,95.321
165,36,255,1479.806,96.028
166,24,255,121.250,95.042
167,37,255,147.635,97.311
168,35,255,837.814,96.357
169,55,255,1011.700,96.245
170,36,255,131.889,97.361
171,32,255,272.406,96.875
172,74,255,622.351,100.257
173,54,255,461.241,99.574
174,20,255,1390.750,97.500
175,53,255,1429.802,99.500
176,55,255,492.591,99.845
177,135,255,573.048,103.574
178,44,255,1153.455,99.432
179,39,255,321.013,101.090
180,51,255,585.853,100.735
181,49,255,332.439,100.867
182,52,255,748.519,103.635
183,28,255,1237.607,101.821
184,48,255,1556.917,104.229
185,45,255,263.211,103.989
186,46,255,303.891,103.804
187,62,255,140.194,105.645
188,55,255,670.155,105.027
189,25,255,1034.060,103.740
190,41,255,1091.061,104.280
191,69,255,1134.022,105.196
192,61,255,1413.303,105.730
193,43,255,81.337,105.709
194,93,255,560.102,108.156
195,78,255,636.872,107.090
196,32,255,849.844,106.281
197,111,255,290.689,109.392
198,90,255,652.778,108.611
199,93,255,681.780,108.640
200,27,255,450.685,106.907
201,59,255,705.517,109.297
202,51,255,758.716,109.676
203,75,255,483.300,110.820
204,21,255,617.881,108.262
205,35,255,245.529,109.757
206,59,255,504.585,110.890
207,34,255,1059.559,110.147
208,47,255,492.436,112.287
209,67,255,547.739,114.112
210,31,255,343.694,112.048
211,73,255,1168.445,116.021
212,23,255,364.109,112.891
213,43,255,457.244,113.663
214,68,255,1393.000,114.000
215,60,255,305.350,114.433
216,52,255,522.096,114.692
217,63,255,881.611,116.770
218,88,255,1008.432,116.727
219,93,255,1188.091,117.565
220,40,255,1537.650,114.675
221,72,255,740.403,117.278
222,59,255,266.195,116.873
223,27,255,204.685,117.537
224,116,255,575.078,121.078
225,36,255,1161.111,117.639
226,93,255,173.984,119.715
227,73,255,428.801,119.445
228,74,255,625.662,119.797
229,47,255,699.777,119.351
230,29,255,1371.845,117.603
231,87,255,224.420,121.707
232,44,255,751.886,119.705
233,51,255,156.853,120.186
234,51,255,337.363,120.873
235,92,255,510.804,122.478
236,51,255,644.245,121.147
237,54,255,785.204,120.574
238,36,255,810.111,120.361
239,30,255,821.033,120.767
240,44,255,1237.386,120.341
241,33,255,83.561,121.076
242,136,255,397.000,126.963
243,59,255,487.449,121.873
244,56,255,1218.375,122.054
245,51,255,1314.284,122.441
246,45,255,103.411,121.811
247,45,255,415.344,123.122
248,59,255,473.788,121.924
249,29,255,529.672,121.603
250,33,255,991.530,122.318
251,32,255,1559.312,122.281
252,58,255,60.466,125.707
253,89,255,770.275,124.927
254,58,255,797.155,124.810
255,32,255,906.219,124.688
256,28,255,1353.250,124.143
257,20,255,1538.350,123.450
258,28,255,1210.000,125.000
259,22,255,1497.773,125.000
260,151,255,320.659,130.546
261,77,255,437.786,128.409
262,29,255,676.190,125.603
263,35,255,705.329,126.900
264,103,255,730.578,128.510
265,37,255,1300.932,126.689
266,53,255,1529.406,127.368
267,22,255,1571.591,125.409
268,51,255,116.951,127.990
269,43,255,715.686,128.942
270,22,255,870.864,126.955
271,23,255,969.109,126.587
272,33,255,1370.015,126.742
273,70,255,1385.914,128.686
274,47,255,39.755,127.926
275,60,255,131.383,129.100
276,52,255,160.654,128.442
277,45,255,531.856,128.233
278,79,255,662.918,130.209
279,88,255,844.455,129.716
280,39,255,1038.141,129.782
281,72,255,619.028,130.806
282,91,255,185.456,130.962
283,133,255,296.538,133.876
284,79,255,1200.146,132.576
285,77,255,202.968,132.448
286,123,255,478.817,135.329
287,55,255,1059.445,131.900
288,34,255,1167.118,131.529
289,72,255,366.028,133.250
290,35,255,952.700,132.271
291,47,255,1508.436,133.436
292,22,255,121.545,133.500
293,29,255,388.397,134.397
294,62,255,413.355,134.677
295,101,255,520.421,134.193
296,53,255,641.745,133.500
297,72,255,570.333,134.625
298,66,255,698.909,135.273
299,79,255,760.234,136.538
300,102,255,805.510,136.725
301,38,255,236.816,135.368
302,62,255,351.387,137.194
303,72,255,495.431,136.931
304,56,255,542.786,134.946
305,39,255,1015.500,136.115
306,51,255,222.912,136.735
307,56,255,274.000,137.214
308,62,255,779.419,137.242
309,64,255,448.562,138.453
310,29,255,999.052,137.086
311,82,255,243.902,140.610
312,112,255,426.464,141.393
313,39,255,586.064,138.577
314,83,255,735.500,141.476
315,83,255,744.645,140.452
316,51,255,874.206,139.108
317,52,255,917.865,138.423
318,57,255,70.500,139.553
319,92,255,679.011,141.511
320,99,255,963.288,142.500
321,90,255,380.811,144.122
322,62,255,488.710,142.597
323,80,255,864.862,143.825
324,95,255,1232.005,143.363
325,28,255,1471.786,141.107
326,26,255,42.346,141.808
327,60,255,341.450,144.567
328,84,255,573.750,144.226
329,41,255,1163.890,142.280
330,45,255,1209.478,142.944
331,20,255,30.850,142.850
332,55,255,55.627,143.555
333,53,255,118.557,144.708
334,32,255,209.469,143.375
335,51,255,638.480,143.578
336,24,255,652.125,142.583
337,44,255,1096.886,143.386
338,46,255,1310.609,144.478
339,45,255,228.344,144.456
340,54,255,323.556,144.685
341,50,255,515.140,144.480
342,27,255,1071.056,144.019
343,87,255,131.626,147.500
344,41,255,311.866,145.183
345,45,255,1262.789,145.567
346,68,255,588.647,147.074
347,52,255,603.808,146.808
348,94,255,824.851,148.543
349,52,255,846.135,146.885
350,52,255,1200.135,147.692
351,45,255,1504.167,146.922
352,29,255,193.879,146.672
353,105,255,281.367,150.690
354,21,255,304.167,146.690
355,149,255,550.185,152.292
356,35,255,764.757,147.386
357,48,255,999.750,147.188
358,29,255,1560.914,146.914
359,60,255,694.717,148.983
360,48,255,786.396,148.458
361,70,255,1021.957,149.643
362,61,255,267.582,150.270
363,53,255,455.028,150.179
364,28,255,839.464,149.750
365,72,255,888.542,150.597
366,119,255,932.063,153.550
367,84,255,297.274,153.012
368,50,255,414.240,150.960
369,31,255,855.016,150.661
370,39,255,902.269,150.500
371,53,255,946.368,150.406
372,32,255,1467.250,150.219
373,72,255,213.556,152.931
374,25,255,347.060,151.380
375,59,255,646.398,152.161
376,110,255,173.109,153.845
377,46,255,319.587,152.957
378,72,255,633.917,153.389
379,32,255,743.219,152.594
380,83,255,1155.596,156.367
381,85,255,1247.429,153.876
382,55,255,439.609,153.827
383,103,255,468.646,155.316
384,38,255,536.474,153.316
385,35,255,759.500,154.357
386,28,255,1349.571,153.429
387,57,255,63.254,155.465
388,45,255,156.589,154.789
389,49,255,596.316,155.888
390,45,255,140.856,156.389
391,61,255,223.107,157.484
392,66,255,370.167,157.045
393,64,255,771.359,156.859
394,59,255,1269.805,155.534
395,35,255,1515.871,156.957
396,76,255,191.013,157.421
397,51,255,957.735,156.598
398,54,255,1060.963,156.130
399,38,255,1341.395,156.842
400,28,255,103.893,156.679
401,117,255,491.765,159.141
402,48,255,606.146,157.458
403,48,255,804.000,157.500
404,39,255,1044.090,156.679
405,24,255,1536.500,157.000
406,55,255,74.173,159.009
407,57,255,130.184,159.886
408,39,255,791.013,158.192
409,38,255,1141.158,158.105
410,76,255,703.197,159.921
411,40,255,722.950,160.275
412,59,255,841.042,159.449
413,62,255,861.194,160.177
414,24,255,1410.083,158.792
415,43,255,5.686,160.663
416,77,255,253.409,161.474
417,63,255,340.357,162.659
418,45,255,422.811,161.500
419,71,255,569.303,161.373
420,56,255,620.393,161.696
421,58,255,684.000,161.362
422,29,255,908.224,160.086
423,44,255,1012.636,160.409
424,39,255,1292.500,160.192
425,57,255,324.640,163.360
426,50,255,541.160,162.240
427,49,255,731.153,162.561
428,49,255,782.867,162.112
429,40,255,898.625,161.625
430,45,255,1090.767,161.278
431,59,255,286.534,163.059
432,40,255,435.075,163.175
433,74,255,447.270,165.473
434,30,255,589.733,163.567
435,51,255,711.461,164.755
436,48,255,1043.188,163.604
437,29,255,1233.500,163.879
438,42,255,1243.333,162.833
439,71,255,398.542,165.852
440,51,255,672.029,165.029
441,47,255,925.585,164.862
442,31,255,1023.048,164.210
443,44,255,1457.568,164.091
444,22,255,1498.818,163.864
445,78,255,414.372,168.500
446,73,255,518.253,166.349
447,49,255,638.724,166.378
448,40,255,746.100,166.375
449,60,255,979.517,166.017
450,34,255,1099.618,165.824
451,112,255,95.286,167.830
452,94,255,384.447,167.979
453,32,255,1032.812,166.906
454,51,255,1283.598,166.696
455,81,255,172.451,168.327
456,68,255,474.529,168.559
457,46,255,648.891,167.630
458,25,255,1107.300,166.940
459,50,255,1141.840,167.520
460,58,255,1169.690,167.362
461,49,255,1254.398,167.765
462,37,255,1414.554,167.824
463,30,255,41.900,167.533
464,84,255,216.190,169.762
465,115,255,657.987,172.335
466,63,255,825.103,170.373
467,79,255,1006.918,170.070
468,31,255,1219.790,167.952
469,51,255,1336.912,168.206
470,71,255,1554.993,169.500
471,64,255,301.922,169.969
472,100,255,566.990,172.150
473,90,255,604.311,172.456
474,34,255,947.265,168.735
475,46,255,968.130,169.978
476,38,255,136.658,170.658
477,35,255,145.529,170.386
478,48,255,260.667,170.958
479,53,255,438.764,171.198
480,48,255,704.000,170.500
481,59,255,737.297,171.619
482,73,255,758.377,170.952
483,46,255,839.043,169.978
484,65,255,874.792,171.008
485,47,255,891.989,170.394
486,24,255,1486.833,170.292
487,42,255,1570.500,171.000
488,90,255,204.267,174.811
489,68,255,616.397,174.956
490,58,255,814.603,172.914
491,39,255,847.731,173.731
492,47,255,1194.883,172.436
493,69,255,166.862,175.630
494,22,255,1076.636,172.955
495,57,255,1236.816,173.711
496,46,255,939.978,174.696
497,41,255,952.890,173.573
498,59,255,1310.805,175.907
499,42,255,71.833,175.762
500,56,255,113.625,175.625
501,102,255,321.471,178.098
502,54,255,513.537,176.370
503,46,255,670.978,175.283
504,54,255,1126.630,175.148
505,62,255,152.919,177.742
506,59,255,246.415,176.975
507,135,255,548.278,182.337
508,53,255,869.047,176.745
509,68,255,1430.956,177.324
510,88,255,338.091,180.432
511,138,255,497.710,181.696
512,79,255,587.703,178.513
513,54,255,1166.444,177.630
514,26,255,133.731,178.423
515,69,255,265.790,179.514
516,76,255,896.789,178.579
517,116,255,1351.267,182.543
518,60,255,1453.033,178.867
519,35,255,123.557,180.243
520,57,255,182.868,180.272
521,108,255,364.398,181.648
522,45,255,386.833,179.322
523,56,255,1285.000,180.804
524,45,255,1297.522,179.033
525,57,255,101.763,181.886
526,63,255,414.976,181.389
527,48,255,526.500,181.000
528,107,255,631.042,183.771
529,56,255,686.304,181.714
530,41,255,697.573,180.427
531,46,255,1038.217,180.478
532,58,255,1092.724,181.914
533,69,255,1102.022,181.514
534,62,255,1332.710,182.306
535,54,255,1563.074,181.574
536,35,255,238.957,182.071
537,61,255,287.418,182.467
538,38,255,781.132,181.474
539,81,255,950.475,184.302
540,44,255,1000.182,181.682
541,43,255,34.314,182.895
542,80,255,227.925,184.250
543,117,255,469.466,185.303
544,77,255,1078.500,183.500
545,81,255,1138.315,184.364
546,27,255,735.352,182.944
547,20,255,745.950,182.350
548,60,255,755.533,184.717
549,48,255,1150.208,184.146
550,85,255,1188.935,185.429
551,25,255,1198.140,183.180
552,82,255,1222.573,184.390
553,60,255,1277.183,184.717
554,81,255,1399.315,185.302
555,62,255,192.113,186.129
556,62,255,277.290,185.952
557,56,255,791.732,185.393
558,31,255,1022.210,184.048
559,70,255,1258.929,185.729
560,57,255,1555.518,185.833
561,96,255,8.354,186.677
562,75,255,311.367,186.940
563,113,255,447.969,188.571
564,43,255,613.919,185.593
565,115,255,874.726,187.526
566,88,255,963.205,187.580
567,44,255,991.818,185.341
568,36,255,302.361,186.861
569,28,255,424.286,186.929
570,65,255,1446.838,187.238
571,63,255,1488.532,187.738
572,67,255,1588.097,186.993
573,106,255,347.491,191.179
574,72,255,724.694,189.403
575,68,255,810.544,188.324
576,48,255,1171.333,187.604
577,28,255,1304.036,186.750
578,45,255,84.011,188.900
579,56,255,702.321,189.196
580,64,255,979.281,189.000
581,58,255,1032.310,188.621
582,57,255,1060.956,188.939
583,55,255,1240.736,189.627
584,118,255,247.127,193.093
585,69,255,837.906,190.341
586,26,255,1362.654,188.962
587,84,255,1412.429,191.607
588,57,255,76.026,191.061
589,33,255,101.894,189.894
590,79,255,663.462,191.956
591,40,255,938.225,189.975
592,49,255,58.051,191.439
593,115,255,183.804,194.648
594,39,255,217.192,191.295
595,38,255,782.658,191.711
596,122,255,896.221,193.500
597,123,255,1202.711,195.557
598,23,255,46.587,192.283
599,42,255,433.524,192.905
600,75,255,683.447,194.153
601,97,255,852.108,198.015
602,30,255,1269.533,192.233
603,112,255,1325.196,196.312
604,54,255,1389.019,193.185
605,20,255,1086.850,192.250
606,61,255,36.844,196.680
607,51,255,301.520,194.382
608,37,255,931.068,194.635
609,68,255,1004.176,195.603
610,32,255,1110.781,194.156
611,26,255,1165.692,193.885
612,31,255,1250.855,194.371
613,59,255,1456.178,195.839
614,122,255,1570.795,197.500
615,34,255,17.912,195.176
616,58,255,444.655,196.259
617,36,255,520.028,196.306
618,69,255,579.080,197.007
619,52,255,590.058,196.654
620,111,255,705.716,200.554
621,58,255,765.534,195.914
622,23,255,1131.848,195.152
623,32,255,1262.125,195.469
624,20,255,1018.600,195.550
625,92,255,1220.054,197.902
626,65,255,1514.146,197.592
627,60,255,171.233,198.483
628,81,255,1099.685,198.562
629,86,255,1182.453,200.930
630,49,255,158.806,199.439
631,30,255,286.133,197.967
632,83,255,322.958,199.789
633,55,255,372.336,199.045
634,104,255,425.625,201.817
635,91,255,462.049,200.522
636,64,255,619.828,200.000
637,37,255,752.581,198.500
638,68,255,912.338,199.574
639,140,255,1071.636,202.057
640,68,255,411.382,201.044
641,53,255,1123.953,199.858
642,43,255,1233.453,199.640
643,77,255,1366.825,200.500
644,40,255,1597.525,200.800
645,36,255,78.472,200.306
646,60,255,145.283,201.283
647,50,255,388.500,201.300
648,69,255,398.558,202.225
649,68,255,664.735,201.176
650,31,255,841.081,199.952
651,62,255,973.048,200.758
652,56,255,1057.946,201.750
653,122,255,1281.967,204.180
654,79,255,48.854,204.449
655,82,255,91.415,202.963
656,77,255,107.643,202.825
657,52,255,229.154,201.250
658,30,255,1163.100,201.400
659,66,255,1254.227,202.591
660,103,255,1302.286,202.626
661,25,255,1491.100,200.460
662,20,255,1535.750,200.750
663,125,255,21.196,205.956
664,72,255,130.556,203.458
665,58,255,355.879,203.672
666,53,255,608.085,204.104
667,54,255,675.667,203.852
668,39,255,927.064,202.321
669,58,255,986.500,203.000
670,25,255,205.540,202.740
671,35,255,480.071,203.271
672,86,255,494.395,204.047
673,110,255,1468.309,206.100
674,45,255,282.256,204.833
675,94,255,307.149,206.011
676,31,255,471.500,204.661
677,65,255,534.192,205.331
678,75,255,634.727,206.153
679,45,255,881.989,205.211
680,133,255,1033.417,208.959
681,44,255,1174.591,204.977
682,45,255,1314.167,204.922
683,96,255,1394.542,205.615
684,47,255,1420.479,204.181
685,71,255,1548.007,205.711
686,40,255,59.625,205.500
687,35,255,222.614,206.329
688,38,255,367.842,205.421
689,60,255,748.950,206.067
690,89,255,958.478,206.904
691,39,255,2.551,207.192
692,61,255,348.123,208.648
693,55,255,592.645,206.682
694,72,255,797.458,207.889
695,59,255,1048.500,207.975
696,94,255,1145.968,207.968
697,45,255,120.256,208.656
698,65,255,169.362,208.685
699,44,255,1405.318,207.455
700,57,255,1443.289,208.079
701,71,255,723.176,210.683
702,103,255,815.364,211.034
703,55,255,941.409,209.136
704,70,255,1235.557,209.386
705,160,255,1348.013,211.969
706,108,255,1520.898,211.481
707,52,255,550.673,210.212
708,66,255,650.561,210.636
709,141,255,900.528,211.947
710,63,255,1489.484,210.262
711,49,255,277.663,210.745
712,65,255,292.977,211.331
713,45,255,504.722,210.567
714,61,255,763.418,212.451
715,123,255,872.419,213.126
716,44,255,970.045,210.455
717,38,255,365.105,211.684
718,56,255,991.946,212.143
719,59,255,1127.958,212.212
720,78,255,1426.000,213.192
721,66,255,684.000,213.318
722,68,255,774.456,213.294
723,64,255,786.000,213.594
724,69,255,1096.746,213.196
725,111,255,1191.896,215.626
726,35,255,1271.043,212.700
727,47,255,156.926,214.032
728,87,255,262.856,214.914
729,51,255,669.814,213.775
730,99,255,741.187,216.955
731,70,255,1219.014,214.371
732,37,255,1570.878,214.230
733,60,255,182.067,215.417
734,78,255,439.808,215.987
735,67,255,534.619,215.515
736,57,255,927.167,214.658
737,49,255,1168.194,214.704
738,65,255,1314.900,215.162
739,34,255,38.912,215.088
740,39,255,61.526,215.244
741,153,255,108.069,218.454
742,61,255,192.811,217.303
743,73,255,233.473,216.829
744,69,255,594.688,216.457
745,45,255,1335.744,215.922
746,112,255,1452.670,218.875
747,36,255,1480.500,215.361
748,119,255,78.929,219.525
749,38,255,133.737,216.868
750,49,255,405.541,217.500
751,86,255,472.791,218.814
752,36,255,583.139,216.806
753,37,255,859.500,216.554
754,22,255,1117.545,215.591
755,114,255,338.035,220.719
756,74,255,519.149,218.689
757,73,255,566.979,218.884
758,68,255,630.471,218.441
759,103,255,1058.286,219.257
760,111,255,1298.806,218.131
761,77,255,377.149,220.188
762,66,255,491.606,219.955
763,110,255,558.427,222.191
764,124,255,1008.234,222.629
765,20,255,1231.800,217.100
766,48,255,1326.708,220.896
767,86,255,1407.477,220.186
768,29,255,144.190,218.397
769,45,255,167.500,219.500
770,54,255,307.889,220.204
771,37,255,807.608,219.635
772,40,255,1076.675,219.650
773,61,255,1552.713,220.713
774,93,255,1577.973,222.522
775,36,255,2.333,221.000
776,51,255,29.755,220.598
777,92,255,204.217,223.533
778,127,255,419.831,223.280
779,67,255,654.112,221.052
780,85,255,934.253,221.794
781,22,255,1591.000,219.773
782,70,255,219.914,222.357
783,26,255,249.808,220.538
784,57,255,290.816,222.623
785,22,255,997.500,221.136
786,59,255,1144.093,222.195
787,63,255,1434.706,222.579
788,63,255,825.341,224.056
789,58,255,1120.897,223.603
790,32,255,1165.000,222.000
791,76,255,1253.776,223.816
792,65,255,1538.346,222.454
793,96,255,128.219,225.250
794,71,255,354.063,224.472
795,55,255,450.500,224.245
796,67,255,907.291,224.261
797,135,255,1099.367,228.730
798,85,255,486.147,229.476
799,76,255,757.500,225.882
800,39,255,895.423,223.936
801,82,255,1512.573,225.646
802,62,255,1565.597,226.565
803,44,255,176.523,226.114
804,187,255,394.029,229.842
805,85,255,1032.112,227.147
806,88,255,1335.955,227.352
807,39,255,1480.731,224.833
808,63,255,54.595,227.421
809,53,255,148.142,226.821
810,45,255,582.456,226.411
811,50,255,701.780,226.840
812,101,255,836.322,230.025
813,46,255,1155.130,226.609
814,49,255,1203.276,226.255
815,115,255,1370.378,228.761
816,108,255,42.481,230.065
817,34,255,608.176,227.765
818,60,255,24.833,229.433
819,49,255,299.459,229.643
820,60,255,592.233,230.050
821,78,255,1176.987,230.295
822,34,255,1213.500,228.324
823,37,255,1291.338,228.797
824,28,255,98.429,229.607
825,95,255,160.795,230.974
826,69,255,251.239,230.529
827,96,255,967.135,230.625
828,117,255,1074.192,232.252
829,71,255,1552.965,231.134
830,51,255,660.284,230.951
831,53,255,737.934,230.915
832,65,255,881.285,232.177
833,58,255,1587.224,231.379
834,69,255,434.355,232.775
835,80,255,469.900,233.750
836,71,255,528.782,232.866
837,71,255,848.965,233.218
838,89,255,984.410,234.511
839,44,255,1429.227,231.909
840,134,255,236.836,236.813
841,95,255,308.311,235.384
842,47,255,517.734,233.074
843,65,255,710.500,234.008
844,87,255,746.201,235.454
845,45,255,897.500,233.100
846,67,255,502.067,234.410
847,70,255,601.929,235.929
848,66,255,812.000,235.000
849,143,255,1265.521,237.934
850,41,255,1406.085,233.915
851,52,255,1436.538,234.596
852,66,255,1486.682,234.182
853,107,255,3.967,237.808
854,97,255,726.397,236.490
855,64,255,767.156,235.422
856,63,255,919.548,235.468
857,27,255,1055.426,233.907
858,116,255,1385.302,237.440
859,44,255,81.841,235.432
860,34,255,141.676,234.853
861,115,255,203.796,237.657
862,90,255,625.411,237.156
863,90,255,1044.289,236.522
864,57,255,1446.395,236.886
865,71,255,1461.049,236.120
866,48,255,105.271,237.500
867,61,255,363.844,237.746
868,58,255,445.241,237.138
869,33,255,858.318,236.167
870,26,255,888.885,236.308
871,110,255,1023.982,238.436
872,68,255,1127.779,237.941
873,65,255,1144.685,237.285
874,91,255,1242.148,237.962
875,66,255,1295.833,237.939
876,103,255,374.015,241.306
877,48,255,972.271,237.458
878,54,255,1006.630,238.426
879,63,255,1202.563,241.071
880,59,255,1225.195,238.636
881,70,255,1356.657,238.629
882,65,255,1574.408,239.085
883,38,255,1084.684,238.368
884,49,255,1323.459,239.786
885,69,255,1593.486,240.181
886,53,255,15.858,239.915
887,51,255,425.284,240.010
888,57,255,540.167,239.868
889,41,255,1193.524,239.915
890,49,255,1212.602,240.622
891,88,255,1307.807,241.545
892,82,255,91.561,243.146
893,123,255,178.988,243.118
894,68,255,325.632,241.779
895,69,255,498.630,242.239
896,42,255,761.619,240.929
897,79,255,1497.019,242.310
898,72,255,1515.333,241.639
899,130,255,908.115,243.746
900,128,255,943.906,245.711
901,77,255,995.474,243.773
902,30,255,1175.867,240.500
903,30,255,75.233,242.300
904,127,255,264.665,245.705
905,65,255,404.069,243.731
906,24,255,474.458,241.125
907,45,255,699.767,242.078
908,26,255,956.962,242.308
909,43,255,1063.058,242.547
910,59,255,1416.347,242.754
911,32,255,294.375,243.844
912,84,255,788.833,245.000
913,102,255,1132.118,247.020
914,157,255,452.105,249.404
915,74,255,752.932,246.392
916,52,255,927.077,245.327
917,66,255,1334.652,245.561
918,51,255,53.931,246.029
919,42,255,415.143,245.095
920,53,255,675.858,245.821
921,65,255,1170.762,247.054
922,73,255,1528.651,246.911
923,74,255,68.189,251.365
924,68,255,278.632,248.029
925,66,255,343.561,247.470
926,97,255,570.263,247.768
927,111,255,1278.131,249.626
928,34,255,1436.500,246.088
929,65,255,25.438,248.808
930,23,255,235.717,246.370
931,128,255,861.031,252.273
932,77,255,1229.565,249.058
933,47,255,1569.968,248.543
934,51,255,197.088,248.931
935,124,255,222.597,251.363
936,58,255,514.707,249.448
937,119,255,528.979,253.239
938,96,255,1040.875,249.573
939,79,255,1083.791,250.133
940,50,255,1094.240,249.400
941,152,255,1457.204,252.967
942,101,255,546.955,251.510
943,57,255,689.079,250.570
944,104,255,1539.721,251.577
945,86,255,110.826,251.919
946,41,255,288.329,251.305
947,64,255,842.734,251.156
948,101,255,1105.876,252.569
949,65,255,1509.746,251.208
950,100,255,1581.450,253.330
951,113,255,629.942,253.500
952,41,255,801.232,251.402
953,63,255,1340.675,253.770
954,30,255,124.633,251.200
955,42,255,478.786,252.738
956,43,255,975.128,252.733
957,87,255,1070.063,254.017
958,154,255,1366.175,258.084
959,73,255,1385.089,254.281
960,62,255,15.097,254.613
961,61,255,138.746,254.402
962,70,255,1213.757,254.286
963,52,255,1429.673,254.981
964,44,255,1439.523,253.955
965,81,255,412.957,255.549
966,63,255,467.706,255.373
967,62,255,648.097,255.468
968,71,255,877.514,255.514
969,87,255,967.052,258.707
970,53,255,328.915,255.821
971,98,255,951.531,257.918
972,40,255,306.875,257.050
973,48,255,314.646,257.104
974,63,255,581.595,258.246
975,131,255,778.851,259.225
976,49,255,75.071,258.602
977,63,255,236.040,258.373
978,88,255,615.932,259.477
979,21,255,677.929,256.929
980,63,255,716.452,258.135
981,144,255,828.465,259.354
982,132,255,1257.841,261.189
983,48,255,128.833,258.729
984,83,255,153.922,260.404
985,125,255,984.956,262.612
986,39,255,1126.423,258.500
987,52,255,178.442,260.154
988,52,255,194.962,260.519
989,55,255,500.791,260.700
990,66,255,589.667,260.788
991,71,255,601.908,261.725
992,72,255,745.083,260.306
993,58,255,849.259,261.569
994,71,255,874.007,263.599
995,142,255,1030.113,262.000
996,96,255,1311.031,263.615
997,79,255,1350.614,261.842
998,89,255,1397.848,262.455
999,48,255,1489.333,261.312
1000,78,255,1594.859,261.718
1001,49,255,2.643,263.214
1002,114,255,49.114,264.088
1003,45,255,483.789,262.167
1004,43,255,729.291,262.593
1005,41,255,915.622,261.378
1006,56,255,1326.232,262.571
1007,59,255,1378.314,262.856
1008,52,255,1507.808,262.096
1009,62,255,35.226,263.387
1010,82,255,257.805,264.780
1011,79,255,379.766,263.816
1012,39,255,493.936,263.192
1013,62,255,653.290,264.258
1014,33,255,684.015,262.894
1015,36,255,931.056,263.417
1016,24,255,937.375,262.792
1017,77,255,1004.669,265.214
1018,79,255,1058.816,264.247
1019,90,255,1164.333,265.567
1020,83,255,1217.054,265.849
1021,23,255,444.239,263.370
1022,71,255,638.500,265.810
1023,99,255,1105.924,265.763
1024,55,255,1185.955,265.973
1025,41,255,549.134,265.134
1026,76,255,1284.987,266.882
1027,51,255,1295.225,266.559
1028,39,255,88.346,266.782
1029,66,255,204.258,266.879
1030,39,255,305.654,265.782
1031,61,255,324.664,267.057
1032,30,255,455.167,265.233
1033,67,255,1134.813,267.410
1034,87,255,1423.029,268.052
1035,75,255,1577.433,268.407
1036,88,255,703.534,268.841
1037,76,255,1562.421,268.829
1038,48,255,96.938,269.083
1039,46,255,314.891,270.196
1040,39,255,719.526,268.833
1041,175,255,802.511,271.711
1042,72,255,944.694,270.153
1043,63,255,75.833,269.849
1044,55,255,170.009,270.427
1045,39,255,1049.526,269.346
1046,136,255,1191.993,274.640
1047,38,255,1409.447,269.658
1048,37,255,1435.824,269.392
1049,79,255,274.791,273.032
1050,37,255,435.959,270.716
1051,153,255,559.873,276.696
1052,72,255,581.569,271.403
1053,74,255,858.662,271.608
1054,70,255,1091.900,271.929
1055,123,255,1499.533,273.191
1056,80,255,393.500,273.000
1057,69,255,1304.225,273.413
1058,68,255,6.309,274.794
1059,86,255,29.907,274.070
1060,72,255,127.236,273.556
1061,69,255,352.601,273.399
1062,40,255,919.825,272.525
1063,25,255,929.020,272.100
1064,64,255,1117.547,273.859
1065,21,255,1254.167,271.452
1066,58,255,1481.190,273.293
1067,93,255,419.081,275.715
1068,41,255,445.988,273.524
1069,131,255,543.828,277.950
1070,81,255,606.660,275.488
1071,21,255,1378.690,272.452
1072,78,255,1461.000,274.949
1073,61,255,1512.451,274.697
1074,78,255,87.936,277.654
1075,88,255,114.443,277.693
1076,106,255,181.217,278.217
1077,71,255,594.232,276.373
1078,110,255,781.864,277.845
1079,99,255,1232.611,277.258
1080,90,255,1267.833,276.500
1081,32,255,1552.844,273.938
1082,65,255,329.962,276.638
1083,59,255,523.856,276.568
1084,59,255,241.873,277.669
1085,53,255,1065.821,278.142
1086,102,255,1146.147,279.284
1087,56,255,143.482,278.714
1088,79,255,197.614,278.411
1089,111,255,639.869,279.968
1090,21,255,713.167,276.643
1091,62,255,1029.419,278.597
1092,64,255,1213.078,278.266
1093,105,255,1326.252,279.948
1094,50,255,102.460,279.180
1095,106,255,367.717,282.368
1096,48,255,628.146,279.750
1097,49,255,683.724,278.173
1098,87,255,749.293,281.305
1099,124,255,817.363,281.379
1100,57,255,962.904,279.482
1101,61,255,1074.270,279.828
1102,70,255,1158.786,279.357
1103,103,255,1395.655,281.791
1104,60,255,1471.683,279.850
1105,39,255,293.346,279.500
1106,43,255,653.849,279.988
1107,54,255,1047.019,279.944
1108,41,255,282.963,280.866
1109,101,255,484.916,282.530
1110,43,255,994.058,280.663
1111,77,255,1338.877,282.487
1112,51,255,1351.088,281.382
1113,79,255,72.348,282.918
1114,53,255,532.330,282.708
1115,58,255,703.086,282.397
1116,61,255,736.025,283.598
1117,23,255,942.283,280.370
1118,77,255,210.747,284.162
1119,57,255,664.886,283.447
1120,117,255,929.457,283.286
1121,25,255,1016.140,282.940
1122,85,255,1131.676,283.853
1123,68,255,1245.338,283.956
1124,61,255,1406.713,284.041
1125,70,255,1415.814,284.800
1126,95,255,132.468,285.816
1127,39,255,378.295,283.628
1128,99,255,519.965,284.540
1129,55,255,979.500,283.918
1130,68,255,26.853,285.632
1131,110,255,158.973,287.218
1132,75,255,348.980,285.673
1133,64,255,840.766,285.125
1134,79,255,1086.297,285.690
1135,92,255,1379.837,288.913
1136,72,255,1448.000,286.222
1137,93,255,1515.683,286.468
1138,91,255,1544.324,286.181
1139,106,255,456.189,287.877
1140,46,255,621.022,285.630
1141,66,255,574.652,287.212
1142,57,255,953.886,287.640
1143,63,255,1055.040,287.183
1144,66,255,1295.652,287.348
1145,93,255,1484.349,288.780
1146,74,255,1580.676,287.446
1147,60,255,419.717,287.983
1148,63,255,713.024,289.294
1149,135,255,890.685,289.848
1150,26,255,1108.808,286.385
1151,76,255,1593.197,289.000
1152,48,255,649.833,289.229
1153,54,255,729.278,290.167
1154,62,255,1263.113,290.210
1155,88,255,1274.977,290.091
1156,71,255,1528.993,290.683
1157,37,255,240.608,290.905
1158,54,255,670.685,289.889
1159,75,255,761.927,290.660
1160,40,255,1071.275,288.125
1161,70,255,6.000,292.529
1162,71,255,974.542,291.415
1163,58,255,993.431,290.897
1164,69,255,55.500,292.500
1165,20,255,1094.750,290.550
1166,53,255,1180.387,291.840
1167,79,255,1199.665,293.272
1168,45,255,1248.167,291.722
1169,78,255,1346.628,293.526
1170,73,255,83.116,293.007
1171,97,255,308.376,295.407
1172,105,255,498.243,295.367
1173,123,255,597.988,295.167
1174,72,255,681.542,294.903
1175,129,255,174.167,296.686
1176,62,255,393.806,295.677
1177,31,255,860.919,293.629
1178,60,255,583.600,296.783
1179,70,255,1068.886,297.257
1180,154,255,1387.357,301.714
1181,43,255,913.826,296.733
1182,109,255,1010.161,301.060
1183,115,255,741.135,301.048
1184,142,255,794.887,302.204
1185,41,255,999.256,298.549
1186,77,255,1215.513,299.682
1187,83,255,1227.958,299.066
1188,58,255,1426.966,298.155
1189,70,255,223.429,299.957
1190,68,255,347.015,299.324
1191,54,255,451.019,298.778
1192,58,255,478.603,299.086
1193,62,255,515.339,299.419
1194,35,255,951.814,299.329
1195,53,255,1124.047,299.292
1196,96,255,1562.073,300.646
1197,70,255,114.357,301.414
1198,48,255,246.458,300.438
1199,77,255,533.682,301.695
1200,38,255,575.737,299.053
1201,43,255,633.244,299.895
1202,96,255,939.052,301.625
1203,62,255,35.258,301.661
1204,79,255,774.968,302.057
1205,91,255,813.280,302.104
1206,34,255,1091.000,299.853
1207,77,255,1326.162,302.175
1208,45,255,213.944,303.211
1209,20,255,320.000,300.550
1210,72,255,411.139,303.069
1211,66,255,434.424,302.591
1212,99,255,833.803,303.470
1213,71,255,1141.444,302.979
1214,52,255,1179.846,301.846
1215,64,255,1341.312,302.641
1216,30,255,1410.900,301.467
1217,74,255,76.189,304.122
1218,78,255,425.423,304.000
1219,75,255,544.620,304.620
1220,95,255,849.447,304.279
1221,100,255,962.840,305.150
1222,59,255,1188.686,304.246
1223,81,255,1239.969,304.056
1224,44,255,1489.682,302.545
1225,121,255,195.021,307.145
1226,64,255,641.234,305.234
1227,103,255,863.539,305.947
1228,134,255,1512.269,307.955
1229,98,255,143.898,304.643
1230,52,255,899.019,305.192
1231,87,255,1046.328,306.466
1232,129,255,1150.198,308.841
1233,97,255,56.067,307.644
1234,58,255,506.000,306.500
1235,48,255,604.542,306.729
1236,88,255,617.057,306.852
1237,45,255,682.078,306.189
1238,83,255,357.837,308.416
1239,34,255,566.676,306.500
1240,59,255,908.229,307.585
1241,79,255,1357.158,307.386
1242,76,255,1370.434,308.487
1243,49,255,1451.888,307.173
1244,125,255,705.860,310.516
1245,67,255,719.590,308.291
1246,53,255,984.953,308.368
1247,75,255,1293.127,308.647
1248,79,255,1314.601,309.487
1249,53,255,104.726,309.160
1250,48,255,329.500,308.750
1251,68,255,387.426,309.500
1252,56,255,456.161,309.411
1253,56,255,489.661,309.482
1254,23,255,557.109,307.543
1255,83,255,822.861,310.994
1256,37,255,921.446,308.230
1257,33,255,1065.682,307.955
1258,47,255,1430.053,308.351
1259,91,255,1445.225,312.456
1260,76,255,127.000,313.539
1261,90,255,160.311,313.044
1262,80,255,655.900,312.562
1263,54,255,974.370,311.926
1264,99,255,1128.540,312.157
1265,76,255,1214.158,312.803
1266,26,255,1222.000,309.962
1267,41,255,298.720,311.646
1268,48,255,759.958,311.667
1269,60,255,1019.483,312.317
1270,57,255,1273.553,313.219
1271,89,255,1558.174,313.152
1272,87,255,16.971,315.190
1273,77,255,174.851,313.617
1274,76,255,244.303,313.500
1275,94,255,257.926,316.319
1276,70,255,496.186,314.700
1277,116,255,1407.379,313.828
1278,81,255,31.179,315.253
1279,56,255,89.750,313.893
1280,62,255,116.194,314.500
1281,79,255,952.513,315.373
1282,84,255,1249.262,315.131
1283,96,255,1325.354,315.885
1284,48,255,1479.812,314.042
1285,90,255,367.244,317.444
1286,61,255,571.074,315.172
1287,44,255,767.477,314.773
1288,79,255,1034.930,315.854
1289,63,255,1092.627,315.944
1290,73,255,1103.130,316.308
1291,59,255,510.466,316.534
1292,60,255,1167.300,316.750
1293,76,255,1463.605,317.158
1294,129,255,1301.547,319.291
1295,28,255,1496.286,316.679
1296,29,255,206.224,317.086
1297,64,255,617.188,318.891
1298,58,255,675.000,318.638
1299,57,255,1081.711,317.886
1300,58,255,1486.293,319.638
1301,65,255,71.700,319.838
1302,127,255,144.634,323.311
1303,45,255,449.367,318.833
1304,52,255,646.038,319.846
1305,85,255,913.253,322.312
1306,67,255,1177.455,320.067
1307,63,255,1343.087,318.230
1308,45,255,1423.367,318.567
1309,58,255,745.621,320.138
1310,76,255,887.974,320.579
1311,24,255,1382.167,318.625
1312,103,255,1532.432,321.549
1313,93,255,1545.629,322.446
1314,65,255,223.977,322.069
1315,57,255,535.167,321.289
1316,76,255,602.145,322.908
1317,74,255,1388.986,322.635
1318,53,255,59.764,322.840
1319,65,255,384.223,323.238
1320,69,255,974.906,322.674
1321,106,255,402.764,324.104
1322,38,255,518.263,323.342
1323,96,255,840.323,324.073
1324,84,255,1267.810,324.905
1325,86,255,1283.035,324.244
1326,22,255,84.818,322.591
1327,39,255,94.372,323.628
1328,106,255,190.406,326.698
1329,93,255,436.414,325.382
1330,27,255,526.463,323.574
1331,46,255,702.696,323.630
1332,125,255,1005.084,327.132
1333,96,255,763.552,326.479
1334,66,255,1019.682,325.697
1335,67,255,1254.903,325.754
1336,59,255,1473.975,325.432
1337,141,255,44.074,330.018
1338,43,255,105.384,325.616
1339,28,255,310.607,324.821
1340,115,255,421.317,328.222
1341,62,255,453.935,326.403
1342,38,255,1116.658,325.553
1343,37,255,1495.878,324.743
1344,124,255,172.766,332.234
1345,48,255,284.500,327.438
1346,155,255,662.635,329.694
1347,195,255,685.572,332.090
1348,30,255,801.700,325.500
1349,73,255,1164.884,327.486
1350,54,255,1378.074,328.685
1351,72,255,120.431,328.028
1352,54,255,495.111,327.889
1353,84,255,870.179,329.583
1354,86,255,925.221,328.919
1355,106,255,1071.840,329.783
1356,66,255,1520.500,329.076
1357,51,255,20.363,329.578
1358,31,255,70.113,327.435
1359,65,255,329.623,328.731
1360,60,255,723.000,329.367
1361,49,255,735.194,328.724
1362,99,255,1147.662,330.520
1363,91,255,352.720,332.973
1364,110,255,1367.418,333.755
1365,66,255,1402.303,330.242
1366,39,255,1594.346,329.782
1367,66,255,159.667,331.545
1368,76,255,476.342,331.803
1369,67,255,562.873,331.903
1370,128,255,638.180,333.391
1371,33,255,904.773,330.288
1372,119,255,1200.508,332.845
1373,80,255,1429.675,332.650
1374,51,255,245.441,331.637
1375,30,255,524.800,331.933
1376,20,255,846.750,330.950
1377,124,255,1567.710,334.976
1378,83,255,708.223,333.416
1379,150,255,788.640,337.393
1380,53,255,883.670,333.179
1381,61,255,1394.434,334.713
1382,37,255,1500.635,332.743
1383,69,255,943.891,334.558
1384,73,255,1112.829,334.733
1385,51,255,63.775,335.461
1386,58,255,552.034,335.810
1387,85,255,1289.947,336.135
1388,75,255,1444.207,336.567
1389,56,255,487.125,336.411
1390,72,255,1046.250,336.528
1391,78,255,1310.192,336.628
1392,66,255,30.530,337.621
1393,68,255,96.750,337.824
1394,34,255,115.059,336.088
1395,58,255,216.845,336.879
1396,48,255,732.938,337.125
1397,54,255,1037.630,337.944
1398,34,255,1180.706,336.588
1399,26,255,1234.154,336.154
1400,52,255,228.288,338.077
1401,83,255,510.042,338.958
1402,103,255,620.461,341.209
1403,46,255,284.891,338.435
1404,34,255,322.618,338.235
1405,59,255,839.992,339.703
1406,67,255,381.007,340.231
1407,75,255,955.473,341.567
1408,80,255,1256.350,340.762
1409,70,255,151.386,344.100
1410,66,255,191.227,341.333
1411,60,255,261.867,341.467
1412,34,255,560.118,340.147
1413,62,255,652.484,341.532
1414,51,255,773.147,341.245
1415,36,255,968.472,340.694
1416,82,255,989.390,341.805
1417,74,255,1218.851,341.473
1418,87,255,1267.328,342.845
1419,103,255,1333.383,342.617
1420,80,255,1530.575,342.400
1421,52,255,126.404,341.673
1422,51,255,874.814,342.284
1423,53,255,5.745,343.009
1424,56,255,139.661,343.750
1425,47,255,294.074,343.032
1426,39,255,742.321,342.962
1427,78,255,1092.051,344.090
1428,75,255,1454.887,344.140
1429,56,255,1502.625,342.804
1430,60,255,976.900,344.567
1431,35,255,1414.414,342.929
1432,55,255,1595.991,343.973
1433,43,255,423.477,344.826
1434,33,255,582.409,345.409
1435,39,255,659.936,345.833
1436,79,255,859.373,345.741
1437,86,255,1176.512,346.349
1438,25,255,1228.900,344.500
1439,94,255,1345.096,348.181
1440,62,255,1379.726,345.355
1441,68,255,103.412,347.103
1442,66,255,433.242,346.652
1443,28,255,1246.214,344.607
1444,112,255,1397.598,346.884
1445,49,255,172.439,347.500
1446,25,255,182.900,346.340
1447,69,255,822.210,347.906
1448,23,255,903.457,345.935
1449,31,255,1161.919,346.048
1450,36,255,1236.444,347.583
1451,20,255,67.200,346.700
1452,77,255,364.461,350.357
1453,60,255,393.783,348.383
1454,69,255,405.181,348.413
1455,58,255,535.138,348.741
1456,27,255,1000.500,346.315
1457,69,255,1546.949,348.341
1458,109,255,458.986,349.610
1459,24,255,494.917,347.042
1460,43,255,590.826,348.779
1461,95,255,634.121,350.184
1462,88,255,1061.614,350.273
1463,60,255,1358.650,349.550
1464,75,255,1518.153,349.447
1465,66,255,1572.879,349.606
1466,34,255,120.000,349.500
1467,52,255,130.596,350.038
1468,40,255,269.650,349.825
1469,49,255,601.765,349.827
1470,29,255,771.017,348.603
1471,46,255,909.348,350.196
1472,67,255,920.336,351.560
1473,61,255,947.926,351.025
1474,52,255,42.923,350.885
1475,70,255,216.714,353.114
1476,39,255,383.987,350.167
1477,72,255,473.528,352.361
1478,58,255,736.293,351.500
1479,75,255,1536.207,353.353
1480,60,255,1585.700,351.067
1481,57,255,147.781,352.254
1482,79,255,244.728,352.816
1483,86,255,693.267,352.581
1484,40,255,792.725,351.725
1485,66,255,1374.970,353.182
1486,54,255,4.407,352.667
1487,54,255,678.944,353.648
1488,26,255,1003.538,352.038
1489,67,255,1116.724,353.455
1490,37,255,1127.338,353.230
1491,87,255,1226.764,353.569
1492,62,255,67.323,355.758
1493,65,255,282.269,354.762
1494,42,255,744.310,353.571
1495,69,255,1248.819,354.601
1496,71,255,1286.345,354.570
1497,78,255,1324.192,355.321
1498,56,255,671.929,355.839
1499,40,255,830.650,354.775
1500,123,255,1089.988,357.687
1501,74,255,1390.108,356.054
1502,154,255,1423.487,357.481
1503,71,255,1497.683,356.035
1504,55,255,223.336,357.082
1505,100,255,562.510,358.670
1506,30,255,971.200,355.300
1507,78,255,1018.103,356.103
1508,55,255,89.573,357.645
1509,51,255,520.735,356.735
1510,106,255,656.736,360.660
1511,91,255,763.258,358.786
1512,50,255,995.820,356.800
1513,41,255,1597.622,357.573
1514,86,255,24.209,359.430
1515,69,255,333.833,360.167
1516,57,255,576.289,358.500
1517,71,255,604.556,358.951
1518,48,255,1146.729,356.771
1519,51,255,1485.971,357.971
1520,96,255,50.625,361.250
1521,54,255,158.185,359.130
1522,100,255,251.560,363.120
1523,122,255,349.836,362.131
1524,64,255,544.781,358.953
1525,69,255,1439.167,360.587
1526,47,255,533.457,359.798
1527,147,255,851.344,362.595
1528,64,255,1354.797,359.938
1529,53,255,14.311,363.425
1530,65,255,82.531,361.915
1531,71,255,132.866,361.331
1532,48,255,320.083,360.812
1533,52,255,430.192,361.385
1534,32,255,954.812,359.969
1535,20,255,482.450,360.250
1536,126,255,511.278,365.857
1537,53,255,705.915,362.406
1538,79,255,717.133,364.019
1539,52,255,726.462,362.365
1540,68,255,866.456,362.456
1541,36,255,892.806,361.528
1542,81,255,1191.525,363.500
1543,47,255,1201.309,363.096
1544,128,255,1464.164,364.172
1545,44,255,1558.455,360.909
1546,64,255,623.516,363.641
1547,56,255,832.214,363.000
1548,36,255,1210.167,362.917
1549,72,255,1583.542,363.597
1550,39,255,417.244,364.167
1551,37,255,987.797,364.068
1552,76,255,197.842,366.250
1553,96,255,265.427,367.812
1554,34,255,406.882,364.176
1555,62,255,441.403,366.081
1556,75,255,492.047,366.633
1557,58,255,527.828,365.603
1558,97,255,809.242,365.974
1559,45,255,963.767,364.744
1560,37,255,995.824,364.095
1561,129,255,1073.043,367.818
1562,40,255,1118.925,364.700
1563,148,255,1163.419,368.250
1564,50,255,1477.520,365.580
1565,47,255,1505.649,365.883
1566,21,255,115.405,365.071
1567,94,255,462.074,367.702
1568,38,255,898.737,365.579
1569,70,255,1492.929,367.086
1570,68,255,1554.838,367.926
1571,33,255,171.985,366.227
1572,59,255,371.788,366.839
1573,62,255,475.984,367.823
1574,37,255,682.338,366.419
1575,35,255,1259.557,366.071
1576,55,255,102.664,368.136
1577,38,255,147.237,367.947
1578,32,255,877.750,366.938
1579,66,255,1334.470,368.727
1580,129,255,391.384,369.159
1581,69,255,587.239,369.123
1582,36,255,608.917,368.167
1583,66,255,976.924,369.545
1584,22,255,1228.636,367.500
1585,81,255,1377.660,370.377
1586,72,255,426.556,369.625
1587,92,255,734.826,376.217
1588,70,255,786.171,370.914
1589,61,255,1043.467,370.533
1590,103,255,1267.141,371.461
1591,118,255,229.763,372.500
1592,39,255,777.936,371.115
1593,45,255,820.944,370.633
1594,29,255,1026.707,370.328
1595,51,255,183.794,371.735
1596,40,255,697.900,371.375
1597,85,255,1536.771,373.347
1598,28,255,25.964,371.857
1599,67,255,60.619,373.425
1600,43,255,312.523,372.919
1601,47,255,673.074,372.330
1602,74,255,917.811,373.230
1603,59,255,990.042,374.110
1604,78,255,1017.769,373.936
1605,49,255,1134.765,373.153
1606,53,255,1295.255,373.349
1607,69,255,1311.920,373.210
1608,66,255,280.818,374.121
1609,84,255,1235.333,375.226
1610,59,255,1392.805,374.381
1611,38,255,192.605,374.711
1612,63,255,488.341,375.690
1613,56,255,560.036,375.429
1614,119,255,637.382,378.063
1615,61,255,1092.648,374.959
1616,100,255,1111.480,378.650
1617,33,255,407.803,374.924
1618,82,255,448.976,377.476
1619,43,255,1006.616,375.616
1620,34,255,1174.294,375.147
1621,57,255,1282.026,376.675
1622,115,255,1364.161,378.709
1623,71,255,73.697,377.514
1624,71,255,348.655,377.697
1625,46,255,437.217,376.717
1626,49,255,703.704,377.071
1627,111,255,942.050,378.455
1628,72,255,120.833,379.167
1629,81,255,304.562,379.117
1630,57,255,720.184,378.307
1631,51,255,858.716,377.853
1632,80,255,957.388,378.400
1633,29,255,1123.259,377.569
1634,90,255,1406.267,380.244
1635,81,255,1442.660,380.031
1636,32,255,2.062,379.000
1637,77,255,1459.695,380.500
1638,51,255,1544.422,380.304
1639,55,255,323.118,380.809
1640,161,255,663.717,384.127
1641,124,255,1139.565,382.129
1642,100,255,1332.510,380.660
1643,85,255,1347.876,381.571
1644,54,255,13.241,381.037
1645,46,255,47.370,381.174
1646,74,255,91.149,382.676
1647,96,255,622.073,382.438
1648,57,255,753.360,381.956
1649,46,255,1318.522,381.304
1650,48,255,39.375,382.000
1651,106,255,177.925,383.830
1652,56,255,222.179,382.232
1653,60,255,870.950,382.567
1654,83,255,1042.367,382.319
1655,119,255,1186.693,383.223
1656,25,255,1208.180,381.540
1657,64,255,1289.125,382.062
1658,44,255,1310.977,381.523
1659,65,255,1384.654,383.208
1660,66,255,104.121,383.530
1661,83,255,133.608,384.512
1662,68,255,152.338,383.412
1663,71,255,244.162,383.993
1664,53,255,593.047,383.594
1665,55,255,973.682,383.064
1666,57,255,1261.377,382.482
1667,106,255,379.292,386.198
1668,53,255,413.142,383.953
1669,111,255,816.824,385.941
1670,68,255,1243.441,384.750
1671,95,255,690.005,386.342
1672,58,255,845.741,385.103
1673,82,255,1512.354,385.963
1674,95,255,427.974,385.984
1675,59,255,529.653,387.042
1676,50,255,678.720,386.940
1677,111,255,1059.338,387.068
1678,37,255,1171.716,384.824
1679,103,255,277.617,388.568
1680,29,255,360.086,385.707
1681,61,255,518.172,387.402
1682,39,255,711.910,386.474
1683,69,255,772.196,388.152
1684,50,255,801.000,386.700
1685,51,255,904.147,386.971
1686,64,255,1575.969,387.562
1687,74,255,163.014,389.527
1688,75,255,192.420,389.020
1689,53,255,295.047,387.934
1690,57,255,494.114,388.447
1691,81,255,539.883,390.031
1692,58,255,726.724,388.172
1693,68,255,1089.382,389.882
1694,40,255,1448.625,387.725
1695,41,255,705.427,389.207
1696,28,255,761.821,389.143
1697,40,255,1073.675,388.875
1698,39,255,47.269,388.936
1699,146,255,236.473,394.473
1700,65,255,401.731,392.962
1701,81,255,914.426,392.167
1702,63,255,1012.421,390.341
1703,90,255,1032.678,391.222
1704,71,255,1423.683,391.204
1705,20,255,1.600,390.400
1706,99,255,326.490,391.914
1707,66,255,355.000,392.000
1708,64,255,1002.031,391.422
1709,64,255,1212.750,391.031
1710,97,255,1558.541,392.253
1711,97,255,60.727,395.758
1712,79,255,368.133,393.044
1713,44,255,831.750,391.568
1714,49,255,967.622,392.500
1715,47,255,980.372,391.862
1716,97,255,1368.490,394.314
1717,38,255,70.500,393.632
1718,20,255,93.000,390.850
1719,27,255,224.500,392.019
1720,64,255,447.812,394.875
1721,51,255,575.324,392.637
1722,81,255,603.944,394.660
1723,64,255,635.281,393.000
1724,120,255,1115.275,394.717
1725,36,255,1164.528,392.194
1726,74,255,1409.054,393.108
1727,53,255,1584.330,393.726
1728,47,255,35.947,394.202
1729,34,255,458.147,393.382
1730,57,255,509.325,394.623
1731,66,255,1339.864,394.500
1732,34,255,426.382,393.618
1733,46,255,715.543,395.457
1734,44,255,793.341,394.750
1735,42,255,852.714,394.810
1736,34,255,864.853,393.941
1737,49,255,1223.663,395.031
1738,75,255,1394.060,395.527
1739,48,255,14.083,396.646
1740,56,255,117.946,396.321
1741,58,255,257.500,396.190
1742,45,255,781.478,395.678
1743,45,255,482.100,397.233
1744,60,255,924.783,398.117
1745,45,255,935.411,397.411
1746,90,255,947.222,397.889
1747,61,255,1278.320,397.730
1748,35,255,1323.614,395.814
1749,136,255,1467.625,398.713
1750,63,255,1156.151,399.230
1751,101,255,1247.876,399.441
1752,61,255,1512.648,397.779
1753,81,255,25.414,400.537
1754,39,255,145.782,398.628
1755,81,255,157.080,399.710
1756,55,255,727.227,399.045
1757,55,255,757.955,398.845
1758,48,255,803.417,399.104
1759,97,255,878.222,400.706
1760,46,255,957.304,399.391
1761,53,255,1093.972,398.651
1762,37,255,1235.878,398.365
1763,55,255,1488.500,399.118
1764,58,255,1594.431,400.052
1765,64,255,44.047,401.297
1766,66,255,174.621,400.985
1767,121,255,1055.244,403.236
1768,74,255,1082.811,401.662
1769,47,255,1138.479,399.926
1770,68,255,1195.485,400.353
1771,49,255,389.622,401.786
1772,68,255,589.926,401.088
1773,85,255,1416.665,402.700
1774,39,255,465.910,401.218
1775,61,255,522.205,402.516
1776,39,255,834.500,401.013
1777,39,255,979.372,401.064
1778,31,255,1376.242,401.887
1779,43,255,1452.547,401.942
1780,59,255,135.314,402.805
1781,78,255,667.628,404.962
1782,60,255,685.117,403.600
1783,56,255,991.964,403.643
1784,24,255,1307.625,401.833
1785,35,255,194.329,403.471
1786,93,255,308.145,404.672
1787,28,255,787.857,403.393
1788,26,255,859.962,402.846
1789,72,255,895.514,404.528
1790,71,255,1020.542,405.049
1791,22,255,1315.500,402.636
1792,77,255,1562.253,404.643
1793,107,255,76.921,406.958
1794,115,255,252.048,408.117
1795,51,255,397.912,405.461
1796,20,255,560.550,403.750
1797,42,255,774.119,404.595
1798,27,255,1166.241,403.685
1799,54,255,1184.037,404.889
1800,122,255,1350.631,408.393
1801,40,255,54.200,405.825
1802,58,255,89.707,406.448
1803,83,255,410.813,407.849
1804,41,255,738.573,405.354
1805,58,255,6.966,407.534
1806,67,255,220.933,407.022
1807,91,255,342.500,408.841
1808,36,255,644.861,406.361
1809,58,255,750.983,406.810
1810,50,255,1108.000,406.620
1811,81,255,1147.710,408.611
1812,48,255,1529.188,406.917
1813,98,255,1069.837,409.153
1814,46,255,1217.022,408.000
1815,113,255,1235.509,410.588
1816,45,255,1444.989,407.878
1817,71,255,1495.683,410.204
1818,22,255,550.773,407.545
1819,41,255,577.451,408.524
1820,54,255,691.426,409.574
1821,42,255,809.357,408.357
1822,48,255,1122.000,408.500
1823,55,255,1506.318,409.500
1824,61,255,101.025,410.959
1825,28,255,372.607,408.464
1826,71,255,533.275,410.937
1827,96,255,852.896,413.177
1828,57,255,974.693,410.079
1829,74,255,1301.622,410.649
1830,51,255,1380.892,409.716
1831,58,255,1431.328,411.000
1832,52,255,1484.115,409.885
1833,39,255,29.936,410.474
1834,83,255,837.536,411.681
1835,72,255,1268.444,411.542
1836,40,255,1364.300,411.375
1837,51,255,169.225,412.343
1838,69,255,317.341,412.138
1839,54,255,454.074,412.704
1840,146,255,607.034,417.637
1841,101,255,1134.748,413.441
1842,40,255,201.300,412.400
1843,78,255,441.410,414.628
1844,72,255,620.597,414.139
1845,43,255,816.407,412.919
1846,82,255,952.537,414.695
1847,60,255,426.500,414.000
1848,47,255,1576.819,413.543
1849,34,255,472.588,414.529
1850,54,255,735.333,415.444
1851,45,255,804.944,414.900
1852,32,255,896.125,414.188
1853,129,255,1034.841,419.174
1854,61,255,1422.156,415.943
1855,60,255,1450.700,416.200
1856,25,255,1539.260,413.540
1857,84,255,289.345,416.976
1858,75,255,1099.180,416.647
1859,65,255,231.515,417.669
1860,46,255,357.109,416.587
1861,52,255,400.788,416.673
1862,53,255,648.028,417.066
1863,84,255,659.786,418.833
1864,58,255,915.190,417.552
1865,70,255,1202.714,417.986
1866,47,255,1320.266,417.074
1867,88,255,770.227,419.034
1868,82,255,1167.268,418.817
1869,125,255,1283.876,421.292
1870,71,255,371.458,419.739
1871,69,255,924.210,420.268
1872,67,255,994.709,419.201
1873,28,255,1309.929,418.321
1874,48,255,1394.438,419.229
1875,34,255,1511.824,418.353
1876,136,255,550.684,422.772
1877,60,255,828.150,419.450
1878,37,255,1120.257,418.608
1879,48,255,1557.896,420.292
1880,87,255,1590.443,421.615
1881,43,255,5.756,420.267
1882,103,255,678.646,424.442
1883,62,255,1254.516,421.726
1884,97,255,112.964,424.747
1885,59,255,185.449,421.653
1886,44,255,308.545,422.023
1887,108,255,753.074,424.463
1888,77,255,947.539,423.929
1889,70,255,1220.971,422.729
1890,41,255,1243.646,422.012
1891,83,255,1404.331,424.042
1892,65,255,50.885,423.577
1893,106,255,76.302,425.057
1894,103,255,966.558,426.393
1895,28,255,1300.429,422.286
1896,60,255,141.700,423.933
1897,54,255,282.667,424.833
1898,40,255,341.425,423.075
1899,105,255,898.900,426.005
1900,53,255,1491.160,423.726
1901,74,255,1543.730,424.554
1902,31,255,170.048,423.790
1903,77,255,273.188,427.188
1904,77,255,449.929,425.344
1905,88,255,495.284,426.830
1906,77,255,525.305,426.617
1907,126,255,783.794,429.167
1908,72,255,1077.167,426.292
1909,88,255,1337.591,425.966
1910,32,255,1518.344,424.562
1911,40,255,358.825,425.325
1912,57,255,817.289,428.570
1913,46,255,856.478,426.283
1914,69,255,1361.181,425.935
1915,142,255,260.944,430.246
1916,145,255,627.838,428.783
1917,42,255,807.429,426.738
1918,27,255,825.130,426.130
1919,70,255,872.414,428.100
1920,38,255,1311.763,427.158
1921,38,255,1415.842,426.105
1922,50,255,9.180,427.620
1923,74,255,63.419,428.041
1924,57,255,100.939,428.395
1925,28,255,129.036,426.857
1926,49,255,224.786,427.520
1927,103,255,325.354,430.121
1928,46,255,408.913,427.913
1929,49,255,516.296,429.214
1930,79,255,586.196,428.956
1931,106,255,689.925,430.387
1932,42,255,1066.738,428.738
1933,61,255,22.762,428.795
1934,60,255,153.950,429.867
1935,27,255,194.167,428.500
1936,109,255,242.500,430.555
1937,20,255,365.650,427.400
1938,59,255,574.161,429.788
1939,105,255,668.433,432.576
1940,69,255,1089.312,429.964
1941,72,255,1121.000,428.833
1942,100,255,1456.580,431.070
1943,43,255,205.407,429.500
1944,68,255,294.735,430.529
1945,47,255,1017.032,429.691
1946,47,255,1049.436,430.266
1947,24,255,1136.417,429.417
1948,40,255,1561.775,429.775
1949,102,255,36.245,431.745
1950,56,255,89.607,431.929
1951,51,255,379.010,431.676
1952,37,255,480.581,431.581
1953,81,255,1261.179,433.043
1954,35,255,1271.957,430.300
1955,134,255,1435.127,432.791
1956,65,255,997.408,432.408
1957,54,255,1177.574,431.648
1958,62,255,1244.790,432.000
1959,51,255,220.441,433.363
1960,102,255,425.353,433.049
1961,89,255,471.669,434.545
1962,109,255,655.381,435.601
1963,38,255,976.079,432.342
1964,129,255,1322.035,437.391
1965,136,255,1481.015,436.125
1966,68,255,1522.750,433.456
1967,82,255,184.183,435.793
1968,31,255,750.145,432.984
1969,58,255,1306.983,434.466
1970,64,255,401.406,435.672
1971,96,255,933.271,436.594
1972,59,255,1056.144,436.619
1973,43,255,1297.151,435.081
1974,34,255,57.235,435.794
1975,39,255,134.756,434.885
1976,48,255,362.583,435.604
1977,95,255,307.932,439.311
1978,87,255,702.489,438.201
1979,139,255,1142.342,439.960
1980,80,255,796.600,439.825
1981,113,255,831.730,441.040
1982,53,255,889.670,437.840
1983,81,255,1363.352,439.031
1984,64,255,1396.891,437.844
1985,50,255,117.940,438.740
1986,43,255,145.314,438.919
1987,76,255,508.605,439.763
1988,38,255,742.579,439.184
1989,58,255,106.276,440.379
1990,83,255,207.620,439.548
1991,32,255,555.938,439.250
1992,80,255,715.712,441.075
1993,26,255,1015.154,438.615
1994,58,255,732.241,442.448
1995,45,255,1458.922,439.878
1996,105,255,1510.919,444.700
1997,69,255,1570.688,441.978
1998,61,255,12.516,442.369
1999,41,255,609.061,442.549
2000,38,255,967.816,441.289
2001,152,255,1173.171,444.954
2002,62,255,80.000,444.000
2003,62,255,169.371,443.823
2004,69,255,226.978,444.007
2005,27,255,320.981,442.389
2006,38,255,1065.447,442.658
2007,69,255,1202.065,443.022
2008,106,255,1217.368,445.538
2009,64,255,345.906,443.828
2010,64,255,381.125,444.250
2011,21,255,411.357,443.071
2012,81,255,1273.389,445.290
2013,104,255,572.433,446.721
2014,77,255,587.240,445.617
2015,125,255,846.700,448.540
2016,98,255,1036.684,446.010
2017,54,255,1440.722,444.796
2018,23,255,1.761,445.413
2019,67,255,27.396,447.112
2020,60,255,69.400,446.850
2021,30,255,438.167,445.300
2022,128,255,466.938,448.570
2023,38,255,910.132,446.026
2024,21,255,1234.643,444.643
2025,22,255,57.591,445.409
2026,45,255,397.522,446.633
2027,46,255,892.500,446.304
2028,73,255,1088.075,447.623
2029,65,255,1338.162,447.500
2030,20,255,1471.700,445.700
2031,63,255,630.325,448.230
2032,85,255,1156.582,449.218
2033,64,255,1562.844,450.234
2034,68,255,113.838,449.897
2035,92,255,242.620,449.750
2036,47,255,265.287,448.734
2037,59,255,526.534,449.737
2038,105,255,753.233,450.338
2039,85,255,860.935,450.841
2040,78,255,902.897,451.551
2041,21,255,961.738,447.500
2042,43,255,1111.733,448.453
2043,50,255,1489.400,448.840
2044,37,255,142.068,449.932
2045,69,255,877.775,450.862
2046,91,255,1188.577,451.874
2047,39,255,1598.397,452.500
2048,27,255,198.537,450.426
2049,67,255,285.590,451.590
2050,54,255,385.167,451.500
2051,33,255,408.591,449.621
2052,30,255,595.833,450.800
2053,59,255,684.381,451.178
2054,75,255,1100.513,451.847
2055,77,255,1581.071,451.721
2056,76,255,155.592,451.539
2057,86,255,363.733,452.907
2058,65,255,500.885,452.515
2059,58,255,542.655,452.310
2060,49,255,1011.847,452.541
2061,54,255,1020.556,452.796
2062,134,255,1326.351,455.351
2063,46,255,178.174,453.239
2064,89,255,619.084,454.545
2065,62,255,307.032,454.484
2066,54,255,533.111,456.148
2067,87,255,709.730,455.270
2068,85,255,941.829,455.382
2069,67,255,1204.933,454.918
2070,43,255,1245.826,453.105
2071,55,255,1408.355,454.191
2072,60,255,1548.983,454.900
2073,64,255,132.625,455.234
2074,46,255,637.696,455.087
2075,42,255,693.500,455.333
2076,78,255,733.641,456.423
2077,98,255,812.592,457.827
2078,147,255,992.133,457.207
2079,63,255,1442.611,455.151
2080,55,255,316.227,456.464
2081,52,255,432.635,455.596
2082,63,255,455.913,457.786
2083,67,255,916.679,456.918
2084,64,255,274.062,457.875
2085,74,255,445.041,458.095
2086,70,255,1036.100,457.571
2087,99,255,1112.763,457.854
2088,71,255,1236.331,458.838
2089,78,255,1493.038,458.474
2090,60,255,1571.250,458.617
2091,92,255,38.239,458.359
2092,22,255,507.955,456.727
2093,72,255,1252.903,459.611
2094,62,255,56.194,459.306
2095,49,255,146.622,458.418
2096,30,255,187.300,458.067
2097,34,255,260.206,458.000
2098,47,255,745.564,459.968
2099,98,255,1281.510,460.041
2100,92,255,1298.957,460.717
2101,51,255,1424.990,458.520
2102,33,255,1480.136,458.682
2103,79,255,1524.563,459.842
2104,128,255,890.523,463.453
2105,80,255,1060.600,461.462
2106,92,255,1080.478,462.087
2107,34,255,407.706,460.382
2108,101,255,682.946,464.262
2109,24,255,829.917,459.333
2110,58,255,926.345,462.103
2111,81,255,965.389,461.340
2112,69,255,163.906,462.355
2113,97,255,550.665,463.500
2114,66,255,594.818,462.152
2115,22,255,936.682,461.409
2116,85,255,1158.159,463.041
2117,103,255,25.257,466.451
2118,54,255,67.000,463.074
2119,42,255,94.738,462.857
2120,62,255,214.468,463.548
2121,79,255,658.538,464.108
2122,30,255,796.700,461.667
2123,106,255,1391.528,465.519
2124,67,255,1416.515,464.425
2125,62,255,1463.065,463.935
2126,128,255,1539.344,465.500
2127,102,255,83.608,466.539
2128,68,255,698.015,464.750
2129,34,255,820.735,463.176
2130,53,255,1191.557,464.708
2131,29,255,1.707,465.431
2132,59,255,108.144,465.449
2133,80,255,227.900,466.950
2134,89,255,772.725,467.197
2135,77,255,1362.994,467.032
2136,34,255,1453.794,465.000
2137,72,255,856.750,466.458
2138,50,255,1224.600,465.560
2139,47,255,1380.011,465.777
2140,52,255,1594.173,465.885
2141,62,255,426.355,467.871
2142,88,255,487.852,468.625
2143,55,255,44.427,468.045
2144,44,255,194.273,467.455
2145,40,255,395.425,468.125
2146,62,255,502.129,468.177
2147,105,255,567.243,469.252
2148,112,255,647.018,470.455
2149,71,255,672.176,468.937
2150,70,255,976.343,468.486
2151,33,255,123.985,468.409
2152,86,255,262.698,469.535
2153,76,255,1314.000,469.829
2154,27,255,1438.574,467.907
2155,59,255,1502.178,469.703
2156,47,255,156.500,470.585
2157,124,255,201.726,472.750
2158,22,255,331.227,469.000
2159,74,255,588.676,471.243
2160,68,255,1179.309,470.309
2161,79,255,1243.234,470.956
2162,57,255,10.149,471.114
2163,82,255,143.744,472.500
2164,42,255,614.429,470.548
2165,107,255,1100.453,474.061
2166,48,255,1286.208,470.812
2167,63,255,1513.452,471.325
2168,56,255,1560.929,470.982
2169,52,255,97.269,472.000
2170,117,255,287.509,473.457
2171,60,255,372.667,471.983
2172,55,255,793.591,472.282
2173,26,255,816.038,470.269
2174,104,255,1018.481,474.885
2175,74,255,1031.324,472.149
2176,88,255,1274.807,473.216
2177,30,255,1231.700,473.833
2178,80,255,1354.188,476.038
2179,71,255,72.880,475.542
2180,79,255,346.968,475.120
2181,142,255,530.049,477.831
2182,74,255,635.459,476.000
2183,46,255,801.848,475.826
2184,69,255,1146.370,475.848
2185,49,255,129.010,476.276
2186,59,255,186.246,476.856
2187,33,255,237.985,475.288
2188,47,255,420.074,476.053
2189,25,255,965.260,474.460
2190,27,255,1431.907,475.056
2191,51,255,1485.618,476.206
2192,32,255,1597.969,476.375
2193,79,255,403.804,478.487
2194,38,255,507.947,477.053
2195,45,255,563.144,476.833
2196,71,255,868.486,477.937
2197,93,255,929.070,478.285
2198,76,255,1459.263,477.974
2199,66,255,1554.652,478.879
2200,26,255,4.385,477.577
2201,64,255,852.719,478.438
2202,48,255,882.167,478.250
2203,76,255,1343.211,480.276
2204,53,255,1585.236,478.764
2205,44,255,480.364,478.205
2206,91,255,610.500,480.709
2207,67,255,727.485,479.754
2208,90,255,812.778,480.422
2209,58,255,958.431,479.672
2210,81,255,1172.130,480.315
2211,28,255,1382.500,477.286
2212,49,255,1062.847,480.765
2213,84,255,1295.810,481.274
2214,50,255,369.180,481.040
2215,43,255,499.919,480.686
2216,48,255,838.000,480.500
2217,104,255,894.875,482.673
2218,76,255,1214.750,482.211
2219,40,255,43.450,481.575
2220,29,255,150.259,480.741
2221,58,255,626.638,482.517
2222,28,255,1113.571,481.393
2223,87,255,1313.075,483.741
2224,29,255,1371.224,481.155
2225,36,255,160.806,482.056
2226,66,255,311.455,483.076
2227,124,255,675.815,485.621
2228,57,255,1074.535,483.272
2229,24,255,1511.167,481.250
2230,66,255,1562.788,483.788
2231,52,255,64.288,484.654
2232,31,255,168.919,483.919
2233,57,255,696.307,484.711
2234,68,255,755.044,484.956
2235,125,255,1002.460,486.900
2236,69,255,1136.964,484.688
2237,72,255,1162.556,486.750
2238,96,255,451.917,486.792
2239,46,255,770.152,484.478
2240,113,255,1468.305,488.827
2241,66,255,31.652,486.576
2242,61,255,131.320,485.730
2243,48,255,145.479,486.896
2244,81,255,715.475,488.068
2245,60,255,953.217,486.950
2246,87,255,1182.557,487.362
2247,75,255,1388.220,486.673
2248,84,255,1439.679,486.952
2249,76,255,1527.816,486.276
2250,59,255,82.805,487.195
2251,59,255,1098.093,487.161
2252,122,255,1247.918,490.549
2253,75,255,1280.007,487.927
2254,83,255,1331.982,488.801
2255,59,255,1417.331,487.754
2256,82,255,1482.671,488.537
2257,101,255,324.391,489.837
2258,121,255,557.145,490.269
2259,103,255,585.966,490.005
2260,87,255,783.971,489.856
2261,60,255,1025.383,489.617
2262,71,255,237.317,490.556
2263,91,255,644.863,491.456
2264,43,255,734.291,488.965
2265,26,255,1014.615,488.385
2266,38,255,567.079,491.158
2267,49,255,976.439,490.806
2268,56,255,1409.946,492.161
2269,47,255,76.245,492.351
2270,65,255,158.485,492.746
2271,84,255,834.476,493.964
2272,64,255,856.891,492.609
2273,79,255,13.323,494.070
2274,46,255,182.304,492.370
2275,84,255,289.179,493.155
2276,72,255,869.875,494.542
2277,138,255,1202.152,498.152
2278,52,255,1428.442,494.250
2279,103,255,1586.316,495.723
2280,111,255,381.896,497.311
2281,55,255,624.555,494.809
2282,61,255,748.648,494.811
2283,117,255,1513.073,496.261
2284,26,255,1552.885,493.423
2285,98,255,120.092,496.582
2286,114,255,257.658,497.404
2287,81,255,480.870,495.883
2288,52,255,659.962,495.250
2289,99,255,911.955,497.066
2290,67,255,1052.813,496.201
2291,45,255,1366.233,495.100
2292,72,255,1448.167,495.806
2293,132,255,97.545,499.227
2294,86,255,426.500,498.547
2295,74,255,1140.351,496.189
2296,35,255,1285.414,495.043
2297,74,255,219.473,498.635
2298,42,255,274.310,496.643
2299,77,255,342.123,497.864
2300,56,255,492.214,497.946
2301,29,255,700.914,496.224
2302,72,255,811.069,497.764
2303,92,255,1173.467,498.609
2304,70,255,1532.343,497.643
2305,52,255,1033.731,498.308
2306,43,255,1122.616,497.616
2307,30,255,109.433,498.667
2308,58,255,1272.983,499.466
2309,58,255,41.638,500.293
2310,36,255,441.111,499.750
2311,85,255,617.794,502.535
2312,109,255,935.252,503.665
2313,72,255,1357.389,501.403
2314,44,255,1499.455,499.955
2315,34,255,232.529,500.235
2316,71,255,451.472,501.768
2317,55,255,573.100,502.209
2318,66,255,924.470,501.652
2319,47,255,168.521,501.670
2320,43,255,179.779,501.151
2321,60,255,540.133,501.600
2322,63,255,142.119,503.024
2323,56,255,413.804,503.946
2324,56,255,500.857,504.607
2325,70,255,512.286,504.743
2326,50,255,600.080,504.160
2327,153,255,312.356,508.160
2328,25,255,565.140,503.380
2329,119,255,883.853,506.576
2330,144,255,1319.972,508.215
2331,46,255,333.391,505.587
2332,30,255,580.233,504.700
2333,63,255,694.548,505.103
2334,86,255,785.814,506.326
2335,54,255,977.741,505.537
2336,153,255,1015.016,508.984
2337,44,255,1044.568,505.159
2338,95,255,1107.711,506.689
2339,158,255,1226.475,508.823
2340,43,255,1254.663,505.314
2341,76,255,1340.500,506.000
2342,130,255,1564.777,508.985
2343,32,255,106.188,506.094
2344,51,255,950.147,505.951
2345,43,255,1069.872,505.523
2346,40,255,1521.250,506.100
2347,51,255,128.343,507.461
2348,128,255,275.805,508.742
2349,74,255,1408.514,507.878
2350,53,255,29.915,508.179
2351,45,255,209.500,508.500
2352,31,255,677.565,507.081
2353,69,255,1285.587,508.601
2354,67,255,1450.261,508.425
2355,62,255,53.032,509.161
2356,45,255,149.300,509.900
2357,70,255,298.657,509.371
2358,111,255,354.419,512.113
2359,62,255,463.581,509.952
2360,41,255,1491.012,509.841
2361,94,255,12.457,510.447
2362,91,255,159.951,510.962
2363,49,255,178.500,509.827
2364,109,255,394.803,512.720
2365,100,255,721.130,512.170
2366,73,255,751.171,510.253
2367,84,255,803.071,511.393
2368,94,255,1244.085,511.723
2369,45,255,40.789,510.367
2370,138,255,226.457,512.370
2371,56,255,555.589,511.089
2372,91,255,770.566,512.071
2373,54,255,836.870,511.759
2374,93,255,1383.672,513.242
2375,60,255,1553.417,511.633
2376,61,255,1575.877,512.041
2377,44,255,521.477,513.250
2378,67,255,542.455,513.201
2379,125,255,324.756,516.164
2380,77,255,480.682,514.994
2381,55,255,640.027,514.391
2382,35,255,991.471,513.471
2383,71,255,1531.894,515.092
2384,46,255,71.696,515.348
2385,68,255,382.632,516.397
2386,41,255,671.573,515.110
2387,47,255,1585.011,514.245
2388,79,255,528.981,518.044
2389,42,255,629.095,516.595
2390,56,255,651.036,517.714
2391,51,255,737.206,516.618
2392,91,255,897.126,518.709
2393,52,255,1052.077,517.115
2394,89,255,1268.938,518.017
2395,55,255,1541.755,517.300
2396,57,255,17.553,518.307
2397,55,255,32.464,517.700
2398,58,255,125.914,517.431
2399,26,255,792.500,517.154
2400,50,255,912.800,517.840
2401,24,255,1064.417,516.583
2402,138,255,1137.572,521.261
2403,55,255,1304.536,518.700
2404,48,255,196.833,518.521
2405,32,255,997.594,517.906
2406,45,255,1151.256,519.656
2407,85,255,1255.759,520.618
2408,70,255,875.043,520.500
2409,140,255,1105.550,522.821
2410,38,255,1461.079,520.079
2411,45,255,81.611,521.522
2412,91,255,246.467,521.544
2413,33,255,705.318,520.076
2414,48,255,822.583,520.354
2415,127,255,1345.539,524.980
2416,107,255,94.444,524.098
2417,39,255,549.731,521.295
2418,31,255,665.306,520.887
2419,68,255,957.765,521.750
2420,54,255,1176.481,521.352
2421,84,255,1395.000,523.655
2422,91,255,167.654,523.962
2423,134,255,183.261,527.149
2424,100,255,1322.400,524.530
2425,127,255,1408.886,526.476
2426,36,255,597.528,523.444
2427,68,255,626.221,525.206
2428,67,255,974.604,524.112
2429,81,255,1592.920,526.019
2430,63,255,112.897,525.198
2431,34,255,508.324,524.118
2432,62,255,783.855,525.484
2433,52,255,862.212,524.981
2434,94,255,1060.926,525.713
2435,85,255,1122.018,527.300
2436,123,255,1208.069,526.711
2437,28,255,498.214,524.857
2438,23,255,555.587,525.065
2439,62,255,587.113,526.581
2440,106,255,762.132,527.575
2441,68,255,913.309,526.000
2442,47,255,991.862,526.309
2443,57,255,133.342,526.991
2444,107,255,466.061,528.977
2445,109,255,1501.271,529.867
2446,34,255,60.706,528.235
2447,60,255,200.700,528.000
2448,95,255,428.837,531.016
2449,23,255,721.065,527.500
2450,59,255,1157.941,528.364
2451,40,255,1542.350,528.025
2452,23,255,123.065,527.761
2453,90,255,311.589,531.278
2454,98,255,366.939,531.020
2455,101,255,523.213,530.619
2456,42,255,649.500,527.524
2457,26,255,706.269,528.000
2458,33,255,729.409,528.348
2459,23,255,157.587,528.978
2460,140,255,403.629,533.286
2461,49,255,489.867,530.357
2462,104,255,46.587,533.269
2463,141,255,226.060,535.089
2464,89,255,252.197,532.197
2465,64,255,276.891,530.797
2466,48,255,291.458,531.792
2467,68,255,603.441,531.794
2468,76,255,875.289,530.921
2469,40,255,1018.125,530.200
2470,29,255,1133.362,529.879
2471,69,255,1182.746,532.848
2472,45,255,749.322,532.167
2473,55,255,794.318,531.827
2474,40,255,1419.775,531.575
2475,37,255,300.284,533.203
2476,29,255,334.017,532.397
2477,62,255,737.403,534.645
2478,125,255,954.780,535.268
2479,37,255,1046.878,532.473
2480,95,255,1083.374,534.142
2481,89,255,1464.860,534.534
2482,53,255,21.387,533.575
2483,20,255,415.400,532.800
2484,69,255,645.761,535.630
2485,116,255,695.466,536.897
2486,42,255,1242.905,533.714
2487,100,255,1275.900,535.960
2488,32,255,1531.156,533.844
2489,45,255,571.611,534.856
2490,129,255,78.058,540.857
2491,74,255,323.432,537.541
2492,48,255,613.896,535.958
2493,50,255,722.620,535.240
2494,61,255,977.680,537.205
2495,101,255,1029.649,536.530
2496,97,255,1169.758,537.325
2497,61,255,383.746,537.500
2498,41,255,444.378,536.793
2499,80,255,503.525,539.362
2500,77,255,810.630,538.721
2501,28,255,1107.179,535.929
2502,102,255,659.510,540.216
2503,43,255,680.988,538.407
2504,115,255,825.891,540.570
2505,123,255,839.801,540.573
2506,27,255,1145.981,536.907
2507,77,255,549.721,540.461
2508,24,255,584.292,538.167
2509,59,255,888.788,538.873
2510,84,255,1006.810,539.964
2511,44,255,274.477,540.045
2512,66,255,763.227,540.939
2513,144,255,924.236,542.417
2514,63,255,1121.817,539.532
2515,126,255,1221.738,544.048
2516,108,255,1579.611,542.537
2517,38,255,355.263,540.053
2518,50,255,492.700,541.720
2519,22,255,909.864,539.636
2520,42,255,1230.833,541.524
2521,59,255,1391.161,541.483
2522,67,255,1411.187,541.799
2523,86,255,562.267,543.209
2524,33,255,1380.076,541.439
2525,81,255,1485.846,543.846
2526,58,255,116.379,543.586
2527,83,255,126.367,543.837
2528,32,255,773.406,542.000
2529,61,255,799.844,544.270
2530,28,255,1420.964,542.714
2531,67,255,3.037,546.187
2532,65,255,347.100,544.854
2533,53,255,755.330,544.991
2534,163,255,1195.752,546.199
2535,52,255,1368.692,543.846
2536,49,255,1569.806,544.704
2537,113,255,626.659,546.704
2538,135,255,866.152,548.567
2539,117,255,938.355,548.329
2540,45,255,30.700,544.856
2541,65,255,533.346,546.300
2542,98,255,610.490,547.112
2543,141,255,725.273,548.691
2544,38,255,742.026,546.184
2545,45,255,1519.433,545.967
2546,35,255,431.757,546.329
2547,57,255,1317.518,547.991
2548,35,255,877.929,547.586
2549,87,255,898.902,549.776
2550,106,255,1044.708,549.660
2551,77,255,244.695,550.968
2552,79,255,257.285,550.690
2553,33,255,667.409,548.652
2554,33,255,704.530,548.439
2555,67,255,982.455,549.619
2556,75,255,1462.553,550.233
2557,62,255,1471.855,550.597
2558,62,255,309.097,552.000
2559,39,255,578.808,548.705
2560,27,255,993.426,549.093
2561,96,255,1025.927,550.688
2562,47,255,1124.968,549.436
2563,68,255,57.941,551.250
2564,91,255,169.984,551.852
2565,24,255,780.083,549.333
2566,86,255,1007.337,551.302
2567,71,255,1490.965,553.627
2568,70,255,151.171,552.629
2569,100,255,698.140,554.300
2570,75,255,886.913,553.087
2571,62,255,1373.500,552.468
2572,113,255,547.119,554.854
2573,55,255,849.045,553.773
2574,67,255,1136.858,554.201
2575,37,255,1290.392,552.203
2576,92,255,1446.424,554.011
2577,81,255,26.216,555.216
2578,70,255,140.157,554.871
2579,57,255,213.921,554.009
2580,38,255,318.447,554.605
2581,24,255,353.375,553.292
2582,30,255,734.867,553.433
2583,37,255,773.176,554.203
2584,80,255,958.138,557.075
2585,53,255,1115.198,554.500
2586,126,255,1244.127,555.183
2587,34,255,1269.735,553.676
2588,27,255,1598.204,554.093
2589,79,255,197.424,556.209
2590,95,255,378.289,555.121
2591,45,255,424.144,554.967
2592,40,255,570.875,555.025
2593,56,255,749.589,555.250
2594,61,255,1068.648,554.959
2595,101,255,1082.381,556.906
2596,111,255,1354.185,557.662
2597,81,255,1506.080,556.500
2598,52,255,275.654,556.404
2599,68,255,683.471,556.441
2600,72,255,1431.472,557.597
2601,123,255,363.061,560.443
2602,111,255,810.158,559.194
2603,69,255,1153.848,557.616
2604,47,255,182.585,557.989
2605,39,255,433.192,558.244
2606,85,255,483.959,560.418
2607,39,255,988.962,557.577
2608,73,255,1095.021,559.418
2609,77,255,1333.253,558.890
2610,54,255,1404.963,558.167
2611,22,255,1420.591,556.409
2612,56,255,54.482,559.161
2613,42,255,403.238,558.238
2614,47,255,444.138,560.074
2615,64,255,519.297,560.344
2616,32,255,832.250,558.469
2617,62,255,123.855,560.532
2618,122,255,291.090,562.344
2619,102,255,611.304,561.324
2620,34,255,779.500,559.000
2621,25,255,658.260,559.460
2622,44,255,1554.568,561.000
2623,67,255,234.813,562.351
2624,38,255,254.316,561.289
2625,97,255,1383.644,563.964
2626,50,255,491.440,563.580
2627,53,255,917.594,563.689
2628,42,255,1463.262,561.905
2629,93,255,71.597,564.425
2630,70,255,574.571,564.800
2631,142,255,631.676,566.817
2632,67,255,840.739,564.619
2633,83,255,1282.018,566.054
2634,93,255,408.349,566.683
2635,69,255,460.587,566.906
2636,133,255,505.440,568.026
2637,63,255,534.325,565.071
2638,43,255,725.872,564.407
2639,74,255,760.324,566.838
2640,70,255,888.171,565.314
2641,84,255,932.845,565.452
2642,46,255,982.022,565.239
2643,46,255,43.870,565.522
2644,97,255,169.490,566.119
2645,77,255,320.227,566.422
2646,44,255,425.000,565.000
2647,33,255,590.076,564.924
2648,58,255,1182.534,566.259
2649,132,255,1206.848,569.439
2650,41,255,33.768,566.573
2651,38,255,105.921,566.579
2652,55,255,786.809,567.627
2653,146,255,865.075,569.507
2654,68,255,899.721,568.044
2655,89,255,1045.062,567.815
2656,128,255,1230.312,569.812
2657,22,255,1435.500,565.909
2658,48,255,304.229,568.167
2659,46,255,1004.065,568.500
2660,61,255,1252.926,568.680
2661,85,255,1419.335,570.041
2662,66,255,1469.485,568.864
2663,42,255,1575.833,567.952
2664,134,255,379.478,571.619
2665,120,255,555.775,571.067
2666,100,255,1268.230,570.540
2667,84,255,1404.964,570.024
2668,120,255,24.475,574.200
2669,42,255,187.548,569.762
2670,62,255,777.855,570.903
2671,78,255,1505.436,571.603
2672,70,255,1541.600,570.286
2673,31,255,583.532,570.597
2674,147,255,805.241,573.697
2675,52,255,1065.846,570.404
2676,146,255,1122.432,574.801
2677,56,255,95.339,572.643
2678,30,255,603.633,570.767
2679,82,255,656.476,573.549
2680,83,255,1329.801,573.235
2681,56,255,232.625,572.929
2682,55,255,245.518,573.136
2683,26,255,329.654,572.269
2684,92,255,683.076,574.924
2685,167,255,1031.793,576.344
2686,53,255,1297.028,572.538
2687,104,255,1519.125,575.077
2688,75,255,8.580,574.940
2689,48,255,315.562,574.021
2690,80,255,1159.987,574.688
2691,35,255,593.071,574.557
2692,100,255,669.390,576.690
2693,43,255,730.151,574.779
2694,30,255,832.867,573.867
2695,33,255,1059.409,574.470
2696,104,255,1106.452,576.375
2697,95,255,1184.774,576.995
2698,93,255,139.317,577.414
2699,47,255,338.755,576.351
2700,57,255,958.096,577.289
2701,51,255,1430.324,576.304
2702,85,255,533.429,578.371
2703,103,255,1457.966,578.655
2704,85,255,1560.253,578.665
2705,43,255,1571.547,577.035
2706,30,255,275.133,577.133
2707,100,255,472.280,579.700
2708,33,255,739.712,577.136
2709,56,255,1073.482,578.661
2710,56,255,1145.250,577.321
2711,40,255,1287.800,577.475
2712,87,255,1351.649,579.534
2713,44,255,1530.909,578.227
2714,68,255,83.971,579.735
2715,38,255,365.526,578.947
2716,81,255,998.253,579.340
2717,55,255,1364.209,578.645
2718,82,255,1592.720,580.768
2719,61,255,181.746,580.057
2720,38,255,215.132,579.342
2721,21,255,303.976,578.500
2722,184,255,970.679,583.446
2723,40,255,1552.000,580.300
2724,26,255,41.846,579.500
2725,126,255,68.214,581.944
2726,94,255,196.809,581.809
2727,86,255,625.558,583.279
2728,60,255,417.867,582.650
2729,26,255,837.154,581.192
2730,32,255,844.781,581.656
2731,51,255,1055.382,582.343
2732,45,255,1417.833,581.367
2733,121,255,1441.335,585.178
2734,127,255,1534.862,587.524
2735,64,255,692.891,584.594
2736,63,255,1015.675,583.611
2737,84,255,1231.643,584.464
2738,49,255,1510.031,584.153
2739,98,255,294.510,586.694
2740,140,255,442.636,588.293
2741,66,255,713.288,585.439
2742,116,255,1269.629,587.707
2743,69,255,213.616,587.471
2744,26,255,308.231,583.808
2745,53,255,500.500,586.406
2746,46,255,558.500,585.174
2747,99,255,729.641,588.944
2748,133,255,745.898,590.372
2749,108,255,793.935,587.583
2750,100,255,851.960,588.930
2751,35,255,881.357,584.929
2752,88,255,1300.841,586.614
2753,46,255,32.130,586.696
2754,110,255,525.091,589.091
2755,55,255,764.318,587.736
2756,61,255,922.156,587.369
2757,38,255,1364.895,586.526
2758,84,255,45.000,589.357
2759,43,255,588.453,587.802
2760,34,255,929.206,588.000
2761,86,255,1202.535,588.744
2762,64,255,229.422,589.328
2763,55,255,483.936,588.882
2764,84,255,891.405,589.917
2765,38,255,1039.316,588.868
2766,32,255,1373.250,589.781
2767,61,255,1406.582,588.713
2768,65,255,124.362,591.300
2769,89,255,255.871,591.444
2770,112,255,649.759,592.473
2771,95,255,995.458,591.405
2772,69,255,1580.877,590.703
2773,89,255,425.253,593.174
2774,52,255,873.962,591.769
2775,20,255,1028.000,589.800
2776,49,255,139.418,592.847
2777,67,255,149.067,591.873
2778,122,255,602.115,593.926
2779,128,255,1067.625,594.836
2780,59,255,1158.161,591.856
2781,55,255,343.645,593.973
2782,120,255,385.658,596.033
2783,77,255,1133.682,594.630
2784,51,255,1323.559,593.755
2785,58,255,28.345,595.466
2786,113,255,175.199,596.836
2787,103,255,195.277,595.160
2788,147,255,279.690,596.500
2789,79,255,310.715,594.335
2790,66,255,412.424,595.076
2791,102,255,1018.245,596.039
2792,81,255,1109.241,594.735
2793,61,255,1222.107,595.057
2794,26,255,319.500,594.000
2795,66,255,331.197,595.061
2796,41,255,453.988,595.110
2797,83,255,464.825,596.645
2798,136,255,556.544,597.713
2799,26,255,1330.692,594.192
2800,74,255,771.554,597.230
2801,78,255,1240.462,597.051
2802,114,255,81.965,598.649
2803,157,255,693.997,599.596
2804,77,255,714.279,597.396
2805,27,255,906.907,596.648
2806,55,255,916.209,599.645
2807,75,255,1044.553,598.113
2808,77,255,1566.396,597.539
2809,79,255,220.867,599.133
2810,39,255,816.346,598.090
2811,28,255,881.286,598.536
2812,57,255,950.360,599.728
2813,70,255,1057.143,599.686
2814,23,255,1170.196,598.630
2815,92,255,1309.707,601.065
2816,33,255,1262.924,598.924
2817,64,255,1453.922,600.484
2818,96,255,1552.427,601.875
2819,36,255,95.528,600.806
2820,50,255,1123.100,600.720
2821,46,255,1177.696,601.391
2822,123,255,1584.524,604.646
2823,93,255,756.371,602.747
2824,79,255,785.918,603.120
2825,32,255,797.062,601.062
2826,76,255,890.171,603.197
2827,53,255,939.142,601.972
2828,107,255,1155.033,603.621
2829,56,255,1421.982,601.589
2830,71,255,1466.415,603.880
2831,106,255,1508.755,604.387
2832,74,255,1596.811,604.108
2833,73,255,118.130,604.733
2834,57,255,846.763,603.219
2835,49,255,1140.459,603.357
2836,47,255,1392.585,601.968
2837,104,255,203.173,605.548
2838,81,255,352.895,605.228
2839,94,255,481.862,605.000
2840,100,255,1278.270,605.260
2841,49,255,54.255,605.459
2842,32,255,674.656,603.781
2843,59,255,868.737,605.788
2844,139,255,1200.162,607.363
2845,98,255,1368.173,607.439
2846,83,255,152.042,607.837
2847,39,255,664.628,606.115
2848,72,255,823.431,607.153
2849,52,255,835.981,605.962
2850,89,255,1249.657,607.421
2851,119,255,1326.903,608.433
2852,44,255,248.159,607.682
2853,73,255,437.623,607.322
2854,41,255,462.085,605.841
2855,97,255,502.098,608.191
2856,53,255,638.613,607.594
2857,128,255,1113.312,609.812
2858,99,255,7.247,610.561
2859,75,255,565.980,609.940
2860,51,255,575.343,608.539
2861,73,255,590.829,609.267
2862,50,255,602.420,608.280
2863,76,255,733.053,609.987
2864,52,255,765.192,609.981
2865,24,255,1008.000,607.000
2866,91,255,1417.500,609.291
2867,137,255,1085.515,612.215
2868,50,255,1291.740,610.600
2869,46,255,1521.717,609.696
2870,88,255,261.477,611.693
2871,29,255,275.259,611.293
2872,75,255,983.967,611.287
2873,116,255,1439.448,613.069
2874,20,255,532.250,610.350
2875,57,255,933.711,611.535
2876,150,255,949.167,617.367
2877,68,255,964.309,612.353
2878,91,255,1482.676,613.577
2879,116,255,85.147,614.664
2880,82,255,231.244,614.561
2881,65,255,310.315,613.408
2882,54,255,371.870,613.019
2883,82,255,649.756,613.890
2884,103,255,811.898,615.451
2885,120,255,996.808,616.300
2886,72,255,1128.083,614.500
2887,90,255,1382.833,615.233
2888,75,255,1395.340,614.020
2889,20,255,241.550,612.850
2890,24,255,397.042,613.125
2891,72,255,1356.028,615.583
2892,50,255,1565.700,613.540
2893,30,255,447.300,613.767
2894,28,255,474.643,613.536
2895,111,255,787.878,617.563
2896,47,255,910.202,615.330
2897,45,255,1526.656,615.789
2898,124,255,107.016,617.298
2899,131,255,1147.615,618.309
2900,53,255,1171.443,616.123
2901,70,255,1552.100,616.671
2902,100,255,135.920,617.610
2903,62,255,416.645,617.355
2904,32,255,686.469,615.750
2905,84,255,724.071,617.988
2906,80,255,876.900,618.125
2907,146,255,895.144,619.733
2908,95,255,1058.932,617.647
2909,59,255,1342.212,618.212
2910,60,255,221.533,618.483
2911,54,255,430.981,618.630
2912,22,255,463.500,616.636
2913,35,255,555.671,617.614
2914,24,255,755.458,616.500
2915,73,255,1191.637,618.596
2916,39,255,1503.192,616.551
2917,84,255,60.524,620.274
2918,51,255,358.225,618.382
2919,31,255,629.726,618.339
2920,53,255,669.802,618.500
2921,118,255,974.653,622.915
2922,54,255,1578.019,619.870
2923,64,255,24.656,621.312
2924,71,255,202.599,621.401
2925,54,255,498.241,620.907
2926,88,255,621.182,623.955
2927,55,255,1013.882,621.555
2928,44,255,1210.068,619.545
2929,53,255,47.632,621.670
2930,64,255,258.609,621.625
2931,51,255,523.029,622.069
2932,59,255,602.534,622.483
2933,60,255,1300.467,623.033
2934,70,255,1495.343,623.386
2935,64,255,1521.188,622.469
2936,22,255,14.136,621.955
2937,53,255,278.462,623.028
2938,55,255,715.300,623.082
2939,36,255,759.833,622.889
2940,83,255,1249.223,624.994
2941,80,255,1446.688,624.337
2942,26,255,345.769,623.077
2943,79,255,443.703,624.968
2944,43,255,591.035,623.314
2945,20,255,641.750,622.050
2946,73,255,657.500,625.582
2947,96,255,688.677,624.865
2948,29,255,923.328,624.086
2949,109,255,1043.491,625.628
2950,34,255,1234.647,622.912
2951,27,255,1558.315,622.907
2952,88,255,536.591,626.000
2953,71,255,851.063,626.049
2954,63,255,1027.944,626.056
2955,72,255,1172.167,625.069
2956,96,255,1268.208,625.333
2957,31,255,768.371,625.435
2958,28,255,1085.107,624.321
2959,22,255,314.227,625.182
2960,39,255,747.449,627.090
2961,114,255,1217.982,627.675
2962,32,255,1314.062,626.062
2963,43,255,293.314,629.500
2964,46,255,300.587,628.652
2965,84,255,377.762,629.298
2966,36,255,670.778,627.028
2967,53,255,837.896,628.613
2968,42,255,1280.476,627.952
2969,108,255,1385.269,632.176
2970,78,255,15.821,629.218
2971,57,255,104.921,628.219
2972,38,255,168.421,628.447
2973,114,255,180.605,631.632
2974,102,255,268.186,630.990
2975,32,255,393.812,627.594
2976,47,255,596.266,629.117
2977,46,255,643.478,629.043
2978,40,255,1186.200,627.725
2979,47,255,1485.947,628.649
2980,70,255,1545.314,630.257
2981,93,255,119.016,632.081
2982,105,255,408.014,630.367
2983,100,255,786.950,631.690
2984,67,255,1098.500,630.560
2985,68,255,1231.721,631.176
2986,46,255,1411.283,628.891
2987,52,255,91.096,630.500
2988,47,255,192.543,632.670
2989,64,255,873.016,631.891
2990,23,255,1057.370,629.109
2991,132,255,1123.470,633.182
2992,53,255,1574.858,630.745
2993,49,255,466.418,632.051
2994,75,255,634.020,633.807
2995,54,255,1196.741,632.019
2996,36,255,1553.500,631.000
2997,44,255,130.545,633.273
2998,60,255,859.100,634.183
2999,59,255,945.551,632.669
3000,97,255,1356.325,633.840
3001,71,255,1404.993,635.655
3002,69,255,322.558,634.703
3003,50,255,499.860,634.700
3004,71,255,567.444,634.472
3005,67,255,822.709,634.515
3006,43,255,476.895,634.849
3007,79,255,337.791,637.158
3008,30,255,516.900,635.467
3009,74,255,736.392,637.311
3010,43,255,800.477,635.942
3011,79,255,1516.032,637.108
3012,105,255,59.367,639.195
3013,44,255,390.909,636.045
3014,51,255,922.343,637.833
3015,110,255,220.527,640.045
3016,81,255,449.957,638.994
3017,89,255,749.882,638.309
3018,34,255,206.088,638.500
3019,101,255,907.272,640.421
3020,106,255,971.604,640.925
3021,75,255,1055.087,639.047
3022,130,255,1258.092,643.523
3023,21,255,304.310,638.548
3024,67,255,556.366,640.410
3025,34,255,848.765,639.294
3026,37,255,1429.257,639.338
3027,62,255,98.355,641.774
3028,92,255,361.315,641.859
3029,48,255,411.167,641.229
3030,116,255,541.612,643.155
3031,78,255,1450.244,642.462
3032,79,255,83.538,642.462
3033,124,255,142.258,644.758
3034,47,255,191.138,643.245
3035,56,255,295.982,642.929
3036,33,255,663.985,641.409
3037,36,255,993.639,640.861
3038,75,255,1314.020,642.553
3039,78,255,1497.538,642.769
3040,48,255,173.542,642.938
3041,63,255,316.611,643.214
3042,39,255,612.321,642.218
3043,63,255,1167.071,642.865
3044,106,255,17.858,645.887
3045,115,255,37.709,644.535
3046,38,255,128.237,643.763
3047,58,255,465.810,644.121
3048,81,255,597.056,644.969
3049,62,255,1118.597,644.565
3050,21,255,1138.310,642.548
3051,33,255,1225.227,642.864
3052,70,255,1437.014,644.929
3053,100,255,1474.100,648.470
3054,54,255,1546.315,644.352
3055,131,255,711.050,646.202
3056,71,255,1028.218,645.923
3057,91,255,1187.049,646.918
3058,57,255,1342.342,645.781
3059,92,255,1464.293,647.609
3060,122,255,1375.590,649.098
3061,120,255,273.683,650.900
3062,135,255,670.374,650.100
3063,71,255,798.866,647.176
3064,52,255,832.000,647.308
3065,59,255,941.127,647.771
3066,57,255,1066.132,647.658
3067,30,255,1090.667,646.733
3068,37,255,1593.068,646.878
3069,62,255,527.048,649.355
3070,46,255,843.761,647.565
3071,41,255,1002.695,648.500
3072,40,255,1079.425,647.050
3073,102,255,255.490,650.520
3074,77,255,896.877,650.149
3075,58,255,1145.293,650.707
3076,33,255,1517.894,647.864
3077,119,255,1561.811,651.525
3078,69,255,235.167,650.225
3079,50,255,287.500,650.940
3080,35,255,564.586,649.271
3081,61,255,579.828,650.533
3082,38,255,915.921,649.947
3083,68,255,1154.912,652.059
3084,65,255,1283.608,650.577
3085,46,255,167.087,650.674
3086,44,255,636.273,649.977
3087,80,255,861.125,651.612
3088,109,255,963.106,652.610
3089,122,255,1098.098,653.492
3090,70,255,91.614,652.143
3091,68,255,201.456,652.118
3092,54,255,221.556,652.000
3093,83,255,747.886,653.404
3094,97,255,1052.820,652.706
3095,108,255,1219.407,653.528
3096,101,255,389.609,653.728
3097,95,255,409.711,653.763
3098,104,255,613.913,655.038
3099,70,255,782.929,655.257
3100,56,255,1010.000,653.429
3101,77,255,1587.539,654.565
3102,41,255,322.402,653.378
3103,47,255,359.904,652.734
3104,60,255,450.000,654.500
3105,97,255,1036.418,655.263
3106,24,255,298.167,653.375
3107,71,255,337.894,655.739
3108,32,255,128.500,655.281
3109,57,255,310.500,655.588
3110,22,255,347.864,655.000
3111,64,255,684.266,656.156
3112,32,255,1516.906,655.156
3113,114,255,697.386,658.816
3114,54,255,833.574,655.907
3115,100,255,986.240,658.930
3116,65,255,426.131,658.454
3117,45,255,508.211,657.300
3118,46,255,657.152,657.696
3119,24,255,1081.167,656.292
3120,46,255,1334.283,657.565
3121,49,255,1405.602,657.622
3122,60,255,1420.817,658.450
3123,105,255,1483.110,660.929
3124,70,255,116.800,660.400
3125,79,255,1072.627,660.437
3126,46,255,1389.261,658.609
3127,49,255,97.908,659.724
3128,39,255,264.372,659.628
3129,80,255,721.100,660.800
3130,89,255,884.522,660.916
3131,35,255,1202.957,658.986
3132,46,255,437.783,660.609
3133,90,255,632.444,661.544
3134,77,255,865.110,663.422
3135,55,255,1043.227,662.136
3136,51,255,24.108,663.029
3137,49,255,360.582,662.480
3138,59,255,1525.839,663.619
3139,37,255,14.581,664.716
3140,109,255,84.739,665.867
3141,31,255,407.016,662.210
3142,65,255,676.392,664.577
3143,48,255,773.229,663.958
3144,29,255,1167.190,663.500
3145,119,255,1451.744,666.181
3146,41,255,469.939,664.232
3147,68,255,555.382,665.706
3148,66,255,836.864,665.424
3149,69,255,1119.906,665.225
3150,26,255,1261.731,664.615
3151,22,255,1312.545,663.000
3152,160,255,1508.106,670.375
3153,25,255,34.980,664.740
3154,80,255,808.038,667.288
3155,77,255,1577.045,666.721
3156,96,255,374.812,669.062
3157,32,255,390.625,665.906
3158,44,255,492.545,666.705
3159,54,255,508.037,666.685
3160,83,255,1205.994,669.982
3161,27,255,1413.241,665.907
3162,85,255,131.735,669.029
3163,94,255,1335.596,668.840
3164,44,255,6.705,669.273
3165,63,255,62.865,668.341
3166,82,255,313.561,669.427
3167,34,255,1007.706,668.794
3168,54,255,1220.537,669.759
3169,51,255,1351.971,668.912
3170,102,255,1430.049,670.480
3171,69,255,198.065,670.514
3172,29,255,363.224,669.155
3173,64,255,714.812,670.641
3174,69,255,1105.804,671.094
3175,54,255,1125.333,670.907
3176,88,255,1159.909,673.466
3177,59,255,1377.398,670.737
3178,87,255,1389.787,670.592
3179,40,255,1532.300,670.850
3180,57,255,121.061,672.658
3181,64,255,234.016,670.734
3182,108,255,1174.167,672.870
3183,23,255,55.326,671.065
3184,59,255,108.178,672.839
3185,31,255,453.500,670.500
3186,22,255,96.000,672.000
3187,78,255,426.538,673.756
3188,75,255,608.447,674.327
3189,63,255,772.230,672.770
3190,89,255,1553.624,674.635
3191,62,255,77.323,674.452
3192,65,255,173.515,675.223
3193,66,255,892.758,674.348
3194,36,255,942.278,673.250
3195,114,255,1138.825,677.175
3196,53,255,1148.142,673.858
3197,83,255,1593.259,675.343
3198,96,255,40.885,676.198
3199,60,255,285.650,675.617
3200,102,255,652.657,676.137
3201,74,255,794.068,675.500
3202,58,255,1050.310,674.707
3203,87,255,1063.247,676.408
3204,29,255,1479.534,674.086
3205,67,255,216.261,677.321
3206,57,255,303.447,676.588
3207,62,255,468.839,676.452
3208,45,255,671.611,675.100
3209,86,255,701.151,676.442
3210,42,255,1358.238,676.119
3211,49,255,1524.745,676.133
3212,100,255,264.350,678.390
3213,46,255,333.674,676.326
3214,26,255,981.346,675.423
3215,53,255,1029.142,677.123
3216,82,255,1091.122,678.098
3217,69,255,1299.442,679.312
3218,63,255,186.579,678.675
3219,64,255,830.688,678.266
3220,67,255,1577.590,678.216
3221,53,255,60.481,678.613
3222,75,255,243.020,679.553
3223,66,255,626.167,680.303
3224,63,255,733.135,679.548
3225,57,255,223.781,680.939
3226,88,255,1211.170,680.920
3227,55,255,1409.027,680.809
3228,34,255,139.059,680.794
3229,34,255,355.500,680.000
3230,28,255,481.571,679.000
3231,60,255,562.150,681.383
3232,63,255,573.992,681.484
3233,131,255,593.004,682.057
3234,68,255,812.941,681.794
3235,38,255,902.711,680.395
3236,60,255,988.983,681.617
3237,36,255,527.194,681.889
3238,56,255,711.071,682.714
3239,21,255,1019.310,679.929
3240,70,255,1196.371,682.929
3241,63,255,1317.706,682.833
3242,116,255,1366.526,686.422
3243,57,255,1471.184,682.447
3244,28,255,1518.321,681.714
3245,70,255,97.171,683.514
3246,76,255,405.158,683.645
3247,63,255,745.183,684.262
3248,33,255,846.167,682.924
3249,59,255,952.890,683.076
3250,50,255,1080.120,682.400
3251,45,255,388.167,683.789
3252,51,255,668.127,683.657
3253,39,255,803.013,683.808
3254,38,255,935.553,683.342
3255,23,255,1308.717,683.196
3256,64,255,291.359,685.172
3257,80,255,487.238,686.138
3258,28,255,536.036,684.357
3259,41,255,545.646,685.427
3260,60,255,1333.567,685.900
3261,33,255,4.500,685.500
3262,27,255,175.056,684.796
3263,89,255,331.635,687.511
3264,44,255,358.523,686.091
3265,38,255,473.974,685.895
3266,49,255,518.418,686.847
3267,83,255,1261.994,687.187
3268,42,255,1438.357,685.429
3269,45,255,830.856,686.167
3270,52,255,945.519,687.923
3271,32,255,1047.625,685.938
3272,85,255,1227.912,687.218
3273,101,255,36.668,688.916
3274,76,255,81.947,688.316
3275,95,255,505.058,689.763
3276,102,255,885.078,689.196
3277,78,255,164.744,690.538
3278,66,255,193.121,690.561
3279,66,255,210.833,689.500
3280,55,255,767.082,688.955
3281,75,255,787.900,689.833
3282,30,255,1056.767,688.667
3283,57,255,1383.482,689.640
3284,116,255,1545.181,692.733
3285,79,255,269.766,692.348
3286,75,255,457.047,691.287
3287,39,255,568.372,690.628
3288,116,255,686.526,693.905
3289,59,255,719.924,691.500
3290,64,255,1454.297,691.469
3291,53,255,1474.443,692.160
3292,36,255,1497.111,691.056
3293,96,255,438.979,693.312
3294,78,255,899.654,692.321
3295,54,255,1107.722,691.537
3296,36,255,1165.667,691.361
3297,98,255,138.214,694.347
3298,57,255,179.447,693.079
3299,111,255,622.086,696.275
3300,54,255,728.648,694.019
3301,65,255,988.854,692.562
3302,50,255,1152.840,692.740
3303,37,255,1187.851,691.635
3304,80,255,1210.100,694.538
3305,111,255,1439.392,695.086
3306,35,255,752.071,693.557
3307,59,255,233.415,697.144
3308,29,255,319.259,694.707
3309,23,255,702.630,693.761
3310,67,255,802.500,695.381
3311,105,255,843.481,697.043
3312,98,255,864.816,697.520
3313,37,255,1006.257,693.905
3314,27,255,1116.426,694.648
3315,62,255,1490.419,695.565
3316,63,255,1576.786,695.675
3317,97,255,19.675,696.902
3318,72,255,576.986,697.375
3319,22,255,761.455,694.773
3320,112,255,1127.304,697.955
3321,89,255,1398.972,697.567
3322,80,255,292.150,697.862
3323,97,255,345.851,698.314
3324,21,255,415.548,695.310
3325,78,255,671.962,697.551
3326,113,255,959.412,699.748
3327,61,255,1045.500,697.500
3328,87,255,1329.914,697.534
3329,30,255,1465.967,696.167
3330,89,255,3.129,700.927
3331,46,255,283.370,698.935
3332,56,255,813.286,698.554
3333,117,255,916.739,701.252
3334,53,255,935.292,698.047
3335,151,255,1061.361,701.924
3336,90,255,1096.167,698.900
3337,60,255,1585.483,698.017
3338,38,255,37.289,697.763
3339,61,255,78.516,699.189
3340,43,255,122.151,698.895
3341,62,255,378.419,699.774
3342,63,255,542.738,699.198
3343,47,255,770.862,698.628
3344,87,255,1143.132,699.787
3345,81,255,1294.080,699.796
3346,28,255,1565.500,698.000
3347,54,255,1162.333,699.870
3348,34,255,329.382,699.529
3349,24,255,450.792,699.458
3350,54,255,1225.481,700.778
3351,96,255,1248.240,703.490
3352,65,255,209.162,701.638
3353,56,255,511.500,702.732
3354,52,255,700.327,701.654
3355,82,255,971.671,703.439
3356,75,255,1186.353,702.367
3357,97,255,1267.263,703.603
3358,56,255,1306.393,702.000
3359,66,255,1352.500,703.000
3360,30,255,100.767,702.733
3361,30,255,643.133,702.000
3362,56,255,902.964,703.411
3363,51,255,1013.598,703.637
3364,87,255,1076.420,703.810
3365,61,255,390.844,703.959
3366,90,255,751.756,704.900
3367,28,255,1000.893,702.679
3368,46,255,1467.196,703.000
3369,86,255,50.279,706.826
3370,54,255,1484.000,705.204
3371,42,255,31.952,705.405
3372,51,255,549.422,706.167
3373,41,255,610.256,705.817
3374,50,255,728.360,704.900
3375,75,255,1212.460,708.393
3376,55,255,1380.209,706.536
3377,39,255,256.526,706.295
3378,93,255,268.188,709.210
3379,42,255,364.857,706.095
3380,111,255,598.581,709.401
3381,103,255,950.772,710.160
3382,58,255,1312.534,708.224
3383,50,255,1415.800,706.080
3384,20,255,1495.750,706.100
3385,43,255,151.826,707.663
3386,77,255,307.721,708.643
3387,80,255,436.100,709.125
3388,47,255,501.011,708.032
3389,109,255,565.491,710.711
3390,67,255,72.082,709.366
3391,81,255,199.969,710.117
3392,107,255,419.229,709.014
3393,93,255,636.780,710.285
3394,54,255,681.259,709.130
3395,47,255,937.160,709.521
3396,37,255,1166.743,708.203
3397,42,255,1221.905,708.714
3398,54,255,115.111,709.889
3399,42,255,664.690,709.881
3400,64,255,1234.922,710.641
3401,122,255,1324.697,711.705
3402,83,255,1586.681,710.681
3403,51,255,280.363,710.912
3404,55,255,386.682,711.355
3405,46,255,491.239,710.891
3406,59,255,770.331,710.534
3407,95,255,172.868,712.563
3408,84,255,476.655,712.714
3409,70,255,691.257,713.343
3410,63,255,1118.881,711.802
3411,56,255,1146.464,711.357
3412,51,255,1505.951,712.696
3413,44,255,448.886,713.591
3414,61,255,581.270,714.156
3415,53,255,791.575,712.953
3416,73,255,1026.062,713.459
3417,28,255,317.786,714.000
3418,63,255,896.230,714.865
3419,26,255,1262.846,712.500
3420,82,255,1283.890,716.061
3421,75,255,1433.087,714.633
3422,68,255,1478.324,714.588
3423,20,255,1598.650,714.300
3424,25,255,299.460,714.260
3425,49,255,508.969,715.276
3426,46,255,782.717,714.587
3427,48,255,366.521,717.812
3428,115,255,547.552,718.187
3429,123,255,1196.841,718.459
3430,95,255,1411.489,716.921
3431,44,255,456.295,716.932
3432,80,255,521.450,718.337
3433,35,255,532.300,717.414
3434,63,255,747.802,716.976
3435,63,255,1373.944,717.246
3436,121,255,1567.186,718.607
3437,50,255,37.740,718.600
3438,64,255,141.578,717.266
3439,85,255,1173.571,720.876
3440,68,255,1219.882,719.191
3441,20,255,1293.250,717.550
3442,57,255,1495.816,719.728
3443,131,255,1533.851,722.630
3444,50,255,128.260,719.740
3445,38,255,498.553,719.421
3446,95,255,714.763,720.637
3447,51,255,836.873,719.853
3448,67,255,1141.007,720.366
3449,29,255,1182.534,719.466
3450,73,255,225.527,722.253
3451,65,255,253.238,721.192
3452,86,255,825.279,723.186
3453,41,255,1007.598,719.988
3454,64,255,1110.750,721.766
3455,76,255,1267.855,721.711
3456,85,255,1446.382,721.724
3457,34,255,54.147,721.588
3458,62,255,388.645,721.710
3459,97,255,436.820,724.211
3460,46,255,644.174,722.500
3461,58,255,665.897,721.897
3462,56,255,1036.893,721.161
3463,66,255,1051.061,722.606
3464,98,255,1512.194,724.000
3465,28,255,47.643,722.143
3466,51,255,74.559,722.814
3467,68,255,275.088,722.941
3468,63,255,408.468,723.468
3469,28,255,427.679,721.857
3470,59,255,630.466,723.720
3471,76,255,654.671,723.868
3472,81,255,810.870,723.537
3473,29,255,2.328,723.121
3474,46,255,180.478,725.022
3475,66,255,956.303,723.348
3476,89,255,1073.893,725.770
3477,69,255,1298.674,725.022
3478,76,255,110.684,725.566
3479,93,255,349.651,725.790
3480,68,255,510.750,725.735
3481,59,255,914.246,724.534
3482,24,255,1026.750,724.042
3483,44,255,1059.455,725.386
3484,67,255,26.455,726.201
3485,29,255,242.776,724.879
3486,113,255,453.367,728.836
3487,37,255,465.770,725.554
3488,43,255,592.314,725.523
3489,78,255,1012.718,726.359
3490,59,255,138.331,726.517
3491,32,255,419.219,726.594
3492,62,255,895.371,727.355
3493,42,255,976.167,727.452
3494,87,255,1416.247,728.385
3495,55,255,82.209,727.609
3496,59,255,366.517,728.619
3497,81,255,689.500,730.648
3498,98,255,927.776,728.520
3499,35,255,1367.186,726.557
3500,39,255,191.397,728.936
3501,39,255,581.654,728.987
3502,65,255,609.162,728.885
3503,100,255,1434.770,731.160
3504,74,255,1577.932,730.608
3505,46,255,57.674,730.239
3506,58,255,211.293,730.086
3507,80,255,768.975,730.475
3508,73,255,862.733,729.842
3509,49,255,1263.010,728.786
3510,134,255,1121.134,735.336
3511,61,255,1277.385,731.762
3512,91,255,1356.786,733.687
3513,46,255,46.370,731.304
3514,84,255,233.000,734.000
3515,58,255,245.517,731.983
3516,70,255,323.000,732.257
3517,37,255,721.446,731.770
3518,61,255,1221.057,731.893
3519,57,255,1387.693,732.289
3520,54,255,1569.444,732.000
3521,38,255,257.816,732.895
3522,46,255,300.304,732.348
3523,100,255,1040.990,733.940
3524,31,255,1166.855,732.048
3525,23,255,1446.457,731.761
3526,27,255,173.426,732.426
3527,63,255,392.151,734.230
3528,93,255,884.790,735.790
3529,43,255,964.593,733.756
3530,52,255,1069.115,734.000
3531,81,255,1092.154,735.414
3532,77,255,1405.032,735.110
3533,58,255,197.224,734.414
3534,30,255,714.500,734.000
3535,26,255,906.846,733.769
3536,86,255,954.267,737.302
3537,74,255,984.054,736.365
3538,64,255,1371.188,735.172
3539,70,255,1492.671,735.571
3540,23,255,95.761,734.413
3541,49,255,152.235,736.173
3542,40,255,223.700,735.925
3543,52,255,283.288,736.038
3544,62,255,333.048,738.726
3545,81,255,631.981,735.648
3546,66,255,1333.621,736.470
3547,59,255,487.653,736.788
3548,69,255,820.312,737.036
3549,64,255,832.453,737.344
3550,48,255,1083.208,737.500
3551,65,255,1249.008,737.315
3552,59,255,1456.856,736.771
3553,47,255,65.649,737.138
3554,67,255,109.410,738.709
3555,76,255,136.539,738.579
3556,71,255,165.725,738.768
3557,96,255,525.031,739.146
3558,48,255,644.729,738.167
3559,102,255,660.294,739.873
3560,102,255,783.647,740.696
3561,59,255,1293.839,737.975
3562,87,255,1307.638,738.776
3563,44,255,366.932,738.295
3564,103,255,406.898,742.189
3565,37,255,476.068,738.419
3566,48,255,498.125,738.667
3567,53,255,538.915,739.330
3568,39,255,671.936,738.962
3569,59,255,871.737,739.398
3570,44,255,1206.932,738.977
3571,29,255,1238.569,738.672
3572,71,255,1515.697,739.373
3573,91,255,910.566,743.368
3574,62,255,1136.016,740.629
3575,39,255,1161.603,738.705
3576,96,255,1176.365,741.677
3577,75,255,1590.553,740.847
3578,97,255,124.634,743.211
3579,61,255,703.664,741.746
3580,52,255,848.038,742.308
3581,82,255,1255.951,742.951
3582,65,255,1388.900,741.054
3583,93,255,1467.371,742.392
3584,65,255,682.192,743.146
3585,160,255,1012.019,745.663
3586,86,255,46.686,744.116
3587,55,255,227.282,742.355
3588,45,255,292.944,742.567
3589,50,255,342.940,742.740
3590,46,255,722.543,743.196
3591,85,255,934.041,743.959
3592,66,255,1500.045,744.970
3593,25,255,625.300,742.380
3594,57,255,1026.623,743.412
3595,63,255,1198.802,745.548
3596,53,255,83.028,745.066
3597,46,255,100.500,745.239
3598,97,255,268.253,746.665
3599,62,255,387.855,744.871
3600,23,255,552.891,743.543
3601,67,255,1420.694,745.336
3602,70,255,189.329,746.271
3603,56,255,318.625,746.071
3604,34,255,459.735,744.971
3605,26,255,572.654,745.192
3606,127,255,736.350,749.201
3607,64,255,482.484,747.547
3608,55,255,592.773,747.336
3609,36,255,691.278,746.667
3610,65,255,751.577,747.700
3611,67,255,898.022,747.485
3612,117,255,247.158,751.141
3613,28,255,302.286,747.000
3614,59,255,436.551,748.703
3615,49,255,872.194,747.092
3616,23,255,14.283,747.370
3617,57,255,62.096,749.430
3618,38,255,282.921,749.132
3619,39,255,605.295,748.705
3620,100,255,796.910,750.550
3621,70,255,1043.271,748.886
3622,60,255,1556.667,749.283
3623,63,255,26.659,749.262
3624,98,255,421.388,751.796
3625,39,255,452.449,749.859
3626,59,255,501.788,750.161
3627,64,255,1526.984,750.078
3628,31,255,91.242,749.532
3629,42,255,205.071,751.690
3630,60,255,517.250,750.900
3631,66,255,1275.712,751.742
3632,51,255,295.971,752.304
3633,77,255,367.968,754.032
3634,49,255,653.194,751.724
3635,63,255,1376.389,752.294
3636,102,255,1578.941,754.461
3637,118,255,833.703,754.881
3638,127,255,1357.917,753.878
3639,72,255,1431.764,754.236
3640,58,255,340.828,755.448
3641,69,255,611.326,754.674
3642,60,255,939.583,753.150
3643,91,255,1234.951,755.335
3644,72,255,1386.403,755.986
3645,67,255,1411.231,755.634
3646,47,255,157.032,754.521
3647,42,255,348.976,754.667
3648,58,255,461.017,754.534
3649,42,255,551.095,754.690
3650,39,255,53.500,755.910
3651,73,255,170.500,756.733
3652,108,255,229.861,757.028
3653,60,255,322.050,756.133
3654,42,255,377.786,755.429
3655,48,255,478.417,756.250
3656,39,255,536.628,755.628
3657,54,255,815.889,756.111
3658,80,255,1207.275,756.900
3659,51,255,1261.971,755.931
3660,26,255,257.077,756.269
3661,39,255,434.013,756.551
3662,64,255,664.234,756.906
3663,57,255,700.763,756.640
3664,76,255,1251.882,757.842
3665,45,255,1305.544,756.211
3666,49,255,1325.071,756.929
3667,56,255,1420.054,756.339
3668,59,255,69.263,759.195
3669,101,255,715.678,758.223
3670,55,255,873.373,757.482
3671,117,255,1066.235,758.056
3672,56,255,1098.714,758.304
3673,111,255,1182.338,760.500
3674,85,255,1487.276,758.676
3675,60,255,443.050,759.167
3676,38,255,576.658,758.605
3677,31,255,26.210,758.855
3678,34,255,79.676,759.059
3679,38,255,268.921,759.158
3680,20,255,357.550,758.750
3681,63,255,400.468,759.754
3682,25,255,1562.140,759.060
3683,66,255,114.424,761.667
3684,30,255,140.067,760.167
3685,56,255,193.304,761.089
3686,89,255,209.140,762.230
3687,50,255,311.820,761.360
3688,65,255,924.423,761.854
3689,63,255,964.706,760.976
3690,77,255,996.474,761.474
3691,94,255,1022.277,763.851
3692,37,255,1110.257,760.014
3693,69,255,1171.804,761.514
3694,49,255,103.561,762.071
3695,56,255,471.429,762.911
3696,50,255,566.120,761.600
3697,37,255,587.527,761.608
3698,24,255,691.167,760.625
3699,42,255,912.786,761.905
3700,56,255,1038.018,762.071
3701,71,255,1084.796,762.303
3702,55,255,153.282,763.245
3703,44,255,855.682,762.818
3704,82,255,1440.963,764.098
3705,66,255,42.455,766.000
3706,71,255,654.683,764.430
3707,64,255,902.547,764.328
3708,66,255,1140.333,764.182
3709,196,255,1464.648,767.806
3710,32,255,1529.000,763.000
3711,66,255,1547.515,764.576
3712,47,255,260.266,765.479
3713,36,255,287.194,764.000
3714,46,255,379.783,764.587
3715,55,255,415.118,765.373
3716,49,255,546.888,765.194
3717,106,255,763.387,766.236
3718,62,255,777.629,765.113
3719,64,255,846.844,765.891
3720,30,255,939.167,763.800
3721,45,255,1362.278,764.322
3722,73,255,1518.856,766.199
3723,21,255,8.405,765.024
3724,35,255,432.443,765.271
3725,50,255,530.280,765.360
3726,62,255,793.306,766.419
3727,73,255,1313.952,766.829
3728,156,255,1332.295,769.058
3729,27,255,721.315,766.241
3730,68,255,1275.971,768.368
3731,62,255,1298.758,766.258
3732,70,255,620.614,768.914
3733,68,255,944.750,768.794
3734,48,255,1032.896,768.500
3735,90,255,1056.356,769.278
3736,99,255,1112.722,769.621
3737,31,255,1148.081,767.597
3738,52,255,20.135,768.712
3739,32,255,81.281,768.594
3740,60,255,94.483,768.883
3741,45,255,131.589,768.656
3742,43,255,224.105,768.221
3743,53,255,272.538,768.934
3744,46,255,331.870,768.565
3745,62,255,516.435,768.839
3746,53,255,643.009,768.821
3747,76,255,691.224,769.224
3748,64,255,744.125,769.281
3749,41,255,1091.476,768.061
3750,73,255,1242.664,769.966
3751,57,255,1539.412,769.658
3752,69,255,1586.891,770.355
3753,60,255,301.383,770.583
3754,59,255,450.195,769.686
3755,44,255,709.545,770.636
3756,107,255,811.500,771.182
3757,51,255,1576.441,770.245
3758,110,255,62.491,773.264
3759,43,255,786.872,771.453
3760,68,255,825.412,772.059
3761,25,255,1159.900,769.540
3762,44,255,1352.568,771.182
3763,58,255,314.569,772.000
3764,37,255,596.851,772.311
3765,62,255,872.742,772.145
3766,69,255,975.848,772.283
3767,170,255,358.259,777.224
3768,40,255,582.825,771.975
3769,44,255,958.523,773.045
3770,54,255,1128.630,773.407
3771,130,255,1205.331,774.862
3772,39,255,1363.064,771.833
3773,71,255,1388.218,773.697
3774,43,255,31.244,773.547
3775,20,255,122.900,772.400
3776,63,255,230.627,774.897
3777,72,255,288.431,774.097
3778,92,255,340.022,775.293
3779,59,255,399.500,774.161
3780,64,255,461.734,774.812
3781,87,255,607.937,774.776
3782,79,255,1171.057,775.399
3783,54,255,107.111,775.037
3784,37,255,160.581,774.257
3785,64,255,244.625,775.375
3786,32,255,373.844,774.344
3787,78,255,437.513,775.885
3788,28,255,723.214,773.393
3789,110,255,1565.118,777.700
3790,48,255,147.958,775.521
3791,68,255,198.265,776.471
3792,22,255,215.364,774.500
3793,47,255,490.223,775.904
3794,71,255,656.655,776.204
3795,71,255,834.824,778.275
3796,80,255,918.663,776.388
3797,75,255,1305.380,776.927
3798,114,255,1508.140,778.211
3799,21,255,11.690,775.929
3800,36,255,86.639,775.889
3801,26,255,631.885,775.692
3802,46,255,899.130,776.391
3803,58,255,1143.500,776.879
3804,25,255,1227.540,775.900
3805,69,255,1475.428,777.717
3806,22,255,20.591,777.091
3807,71,255,386.007,778.923
3808,48,255,451.396,777.354
3809,42,255,622.405,776.738
3810,30,255,773.700,776.967
3811,118,255,1001.805,782.136
3812,114,255,1287.307,779.105
3813,77,255,1400.474,778.461
3814,66,255,1423.167,777.788
3815,46,255,1595.609,778.870
3816,42,255,277.238,778.857
3817,44,255,512.795,778.818
3818,47,255,638.819,778.543
3819,43,255,987.430,779.314
3820,91,255,1491.137,780.819
3821,52,255,117.865,779.942
3822,115,255,183.778,781.161
3823,89,255,310.017,781.781
3824,57,255,560.026,780.482
3825,48,255,737.500,780.000
3826,42,255,1354.190,779.286
3827,27,255,138.389,780.019
3828,59,255,167.483,781.839
3829,22,255,253.591,779.409
3830,25,255,728.700,780.260
3831,58,255,852.138,780.397
3832,69,255,1015.964,781.558
3833,60,255,1041.733,781.400
3834,56,255,1051.661,780.911
3835,52,255,1373.788,780.846
3836,68,255,1434.853,781.338
3837,59,255,495.720,782.907
3838,60,255,582.033,781.833
3839,23,255,673.283,780.370
3840,63,255,690.151,783.405
3841,62,255,747.403,782.952
3842,128,255,1452.586,783.922
3843,55,255,297.609,785.191
3844,86,255,569.140,785.465
3845,29,255,682.431,782.810
3846,88,255,760.909,784.375
3847,48,255,865.542,783.042
3848,76,255,879.592,783.776
3849,53,255,929.160,783.104
3850,71,255,1252.697,782.937
3851,103,255,1532.529,783.927
3852,26,255,28.846,782.923
3853,53,255,519.160,784.236
3854,50,255,38.720,784.560
3855,49,255,475.296,785.724
3856,32,255,718.594,785.312
3857,84,255,782.190,786.643
3858,81,255,1026.957,786.401
3859,73,255,1195.856,785.514
3860,71,255,67.641,787.232
3861,91,255,221.291,787.390
3862,82,255,416.671,788.354
3863,44,255,543.841,785.045
3864,82,255,697.646,787.744
3865,97,255,1075.180,786.768
3866,58,255,1236.741,785.914
3867,43,255,1327.407,785.570
3868,57,255,232.675,787.237
3869,143,255,398.241,789.612
3870,36,255,599.028,786.444
3871,70,255,950.929,788.286
3872,78,255,1109.192,787.513
3873,73,255,1268.705,787.952
3874,105,255,1417.290,788.205
3875,39,255,56.756,787.474
3876,36,255,430.222,786.833
3877,21,255,905.881,786.500
3878,96,255,1089.917,789.125
3879,99,255,1163.571,789.672
3880,40,255,1335.400,788.350
3881,46,255,285.000,788.587
3882,37,255,533.257,788.581
3883,25,255,671.460,787.660
3884,74,255,807.757,789.432
3885,95,255,913.879,792.679
3886,47,255,1124.138,788.564
3887,92,255,1147.391,791.033
3888,100,255,1348.500,790.000
3889,37,255,1382.041,787.662
3890,55,255,1553.991,788.355
3891,40,255,166.400,789.175
3892,65,255,368.608,789.654
3893,65,255,610.392,790.423
3894,53,255,708.311,790.840
3895,25,255,843.740,788.380
3896,28,255,980.857,788.286
3897,56,255,198.839,791.036
3898,54,255,380.981,791.130
3899,58,255,622.983,790.828
3900,134,255,897.343,794.157
3901,39,255,357.526,791.910
3902,24,255,183.333,791.542
3903,78,255,275.308,795.269
3904,70,255,318.300,793.000
3905,55,255,455.009,792.318
3906,62,255,831.468,793.242
3907,74,255,856.703,794.919
3908,71,255,1391.655,793.528
3909,56,255,1575.661,792.643
3910,45,255,77.944,793.344
3911,27,255,940.241,792.759
3912,42,255,968.595,793.690
3913,90,255,135.567,795.533
3914,114,255,541.114,796.491
3915,65,255,799.977,795.131
3916,51,255,1190.186,794.951
3917,105,255,1315.938,796.329
3918,48,255,434.604,797.312
3919,50,255,473.440,795.760
3920,41,255,485.598,796.012
3921,79,255,650.361,796.082
3922,117,255,870.825,798.585
3923,130,255,1013.369,797.646
3924,45,255,1303.389,796.944
3925,59,255,1371.466,795.229
3926,60,255,335.750,796.667
3927,63,255,442.802,797.659
3928,52,255,518.212,798.135
3929,47,255,948.053,798.628
3930,51,255,988.696,797.461
3931,57,255,1028.412,797.746
3932,80,255,1065.900,799.337
3933,50,255,1101.000,798.620
3934,53,255,1134.236,798.217
3935,105,255,1173.100,800.633
3936,53,255,459.387,798.651
3937,62,255,847.903,799.371
3938,91,255,1049.346,800.665
3939,35,255,1078.071,798.729
3940,46,255,1438.130,798.304
3941,83,255,1466.946,799.392
3942,75,255,1588.487,798.993
3943,56,255,69.036,800.375
3944,57,255,254.307,800.623
3945,27,255,1196.019,799.093
3946,102,255,1232.667,801.216
3947,61,255,1296.352,800.828
3948,56,255,1327.196,800.589
3949,81,255,1542.549,801.735
3950,76,255,33.303,801.513
3951,60,255,116.500,801.000
3952,59,255,159.042,800.890
3953,53,255,210.085,800.821
3954,29,255,267.948,800.190
3955,49,255,292.765,801.071
3956,28,255,426.464,800.107
3957,76,255,748.434,801.987
3958,26,255,933.000,799.615
3959,42,255,1207.714,800.333
3960,118,255,570.703,803.314
3961,56,255,783.000,802.554
3962,89,255,1093.803,804.781
3963,49,255,1119.010,801.582
3964,70,255,1427.229,802.714
3965,99,255,1511.318,803.318
3966,85,255,10.947,804.124
3967,42,255,53.167,802.762
3968,52,255,94.962,803.135
3969,45,255,174.033,801.722
3970,94,255,224.404,802.936
3971,65,255,240.762,802.546
3972,46,255,300.761,802.543
3973,39,255,638.346,802.321
3974,45,255,662.833,803.389
3975,56,255,886.732,802.643
3976,76,255,1366.303,803.711
3977,61,255,699.680,805.516
3978,40,255,817.200,803.850
3979,53,255,1263.085,803.726
3980,59,255,448.822,805.517
3981,28,255,529.000,803.643
3982,115,255,685.135,805.970
3983,58,255,711.293,804.397
3984,54,255,830.167,804.611
3985,28,255,1337.286,804.000
3986,104,255,1562.837,806.904
3987,64,255,336.984,806.594
3988,52,255,492.327,806.192
3989,100,255,316.590,809.370
3990,95,255,398.121,807.963
3991,64,255,470.516,807.562
3992,45,255,555.500,806.944
3993,28,255,646.607,805.786
3994,81,255,760.722,808.389
3995,56,255,800.446,808.214
3996,88,255,1079.011,807.489
3997,50,255,1112.420,806.700
3998,50,255,1183.900,807.760
3999,74,255,425.027,807.973
4000,25,255,484.300,806.420
4001,104,255,623.375,810.452
4002,52,255,1464.519,807.962
4003,27,255,1498.796,807.204
4004,61,255,374.434,808.959
4005,99,255,592.015,811.561
4006,43,255,611.221,808.942
4007,43,255,944.756,808.570
4008,26,255,957.923,808.192
4009,48,255,1026.917,808.875
4010,31,255,1222.048,807.790
4011,136,255,1270.324,813.338
4012,77,255,1404.695,810.435
4013,43,255,601.174,809.872
4014,76,255,1151.184,810.500
4015,44,255,1194.227,809.318
4016,70,255,1396.157,810.871
4017,80,255,1583.588,810.900
4018,57,255,99.026,810.482
4019,26,255,176.308,809.654
4020,70,255,512.629,810.300
4021,63,255,726.167,810.373
4022,33,255,910.227,809.955
4023,44,255,1321.386,811.114
4024,101,255,1492.025,813.213
4025,76,255,241.303,813.342
4026,61,255,1014.648,811.959
4027,47,255,1312.904,812.096
4028,22,255,50.364,811.091
4029,35,255,85.729,812.271
4030,65,255,144.285,812.977
4031,25,255,271.820,811.300
4032,41,255,542.500,811.915
4033,69,255,653.036,813.688
4034,60,255,902.017,814.267
4035,55,255,921.391,812.609
4036,55,255,965.518,813.773
4037,56,255,25.536,814.089
4038,52,255,255.000,814.212
4039,42,255,287.048,813.619
4040,95,255,857.026,814.521
4041,83,255,977.452,814.958
4042,62,255,1213.597,814.452
4043,22,255,1286.545,812.773
4044,120,255,1437.150,815.908
4045,54,255,1597.037,815.185
4046,45,255,68.900,814.567
4047,59,255,227.025,815.568
4048,56,255,299.964,815.446
4049,54,255,462.426,815.296
4050,50,255,574.420,815.320
4051,33,255,820.197,814.106
4052,54,255,871.870,814.944
4053,40,255,881.775,815.125
4054,36,255,1200.806,814.056
4055,55,255,1297.045,814.864
4056,31,255,161.048,815.081
4057,75,255,183.860,816.687
4058,39,255,429.833,815.064
4059,34,255,834.500,815.000
4060,25,255,1160.700,815.060
4061,61,255,1169.549,818.828
4062,24,255,1278.917,815.250
4063,105,255,208.852,819.224
4064,60,255,491.600,818.533
4065,68,255,637.603,817.838
4066,86,255,1234.802,817.721
4067,96,255,1528.062,819.281
4068,40,255,5.450,817.050
4069,43,255,501.570,817.174
4070,73,255,535.623,817.733
4071,53,255,1055.991,817.594
4072,68,255,1109.897,818.206
4073,69,255,1126.587,819.051
4074,75,255,1384.073,818.847
4075,39,255,128.577,818.141
4076,85,255,276.006,820.912
4077,80,255,338.288,819.150
4078,50,255,700.960,818.380
4079,26,255,794.500,818.000
4080,56,255,931.232,819.375
4081,65,255,1356.115,819.392
4082,26,255,1479.500,818.423
4083,34,255,16.265,819.706
4084,38,255,152.658,819.921
4085,42,255,374.190,819.571
4086,24,255,400.458,818.125
4087,67,255,985.306,823.604
4088,54,255,1092.944,819.389
4089,54,255,47.889,820.963
4090,23,255,59.326,819.109
4091,53,255,117.802,821.047
4092,48,255,169.958,821.104
4093,107,255,361.042,821.313
4094,86,255,682.035,821.372
4095,91,255,908.181,823.291
4096,60,255,1025.500,821.000
4097,55,255,1066.536,821.645
4098,101,255,1342.144,821.342
4099,37,255,33.689,821.878
4100,78,255,89.936,824.718
4101,53,255,445.481,821.311
4102,78,255,665.321,822.487
4103,57,255,1288.412,821.833
4104,40,255,693.575,823.525
4105,72,255,746.875,822.944
4106,65,255,780.100,823.408
4107,109,255,1547.271,824.794
4108,53,255,258.708,823.481
4109,26,255,292.500,822.692
4110,53,255,309.368,823.594
4111,60,255,602.217,824.967
4112,88,255,769.034,825.966
4113,54,255,804.630,823.852
4114,46,255,831.283,823.196
4115,41,255,1049.402,823.622
4116,39,255,559.654,824.115
4117,63,255,568.595,825.976
4118,34,255,736.265,824.235
4119,109,255,969.766,825.904
4120,52,255,1075.365,825.308
4121,94,255,1416.915,826.064
4122,53,255,81.179,826.764
4123,48,255,101.917,826.125
4124,38,255,128.579,825.026
4125,53,255,408.311,824.953
4126,56,255,589.071,825.393
4127,26,255,705.615,824.808
4128,73,255,851.459,825.952
4129,44,255,1151.318,825.477
4130,120,255,1369.775,826.508
4131,64,255,12.016,826.922
4132,28,255,197.179,826.179
4133,30,255,649.467,826.167
4134,52,255,716.423,826.596
4135,45,255,726.344,826.700
4136,132,255,1585.856,828.917
4137,36,255,68.028,826.861
4138,49,255,423.439,828.622
4139,44,255,384.568,828.909
4140,98,255,397.133,832.214
4141,36,255,434.083,828.083
4142,110,255,617.436,829.400
4143,76,255,1197.553,831.368
4144,41,255,1270.549,828.451
4145,61,255,155.008,830.500
4146,49,255,219.541,829.092
4147,52,255,327.519,829.865
4148,97,255,538.294,831.108
4149,35,255,632.100,829.043
4150,51,255,640.480,830.147
4151,32,255,1037.156,829.062
4152,48,255,1119.771,829.625
4153,119,255,1244.382,832.769
4154,120,255,1473.825,831.967
4155,70,255,1001.571,830.571
4156,54,255,1215.926,831.741
4157,63,255,1429.500,831.563
4158,34,255,167.206,831.000
4159,96,255,457.875,834.958
4160,76,255,887.684,832.947
4161,101,255,927.955,832.807
4162,138,255,1092.493,835.435
4163,151,255,235.844,836.467
4164,47,255,493.479,832.755
4165,21,255,510.643,831.690
4166,54,255,584.204,832.963
4167,71,255,830.937,833.063
4168,25,255,123.900,832.260
4169,54,255,143.444,834.333
4170,44,255,256.023,833.045
4171,52,255,484.231,833.808
4172,45,255,877.411,833.967
4173,76,255,944.276,833.987
4174,57,255,1046.956,834.167
4175,36,255,1063.833,833.083
4176,82,255,1506.134,834.841
4177,50,255,1566.400,835.020
4178,68,255,49.574,834.735
4179,60,255,181.867,834.583
4180,126,255,310.190,837.619
4181,70,255,555.643,834.814
4182,81,255,812.315,835.191
4183,77,255,1142.786,836.838
4184,91,255,1155.621,836.819
4185,86,255,1170.140,836.465
4186,104,255,1336.769,836.490
4187,54,255,198.426,835.463
4188,29,255,265.431,834.914
4189,52,255,373.365,835.385
4190,87,255,443.178,838.270
4191,22,255,603.364,834.909
4192,70,255,1107.157,835.757
4193,37,255,1180.257,835.311
4194,56,255,1280.679,836.089
4195,54,255,1396.630,834.704
4196,87,255,1556.891,838.144
4197,57,255,661.658,836.833
4198,132,255,1030.576,840.780
4199,82,255,1448.439,837.341
4200,82,255,65.756,838.524
4201,96,255,327.708,838.917
4202,82,255,426.927,837.963
4203,96,255,1069.094,838.990
4204,32,255,31.406,837.781
4205,38,255,295.711,838.395
4206,66,255,756.045,839.242
4207,48,255,896.417,838.688
4208,25,255,1352.380,837.060
4209,46,255,1423.826,839.435
4210,33,255,91.136,838.894
4211,121,255,777.665,841.236
4212,98,255,1224.276,842.796
4213,56,255,691.339,841.357
4214,35,255,701.071,840.414
4215,57,255,961.640,841.026
4216,66,255,980.167,841.106
4217,44,255,1115.614,840.341
4218,52,255,1263.462,841.692
4219,30,255,1273.500,840.667
4220,40,255,1436.975,840.650
4221,71,255,363.246,842.458
4222,44,255,633.295,841.500
4223,44,255,670.886,842.227
4224,74,255,802.135,842.838
4225,70,255,869.657,842.271
4226,60,255,1000.833,841.317
4227,34,255,39.353,842.118
4228,50,255,149.440,842.980
4229,109,255,250.234,845.381
4230,33,255,269.894,841.773
4231,74,255,388.041,843.757
4232,53,255,491.198,842.198
4233,57,255,505.167,842.465
4234,40,255,566.300,842.425
4235,71,255,620.993,843.923
4236,47,255,853.947,842.330
4237,86,255,1186.326,844.221
4238,21,255,1206.548,841.310
4239,34,255,1290.324,842.176
4240,124,255,112.685,848.048
4241,29,255,285.086,843.121
4242,27,255,551.537,842.611
4243,64,255,603.609,843.750
4244,91,255,707.456,846.544
4245,52,255,127.288,844.769
4246,107,255,200.706,847.388
4247,64,255,577.859,844.891
4248,43,255,1299.686,844.872
4249,49,255,298.704,846.031
4250,44,255,525.591,845.864
4251,59,255,537.076,845.873
4252,45,255,1107.944,845.433
4253,26,255,1133.462,844.615
4254,55,255,1196.627,846.027
4255,76,255,1353.921,846.579
4256,44,255,1401.227,845.341
4257,38,255,87.579,846.447
4258,51,255,416.971,846.069
4259,32,255,516.312,845.969
4260,93,255,826.446,850.242
4261,34,255,987.706,846.176
4262,59,255,1309.873,848.246
4263,69,255,1323.964,847.703
4264,50,255,1476.000,846.180
4265,41,255,2.671,847.915
4266,92,255,340.826,849.750
4267,27,255,438.833,847.241
4268,48,255,480.750,847.500
4269,40,255,838.175,847.475
4270,66,255,920.364,847.106
4271,31,255,1506.790,847.048
4272,115,255,466.926,850.230
4273,88,255,728.386,849.739
4274,29,255,974.362,847.741
4275,83,255,1211.572,850.488
4276,37,255,32.365,848.662
4277,68,255,70.206,850.000
4278,59,255,167.517,850.059
4279,78,255,260.231,851.103
4280,41,255,719.476,850.768
4281,70,255,744.886,849.914
4282,54,255,894.500,849.000
4283,117,255,939.397,851.970
4284,59,255,956.381,850.890
4285,50,255,1148.660,849.460
4286,65,255,1282.623,850.085
4287,30,255,1363.967,849.167
4288,71,255,45.218,852.345
4289,73,255,278.322,851.281
4290,23,255,291.283,849.630
4291,46,255,374.826,850.065
4292,33,255,393.470,850.348
4293,58,255,663.000,850.500
4294,60,255,847.217,851.517
4295,25,255,1383.300,849.380
4296,105,255,1492.014,853.433
4297,20,255,425.650,850.200
4298,60,255,555.867,851.817
4299,63,255,644.849,852.484
4300,34,255,864.824,850.853
4301,52,255,1265.096,851.558
4302,46,255,140.935,852.196
4303,48,255,507.500,851.896
4304,56,255,54.232,853.536
4305,43,255,150.314,854.012
4306,46,255,1000.870,853.674
4307,78,255,1079.590,854.859
4308,70,255,1095.443,853.500
4309,85,255,314.653,855.994
4310,26,255,385.115,853.885
4311,48,255,595.646,853.917
4312,31,255,684.242,854.403
4313,106,255,1025.009,855.292
4314,80,255,1237.125,855.475
4315,55,255,1394.518,855.191
4316,113,255,1458.562,855.164
4317,30,255,19.867,854.867
4318,61,255,126.189,855.467
4319,48,255,435.042,855.708
4320,52,255,520.808,855.058
4321,67,255,1041.187,856.261
4322,21,255,1478.786,855.405
4323,81,255,1528.352,857.105
4324,33,255,1552.258,855.409
4325,59,255,411.314,856.975
4326,72,255,500.542,858.819
4327,50,255,610.300,856.980
4328,35,255,917.557,856.443
4329,91,255,1130.511,857.137
4330,116,255,1440.655,860.509
4331,43,255,31.267,857.709
4332,25,255,333.740,856.780
4333,99,255,568.066,859.672
4334,45,255,1223.656,857.678
4335,118,255,1415.517,859.958
4336,40,255,1511.100,857.375
4337,52,255,191.865,858.558
4338,69,255,221.601,858.775
4339,30,255,427.467,857.900
4340,56,255,708.929,858.250
4341,27,255,1058.574,858.500
4342,97,255,1544.345,861.387
4343,86,255,10.337,861.802
4344,41,255,485.061,859.134
4345,47,255,532.138,858.989
4346,111,255,773.680,861.734
4347,72,255,807.347,863.014
4348,73,255,869.103,859.884
4349,33,255,910.045,859.227
4350,89,255,1170.916,861.478
4351,83,255,1381.512,860.633
4352,33,255,168.136,860.682
4353,78,255,883.897,862.846
4354,28,255,1597.321,860.179
4355,73,255,178.610,862.473
4356,51,255,297.618,861.520
4357,70,255,840.243,861.943
4358,58,255,929.517,861.190
4359,50,255,950.960,861.680
4360,62,255,1071.806,863.935
4361,94,255,1154.191,863.298
4362,40,255,1330.175,862.075
4363,35,255,1502.014,861.986
4364,45,255,67.944,862.567
4365,91,255,158.544,864.247
4366,117,255,249.175,865.491
4367,44,255,262.545,861.909
4368,61,255,356.598,862.434
4369,24,255,720.833,861.625
4370,64,255,1185.172,864.953
4371,65,255,1274.300,863.438
4372,100,255,1319.460,867.150
4373,63,255,513.833,863.849
4374,28,255,626.714,862.643
4375,41,255,852.012,863.720
4376,73,255,1245.226,864.007
4377,65,255,1349.592,864.500
4378,114,255,102.412,866.237
4379,33,255,738.773,864.288
4380,71,255,1573.331,865.387
4381,85,255,90.018,868.218
4382,33,255,119.288,864.561
4383,57,255,275.798,865.553
4384,41,255,399.305,865.037
4385,82,255,678.646,870.744
4386,97,255,801.613,870.077
4387,53,255,1340.236,866.726
4388,92,255,538.826,868.141
4389,40,255,748.400,865.925
4390,36,255,78.389,867.278
4391,60,255,326.717,867.817
4392,63,255,378.833,867.849
4393,41,255,443.183,866.890
4394,112,255,586.839,869.143
4395,47,255,667.926,868.734
4396,172,255,787.227,872.453
4397,26,255,874.269,867.500
4398,42,255,1083.857,867.810
4399,87,255,1109.420,869.776
4400,110,255,38.200,870.973
4401,55,255,558.482,868.591
4402,58,255,613.966,869.948
4403,75,255,638.753,868.820
4404,69,255,688.370,870.370
4405,66,255,939.818,869.773
4406,54,255,1127.019,868.907
4407,58,255,1496.103,869.759
4408,119,255,1590.206,870.340
4409,77,255,229.188,870.604
4410,65,255,313.346,870.223
4411,75,255,468.713,870.420
4412,42,255,492.595,869.143
4413,22,255,660.182,869.136
4414,29,255,1409.121,868.638
4415,30,255,1431.700,870.433
4416,29,255,1559.052,869.293
4417,47,255,23.436,870.968
4418,41,255,135.915,870.451
4419,78,255,216.692,871.808
4420,78,255,762.141,872.090
4421,78,255,973.744,871.654
4422,58,255,1473.207,871.086
4423,36,255,1507.500,870.639
4424,65,255,297.869,872.823
4425,31,255,601.274,871.661
4426,68,255,819.500,872.191
4427,53,255,962.047,872.217
4428,40,255,1200.000,871.075
4429,99,255,1212.167,871.944
4430,47,255,1268.500,871.053
4431,93,255,1449.855,873.199
4432,47,255,195.926,872.287
4433,38,255,204.316,872.579
4434,30,255,623.200,872.233
4435,28,255,1037.571,871.500
4436,42,255,1533.690,872.524
4437,40,255,919.325,873.000
4438,44,255,1048.159,872.932
4439,23,255,1067.239,872.370
4440,36,255,1240.833,872.944
4441,28,255,1420.214,873.607
4442,48,255,120.292,874.292
4443,48,255,340.417,874.146
4444,26,255,399.077,873.077
4445,86,255,505.163,876.302
4446,101,255,723.886,877.173
4447,80,255,1002.513,877.612
4448,52,255,1011.154,874.654
4449,24,255,1165.958,873.083
4450,61,255,1231.205,874.926
4451,59,255,1285.466,874.941
4452,48,255,269.146,875.792
4453,93,255,1152.640,877.156
4454,78,255,1360.936,877.346
4455,64,255,1527.547,878.297
4456,32,255,127.781,876.500
4457,23,255,174.500,875.674
4458,126,255,702.968,878.476
4459,54,255,884.204,876.778
4460,53,255,1061.009,877.292
4461,77,255,1138.708,877.123
4462,37,255,458.932,877.581
4463,49,255,556.398,877.867
4464,121,255,65.508,881.855
4465,32,255,305.000,878.500
4466,28,255,315.321,876.893
4467,41,255,516.793,879.378
4468,81,255,749.216,880.056
4469,39,255,774.192,879.038
4470,42,255,831.738,878.357
4471,98,255,863.337,878.735
4472,79,255,1483.032,879.943
4473,130,255,147.354,882.723
4474,80,255,433.600,881.837
4475,44,255,469.159,880.568
4476,43,255,491.616,880.337
4477,48,255,849.354,879.792
4478,48,255,929.375,879.604
4479,23,255,1034.804,878.239
4480,66,255,1264.939,880.106
4481,152,255,1385.053,881.882
4482,96,255,1535.635,882.417
4483,40,255,398.500,880.900
4484,35,255,448.300,880.871
4485,25,255,874.420,880.060
4486,49,255,3.969,881.602
4487,94,255,344.351,881.383
4488,39,255,814.244,881.167
4489,72,255,913.653,882.431
4490,43,255,1054.733,881.872
4491,55,255,1244.500,881.500
4492,60,255,1407.583,882.000
4493,66,255,43.909,882.833
4494,93,255,98.091,883.866
4495,55,255,260.864,882.136
4496,52,255,598.942,882.712
4497,74,255,1173.176,883.635
4498,31,255,1184.500,881.758
4499,133,255,1307.673,887.726
4500,88,255,408.182,884.955
4501,37,255,898.284,882.959
4502,83,255,974.596,884.199
4503,80,255,1110.463,883.663
4504,68,255,1515.353,885.088
4505,33,255,80.258,883.924
4506,88,255,183.648,887.420
4507,55,255,532.936,884.955
4508,65,255,680.962,884.900
4509,32,255,886.000,883.375
4510,98,255,950.857,886.622
4511,123,255,1079.484,888.077
4512,63,255,1197.183,885.627
4513,34,255,1227.382,883.559
4514,78,255,1558.885,885.359
4515,52,255,1587.038,884.423
4516,46,255,318.761,885.217
4517,181,255,360.180,889.804
4518,63,255,1284.183,885.913
4519,45,255,1336.167,885.856
4520,73,255,1471.582,886.760
4521,54,255,22.870,886.333
4522,58,255,989.000,886.241
4523,67,255,1209.127,887.634
4524,59,255,1578.924,888.144
4525,41,255,624.744,887.573
4526,61,255,1455.107,888.369
4527,100,255,168.000,890.330
4528,72,255,233.944,889.181
4529,35,255,243.786,887.843
4530,50,255,459.100,889.280
4531,75,255,901.780,892.553
4532,56,255,927.804,888.411
4533,96,255,1045.562,889.865
4534,55,255,137.736,890.336
4535,53,255,309.142,889.142
4536,82,255,1012.598,890.195
4537,52,255,1034.615,890.385
4538,40,255,1221.250,890.075
4539,28,255,1254.107,889.250
4540,48,255,1296.604,890.250
4541,81,255,117.167,891.463
4542,94,255,214.436,893.170
4543,33,255,1097.561,889.924
4544,53,255,414.896,892.519
4545,55,255,645.591,891.791
4546,74,255,1591.622,892.405
4547,65,255,860.100,893.069
4548,25,255,1109.500,891.700
4549,75,255,1158.740,893.180
4550,58,255,1235.466,892.690
4551,30,255,1262.033,891.933
4552,22,255,81.455,892.318
4553,72,255,286.750,893.833
4554,52,255,817.385,894.327
4555,28,255,1120.357,892.786
4556,116,255,1181.552,895.629
4557,85,255,1366.265,894.924
4558,77,255,1427.032,895.331
4559,77,255,1552.032,895.110
4560,56,255,330.125,895.929
4561,75,255,713.607,895.393
4562,35,255,1374.700,894.414
4563,26,255,197.385,894.500
4564,55,255,432.209,896.845
4565,62,255,446.500,898.210
4566,29,255,465.500,895.259
4567,49,255,476.235,895.806
4568,57,255,837.974,895.289
4569,25,255,1437.060,895.380
4570,51,255,621.716,896.402
4571,55,255,723.864,896.718
4572,123,255,739.589,898.939
4573,22,255,986.591,895.409
4574,68,255,1270.882,896.809
4575,120,255,1411.875,898.900
4576,53,255,18.481,897.575
4577,54,255,32.685,899.278
4578,23,255,384.109,896.413
4579,112,255,592.304,900.929
4580,49,255,972.235,897.337
4581,61,255,1288.320,898.123
4582,53,255,1528.764,897.991
4583,36,255,132.028,898.194
4584,39,255,269.910,898.218
4585,37,255,372.581,898.446
4586,60,255,606.417,899.583
4587,36,255,677.500,897.750
4588,48,255,874.062,898.958
4589,40,255,1444.775,898.650
4590,49,255,176.602,898.908
4591,67,255,235.679,902.276
4592,127,255,756.744,902.524
4593,51,255,888.931,899.814
4594,120,255,71.392,903.875
4595,37,255,88.608,899.986
4596,30,255,668.867,900.133
4597,69,255,1030.500,902.543
4598,45,255,1139.944,900.567
4599,67,255,1455.664,901.590
4600,59,255,1484.110,900.856
4601,72,255,562.194,902.486
4602,80,255,1232.525,902.100
4603,80,255,1327.650,902.388
4604,124,255,48.048,903.976
4605,44,255,211.682,901.841
4606,32,255,494.500,901.656
4607,95,255,641.205,904.258
4608,20,255,1170.050,902.250
4609,35,255,1304.557,901.129
4610,104,255,1068.221,905.798
4611,98,255,1514.286,904.367
4612,44,255,531.023,905.909
4613,71,255,928.641,904.796
4614,24,255,1247.833,903.500
4615,60,255,93.817,906.600
4616,53,255,200.689,906.406
4617,54,255,411.407,905.833
4618,29,255,460.500,904.259
4619,56,255,1055.661,907.321
4620,52,255,1343.000,906.000
4621,51,255,5.461,906.461
4622,80,255,312.587,907.700
4623,69,255,473.993,907.254
4624,87,255,835.247,908.213
4625,49,255,1000.439,905.969
4626,57,255,1434.956,906.307
4627,67,255,333.231,908.888
4628,119,255,901.962,909.601
4629,92,255,1095.696,909.380
4630,62,255,1157.548,907.452
4631,26,255,1501.615,907.423
4632,65,255,1532.362,908.392
4633,97,255,1561.830,910.686
4634,85,255,713.594,909.947
4635,46,255,729.717,908.587
4636,20,255,774.100,907.400
4637,73,255,848.144,908.979
4638,71,255,1115.092,908.965
4639,70,255,1184.014,908.357
4640,32,255,1298.594,908.812
4641,36,255,1359.361,907.889
4642,52,255,1407.423,909.173
4643,87,255,1547.649,909.718
4644,47,255,172.819,908.968
4645,28,255,255.464,909.286
4646,47,255,668.926,908.372
4647,82,255,1082.049,911.878
4648,55,255,801.718,909.627
4649,31,255,32.145,911.177
4650,38,255,484.342,911.053
4651,23,255,520.500,910.022
4652,44,255,690.091,912.500
4653,72,255,1479.681,912.333
4654,26,255,826.000,911.500
4655,35,255,882.729,911.357
4656,76,255,1143.368,912.539
4657,77,255,1197.682,913.578
4658,76,255,1268.421,914.461
4659,57,255,1454.518,912.728
4660,50,255,1012.860,913.260
4661,37,255,2.932,914.662
4662,69,255,181.978,916.558
4663,36,255,286.333,914.000
4664,46,255,362.739,914.413
4665,24,255,401.833,913.625
4666,96,255,444.083,915.240
4667,90,255,975.911,915.911
4668,73,255,1038.130,913.842
4669,58,255,1283.983,914.431
4670,25,255,1504.780,914.100
4671,71,255,227.528,916.373
4672,37,255,995.257,915.419
4673,56,255,1385.375,916.054
4674,76,255,77.487,917.487
4675,85,255,131.735,918.818
4676,28,255,637.857,916.321
4677,61,255,678.336,918.861
4678,60,255,780.717,917.333
4679,81,255,1318.154,917.759
4680,82,255,1351.695,918.415
4681,86,255,1397.860,919.756
4682,75,255,1427.727,917.780
4683,109,255,1572.482,919.720
4684,54,255,110.537,917.481
4685,57,255,190.342,918.272
4686,32,255,966.125,917.000
4687,120,255,1491.267,920.967
4688,47,255,165.074,918.989
4689,23,255,217.717,917.804
4690,58,255,333.879,918.983
4691,28,255,923.679,918.179
4692,52,255,949.731,918.115
4693,23,255,56.239,918.500
4694,50,255,558.880,919.780
4695,37,255,570.554,918.932
4696,21,255,628.262,918.500
4697,51,255,820.539,919.382
4698,62,255,1216.548,919.887
4699,56,255,209.804,921.643
4700,63,255,615.992,921.087
4701,87,255,1370.971,921.661
4702,82,255,1530.512,922.110
4703,51,255,403.304,921.539
4704,60,255,419.600,921.067
4705,71,255,501.486,922.739
4706,55,255,837.227,921.482
4707,28,255,860.143,921.107
4708,39,255,1002.756,921.474
4709,65,255,1334.546,922.023
4710,47,255,43.223,921.755
4711,37,255,91.041,921.824
4712,39,255,236.141,922.295
4713,56,255,1032.357,922.161
4714,58,255,1229.000,922.207
4715,40,255,1444.675,921.900
4716,81,255,355.401,926.253
4717,52,255,543.462,923.635
4718,20,255,853.250,921.900
4719,120,255,1245.208,925.783
4720,39,255,1597.885,925.192
4721,51,255,141.971,924.422
4722,100,255,898.090,927.900
4723,41,255,1118.866,924.305
4724,34,255,1279.676,924.824
4725,50,255,1457.240,925.020
4726,49,255,1512.929,924.929
4727,69,255,309.051,925.833
4728,26,255,530.962,925.038
4729,42,255,798.929,925.381
4730,52,255,928.365,927.269
4731,38,255,1074.842,924.895
4732,29,255,1289.914,924.569
4733,29,255,344.603,925.362
4734,37,255,512.662,926.365
4735,21,255,826.929,925.310
4736,38,255,869.895,926.842
4737,65,255,882.208,927.992
4738,47,255,1065.011,926.968
4739,86,255,1133.233,928.581
4740,44,255,29.614,926.750
4741,55,255,53.700,927.645
4742,73,255,85.075,928.171
4743,42,255,367.000,928.119
4744,22,255,652.727,926.909
4745,130,255,913.954,931.577
4746,47,255,944.628,927.287
4747,50,255,1179.460,929.840
4748,106,255,1385.226,930.509
4749,39,255,225.167,929.756
4750,100,255,292.870,932.410
4751,113,255,469.438,930.403
4752,56,255,641.679,929.179
4753,32,255,861.531,928.844
4754,57,255,1166.798,930.482
4755,29,255,1214.879,927.948
4756,77,255,1552.227,931.201
4757,58,255,16.724,930.724
4758,47,255,248.500,930.500
4759,60,255,447.750,931.333
4760,75,255,526.260,932.527
4761,71,255,592.627,931.176
4762,60,255,1032.567,930.617
4763,79,255,1308.424,931.462
4764,55,255,1436.827,931.445
4765,30,255,975.800,929.833
4766,67,255,993.246,931.754
4767,38,255,1106.237,930.526
4768,61,255,1471.287,932.451
4769,66,255,1562.576,932.303
4770,56,255,697.768,932.429
4771,73,255,807.226,933.664
4772,49,255,840.459,932.929
4773,52,255,961.596,932.827
4774,38,255,1052.184,933.184
4775,35,255,434.729,932.871
4776,68,255,1015.309,933.647
4777,97,255,1415.593,934.284
4778,31,255,139.339,933.694
4779,37,255,173.014,935.500
4780,50,255,513.720,934.540
4781,55,255,743.536,935.918
4782,45,255,829.456,933.944
4783,24,255,851.250,933.375
4784,26,255,1317.615,934.154
4785,40,255,1481.575,934.950
4786,46,255,233.739,934.761
4787,31,255,340.145,934.468
4788,94,255,730.372,938.213
4789,46,255,1077.609,935.935
4790,49,255,1087.051,936.480
4791,124,255,1277.694,936.371
4792,42,255,1514.286,934.905
4793,45,255,377.367,937.567
4794,60,255,1099.117,936.700
4795,58,255,1352.603,936.741
4796,21,255,1448.643,935.833
4797,111,255,1497.770,938.248
4798,49,255,1526.541,937.071
4799,63,255,73.690,938.214
4800,40,255,332.075,936.950
4801,32,255,368.688,938.750
4802,53,255,425.387,937.500
4803,63,255,601.198,940.548
4804,46,255,758.130,936.826
4805,22,255,818.000,936.136
4806,73,255,622.459,938.897
4807,57,255,677.623,940.272
4808,23,255,798.413,937.152
4809,64,255,1401.016,938.984
4810,36,255,1457.028,938.417
4811,70,255,154.229,939.043
4812,23,255,389.717,938.543
4813,20,255,483.450,938.400
4814,71,255,879.796,940.049
4815,66,255,209.030,940.955
4816,23,255,318.500,940.022
4817,70,255,411.014,940.200
4818,71,255,533.542,942.472
4819,35,255,956.014,940.843
4820,21,255,1536.262,939.595
4821,68,255,1585.574,941.779
4822,26,255,1595.077,940.308
4823,63,255,42.706,943.151
4824,34,255,278.941,941.265
4825,35,255,548.986,940.614
4826,48,255,943.042,940.979
4827,65,255,1128.623,941.577
4828,62,255,122.855,943.306
4829,93,255,246.780,943.995
4830,58,255,706.569,942.914
4831,91,255,1045.830,944.643
4832,28,255,1231.929,941.929
4833,49,255,1362.929,943.602
4834,43,255,1466.965,942.500
4835,37,255,1222.554,944.122
4836,58,255,1392.500,944.207
4837,48,255,1546.167,944.479
4838,120,255,352.492,946.292
4839,86,255,654.558,945.814
4840,37,255,929.743,943.176
4841,52,255,989.981,946.308
4842,48,255,1173.125,945.125
4843,63,255,13.421,945.278
4844,31,255,198.306,945.403
4845,54,255,228.389,944.926
4846,51,255,385.206,945.892
4847,24,255,642.208,945.000
4848,29,255,970.190,945.086
4849,52,255,1303.962,944.519
4850,24,255,56.750,945.458
4851,30,255,218.600,946.233
4852,106,255,512.868,947.528
4853,55,255,848.336,946.391
4854,45,255,1008.567,945.967
4855,25,255,1057.660,945.780
4856,43,255,1257.616,946.384
4857,93,255,1444.048,948.425
4858,107,255,1523.612,947.893
4859,24,255,441.208,946.833
4860,34,255,474.647,946.529
4861,48,255,742.292,948.000
4862,34,255,817.206,946.765
4863,20,255,840.000,946.500
4864,94,255,895.287,949.043
4865,50,255,1020.420,946.640
4866,41,255,1152.866,947.402
4867,30,255,1198.667,946.700
4868,26,255,1241.769,947.154
4869,55,255,1248.918,948.445
4870,108,255,1488.074,948.426
4871,88,255,24.602,952.080
4872,67,255,786.097,948.933
4873,48,255,827.438,948.000
4874,41,255,860.817,948.549
4875,36,255,909.306,948.750
4876,77,255,1064.006,949.721
4877,95,255,1428.342,949.721
4878,43,255,304.453,948.616
4879,42,255,459.333,949.452
4880,58,255,561.845,950.086
4881,51,255,1081.480,949.500
4882,87,255,274.052,953.282
4883,55,255,339.827,951.682
4884,46,255,420.913,949.891
4885,70,255,574.943,952.829
4886,76,255,623.974,953.566
4887,39,255,806.859,949.782
4888,51,255,981.402,950.676
4889,64,255,1268.953,951.781
4890,91,255,1569.423,950.940
4891,35,255,92.071,950.643
4892,64,255,433.312,953.156
4893,53,255,491.179,951.123
4894,58,255,925.224,950.017
4895,62,255,1093.855,954.871
4896,38,255,1131.053,952.447
4897,63,255,1347.341,953.071
4898,89,255,71.152,954.871
4899,24,255,249.208,952.292
4900,22,255,1112.000,952.000
4901,60,255,1190.200,953.783
4902,54,255,1539.407,953.574
4903,30,255,41.300,954.400
4904,80,255,372.350,955.862
4905,47,255,646.500,954.500
4906,51,255,691.382,955.363
4907,29,255,1120.086,954.293
4908,68,255,1402.000,954.618
4909,72,255,1579.764,955.181
4910,48,255,1592.292,955.542
4911,43,255,235.709,955.105
4912,78,255,407.372,957.231
4913,37,255,1165.851,954.716
4914,56,255,10.286,958.500
4915,83,255,213.596,957.319
4916,45,255,393.367,956.989
4917,52,255,1278.846,956.173
4918,31,255,1358.790,955.855
4919,58,255,1453.724,957.086
4920,107,255,1476.706,958.229
4921,32,255,698.500,957.281
4922,20,255,988.200,956.100
4923,32,255,380.906,958.500
4924,48,255,718.729,957.792
4925,44,255,928.341,957.864
4926,59,255,1413.822,958.839
4927,104,255,1531.615,960.529
4928,42,255,92.000,958.500
4929,41,255,104.744,959.378
4930,68,255,356.721,959.574
4931,38,255,531.632,959.158
4932,30,255,551.467,959.133
4933,43,255,562.547,961.058
4934,37,255,668.122,958.500
4935,22,255,704.409,958.591
4936,94,255,771.457,960.915
4937,45,255,845.411,959.256
4938,50,255,957.520,959.100
4939,35,255,1108.243,958.614
4940,45,255,1366.233,959.767
4941,65,255,1515.069,960.623
4942,72,255,414.875,964.625
4943,35,255,522.043,959.586
4944,61,255,914.975,962.402
4945,39,255,1010.603,959.731
4946,36,255,1145.889,959.778
4947,44,255,48.455,961.136
4948,52,255,197.192,961.673
4949,137,255,323.150,966.245
4950,41,255,808.598,961.890
4951,42,255,1234.143,961.714
4952,21,255,1427.500,960.500
4953,62,255,1436.339,963.645
4954,51,255,185.892,962.716
4955,48,255,607.729,963.146
4956,51,255,818.186,962.931
4957,24,255,884.000,961.625
4958,45,255,965.344,963.411
4959,50,255,1245.840,962.080
4960,52,255,74.269,962.865
4961,51,255,230.049,963.480
4962,29,255,301.672,962.983
4963,74,255,999.959,964.405
4964,61,255,1262.811,963.631
4965,45,255,1349.367,963.189
4966,65,255,173.285,964.485
4967,59,255,337.822,964.398
4968,38,255,448.632,963.763
4969,52,255,480.750,965.019
4970,35,255,675.843,964.729
4971,33,255,785.742,963.227
4972,36,255,1138.778,964.333
4973,50,255,1157.400,964.300
4974,40,255,1170.250,963.725
4975,72,255,1219.028,964.056
4976,37,255,537.824,965.743
4977,23,255,586.891,964.283
4978,73,255,745.418,967.815
4979,64,255,1043.703,967.062
4980,39,255,509.731,966.346
4981,33,255,615.136,965.833
4982,104,255,1032.462,969.279
4983,40,255,1310.125,966.100
4984,46,255,218.500,967.500
4985,66,255,696.697,968.652
4986,88,255,1071.682,969.807
4987,93,255,1126.339,968.973
4988,44,255,1446.795,967.955
4989,36,255,1455.222,967.500
4990,32,255,385.531,967.469
4991,43,255,459.291,968.035
4992,37,255,628.851,968.959
4993,39,255,887.218,968.910
4994,20,255,925.100,968.050
4995,44,255,1097.773,967.909
4996,31,255,1192.081,968.242
4997,54,255,431.741,970.537
4998,57,255,553.798,971.658
4999,33,255,781.227,969.470
5000,39,255,1180.474,969.244
5001,54,255,1393.870,969.204
5002,80,255,1475.525,969.688
5003,31,255,1564.565,968.661
5004,43,255,132.616,970.221
5005,43,255,203.244,970.221
5006,84,255,657.440,970.940
5007,22,255,791.773,969.818
5008,44,255,801.114,971.341
5009,41,255,1086.549,970.061
5010,29,255,1410.569,969.190
5011,85,255,1577.300,971.994
5012,43,255,441.802,971.965
5013,45,255,940.544,971.811
5014,47,255,981.883,971.351
5015,59,255,1273.364,972.127
5016,41,255,24.110,971.622
5017,56,255,192.661,971.982
5018,27,255,306.944,973.278
5019,52,255,637.692,973.308
5020,33,255,1201.924,971.258
5021,60,255,1256.217,973.167
5022,84,255,1372.107,971.929
5023,58,255,1404.121,973.379
5024,52,255,1508.269,971.615
5025,78,255,1591.321,974.115
5026,23,255,672.891,973.239
5027,42,255,895.119,973.762
5028,50,255,953.440,973.540
5029,26,255,1285.615,972.846
5030,31,255,152.758,974.823
5031,54,255,347.204,975.037
5032,48,255,526.188,975.312
5033,75,255,546.940,977.700
5034,32,255,874.938,974.562
5035,47,255,1052.457,975.032
5036,51,255,1237.382,973.559
5037,44,255,46.500,975.000
5038,76,255,366.605,976.908
5039,28,255,393.214,974.429
5040,58,255,463.431,975.724
5041,49,255,585.622,975.541
5042,39,255,755.397,976.064
5043,46,255,1214.696,974.978
5044,71,255,1301.627,976.444
5045,50,255,229.040,975.940
5046,84,255,496.595,979.143
5047,82,255,1156.183,978.573
5048,64,255,1543.234,976.766
5049,69,255,75.616,977.297
5050,55,255,176.464,979.136
5051,26,255,852.538,977.615
5052,63,255,926.357,979.770
5053,115,255,1000.796,979.752
5054,76,255,1097.961,978.961
5055,85,255,1560.665,979.194
5056,29,255,667.603,979.017
5057,32,255,707.062,979.469
5058,77,255,1138.864,980.123
5059,24,255,1206.167,979.167
5060,77,255,1469.864,980.110
5061,64,255,355.875,983.719
5062,70,255,381.114,981.457
5063,23,255,576.804,979.370
5064,20,255,908.850,980.450
5065,45,255,1186.344,979.944
5066,63,255,164.849,982.659
5067,38,255,869.026,981.553
5068,45,255,1014.811,981.767
5069,30,255,190.900,982.467
5070,45,255,201.278,981.744
5071,61,255,396.336,982.975
5072,78,255,438.103,984.513
5073,34,255,658.824,982.206
5074,72,255,1281.778,984.722
5075,44,255,1569.864,982.659
5076,52,255,34.423,983.538
5077,43,255,788.128,983.174
5078,22,255,900.227,982.000
5079,86,255,1504.872,983.605
5080,45,255,22.211,984.367
5081,46,255,49.652,983.826
5082,26,255,59.423,984.308
5083,68,255,486.765,987.324
5084,60,255,603.867,986.000
5085,74,255,1062.216,987.527
5086,43,255,1324.849,986.221
5087,46,255,1434.087,984.870
5088,109,255,252.115,987.463
5089,75,255,468.607,987.167
5090,29,255,735.845,984.569
5091,59,255,752.975,985.822
5092,80,255,948.325,986.625
5093,61,255,970.303,985.680
5094,51,255,1146.618,986.343
5095,33,255,1170.379,985.136
5096,86,255,1237.035,985.535
5097,69,255,328.732,987.645
5098,39,255,818.397,985.987
5099,30,255,988.300,986.667
5100,37,255,1085.311,985.770
5101,20,255,1127.450,985.400
5102,30,255,1248.100,986.267
5103,89,255,1296.219,988.489
5104,39,255,1315.705,986.731
5105,45,255,1475.544,987.544
5106,121,255,1043.971,991.269
5107,59,255,1334.992,989.059
5108,75,255,1581.620,988.607
5109,68,255,266.338,990.221
5110,46,255,562.935,988.957
5111,56,255,580.732,987.732
5112,32,255,595.000,988.875
5113,26,255,848.923,987.385
5114,59,255,912.975,989.669
5115,52,255,414.192,989.923
5116,34,255,510.735,988.765
5117,35,255,648.329,988.814
5118,30,255,8.700,990.233
5119,43,255,536.384,990.663
5120,46,255,621.848,990.500
5121,36,255,900.333,989.972
5122,60,255,1077.250,991.117
5123,41,255,1199.622,990.061
5124,32,255,1222.000,990.000
5125,34,255,1370.647,989.824
5126,85,255,1417.124,992.476
5127,36,255,178.500,990.250
5128,39,255,347.603,992.372
5129,32,255,803.938,990.906
5130,67,255,1383.306,991.142
5131,38,255,456.447,992.842
5132,41,255,871.573,992.427
5133,38,255,1020.553,991.763
5134,33,255,1399.924,991.924
5135,39,255,1494.731,992.090
5136,40,255,1537.150,992.375
5137,39,255,386.628,993.372
5138,46,255,428.913,993.717
5139,34,255,639.441,993.265
5140,39,255,846.244,993.321
5141,63,255,1170.278,994.992
5142,45,255,1348.256,993.389
5143,30,255,1361.333,993.167
5144,37,255,1503.608,993.635
5145,38,255,1555.184,993.000
5146,32,255,59.812,992.938
5147,42,255,340.024,995.286
5148,54,255,504.093,995.037
5149,40,255,822.300,994.000
5150,35,255,1092.157,993.814
5151,22,255,44.273,994.727
5152,107,255,789.678,997.808
5153,44,255,1232.250,995.318
5154,33,255,35.985,995.379
5155,71,255,238.415,998.275
5156,86,255,880.674,997.709
5157,36,255,981.500,996.278
5158,29,255,287.845,996.983
5159,55,255,894.573,998.518
5160,50,255,1101.580,998.060
5161,51,255,23.167,998.049
5162,83,255,441.500,1000.584
5163,38,255,590.500,998.000
5164,110,255,772.936,1000.255
5165,40,255,808.325,997.775
5166,50,255,1259.360,998.960
5167,38,255,1327.158,998.289
5168,21,255,116.214,998.024
5169,51,255,269.127,999.147
5170,85,255,316.229,1000.865
5171,83,255,659.102,1001.500
5172,26,255,1182.154,999.346
5173,36,255,8.111,999.750
5174,31,255,98.790,999.855
5175,81,255,192.920,1002.698
5176,35,255,298.243,1000.157
5177,38,255,743.579,999.711
5178,34,255,907.853,999.412
5179,55,255,1108.918,1001.391
5180,21,255,1138.119,999.214
5181,66,255,1270.318,1002.697
5182,57,255,1482.588,1000.096
5183,50,255,59.800,1001.960
5184,91,255,208.335,1003.687
5185,43,255,483.151,1002.942
5186,48,255,936.146,1002.792
5187,34,255,1188.735,1000.941
5188,40,255,1387.250,1000.900
5189,72,255,1490.861,1005.111
5190,42,255,1596.524,1001.167
5191,48,255,71.229,1002.688
5192,26,255,88.231,1002.462
5193,59,255,752.449,1004.517
5194,67,255,1287.784,1003.231
5195,20,255,1335.200,1001.250
5196,31,255,1343.952,1002.048
5197,28,255,1357.000,1002.714
5198,57,255,166.219,1006.096
5199,42,255,293.167,1005.000
5200,81,255,371.302,1005.549
5201,45,255,674.056,1004.300
5202,61,255,853.664,1005.189
5203,42,255,1200.500,1005.000
5204,30,255,249.700,1005.700
5205,60,255,473.617,1006.217
5206,51,255,524.324,1006.010
5207,51,255,1064.971,1005.520
5208,46,255,1082.609,1005.870
5209,51,255,1131.225,1005.794
5210,37,255,1530.716,1005.419
5211,60,255,147.250,1006.867
5212,36,255,237.139,1006.417
5213,47,255,908.713,1005.755
5214,35,255,834.700,1006.414
5215,74,255,953.716,1008.473
5216,46,255,966.609,1007.587
5217,41,255,133.744,1008.207
5218,24,255,260.542,1008.375
5219,40,255,398.925,1009.325
5220,49,255,504.704,1009.602
5221,42,255,1154.857,1007.905
5222,25,255,1219.260,1007.460
5223,89,255,1400.039,1010.601
5224,57,255,1502.904,1009.658
5225,49,255,347.622,1009.582
5226,79,255,628.880,1009.892
5227,57,255,653.202,1010.026
5228,71,255,1098.556,1009.697
5229,22,255,1385.773,1008.045
5230,22,255,1442.227,1007.364
5231,58,255,696.500,1010.828
5232,38,255,986.000,1010.132
5233,33,255,1411.712,1010.985
5234,58,255,56.207,1011.569
5235,27,255,112.426,1010.648
5236,44,255,122.318,1012.477
5237,51,255,163.696,1013.676
5238,111,255,866.455,1013.437
5239,48,255,1177.979,1012.438
5240,103,255,1306.364,1011.976
5241,89,255,1324.882,1011.039
5242,42,255,5.738,1013.286
5243,33,255,299.106,1011.803
5244,43,255,943.663,1012.477
5245,49,255,1283.643,1012.888
5246,64,255,1351.609,1012.281
5247,41,255,69.988,1013.646
5248,74,255,710.311,1015.338
5249,29,255,794.914,1013.086
5250,92,255,847.402,1014.641
5251,63,255,1456.310,1015.405
5252,34,255,1563.765,1013.147
5253,86,255,1581.360,1014.953
5254,65,255,410.162,1014.854
5255,88,255,1062.830,1015.818
5256,37,255,1448.311,1015.365
5257,55,255,150.809,1014.900
5258,20,255,254.050,1013.850
5259,35,255,286.900,1015.471
5260,36,255,736.694,1014.944
5261,137,255,773.172,1018.398
5262,46,255,1185.130,1016.043
5263,55,255,80.736,1017.155
5264,66,255,813.364,1016.909
5265,87,255,893.201,1017.397
5266,23,255,18.891,1016.457
5267,56,255,498.643,1017.857
5268,82,255,639.902,1018.476
5269,32,255,760.844,1017.469
5270,74,255,917.635,1018.797
5271,38,255,42.974,1018.974
5272,52,255,342.077,1018.769
5273,55,255,448.900,1017.936
5274,51,255,688.225,1018.892
5275,70,255,751.143,1020.529
5276,47,255,1117.160,1018.330
5277,82,255,1207.585,1020.244
5278,52,255,543.981,1019.404
5279,140,255,664.764,1022.286
5280,89,255,1594.185,1021.927
5281,50,255,960.700,1020.700
5282,48,255,1130.167,1022.042
5283,74,255,1506.743,1023.162
5284,28,255,88.571,1021.929
5285,44,255,317.182,1021.500
5286,64,255,831.625,1023.641
5287,37,255,1326.527,1021.284
5288,28,255,1366.929,1020.393
5289,36,255,1377.972,1022.194
5290,40,255,1422.725,1021.050
5291,29,255,1518.224,1020.672
5292,77,255,265.318,1022.825
5293,55,255,308.482,1022.664
5294,21,255,512.881,1021.071
5295,45,255,699.189,1021.922
5296,134,255,996.649,1025.090
5297,33,255,1180.258,1022.530
5298,92,255,1223.043,1024.913
5299,37,255,1562.608,1022.527
5300,25,255,49.140,1023.060
5301,44,255,120.227,1023.909
5302,50,255,226.560,1023.420
5303,40,255,352.625,1024.650
5304,29,255,583.914,1022.707
5305,41,255,1039.183,1023.354
5306,43,255,1309.291,1023.570
5307,51,255,71.520,1025.755
5308,66,255,872.909,1025.364
5309,56,255,1247.661,1025.054
5310,33,255,1281.379,1023.652
5311,43,255,1435.709,1023.895
5312,74,255,1530.176,1024.622
5313,44,255,1573.682,1024.091
5314,26,255,18.538,1023.962
5315,24,255,203.000,1024.500
5316,49,255,292.908,1025.276
5317,87,255,368.580,1026.420
5318,50,255,681.700,1025.960
5319,42,255,1332.667,1025.929
5320,30,255,1400.167,1025.300
5321,21,255,29.500,1025.881
5322,42,255,445.690,1026.571
5323,85,255,609.182,1027.700
5324,63,255,787.008,1027.024
5325,48,255,848.375,1026.417
5326,69,255,1015.529,1026.123
5327,35,255,1552.529,1025.871
5328,44,255,57.977,1027.273
5329,54,255,159.667,1027.074
5330,90,255,500.967,1029.211
5331,38,255,809.447,1027.368
5332,35,255,1166.586,1026.957
5333,66,255,1395.545,1032.273
5334,35,255,135.929,1028.214
5335,47,255,191.202,1028.798
5336,80,255,281.637,1029.513
5337,20,255,573.400,1027.450
5338,39,255,1364.808,1028.962
5339,45,255,212.567,1029.122
5340,56,255,255.714,1030.518
5341,87,255,652.351,1031.006
5342,56,255,747.679,1030.036
5343,37,255,803.041,1030.689
5344,46,255,1460.630,1029.304
5345,66,255,1478.000,1030.000
5346,38,255,1515.947,1028.868
5347,42,255,342.643,1031.071
5348,85,255,514.841,1032.747
5349,79,255,1089.601,1033.146
5350,71,255,93.923,1032.345
5351,47,255,172.223,1033.372
5352,97,255,474.964,1032.572
5353,76,255,822.066,1031.566
5354,45,255,1415.856,1030.656
5355,41,255,389.646,1033.646
5356,62,255,406.677,1033.629
5357,45,255,1131.144,1033.256
5358,74,255,120.203,1034.514
5359,25,255,703.260,1033.300
5360,65,255,788.454,1035.608
5361,69,255,1111.645,1033.964
5362,60,255,1581.483,1033.550
5363,40,255,270.250,1034.450
5364,53,255,427.085,1033.858
5365,74,255,639.851,1035.730
5366,65,255,1027.300,1035.362
5367,91,255,1040.005,1035.687
5368,39,255,362.654,1034.782
5369,42,255,840.619,1034.690
5370,27,255,1430.426,1035.167
5371,60,255,79.417,1037.067
5372,54,255,372.278,1037.889
5373,67,255,489.336,1036.948
5374,64,255,1296.266,1037.031
5375,54,255,45.796,1038.463
5376,22,255,201.773,1036.364
5377,73,255,1061.870,1037.719
5378,134,255,337.612,1042.276
5379,44,255,726.841,1038.432
5380,33,255,1413.015,1037.864
5381,90,255,1570.111,1040.811
5382,83,255,209.584,1041.452
5383,39,255,221.910,1039.192
5384,76,255,420.566,1040.145
5385,42,255,1207.643,1039.571
5386,41,255,1247.817,1039.549
5387,23,255,1340.500,1038.022
5388,106,255,29.717,1042.425
5389,44,255,774.205,1040.705
5390,35,255,1075.271,1039.929
5391,50,255,63.580,1041.480
5392,63,255,600.992,1042.294
5393,167,255,687.027,1046.865
5394,35,255,1005.671,1041.471
5395,45,255,1516.078,1041.122
5396,40,255,1534.150,1041.900
5397,131,255,1546.592,1043.989
5398,62,255,114.984,1043.661
5399,73,255,396.733,1043.651
5400,121,255,669.244,1045.368
5401,99,255,952.237,1044.419
5402,44,255,1139.955,1042.886
5403,86,255,1375.070,1045.616
5404,81,255,316.747,1045.142
5405,71,255,905.331,1044.317
5406,52,255,1460.269,1043.019
5407,49,255,1585.214,1043.745
5408,46,255,9.522,1045.543
5409,24,255,969.167,1043.500
5410,85,255,1017.441,1045.971
5411,56,255,128.554,1045.893
5412,63,255,238.960,1046.405
5413,94,255,824.245,1047.819
5414,44,255,1228.977,1045.818
5415,52,255,1174.942,1047.481
5416,36,255,1309.167,1045.889
5417,32,255,1427.438,1045.750
5418,22,255,82.682,1046.682
5419,89,255,162.590,1048.534
5420,47,255,568.734,1048.266
5421,98,255,705.388,1049.592
5422,96,255,937.156,1050.031
5423,29,255,1001.328,1047.293
5424,56,255,1348.429,1048.036
5425,88,255,378.739,1050.159
5426,62,255,282.403,1050.355
5427,40,255,364.800,1049.225
5428,89,255,451.466,1050.500
5429,88,255,1510.364,1051.670
5430,31,255,780.210,1049.790
5431,97,255,1045.521,1052.871
5432,23,255,1300.891,1049.717
5433,92,255,1525.913,1052.011
5434,60,255,94.383,1052.417
5435,30,255,1236.000,1051.600
5436,95,255,1451.900,1052.932
5437,29,255,21.914,1051.776
5438,83,255,493.042,1054.765
5439,61,255,619.795,1053.434
5440,115,255,865.935,1055.117
5441,27,255,1497.352,1051.870
5442,27,255,1580.167,1051.648
5443,32,255,206.094,1052.906
5444,127,255,403.295,1056.594
5445,90,255,1122.067,1054.133
5446,34,255,1483.176,1052.912
5447,96,255,429.583,1056.729
5448,42,255,545.952,1055.881
5449,37,255,29.392,1056.581
5450,41,255,537.500,1056.768
5451,54,255,715.889,1056.111
5452,101,255,850.906,1058.054
5453,20,255,926.700,1054.200
5454,115,255,657.657,1059.743
5455,22,255,1586.682,1055.500
5456,68,255,146.912,1058.235
5457,100,255,315.000,1059.290
5458,78,255,581.538,1059.167
5459,58,255,1087.759,1058.776
5460,77,255,1143.565,1058.279
5461,68,255,288.706,1059.544
5462,81,255,797.562,1060.833
5463,96,255,1068.667,1061.344
5464,80,255,1160.575,1060.750
5465,88,255,1211.216,1060.227
5466,49,255,1492.765,1059.398
5467,146,255,128.678,1061.692
5468,65,255,445.623,1060.777
5469,62,255,15.129,1060.903
5470,39,255,55.500,1060.423
5471,43,255,113.174,1060.477
5472,41,255,610.890,1059.963
5473,130,255,817.862,1063.354
5474,89,255,947.174,1062.376
5475,83,255,965.018,1063.199
5476,36,255,1394.111,1060.972
5477,50,255,1438.720,1060.840
5478,27,255,1543.352,1060.315
5479,82,255,44.939,1063.707
5480,102,255,470.284,1062.667
5481,32,255,923.250,1061.469
5482,25,255,1479.060,1060.700
5483,71,255,1551.486,1062.472
5484,65,255,302.023,1062.869
5485,47,255,527.117,1063.032
5486,21,255,770.262,1061.500
5487,58,255,913.776,1064.328
5488,46,255,1425.391,1063.435
5489,82,255,377.098,1065.366
5490,108,255,565.315,1066.861
5491,101,255,605.401,1066.153
5492,77,255,879.773,1064.279
5493,54,255,1105.296,1064.259
5494,58,255,1196.517,1064.328
5495,22,255,1318.409,1062.591
5496,38,255,1528.868,1063.500
5497,102,255,704.471,1066.304
5498,69,255,933.123,1066.428
5499,40,255,1377.500,1064.450
5500,48,255,1449.875,1064.583
5501,76,255,180.974,1066.526
5502,78,255,552.436,1066.487
5503,28,255,1295.857,1064.607
5504,66,255,65.000,1067.333
5505,86,255,76.965,1068.942
5506,70,255,326.214,1067.900
5507,92,255,1008.228,1069.880
5508,37,255,1538.149,1067.176
5509,42,255,230.548,1069.000
5510,94,255,264.809,1070.085
5511,60,255,589.583,1069.867
5512,72,255,846.528,1070.028
5513,52,255,212.692,1069.192
5514,62,255,292.758,1069.984
5515,67,255,413.858,1070.709
5516,59,255,579.195,1070.534
5517,23,255,748.152,1068.978
5518,98,255,758.878,1071.704
5519,67,255,787.052,1070.963
5520,70,255,1133.971,1070.471
5521,117,255,1220.987,1070.910
5522,73,255,1586.336,1070.500
5523,75,255,156.033,1071.447
5524,60,255,168.883,1071.100
5525,38,255,873.421,1070.526
5526,57,255,897.272,1071.132
5527,116,255,1088.000,1073.095
5528,30,255,1520.100,1069.567
5529,59,255,19.805,1071.585
5530,96,255,503.708,1073.500
5531,77,255,920.279,1072.032
5532,82,255,1051.866,1074.780
5533,56,255,1572.518,1072.839
5534,100,255,624.200,1074.000
5535,48,255,1061.250,1072.750
5536,41,255,1306.988,1072.573
5537,34,255,1364.912,1072.794
5538,69,255,93.413,1075.196
5539,80,255,523.712,1074.088
5540,80,255,740.950,1075.000
5541,26,255,1580.269,1073.615
5542,84,255,439.524,1076.036
5543,46,255,474.065,1075.065
5544,80,255,798.600,1075.800
5545,29,255,1157.672,1074.293
5546,41,255,1479.110,1074.061
5547,57,255,125.395,1074.991
5548,83,255,485.946,1077.476
5549,94,255,647.085,1077.574
5550,24,255,212.500,1076.000
5551,62,255,278.597,1077.823
5552,92,255,602.228,1078.130
5553,53,255,683.915,1077.104
5554,78,255,777.192,1077.987
5555,22,255,1450.591,1075.409
5556,73,255,5.733,1079.267
5557,33,255,1516.258,1076.924
5558,82,255,1000.220,1081.341
5559,36,255,674.056,1079.806
5560,23,255,730.587,1079.457
5561,80,255,1035.550,1080.100
5562,20,255,1421.400,1078.450
5563,79,255,38.158,1080.525
5564,68,255,225.221,1080.985
5565,38,255,407.737,1079.632
5566,39,255,419.423,1080.449
5567,54,255,819.944,1081.463
5568,29,255,1356.569,1079.534
5569,32,255,1458.969,1079.344
5570,185,255,240.614,1085.322
5571,20,255,263.800,1080.200
5572,57,255,378.377,1081.482
5573,115,255,449.761,1084.752
5574,72,255,556.278,1083.111
5575,41,255,1010.915,1082.183
5576,131,255,1134.134,1085.637
5577,30,255,1434.600,1080.467
5578,58,255,61.534,1083.552
5579,66,255,323.242,1082.970
5580,54,255,567.278,1084.741
5581,95,255,839.468,1083.237
5582,57,255,888.640,1083.482
5583,68,255,922.250,1083.324
5584,23,255,53.717,1082.804
5585,38,255,120.947,1082.737
5586,52,255,290.750,1083.673
5587,48,255,544.188,1084.458
5588,48,255,586.917,1084.646
5589,95,255,713.205,1085.132
5590,24,255,1153.250,1082.958
5591,55,255,1209.609,1086.227
5592,45,255,1536.967,1083.567
5593,108,255,200.324,1086.231
5594,67,255,497.112,1085.530
5595,70,255,354.929,1087.171
5596,79,255,472.006,1086.032
5597,31,255,1447.694,1085.726
5598,32,255,1463.156,1085.469
5599,24,255,86.500,1086.000
5600,66,255,402.561,1087.924
5601,72,255,662.875,1087.889
5602,96,255,1223.552,1087.865
5603,21,255,1262.690,1085.167
5604,20,255,1328.000,1085.000
5605,32,255,1502.188,1087.094
5606,42,255,1559.452,1085.810
5607,67,255,78.172,1088.142
5608,57,255,341.061,1088.535
5609,87,255,826.397,1090.224
5610,96,255,1164.229,1089.552
5611,27,255,93.278,1088.056
5612,20,255,156.700,1087.400
5613,50,255,973.960,1088.640
5614,28,255,1280.536,1087.607
5615,32,255,1365.312,1088.312
5616,33,255,129.045,1088.591
5617,21,255,162.357,1088.500
5618,105,255,1183.567,1091.938
5619,81,255,285.179,1092.488
5620,86,255,896.407,1091.605
5621,65,255,917.715,1090.915
5622,66,255,958.288,1090.833
5623,73,255,1019.801,1092.336
5624,60,255,1042.600,1090.217
5625,110,255,1068.264,1092.755
5626,87,255,1247.178,1092.121
5627,89,255,1354.365,1092.410
5628,44,255,1587.545,1090.114
5629,73,255,227.075,1092.664
5630,46,255,380.587,1091.478
5631,29,255,503.672,1091.466
5632,66,255,765.818,1091.424
5633,73,255,12.021,1093.815
5634,68,255,625.588,1093.221
5635,24,255,521.333,1093.667
5636,54,255,689.111,1094.074
5637,53,255,930.557,1094.066
5638,76,255,43.250,1095.408
5639,75,255,600.980,1094.793
5640,40,255,696.875,1094.500
5641,75,255,729.887,1096.167
5642,73,255,785.062,1095.870
5643,47,255,842.968,1094.564
5644,44,255,1497.068,1093.682
5645,81,255,211.204,1096.488
5646,76,255,333.263,1096.776
5647,53,255,414.274,1096.500
5648,40,255,494.750,1095.025
5649,74,255,547.081,1096.473
5650,24,255,563.042,1094.917
5651,22,255,740.591,1094.591
5652,69,255,1082.630,1096.384
5653,58,255,1150.000,1096.328
5654,52,255,154.115,1096.712
5655,64,255,316.984,1096.594
5656,79,255,455.728,1096.842
5657,50,255,1311.020,1096.160
5658,41,255,365.963,1097.378
5659,37,255,759.959,1097.770
5660,65,255,1119.531,1097.346
5661,56,255,1262.250,1097.357
5662,47,255,1568.160,1097.287
5663,30,255,514.633,1097.900
5664,36,255,636.694,1097.889
5665,24,255,1303.792,1098.000
5666,33,255,479.136,1098.197
5667,23,255,1216.761,1098.283
5668,42,255,1590.024,1098.333
5669,25,255,1282.500,1098.580
