 ,Area,Mean,X,Y
1,98,255,45.184,3.143
2,95,255,152.205,2.932
3,49,255,184.663,2.602
4,36,255,195.722,3.278
5,99,255,274.763,6.995
6,25,255,462.620,4.300
7,31,255,28.629,6.145
8,90,255,322.178,7.344
9,130,255,291.077,9.323
10,34,255,21.412,8.500
11,24,255,360.750,8.000
12,34,255,392.824,8.412
13,91,255,202.643,14.115
14,81,255,376.463,12.623
15,26,255,408.231,8.346
16,78,255,347.000,11.897
17,65,255,433.331,11.838
18,27,255,441.907,10.574
19,77,255,72.266,14.006
20,40,255,7.225,13.375
21,56,255,41.804,15.804
22,100,255,57.360,18.790
23,82,255,189.000,17.012
24,54,255,145.556,16.926
25,78,255,258.218,17.372
26,53,255,418.538,15.953
27,31,255,479.145,14.887
28,46,255,216.543,17.717
29,65,255,228.546,18.885
30,68,255,328.676,18.897
31,47,255,389.032,17.649
32,91,255,83.929,20.335
33,33,255,248.227,18.500
34,30,255,410.200,17.933
35,96,255,454.510,20.885
36,102,255,553.716,20.539
37,120,255,21.708,22.008
38,30,255,282.867,19.133
39,28,255,488.036,19.321
40,154,255,529.714,24.000
41,34,255,99.412,21.000
42,44,255,115.773,21.659
43,55,255,156.427,21.536
44,50,255,605.880,21.360
45,97,255,168.644,23.851
46,23,255,574.283,22.152
47,36,255,593.250,22.111
48,34,255,210.912,23.882
49,72,255,495.625,24.833
50,48,255,564.604,24.250
51,45,255,584.122,24.233
52,27,255,143.204,25.093
53,31,255,182.177,28.242
54,48,255,401.146,28.521
55,84,255,416.167,30.238
56,133,255,725.132,32.222
57,60,255,604.250,29.600
58,49,255,691.500,30.112
59,70,255,710.943,30.429
60,72,255,743.514,28.319
61,28,255,479.571,30.250
62,128,255,619.906,35.172
63,131,255,638.286,33.996
64,58,255,793.431,30.586
65,40,255,833.075,29.625
66,23,255,56.630,29.674
67,52,255,175.346,33.000
68,32,255,191.844,32.062
69,27,255,390.574,31.796
70,32,255,556.844,30.938
71,54,255,822.463,31.185
72,41,255,135.744,32.085
73,46,255,461.435,33.935
74,111,255,774.419,33.599
75,54,255,50.296,34.889
76,44,255,541.364,34.068
77,21,255,872.214,32.786
78,33,255,886.712,33.379
79,43,255,453.616,34.174
80,71,255,666.739,34.866
81,22,255,523.000,34.364
82,101,255,743.797,37.064
83,82,255,843.500,36.768
84,41,255,859.378,35.744
85,25,255,74.940,35.300
86,25,255,676.060,35.700
87,70,255,11.086,38.829
88,21,255,896.357,36.310
89,66,255,579.000,39.273
90,94,255,909.298,40.872
91,27,255,547.944,39.648
92,30,255,435.967,39.300
93,41,255,505.890,40.915
94,42,255,800.333,40.167
95,50,255,812.660,41.040
96,95,255,943.353,42.311
97,85,255,961.759,43.029
98,32,255,688.062,42.656
99,78,255,878.179,45.205
100,38,255,132.132,45.605
101,46,255,180.109,46.500
102,57,255,416.360,46.342
103,51,255,729.637,45.559
104,85,255,771.241,46.782
105,35,255,920.414,45.500
106,32,255,983.062,44.469
107,20,255,677.050,45.750
108,55,255,63.591,46.682
109,57,255,362.360,48.763
110,33,255,431.106,46.409
111,35,255,445.529,46.929
112,38,255,667.000,48.105
113,33,255,404.379,47.773
114,38,255,930.000,49.079
115,25,255,329.100,49.220
116,93,255,996.102,52.575
117,88,255,1040.420,54.375
118,35,255,397.129,52.586
119,58,255,895.983,52.345
120,116,255,1053.828,58.707
121,40,255,435.575,52.375
122,50,255,517.880,53.400
123,58,255,961.103,53.052
124,53,255,22.840,54.330
125,64,255,713.609,55.188
126,29,255,868.328,54.293
127,37,255,507.230,55.203
128,38,255,975.921,54.447
129,44,255,382.682,56.909
130,34,255,391.588,56.824
131,45,255,468.233,56.900
132,70,255,1018.557,57.129
133,64,255,692.641,59.172
134,33,255,584.106,58.682
135,31,255,644.919,57.952
136,43,255,105.616,59.384
137,27,255,406.241,59.093
138,56,255,359.036,60.750
139,32,255,784.000,61.000
140,32,255,894.531,60.719
141,47,255,983.011,62.649
142,58,255,1083.741,63.121
143,41,255,656.793,62.402
144,39,255,815.321,61.423
145,23,255,316.457,62.413
146,66,255,1075.152,65.288
147,24,255,190.750,64.375
148,50,255,526.660,64.460
149,54,255,1028.463,65.130
150,69,255,156.558,65.529
151,42,255,136.143,66.095
152,24,255,306.958,66.125
153,29,255,545.776,66.155
154,69,255,636.732,68.587
155,50,255,997.900,66.900
156,37,255,458.176,67.338
157,31,255,205.629,67.790
158,36,255,1095.722,68.333
159,30,255,1017.133,69.133
160,38,255,655.684,70.105
161,137,255,1039.712,74.193
162,76,255,1177.579,72.368
163,124,255,330.435,78.306
164,20,255,484.550,71.600
165,69,255,1055.065,73.616
166,38,255,957.816,73.421
167,44,255,516.591,73.886
168,31,255,583.790,73.565
169,25,255,594.020,74.460
170,20,255,740.000,73.000
171,29,255,768.500,74.121
172,93,255,1152.403,77.134
173,33,255,250.318,76.106
174,40,255,1079.225,76.875
175,35,255,787.986,77.186
176,31,255,490.210,78.371
177,32,255,844.938,78.844
178,21,255,939.214,78.357
179,36,255,1009.500,79.139
180,70,255,1091.214,81.514
181,86,255,1112.977,81.791
182,158,255,1219.418,82.399
183,47,255,23.840,80.840
184,21,255,76.595,79.690
185,22,255,188.455,78.955
186,40,255,308.475,80.775
187,36,255,611.861,79.722
188,46,255,953.674,80.000
189,31,255,452.952,81.790
190,27,255,651.685,81.537
191,49,255,7.888,83.296
192,46,255,233.087,84.326
193,48,255,518.667,83.167
194,30,255,619.700,83.233
195,95,255,1179.995,84.837
196,31,255,183.694,85.435
197,24,255,583.375,83.708
198,34,255,43.000,84.500
199,31,255,657.532,84.758
200,97,255,1071.057,87.582
201,138,255,1126.957,88.406
202,37,255,1255.068,84.851
203,24,255,1264.333,85.083
204,50,255,480.980,86.960
205,31,255,593.081,86.048
206,53,255,1158.500,87.764
207,159,255,1200.689,89.657
208,80,255,1246.825,89.112
209,51,255,258.206,87.637
210,29,255,214.569,87.948
211,55,255,447.864,89.809
212,23,255,638.370,88.457
213,20,255,1103.050,88.200
214,75,255,1144.087,91.127
215,40,255,1229.850,88.700
216,151,255,1285.228,92.745
217,29,255,61.293,89.638
218,50,255,273.320,91.120
219,60,255,507.000,91.500
220,34,255,935.794,89.471
221,34,255,99.118,91.529
222,41,255,199.915,90.963
223,26,255,436.500,92.000
224,38,255,1014.474,92.132
225,55,255,312.718,93.827
226,38,255,461.816,93.026
227,39,255,872.397,93.372
228,57,255,1172.553,95.044
229,54,255,632.167,94.944
230,65,255,1109.946,93.762
231,29,255,499.569,94.948
232,168,255,1334.595,101.196
233,62,255,17.968,96.758
234,52,255,486.404,97.615
235,33,255,982.955,96.076
236,48,255,1030.917,96.271
237,54,255,1305.889,97.259
238,49,255,332.398,98.071
239,39,255,669.244,97.500
240,56,255,1260.571,98.732
241,52,255,1275.327,97.673
242,63,255,255.325,99.056
243,34,255,407.235,98.353
244,27,255,540.907,98.019
245,64,255,649.969,99.219
246,41,255,952.890,99.695
247,61,255,1054.992,99.189
248,57,255,1225.921,99.254
249,26,255,556.231,99.077
250,40,255,780.700,102.000
251,55,255,28.827,104.609
252,65,255,44.162,106.285
253,46,255,179.130,103.391
254,49,255,380.337,103.908
255,53,255,516.179,104.330
256,56,255,1046.411,104.554
257,84,255,1311.702,106.798
258,33,255,55.076,104.591
259,58,255,235.034,104.948
260,28,255,1354.607,103.536
261,73,255,331.130,106.432
262,36,255,961.472,105.694
263,21,255,1152.262,104.786
264,41,255,17.183,106.085
265,43,255,531.477,107.081
266,43,255,1006.477,106.151
267,54,255,1074.759,106.426
268,23,255,1127.891,105.065
269,24,255,1243.625,105.458
270,32,255,218.188,106.562
271,70,255,296.371,108.343
272,24,255,372.417,106.750
273,36,255,581.722,108.278
274,29,255,716.603,107.672
275,20,255,875.450,106.600
276,37,255,1117.203,106.797
277,20,255,114.000,107.000
278,49,255,198.316,108.969
279,112,255,603.536,110.366
280,52,255,625.404,108.423
281,20,255,1062.750,107.350
282,52,255,1281.135,108.135
283,21,255,1382.929,107.690
284,21,255,65.405,108.595
285,42,255,444.190,109.214
286,39,255,477.423,109.372
287,140,255,637.621,114.893
288,65,255,1360.069,112.023
289,119,255,542.391,114.466
290,25,255,756.020,110.100
291,37,255,88.473,111.662
292,58,255,307.897,113.397
293,50,255,657.520,112.160
294,30,255,745.133,111.133
295,50,255,1190.760,111.680
296,40,255,1326.100,111.475
297,46,255,1400.413,112.087
298,50,255,464.560,114.060
299,54,255,484.667,113.352
300,54,255,340.759,114.537
301,53,255,509.915,113.821
302,29,255,797.190,113.052
303,49,255,1175.786,113.316
304,41,255,1348.110,114.232
305,40,255,1374.075,114.925
306,38,255,232.711,113.816
307,58,255,273.966,115.603
308,61,255,455.402,114.451
309,21,255,814.500,113.500
310,36,255,992.639,114.111
311,81,255,1428.191,116.327
312,26,255,51.731,115.846
313,34,255,169.588,114.853
314,83,255,219.343,117.524
315,27,255,674.500,115.204
316,60,255,1413.467,116.350
317,45,255,112.078,116.456
318,115,255,253.430,118.770
319,63,255,685.579,117.516
320,51,255,1234.775,117.461
321,24,255,369.833,117.625
322,46,255,520.739,118.848
323,37,255,531.176,118.446
324,51,255,925.637,120.324
325,40,255,1125.175,118.050
326,72,255,1216.611,120.778
327,100,255,1445.090,120.570
328,54,255,9.889,120.111
329,61,255,700.320,120.123
330,32,255,1327.781,119.062
331,99,255,299.470,123.399
332,62,255,349.065,121.774
333,31,255,1032.887,120.532
334,49,255,1165.990,120.153
335,53,255,1279.292,120.217
336,44,255,70.977,122.818
337,32,255,139.125,120.875
338,47,255,106.096,122.691
339,60,255,410.317,124.983
340,58,255,658.707,123.259
341,56,255,719.000,123.000
342,39,255,790.705,121.833
343,51,255,1459.598,123.225
344,58,255,127.379,123.862
345,47,255,485.074,123.457
346,56,255,970.696,123.071
347,36,255,1242.806,123.167
348,39,255,1401.141,123.269
349,45,255,87.144,124.833
350,29,255,178.259,123.741
351,65,255,231.500,125.685
352,109,255,451.959,126.445
353,134,255,675.396,128.761
354,27,255,1394.574,124.500
355,35,255,186.729,125.129
356,57,255,267.570,126.184
357,74,255,369.770,126.689
358,47,255,391.883,125.947
359,26,255,1428.269,124.654
360,116,255,1485.129,126.629
361,57,255,589.816,128.079
362,41,255,761.646,128.110
363,79,255,1288.335,127.576
364,43,255,1262.430,127.895
365,59,255,472.551,128.992
366,34,255,517.588,128.059
367,55,255,558.082,129.191
368,31,255,1015.758,127.532
369,41,255,1412.695,129.549
370,63,255,11.802,129.452
371,53,255,530.236,129.557
372,100,255,619.310,132.550
373,48,255,810.292,128.646
374,34,255,1439.500,129.088
375,55,255,79.118,131.427
376,124,255,315.782,134.548
377,68,255,598.088,131.265
378,52,255,774.712,130.385
379,46,255,856.348,130.304
380,30,255,130.767,130.133
381,108,255,437.250,133.694
382,80,255,574.212,133.100
383,51,255,1198.225,132.225
384,75,255,650.873,133.527
385,42,255,1038.048,133.262
386,28,255,1177.321,131.500
387,52,255,149.442,133.558
388,35,255,482.071,133.557
389,43,255,1150.756,133.709
390,48,255,1470.479,133.375
391,45,255,116.433,135.367
392,65,255,342.531,135.792
393,34,255,197.882,135.206
394,29,255,1496.397,135.741
395,102,255,137.980,140.725
396,36,255,178.833,136.250
397,90,255,506.056,138.400
398,45,255,1128.322,136.633
399,63,255,105.881,138.659
400,20,255,166.000,137.200
401,43,255,399.570,138.221
402,62,255,535.403,139.065
403,79,255,753.310,138.551
404,44,255,1053.000,137.000
405,33,255,1258.561,137.076
406,43,255,1334.128,137.686
407,34,255,1396.118,137.529
408,62,255,46.000,139.371
409,125,255,204.972,145.260
410,68,255,267.912,139.882
411,53,255,467.557,139.274
412,61,255,636.516,140.123
413,32,255,858.094,138.625
414,55,255,1137.264,140.536
415,71,255,1184.570,140.528
416,40,255,1382.000,139.000
417,20,255,1527.000,137.800
418,95,255,687.342,141.911
419,42,255,1003.500,139.095
420,34,255,1536.412,139.824
421,58,255,7.086,141.914
422,63,255,22.849,141.611
423,70,255,353.129,141.743
424,50,255,849.900,140.900
425,53,255,982.368,140.670
426,45,255,1158.233,141.033
427,52,255,1470.712,141.019
428,25,255,1555.820,139.820
429,139,255,291.371,145.615
430,56,255,590.000,142.143
431,54,255,961.222,141.278
432,54,255,1211.019,142.907
433,48,255,559.083,142.250
434,50,255,1018.560,142.360
435,80,255,221.375,147.275
436,50,255,549.540,144.500
437,99,255,867.449,147.056
438,35,255,150.214,144.929
439,69,255,236.355,145.993
440,117,255,328.577,147.620
441,133,255,656.538,149.109
442,137,255,762.668,148.858
443,78,255,830.872,146.026
444,21,255,1486.262,144.310
445,74,255,83.527,148.203
446,48,255,175.000,145.500
447,26,255,301.385,145.000
448,54,255,482.352,146.778
449,72,255,939.264,145.306
450,37,255,995.257,145.095
451,71,255,1564.768,147.162
452,197,255,1584.546,149.063
453,27,255,13.426,145.907
454,73,255,35.733,147.390
455,29,255,454.086,145.776
456,72,255,804.458,147.778
457,26,255,1069.192,145.385
458,82,255,1257.098,147.390
459,73,255,1288.130,149.021
460,41,255,1368.866,146.451
461,133,255,427.177,152.628
462,56,255,630.500,147.786
463,65,255,366.331,150.054
464,54,255,1052.481,149.204
465,87,255,72.718,152.718
466,40,255,557.650,149.400
467,75,255,616.260,150.967
468,23,255,694.630,149.413
469,22,255,1194.227,148.364
470,40,255,1325.525,149.175
471,52,255,472.212,151.500
472,38,255,1107.000,150.342
473,67,255,1132.724,151.007
474,79,255,1271.627,151.563
475,67,255,963.246,151.649
476,52,255,1094.058,151.423
477,70,255,52.786,153.886
478,82,255,157.037,154.329
479,136,255,347.794,154.522
480,62,255,493.371,153.726
481,51,255,526.637,153.578
482,40,255,713.575,152.600
483,43,255,951.593,152.895
484,33,255,1044.985,152.409
485,130,255,1157.208,155.723
486,33,255,1352.076,152.530
487,145,255,117.541,155.334
488,22,255,147.364,153.045
489,35,255,393.271,152.929
490,77,255,409.669,154.864
491,83,255,593.657,155.560
492,23,255,679.065,152.413
493,34,255,1384.353,153.382
494,45,255,1480.278,154.633
495,36,255,444.833,154.278
496,36,255,540.000,155.000
497,34,255,1536.735,154.147
498,97,255,259.593,158.686
499,42,255,309.214,156.405
500,62,255,925.097,156.435
501,72,255,10.319,157.958
502,90,255,170.444,158.467
503,73,255,564.212,158.527
504,45,255,785.189,158.744
505,129,255,909.252,160.252
506,70,255,775.514,159.471
507,72,255,978.667,158.611
508,44,255,1115.136,157.250
509,41,255,322.573,159.378
510,42,255,705.619,159.357
511,75,255,272.060,162.100
512,60,255,281.033,160.617
513,34,255,499.618,159.118
514,43,255,721.616,160.337
515,108,255,806.250,163.333
516,66,255,871.167,160.758
517,61,255,1030.844,160.369
518,23,255,1245.413,158.022
519,68,255,220.544,161.206
520,35,255,1018.986,160.243
521,81,255,35.981,163.636
522,112,255,730.402,164.857
523,79,255,936.310,163.234
524,55,255,1008.500,162.209
525,47,255,1296.670,161.585
526,34,255,95.353,161.559
527,27,255,194.611,163.130
528,48,255,441.188,163.354
529,29,255,678.603,161.362
530,69,255,1074.630,162.457
531,57,255,312.026,164.061
532,25,255,599.780,162.940
533,38,255,995.553,163.789
534,104,255,1054.481,165.606
535,57,255,1256.500,163.114
536,54,255,296.815,165.222
537,40,255,402.925,164.000
538,47,255,513.011,164.840
539,67,255,616.560,166.022
540,167,255,693.530,169.135
541,95,255,750.763,166.026
542,31,255,1397.403,163.984
543,31,255,1469.145,163.242
544,42,255,88.333,165.119
545,62,255,136.355,166.548
546,39,255,185.115,166.064
547,70,255,469.686,167.457
548,51,255,923.343,166.363
549,111,255,54.995,169.311
550,56,255,203.357,167.179
551,133,255,577.169,170.741
552,49,255,962.929,166.337
553,49,255,103.561,168.745
554,48,255,247.229,168.167
555,48,255,523.312,168.750
556,64,255,551.734,169.047
557,56,255,839.464,168.589
558,47,255,1120.521,168.670
559,32,255,1264.781,168.688
560,41,255,1589.427,168.256
561,41,255,43.402,170.744
562,27,255,1110.056,168.278
563,58,255,1130.603,170.241
564,69,255,1147.717,171.181
565,71,255,224.866,171.979
566,54,255,364.389,172.241
567,56,255,482.196,171.196
568,66,255,632.682,171.833
569,81,255,649.969,172.957
570,96,255,883.708,172.385
571,73,255,982.486,174.158
572,65,255,1027.331,170.992
573,30,255,1257.633,169.533
574,91,255,420.280,173.907
575,29,255,678.259,170.534
576,63,255,1092.103,173.183
577,63,255,1159.167,172.468
578,36,255,1242.611,171.667
579,91,255,154.247,173.830
580,47,255,283.564,173.032
581,50,255,342.720,173.540
582,65,255,353.900,175.023
583,32,255,1014.000,171.500
584,26,255,1197.500,172.000
585,67,255,1509.067,173.799
586,68,255,1172.309,174.647
587,26,255,114.346,174.154
588,80,255,176.425,175.425
589,116,255,436.328,178.147
590,28,255,596.536,174.536
591,27,255,666.426,173.907
592,49,255,823.398,174.500
593,55,255,859.700,175.609
594,47,255,1532.564,175.330
595,25,255,1549.740,173.300
596,54,255,73.796,176.204
597,31,255,1318.113,175.242
598,88,255,782.250,178.080
599,43,255,952.756,176.756
600,29,255,975.224,176.224
601,62,255,1075.242,177.210
602,61,255,82.893,178.697
603,25,255,756.700,177.060
604,99,255,766.227,180.500
605,34,255,869.735,178.147
606,29,255,1206.672,176.603
607,44,255,140.818,179.250
608,47,255,324.840,178.947
609,117,255,543.996,180.346
610,99,255,592.167,181.722
611,55,255,621.245,179.136
612,44,255,1052.523,178.750
613,49,255,1062.357,179.051
614,52,255,1249.942,180.000
615,96,255,1261.708,180.625
616,25,255,1478.780,178.060
617,31,255,1.823,180.597
618,30,255,24.133,178.767
619,27,255,100.204,178.981
620,53,255,705.217,180.500
621,87,255,15.351,182.489
622,41,255,249.329,179.866
623,97,255,1009.768,182.510
624,38,255,1580.395,180.711
625,69,255,390.399,183.326
626,42,255,474.857,181.619
627,34,255,516.324,181.059
628,48,255,525.000,181.500
629,88,255,681.341,184.500
630,50,255,828.960,181.080
631,29,255,1299.155,181.224
632,80,255,220.850,183.812
633,59,255,261.788,183.415
634,42,255,318.167,184.143
635,33,255,340.955,181.924
636,72,255,637.972,183.417
637,64,255,910.141,183.703
638,76,255,961.355,184.750
639,65,255,993.700,183.608
640,58,255,1093.069,184.224
641,49,255,1233.949,182.439
642,45,255,1328.700,182.189
643,92,255,451.620,187.359
644,82,255,1111.817,184.622
645,48,255,1129.042,184.167
646,61,255,740.270,186.303
647,67,255,293.828,187.575
648,95,255,577.132,187.153
649,54,255,942.185,187.167
650,72,255,1142.056,187.889
651,124,255,52.718,190.734
652,34,255,752.206,187.000
653,73,255,796.938,188.527
654,42,255,1533.286,187.548
655,89,255,706.848,191.320
656,21,255,1516.262,188.119
657,124,255,202.565,191.323
658,66,255,606.697,192.000
659,47,255,616.670,189.840
660,56,255,895.643,189.875
661,34,255,1073.059,189.147
662,30,255,1294.433,188.567
663,109,255,120.188,192.573
664,67,255,157.396,191.381
665,54,255,330.981,191.037
666,66,255,429.606,191.318
667,28,255,471.750,189.857
668,37,255,492.959,190.743
669,66,255,654.152,192.667
670,30,255,820.300,190.000
671,175,255,841.649,197.386
672,35,255,1305.957,190.729
673,65,255,184.623,192.685
674,90,255,241.444,192.656
675,101,255,671.450,193.500
676,69,255,871.065,192.094
677,108,255,353.667,195.019
678,80,255,1043.600,193.050
679,33,255,1198.500,192.288
680,36,255,255.000,193.806
681,88,255,405.034,195.841
682,62,255,482.565,194.758
683,20,255,541.000,192.000
684,118,255,727.093,196.508
685,38,255,776.711,193.868
686,122,255,1022.713,197.197
687,82,255,1097.622,195.500
688,56,255,1153.196,194.143
689,21,255,1318.643,192.357
690,117,255,19.970,197.132
691,49,255,301.827,195.398
692,29,255,933.155,193.776
693,46,255,1062.217,195.196
694,35,255,1112.671,193.757
695,88,255,570.727,197.045
696,54,255,859.352,196.667
697,73,255,1207.089,196.500
698,70,255,1561.243,196.657
699,68,255,37.088,197.574
700,63,255,289.167,197.135
701,68,255,883.206,197.662
702,105,255,909.748,198.710
703,53,255,1578.858,197.236
704,64,255,102.938,198.375
705,92,255,1162.533,200.000
706,48,255,1183.562,198.000
707,37,255,167.500,198.959
708,88,255,313.284,200.966
709,74,255,380.986,199.703
710,83,255,435.741,200.151
711,94,255,494.181,201.319
712,44,255,1069.818,198.114
713,31,255,1128.435,198.177
714,89,255,73.242,201.264
715,58,255,264.603,200.241
716,49,255,943.704,199.888
717,73,255,1239.075,201.336
718,64,255,223.953,201.234
719,46,255,469.239,200.261
720,40,255,531.900,200.325
721,108,255,592.833,202.815
722,83,255,956.440,202.572
723,53,255,1269.443,201.745
724,35,255,335.186,201.186
725,32,255,819.781,200.656
726,37,255,206.500,202.689
727,54,255,757.111,202.926
728,59,255,930.890,202.653
729,22,255,520.591,202.409
730,34,255,1123.000,203.500
731,88,255,189.534,207.545
732,34,255,543.000,204.000
733,75,255,775.433,206.193
734,73,255,49.130,207.527
735,81,255,175.969,206.500
736,59,255,408.839,206.127
737,101,255,452.342,208.015
738,75,255,702.127,207.327
739,140,255,793.393,209.864
740,77,255,816.058,207.760
741,58,255,1190.776,206.759
742,36,255,995.278,206.667
743,56,255,1014.161,207.089
744,52,255,9.596,208.077
745,104,255,84.952,210.558
746,72,255,234.889,209.083
747,81,255,392.907,208.784
748,50,255,530.120,207.600
749,53,255,467.557,208.858
750,95,255,1069.721,210.858
751,74,255,1099.689,209.473
752,25,255,1167.140,208.780
753,115,255,1222.509,212.143
754,96,255,1325.271,210.073
755,58,255,1341.431,209.431
756,64,255,510.500,210.859
757,36,255,655.056,210.694
758,49,255,1116.357,209.867
759,43,255,329.756,210.570
760,75,255,1418.140,212.780
761,50,255,28.620,212.040
762,58,255,135.552,212.690
763,127,255,265.602,214.169
764,55,255,296.482,212.209
765,56,255,643.321,212.589
766,72,255,832.250,212.333
767,57,255,1055.588,212.728
768,100,255,60.750,215.780
769,20,255,105.450,211.250
770,69,255,223.790,213.572
771,48,255,347.917,213.500
772,81,255,369.179,214.315
773,25,255,557.580,212.060
774,22,255,669.591,211.773
775,90,255,1133.189,212.878
776,55,255,1147.900,213.864
777,77,255,1278.578,213.838
778,41,255,1585.939,211.866
779,135,255,734.389,215.419
780,82,255,753.451,214.268
781,23,255,1432.543,213.109
782,65,255,21.792,216.654
783,104,255,481.144,216.615
784,92,255,622.120,217.446
785,108,255,915.694,217.778
786,54,255,1041.111,215.037
787,31,255,1211.210,213.952
788,44,255,1312.318,214.636
789,41,255,493.622,215.866
790,82,255,890.976,217.171
791,63,255,958.786,216.500
792,55,255,1178.973,215.827
793,66,255,159.394,218.091
794,90,255,302.033,219.233
795,90,255,1234.578,220.989
796,39,255,1368.833,216.346
797,71,255,146.246,218.528
798,71,255,321.739,218.669
799,46,255,578.283,217.783
800,140,255,849.436,220.043
801,55,255,1030.664,219.555
802,25,255,1085.540,217.260
803,47,255,1103.223,217.415
804,86,255,38.314,220.698
805,124,255,117.734,221.903
806,81,255,521.488,219.660
807,55,255,561.464,218.645
808,89,255,930.904,219.770
809,37,255,1076.986,218.986
810,45,255,1119.300,218.678
811,157,255,1254.627,221.869
812,63,255,1342.119,221.167
813,31,255,1437.435,217.919
814,83,255,1460.572,220.476
815,121,255,443.285,221.492
816,106,255,870.755,222.226
817,22,255,989.000,218.500
818,66,255,1203.909,220.152
819,80,255,1477.450,220.525
820,24,255,656.750,220.250
821,39,255,970.295,221.218
822,46,255,1003.717,220.913
823,44,255,289.205,222.136
824,82,255,610.585,223.146
825,79,255,632.361,225.437
826,56,255,1353.500,222.179
827,25,255,74.060,221.700
828,123,255,537.890,228.167
829,30,255,1019.933,222.967
830,79,255,1138.158,223.095
831,50,255,1321.540,223.360
832,118,255,503.449,227.822
833,43,255,594.337,223.453
834,102,255,1169.794,225.735
835,45,255,1559.989,225.611
836,21,255,275.500,223.881
837,57,255,360.500,224.781
838,32,255,664.031,224.312
839,103,255,1295.432,227.558
840,73,255,170.747,226.788
841,112,255,423.429,228.991
842,61,255,1282.205,226.090
843,54,255,13.333,228.000
844,77,255,135.461,227.552
845,80,255,475.163,228.200
846,54,255,695.315,226.352
847,55,255,939.391,227.718
848,54,255,1066.593,227.296
849,33,255,1193.561,225.773
850,20,255,1331.400,225.700
851,46,255,1428.435,228.022
852,109,255,256.849,231.702
853,77,255,678.032,228.448
854,152,255,825.763,233.763
855,47,255,1040.543,227.926
856,41,255,1399.500,227.500
857,70,255,734.657,229.957
858,33,255,838.955,229.197
859,36,255,981.167,228.556
860,30,255,1595.300,228.700
861,75,255,198.980,231.433
862,40,255,554.675,229.450
863,71,255,718.570,230.697
864,57,255,750.798,229.939
865,54,255,792.037,230.889
866,25,255,215.060,229.580
867,42,255,246.429,230.405
868,23,255,407.500,229.500
869,59,255,643.212,231.737
870,28,255,1095.893,230.536
871,93,255,1184.167,233.586
872,67,255,1483.470,232.470
873,34,255,315.735,230.824
874,61,255,362.615,232.287
875,65,255,394.808,232.423
876,48,255,517.000,231.708
877,23,255,1374.978,230.109
878,51,255,23.676,233.225
879,63,255,91.944,233.468
880,29,255,706.224,232.155
881,58,255,860.397,233.086
882,73,255,875.692,236.596
883,49,255,950.500,233.092
884,45,255,968.500,232.500
885,49,255,1076.602,232.643
886,42,255,1209.619,232.071
887,35,255,1384.500,232.729
888,28,255,146.179,233.179
889,60,255,186.950,234.433
890,83,255,450.873,235.018
891,48,255,577.104,233.625
892,54,255,802.648,234.130
893,30,255,1154.100,233.367
894,71,255,102.655,235.486
895,70,255,593.571,235.343
896,81,255,900.130,236.315
897,83,255,1144.524,237.886
898,96,255,571.875,238.927
899,112,255,1105.554,238.464
900,45,255,60.678,237.011
901,68,255,926.235,237.691
902,39,255,1195.628,236.577
903,36,255,1280.056,236.028
904,104,255,1497.990,237.837
905,45,255,2.944,237.789
906,50,255,437.900,238.100
907,22,255,666.364,237.136
908,90,255,1447.478,237.911
909,83,255,770.223,239.861
910,53,255,997.972,238.915
911,71,255,1087.204,240.204
912,31,255,1252.629,238.210
913,48,255,1414.479,238.938
914,32,255,1542.781,237.938
915,95,255,69.100,241.816
916,103,255,324.947,242.267
917,41,255,1065.061,239.402
918,46,255,1327.957,240.826
919,64,255,138.484,241.438
920,113,255,229.341,244.544
921,89,255,486.949,244.084
922,52,255,1028.462,240.519
923,93,255,1268.349,242.220
924,40,255,1321.150,241.150
925,58,255,1370.948,240.759
926,36,255,153.250,241.583
927,96,255,294.292,243.708
928,109,255,465.298,243.427
929,72,255,528.431,242.722
930,43,255,549.500,241.360
931,51,255,557.696,241.931
932,82,255,698.744,243.085
933,66,255,713.636,242.500
934,83,255,738.199,243.006
935,90,255,852.089,244.167
936,41,255,919.159,241.695
937,65,255,280.377,243.223
938,41,255,423.646,242.622
939,78,255,610.256,244.167
940,67,255,658.754,243.515
941,33,255,960.864,242.106
942,24,255,1075.375,241.542
943,73,255,1162.966,243.979
944,31,255,1218.661,242.210
945,66,255,1352.530,243.621
946,43,255,391.244,243.500
947,96,255,1037.385,246.562
948,48,255,1208.250,243.396
949,28,255,1399.643,242.893
950,59,255,25.737,245.432
951,62,255,361.113,245.726
952,69,255,380.123,246.051
953,54,255,1121.870,245.778
954,61,255,1286.418,245.156
955,65,255,1463.485,245.854
956,43,255,46.756,245.802
957,64,255,86.328,246.406
958,44,255,168.955,245.250
959,75,255,199.020,246.807
960,24,255,623.250,245.000
961,23,255,1173.717,244.587
962,84,255,1432.679,247.571
963,36,255,33.944,247.056
964,83,255,676.572,247.584
965,136,255,751.596,250.243
966,40,255,1249.675,245.925
967,117,255,118.628,251.543
968,51,255,187.402,248.186
969,93,255,341.747,248.941
970,21,255,809.262,246.929
971,100,255,1190.870,251.630
972,28,255,1376.571,247.393
973,56,255,1591.071,248.107
974,38,255,311.947,249.158
975,135,255,1507.737,253.537
976,69,255,14.746,252.065
977,40,255,211.450,249.675
978,44,255,634.091,249.864
979,94,255,791.372,250.617
980,64,255,1000.594,250.234
981,60,255,1013.717,249.817
982,41,255,147.256,250.890
983,48,255,446.250,250.500
984,40,255,1526.175,251.275
985,58,255,423.845,252.552
986,39,255,944.013,251.654
987,42,255,1174.405,251.500
988,78,255,1304.128,253.372
989,50,255,1475.000,252.080
990,66,255,369.621,254.424
991,88,255,580.761,253.852
992,83,255,1394.849,254.813
993,52,255,42.385,253.673
994,104,255,261.567,255.885
995,53,255,553.104,253.726
996,32,255,962.406,252.656
997,26,255,1258.077,252.923
998,53,255,1414.236,253.840
999,81,255,68.722,255.722
1000,24,255,388.292,254.167
1001,82,255,645.183,256.037
1002,21,255,919.310,253.452
1003,29,255,1125.879,254.190
1004,61,255,1550.811,254.943
1005,44,255,1569.682,254.545
1006,57,255,132.307,256.412
1007,41,255,477.134,255.598
1008,25,255,506.180,254.940
1009,92,255,603.304,257.250
1010,60,255,170.017,256.667
1011,79,255,622.652,258.842
1012,63,255,1204.738,257.563
1013,69,255,1273.877,257.500
1014,94,255,288.160,260.330
1015,36,255,467.556,257.472
1016,50,255,542.040,258.340
1017,72,255,804.681,259.264
1018,100,255,1062.000,259.160
1019,26,255,1165.000,256.500
1020,51,255,1321.324,258.461
1021,47,255,1340.138,258.904
1022,53,255,1537.009,258.575
1023,53,255,21.708,259.085
1024,112,255,82.098,261.741
1025,62,255,103.903,259.613
1026,33,255,219.015,258.591
1027,54,255,523.630,258.944
1028,67,255,1077.366,259.933
1029,77,255,1366.773,259.695
1030,36,255,768.833,259.444
1031,71,255,843.415,260.415
1032,76,255,1420.487,261.184
1033,63,255,406.770,261.627
1034,41,255,737.159,260.183
1035,54,255,870.981,261.222
1036,79,255,935.399,261.968
1037,116,255,1113.457,262.000
1038,121,255,1147.302,264.806
1039,84,255,313.964,262.655
1040,93,255,447.124,264.253
1041,60,255,153.083,263.817
1042,52,255,243.365,263.365
1043,101,255,779.312,266.262
1044,73,255,563.774,264.897
1045,45,255,854.922,263.544
1046,44,255,960.182,263.295
1047,96,255,1237.667,265.510
1048,103,255,1578.257,265.791
1049,56,255,273.482,265.161
1050,59,255,297.653,265.398
1051,42,255,487.024,264.738
1052,56,255,514.143,265.661
1053,44,255,811.545,264.432
1054,92,255,825.946,266.543
1055,32,255,1194.969,264.688
1056,74,255,1546.203,266.108
1057,66,255,253.667,266.667
1058,85,255,392.629,266.535
1059,59,255,1523.907,266.822
1060,94,255,183.468,269.255
1061,118,255,206.551,269.898
1062,69,255,229.268,267.486
1063,68,255,632.632,269.456
1064,94,255,891.213,268.117
1065,81,255,1285.290,268.809
1066,40,255,1306.475,266.175
1067,62,255,1452.806,268.081
1068,66,255,336.076,268.894
1069,57,255,542.588,268.342
1070,87,255,1434.707,269.351
1071,53,255,45.802,267.877
1072,26,255,475.615,268.000
1073,66,255,1130.667,269.333
1074,94,255,1251.745,270.734
1075,27,255,1512.907,268.056
1076,52,255,26.135,270.019
1077,33,255,606.409,269.076
1078,117,255,663.500,271.346
1079,44,255,907.568,269.614
1080,60,255,1160.500,270.300
1081,35,255,1412.614,269.186
1082,98,255,121.582,272.878
1083,50,255,354.620,271.440
1084,76,255,744.197,272.382
1085,28,255,1273.464,269.893
1086,51,255,1392.716,271.578
1087,79,255,1483.728,271.804
1088,124,255,983.202,273.387
1089,90,255,1076.789,272.967
1090,80,255,102.037,274.812
1091,99,255,556.985,274.419
1092,82,255,679.841,273.780
1093,68,255,719.750,273.882
1094,114,255,872.333,276.482
1095,26,255,1047.269,271.538
1096,77,255,1173.890,275.084
1097,21,255,85.167,272.214
1098,66,255,313.303,274.076
1099,57,255,597.763,274.272
1100,42,255,616.167,273.476
1101,48,255,917.708,274.375
1102,144,255,1020.938,278.201
1103,32,255,1356.938,273.219
1104,65,255,269.223,275.531
1105,111,255,1035.608,276.860
1106,85,255,1299.512,277.924
1107,76,255,2.671,279.763
1108,80,255,362.587,278.387
1109,36,255,1063.278,275.444
1110,89,255,1201.669,277.410
1111,51,255,1267.225,277.382
1112,61,255,164.238,277.648
1113,68,255,172.750,278.088
1114,105,255,645.986,277.405
1115,28,255,894.607,276.643
1116,124,255,1002.234,280.194
1117,112,255,1184.286,280.491
1118,101,255,524.787,280.144
1119,25,255,1582.420,276.620
1120,70,255,146.014,279.271
1121,53,255,689.802,279.613
1122,88,255,943.920,281.545
1123,33,255,1162.712,278.409
1124,23,255,472.935,278.587
1125,63,255,768.595,280.706
1126,48,255,797.542,280.188
1127,69,255,846.442,280.978
1128,111,255,930.869,282.032
1129,80,255,1100.713,280.925
1130,85,255,1339.041,280.782
1131,78,255,1506.244,281.051
1132,61,255,33.975,280.844
1133,101,255,91.153,282.955
1134,21,255,219.881,280.214
1135,54,255,325.722,281.037
1136,63,255,585.310,281.071
1137,122,255,911.287,282.902
1138,60,255,1562.283,280.467
1139,36,255,229.694,281.917
1140,70,255,259.914,284.043
1141,29,255,287.603,281.155
1142,73,255,340.171,282.733
1143,49,255,462.520,281.990
1144,54,255,820.796,282.648
1145,23,255,1281.326,280.500
1146,31,255,1315.048,281.403
1147,26,255,1382.462,281.769
1148,128,255,50.961,286.891
1149,54,255,74.889,284.630
1150,94,255,389.596,286.883
1151,41,255,512.890,284.671
1152,39,255,617.705,283.526
1153,93,255,1370.134,285.801
1154,57,255,433.658,285.658
1155,32,255,629.281,283.688
1156,131,255,702.821,288.240
1157,28,255,886.643,284.286
1158,74,255,1461.351,285.932
1159,33,255,243.470,286.045
1160,30,255,575.633,285.467
1161,51,255,164.500,286.500
1162,110,255,447.818,288.609
1163,119,255,1132.567,289.853
1164,65,255,1216.577,287.700
1165,35,255,148.900,287.071
1166,59,255,273.788,288.924
1167,25,255,660.900,286.460
1168,36,255,744.111,287.250
1169,45,255,964.322,288.078
1170,61,255,985.123,288.861
1171,80,255,1109.412,289.350
1172,87,255,309.500,290.213
1173,91,255,406.049,289.764
1174,28,255,809.250,287.679
1175,78,255,855.564,289.474
1176,32,255,1244.469,287.969
1177,52,255,1429.212,289.462
1178,54,255,22.352,289.667
1179,58,255,377.121,290.241
1180,33,255,483.803,289.742
1181,37,255,537.041,289.716
1182,84,255,681.643,290.988
1183,113,255,1354.659,292.385
1184,58,255,1537.034,292.224
1185,61,255,141.582,291.467
1186,26,255,636.000,289.615
1187,31,255,753.984,290.403
1188,95,255,1292.100,293.626
1189,51,255,1574.284,291.265
1190,49,255,472.010,292.418
1191,72,255,651.542,293.181
1192,54,255,738.704,292.333
1193,61,255,768.451,292.549
1194,73,255,887.034,293.130
1195,58,255,1513.310,292.190
1196,52,255,127.212,292.981
1197,42,255,231.476,292.595
1198,73,255,494.801,294.486
1199,61,255,1188.221,294.451
1200,121,255,115.401,298.632
1201,135,255,186.574,297.774
1202,44,255,659.295,293.636
1203,22,255,939.409,292.591
1204,60,255,953.817,294.900
1205,103,255,1053.937,295.694
1206,34,255,1277.735,293.853
1207,127,255,1308.358,296.382
1208,27,255,1326.389,293.722
1209,100,255,1411.560,295.630
1210,68,255,1444.000,294.000
1211,21,255,1488.357,292.357
1212,74,255,85.784,295.527
1213,109,255,816.968,296.317
1214,60,255,1010.717,295.083
1215,51,255,361.049,295.657
1216,64,255,522.438,296.547
1217,30,255,581.067,295.067
1218,65,255,972.654,296.362
1219,30,255,1032.400,295.633
1220,45,255,1141.389,296.344
1221,54,255,1197.352,296.944
1222,53,255,1240.198,295.670
1223,79,255,3.778,299.753
1224,27,255,104.426,295.833
1225,77,255,844.994,298.266
1226,39,255,1466.782,295.987
1227,72,255,425.111,298.417
1228,91,255,832.984,300.280
1229,100,255,1254.960,299.750
1230,71,255,288.951,299.613
1231,117,255,781.004,301.167
1232,86,255,1157.337,300.814
1233,71,255,1523.782,299.289
1234,34,255,1583.618,297.735
1235,124,255,553.734,301.661
1236,73,255,799.500,300.514
1237,74,255,1396.554,300.797
1238,72,255,24.139,301.222
1239,64,255,260.719,301.641
1240,97,255,317.778,301.376
1241,60,255,591.050,301.100
1242,24,255,1369.958,299.917
1243,38,255,1426.342,300.711
1244,56,255,867.054,303.518
1245,38,255,1081.895,301.500
1246,28,255,1597.964,301.643
1247,75,255,235.193,304.033
1248,78,255,337.372,304.103
1249,53,255,1341.160,302.934
1250,67,255,73.933,304.082
1251,67,255,569.216,304.530
1252,110,255,704.227,307.409
1253,60,255,1472.900,304.633
1254,34,255,212.000,304.000
1255,26,255,992.885,303.962
1256,48,255,1074.146,304.396
1257,86,255,1224.256,306.128
1258,88,255,1498.477,306.068
1259,82,255,511.732,307.317
1260,75,255,740.020,308.073
1261,47,255,755.032,305.691
1262,43,255,856.663,305.570
1263,67,255,1024.769,306.948
1264,74,255,1268.311,306.878
1265,41,255,1362.037,305.915
1266,22,255,1484.545,305.227
1267,21,255,411.833,306.310
1268,74,255,611.959,308.257
1269,67,255,722.769,309.157
1270,78,255,1575.679,307.577
1271,59,255,292.500,309.178
1272,128,255,953.992,311.531
1273,71,255,980.415,310.134
1274,26,255,1351.423,308.308
1275,68,255,1412.044,309.750
1276,75,255,1555.447,309.287
1277,174,255,433.075,313.914
1278,91,255,461.588,310.038
1279,71,255,481.768,310.359
1280,77,255,89.110,312.162
1281,74,255,172.595,312.392
1282,67,255,201.560,312.052
1283,51,255,260.951,310.892
1284,134,255,353.231,313.545
1285,39,255,690.705,310.526
1286,52,255,1126.846,310.788
1287,42,255,1281.524,309.976
1288,134,255,106.284,315.328
1289,72,255,326.528,313.319
1290,68,255,589.088,312.176
1291,36,255,809.639,311.111
1292,74,255,1114.703,312.919
1293,51,255,1294.108,311.676
1294,43,255,2.267,314.105
1295,114,255,48.000,314.553
1296,93,255,140.360,313.629
1297,71,255,500.275,313.500
1298,115,255,1196.535,316.030
1299,39,255,1312.756,312.679
1300,51,255,1587.559,313.637
1301,70,255,129.043,315.200
1302,39,255,573.859,313.936
1303,62,255,861.790,314.919
1304,69,255,1003.877,314.529
1305,28,255,1078.500,313.000
1306,48,255,1165.438,315.396
1307,70,255,1175.357,314.814
1308,34,255,1454.147,313.676
1309,34,255,1597.794,314.000
1310,67,255,67.873,314.888
1311,56,255,547.643,315.125
1312,62,255,671.500,315.645
1313,81,255,763.475,316.352
1314,42,255,787.786,314.500
1315,88,255,1249.920,316.841
1316,55,255,1398.555,315.118
1317,60,255,275.367,316.183
1318,44,255,659.750,316.091
1319,30,255,1016.700,315.033
1320,48,255,1575.146,315.375
1321,103,255,188.859,319.286
1322,88,255,1086.670,318.557
1323,44,255,1504.250,316.795
1324,74,255,24.284,318.730
1325,75,255,221.847,318.673
1326,68,255,369.309,319.426
1327,58,255,1355.621,317.966
1328,102,255,306.137,323.402
1329,78,255,635.872,319.256
1330,63,255,879.944,319.357
1331,34,255,1266.147,317.765
1332,69,255,1372.210,320.196
1333,55,255,1436.045,319.064
1334,55,255,267.827,320.973
1335,58,255,377.362,320.448
1336,38,255,615.105,319.500
1337,66,255,1036.030,321.091
1338,45,255,1307.789,319.589
1339,69,255,1462.804,321.065
1340,100,255,1479.970,320.850
1341,68,255,447.603,322.103
1342,57,255,1131.132,321.816
1343,27,255,1279.130,319.611
1344,61,255,1528.992,321.566
1345,47,255,118.904,321.989
1346,58,255,651.052,322.707
1347,74,255,779.797,322.635
1348,33,255,992.015,321.106
1349,20,255,1414.900,320.350
1350,85,255,229.488,325.500
1351,60,255,340.250,323.100
1352,37,255,470.581,322.716
1353,71,255,697.739,323.106
1354,69,255,828.848,323.210
1355,79,255,1047.677,323.956
1356,47,255,156.160,323.798
1357,67,255,170.769,324.321
1358,130,255,416.992,327.054
1359,65,255,930.531,324.823
1360,61,255,963.533,324.418
1361,22,255,1326.682,322.500
1362,33,255,60.409,323.803
1363,57,255,532.921,325.325
1364,49,255,569.194,324.704
1365,62,255,660.581,324.806
1366,71,255,1142.261,326.190
1367,65,255,1225.792,326.208
1368,61,255,1422.287,326.746
1369,39,255,1445.346,325.321
1370,43,255,578.500,325.756
1371,91,255,1098.566,327.027
1372,72,255,1208.542,327.083
1373,84,255,1332.667,328.131
1374,25,255,1400.260,324.300
1375,49,255,1582.500,326.500
1376,56,255,143.107,326.679
1377,60,255,718.717,327.133
1378,54,255,740.130,327.037
1379,55,255,1294.809,328.791
1380,56,255,1316.696,327.071
1381,26,255,1.731,328.000
1382,44,255,123.614,327.955
1383,27,255,392.907,326.981
1384,33,255,818.348,327.894
1385,115,255,904.570,329.326
1386,54,255,200.204,329.148
1387,74,255,251.351,329.311
1388,78,255,293.872,330.179
1389,48,255,26.625,329.729
1390,26,255,101.808,328.115
1391,51,255,482.539,329.637
1392,62,255,1285.806,330.000
1393,54,255,1390.593,330.074
1394,88,255,1568.898,330.182
1395,69,255,634.862,331.790
1396,67,255,856.052,331.739
1397,53,255,869.217,331.745
1398,88,255,936.545,333.205
1399,84,255,1114.190,332.024
1400,66,255,1534.939,331.061
1401,64,255,1593.344,331.125
1402,44,255,504.273,331.523
1403,26,255,704.385,330.538
1404,124,255,889.048,335.952
1405,61,255,1258.648,332.123
1406,46,255,350.522,332.478
1407,38,255,397.947,332.605
1408,141,255,595.131,335.018
1409,48,255,677.354,332.958
1410,40,255,959.100,332.700
1411,40,255,49.325,333.450
1412,50,255,110.740,334.640
1413,63,255,166.627,335.341
1414,52,255,755.731,334.731
1415,41,255,1161.232,333.524
1416,72,255,193.806,335.917
1417,63,255,612.611,335.389
1418,99,255,654.015,337.056
1419,72,255,689.056,335.250
1420,45,255,784.189,334.811
1421,57,255,992.360,335.360
1422,46,255,1509.630,334.935
1423,130,255,11.015,339.562
1424,83,255,39.175,338.151
1425,35,255,69.843,334.729
1426,42,255,312.429,335.476
1427,39,255,325.936,336.090
1428,116,255,454.569,337.991
1429,59,255,553.653,336.619
1430,28,255,1236.571,334.571
1431,62,255,1435.016,336.274
1432,146,255,88.904,340.911
1433,44,255,147.750,337.114
1434,60,255,237.783,337.000
1435,75,255,830.340,339.073
1436,67,255,1065.888,337.306
1437,70,255,1172.000,337.571
1438,58,255,1493.707,336.724
1439,67,255,745.515,338.590
1440,82,255,1001.963,340.329
1441,30,255,1410.133,337.133
1442,102,255,1544.520,341.716
1443,102,255,61.480,341.363
1444,46,255,137.370,339.522
1445,25,255,475.740,337.700
1446,66,255,519.621,339.545
1447,26,255,539.423,338.115
1448,107,255,574.033,340.706
1449,65,255,800.069,339.023
1450,109,255,949.720,340.784
1451,34,255,1381.176,337.941
1452,24,255,1425.292,338.292
1453,71,255,1272.063,340.838
1454,84,255,272.845,342.833
1455,139,255,289.471,342.665
1456,24,255,397.125,340.167
1457,101,255,632.005,344.074
1458,128,255,843.703,343.953
1459,41,255,1163.134,341.256
1460,57,255,734.237,342.781
1461,65,255,875.700,342.792
1462,67,255,1034.500,342.664
1463,52,255,1566.577,341.519
1464,49,255,29.745,342.398
1465,29,255,358.741,342.603
1466,70,255,369.471,343.443
1467,82,255,415.366,342.829
1468,65,255,530.700,345.208
1469,155,255,779.042,345.410
1470,65,255,1122.792,343.546
1471,65,255,1338.685,343.023
1472,41,255,75.402,344.402
1473,57,255,115.640,344.588
1474,52,255,205.538,344.327
1475,27,255,339.759,342.833
1476,61,255,865.057,344.385
1477,43,255,1230.686,343.477
1478,62,255,1290.984,344.661
1479,55,255,437.173,345.682
1480,51,255,914.108,345.088
1481,46,255,1045.739,345.326
1482,73,255,1057.514,346.637
1483,138,255,1146.522,347.333
1484,76,255,1243.342,345.474
1485,54,255,1318.000,344.722
1486,46,255,1369.370,344.957
1487,59,255,101.924,346.314
1488,48,255,257.396,344.792
1489,24,255,330.625,344.833
1490,64,255,500.547,347.656
1491,78,255,666.090,346.962
1492,97,255,708.129,349.108
1493,108,255,920.426,351.833
1494,90,255,1189.833,348.444
1495,63,255,1510.452,346.849
1496,42,255,465.690,348.000
1497,56,255,688.089,347.857
1498,31,255,940.048,346.919
1499,146,255,1079.212,349.384
1500,62,255,1442.016,348.565
1501,128,255,147.273,352.109
1502,71,255,162.894,349.824
1503,62,255,213.581,349.403
1504,69,255,963.601,349.572
1505,83,255,1352.127,350.127
1506,110,255,1467.036,351.700
1507,83,255,228.199,351.753
1508,50,255,345.540,349.600
1509,83,255,478.849,350.982
1510,93,255,552.016,351.930
1511,42,255,1263.857,349.095
1512,120,255,1587.133,352.533
1513,28,255,379.821,350.536
1514,38,255,1496.526,351.000
1515,38,255,1529.711,351.053
1516,143,255,193.164,354.927
1517,60,255,322.567,352.900
1518,110,255,800.200,353.136
1519,43,255,394.128,352.849
1520,87,255,1008.385,354.569
1521,22,255,1390.682,352.000
1522,133,255,1556.402,355.605
1523,29,255,108.534,353.362
1524,83,255,1324.741,355.922
1525,62,255,1432.435,354.806
1526,47,255,426.926,354.479
1527,26,255,742.615,353.500
1528,81,255,824.648,355.340
1529,67,255,1118.918,355.769
1530,137,255,1208.172,359.478
1531,84,255,1305.929,356.619
1532,77,255,302.162,356.955
1533,20,255,1097.750,354.450
1534,43,255,1453.384,355.384
1535,87,255,28.466,358.718
1536,57,255,238.535,357.219
1537,80,255,608.700,357.788
1538,54,255,671.741,357.630
1539,56,255,729.732,357.679
1540,61,255,902.680,357.713
1541,46,255,973.326,356.565
1542,36,255,1021.972,356.611
1543,43,255,1063.267,356.709
1544,55,255,1410.409,357.336
1545,44,255,160.182,358.295
1546,61,255,648.680,357.926
1547,37,255,659.851,357.959
1548,60,255,764.833,358.067
1549,55,255,1169.555,358.318
1550,48,255,1284.604,357.854
1551,58,255,1341.759,358.655
1552,99,255,1518.066,358.803
1553,31,255,134.597,358.242
1554,54,255,438.315,359.204
1555,49,255,509.684,359.173
1556,26,255,1230.500,359.000
1557,66,255,1242.409,360.273
1558,122,255,39.639,363.852
1559,70,255,871.643,363.157
1560,67,255,1027.470,361.888
1561,99,255,214.561,364.237
1562,24,255,788.375,360.833
1563,62,255,909.226,363.000
1564,41,255,1091.110,362.207
1565,93,255,1537.113,363.780
1566,26,255,9.538,361.808
1567,46,255,93.652,362.783
1568,67,255,266.858,363.530
1569,104,255,571.971,365.548
1570,54,255,592.259,362.926
1571,63,255,747.056,363.770
1572,82,255,1189.890,363.963
1573,72,255,1383.111,363.042
1574,41,255,1505.256,362.744
1575,83,255,1575.524,365.717
1576,40,255,110.450,363.300
1577,22,255,172.500,363.000
1578,66,255,346.182,363.939
1579,42,255,516.524,362.929
1580,21,255,707.214,362.976
1581,80,255,883.388,364.400
1582,34,255,957.676,363.324
1583,62,255,969.355,364.645
1584,119,255,1102.550,366.676
1585,37,255,1462.122,363.662
1586,25,255,1.740,364.860
1587,70,255,85.429,365.500
1588,55,255,419.445,365.064
1589,34,255,1063.000,364.206
1590,31,255,252.790,365.500
1591,101,255,313.807,366.540
1592,108,255,530.370,367.509
1593,72,255,1079.694,366.694
1594,22,255,1179.955,365.545
1595,54,255,1409.352,366.074
1596,48,255,16.417,367.000
1597,111,255,383.464,368.131
1598,63,255,1008.087,367.087
1599,95,255,1123.605,368.753
1600,31,255,678.565,366.855
1601,92,255,696.141,369.511
1602,21,255,864.071,367.119
1603,66,255,1269.727,368.470
1604,67,255,1491.172,368.754
1605,72,255,667.083,369.639
1606,56,255,832.571,370.054
1607,82,255,847.573,369.390
1608,68,255,922.559,369.956
1609,52,255,1053.154,369.442
1610,67,255,1362.351,369.873
1611,27,255,101.870,369.167
1612,34,255,334.000,369.147
1613,110,255,362.491,371.645
1614,43,255,725.593,369.500
1615,57,255,951.535,370.500
1616,25,255,1169.540,368.620
1617,49,255,1245.071,370.663
1618,91,255,194.005,372.225
1619,65,255,450.100,371.392
1620,99,255,1284.773,372.823
1621,71,255,1347.063,372.739
1622,38,255,1452.342,371.105
1623,66,255,56.288,372.697
1624,138,255,138.732,376.065
1625,61,255,291.074,373.844
1626,49,255,342.173,371.459
1627,64,255,711.672,373.234
1628,44,255,737.091,371.250
1629,75,255,1316.887,373.620
1630,53,255,497.330,372.764
1631,45,255,549.811,372.456
1632,62,255,1224.919,373.500
1633,82,255,1255.829,373.854
1634,71,255,1465.458,374.176
1635,77,255,121.786,375.240
1636,60,255,237.050,375.033
1637,30,255,259.733,372.767
1638,76,255,275.658,376.408
1639,43,255,575.663,374.360
1640,75,255,1335.727,374.393
1641,59,255,171.415,375.737
1642,108,255,406.722,375.935
1643,46,255,790.609,374.652
1644,109,255,812.775,376.885
1645,102,255,1036.824,376.755
1646,85,255,1549.112,376.359
1647,41,255,73.061,376.232
1648,83,255,150.524,379.235
1649,63,255,632.960,376.897
1650,55,255,772.736,376.936
1651,27,255,929.352,375.167
1652,126,255,1190.857,378.349
1653,56,255,94.429,377.375
1654,46,255,470.087,376.609
1655,107,255,645.631,381.304
1656,27,255,858.426,376.093
1657,28,255,905.000,375.714
1658,37,255,1001.284,376.176
1659,44,255,1162.955,377.159
1660,26,255,1598.308,377.308
1661,119,255,223.811,380.861
1662,29,255,374.431,377.328
1663,60,255,590.083,378.317
1664,86,255,603.523,380.023
1665,83,255,939.560,379.295
1666,91,255,1073.181,379.500
1667,35,255,15.414,377.957
1668,94,255,1566.000,379.830
1669,44,255,63.636,380.250
1670,84,255,426.512,380.381
1671,45,255,540.144,380.167
1672,62,255,722.532,380.210
1673,200,255,1213.115,383.285
1674,47,255,1366.798,379.096
1675,30,255,764.467,380.500
1676,24,255,1400.667,379.958
1677,96,255,1413.281,382.906
1678,33,255,307.318,381.348
1679,51,255,325.069,382.520
1680,47,255,624.883,383.457
1681,85,255,1449.724,383.018
1682,60,255,1506.667,382.000
1683,27,255,1528.574,380.685
1684,22,255,191.364,380.773
1685,59,255,924.093,382.364
1686,27,255,984.722,381.315
1687,40,255,1149.600,382.850
1688,64,255,1313.422,383.203
1689,36,255,100.861,383.861
1690,74,255,265.351,386.932
1691,30,255,497.200,382.900
1692,43,255,963.360,383.826
1693,48,255,791.708,384.562
1694,91,255,1116.258,385.302
1695,48,255,27.979,385.750
1696,69,255,160.964,386.138
1697,37,255,509.743,385.608
1698,116,255,560.759,391.026
1699,67,255,1015.545,386.933
1700,66,255,1054.636,387.045
1701,74,255,383.311,388.757
1702,104,255,666.462,390.519
1703,73,255,770.473,386.445
1704,86,255,823.581,387.802
1705,129,255,881.864,387.911
1706,56,255,953.071,387.214
1707,64,255,1347.625,387.453
1708,44,255,1490.545,387.682
1709,84,255,1585.500,388.893
1710,34,255,8.559,387.853
1711,36,255,112.139,387.972
1712,57,255,350.325,389.061
1713,59,255,736.076,389.212
1714,93,255,1467.780,391.016
1715,28,255,477.000,389.500
1716,87,255,1538.534,390.902
1717,73,255,49.486,391.377
1718,77,255,75.318,392.188
1719,80,255,122.987,392.312
1720,88,255,176.943,392.909
1721,29,255,210.845,389.914
1722,49,255,923.378,390.316
1723,41,255,989.549,390.427
1724,75,255,417.633,392.593
1725,66,255,743.439,392.818
1726,51,255,1084.461,392.441
1727,99,255,1271.763,394.793
1728,89,255,1391.792,393.062
1729,57,255,1509.482,393.096
1730,47,255,92.330,393.074
1731,86,255,540.430,393.384
1732,88,255,801.205,393.443
1733,53,255,860.896,393.160
1734,82,255,1023.476,395.207
1735,98,255,1192.643,394.847
1736,133,255,1374.492,394.778
1737,51,255,107.735,394.696
1738,22,255,336.591,392.682
1739,55,255,470.773,393.718
1740,57,255,687.482,393.763
1741,51,255,939.814,394.147
1742,70,255,1171.843,394.071
1743,49,255,144.582,395.398
1744,24,255,227.583,393.417
1745,87,255,447.006,397.695
1746,99,255,644.732,396.682
1747,73,255,964.144,395.555
1748,94,255,1099.160,398.117
1749,82,255,30.378,397.768
1750,35,255,698.729,395.129
1751,115,255,910.961,397.578
1752,56,255,254.036,397.018
1753,85,255,574.300,399.265
1754,108,255,596.620,399.120
1755,83,255,1237.560,398.127
1756,51,255,1430.500,396.931
1757,28,255,59.071,397.179
1758,68,255,216.368,398.868
1759,20,255,314.600,397.300
1760,53,255,526.292,398.575
1761,50,255,1114.020,398.100
1762,54,255,1206.481,397.630
1763,46,255,16.522,398.848
1764,54,255,246.537,400.185
1765,45,255,295.189,398.611
1766,40,255,41.550,399.950
1767,102,255,430.412,401.608
1768,114,255,709.228,406.061
1769,47,255,869.160,399.734
1770,33,255,1047.197,399.500
1771,53,255,1445.292,400.425
1772,97,255,274.686,404.180
1773,70,255,355.657,404.357
1774,72,255,772.694,401.528
1775,72,255,843.819,401.472
1776,73,255,1318.897,401.979
1777,39,255,1500.372,400.628
1778,45,255,1596.811,400.878
1779,155,255,161.623,405.519
1780,57,255,659.114,402.711
1781,93,255,1132.210,404.070
1782,28,255,1288.821,400.500
1783,76,255,193.816,404.000
1784,32,255,286.625,402.594
1785,24,255,305.458,402.208
1786,57,255,500.412,402.588
1787,84,255,1006.393,403.095
1788,65,255,1399.869,403.038
1789,32,255,822.812,403.562
1790,20,255,1035.850,403.200
1791,74,255,1533.216,404.459
1792,37,255,124.554,404.230
1793,42,255,388.619,404.952
1794,37,255,485.662,404.230
1795,54,255,585.352,405.500
1796,138,255,727.812,408.514
1797,126,255,792.754,406.603
1798,58,255,1309.414,405.724
1799,29,255,1487.603,404.293
1800,32,255,79.938,405.062
1801,43,255,1179.826,405.477
1802,74,255,1347.459,406.459
1803,55,255,1506.373,406.773
1804,52,255,234.923,406.673
1805,68,255,342.353,407.838
1806,48,255,809.938,408.854
1807,63,255,1246.627,407.262
1808,53,255,1545.915,407.179
1809,94,255,405.160,410.798
1810,38,255,519.553,407.579
1811,68,255,624.397,407.338
1812,35,255,764.814,407.329
1813,44,255,849.114,407.705
1814,100,255,878.140,411.400
1815,55,255,1442.318,408.300
1816,55,255,889.955,409.755
1817,81,255,1462.241,410.302
1818,74,255,1566.095,410.014
1819,69,255,651.196,411.210
1820,144,255,678.674,411.062
1821,65,255,828.300,410.300
1822,44,255,975.023,409.295
1823,77,255,1204.006,411.513
1824,53,255,1271.632,409.783
1825,50,255,1583.000,410.000
1826,122,255,84.541,413.557
1827,62,255,507.306,411.758
1828,50,255,637.180,411.400
1829,81,255,745.340,412.673
1830,53,255,1057.651,411.123
1831,22,255,1290.409,410.636
1832,22,255,332.500,410.864
1833,46,255,462.804,412.196
1834,28,255,491.679,411.036
1835,70,255,1166.671,412.743
1836,40,255,1407.675,411.650
1837,74,255,101.527,413.595
1838,66,255,611.636,414.864
1839,31,255,923.371,412.048
1840,116,255,938.224,414.603
1841,50,255,1094.140,414.160
1842,37,255,1147.797,412.446
1843,46,255,1280.543,413.457
1844,77,255,1337.695,414.162
1845,91,255,220.016,413.390
1846,45,255,246.189,414.167
1847,76,255,553.421,416.447
1848,35,255,760.700,413.586
1849,65,255,1595.008,414.977
1850,40,255,303.350,415.075
1851,94,255,477.128,416.840
1852,68,255,1009.103,414.809
1853,51,255,1107.775,415.735
1854,56,255,1120.446,415.214
1855,24,255,1258.417,413.417
1856,66,255,1423.439,415.652
1857,83,255,1482.006,416.536
1858,47,255,63.840,416.053
1859,88,255,147.886,417.148
1860,41,255,514.110,415.793
1861,41,255,572.915,416.012
1862,114,255,906.377,417.947
1863,71,255,1521.134,416.514
1864,128,255,1559.188,419.992
1865,41,255,2.183,417.744
1866,143,255,121.353,420.570
1867,44,255,291.773,416.932
1868,43,255,444.384,416.500
1869,88,255,538.625,418.761
1870,38,255,1372.947,417.237
1871,37,255,204.230,417.446
1872,70,255,270.400,420.200
1873,23,255,364.717,417.196
1874,30,255,433.667,417.567
1875,107,255,1020.687,420.593
1876,63,255,1076.103,418.389
1877,26,255,1155.577,417.846
1878,38,255,1184.237,418.316
1879,33,255,1234.197,417.409
1880,43,255,1361.174,417.314
1881,85,255,27.688,420.065
1882,117,255,420.833,422.500
1883,60,255,690.667,419.717
1884,52,255,954.038,418.981
1885,22,255,1389.545,418.364
1886,68,255,40.691,420.382
1887,44,255,284.136,419.455
1888,123,255,1436.573,422.321
1889,20,255,254.750,419.250
1890,108,255,719.296,422.509
1891,37,255,737.122,421.203
1892,55,255,834.227,421.227
1893,48,255,1247.979,421.354
1894,36,255,1265.556,420.556
1895,115,255,189.622,423.839
1896,36,255,354.444,421.306
1897,28,255,619.321,421.107
1898,35,255,795.557,420.414
1899,39,255,1222.167,421.987
1900,64,255,1409.406,423.078
1901,45,255,653.056,422.167
1902,115,255,771.587,423.500
1903,54,255,809.111,422.889
1904,29,255,855.086,421.638
1905,116,255,1294.698,426.491
1906,38,255,1378.342,422.263
1907,79,255,316.285,425.475
1908,27,255,327.315,423.167
1909,81,255,502.944,425.735
1910,29,255,527.397,423.017
1911,62,255,748.113,425.871
1912,125,255,1542.124,427.796
1913,78,255,169.487,426.795
1914,107,255,210.322,428.304
1915,23,255,637.370,422.978
1916,59,255,882.331,425.195
1917,125,255,1209.212,427.508
1918,141,255,1455.188,426.323
1919,53,255,455.425,425.972
1920,60,255,567.167,427.550
1921,30,255,580.000,425.300
1922,38,255,1124.447,425.579
1923,71,255,1312.373,428.655
1924,93,255,1573.780,427.575
1925,69,255,338.775,429.428
1926,66,255,673.258,426.939
1927,23,255,707.109,426.152
1928,90,255,1004.444,429.056
1929,61,255,1098.484,427.369
1930,58,255,1356.534,427.086
1931,49,255,1487.255,426.929
1932,76,255,1588.461,427.697
1933,28,255,59.679,426.643
1934,114,255,252.737,430.754
1935,45,255,846.233,427.967
1936,54,255,969.019,427.870
1937,101,255,1048.619,428.748
1938,51,255,3.755,429.108
1939,102,255,142.284,430.137
1940,82,255,223.854,429.549
1941,111,255,383.329,431.338
1942,32,255,936.875,426.969
1943,63,255,988.675,429.722
1944,51,255,359.167,430.422
1945,74,255,651.986,430.243
1946,68,255,798.809,430.471
1947,34,255,950.912,429.353
1948,61,255,1254.484,430.631
1949,59,255,1281.924,430.669
1950,22,255,1319.818,429.136
1951,67,255,483.948,431.366
1952,60,255,890.150,431.300
1953,45,255,1194.744,431.256
1954,24,255,1385.625,429.833
1955,76,255,1527.053,433.645
1956,79,255,108.981,434.968
1957,67,255,613.172,433.873
1958,31,255,904.048,431.210
1959,106,255,1180.830,434.179
1960,98,255,1333.224,434.102
1961,50,255,710.720,432.620
1962,78,255,781.615,433.513
1963,71,255,441.908,434.246
1964,48,255,547.958,434.750
1965,39,255,556.295,434.705
1966,64,255,867.016,434.688
1967,75,255,1162.793,435.287
1968,38,255,180.553,434.605
1969,78,255,463.756,435.705
1970,128,255,593.828,437.805
1971,37,255,724.230,434.581
1972,46,255,1263.783,436.000
1973,37,255,1343.230,435.419
1974,21,255,1368.452,434.119
1975,90,255,531.400,439.356
1976,50,255,697.420,436.160
1977,50,255,819.440,436.040
1978,66,255,1471.515,436.864
1979,96,255,22.604,439.052
1980,65,255,88.238,437.654
1981,24,255,518.583,435.583
1982,52,255,630.846,436.442
1983,61,255,838.270,436.779
1984,21,255,920.310,435.548
1985,61,255,1061.369,437.516
1986,50,255,1557.100,437.360
1987,49,255,494.153,438.214
1988,72,255,576.097,438.556
1989,49,255,1120.357,437.092
1990,44,255,1518.091,438.068
1991,80,255,75.025,440.163
1992,31,255,422.339,438.113
1993,57,255,619.096,439.974
1994,99,255,683.146,440.157
1995,56,255,751.821,439.304
1996,57,255,955.430,438.991
1997,83,255,968.247,441.223
1998,33,255,1014.924,439.076
1999,34,255,370.353,438.882
2000,106,255,396.509,441.434
2001,60,255,730.300,441.900
2002,82,255,1399.402,440.768
2003,35,255,121.586,440.129
2004,53,255,323.217,441.406
2005,66,255,930.712,442.045
2006,74,255,1128.216,441.419
2007,61,255,1299.254,441.648
2008,65,255,1498.331,440.885
2009,59,255,57.093,442.517
2010,64,255,158.828,442.594
2011,138,255,275.746,444.152
2012,157,255,297.468,447.545
2013,50,255,989.680,441.840
2014,39,255,1006.244,441.910
2015,148,255,1147.270,446.000
2016,28,255,1375.286,440.857
2017,53,255,133.500,443.330
2018,40,255,239.700,442.425
2019,64,255,744.328,443.656
2020,37,255,901.986,442.257
2021,116,255,1078.129,443.957
2022,20,255,1199.550,441.600
2023,96,255,1319.115,445.042
2024,54,255,1383.944,443.574
2025,84,255,1580.298,443.964
2026,32,255,712.156,442.875
2027,124,255,771.621,446.355
2028,48,255,1044.042,443.708
2029,55,255,1206.845,444.791
2030,26,255,1220.923,442.731
2031,135,255,1422.470,449.167
2032,37,255,470.662,444.743
2033,62,255,665.645,445.194
2034,74,255,861.959,445.959
2035,55,255,942.682,445.736
2036,43,255,1172.523,445.174
2037,77,255,1254.747,446.162
2038,63,255,896.167,447.643
2039,39,255,1058.269,445.141
2040,73,255,228.281,448.432
2041,54,255,347.370,447.222
2042,44,255,439.455,447.136
2043,31,255,1274.435,446.823
2044,62,255,515.274,448.839
2045,108,255,702.426,451.657
2046,76,255,1238.382,450.184
2047,35,255,1597.729,448.071
2048,97,255,143.521,450.747
2049,80,255,542.650,450.450
2050,33,255,820.803,447.894
2051,51,255,1471.951,449.363
2052,75,255,127.567,450.620
2053,58,255,755.862,450.845
2054,106,255,1284.830,453.028
2055,132,255,195.758,452.720
2056,69,255,875.471,450.964
2057,25,255,916.580,450.060
2058,53,255,1195.726,451.594
2059,44,255,1227.705,450.295
2060,106,255,1561.142,453.189
2061,27,255,85.907,450.574
2062,43,255,211.779,452.453
2063,31,255,317.242,451.113
2064,108,255,630.824,453.370
2065,146,255,1354.705,456.295
2066,64,255,1505.156,452.812
2067,42,255,810.119,453.762
2068,40,255,841.250,453.450
2069,60,255,1003.650,453.100
2070,33,255,1106.985,452.409
2071,61,255,28.008,454.385
2072,106,255,242.764,456.075
2073,88,255,263.591,454.182
2074,23,255,663.543,452.413
2075,24,255,907.375,452.542
2076,125,255,974.548,458.508
2077,57,255,1326.746,454.746
2078,49,255,410.418,454.969
2079,27,255,426.241,453.907
2080,46,255,681.239,454.304
2081,61,255,1019.352,455.402
2082,126,255,1445.849,457.190
2083,58,255,1462.793,455.759
2084,34,255,11.882,455.147
2085,36,255,339.611,455.833
2086,39,255,782.115,456.474
2087,42,255,854.405,457.690
2088,43,255,944.942,456.453
2089,38,255,75.553,457.421
2090,37,255,116.635,457.905
2091,104,255,470.221,461.058
2092,65,255,551.946,458.054
2093,118,255,570.068,461.814
2094,71,255,1076.739,460.613
2095,131,255,1161.065,460.927
2096,160,255,1574.831,462.913
2097,42,255,89.810,459.262
2098,72,255,288.389,459.972
2099,81,255,930.883,459.241
2100,29,255,1068.293,457.879
2101,47,255,1313.606,458.968
2102,41,255,1431.354,458.110
2103,44,255,106.682,459.545
2104,90,255,209.022,462.567
2105,63,255,376.976,460.310
2106,83,255,445.319,461.560
2107,35,255,873.843,459.329
2108,58,255,1305.000,460.500
2109,93,255,1369.715,462.328
2110,81,255,1595.401,460.722
2111,78,255,167.885,462.115
2112,60,255,183.583,462.000
2113,68,255,1054.118,461.324
2114,79,255,1094.665,461.563
2115,79,255,1336.222,462.690
2116,46,255,1537.413,461.304
2117,79,255,155.108,463.690
2118,21,255,595.500,460.500
2119,90,255,666.900,464.000
2120,73,255,995.884,462.404
2121,43,255,1040.826,462.291
2122,73,255,766.952,463.459
2123,29,255,1112.397,461.948
2124,64,255,11.344,464.844
2125,54,255,47.815,464.278
2126,46,255,232.239,463.565
2127,28,255,316.464,463.964
2128,62,255,522.952,464.629
2129,76,255,1027.263,465.513
2130,100,255,1180.500,465.140
2131,90,255,1227.578,464.989
2132,52,255,1255.192,464.538
2133,61,255,1472.205,465.008
2134,39,255,1527.397,463.397
2135,31,255,1551.661,463.565
2136,51,255,490.912,464.814
2137,38,255,145.026,465.816
2138,30,255,397.867,464.433
2139,69,255,430.949,466.413
2140,39,255,505.577,465.167
2141,61,255,581.877,466.352
2142,106,255,1484.764,468.132
2143,51,255,1499.520,466.912
2144,37,255,303.257,466.338
2145,41,255,650.354,466.280
2146,33,255,723.652,465.803
2147,90,255,865.000,467.878
2148,79,255,953.070,467.361
2149,101,255,1268.579,468.213
2150,45,255,1346.456,467.167
2151,58,255,73.724,469.948
2152,88,255,1116.716,468.818
2153,34,255,60.912,468.059
2154,57,255,342.728,470.096
2155,23,255,479.630,468.283
2156,30,255,604.033,468.233
2157,78,255,625.859,469.718
2158,81,255,882.833,469.932
2159,32,255,1292.781,467.688
2160,62,255,510.968,471.048
2161,97,255,930.129,470.593
2162,45,255,1247.944,469.789
2163,126,255,1428.810,472.690
2164,98,255,99.173,472.245
2165,60,255,330.817,471.883
2166,81,255,795.537,473.031
2167,43,255,50.872,471.547
2168,34,255,240.059,470.912
2169,106,255,529.943,474.085
2170,82,255,826.439,473.500
2171,25,255,1049.500,470.340
2172,62,255,1130.677,472.097
2173,42,255,1512.952,472.214
2174,56,255,1544.089,472.214
2175,107,255,131.921,475.687
2176,41,255,310.500,472.744
2177,121,255,419.054,476.723
2178,46,255,1006.283,472.565
2179,52,255,1461.019,472.788
2180,128,255,553.922,476.852
2181,86,255,673.488,474.826
2182,71,255,1316.908,474.542
2183,74,255,1520.135,477.932
2184,51,255,1029.853,474.539
2185,39,255,1527.885,474.859
2186,72,255,387.208,476.236
2187,58,255,461.103,476.172
2188,72,255,847.208,477.750
2189,53,255,1292.387,475.896
2190,26,255,87.500,476.769
2191,54,255,225.074,477.444
2192,63,255,248.690,478.468
2193,86,255,293.860,476.756
2194,40,255,615.350,476.225
2195,153,255,709.199,480.258
2196,23,255,779.630,475.630
2197,20,255,999.250,475.450
2198,40,255,1161.500,476.000
2199,67,255,1174.515,477.440
2200,42,255,1255.905,477.357
2201,48,255,13.354,477.479
2202,59,255,275.534,479.686
2203,40,255,370.550,477.425
2204,24,255,449.542,477.375
2205,96,255,1501.292,479.990
2206,48,255,473.792,478.875
2207,82,255,729.866,482.122
2208,37,255,749.743,478.365
2209,137,255,188.471,481.982
2210,82,255,946.720,480.780
2211,109,255,1064.436,483.005
2212,87,255,1217.282,480.397
2213,29,255,1266.983,478.776
2214,69,255,1582.572,480.601
2215,42,255,60.571,480.548
2216,54,255,108.296,480.926
2217,87,255,643.902,482.856
2218,59,255,920.890,481.534
2219,43,255,1328.500,480.733
2220,69,255,1452.312,481.514
2221,117,255,807.064,484.517
2222,28,255,1196.143,480.857
2223,35,255,1281.329,481.186
2224,84,255,1102.060,484.524
2225,101,255,1117.718,484.757
2226,55,255,1143.955,483.718
2227,58,255,1441.397,484.190
2228,70,255,1480.600,484.843
2229,84,255,1565.643,482.976
2230,23,255,264.978,482.630
2231,127,255,347.358,486.264
2232,81,255,1336.809,485.438
2233,89,255,1546.994,486.635
2234,75,255,30.353,485.100
2235,50,255,171.480,485.180
2236,86,255,660.663,486.128
2237,69,255,960.529,485.935
2238,86,255,219.686,488.116
2239,87,255,242.086,487.213
2240,108,255,607.204,488.685
2241,68,255,778.147,487.015
2242,40,255,997.375,485.500
2243,87,255,1364.224,488.557
2244,34,255,84.500,486.000
2245,96,255,160.031,488.875
2246,65,255,507.623,487.377
2247,106,255,588.377,489.170
2248,116,255,837.819,490.810
2249,109,255,897.271,488.619
2250,59,255,1080.907,487.076
2251,38,255,381.868,487.421
2252,59,255,454.280,488.466
2253,70,255,559.357,489.814
2254,34,255,753.765,487.206
2255,63,255,1187.722,488.627
2256,50,255,1251.800,487.700
2257,23,255,143.152,487.283
2258,43,255,325.686,488.826
2259,49,255,1043.071,488.663
2260,71,255,1309.739,489.725
2261,27,255,283.500,489.500
2262,79,255,484.892,490.285
2263,61,255,855.713,490.205
2264,97,255,1283.232,490.954
2265,42,255,255.690,491.000
2266,99,255,528.015,494.197
2267,75,255,45.833,492.073
2268,81,255,313.426,492.895
2269,88,255,369.398,492.716
2270,148,255,421.378,494.865
2271,39,255,1323.551,491.449
2272,66,255,1433.167,493.909
2273,70,255,1526.029,492.314
2274,66,255,1588.545,492.439
2275,26,255,21.846,491.654
2276,62,255,66.258,492.710
2277,77,255,294.045,493.942
2278,57,255,111.377,493.412
2279,146,255,723.582,497.137
2280,97,255,1415.758,495.015
2281,99,255,1557.025,496.015
2282,111,255,127.383,497.788
2283,22,255,191.591,493.409
2284,37,255,274.473,494.446
2285,44,255,712.409,494.386
2286,60,255,1508.100,495.183
2287,42,255,29.262,495.238
2288,81,255,477.500,497.093
2289,34,255,538.647,495.088
2290,21,255,876.881,494.071
2291,66,255,972.970,496.621
2292,73,255,1212.281,496.390
2293,98,255,202.745,499.102
2294,99,255,676.348,498.177
2295,78,255,1450.128,497.962
2296,73,255,749.705,498.966
2297,29,255,908.017,497.397
2298,75,255,1300.327,499.233
2299,76,255,1340.816,499.474
2300,59,255,1492.076,498.466
2301,102,255,817.892,500.520
2302,128,255,1063.641,502.172
2303,56,255,1229.554,499.232
2304,47,255,796.032,500.096
2305,46,255,859.174,500.326
2306,75,255,1045.033,500.447
2307,57,255,1261.886,500.079
2308,58,255,1328.586,501.103
2309,71,255,1358.373,501.077
2310,77,255,78.630,502.344
2311,46,255,435.783,500.304
2312,122,255,1193.943,502.459
2313,35,255,1402.014,500.843
2314,30,255,1543.000,500.133
2315,22,255,214.727,501.136
2316,90,255,564.844,503.278
2317,71,255,891.697,503.444
2318,20,255,1121.300,500.300
2319,23,255,1151.717,501.065
2320,57,255,223.114,503.482
2321,64,255,760.562,504.625
2322,70,255,174.629,505.086
2323,99,255,387.237,505.914
2324,53,255,864.575,505.028
2325,77,255,1241.474,504.760
2326,53,255,1498.802,504.538
2327,64,255,1581.422,504.781
2328,57,255,294.588,505.061
2329,27,255,316.500,503.759
2330,35,255,606.957,505.529
2331,49,255,647.194,505.276
2332,132,255,878.167,507.795
2333,52,255,1087.308,505.712
2334,43,255,1319.151,505.058
2335,71,255,1437.246,506.401
2336,46,255,47.587,506.848
2337,64,255,360.156,506.359
2338,45,255,1287.167,505.322
2339,20,255,1421.550,504.750
2340,27,255,11.093,506.648
2341,57,255,102.044,507.061
2342,123,255,240.272,510.061
2343,68,255,268.471,507.441
2344,27,255,578.241,506.093
2345,30,255,990.933,506.133
2346,56,255,1079.018,507.107
2347,80,255,1173.938,507.988
2348,76,255,1458.579,508.250
2349,60,255,1476.617,506.900
2350,84,255,1527.107,508.250
2351,89,255,90.882,509.972
2352,144,255,141.910,511.701
2353,67,255,532.724,509.425
2354,54,255,689.204,507.704
2355,41,255,1217.451,508.085
2356,107,255,803.435,511.042
2357,67,255,999.127,510.351
2358,62,255,1306.887,509.597
2359,66,255,1565.742,509.258
2360,71,255,162.387,511.387
2361,136,255,184.662,514.838
2362,51,255,340.343,510.265
2363,87,255,414.626,510.649
2364,36,255,454.083,509.500
2365,40,255,589.750,508.850
2366,32,255,748.312,509.375
2367,97,255,950.716,511.933
2368,65,255,1280.131,510.392
2369,69,255,1445.457,512.181
2370,61,255,17.877,510.943
2371,20,255,35.750,509.550
2372,80,255,497.262,511.462
2373,52,255,542.577,510.750
2374,81,255,843.068,512.006
2375,46,255,927.348,510.457
2376,121,255,975.591,512.921
2377,62,255,1114.355,511.677
2378,29,255,1122.534,511.121
2379,76,255,1230.276,512.461
2380,71,255,1361.669,512.979
2381,60,255,373.483,514.867
2382,56,255,1149.036,513.357
2383,87,255,120.052,515.799
2384,67,255,308.575,513.873
2385,74,255,324.203,516.676
2386,30,255,443.767,513.567
2387,40,255,585.175,514.050
2388,49,255,856.500,514.276
2389,36,255,1539.194,513.417
2390,76,255,1187.039,516.105
2391,30,255,1.900,516.000
2392,100,255,711.190,517.350
2393,39,255,1345.269,515.833
2394,70,255,1428.229,516.986
2395,58,255,1547.086,516.397
2396,62,255,222.613,517.403
2397,88,255,725.398,518.398
2398,66,255,767.333,517.470
2399,37,255,1033.149,516.608
2400,45,255,1333.211,516.789
2401,65,255,1500.731,517.238
2402,68,255,479.912,518.456
2403,90,255,918.844,519.644
2404,84,255,1263.333,519.036
2405,96,255,1372.510,519.844
2406,38,255,1399.500,517.632
2407,61,255,1521.648,518.697
2408,46,255,55.130,518.391
2409,70,255,255.043,519.843
2410,61,255,348.418,519.467
2411,53,255,687.953,518.330
2412,65,255,934.423,519.500
2413,86,255,1009.547,519.640
2414,51,255,335.265,522.127
2415,66,255,405.894,521.106
2416,79,255,427.146,522.272
2417,97,255,506.521,521.881
2418,62,255,1133.194,520.645
2419,42,255,1406.929,519.643
2420,86,255,394.267,522.779
2421,45,255,643.811,520.811
2422,35,255,79.471,521.100
2423,65,255,203.115,521.762
2424,84,255,963.655,523.274
2425,82,255,1223.012,522.890
2426,34,255,737.294,523.118
2427,39,255,798.654,521.936
2428,52,255,846.538,523.500
2429,60,255,867.617,524.250
2430,64,255,1492.359,524.578
2431,91,255,1582.731,523.390
2432,91,255,271.192,526.346
2433,41,255,306.110,524.305
2434,40,255,1201.225,523.575
2435,30,255,168.500,524.000
2436,147,255,659.337,527.520
2437,28,255,1084.429,524.893
2438,74,255,1117.865,526.270
2439,51,255,1269.755,525.265
2440,104,255,1336.673,527.769
2441,51,255,1383.225,524.461
2442,24,255,1447.583,524.167
2443,41,255,104.866,525.451
2444,67,255,241.067,526.440
2445,41,255,1541.695,525.085
2446,57,255,16.096,527.868
2447,43,255,85.965,527.547
2448,52,255,443.500,527.288
2449,120,255,1434.025,528.617
2450,46,255,1180.478,528.326
2451,124,255,1475.750,530.806
2452,36,255,767.222,527.222
2453,86,255,1102.000,530.163
2454,76,255,1254.697,529.618
2455,89,255,1283.938,530.174
2456,41,255,48.866,529.402
2457,61,255,531.221,530.500
2458,70,255,1392.357,530.629
2459,79,255,171.690,532.234
2460,53,255,469.802,531.198
2461,30,255,694.100,530.533
2462,103,255,981.354,533.063
2463,46,255,1039.239,530.565
2464,83,255,1239.873,532.452
2465,26,255,1550.154,530.385
2466,103,255,35.558,533.558
2467,107,255,497.126,533.771
2468,108,255,556.213,535.787
2469,43,255,572.779,531.593
2470,44,255,849.341,532.727
2471,102,255,898.402,533.931
2472,70,255,1300.043,533.129
2473,56,255,61.929,532.250
2474,98,255,190.082,534.551
2475,45,255,876.389,533.167
2476,66,255,1022.364,535.136
2477,125,255,1373.068,535.196
2478,76,255,1520.461,534.158
2479,57,255,131.991,533.798
2480,88,255,482.239,535.750
2481,43,255,517.849,534.430
2482,30,255,546.667,533.767
2483,20,255,858.850,532.950
2484,66,255,1004.758,534.636
2485,94,255,1062.968,535.021
2486,67,255,1412.948,535.888
2487,96,255,1501.417,535.396
2488,52,255,1555.904,534.000
2489,43,255,107.198,534.919
2490,50,255,157.880,535.780
2491,86,255,279.477,537.593
2492,78,255,610.910,536.795
2493,76,255,782.868,535.789
2494,44,255,948.500,534.000
2495,119,255,1454.752,537.206
2496,97,255,747.964,537.015
2497,26,255,1165.808,535.500
2498,23,255,1172.674,535.413
2499,62,255,91.774,537.032
2500,93,255,217.844,537.823
2501,54,255,349.500,536.963
2502,35,255,48.900,537.129
2503,71,255,319.317,537.331
2504,33,255,808.288,536.409
2505,66,255,1312.621,538.621
2506,56,255,249.054,539.250
2507,59,255,359.975,539.703
2508,54,255,671.370,538.704
2509,52,255,684.885,538.923
2510,138,255,717.754,540.935
2511,31,255,1146.694,538.048
2512,25,255,1153.700,538.020
2513,93,255,1222.919,540.059
2514,49,255,1400.969,539.786
2515,45,255,1565.967,538.722
2516,64,255,1590.750,540.438
2517,70,255,236.671,541.671
2518,40,255,1381.650,542.200
2519,88,255,118.307,542.670
2520,57,255,303.167,542.482
2521,83,255,620.681,543.428
2522,54,255,643.000,542.000
2523,57,255,922.833,542.711
2524,71,255,1297.331,541.739
2525,78,255,1345.359,542.333
2526,61,255,1573.959,542.828
2527,72,255,75.250,544.250
2528,86,255,416.651,544.186
2529,88,255,1546.989,544.284
2530,63,255,133.008,545.246
2531,23,255,313.326,543.065
2532,64,255,693.438,545.328
2533,89,255,954.837,546.848
2534,66,255,1142.182,544.606
2535,51,255,66.657,545.049
2536,29,255,660.052,543.741
2537,151,255,1333.679,551.169
2538,47,255,1391.074,544.734
2539,115,255,544.943,548.361
2540,48,255,582.312,546.854
2541,39,255,854.859,545.269
2542,42,255,1276.357,545.690
2543,41,255,217.646,546.354
2544,91,255,705.599,548.357
2545,44,255,1007.773,546.273
2546,142,255,1262.183,551.239
2547,55,255,1362.173,548.209
2548,36,255,36.306,547.111
2549,65,255,350.715,548.946
2550,55,255,1109.918,548.118
2551,31,255,1.855,548.952
2552,82,255,187.207,550.378
2553,83,255,806.018,550.849
2554,45,255,831.567,548.478
2555,66,255,1075.030,549.773
2556,79,255,1125.930,550.297
2557,39,255,750.321,548.423
2558,29,255,795.397,549.328
2559,38,255,1062.816,549.684
2560,80,255,1235.925,552.000
2561,90,255,92.867,551.567
2562,41,255,439.183,551.183
2563,66,255,659.545,551.485
2564,39,255,672.090,549.782
2565,21,255,931.024,550.310
2566,22,255,1512.409,549.591
2567,41,255,459.329,551.427
2568,70,255,817.586,553.486
2569,59,255,1373.246,552.432
2570,77,255,1563.539,551.955
2571,103,255,251.917,553.762
2572,22,255,888.000,551.500
2573,120,255,940.750,559.408
2574,47,255,1207.181,553.372
2575,90,255,1220.311,554.644
2576,62,255,168.468,554.774
2577,53,255,302.594,553.500
2578,33,255,647.015,553.227
2579,103,255,1174.733,554.568
2580,49,255,1311.418,553.908
2581,109,255,1433.564,556.491
2582,81,255,1591.451,555.340
2583,70,255,198.229,555.643
2584,67,255,510.679,555.724
2585,31,255,877.823,553.726
2586,22,255,985.409,553.455
2587,27,255,1022.796,553.500
2588,44,255,1386.909,554.114
2589,59,255,115.398,556.822
2590,78,255,387.654,556.513
2591,118,255,1493.686,557.890
2592,34,255,1522.853,555.412
2593,44,255,690.614,557.136
2594,141,255,1094.330,560.351
2595,52,255,621.538,558.288
2596,28,255,1401.857,556.179
2597,58,255,1479.483,558.086
2598,80,255,174.912,560.888
2599,180,255,218.800,561.728
2600,62,255,318.919,559.919
2601,92,255,1357.728,560.065
2602,84,255,14.226,561.726
2603,88,255,1029.261,562.318
2604,42,255,1057.452,559.571
2605,67,255,1568.545,560.694
2606,126,255,278.159,564.738
2607,35,255,475.700,560.871
2608,37,255,992.932,560.122
2609,68,255,1531.103,561.706
2610,25,255,291.580,561.060
2611,119,255,383.206,567.189
2612,95,255,516.279,563.037
2613,79,255,656.563,562.500
2614,110,255,842.573,562.709
2615,30,255,897.233,560.467
2616,103,255,53.354,564.985
2617,75,255,67.953,563.247
2618,54,255,139.000,562.870
2619,42,255,337.214,561.929
2620,46,255,436.761,562.370
2621,96,255,1206.062,566.146
2622,102,255,1244.373,565.843
2623,66,255,1388.015,563.409
2624,74,255,1511.932,563.649
2625,60,255,539.233,565.133
2626,67,255,585.799,565.037
2627,24,255,876.917,563.208
2628,76,255,1165.382,566.105
2629,48,255,1231.083,564.958
2630,47,255,88.160,566.160
2631,55,255,414.645,567.118
2632,51,255,613.990,566.304
2633,64,255,728.984,565.938
2634,73,255,804.226,568.432
2635,82,255,1119.634,566.793
2636,43,255,131.756,566.570
2637,22,255,773.409,566.000
2638,43,255,1540.337,567.267
2639,22,255,366.000,566.000
2640,52,255,483.481,567.865
2641,31,255,1043.210,566.565
2642,78,255,1447.821,568.910
2643,68,255,32.588,570.338
2644,56,255,95.232,569.464
2645,100,255,237.240,570.740
2646,79,255,453.563,570.715
2647,78,255,647.115,570.782
2648,90,255,860.567,570.122
2649,85,255,1145.418,569.900
2650,71,255,1437.894,572.261
2651,68,255,496.647,571.632
2652,102,255,558.333,572.863
2653,24,255,995.667,569.625
2654,43,255,1066.244,570.779
2655,35,255,470.071,571.414
2656,30,255,964.567,570.633
2657,27,255,195.537,571.907
2658,113,255,322.677,575.226
2659,168,255,353.321,575.899
2660,64,255,524.641,574.078
2661,71,255,1281.894,574.092
2662,101,255,1340.292,574.322
2663,156,255,882.904,578.455
2664,65,255,8.392,576.592
2665,117,255,432.620,576.799
2666,39,255,582.346,574.628
2667,65,255,1075.469,575.915
2668,67,255,1304.216,574.739
2669,52,255,1398.923,574.885
2670,50,255,1550.500,574.900
2671,49,255,513.031,576.133
2672,24,255,726.458,575.083
2673,79,255,1090.247,576.829
2674,95,255,1470.079,576.900
2675,69,255,20.486,578.138
2676,93,255,105.618,578.091
2677,86,255,418.651,579.826
2678,69,255,538.413,576.500
2679,136,255,626.390,579.882
2680,65,255,681.238,578.038
2681,70,255,794.229,578.243
2682,47,255,916.053,577.670
2683,77,255,971.409,578.838
2684,43,255,1055.291,577.012
2685,116,255,1388.267,579.672
2686,20,255,1412.750,575.250
2687,108,255,1490.102,579.815
2688,81,255,375.438,578.377
2689,38,255,712.947,577.895
2690,65,255,988.392,578.731
2691,57,255,1539.430,578.430
2692,34,255,696.412,578.000
2693,120,255,835.392,581.000
2694,100,255,1504.090,579.970
2695,88,255,61.091,583.068
2696,95,255,73.468,583.500
2697,75,255,402.380,581.860
2698,63,255,1193.437,581.262
2699,125,255,1318.108,584.684
2700,108,255,1358.602,584.222
2701,100,255,1569.760,582.670
2702,89,255,197.803,583.208
2703,66,255,309.864,582.197
2704,105,255,662.576,584.186
2705,20,255,854.400,581.050
2706,88,255,1112.261,582.102
2707,73,255,275.048,584.171
2708,32,255,482.500,582.000
2709,62,255,703.629,584.403
2710,104,255,936.038,583.606
2711,69,255,1370.804,584.746
2712,134,255,1406.455,586.388
2713,45,255,1453.233,582.833
2714,68,255,248.824,584.926
2715,194,255,446.474,590.897
2716,137,255,571.471,587.442
2717,118,255,905.678,587.288
2718,62,255,1014.855,585.661
2719,110,255,1224.245,589.291
2720,115,255,594.770,588.726
2721,61,255,647.910,586.861
2722,40,255,673.700,586.500
2723,159,255,1240.179,590.135
2724,50,255,718.520,586.260
2725,71,255,1585.148,589.134
2726,78,255,3.218,589.923
2727,90,255,374.967,588.944
2728,155,255,509.997,590.003
2729,134,255,761.142,590.410
2730,64,255,1076.766,588.172
2731,32,255,1265.594,587.438
2732,54,255,1346.204,588.074
2733,153,255,140.618,591.801
2734,48,255,813.083,588.875
2735,99,255,1282.146,589.843
2736,58,255,1435.707,589.241
2737,101,255,468.599,592.421
2738,59,255,1459.805,591.449
2739,104,255,1545.519,591.615
2740,56,255,282.089,591.482
2741,128,255,632.711,594.422
2742,31,255,1190.435,590.145
2743,25,255,162.700,591.060
2744,63,255,545.548,592.183
2745,40,255,42.000,592.000
2746,109,255,114.307,595.766
2747,39,255,316.192,592.808
2748,68,255,701.397,593.162
2749,42,255,1171.952,592.857
2750,58,255,1384.828,592.672
2751,173,255,302.991,597.269
2752,56,255,349.964,593.625
2753,96,255,410.365,596.333
2754,27,255,1128.389,592.981
2755,29,255,492.155,594.224
2756,51,255,742.441,596.304
2757,64,255,823.406,596.312
2758,40,255,1163.475,594.425
2759,39,255,1365.397,593.987
2760,36,255,1471.278,594.306
2761,97,255,1519.448,597.170
2762,90,255,809.078,599.367
2763,32,255,885.219,596.281
2764,54,255,981.870,596.019
2765,102,255,329.333,598.922
2766,40,255,617.100,596.750
2767,53,255,1180.934,598.104
2768,37,255,101.905,598.014
2769,37,255,533.797,598.473
2770,86,255,773.779,598.942
2771,58,255,1091.431,598.069
2772,52,255,1204.615,597.827
2773,118,255,1418.695,598.924
2774,117,255,202.842,600.688
2775,112,255,854.277,602.116
2776,69,255,939.819,601.355
2777,35,255,1061.586,598.929
2778,52,255,1389.750,600.942
2779,44,255,572.000,600.409
2780,56,255,1302.964,602.286
2781,67,255,1343.112,600.978
2782,72,255,1444.542,601.444
2783,102,255,177.627,604.245
2784,130,255,361.408,605.538
2785,43,255,926.198,601.291
2786,104,255,1028.135,602.865
2787,104,255,1105.221,603.894
2788,42,255,1271.571,601.643
2789,58,255,487.828,603.948
2790,74,255,1124.095,603.176
2791,92,255,161.946,605.848
2792,37,255,274.554,602.932
2793,37,255,527.824,603.662
2794,36,255,664.444,603.667
2795,44,255,993.227,604.205
2796,63,255,1261.103,605.246
2797,34,255,1355.000,603.500
2798,64,255,45.109,606.125
2799,64,255,515.156,606.812
2800,26,255,1164.154,603.500
2801,89,255,1312.635,606.230
2802,68,255,248.441,606.824
2803,85,255,339.159,607.606
2804,110,255,379.918,607.682
2805,55,255,425.118,606.809
2806,103,255,606.539,608.286
2807,37,255,673.203,605.392
2808,124,255,715.976,608.847
2809,48,255,1004.333,605.958
2810,57,255,1325.640,606.816
2811,82,255,687.049,609.195
2812,40,255,791.325,606.200
2813,88,255,912.534,607.898
2814,213,255,1481.890,611.420
2815,37,255,23.824,607.986
2816,89,255,267.343,609.073
2817,30,255,319.700,607.300
2818,38,255,726.500,607.000
2819,54,255,825.019,607.778
2820,81,255,864.204,610.352
2821,22,255,875.591,606.591
2822,48,255,1054.292,608.000
2823,50,255,1064.800,609.060
2824,47,255,218.926,609.309
2825,125,255,573.076,610.324
2826,60,255,981.183,609.283
2827,22,255,1084.545,608.091
2828,141,255,461.521,612.670
2829,60,255,500.867,610.417
2830,36,255,542.639,609.000
2831,70,255,554.271,611.714
2832,127,255,1134.531,612.972
2833,21,255,211.357,609.357
2834,38,255,310.789,610.105
2835,24,255,400.292,610.458
2836,21,255,1181.357,609.595
2837,113,255,1396.739,612.527
2838,87,255,63.626,613.328
2839,75,255,643.047,613.620
2840,36,255,998.250,612.056
2841,126,255,1196.683,612.794
2842,60,255,1336.700,611.517
2843,78,255,1424.564,613.154
2844,150,255,1508.960,614.593
2845,56,255,237.554,613.179
2846,38,255,884.474,612.421
2847,54,255,1270.074,612.389
2848,70,255,1377.000,614.171
2849,72,255,1410.667,613.583
2850,54,255,1560.944,613.593
2851,49,255,652.010,615.418
2852,53,255,739.953,615.292
2853,129,255,951.407,618.322
2854,98,255,1364.276,616.612
2855,43,255,88.593,615.105
2856,36,255,493.111,615.972
2857,21,255,871.595,615.071
2858,132,255,771.341,620.909
2859,123,255,809.256,619.752
2860,120,255,1219.592,619.567
2861,32,255,1353.656,616.000
2862,93,255,1436.704,618.694
2863,25,255,167.300,616.740
2864,67,255,226.873,618.843
2865,52,255,196.635,618.885
2866,47,255,354.968,620.202
2867,78,255,525.974,619.808
2868,25,255,1163.740,617.780
2869,36,255,1171.611,619.250
2870,99,255,5.157,622.833
2871,97,255,132.448,622.830
2872,32,255,560.312,620.156
2873,36,255,914.806,619.333
2874,79,255,393.589,621.842
2875,96,255,443.552,622.375
2876,71,255,757.275,621.331
2877,115,255,791.474,624.500
2878,76,255,867.105,621.645
2879,80,255,923.038,622.375
2880,122,255,1012.557,622.459
2881,63,255,1300.056,621.341
2882,69,255,96.891,623.688
2883,141,255,252.074,624.025
2884,57,255,268.061,622.675
2885,86,255,1084.151,622.465
2886,98,255,1153.214,624.469
2887,68,255,1585.971,623.162
2888,124,255,23.427,625.774
2889,43,255,62.779,622.430
2890,68,255,1049.103,624.000
2891,126,255,1098.706,626.000
2892,89,255,429.848,626.320
2893,62,255,1459.113,624.726
2894,53,255,307.142,625.368
2895,107,255,1181.042,627.248
2896,76,255,1275.750,627.118
2897,34,255,1348.676,624.735
2898,113,255,1489.243,627.235
2899,63,255,1525.690,625.437
2900,92,255,287.326,627.707
2901,34,255,676.294,625.147
2902,153,255,836.944,631.840
2903,101,255,852.015,629.371
2904,37,255,1570.797,625.446
2905,41,255,108.256,627.159
2906,113,255,205.164,628.686
2907,179,255,603.807,631.198
2908,93,255,650.360,627.511
2909,21,255,714.643,625.833
2910,87,255,729.201,628.224
2911,34,255,1401.618,626.382
2912,59,255,116.110,628.771
2913,29,255,316.638,627.534
2914,36,255,363.500,628.000
2915,49,255,620.806,629.806
2916,56,255,635.482,629.750
2917,91,255,885.016,630.731
2918,67,255,907.231,629.381
2919,73,255,994.705,629.966
2920,27,255,1128.278,627.500
2921,87,255,1197.086,630.580
2922,67,255,1309.933,629.485
2923,117,255,1324.252,631.611
2924,49,255,1379.827,628.153
2925,79,255,1057.285,631.386
2926,94,255,172.989,632.777
2927,66,255,516.515,631.682
2928,59,255,981.449,631.737
2929,71,255,1232.472,631.528
2930,99,255,488.106,632.591
2931,84,255,1366.702,633.405
2932,79,255,1467.475,633.627
2933,100,255,1549.560,633.400
2934,96,255,322.365,635.229
2935,45,255,348.589,632.789
2936,57,255,943.009,634.851
2937,56,255,1218.732,633.339
2938,175,255,1288.523,636.129
2939,30,255,1430.667,632.133
2940,51,255,1595.971,633.186
2941,48,255,528.042,633.854
2942,25,255,552.060,632.700
2943,50,255,157.620,634.220
2944,32,255,446.188,634.469
2945,43,255,472.081,635.174
2946,161,255,755.916,640.134
2947,70,255,800.300,635.514
2948,83,255,184.801,637.886
2949,21,255,497.643,634.786
2950,73,255,505.514,638.555
2951,102,255,93.824,639.216
2952,48,255,302.396,636.896
2953,28,255,935.643,636.571
2954,25,255,1082.500,636.540
2955,91,255,1204.621,640.203
2956,115,255,1400.526,638.457
2957,84,255,1567.167,637.905
2958,44,255,21.250,637.295
2959,82,255,219.085,639.671
2960,67,255,714.724,638.515
2961,52,255,775.615,637.769
2962,109,255,1523.601,640.307
2963,61,255,337.189,639.057
2964,57,255,422.974,639.816
2965,85,255,904.500,640.171
2966,50,255,1071.240,638.480
2967,57,255,1339.096,639.026
2968,59,255,1351.500,639.483
2969,122,255,682.320,641.787
2970,104,255,863.529,642.154
2971,45,255,1046.811,640.789
2972,109,255,1258.757,642.812
2973,54,255,1491.741,641.333
2974,56,255,74.732,642.143
2975,86,255,286.174,643.163
2976,48,255,414.708,642.771
2977,21,255,672.405,641.310
2978,34,255,1414.029,641.676
2979,35,255,2.557,642.786
2980,29,255,63.397,642.017
2981,29,255,228.534,641.914
2982,140,255,549.421,646.136
2983,52,255,1422.423,643.231
2984,83,255,1444.102,644.404
2985,42,255,11.405,644.214
2986,55,255,652.664,644.009
2987,31,255,1002.048,643.016
2988,124,255,264.250,647.306
2989,74,255,1085.730,645.486
2990,66,255,1243.045,646.348
2991,109,255,1372.362,647.674
2992,73,255,36.322,646.459
2993,93,255,565.640,648.210
2994,49,255,732.806,645.602
2995,117,255,1223.782,648.286
2996,107,255,886.556,648.238
2997,63,255,968.389,646.976
2998,92,255,1113.772,648.978
2999,70,255,200.971,648.129
3000,87,255,473.534,649.086
3001,75,255,581.873,651.287
3002,44,255,1099.886,647.477
3003,96,255,1432.281,649.906
3004,37,255,445.905,648.041
3005,148,255,774.074,651.081
3006,97,255,1015.964,650.222
3007,64,255,1143.703,650.812
3008,126,255,1550.175,651.563
3009,58,255,422.897,649.345
3010,65,255,615.162,649.762
3011,112,255,995.750,652.045
3012,104,255,1031.442,651.000
3013,89,255,1180.624,650.399
3014,130,255,1282.446,653.254
3015,50,255,802.640,650.880
3016,87,255,1134.155,652.925
3017,69,255,1297.355,651.630
3018,133,255,131.538,653.741
3019,53,255,224.972,652.236
3020,23,255,373.370,650.804
3021,50,255,44.580,653.160
3022,110,255,158.955,654.727
3023,121,255,401.624,655.021
3024,92,255,842.587,656.380
3025,69,255,1190.384,655.312
3026,53,255,1309.972,653.009
3027,132,255,1343.038,654.091
3028,89,255,1358.624,654.624
3029,33,255,833.682,653.773
3030,76,255,1054.461,654.342
3031,60,255,116.983,655.600
3032,55,255,699.136,654.809
3033,72,255,731.722,655.069
3034,35,255,449.900,655.986
3035,104,255,631.981,658.308
3036,106,255,647.396,657.472
3037,44,255,668.273,656.341
3038,91,255,1235.170,659.390
3039,41,255,1503.037,655.232
3040,89,255,247.264,657.455
3041,43,255,938.058,656.616
3042,55,255,1394.845,656.791
3043,113,255,349.084,660.827
3044,67,255,503.500,658.933
3045,34,255,983.588,657.676
3046,28,255,907.964,658.571
3047,45,255,1166.167,658.367
3048,82,255,26.756,662.085
3049,84,255,204.750,661.048
3050,97,255,273.088,661.036
3051,110,255,328.155,661.455
3052,63,255,442.198,659.738
3053,45,255,523.722,659.922
3054,60,255,1452.600,660.183
3055,92,255,72.370,661.739
3056,52,255,534.442,661.442
3057,52,255,754.769,660.827
3058,81,255,795.710,662.278
3059,70,255,288.157,662.571
3060,38,255,707.237,661.868
3061,86,255,1088.965,663.360
3062,24,255,1464.542,660.792
3063,57,255,1485.465,663.026
3064,110,255,1572.509,663.773
3065,51,255,95.225,663.461
3066,35,255,568.843,661.957
3067,84,255,590.000,665.738
3068,70,255,46.057,665.129
3069,49,255,106.418,663.949
3070,61,255,234.074,665.025
3071,44,255,369.364,663.977
3072,67,255,830.410,664.485
3073,125,255,1034.292,666.396
3074,34,255,1345.824,663.735
3075,28,255,1509.679,663.214
3076,110,255,312.445,667.891
3077,29,255,487.121,663.569
3078,41,255,901.329,664.427
3079,88,255,967.023,666.148
3080,22,255,1058.591,664.000
3081,107,255,147.145,667.874
3082,41,255,221.622,665.671
3083,69,255,1018.848,667.181
3084,47,255,1137.670,665.883
3085,140,255,1250.914,670.086
3086,24,255,1308.833,664.958
3087,49,255,769.071,666.439
3088,46,255,925.196,666.174
3089,51,255,1262.441,668.010
3090,150,255,1387.027,669.593
3091,55,255,1406.791,667.391
3092,65,255,240.946,669.192
3093,72,255,392.472,669.278
3094,73,255,555.267,668.678
3095,40,255,715.500,667.225
3096,126,255,1067.802,673.476
3097,38,255,1524.026,667.684
3098,31,255,432.597,667.145
3099,86,255,605.314,670.012
3100,60,255,785.717,669.467
3101,98,255,938.418,671.082
3102,45,255,1367.278,668.433
3103,85,255,1541.676,671.512
3104,87,255,259.063,670.741
3105,44,255,480.091,670.614
3106,53,255,571.311,670.274
3107,63,255,656.230,670.627
3108,42,255,175.738,670.429
3109,62,255,468.919,670.968
3110,66,255,806.303,671.879
3111,133,255,859.733,673.733
3112,40,255,1165.000,670.850
3113,41,255,988.402,671.037
3114,23,255,1269.891,671.109
3115,43,255,330.849,672.965
3116,43,255,1114.151,673.058
3117,32,255,1123.688,673.000
3118,128,255,1227.047,675.836
3119,42,255,34.952,673.333
3120,74,255,74.324,674.986
3121,116,255,190.345,675.302
3122,47,255,905.649,674.117
3123,50,255,949.700,674.600
3124,136,255,1409.978,678.662
3125,21,255,1425.833,672.405
3126,65,255,1511.177,674.977
3127,51,255,408.696,675.520
3128,82,255,510.854,676.110
3129,63,255,686.071,675.151
3130,20,255,819.600,673.550
3131,69,255,895.587,675.630
3132,61,255,1581.025,675.156
3133,59,255,372.873,676.229
3134,48,255,53.104,677.438
3135,38,255,227.368,675.868
3136,60,255,281.783,677.300
3137,20,255,525.000,676.000
3138,86,255,1304.837,678.326
3139,77,255,1361.396,677.500
3140,75,255,1466.060,677.633
3141,43,255,217.035,679.849
3142,60,255,589.433,677.900
3143,73,255,744.034,678.404
3144,87,255,1188.511,678.638
3145,63,255,1596.960,680.357
3146,45,255,339.278,678.856
3147,37,255,761.662,678.203
3148,111,255,135.401,681.203
3149,51,255,1039.088,680.186
3150,49,255,1381.092,679.520
3151,134,255,1426.657,683.179
3152,68,255,32.868,681.471
3153,60,255,379.450,682.433
3154,59,255,425.653,680.958
3155,56,255,629.679,681.196
3156,26,255,664.000,679.500
3157,70,255,698.100,681.414
3158,45,255,914.011,680.878
3159,47,255,987.691,680.138
3160,92,255,1050.870,682.326
3161,113,255,1269.040,683.358
3162,44,255,466.682,682.523
3163,46,255,638.978,682.000
3164,38,255,734.342,682.053
3165,49,255,1514.296,681.908
3166,51,255,1549.657,683.324
3167,82,255,1557.817,683.829
3168,104,255,792.606,684.231
3169,56,255,957.875,683.143
3170,37,255,1019.824,682.689
3171,108,255,1082.167,684.676
3172,54,255,201.574,684.167
3173,57,255,111.623,684.746
3174,88,255,298.750,686.432
3175,58,255,852.552,684.672
3176,20,255,970.800,683.400
3177,42,255,1239.310,684.524
3178,48,255,1332.021,685.375
3179,20,255,100.000,685.000
3180,70,255,166.086,686.571
3181,69,255,1500.645,686.833
3182,64,255,227.594,687.172
3183,41,255,532.427,686.402
3184,57,255,541.781,688.798
3185,100,255,843.120,691.260
3186,92,255,1103.446,687.935
3187,129,255,1580.857,688.601
3188,69,255,20.152,688.239
3189,118,255,885.314,690.017
3190,40,255,1008.775,688.550
3191,22,255,1311.364,686.500
3192,64,255,1472.562,688.453
3193,69,255,90.370,689.688
3194,82,255,434.707,689.963
3195,25,255,594.660,688.020
3196,72,255,813.778,690.097
3197,67,255,911.604,688.500
3198,63,255,1136.246,690.278
3199,58,255,1210.862,688.534
3200,116,255,1352.983,691.371
3201,89,255,1374.758,690.444
3202,39,255,46.526,689.628
3203,25,255,209.540,689.260
3204,63,255,1164.579,690.373
3205,74,255,1178.000,690.973
3206,33,255,1450.591,688.894
3207,85,255,247.100,692.618
3208,94,255,266.160,692.638
3209,53,255,578.745,690.387
3210,47,255,714.096,690.309
3211,49,255,985.276,690.296
3212,40,255,1246.200,690.350
3213,39,255,1304.910,690.808
3214,30,255,400.367,691.033
3215,73,255,1148.144,694.911
3216,49,255,121.847,693.153
3217,29,255,373.086,691.638
3218,62,255,444.726,694.194
3219,85,255,463.135,693.041
3220,32,255,511.969,692.938
3221,72,255,525.069,694.236
3222,73,255,602.295,695.199
3223,55,255,638.500,693.318
3224,56,255,1253.536,693.554
3225,51,255,1460.618,694.127
3226,77,255,193.721,696.110
3227,32,255,313.156,693.656
3228,60,255,557.200,694.467
3229,57,255,618.728,696.079
3230,61,255,658.533,694.074
3231,88,255,746.011,695.807
3232,48,255,1527.521,694.875
3233,75,255,109.953,696.713
3234,83,255,681.620,698.163
3235,63,255,1077.548,697.532
3236,71,255,696.570,698.937
3237,68,255,1064.162,697.353
3238,59,255,226.602,697.551
3239,37,255,936.095,697.446
3240,61,255,1024.893,698.090
3241,61,255,1310.205,697.893
3242,25,255,1434.340,697.420
3243,166,255,1556.952,700.777
3244,59,255,479.839,699.314
3245,70,255,833.000,699.643
3246,58,255,1346.655,698.879
3247,68,255,1408.853,699.735
3248,28,255,4.679,699.714
3249,74,255,209.770,701.081
3250,94,255,389.457,700.894
3251,46,255,574.196,699.696
3252,37,255,671.365,700.392
3253,84,255,714.786,702.476
3254,65,255,869.777,701.608
3255,71,255,1237.444,701.908
3256,100,255,97.480,703.770
3257,36,255,338.972,700.750
3258,51,255,1186.971,701.735
3259,32,255,1328.000,701.656
3260,58,255,1389.034,702.517
3261,119,255,1480.122,702.466
3262,57,255,293.342,702.868
3263,47,255,310.309,701.862
3264,27,255,522.722,701.352
3265,108,255,964.787,703.870
3266,78,255,984.244,704.231
3267,35,255,1288.443,701.757
3268,60,255,1511.883,703.367
3269,53,255,349.481,703.991
3270,68,255,368.912,704.471
3271,55,255,505.191,703.864
3272,49,255,905.765,703.439
3273,51,255,1008.304,703.324
3274,46,255,1129.109,703.848
3275,28,255,1419.429,703.679
3276,62,255,1428.210,704.968
3277,96,255,1592.250,706.406
3278,31,255,167.500,703.500
3279,97,255,407.438,705.778
3280,65,255,422.931,704.885
3281,90,255,785.411,707.978
3282,69,255,1198.674,706.746
3283,93,255,1218.586,706.651
3284,36,255,1248.417,705.389
3285,75,255,1455.753,705.420
3286,37,255,333.176,705.446
3287,70,255,737.429,706.500
3288,41,255,757.183,705.500
3289,25,255,764.940,705.500
3290,60,255,1178.417,706.450
3291,30,255,483.133,706.133
3292,45,255,44.256,707.744
3293,49,255,281.173,707.541
3294,68,255,1109.103,708.603
3295,133,255,1264.327,709.455
3296,28,255,1336.893,706.679
3297,54,255,227.333,709.296
3298,58,255,772.552,711.121
3299,32,255,889.156,708.219
3300,75,255,926.153,710.220
3301,68,255,1133.853,709.985
3302,85,255,1155.300,711.241
3303,22,255,54.818,708.545
3304,69,255,82.833,710.732
3305,76,255,258.263,710.579
3306,91,255,547.346,710.764
3307,67,255,1051.739,714.157
3308,22,255,1145.045,709.227
3309,20,255,1163.800,708.650
3310,108,255,1528.611,713.880
3311,26,255,453.192,710.269
3312,43,255,465.035,709.802
3313,65,255,568.577,711.254
3314,86,255,871.419,712.674
3315,59,255,939.517,711.364
3316,50,255,974.080,711.200
3317,73,255,1383.158,711.719
3318,33,255,688.773,710.894
3319,67,255,1513.769,712.664
3320,52,255,599.596,712.865
3321,59,255,1081.517,713.551
3322,45,255,1414.278,713.211
3323,67,255,1437.978,713.440
3324,20,255,211.100,712.400
3325,109,255,1298.812,716.940
3326,98,255,28.020,717.327
3327,58,255,61.000,715.328
3328,77,255,119.734,715.981
3329,111,255,635.680,716.455
3330,53,255,1189.953,715.934
3331,35,255,485.529,715.671
3332,21,255,676.167,713.976
3333,63,255,1009.881,715.722
3334,49,255,1221.316,715.969
3335,68,255,1481.456,715.544
3336,93,255,104.651,717.962
3337,37,255,437.959,716.284
3338,54,255,1041.944,717.167
3339,49,255,1199.031,717.908
3340,48,255,1360.854,716.583
3341,76,255,142.697,718.895
3342,82,255,279.427,719.427
3343,34,255,347.471,717.118
3344,56,255,372.464,718.000
3345,105,255,429.186,722.929
3346,38,255,1332.868,717.342
3347,65,255,1404.454,718.838
3348,57,255,166.237,719.605
3349,84,255,216.000,721.631
3350,56,255,380.768,719.125
3351,42,255,745.476,717.929
3352,56,255,817.536,719.000
3353,37,255,1113.014,718.338
3354,28,255,1278.929,718.143
3355,83,255,395.524,720.741
3356,97,255,456.758,720.644
3357,54,255,508.130,720.407
3358,42,255,1585.286,719.810
3359,54,255,757.296,721.019
3360,56,255,834.661,721.321
3361,113,255,1344.642,722.774
3362,36,255,1453.500,720.667
3363,49,255,157.929,722.051
3364,54,255,263.852,721.981
3365,33,255,697.864,721.167
3366,79,255,915.639,722.424
3367,61,255,937.352,722.008
3368,80,255,955.575,723.112
3369,38,255,469.711,722.684
3370,114,255,518.649,726.772
3371,91,255,1557.324,725.005
3372,47,255,339.691,724.223
3373,28,255,480.000,722.714
3374,78,255,586.141,724.731
3375,31,255,773.306,722.532
3376,39,255,1019.910,722.987
3377,135,255,1379.626,726.181
3378,64,255,311.672,724.828
3379,48,255,601.708,724.542
3380,35,255,677.671,724.186
3381,84,255,809.964,728.143
3382,33,255,1007.803,723.621
3383,74,255,1078.932,725.446
3384,50,255,1271.160,724.820
3385,60,255,1419.333,726.167
3386,37,255,47.176,725.662
3387,93,255,544.134,726.962
3388,65,255,570.669,726.100
3389,59,255,1059.619,726.703
3390,72,255,1252.861,726.722
3391,88,255,90.034,728.193
3392,76,255,356.145,727.947
3393,71,255,686.359,727.120
3394,53,255,720.670,726.745
3395,44,255,245.818,728.068
3396,56,255,745.446,729.589
3397,109,255,1106.537,729.234
3398,56,255,1154.821,727.518
3399,68,255,1233.103,728.353
3400,34,255,1294.353,727.353
3401,28,255,855.000,727.000
3402,47,255,887.989,728.606
3403,124,255,1483.379,732.387
3404,112,255,1534.134,734.054
3405,50,255,1596.240,729.540
3406,49,255,1496.867,729.847
3407,164,255,107.128,735.201
3408,34,255,187.176,730.559
3409,27,255,226.019,730.611
3410,69,255,234.993,732.659
3411,82,255,439.695,733.341
3412,64,255,731.766,731.375
3413,47,255,42.223,732.160
3414,96,255,373.104,734.125
3415,73,255,629.418,732.829
3416,65,255,1025.469,732.623
3417,107,255,1176.061,734.706
3418,47,255,55.330,732.543
3419,53,255,619.142,733.142
3420,26,255,1282.000,732.000
3421,66,255,292.470,734.439
3422,61,255,497.008,734.123
3423,57,255,1009.202,733.939
3424,36,255,1149.750,733.583
3425,76,255,1572.947,735.566
3426,105,255,26.719,737.900
3427,47,255,157.670,734.989
3428,93,255,330.661,735.737
3429,95,255,672.005,735.437
3430,72,255,944.208,735.472
3431,58,255,75.672,735.759
3432,42,255,256.571,735.786
3433,103,255,413.189,738.413
3434,51,255,478.186,735.402
3435,44,255,554.864,736.068
3436,48,255,562.458,736.083
3437,52,255,651.231,735.288
3438,34,255,758.000,734.588
3439,107,255,823.827,737.182
3440,46,255,246.087,736.500
3441,41,255,389.305,736.720
3442,22,255,596.000,735.000
3443,133,255,1137.598,738.688
3444,28,255,1165.214,736.821
3445,76,255,129.750,738.342
3446,57,255,148.956,738.833
3447,26,255,191.385,737.115
3448,68,255,312.397,738.750
3449,58,255,357.207,737.517
3450,59,255,870.907,737.941
3451,80,255,1210.362,740.000
3452,74,255,1291.203,738.581
3453,92,255,1555.228,740.163
3454,21,255,208.929,737.595
3455,25,255,546.220,738.220
3456,29,255,899.224,738.155
3457,29,255,989.052,737.569
3458,65,255,1051.685,740.331
3459,63,255,1269.135,739.087
3460,83,255,1398.657,739.922
3461,30,255,539.933,739.600
3462,97,255,1036.160,741.490
3463,72,255,456.847,740.847
3464,48,255,394.625,741.875
3465,31,255,981.210,741.048
3466,99,255,1424.338,743.348
3467,50,255,482.300,743.040
3468,109,255,710.372,745.445
3469,110,255,839.718,744.418
3470,35,255,1341.129,742.129
3471,36,255,1371.583,741.889
3472,59,255,598.890,743.636
3473,50,255,755.120,743.760
3474,66,255,792.061,744.455
3475,177,255,49.624,746.528
3476,56,255,222.054,745.196
3477,63,255,379.198,744.929
3478,51,255,429.324,744.912
3479,102,255,511.029,746.559
3480,74,255,733.676,745.878
3481,96,255,913.771,746.812
3482,63,255,1228.198,744.881
3483,20,255,1349.500,744.100
3484,69,255,1499.949,746.326
3485,51,255,7.029,745.696
3486,94,255,162.968,748.447
3487,66,255,582.818,746.288
3488,26,255,1082.385,744.846
3489,88,255,1093.534,748.193
3490,159,255,1300.921,750.701
3491,105,255,1513.500,747.957
3492,38,255,193.895,746.711
3493,57,255,207.202,746.991
3494,95,255,275.026,747.805
3495,58,255,289.431,747.603
3496,56,255,553.304,747.196
3497,62,255,950.339,747.903
3498,76,255,988.579,749.263
3499,30,255,1074.700,748.233
3500,70,255,1106.086,748.700
3501,55,255,1332.773,750.882
3502,122,255,1483.180,751.402
3503,42,255,1587.381,747.595
3504,80,255,72.775,751.775
3505,61,255,125.779,749.926
3506,73,255,297.116,750.253
3507,62,255,778.371,748.903
3508,96,255,1123.771,751.052
3509,81,255,1199.747,751.006
3510,92,255,117.457,753.543
3511,57,255,181.746,749.781
3512,42,255,436.429,750.548
3513,107,255,637.612,751.584
3514,70,255,762.014,750.786
3515,22,255,850.091,748.682
3516,67,255,1376.545,750.799
3517,88,255,98.534,752.159
3518,24,255,346.167,749.625
3519,51,255,621.382,750.480
3520,30,255,867.800,750.167
3521,52,255,893.442,750.558
3522,53,255,1021.462,751.557
3523,77,255,1056.604,752.136
3524,61,255,462.336,751.910
3525,65,255,657.254,751.854
3526,76,255,963.066,752.947
3527,29,255,88.810,752.293
3528,42,255,397.452,752.048
3529,26,255,1006.077,752.269
3530,58,255,1440.190,754.069
3531,47,255,590.734,754.394
3532,53,255,685.292,754.330
3533,26,255,1449.577,752.885
3534,71,255,319.275,755.500
3535,85,255,521.853,756.629
3536,25,255,808.260,753.540
3537,97,255,1158.768,755.923
3538,51,255,1216.853,754.833
3539,36,255,1325.833,754.750
3540,51,255,557.382,755.775
3541,35,255,573.986,755.186
3542,62,255,973.629,757.161
3543,49,255,1180.929,755.194
3544,111,255,1232.599,757.842
3545,102,255,1417.647,757.647
3546,58,255,9.724,756.862
3547,74,255,1264.392,757.743
3548,73,255,211.788,758.993
3549,61,255,332.959,757.451
3550,24,255,749.375,756.542
3551,135,255,1589.367,762.967
3552,21,255,141.310,757.071
3553,26,255,491.154,757.846
3554,56,255,544.446,759.393
3555,82,255,843.951,759.927
3556,26,255,1172.615,758.154
3557,47,255,1318.245,758.755
3558,30,255,387.400,759.700
3559,50,255,502.220,760.120
3560,37,255,677.122,759.176
3561,30,255,1017.300,758.733
3562,35,255,1348.729,758.729
3563,37,255,50.689,760.365
3564,26,255,232.385,759.500
3565,69,255,473.862,761.428
3566,84,255,730.036,761.810
3567,27,255,935.093,759.426
3568,89,255,1498.051,762.657
3569,50,255,1573.500,761.000
3570,57,255,704.500,761.412
3571,114,255,1278.386,764.430
3572,29,255,220.914,762.086
3573,58,255,305.914,762.931
3574,34,255,814.029,763.059
3575,94,255,825.415,764.404
3576,59,255,950.331,762.856
3577,65,255,1446.300,763.638
3578,56,255,1522.071,763.232
3579,25,255,1562.900,761.540
3580,122,255,272.443,767.713
3581,33,255,777.530,763.167
3582,61,255,801.615,764.746
3583,68,255,1028.000,764.500
3584,21,255,58.071,764.310
3585,70,255,242.243,765.743
3586,141,255,883.018,766.543
3587,76,255,1259.118,765.895
3588,45,255,169.478,765.856
3589,28,255,380.821,765.250
3590,72,255,430.222,766.514
3591,49,255,1118.194,765.990
3592,33,255,1338.136,765.621
3593,78,255,1351.090,766.615
3594,117,255,415.158,769.209
3595,32,255,526.500,766.094
3596,21,255,563.500,765.500
3597,39,255,787.038,766.141
3598,81,255,926.858,767.389
3599,147,255,1201.983,771.541
3600,40,255,1466.300,766.575
3601,67,255,351.381,768.022
3602,41,255,669.817,767.159
3603,71,255,902.866,768.261
3604,60,255,1095.383,768.417
3605,76,255,102.092,769.605
3606,37,255,124.554,768.419
3607,25,255,137.540,767.580
3608,56,255,394.679,768.857
3609,112,255,450.625,771.857
3610,75,255,553.487,769.167
3611,50,255,634.760,768.100
3612,61,255,1329.434,769.598
3613,82,255,1407.646,769.988
3614,76,255,3.855,771.092
3615,63,255,39.246,769.373
3616,67,255,300.799,770.022
3617,42,255,338.048,769.357
3618,52,255,372.115,770.846
3619,60,255,611.267,770.183
3620,48,255,682.854,769.500
3621,63,255,961.611,770.754
3622,46,255,1193.565,769.435
3623,59,255,1483.025,770.229
3624,100,255,1532.240,771.720
3625,92,255,1559.293,772.054
3626,30,255,187.133,770.133
3627,49,255,210.745,770.439
3628,50,255,229.900,770.640
3629,56,255,318.321,771.232
3630,131,255,589.935,772.844
3631,41,255,737.085,770.427
3632,32,255,989.906,769.906
3633,68,255,1048.324,771.794
3634,84,255,1062.726,773.512
3635,68,255,1511.691,771.956
3636,49,255,329.520,772.786
3637,51,255,487.559,771.971
3638,47,255,1137.606,771.309
3639,47,255,1320.564,772.649
3640,69,255,24.514,773.543
3641,67,255,69.500,772.261
3642,44,255,197.341,772.818
3643,68,255,976.618,774.250
3644,80,255,996.087,775.938
3645,43,255,1073.988,773.012
3646,118,255,1110.000,774.847
3647,52,255,132.115,773.750
3648,54,255,1236.648,774.111
3649,56,255,462.375,776.107
3650,41,255,830.451,775.305
3651,31,255,1017.081,774.952
3652,40,255,1474.675,775.975
3653,64,255,379.938,777.047
3654,40,255,437.800,776.350
3655,120,255,536.567,780.517
3656,54,255,696.685,776.833
3657,89,255,840.242,779.556
3658,69,255,1215.949,776.964
3659,42,255,179.524,777.833
3660,34,255,774.147,777.000
3661,42,255,950.452,777.952
3662,86,255,1248.047,779.198
3663,44,255,259.523,778.091
3664,54,255,515.778,779.167
3665,157,255,653.990,783.965
3666,87,255,741.477,781.006
3667,60,255,903.833,779.217
3668,88,255,1007.545,781.330
3669,21,255,1465.881,777.071
3670,50,255,761.880,780.180
3671,44,255,783.886,780.750
3672,55,255,930.064,780.536
3673,47,255,165.074,780.096
3674,44,255,247.523,780.636
3675,64,255,413.047,780.703
3676,101,255,607.678,781.035
3677,42,255,794.429,780.571
3678,62,255,1229.742,781.887
3679,93,255,1259.382,783.898
3680,114,255,1341.693,782.781
3681,50,255,1412.080,780.720
3682,66,255,340.242,781.970
3683,58,255,715.741,782.966
3684,40,255,1361.475,781.175
3685,48,255,1422.896,782.729
3686,107,255,1575.556,784.537
3687,49,255,212.888,782.459
3688,107,255,425.051,785.294
3689,38,255,555.474,782.053
3690,70,255,629.700,783.057
3691,35,255,1589.929,782.586
3692,122,255,295.959,786.516
3693,42,255,504.238,783.643
3694,55,255,805.464,783.918
3695,67,255,122.500,786.963
3696,85,255,147.088,788.335
3697,48,255,239.771,785.042
3698,25,255,727.580,784.060
3699,60,255,819.167,784.783
3700,30,255,944.600,784.367
3701,46,255,472.848,785.087
3702,84,255,489.964,787.643
3703,119,255,876.416,788.500
3704,89,255,1139.500,787.320
3705,39,255,135.090,785.962
3706,43,255,327.012,786.686
3707,58,255,390.466,787.034
3708,21,255,582.690,785.405
3709,78,255,1283.090,788.667
3710,45,255,259.789,787.500
3711,48,255,371.542,787.562
3712,85,255,672.653,788.994
3713,107,255,858.023,788.070
3714,54,255,1181.833,787.759
3715,71,255,1370.796,789.289
3716,42,255,1461.571,788.143
3717,39,255,60.141,788.987
3718,39,255,1022.885,788.756
3719,33,255,1073.530,787.985
3720,25,255,451.220,788.300
3721,22,255,465.273,789.318
3722,31,255,911.565,788.694
3723,96,255,1398.031,791.438
3724,85,255,244.924,791.371
3725,27,255,560.870,790.278
3726,71,255,597.261,790.894
3727,26,255,936.000,789.500
3728,58,255,1048.086,790.517
3729,91,255,1152.511,792.335
3730,51,255,1560.951,790.441
3731,47,255,179.457,792.926
3732,59,255,217.331,791.992
3733,57,255,269.605,792.237
3734,50,255,332.500,792.920
3735,41,255,518.915,790.841
3736,36,255,548.139,791.194
3737,72,255,961.556,792.347
3738,90,255,1085.744,792.244
3739,67,255,1104.948,792.112
3740,59,255,5.246,794.263
3741,91,255,49.379,795.159
3742,31,255,161.081,791.629
3743,70,255,693.614,793.386
3744,37,255,718.446,792.230
3745,75,255,785.740,795.007
3746,128,255,1529.117,793.430
3747,24,255,479.792,793.042
3748,99,255,573.955,795.692
3749,39,255,737.218,793.115
3750,74,255,1424.892,795.162
3751,130,255,347.938,797.238
3752,112,255,897.170,797.679
3753,30,255,1453.333,793.933
3754,70,255,1509.214,795.314
3755,29,255,136.983,795.259
3756,109,255,383.023,797.335
3757,106,255,536.566,799.028
3758,24,255,794.500,795.750
3759,32,255,804.156,794.656
3760,86,255,1266.163,797.140
3761,47,255,364.968,796.436
3762,71,255,617.880,796.570
3763,127,255,984.736,799.594
3764,115,255,1222.430,800.396
3765,118,255,1358.356,799.076
3766,40,255,1436.075,796.475
3767,67,255,1482.067,796.873
3768,85,255,1546.265,798.606
3769,73,255,282.692,798.158
3770,37,255,752.716,797.041
3771,89,255,760.646,800.478
3772,51,255,921.343,798.598
3773,36,255,1176.444,797.583
3774,81,255,1313.315,799.265
3775,35,255,151.586,798.043
3776,65,255,222.885,798.931
3777,38,255,582.579,798.816
3778,35,255,666.871,798.300
3779,29,255,683.224,797.879
3780,33,255,831.924,798.076
3781,63,255,855.341,799.611
3782,119,255,1240.954,802.727
3783,64,255,115.438,801.734
3784,27,255,299.093,798.574
3785,52,255,602.808,800.058
3786,22,255,811.909,799.318
3787,23,255,511.022,799.891
3788,58,255,711.466,801.431
3789,56,255,1006.286,801.446
3790,37,255,1037.392,799.878
3791,48,255,1385.292,800.688
3792,134,255,1578.970,802.694
3793,48,255,211.250,801.604
3794,32,255,264.312,800.719
3795,129,255,420.329,804.756
3796,28,255,465.179,800.536
3797,22,255,549.409,801.000
3798,85,255,1187.512,803.124
3799,48,255,908.521,803.562
3800,29,255,1200.224,802.017
3801,89,255,1464.421,803.826
3802,58,255,26.759,803.552
3803,32,255,199.969,803.062
3804,34,255,318.059,802.794
3805,67,255,435.037,804.858
3806,82,255,733.537,804.890
3807,47,255,493.096,804.479
3808,90,255,561.367,807.089
3809,68,255,873.750,804.912
3810,34,255,1080.000,803.618
3811,49,255,1208.133,806.949
3812,93,255,1442.511,805.608
3813,62,255,1490.339,806.032
3814,45,255,337.344,805.989
3815,62,255,1498.984,806.613
3816,72,255,1556.250,806.806
3817,33,255,44.439,807.227
3818,53,255,656.500,806.443
3819,89,255,684.174,807.275
3820,93,255,1099.651,808.048
3821,46,255,1374.870,806.609
3822,77,255,1511.877,808.851
3823,57,255,8.009,808.781
3824,23,255,154.978,807.370
3825,37,255,748.608,806.959
3826,82,255,951.256,808.122
3827,52,255,1269.673,807.615
3828,109,255,1337.647,809.106
3829,59,255,144.229,811.229
3830,63,255,378.389,810.167
3831,59,255,634.347,808.992
3832,70,255,821.486,808.329
3833,112,255,921.598,810.125
3834,58,255,995.017,809.259
3835,58,255,1049.828,808.621
3836,95,255,1151.300,810.395
3837,25,255,252.180,808.660
3838,67,255,300.187,811.440
3839,50,255,407.300,809.780
3840,31,255,510.919,809.435
3841,56,255,779.696,809.482
3842,70,255,836.429,810.986
3843,54,255,1164.833,810.685
3844,70,255,1301.443,810.571
3845,122,255,178.615,811.500
3846,30,255,264.400,809.433
3847,62,255,312.855,811.177
3848,98,255,583.010,811.276
3849,38,255,701.737,809.632
3850,66,255,1069.061,811.061
3851,31,255,500.371,811.210
3852,78,255,1417.462,812.333
3853,42,255,388.452,812.429
3854,46,255,598.283,812.804
3855,39,255,645.603,812.603
3856,97,255,714.335,814.531
3857,71,255,854.641,813.486
3858,41,255,971.500,812.500
3859,95,255,51.563,815.647
3860,80,255,243.037,814.962
3861,64,255,285.844,814.250
3862,71,255,447.711,818.092
3863,75,255,459.967,816.020
3864,119,255,489.105,817.718
3865,23,255,963.370,813.587
3866,106,255,1117.717,817.425
3867,53,255,1175.028,816.500
3868,63,255,1221.135,815.706
3869,56,255,1360.196,815.036
3870,50,255,1522.480,815.080
3871,42,255,24.690,816.095
3872,65,255,230.608,816.577
3873,59,255,343.076,816.110
3874,85,255,540.865,817.724
3875,70,255,620.543,815.729
3876,32,255,667.000,814.438
3877,25,255,133.540,816.100
3878,72,255,886.833,817.319
3879,86,255,1130.384,820.349
3880,34,255,1190.206,816.059
3881,72,255,1288.236,819.653
3882,34,255,1331.206,816.000
3883,95,255,1548.868,818.447
3884,39,255,274.090,817.910
3885,49,255,430.622,817.949
3886,46,255,953.174,817.609
3887,55,255,68.500,818.682
3888,23,255,210.674,817.717
3889,51,255,261.363,818.716
3890,22,255,467.864,818.227
3891,37,255,656.365,818.635
3892,36,255,1426.306,818.889
3893,59,255,1434.975,819.144
3894,40,255,149.475,819.375
3895,50,255,354.000,819.600
3896,96,255,412.104,821.073
3897,49,255,807.459,820.133
3898,40,255,1021.600,819.700
3899,48,255,1071.458,819.979
3900,70,255,1253.200,820.757
3901,92,255,1577.196,823.989
3902,64,255,197.906,820.562
3903,26,255,315.769,819.115
3904,27,255,818.796,819.870
3905,49,255,984.439,820.500
3906,73,255,1316.363,822.089
3907,40,255,370.875,820.775
3908,47,255,521.011,821.670
3909,29,255,83.293,821.500
3910,48,255,118.562,824.792
3911,57,255,628.360,822.605
3912,121,255,693.682,824.583
3913,40,255,916.550,822.175
3914,46,255,1342.391,822.109
3915,69,255,1449.080,823.399
3916,75,255,1463.407,823.740
3917,21,255,1490.643,820.881
3918,27,255,1597.241,821.426
3919,23,255,614.022,822.761
3920,41,255,786.500,823.744
3921,69,255,1184.196,824.761
3922,27,255,1199.611,822.981
3923,69,255,1563.645,824.688
3924,59,255,188.008,825.958
3925,43,255,501.221,824.826
3926,89,255,533.410,827.478
3927,61,255,1230.582,824.844
3928,31,255,129.113,824.887
3929,62,255,322.548,827.403
3930,97,255,676.119,826.149
3931,71,255,752.331,825.838
3932,40,255,799.075,826.275
3933,68,255,853.853,826.529
3934,43,255,909.453,825.663
3935,44,255,1051.750,825.273
3936,38,255,1106.342,825.711
3937,38,255,47.947,826.211
3938,62,255,297.177,828.194
3939,76,255,389.947,828.053
3940,79,255,467.411,827.652
3941,33,255,599.136,825.621
3942,35,255,722.129,826.729
3943,41,255,739.841,826.354
3944,69,255,936.775,827.529
3945,36,255,2.611,827.778
3946,38,255,211.658,828.526
3947,48,255,278.000,828.000
3948,44,255,333.045,827.545
3949,100,255,553.800,830.070
3950,52,255,572.885,827.981
3951,106,255,775.264,832.189
3952,23,255,842.109,826.978
3953,41,255,1216.622,828.061
3954,47,255,13.309,828.160
3955,69,255,59.964,829.399
3956,58,255,235.603,828.793
3957,51,255,832.657,829.108
3958,66,255,956.136,829.121
3959,119,255,1147.458,830.945
3960,55,255,1268.336,829.445
3961,23,255,1471.891,828.848
3962,97,255,171.098,831.067
3963,120,255,403.500,832.842
3964,145,255,817.334,833.066
3965,56,255,977.304,829.393
3966,29,255,1124.397,829.638
3967,29,255,1205.086,829.397
3968,66,255,1508.288,830.333
3969,53,255,139.349,830.877
3970,34,255,156.118,829.735
3971,50,255,266.920,831.280
3972,26,255,310.808,829.346
3973,21,255,988.357,829.357
3974,59,255,200.669,832.008
3975,50,255,585.200,831.780
3976,32,255,763.344,831.844
3977,56,255,1292.946,833.089
3978,68,255,1361.029,832.382
3979,45,255,22.100,833.211
3980,47,255,712.862,833.543
3981,79,255,1091.652,833.500
3982,26,255,1115.077,832.308
3983,40,255,1164.875,832.000
3984,83,255,1413.392,833.404
3985,55,255,1525.573,832.045
3986,41,255,1542.915,833.159
3987,62,255,487.726,833.516
3988,54,255,1276.222,833.222
3989,44,255,1320.250,833.591
3990,45,255,596.456,834.389
3991,66,255,640.242,836.303
3992,30,255,666.233,834.000
3993,53,255,879.142,834.651
3994,40,255,914.800,834.675
3995,67,255,961.993,835.858
3996,52,255,1476.212,835.558
3997,70,255,1591.071,835.257
3998,50,255,154.580,837.520
3999,55,255,626.755,835.500
4000,85,255,1000.453,837.571
4001,60,255,40.550,837.217
4002,39,255,337.705,836.321
4003,42,255,650.571,836.238
4004,55,255,722.736,836.700
4005,76,255,1026.658,837.355
4006,49,255,1182.071,836.827
4007,48,255,1488.188,836.875
4008,35,255,305.414,837.671
4009,103,255,367.811,839.092
4010,48,255,687.604,837.646
4011,106,255,897.009,837.698
4012,65,255,98.515,838.792
4013,37,255,353.716,838.716
4014,45,255,416.078,838.944
4015,111,255,459.626,840.743
4016,74,255,606.000,841.405
4017,20,255,804.950,836.850
4018,85,255,75.606,840.782
4019,30,255,514.000,838.367
4020,84,255,836.881,839.726
4021,84,255,1108.143,841.488
4022,35,255,63.814,840.757
4023,83,255,429.139,841.801
4024,62,255,443.532,842.823
4025,41,255,542.915,840.817
4026,116,255,1061.457,843.569
4027,37,255,1140.554,839.824
4028,54,255,1305.926,841.722
4029,44,255,169.045,841.705
4030,41,255,185.817,842.037
4031,39,255,219.628,841.372
4032,48,255,574.250,841.312
4033,32,255,785.531,841.406
4034,27,255,854.093,840.685
4035,51,255,1006.912,842.225
4036,36,255,1095.639,841.833
4037,100,255,1505.370,841.990
4038,24,255,2.250,842.375
4039,41,255,144.939,842.134
4040,58,255,262.259,843.207
4041,95,255,288.342,843.837
4042,45,255,325.233,842.189
4043,78,255,497.641,844.051
4044,111,255,1167.032,845.779
4045,46,255,1389.283,843.196
4046,135,255,1423.885,846.559
4047,26,255,25.038,842.346
4048,59,255,675.432,844.042
4049,62,255,1077.565,844.452
4050,33,255,1118.803,843.742
4051,49,255,312.908,843.990
4052,36,255,848.306,844.500
4053,37,255,865.797,844.635
4054,23,255,875.761,843.630
4055,70,255,1465.043,845.943
4056,69,255,1567.703,845.645
4057,71,255,120.641,846.486
4058,50,255,131.960,846.160
4059,50,255,244.480,846.260
4060,55,255,274.191,845.500
4061,53,255,797.689,845.330
4062,111,255,1186.635,847.743
4063,29,255,1211.603,845.052
4064,65,255,1540.654,845.977
4065,51,255,388.029,847.422
4066,67,255,509.276,849.530
4067,66,255,762.515,847.561
4068,38,255,904.763,846.711
4069,76,255,1016.395,849.303
4070,49,255,1143.969,847.194
4071,28,255,1240.429,845.607
4072,125,255,1589.220,850.796
4073,30,255,36.467,847.600
4074,102,255,97.186,850.843
4075,54,255,225.352,850.889
4076,76,255,333.105,849.447
4077,91,255,726.610,849.379
4078,132,255,748.379,851.205
4079,42,255,915.286,848.476
4080,35,255,1203.414,848.071
4081,56,255,1319.625,848.893
4082,37,255,208.932,849.743
4083,28,255,351.893,848.750
4084,60,255,360.717,850.183
4085,54,255,923.759,850.500
4086,63,255,1027.833,851.516
4087,27,255,1402.093,848.574
4088,43,255,54.616,850.616
4089,20,255,71.350,850.000
4090,86,255,114.256,854.884
4091,68,255,557.015,850.897
4092,61,255,596.828,851.352
4093,34,255,809.735,850.029
4094,56,255,838.750,851.089
4095,51,255,1280.029,851.010
4096,72,255,1289.750,852.069
4097,23,255,1338.022,849.891
4098,33,255,284.318,851.258
4099,68,255,476.706,851.676
4100,20,255,689.550,850.500
4101,45,255,886.856,851.189
4102,86,255,1125.953,853.512
4103,44,255,1215.023,851.545
4104,63,255,3.563,853.437
4105,79,255,43.032,856.095
4106,36,255,199.611,852.833
4107,31,255,236.048,852.694
4108,43,255,458.826,851.849
4109,52,255,829.885,853.154
4110,42,255,931.524,852.690
4111,53,255,1395.142,853.368
4112,105,255,1524.424,855.071
4113,44,255,22.659,853.250
4114,31,255,489.435,853.145
4115,41,255,520.671,853.500
4116,22,255,533.591,852.409
4117,45,255,943.056,853.456
4118,43,255,1040.872,853.128
4119,27,255,1243.907,853.167
4120,62,255,1343.645,853.968
4121,60,255,1503.900,853.700
4122,39,255,156.936,854.705
4123,53,255,310.708,854.764
4124,50,255,787.000,854.200
4125,81,255,962.846,856.340
4126,77,255,1102.643,855.383
4127,63,255,181.976,856.056
4128,42,255,1356.595,856.333
4129,77,255,138.942,857.084
4130,42,255,256.524,856.357
4131,37,255,466.608,856.473
4132,41,255,497.915,856.134
4133,85,255,801.041,858.465
4134,32,255,865.656,855.875
4135,42,255,1052.000,856.000
4136,40,255,1151.375,856.650
4137,72,255,1484.556,857.667
4138,39,255,31.705,857.731
4139,52,255,219.558,857.615
4140,76,255,613.461,858.105
4141,119,255,980.063,860.130
4142,38,255,1253.868,857.632
4143,34,255,167.500,858.000
4144,122,255,851.713,863.426
4145,23,255,1034.152,857.022
4146,44,255,1173.295,858.341
4147,23,255,1203.109,857.413
4148,72,255,409.583,860.625
4149,64,255,585.188,860.391
4150,130,255,658.731,861.677
4151,47,255,777.351,859.691
4152,54,255,914.611,860.204
4153,45,255,1214.078,859.544
4154,66,255,1448.485,860.045
4155,81,255,378.377,860.525
4156,54,255,393.630,860.833
4157,61,255,688.287,862.041
4158,51,255,888.775,859.951
4159,149,255,1070.346,861.883
4160,33,255,1161.561,860.136
4161,51,255,1368.343,860.520
4162,130,255,1550.631,864.054
4163,80,255,289.375,862.625
4164,51,255,358.284,861.225
4165,117,255,542.415,864.415
4166,151,255,570.785,865.136
4167,101,255,1406.005,863.995
4168,76,255,267.592,863.592
4169,29,255,1265.017,863.155
4170,49,255,1380.194,862.806
4171,43,255,199.035,863.570
4172,71,255,485.683,863.965
4173,50,255,724.440,863.920
4174,69,255,995.558,864.268
4175,33,255,1237.530,862.682
4176,25,255,1343.740,862.620
4177,54,255,1568.981,864.000
4178,72,255,21.139,866.458
4179,63,255,174.246,865.278
4180,35,255,309.014,864.300
4181,31,255,325.629,864.532
4182,59,255,738.856,864.890
4183,106,255,821.038,864.802
4184,23,255,1021.283,863.587
4185,92,255,1133.870,866.620
4186,77,255,1185.617,865.539
4187,72,255,1593.014,866.306
4188,34,255,138.794,865.000
4189,38,255,235.632,866.079
4190,76,255,334.513,867.592
4191,79,255,590.348,867.462
4192,72,255,867.806,866.486
4193,43,255,1253.616,865.895
4194,35,255,1391.071,865.557
4195,96,255,65.615,868.760
4196,54,255,460.833,867.037
4197,21,255,602.310,865.643
4198,64,255,768.203,867.734
4199,38,255,1032.816,866.026
4200,62,255,1094.290,867.274
4201,32,255,1580.156,866.875
4202,20,255,86.100,866.150
4203,37,255,698.311,867.230
4204,23,255,714.717,866.674
4205,50,255,835.180,868.400
4206,97,255,1284.799,869.655
4207,43,255,1431.872,867.291
4208,36,255,448.500,867.750
4209,39,255,495.038,868.141
4210,56,255,751.357,868.875
4211,65,255,893.238,868.946
4212,28,255,1012.643,868.107
4213,55,255,43.882,870.355
4214,53,255,114.481,869.802
4215,24,255,131.375,869.292
4216,59,255,467.093,870.788
4217,43,255,1081.988,869.849
4218,35,255,1169.871,868.614
4219,20,255,1270.200,869.000
4220,32,255,1561.000,870.625
4221,28,255,75.250,870.857
4222,68,255,88.294,873.353
4223,46,255,375.304,871.087
4224,52,255,392.519,870.692
4225,59,255,411.195,871.263
4226,50,255,616.700,871.340
4227,80,255,812.875,874.513
4228,49,255,916.500,871.663
4229,37,255,1527.365,871.635
4230,47,255,32.181,872.521
4231,138,255,317.884,875.572
4232,90,255,934.956,873.644
4233,46,255,1148.696,872.435
4234,48,255,1417.938,873.458
4235,48,255,1492.771,872.458
4236,60,255,273.833,873.817
4237,69,255,350.688,874.572
4238,47,255,643.202,873.457
4239,101,255,950.748,874.688
4240,80,255,971.650,874.462
4241,71,255,1046.035,874.345
4242,29,255,142.017,874.397
4243,46,255,198.848,873.826
4244,32,255,402.438,874.781
4245,80,255,1111.450,875.712
4246,29,255,1207.879,874.017
4247,84,255,1241.738,875.810
4248,51,255,1312.520,874.382
4249,23,255,1358.283,873.630
4250,38,255,1429.342,874.079
4251,75,255,1515.207,876.060
4252,70,255,521.014,876.714
4253,76,255,537.395,876.513
4254,29,255,655.328,874.500
4255,37,255,1124.797,875.662
4256,79,255,1160.108,878.930
4257,48,255,2.583,879.229
4258,37,255,425.230,875.527
4259,57,255,479.377,876.711
4260,30,255,557.300,876.033
4261,82,255,1020.037,877.841
4262,27,255,1481.796,875.500
4263,54,255,165.056,877.944
4264,112,255,236.464,880.098
4265,45,255,286.744,877.256
4266,34,255,451.676,876.647
4267,92,255,701.641,878.207
4268,66,255,740.697,878.258
4269,42,255,1397.429,877.310
4270,23,255,1437.239,877.065
4271,45,255,364.589,878.700
4272,42,255,846.000,878.690
4273,34,255,1328.000,878.500
4274,65,255,18.377,880.546
4275,24,255,595.000,878.500
4276,46,255,605.413,879.348
4277,61,255,890.926,880.336
4278,22,255,1171.409,878.864
4279,70,255,51.014,881.771
4280,38,255,112.368,880.000
4281,75,255,156.793,881.420
4282,86,255,302.314,882.837
4283,53,255,336.745,880.387
4284,27,255,634.500,880.019
4285,51,255,767.167,880.598
4286,45,255,1408.744,880.789
4287,79,255,1476.804,882.222
4288,84,255,1553.583,881.976
4289,41,255,38.622,881.524
4290,109,255,97.683,884.885
4291,142,255,918.035,886.444
4292,47,255,1009.202,881.840
4293,35,255,1180.843,881.157
4294,34,255,1461.647,881.029
4295,46,255,780.065,882.609
4296,62,255,824.032,883.371
4297,103,255,1072.985,884.976
4298,43,255,1537.709,882.756
4299,57,255,136.289,884.868
4300,69,255,663.848,884.036
4301,72,255,878.319,884.361
4302,56,255,1090.161,884.179
4303,42,255,1129.452,883.452
4304,63,255,1221.770,883.865
4305,28,255,1305.036,882.571
4306,42,255,1357.524,882.833
4307,69,255,206.949,885.051
4308,129,255,1148.469,887.159
4309,55,255,1191.918,885.045
4310,48,255,1371.771,887.375
4311,88,255,83.045,887.034
4312,52,255,379.712,885.500
4313,132,255,415.402,887.174
4314,38,255,760.447,887.053
4315,94,255,944.979,886.106
4316,98,255,1028.582,888.969
4317,52,255,1319.712,886.308
4318,31,255,1453.565,885.274
4319,86,255,269.047,887.256
4320,67,255,568.709,887.470
4321,67,255,636.649,886.545
4322,96,255,680.625,888.125
4323,76,255,720.947,888.605
4324,29,255,896.362,886.914
4325,54,255,1042.000,888.889
4326,40,255,1108.525,887.175
4327,74,255,1570.662,888.514
4328,121,255,117.756,890.310
4329,58,255,284.845,889.034
4330,43,255,579.291,888.756
4331,79,255,795.677,889.665
4332,45,255,837.544,888.056
4333,20,255,959.800,886.900
4334,153,255,977.160,892.212
4335,79,255,1256.222,891.222
4336,58,255,1531.845,890.086
4337,119,255,250.466,893.777
4338,32,255,332.938,889.906
4339,54,255,344.204,890.444
4340,90,255,441.056,893.267
4341,59,255,503.381,891.856
4342,141,255,998.869,894.755
4343,46,255,1061.783,890.761
4344,96,255,1236.812,892.792
4345,69,255,1335.109,892.181
4346,48,255,3.083,891.771
4347,36,255,515.667,890.972
4348,55,255,848.518,892.518
4349,76,255,859.316,893.461
4350,105,255,1471.690,894.814
4351,98,255,1583.643,892.908
4352,43,255,58.756,893.314
4353,37,255,1287.527,892.257
4354,28,255,1520.000,891.500
4355,28,255,483.036,893.036
4356,29,255,597.534,891.948
4357,35,255,1163.443,892.929
4358,37,255,1213.122,893.257
4359,23,255,1223.065,892.674
4360,88,255,1273.000,894.375
4361,39,255,1448.192,893.500
4362,42,255,194.095,894.214
4363,25,255,227.460,893.100
4364,22,255,743.000,894.000
4365,86,255,876.965,894.372
4366,45,255,1366.589,894.144
4367,52,255,169.288,895.404
4368,63,255,379.754,895.071
4369,41,255,451.402,895.378
4370,65,255,627.823,896.115
4371,66,255,781.530,895.545
4372,60,255,827.517,895.300
4373,99,255,1183.985,897.783
4374,40,255,1405.225,895.225
4375,71,255,206.669,897.331
4376,53,255,1118.670,897.009
4377,73,255,1389.966,897.541
4378,67,255,143.634,897.918
4379,51,255,1350.422,897.912
4380,149,255,92.674,901.473
4381,58,255,157.621,898.966
4382,63,255,351.881,899.087
4383,67,255,528.754,899.321
4384,88,255,704.636,899.784
4385,43,255,894.942,897.942
4386,27,255,1296.352,898.130
4387,57,255,1492.465,898.991
4388,116,255,21.802,902.638
4389,41,255,414.841,899.159
4390,97,255,686.541,902.139
4391,50,255,229.960,900.400
4392,31,255,517.984,901.177
4393,48,255,550.062,901.042
4394,34,255,560.765,900.147
4395,80,255,953.712,900.850
4396,33,255,1106.621,900.621
4397,36,255,1504.306,900.972
4398,20,255,582.450,900.250
4399,102,255,646.922,902.157
4400,38,255,1050.263,901.000
4401,84,255,1072.083,902.917
4402,56,255,1431.446,901.750
4403,62,255,55.903,902.887
4404,113,255,600.296,905.040
4405,50,255,1131.860,902.840
4406,36,255,511.667,903.583
4407,76,255,1415.118,904.645
4408,64,255,42.859,905.766
4409,48,255,189.938,903.771
4410,89,255,288.893,905.860
4411,72,255,537.806,906.361
4412,74,255,802.338,905.095
4413,58,255,1337.810,905.155
4414,64,255,1533.562,904.312
4415,31,255,132.790,904.952
4416,47,255,301.755,906.564
4417,96,255,667.010,908.042
4418,111,255,1310.032,906.887
4419,31,255,1577.984,904.661
4420,41,255,8.646,906.915
4421,51,255,146.284,906.029
4422,45,255,244.278,905.811
4423,35,255,421.929,906.671
4424,111,255,443.320,907.554
4425,33,255,590.227,906.258
4426,25,255,786.540,905.420
4427,99,255,827.753,907.601
4428,66,255,843.485,907.727
4429,32,255,1141.562,905.938
4430,37,255,1213.743,906.122
4431,23,255,1253.413,905.630
4432,36,255,1265.417,906.361
4433,111,255,109.221,909.770
4434,92,255,332.565,909.348
4435,109,255,366.674,911.601
4436,79,255,491.006,908.475
4437,25,255,894.620,906.420
4438,46,255,980.283,907.957
4439,46,255,1445.696,907.565
4440,98,255,477.112,910.602
4441,57,255,912.535,908.307
4442,52,255,1034.327,909.077
4443,85,255,1047.429,909.724
4444,78,255,1460.410,909.462
4445,26,255,1585.846,908.269
4446,169,255,170.453,913.873
4447,49,255,196.480,910.276
4448,50,255,409.220,909.240
4449,42,255,578.881,910.048
4450,28,255,1099.857,908.821
4451,41,255,1166.939,909.939
4452,86,255,941.930,910.709
4453,53,255,1013.500,910.764
4454,46,255,1082.457,911.174
4455,55,255,1200.627,910.482
4456,61,255,1513.041,911.205
4457,72,255,347.222,912.250
4458,37,255,726.230,911.014
4459,50,255,764.340,912.060
4460,49,255,1156.500,912.112
4461,75,255,1173.687,914.153
4462,71,255,1546.176,912.134
4463,36,255,323.111,913.111
4464,49,255,514.357,912.378
4465,60,255,623.300,912.650
4466,74,255,741.297,913.108
4467,98,255,779.755,913.724
4468,31,255,958.403,911.823
4469,77,255,1289.916,913.838
4470,70,255,229.386,913.400
4471,33,255,416.318,913.197
4472,30,255,1070.233,912.533
4473,107,255,1230.416,915.173
4474,102,255,1572.951,914.676
4475,109,255,213.546,917.353
4476,41,255,861.573,914.646
4477,51,255,1109.304,914.990
4478,31,255,1140.532,913.823
4479,56,255,1352.500,914.571
4480,79,255,1384.968,917.323
4481,43,255,525.430,914.895
4482,35,255,849.700,915.043
4483,72,255,874.486,915.903
4484,40,255,1101.475,915.675
4485,52,255,53.519,917.250
4486,80,255,147.613,917.200
4487,41,255,428.329,917.134
4488,117,255,895.791,917.688
4489,61,255,925.861,916.566
4490,157,255,1257.812,920.035
4491,46,255,1373.935,918.370
4492,76,255,807.711,918.066
4493,52,255,825.115,916.788
4494,77,255,969.539,918.422
4495,73,255,1121.308,919.034
4496,24,255,1405.542,916.625
4497,22,255,991.818,917.545
4498,34,255,1364.588,918.765
4499,70,255,1298.714,921.843
4500,38,255,1315.316,918.974
4501,81,255,1595.142,921.327
4502,103,255,188.238,924.529
4503,45,255,938.144,920.322
4504,50,255,952.400,920.260
4505,43,255,1041.709,919.849
4506,45,255,1133.233,920.767
4507,49,255,280.622,921.622
4508,24,255,630.625,920.458
4509,57,255,721.570,922.798
4510,33,255,1053.652,921.621
4511,88,255,1083.659,922.125
4512,48,255,1418.292,921.417
4513,79,255,1491.829,922.373
4514,46,255,1545.652,921.174
4515,85,255,1560.606,923.888
4516,85,255,39.794,924.571
4517,36,255,290.889,922.361
4518,72,255,485.694,921.806
4519,33,255,1063.985,921.955
4520,41,255,729.476,923.768
4521,86,255,1148.605,924.395
4522,99,255,1190.278,924.258
4523,77,255,1447.266,924.825
4524,45,255,907.278,924.389
4525,64,255,1525.984,924.703
4526,25,255,330.660,924.540
4527,21,255,1162.500,924.500
4528,38,255,1461.158,926.132
4529,57,255,429.535,926.518
4530,49,255,780.806,926.316
4531,46,255,821.348,926.087
4532,57,255,967.640,927.570
4533,53,255,124.991,927.160
4534,35,255,246.843,926.729
4535,51,255,539.951,928.265
4536,37,255,569.608,928.284
4537,32,255,627.344,927.844
4538,116,255,850.086,930.414
4539,24,255,1022.708,927.917
4540,41,255,1097.793,928.232
4541,79,255,1277.968,929.297
4542,52,255,305.923,930.558
4543,63,255,316.627,930.262
4544,59,255,356.771,930.992
4545,47,255,639.755,929.947
4546,53,255,1011.217,930.142
4547,95,255,1113.500,930.795
4548,47,255,19.372,931.202
4549,43,255,106.872,930.174
4550,52,255,151.827,930.519
4551,52,255,276.135,931.423
4552,60,255,515.767,931.683
4553,102,255,656.471,931.980
4554,45,255,793.567,929.944
4555,58,255,917.569,931.000
4556,37,255,1002.797,930.473
4557,66,255,1471.182,931.500
4558,63,255,8.532,932.643
4559,49,255,399.582,930.949
4560,58,255,459.741,931.897
4561,32,255,617.500,930.844
4562,48,255,764.750,930.688
4563,72,255,881.792,931.778
4564,43,255,983.616,931.849
4565,90,255,1030.478,933.633
4566,49,255,1055.929,931.867
4567,40,255,1331.725,932.600
4568,65,255,1397.192,932.054
4569,30,255,1577.833,931.033
4570,71,255,198.979,932.810
4571,55,255,416.482,933.136
4572,69,255,867.080,932.862
4573,20,255,942.250,931.450
4574,105,255,1208.490,934.614
4575,33,255,97.439,933.773
4576,48,255,714.292,933.562
4577,20,255,753.550,932.400
4578,57,255,1073.974,934.202
4579,55,255,1511.755,933.973
4580,60,255,1558.350,934.200
4581,46,255,61.326,934.000
4582,106,255,136.906,936.774
4583,72,255,369.972,934.569
4584,48,255,672.979,933.729
4585,105,255,692.881,935.757
4586,22,255,893.273,932.909
4587,32,255,1137.562,933.938
4588,45,255,1150.744,934.611
4589,44,255,1409.136,934.568
4590,52,255,1480.019,936.596
4591,136,255,79.978,939.368
4592,55,255,576.827,935.955
4593,50,255,588.400,935.700
4594,31,255,1246.210,935.048
4595,111,255,1438.761,937.473
4596,44,255,296.750,936.955
4597,57,255,549.886,936.254
4598,35,255,630.529,936.186
4599,47,255,1093.734,937.053
4600,20,255,1363.250,935.450
4601,51,255,106.696,937.892
4602,42,255,167.000,939.429
4603,33,255,247.348,937.652
4604,58,255,729.655,937.879
4605,47,255,738.394,938.287
4606,55,255,1185.536,937.718
4607,27,255,1262.463,936.278
4608,56,255,339.196,938.375
4609,80,255,799.625,938.725
4610,29,255,1585.672,937.603
4611,79,255,443.551,940.196
4612,39,255,614.423,939.654
4613,36,255,948.833,938.944
4614,59,255,1045.280,939.195
4615,28,255,323.143,939.714
4616,48,255,403.458,940.812
4617,57,255,890.482,941.061
4618,39,255,997.141,940.474
4619,25,255,176.220,941.700
4620,50,255,599.640,942.100
4621,41,255,681.183,941.622
4622,57,255,750.816,941.254
4623,36,255,823.583,940.611
4624,20,255,850.200,940.000
4625,76,255,959.987,944.461
4626,63,255,986.643,942.960
4627,20,255,1102.950,940.650
4628,44,255,1119.000,941.318
4629,81,255,1165.204,942.549
4630,21,255,1228.690,939.929
4631,21,255,1348.262,940.786
4632,43,255,1543.616,941.616
4633,64,255,3.703,944.672
4634,21,255,183.500,941.357
4635,88,255,1371.034,942.614
4636,73,255,1503.884,943.062
4637,71,255,207.979,945.092
4638,52,255,256.423,943.462
4639,33,255,391.106,942.530
4640,47,255,485.394,943.543
4641,49,255,511.969,944.071
4642,46,255,902.435,943.022
4643,55,255,1080.536,943.755
4644,62,255,1140.629,946.726
4645,26,255,1305.885,944.346
4646,22,255,1111.000,943.136
4647,44,255,1199.364,945.250
4648,32,255,1313.812,944.312
4649,21,255,1428.500,943.500
4650,38,255,199.895,945.526
4651,52,255,526.077,944.135
4652,54,255,588.093,945.667
4653,62,255,763.323,945.403
4654,29,255,790.741,944.466
4655,46,255,1026.304,945.196
4656,49,255,1233.276,945.867
4657,41,255,1254.427,945.963
4658,77,255,1580.006,947.136
4659,40,255,501.550,946.250
4660,38,255,623.658,946.263
4661,99,255,830.399,949.217
4662,38,255,1016.184,946.711
4663,38,255,1266.789,945.895
4664,65,255,276.054,947.623
4665,71,255,664.261,947.289
4666,36,255,852.611,947.611
4667,39,255,946.372,947.808
4668,45,255,976.144,947.678
4669,33,255,1037.985,947.258
4670,52,255,1280.000,948.000
4671,54,255,1401.870,948.778
4672,51,255,1556.265,947.716
4673,45,255,234.833,948.300
4674,24,255,294.833,946.833
4675,65,255,1531.608,949.054
4676,73,255,421.048,949.637
4677,67,255,649.022,949.590
4678,42,255,683.024,949.286
4679,73,255,1386.582,950.705
4680,48,255,69.396,950.208
4681,74,255,332.554,951.541
4682,84,255,845.024,952.345
4683,115,255,910.813,951.717
4684,22,255,1245.409,949.545
4685,33,255,606.318,950.682
4686,29,255,617.534,951.155
4687,63,255,808.849,952.500
4688,61,255,1154.074,951.680
4689,75,255,1194.073,952.953
4690,57,255,1327.816,952.254
4691,51,255,1338.480,953.775
4692,87,255,1469.879,952.155
4693,45,255,362.411,952.478
4694,42,255,451.357,951.714
4695,40,255,525.500,951.000
4696,56,255,556.482,951.982
4697,58,255,633.914,952.776
4698,70,255,1514.829,953.371
4699,63,255,91.643,953.548
4700,52,255,438.654,953.731
4701,93,255,479.102,953.167
4702,68,255,574.324,953.662
4703,32,255,708.594,952.438
4704,57,255,734.044,954.272
4705,60,255,744.983,953.883
4706,53,255,462.538,954.462
4707,38,255,493.868,953.868
4708,103,255,1065.772,955.617
4709,31,255,1416.177,954.597
4710,57,255,698.132,957.325
4711,93,255,762.489,956.070
4712,58,255,783.276,955.034
4713,37,255,792.878,954.743
4714,72,255,43.194,957.181
4715,65,255,299.285,956.362
4716,25,255,1134.700,955.660
4717,47,255,1225.032,956.564
4718,66,255,1263.788,957.818
4719,64,255,1290.938,957.109
4720,55,255,107.445,957.427
4721,51,255,402.775,957.500
4722,95,255,1447.995,960.300
4723,69,255,12.775,959.833
4724,38,255,239.211,958.079
4725,40,255,600.650,957.800
4726,31,255,612.371,958.081
4727,65,255,668.746,957.885
4728,82,255,1049.159,959.890
4729,50,255,523.620,958.260
4730,54,255,713.556,959.907
4731,23,255,1183.239,958.543
4732,35,255,1363.329,959.186
4733,98,255,1487.918,961.806
4734,76,255,1561.079,960.579
4735,40,255,1598.150,962.625
4736,53,255,899.991,960.821
4737,37,255,1371.176,960.932
4738,44,255,175.955,961.614
4739,52,255,246.192,962.250
4740,26,255,385.154,961.423
4741,42,255,391.786,962.000
4742,46,255,1590.109,961.957
4743,35,255,363.929,962.214
4744,45,255,375.100,962.389
4745,25,255,591.100,961.460
4746,57,255,1150.412,961.746
4747,62,255,1546.387,963.097
4748,89,255,436.657,964.107
4749,53,255,580.538,963.764
4750,45,255,746.833,963.833
4751,72,255,840.667,963.667
4752,22,255,861.545,962.591
4753,29,255,1240.672,962.776
4754,42,255,67.667,963.595
4755,72,255,135.194,963.764
4756,30,255,185.433,963.433
4757,31,255,512.597,962.952
4758,57,255,801.921,964.430
4759,85,255,868.218,967.088
4760,57,255,1101.675,963.430
4761,47,255,1122.862,965.138
4762,30,255,1251.533,964.067
4763,38,255,1386.289,964.789
4764,65,255,1425.531,965.592
4765,50,255,349.040,964.440
4766,35,255,414.700,964.700
4767,25,255,698.220,964.580
4768,34,255,884.029,964.471
4769,60,255,1134.567,966.300
4770,126,255,1322.286,968.262
4771,90,255,1505.722,967.444
4772,42,255,56.762,966.571
4773,45,255,105.100,966.300
4774,49,255,221.806,965.969
4775,26,255,530.615,965.769
4776,56,255,610.607,966.054
4777,54,255,678.741,966.685
4778,55,255,960.082,966.736
4779,57,255,996.570,966.044
4780,155,255,1524.965,971.526
4781,36,255,164.361,966.889
4782,27,255,404.685,966.537
4783,55,255,488.173,968.264
4784,41,255,973.622,967.134
4785,55,255,1183.718,966.882
4786,41,255,1475.476,968.280
4787,57,255,307.447,967.956
4788,25,255,498.460,967.740
4789,50,255,626.380,968.620
4790,29,255,639.672,967.534
4791,31,255,653.210,967.371
4792,33,255,663.924,967.439
4793,58,255,762.207,968.828
4794,33,255,1260.591,968.258
4795,34,255,1292.706,968.441
4796,26,255,119.346,968.731
4797,33,255,268.591,969.106
4798,43,255,773.570,969.291
4799,41,255,856.085,969.695
4800,73,255,923.144,970.185
4801,52,255,1013.519,970.000
4802,34,255,1358.176,968.412
4803,50,255,1395.640,970.100
4804,23,255,456.587,968.978
4805,79,255,479.804,972.994
4806,47,255,1222.351,969.691
4807,55,255,203.827,971.264
4808,36,255,282.694,971.000
4809,32,255,439.531,971.562
4810,75,255,505.740,973.927
4811,60,255,824.917,971.850
4812,126,255,1572.484,974.357
4813,77,255,735.331,973.994
4814,82,255,946.427,973.488
4815,67,255,1112.022,974.276
4816,48,255,1166.479,973.042
4817,35,255,47.529,972.671
4818,109,255,796.711,976.950
4819,27,255,1005.722,972.648
4820,23,255,1060.109,972.717
4821,44,255,62.682,974.409
4822,44,255,379.955,973.818
4823,55,255,569.118,974.682
4824,52,255,584.365,974.058
4825,24,255,672.417,972.875
4826,41,255,810.061,975.037
4827,49,255,903.112,973.867
4828,39,255,1556.244,974.013
4829,71,255,12.218,975.669
4830,34,255,154.029,974.471
4831,114,255,222.149,980.219
4832,39,255,555.346,974.500
4833,71,255,722.345,976.458
4834,46,255,890.000,974.500
4835,80,255,1027.713,975.375
4836,43,255,1099.058,975.756
4837,45,255,1411.078,975.700
4838,25,255,142.900,975.460
4839,39,255,242.500,975.936
4840,28,255,702.607,975.429
4841,67,255,1077.545,977.052
4842,72,255,1179.750,978.681
4843,27,255,1546.500,976.500
4844,50,255,36.300,977.260
4845,31,255,135.306,976.855
4846,73,255,367.705,979.363
4847,61,255,428.451,977.369
4848,67,255,1468.784,978.410
4849,56,255,1486.036,978.839
4850,40,255,967.675,977.950
4851,48,255,980.354,977.917
4852,32,255,1150.312,977.750
4853,33,255,386.803,978.652
4854,28,255,517.321,979.714
4855,35,255,648.986,979.271
4856,51,255,857.049,979.814
4857,57,255,1344.798,981.219
4858,93,255,1596.876,983.027
4859,42,255,2.190,983.119
4860,24,255,1200.917,979.125
4861,51,255,1217.088,981.186
4862,76,255,1306.921,980.987
4863,23,255,1419.674,979.804
4864,31,255,187.145,980.758
4865,73,255,496.747,982.952
4866,64,255,602.875,982.469
4867,46,255,619.152,981.000
4868,37,255,632.257,981.176
4869,60,255,748.250,981.250
4870,50,255,820.380,980.660
4871,30,255,866.100,981.900
4872,73,255,1162.171,982.459
4873,60,255,1226.267,981.600
4874,47,255,1355.968,981.521
4875,82,255,689.500,984.110
4876,53,255,908.274,982.840
4877,56,255,1001.125,982.179
4878,53,255,1428.255,983.708
4879,77,255,1497.942,983.786
4880,31,255,65.661,982.500
4881,49,255,175.908,982.480
4882,36,255,591.694,983.306
4883,75,255,1068.833,985.260
4884,94,255,1284.234,986.468
4885,53,255,76.953,984.708
4886,86,255,95.663,987.209
4887,31,255,484.081,984.274
4888,77,255,526.721,986.019
4889,47,255,1050.032,984.202
4890,63,255,1250.484,986.119
4891,44,255,1331.227,984.795
4892,33,255,1372.439,983.621
4893,30,255,1553.667,983.067
4894,48,255,239.708,985.042
4895,90,255,279.133,986.989
4896,153,255,333.402,987.788
4897,25,255,358.060,984.700
4898,53,255,577.877,984.066
4899,23,255,675.674,984.935
4900,60,255,1439.300,986.783
4901,62,255,152.661,986.323
4902,30,255,293.800,986.333
4903,59,255,312.585,985.822
4904,33,255,455.591,985.530
4905,45,255,469.722,985.811
4906,46,255,730.978,986.370
4907,20,255,874.500,985.000
4908,67,255,889.082,985.410
4909,30,255,1038.367,986.667
4910,40,255,53.700,987.125
4911,50,255,202.300,987.000
4912,56,255,394.768,988.482
4913,32,255,447.719,987.312
4914,37,255,551.500,987.500
4915,27,255,702.056,987.463
4916,44,255,924.818,987.614
4917,85,255,964.441,988.676
4918,28,255,1264.429,986.714
4919,31,255,162.758,987.565
4920,41,255,437.768,988.866
4921,50,255,635.200,988.980
4922,29,255,719.810,987.741
4923,39,255,848.833,987.833
4924,61,255,1130.910,989.008
4925,41,255,1171.549,988.768
4926,51,255,1313.480,989.029
4927,38,255,1381.474,988.711
4928,52,255,1505.981,988.942
4929,29,255,34.845,988.328
4930,36,255,1550.861,989.444
4931,45,255,112.433,989.211
4932,40,255,813.425,989.550
4933,51,255,947.284,990.010
4934,52,255,1200.038,990.538
4935,34,255,1363.500,990.000
4936,38,255,1013.868,991.079
4937,46,255,1153.370,992.000
4938,50,255,13.100,993.100
4939,47,255,186.117,991.883
4940,32,255,286.688,991.906
4941,90,255,572.822,993.933
4942,20,255,604.650,991.050
4943,102,255,1096.245,994.843
4944,111,255,1411.968,994.941
4945,40,255,1467.800,993.175
4946,59,255,1561.839,992.805
4947,56,255,650.000,993.804
4948,54,255,789.204,993.130
4949,49,255,802.214,993.786
4950,68,255,997.074,994.868
4951,61,255,1028.139,995.434
4952,45,255,1181.922,993.989
4953,63,255,1395.103,994.325
4954,39,255,130.885,992.936
4955,80,255,225.762,995.700
4956,25,255,245.740,994.020
4957,21,255,375.357,993.024
4958,77,255,670.877,995.526
4959,138,255,828.848,997.877
4960,63,255,1376.151,995.579
4961,84,255,1517.440,996.202
4962,23,255,27.674,994.152
4963,45,255,51.722,994.656
4964,43,255,473.128,995.593
4965,20,255,1428.200,993.750
4966,75,255,346.567,999.113
4967,84,255,714.310,997.857
4968,75,255,1112.260,997.673
4969,70,255,1242.443,996.971
4970,22,255,307.045,997.000
4971,106,255,408.491,999.406
4972,41,255,444.402,997.378
4973,39,255,540.397,996.910
4974,30,255,622.400,997.000
4975,57,255,759.798,999.026
4976,47,255,1132.309,997.798
4977,33,255,1346.258,998.197
4978,43,255,1458.826,998.733
4979,58,255,102.724,1003.328
4980,61,255,177.516,999.828
4981,22,255,199.409,998.455
4982,52,255,207.596,1000.154
4983,45,255,365.989,1000.478
4984,25,255,602.660,999.180
4985,44,255,686.318,1000.932
4986,50,255,950.800,999.560
4987,89,255,1531.860,1001.399
4988,116,255,62.371,1003.267
4989,136,255,116.537,1006.294
4990,67,255,136.724,1001.664
4991,65,255,155.515,1001.069
4992,38,255,511.447,1001.868
4993,24,255,910.875,1000.042
4994,20,255,1047.200,999.850
4995,34,255,1055.324,1001.324
4996,24,255,1252.375,1001.333
4997,41,255,1279.037,1001.329
4998,28,255,1424.679,1000.750
4999,57,255,1549.939,1001.833
5000,96,255,1582.812,1004.458
5001,45,255,299.544,1002.811
5002,101,255,423.064,1006.619
5003,69,255,460.790,1004.500
5004,46,255,739.413,1002.630
5005,87,255,843.546,1002.707
5006,50,255,539.140,1004.260
5007,48,255,650.312,1003.708
5008,53,255,696.406,1003.575
5009,34,255,1153.382,1001.824
5010,20,255,1205.650,1002.350
5011,23,255,1358.283,1002.587
5012,84,255,1478.262,1005.131
5013,35,255,449.643,1004.586
5014,40,255,231.575,1005.525
5015,40,255,591.000,1005.200
5016,41,255,626.598,1005.012
5017,23,255,899.587,1004.891
5018,60,255,1232.617,1006.317
5019,87,255,80.259,1007.580
5020,35,255,241.757,1006.586
5021,26,255,271.808,1005.923
5022,50,255,283.200,1007.220
5023,53,255,499.085,1006.198
5024,60,255,997.900,1005.917
5025,50,255,1437.720,1006.580
5026,109,255,20.170,1009.344
5027,55,255,39.791,1007.300
5028,45,255,1219.389,1007.944
5029,91,255,1305.060,1009.390
5030,41,255,1347.646,1007.280
5031,38,255,1375.316,1007.079
5032,50,255,1408.880,1007.440
5033,31,255,265.952,1007.823
5034,26,255,332.923,1007.269
5035,75,255,568.887,1010.247
5036,84,255,600.548,1011.810
5037,73,255,755.322,1010.048
5038,79,255,1042.323,1010.791
5039,131,255,1263.309,1011.836
5040,31,255,1319.242,1007.887
5041,76,255,1495.316,1009.276
5042,46,255,438.565,1010.435
5043,69,255,180.109,1012.964
5044,45,255,1119.633,1010.700
5045,50,255,1142.460,1009.940
5046,65,255,1162.208,1011.331
5047,84,255,1172.869,1012.298
5048,30,255,1593.167,1010.067
5049,64,255,369.031,1012.609
5050,45,255,808.678,1011.656
5051,68,255,819.662,1013.074
5052,42,255,1033.452,1012.333
5053,37,255,1083.851,1010.608
5054,21,255,1100.786,1010.452
5055,52,255,2.885,1013.750
5056,55,255,151.882,1013.027
5057,77,255,206.656,1014.084
5058,39,255,413.141,1012.628
5059,29,255,532.052,1011.914
5060,102,255,1366.549,1013.784
5061,61,255,1449.861,1013.238
5062,75,255,726.607,1015.487
5063,54,255,773.556,1014.167
5064,36,255,797.500,1013.833
5065,53,255,831.991,1013.500
5066,48,255,859.042,1012.958
5067,90,255,1186.589,1015.511
5068,94,255,137.372,1016.670
5069,44,255,247.295,1014.409
5070,54,255,662.333,1014.759
5071,27,255,965.426,1013.685
5072,24,255,973.958,1014.167
5073,47,255,1066.415,1013.777
5074,66,255,1203.924,1014.318
5075,47,255,1336.096,1014.415
5076,58,255,1531.034,1015.138
5077,47,255,314.053,1016.457
5078,65,255,474.423,1016.531
5079,87,255,548.431,1018.534
5080,48,255,984.292,1015.167
5081,73,255,1431.404,1016.281
5082,55,255,1568.373,1015.518
5083,58,255,637.879,1016.483
5084,24,255,843.750,1015.500
5085,34,255,1055.176,1015.588
5086,63,255,1287.214,1015.881
5087,33,255,1504.652,1016.076
5088,36,255,52.972,1017.528
5089,40,255,578.675,1017.375
5090,50,255,698.700,1017.540
5091,33,255,1109.258,1016.227
5092,98,255,1352.459,1020.755
5093,49,255,1008.235,1018.418
5094,33,255,1460.136,1019.773
5095,31,255,11.565,1019.887
5096,45,255,99.700,1019.922
5097,66,255,274.152,1019.697
5098,31,255,740.887,1018.661
5099,77,255,887.968,1019.916
5100,42,255,944.190,1019.690
5101,59,255,1511.720,1019.975
5102,48,255,62.646,1020.729
5103,42,255,163.571,1020.548
5104,57,255,679.377,1020.746
5105,46,255,1315.261,1020.978
5106,64,255,1389.188,1020.828
5107,47,255,290.351,1021.585
5108,46,255,530.870,1021.522
5109,35,255,799.957,1020.843
5110,49,255,1124.051,1021.357
5111,47,255,1579.479,1022.394
5112,47,255,588.096,1022.372
5113,58,255,667.552,1025.103
5114,76,255,1146.947,1023.447
5115,89,255,1591.624,1026.230
5116,36,255,847.139,1023.111
5117,27,255,1019.167,1022.130
5118,21,255,1041.119,1021.929
5119,42,255,1441.762,1023.357
5120,61,255,30.664,1024.320
5121,84,255,177.583,1027.060
5122,33,255,305.561,1024.076
5123,39,255,603.808,1024.500
5124,54,255,642.463,1024.667
5125,34,255,1063.353,1024.118
5126,28,255,1211.143,1023.214
5127,72,255,1415.861,1025.792
5128,29,255,1087.810,1024.603
5129,89,255,1104.893,1026.938
5130,70,255,1542.829,1026.200
5131,44,255,74.136,1026.455
5132,70,255,206.057,1027.514
5133,38,255,247.947,1026.605
5134,97,255,381.356,1029.490
5135,67,255,483.560,1026.321
5136,44,255,497.591,1025.773
5137,42,255,711.952,1026.786
5138,24,255,876.792,1026.208
5139,38,255,967.447,1025.868
5140,89,255,1302.152,1027.511
5141,46,255,1325.783,1026.543
5142,33,255,1568.561,1026.076
5143,90,255,220.967,1028.778
5144,45,255,740.011,1026.700
5145,37,255,1202.905,1026.932
5146,29,255,1253.121,1026.293
5147,55,255,148.009,1029.864
5148,46,255,862.217,1028.870
5149,47,255,901.032,1029.287
5150,33,255,137.712,1029.864
5151,48,255,582.812,1029.958
5152,46,255,1492.804,1030.783
5153,146,255,1557.000,1033.068
5154,56,255,8.607,1030.786
5155,70,255,120.543,1031.800
5156,33,255,462.045,1030.500
5157,75,255,544.713,1031.940
5158,25,255,769.900,1029.580
5159,56,255,823.411,1032.250
5160,48,255,1019.062,1029.708
5161,47,255,419.968,1031.223
5162,31,255,1045.919,1031.435
5163,27,255,1263.944,1030.315
5164,72,255,40.083,1033.583
5165,40,255,503.250,1032.100
5166,58,255,681.483,1032.966
5167,32,255,747.000,1031.719
5168,27,255,1056.907,1032.241
5169,59,255,1170.568,1032.975
5170,50,255,1433.520,1033.080
5171,22,255,332.227,1033.409
5172,31,255,729.081,1032.565
5173,99,255,1375.258,1034.611
5174,29,255,64.190,1034.052
5175,47,255,406.734,1033.968
5176,43,255,431.407,1034.058
5177,85,255,593.888,1036.029
5178,45,255,656.211,1034.411
5179,45,255,846.322,1034.233
5180,77,255,922.266,1036.266
5181,21,255,1512.786,1033.024
5182,67,255,960.993,1035.799
5183,52,255,667.096,1037.019
5184,58,255,713.190,1037.121
5185,73,255,805.390,1036.801
5186,46,255,982.870,1036.304
5187,37,255,1242.716,1036.176
5188,22,255,1465.864,1036.227
5189,48,255,775.250,1037.833
5190,28,255,1325.786,1036.250
5191,63,255,1477.087,1037.897
5192,31,255,549.855,1038.565
5193,78,255,628.487,1038.949
5194,41,255,750.451,1038.402
5195,42,255,829.238,1038.095
5196,66,255,1109.909,1040.682
5197,46,255,1118.587,1038.826
5198,28,255,1150.607,1037.321
5199,27,255,1253.426,1037.907
5200,52,255,446.596,1039.865
5201,49,255,792.337,1039.561
5202,48,255,1291.417,1039.354
5203,98,255,1519.653,1041.204
5204,57,255,191.395,1041.184
5205,44,255,320.591,1041.114
5206,51,255,410.225,1041.069
5207,57,255,1421.833,1040.044
5208,133,255,1576.462,1043.613
5209,40,255,70.300,1041.700
5210,46,255,246.804,1041.000
5211,52,255,487.269,1041.808
5212,21,255,565.167,1040.405
5213,61,255,881.385,1042.074
5214,30,255,1067.700,1040.900
5215,90,255,173.844,1043.678
5216,69,255,211.688,1042.761
5217,38,255,676.237,1042.421
5218,41,255,767.354,1043.256
5219,67,255,865.067,1043.649
5220,83,255,105.693,1044.078
5221,32,255,430.844,1042.188
5222,54,255,651.389,1043.333
5223,38,255,699.868,1042.974
5224,68,255,1200.882,1044.779
5225,35,255,1231.614,1042.329
5226,59,255,1361.873,1042.958
5227,122,255,1448.918,1046.238
5228,22,255,1598.318,1043.500
5229,58,255,815.672,1047.310
5230,40,255,1020.975,1044.100
5231,69,255,1085.123,1046.036
5232,49,255,1270.153,1043.643
5233,34,255,1285.559,1044.059
5234,31,255,1181.629,1044.629
5235,51,255,1489.755,1045.794
5236,79,255,1531.703,1047.411
5237,47,255,146.734,1046.053
5238,39,255,339.064,1046.141
5239,31,255,477.758,1046.113
5240,36,255,727.722,1045.972
5241,32,255,963.781,1045.469
5242,50,255,1316.380,1046.480
5243,43,255,1556.430,1046.477
5244,56,255,21.446,1047.339
5245,60,255,388.617,1048.317
5246,32,255,401.719,1047.438
5247,68,255,502.176,1048.647
5248,20,255,1428.750,1046.550
5249,41,255,58.549,1048.061
5250,35,255,833.986,1047.929
5251,35,255,1330.900,1048.014
5252,76,255,225.000,1050.197
5253,109,255,306.280,1051.537
5254,39,255,354.679,1049.167
5255,51,255,1225.814,1048.735
5256,49,255,1295.622,1049.582
5257,22,255,1411.455,1048.773
5258,28,255,921.000,1050.000
5259,34,255,938.353,1049.882
5260,51,255,1056.225,1050.324
5261,37,255,1396.068,1050.392
5262,32,255,289.719,1051.500
5263,44,255,330.705,1051.682
5264,56,255,455.607,1053.411
5265,23,255,466.500,1049.804
5266,49,255,644.439,1051.051
5267,24,255,825.458,1050.750
5268,77,255,1482.994,1054.214
5269,44,255,122.068,1052.659
5270,52,255,597.577,1052.673
5271,20,255,1376.050,1052.100
5272,48,255,1387.500,1053.812
5273,75,255,254.500,1054.007
5274,94,255,572.553,1056.543
5275,74,255,996.986,1053.770
5276,49,255,1134.765,1053.316
5277,26,255,1160.000,1052.500
5278,34,255,1171.000,1052.618
5279,85,255,179.606,1056.512
5280,100,255,441.810,1056.570
5281,56,255,525.929,1054.143
5282,46,255,607.283,1056.674
5283,32,255,790.000,1054.000
5284,38,255,900.868,1054.737
5285,52,255,1016.654,1055.365
5286,52,255,1593.558,1054.442
5287,104,255,41.913,1057.077
5288,26,255,1145.500,1055.000
5289,40,255,1209.175,1054.275
5290,36,255,1257.833,1054.583
5291,40,255,1268.850,1055.300
5292,72,255,1500.958,1055.792
5293,69,255,360.370,1057.993
5294,48,255,800.042,1057.917
5295,51,255,1405.794,1058.225
5296,63,255,1470.817,1056.944
5297,30,255,1551.233,1055.700
5298,23,255,202.065,1056.587
5299,57,255,324.377,1058.781
5300,99,255,662.813,1059.167
5301,34,255,814.118,1057.471
5302,54,255,1219.000,1058.037
5303,48,255,1530.333,1056.812
5304,54,255,465.963,1059.185
5305,96,255,696.333,1060.219
5306,35,255,839.786,1058.443
5307,45,255,1366.456,1058.833
5308,91,255,1421.258,1060.962
5309,92,255,1516.163,1061.261
5310,60,255,1561.233,1060.900
5311,53,255,112.462,1060.877
5312,100,255,478.330,1062.920
5313,39,255,620.090,1059.167
5314,61,255,1036.074,1061.107
5315,34,255,1156.735,1058.941
5316,54,255,1310.074,1059.500
5317,36,255,1330.667,1058.556
5318,37,255,64.068,1060.095
5319,30,255,163.933,1061.733
5320,50,255,505.000,1062.140
5321,39,255,1092.372,1060.628
5322,41,255,1231.549,1059.549
5323,24,255,1354.833,1059.250
5324,63,255,1570.183,1061.817
5325,88,255,126.352,1064.273
5326,40,255,315.050,1061.225
5327,35,255,409.986,1061.757
5328,22,255,1170.136,1060.182
5329,80,255,152.650,1063.750
5330,43,255,683.523,1062.360
5331,28,255,766.929,1061.393
5332,66,255,851.682,1062.803
5333,59,255,885.737,1062.483
5334,87,255,1077.224,1064.569
5335,36,255,1544.389,1062.500
5336,39,255,70.654,1063.372
5337,82,255,273.232,1064.890
5338,34,255,1181.353,1063.265
5339,28,255,924.250,1063.286
5340,39,255,1124.654,1063.936
5341,111,255,1248.923,1066.869
5342,60,255,1286.017,1064.583
5343,55,255,1337.209,1064.155
5344,114,255,344.684,1068.132
5345,48,255,982.146,1065.396
5346,38,255,1111.737,1065.132
5347,66,255,1479.727,1065.924
5348,109,255,17.977,1069.729
5349,120,255,290.050,1068.175
5350,100,255,552.820,1068.360
5351,40,255,742.625,1066.075
5352,31,255,1055.081,1066.048
5353,51,255,59.069,1067.657
5354,38,255,83.947,1066.132
5355,48,255,760.604,1067.792
5356,54,255,1156.611,1068.204
5357,80,255,1205.375,1069.287
5358,76,255,1529.566,1068.303
5359,43,255,201.500,1068.640
5360,33,255,384.348,1067.803
5361,44,255,620.977,1068.477
5362,64,255,962.578,1070.062
5363,37,255,1227.500,1068.014
5364,37,255,1322.176,1067.581
5365,29,255,1596.776,1068.466
5366,34,255,409.647,1068.912
5367,86,255,645.512,1072.105
5368,21,255,722.405,1068.500
5369,60,255,326.783,1070.867
5370,46,255,376.239,1070.370
5371,74,255,666.500,1071.459
5372,44,255,732.727,1070.682
5373,33,255,1301.742,1070.864
5374,42,255,1355.071,1070.024
5375,123,255,1450.549,1072.573
5376,76,255,1585.461,1071.816
5377,34,255,567.000,1071.206
5378,24,255,1016.458,1070.750
5379,87,255,1273.362,1072.638
5380,60,255,507.667,1072.800
5381,36,255,656.056,1073.694
5382,30,255,909.800,1072.400
5383,25,255,1028.940,1072.100
5384,67,255,77.037,1073.933
5385,59,255,1377.212,1074.212
5386,37,255,1499.473,1073.743
5387,74,255,97.257,1074.419
5388,45,255,1167.856,1074.544
5389,67,255,1550.604,1075.231
5390,29,255,316.224,1075.431
5391,104,255,595.913,1078.317
5392,63,255,943.833,1075.040
5393,33,255,3.318,1075.500
5394,46,255,144.652,1076.848
5395,38,255,854.737,1077.763
5396,52,255,875.269,1076.885
5397,42,255,1095.786,1076.857
5398,39,255,1085.192,1077.321
5399,81,255,1400.685,1078.809
5400,43,255,47.035,1078.244
5401,67,255,267.037,1079.142
5402,97,255,1189.376,1080.562
5403,83,255,244.488,1080.307
5404,73,255,613.500,1080.267
5405,54,255,674.241,1080.315
5406,51,255,1315.539,1079.402
5407,86,255,79.709,1082.302
5408,50,255,285.440,1080.460
5409,36,255,723.056,1081.250
5410,70,255,977.200,1082.629
5411,43,255,1013.895,1080.244
5412,26,255,1069.538,1079.192
5413,51,255,1218.951,1080.814
5414,40,255,1246.325,1080.175
5415,21,255,1367.643,1079.690
5416,104,255,389.798,1083.519
5417,44,255,662.477,1082.386
5418,33,255,1298.773,1080.348
5419,144,255,11.056,1086.375
5420,76,255,182.000,1083.671
5421,54,255,578.981,1083.241
5422,53,255,813.066,1083.047
5423,42,255,865.286,1082.905
5424,35,255,986.186,1082.329
5425,41,255,1154.744,1082.402
5426,59,255,1519.941,1084.602
5427,40,255,1528.675,1081.950
5428,36,255,1568.000,1081.917
5429,36,255,198.167,1083.361
5430,27,255,336.389,1082.870
5431,130,255,463.354,1086.369
5432,56,255,1283.071,1083.411
5433,26,255,1322.500,1083.000
5434,22,255,145.136,1083.500
5435,24,255,162.625,1083.667
5436,60,255,40.800,1086.467
5437,46,255,356.174,1085.457
5438,69,255,523.210,1086.529
5439,35,255,1059.614,1085.014
5440,53,255,1121.255,1085.783
5441,35,255,1306.071,1085.100
5442,31,255,1507.468,1085.210
5443,45,255,421.189,1085.833
5444,85,255,491.194,1088.253
5445,35,255,632.757,1087.129
5446,31,255,761.210,1086.210
5447,58,255,1261.586,1086.534
5448,72,255,1461.639,1086.889
5449,37,255,105.932,1087.311
5450,89,255,209.904,1089.051
5451,84,255,226.631,1089.238
5452,31,255,1381.306,1086.758
5453,79,255,1486.956,1088.335
5454,23,255,170.109,1087.065
5455,68,255,288.412,1088.162
5456,103,255,508.199,1090.238
5457,48,255,625.000,1090.375
5458,74,255,348.338,1090.608
5459,72,255,531.069,1091.097
5460,37,255,544.095,1088.959
5461,48,255,1093.125,1089.958
5462,64,255,1138.875,1090.828
5463,55,255,1201.900,1088.500
5464,32,255,1237.844,1089.406
5465,71,255,1473.894,1091.148
5466,35,255,1589.700,1089.643
5467,42,255,703.905,1090.857
5468,34,255,1104.206,1090.000
5469,40,255,1165.250,1090.900
5470,26,255,1245.692,1089.962
5471,75,255,54.233,1092.313
5472,72,255,720.528,1093.319
5473,58,255,778.017,1091.431
5474,31,255,1314.500,1090.952
5475,32,255,1361.594,1090.562
5476,86,255,269.802,1093.326
5477,32,255,794.750,1092.219
5478,38,255,1005.526,1093.158
5479,38,255,431.816,1093.579
5480,45,255,816.856,1093.056
5481,38,255,927.816,1093.395
5482,85,255,942.065,1094.676
5483,83,255,1280.380,1093.753
5484,35,255,1373.900,1093.900
5485,55,255,1531.882,1093.718
5486,69,255,570.500,1094.645
5487,44,255,1436.955,1095.773
5488,67,255,1575.515,1094.410
5489,48,255,156.396,1094.479
5490,31,255,187.500,1094.306
5491,34,255,310.088,1095.000
5492,30,255,1157.133,1095.133
5493,64,255,21.750,1096.531
5494,29,255,178.569,1096.466
5495,28,255,200.821,1096.893
5496,45,255,605.989,1096.944
5497,57,255,960.254,1096.518
5498,64,255,74.938,1097.312
5499,62,255,238.145,1097.694
5500,31,255,420.758,1097.081
5501,46,255,467.804,1097.500
5502,31,255,1018.048,1097.081
5503,21,255,1178.929,1097.167
5504,22,255,1205.455,1095.909
5505,46,255,1446.848,1097.348
5506,47,255,137.436,1097.649
5507,32,255,1130.438,1097.688
5508,27,255,252.167,1098.167
5509,27,255,340.130,1098.241
5510,24,255,540.292,1098.208
5511,31,255,759.855,1098.306
5512,29,255,874.362,1098.224
5513,24,255,1297.292,1098.208
5514,25,255,1307.780,1098.380
5515,32,255,1416.281,1098.156
5516,54,255,1547.000,1098.056
5517,21,255,316.119,1098.643
5518,30,255,1509.000,1098.500
