 ,Area,Mean,X,Y
1,24,255,671.167,16.708
2,32,255,694.594,18.312
3,109,255,1061.784,19.537
4,117,255,792.816,19.919
5,75,255,830.007,21.460
6,21,255,538.024,18.690
7,145,255,714.548,22.286
8,80,255,814.538,21.137
9,38,255,628.421,21.553
10,26,255,752.000,21.192
11,21,255,1016.881,20.548
12,94,255,1043.128,23.287
13,75,255,1085.220,23.153
14,98,255,558.653,24.918
15,98,255,653.020,27.051
16,131,255,674.920,25.424
17,50,255,944.080,24.540
18,29,255,571.983,26.259
19,97,255,780.881,28.232
20,25,255,866.740,24.300
21,35,255,979.100,25.271
22,36,255,523.083,26.472
23,29,255,591.224,25.224
24,118,255,926.644,28.220
25,27,255,614.500,26.352
26,107,255,851.799,29.294
27,34,255,907.294,28.059
28,32,255,953.156,27.438
29,64,255,1178.234,28.797
30,41,255,1230.110,28.207
31,127,255,883.248,32.224
32,31,255,1011.274,28.532
33,79,255,484.513,32.424
34,38,255,528.895,30.211
35,91,255,1058.379,35.357
36,56,255,1136.625,30.893
37,87,255,1149.983,31.006
38,44,255,538.250,31.864
39,97,255,796.273,35.232
40,78,255,814.077,35.308
41,72,255,423.750,35.444
42,35,255,1192.300,34.614
43,215,255,376.212,39.626
44,39,255,774.808,35.423
45,105,255,347.633,38.633
46,65,255,953.577,38.331
47,33,255,312.348,39.439
48,59,255,418.636,41.415
49,53,255,830.613,39.462
50,83,255,1245.958,40.633
51,43,255,319.453,40.430
52,47,255,394.181,40.628
53,62,255,726.194,41.935
54,166,255,565.699,45.518
55,64,255,1042.578,45.141
56,33,255,1196.197,43.682
57,45,255,357.567,43.033
58,23,255,804.891,42.587
59,48,255,935.229,46.167
60,27,255,1092.870,43.500
61,35,255,1188.214,45.129
62,30,255,530.600,45.500
63,29,255,786.983,45.534
64,29,255,1083.810,44.741
65,74,255,249.959,47.459
66,61,255,1384.680,48.090
67,22,255,217.727,46.182
68,44,255,1305.386,47.341
69,29,255,1353.948,46.741
70,69,255,182.993,50.022
71,38,255,205.816,47.816
72,70,255,262.286,51.271
73,76,255,279.132,52.566
74,68,255,350.824,48.956
75,39,255,799.731,49.295
76,41,255,325.988,50.280
77,44,255,1145.818,52.182
78,36,255,544.528,51.583
79,79,255,841.639,51.551
80,21,255,1364.833,50.643
81,36,255,1399.833,51.306
82,82,255,295.024,52.915
83,26,255,710.000,51.885
84,28,255,1235.179,52.393
85,61,255,1271.615,53.844
86,69,255,159.123,54.746
87,100,255,451.530,54.350
88,20,255,532.450,52.750
89,28,255,588.286,53.000
90,58,255,742.534,53.845
91,41,255,1285.232,52.427
92,21,255,1348.500,52.500
93,35,255,1374.300,53.129
94,21,255,647.500,53.500
95,46,255,373.130,57.065
96,34,255,601.794,56.235
97,29,255,1463.810,56.052
98,37,255,1478.041,55.770
99,41,255,907.085,57.720
100,32,255,127.875,58.875
101,56,255,223.214,59.786
102,36,255,384.889,59.361
103,35,255,1350.843,59.329
104,41,255,693.402,60.841
105,72,255,674.069,62.097
106,49,255,705.316,60.847
107,23,255,873.326,60.500
108,29,255,989.397,60.741
109,61,255,1282.270,62.074
110,50,255,60.560,62.040
111,147,255,79.697,64.799
112,26,255,424.231,62.269
113,105,255,99.862,64.871
114,65,255,187.162,65.377
115,43,255,652.337,63.733
116,57,255,976.465,64.272
117,59,255,1376.483,65.161
118,20,255,113.200,64.600
119,24,255,911.750,64.875
120,37,255,1470.419,65.581
121,80,255,302.950,67.963
122,23,255,752.109,65.717
123,119,255,54.895,72.399
124,90,255,726.589,69.389
125,21,255,805.833,68.310
126,32,255,856.000,67.500
127,29,255,1318.810,68.190
128,22,255,639.273,69.409
129,76,255,1445.421,70.105
130,25,255,377.940,69.300
131,42,255,515.500,70.762
132,25,255,1435.860,69.820
133,49,255,1344.480,71.949
134,28,255,1357.071,72.250
135,23,255,614.283,72.413
136,47,255,954.628,73.777
137,34,255,1253.971,74.265
138,33,255,339.955,74.530
139,28,255,538.214,74.321
140,39,255,813.013,75.090
141,72,255,74.097,78.083
142,36,255,661.944,76.139
143,56,255,1527.411,76.143
144,94,255,7.574,80.011
145,48,255,296.417,77.812
146,28,255,1311.786,76.000
147,33,255,433.015,78.530
148,28,255,678.000,78.429
149,37,255,754.662,77.716
150,25,255,898.620,78.140
151,38,255,1296.842,77.895
152,24,255,865.000,78.417
153,45,255,1395.167,78.944
154,73,255,359.212,82.527
155,76,255,686.461,83.079
156,39,255,1355.936,79.833
157,59,255,1464.246,80.297
158,20,255,20.100,80.600
159,24,255,119.125,80.833
160,78,255,1232.923,83.308
161,20,255,219.150,81.600
162,46,255,525.196,82.000
163,43,255,1265.826,82.779
164,31,255,35.984,84.177
165,52,255,142.058,84.404
166,47,255,509.649,85.266
167,38,255,1430.184,84.474
168,46,255,1077.609,86.413
169,38,255,1333.316,87.184
170,23,255,114.761,87.543
171,25,255,201.300,86.740
172,42,255,626.667,87.786
173,26,255,564.000,88.500
174,38,255,746.000,89.000
175,32,255,531.000,90.000
176,48,255,30.604,92.562
177,34,255,172.676,92.235
178,32,255,1172.031,90.438
179,32,255,593.031,93.031
180,29,255,636.086,93.017
181,29,255,799.397,93.466
182,26,255,785.962,93.346
183,23,255,1045.891,94.022
184,21,255,572.500,94.738
185,31,255,1057.597,96.081
186,40,255,1379.525,94.550
187,33,255,1394.076,95.106
188,29,255,2.397,96.293
189,25,255,732.300,96.420
190,31,255,1161.048,97.081
191,29,255,1134.707,97.569
192,59,255,510.653,99.449
193,27,255,1071.944,98.722
194,50,255,301.760,100.460
195,30,255,421.600,100.933
196,37,255,1518.446,100.365
197,37,255,435.473,101.662
198,53,255,1094.160,101.255
199,40,255,35.200,102.225
200,22,255,567.818,101.318
201,34,255,601.824,102.294
202,38,255,625.158,101.895
203,22,255,86.227,102.682
204,27,255,102.167,103.981
205,25,255,241.140,102.620
206,56,255,677.232,105.839
207,39,255,787.962,103.192
208,42,255,909.071,103.238
209,30,255,609.233,103.733
210,33,255,1330.227,103.348
211,52,255,579.000,106.000
212,50,255,1167.460,105.140
213,35,255,1415.786,106.843
214,20,255,282.450,105.600
215,30,255,753.467,108.000
216,31,255,1121.048,106.565
217,24,255,459.708,107.500
218,61,255,694.008,109.664
219,20,255,1078.450,107.200
220,41,255,1480.500,108.524
221,37,255,316.500,109.500
222,28,255,855.750,108.750
223,49,255,28.459,110.806
224,51,255,241.755,111.324
225,57,255,593.202,111.167
226,36,255,1394.833,109.389
227,127,255,624.902,116.783
228,38,255,1037.184,111.395
229,62,255,490.774,113.242
230,125,255,651.604,115.740
231,78,255,685.718,114.410
232,40,255,1050.600,111.475
233,43,255,51.430,112.942
234,37,255,422.392,113.365
235,36,255,470.028,112.917
236,65,255,758.638,114.454
237,27,255,956.056,113.093
238,40,255,1182.050,113.775
239,48,255,103.854,114.917
240,29,255,398.293,114.190
241,88,255,452.432,117.170
242,48,255,564.229,115.625
243,48,255,846.917,116.188
244,21,255,1443.452,114.690
245,21,255,221.119,115.071
246,40,255,1031.525,116.600
247,43,255,1075.151,116.058
248,28,255,1559.714,116.286
249,42,255,166.262,118.643
250,43,255,294.081,118.523
251,39,255,770.013,117.859
252,23,255,1496.891,116.717
253,42,255,636.762,118.786
254,35,255,249.843,119.100
255,49,255,280.602,120.357
256,34,255,174.382,121.088
257,94,255,510.734,122.223
258,31,255,696.790,120.145
259,23,255,1490.196,119.935
260,26,255,89.692,121.077
261,47,255,410.457,121.734
262,48,255,881.208,121.812
263,38,255,1167.763,122.658
264,26,255,1294.500,122.154
265,39,255,255.756,123.603
266,69,255,833.152,124.659
267,36,255,1151.333,123.806
268,42,255,302.381,124.738
269,59,255,466.754,124.924
270,56,255,717.321,124.804
271,46,255,735.978,124.370
272,52,255,789.173,124.327
273,25,255,205.700,124.460
274,100,255,482.910,127.950
275,55,255,850.809,126.573
276,53,255,1037.500,126.594
277,58,255,1246.966,126.190
278,28,255,1423.571,124.571
279,22,255,1534.136,125.273
280,42,255,549.167,126.071
281,55,255,597.155,128.300
282,112,255,671.152,127.938
283,39,255,1004.218,126.859
284,25,255,1026.500,125.700
285,38,255,1471.184,125.947
286,30,255,34.067,126.367
287,59,255,699.669,128.466
288,38,255,918.395,126.842
289,45,255,927.856,129.033
290,34,255,1341.794,127.000
291,34,255,1463.206,127.059
292,32,255,120.656,129.031
293,24,255,606.458,127.917
294,49,255,632.276,128.827
295,32,255,841.312,129.781
296,25,255,580.820,129.180
297,56,255,650.929,129.250
298,27,255,818.426,128.796
299,33,255,1393.833,129.561
300,34,255,1448.735,128.676
301,30,255,1512.600,129.233
302,54,255,95.093,130.889
303,33,255,979.348,129.227
304,44,255,1093.545,130.614
305,40,255,1168.425,130.300
306,48,255,222.875,131.854
307,57,255,622.096,132.307
308,51,255,945.363,131.716
309,81,255,413.870,134.080
310,36,255,721.889,133.389
311,65,255,1110.808,133.962
312,58,255,1185.207,132.707
313,56,255,1436.446,132.839
314,70,255,1546.400,135.243
315,24,255,154.042,132.750
316,35,255,200.729,133.643
317,55,255,235.009,134.155
318,29,255,272.603,133.328
319,43,255,731.500,133.942
320,35,255,900.729,134.386
321,50,255,912.880,134.600
322,50,255,1319.860,133.940
323,36,255,52.194,136.000
324,69,255,112.022,135.399
325,30,255,1101.733,135.933
326,25,255,1591.260,134.700
327,46,255,265.696,137.065
328,66,255,660.970,138.364
329,45,255,972.078,136.544
330,89,255,545.489,138.949
331,70,255,596.771,138.043
332,90,255,767.644,139.100
333,32,255,871.031,137.688
334,37,255,1026.878,137.392
335,27,255,1533.611,137.056
336,91,255,465.720,140.522
337,56,255,499.161,139.339
338,58,255,572.776,138.586
339,48,255,889.750,139.229
340,23,255,1423.065,137.413
341,37,255,70.338,139.716
342,58,255,784.569,140.603
343,53,255,1344.047,140.066
344,61,255,392.139,140.566
345,74,255,429.230,141.919
346,79,255,742.766,141.766
347,36,255,933.222,139.806
348,32,255,23.875,140.844
349,35,255,137.786,141.443
350,31,255,1468.500,141.339
351,34,255,1528.676,141.176
352,60,255,631.917,143.350
353,67,255,836.052,143.634
354,71,255,956.007,143.204
355,47,255,1029.968,143.309
356,54,255,87.000,144.074
357,36,255,866.778,143.972
358,35,255,1399.929,143.500
359,64,255,1411.406,144.891
360,47,255,1211.500,144.500
361,74,255,1259.784,145.149
362,52,255,444.615,145.423
363,109,255,925.133,148.583
364,65,255,412.300,146.746
365,68,255,1062.838,147.456
366,103,255,1305.442,147.869
367,59,255,1323.653,146.839
368,51,255,144.990,147.637
369,25,255,307.620,147.220
370,67,255,576.993,148.515
371,113,255,622.119,150.217
372,90,255,672.811,148.678
373,100,255,800.540,150.090
374,21,255,181.929,147.881
375,36,255,502.056,149.083
376,63,255,550.770,149.103
377,55,255,729.227,148.573
378,68,255,777.559,150.279
379,33,255,872.773,147.894
380,64,255,1039.625,149.766
381,63,255,32.167,150.817
382,53,255,345.632,150.217
383,134,255,708.597,151.679
384,23,255,1334.500,148.500
385,68,255,127.397,150.515
386,67,255,596.873,151.187
387,71,255,685.556,151.514
388,20,255,979.550,149.250
389,49,255,1112.010,150.786
390,62,255,1398.887,152.016
391,32,255,292.844,151.125
392,92,255,814.033,153.435
393,136,255,1098.265,156.265
394,69,255,1281.848,151.862
395,66,255,98.061,152.742
396,51,255,511.637,153.108
397,84,255,766.429,154.012
398,70,255,791.143,155.414
399,30,255,974.000,152.000
400,42,255,1009.905,152.690
401,50,255,1165.280,152.900
402,67,255,1050.888,155.112
403,67,255,1224.410,154.739
404,58,255,1430.690,154.345
405,37,255,13.581,154.041
406,44,255,261.545,153.955
407,48,255,428.021,154.458
408,111,255,449.266,157.140
409,57,255,467.167,155.623
410,47,255,1212.819,153.926
411,73,255,485.253,157.199
412,44,255,651.705,155.977
413,53,255,1415.236,155.877
414,36,255,1569.500,155.361
415,126,255,842.437,159.587
416,39,255,1249.962,156.397
417,33,255,541.621,157.833
418,56,255,1025.946,158.679
419,27,255,198.722,158.944
420,89,255,528.388,160.893
421,84,255,601.571,159.214
422,85,255,727.359,160.076
423,58,255,889.310,160.241
424,51,255,985.990,158.265
425,41,255,1594.378,158.622
426,53,255,75.368,159.708
427,90,255,331.111,164.633
428,36,255,582.250,159.556
429,26,255,1261.308,159.308
430,28,255,1584.500,158.393
431,30,255,229.400,160.200
432,24,255,363.667,160.542
433,30,255,412.167,160.700
434,56,255,294.500,162.000
435,68,255,664.412,162.735
436,108,255,1146.380,162.861
437,91,255,1331.764,164.588
438,65,255,373.177,163.208
439,48,255,1113.000,162.500
440,31,255,1159.726,162.984
441,80,255,1278.412,163.825
442,48,255,1441.271,162.750
443,91,255,268.148,165.335
444,122,255,418.574,167.992
445,31,255,463.919,162.952
446,69,255,619.268,164.659
447,40,255,695.150,163.125
448,52,255,1213.481,164.058
449,53,255,1408.009,163.953
450,41,255,107.646,164.720
451,54,255,281.889,164.889
452,66,255,390.561,165.212
453,23,255,402.196,163.761
454,52,255,1197.058,164.404
455,46,255,191.370,166.304
456,116,255,546.466,170.578
457,33,255,768.409,165.682
458,97,255,868.613,167.077
459,58,255,923.207,166.845
460,51,255,339.363,167.755
461,76,255,353.645,167.487
462,48,255,474.188,167.083
463,74,255,682.973,168.000
464,54,255,747.185,167.111
465,57,255,780.868,166.728
466,65,255,813.608,167.700
467,60,255,97.283,168.167
468,59,255,123.127,167.449
469,38,255,139.500,167.947
470,59,255,220.076,167.873
471,77,255,245.643,168.916
472,54,255,989.907,167.907
473,62,255,1295.387,168.500
474,57,255,59.974,169.167
475,49,255,1241.296,168.357
476,96,255,1479.823,170.635
477,32,255,957.250,169.188
478,43,255,978.523,170.314
479,87,255,1016.477,172.132
480,60,255,1127.167,171.050
481,65,255,1306.685,170.546
482,60,255,1380.583,169.883
483,51,255,42.971,170.735
484,51,255,83.853,171.186
485,102,255,306.618,175.108
486,31,255,317.694,170.145
487,54,255,606.889,171.222
488,109,255,647.876,172.463
489,64,255,902.438,171.109
490,66,255,1086.758,172.636
491,61,255,1356.795,171.434
492,74,255,1445.865,171.581
493,35,255,558.071,171.843
494,58,255,582.586,172.621
495,25,255,1048.860,170.940
496,85,255,1098.488,173.053
497,109,255,1228.950,174.124
498,51,255,1498.814,171.853
499,36,255,700.972,173.222
500,49,255,1058.378,173.357
501,69,255,1070.529,174.196
502,83,255,1422.608,173.560
503,30,255,1459.867,171.867
504,73,255,1571.897,173.541
505,59,255,67.042,175.178
506,86,255,457.977,175.116
507,28,255,499.929,172.321
508,59,255,638.263,174.500
509,36,255,1191.306,172.806
510,29,255,1273.914,172.914
511,53,255,1404.142,174.368
512,100,255,487.710,178.180
513,55,255,733.955,175.264
514,57,255,775.482,175.184
515,37,255,842.257,174.068
516,50,255,881.340,175.420
517,74,255,948.000,175.635
518,25,255,1139.980,174.020
519,64,255,1172.484,175.594
520,82,255,1207.122,175.890
521,21,255,617.119,173.929
522,58,255,279.190,177.707
523,80,255,712.362,177.575
524,76,255,375.763,178.711
525,63,255,396.468,178.786
526,62,255,743.242,178.548
527,69,255,920.036,179.239
528,21,255,1266.500,176.881
529,76,255,1335.592,178.171
530,49,255,156.765,179.071
531,35,255,232.929,178.729
532,119,255,444.777,181.643
533,65,255,627.731,179.885
534,52,255,848.942,179.288
535,71,255,1526.261,179.275
536,39,255,24.218,179.321
537,72,255,983.875,178.944
538,47,255,1116.649,179.138
539,43,255,1184.477,179.593
540,52,255,1322.115,179.500
541,54,255,1539.981,180.519
542,86,255,88.035,181.826
543,44,255,203.750,180.364
544,57,255,325.904,181.482
545,70,255,337.271,181.629
546,121,255,361.285,184.302
547,92,255,815.826,183.337
548,127,255,1026.925,184.752
549,52,255,1196.712,181.462
550,57,255,561.675,182.711
551,63,255,765.198,181.913
552,59,255,1140.856,182.703
553,56,255,1381.107,182.446
554,117,255,520.380,184.927
555,51,255,804.245,184.186
556,130,255,870.546,185.662
557,128,255,1292.930,185.336
558,108,255,416.222,186.602
559,33,255,940.045,183.803
560,47,255,1262.181,183.926
561,94,255,1371.777,187.000
562,49,255,1511.929,184.398
563,75,255,124.327,185.407
564,78,255,138.821,185.436
565,77,255,254.279,185.942
566,69,255,503.529,185.630
567,71,255,1051.528,185.979
568,111,255,1357.275,186.635
569,106,255,1426.689,187.245
570,65,255,1477.408,185.592
571,121,255,1492.864,188.442
572,37,255,268.419,185.041
573,30,255,885.367,185.367
574,72,255,970.750,187.250
575,61,255,1403.779,185.910
576,26,255,1546.154,185.154
577,64,255,695.797,186.891
578,79,255,1249.082,189.854
579,52,255,1580.442,186.673
580,30,255,1.767,188.500
581,102,255,51.990,189.490
582,39,255,212.372,187.628
583,71,255,531.063,189.148
584,58,255,717.414,187.810
585,72,255,1076.389,189.000
586,60,255,1179.867,187.417
587,108,255,1557.685,190.389
588,98,255,605.204,191.684
589,43,255,1114.965,188.174
590,49,255,25.276,190.357
591,56,255,234.518,189.393
592,36,255,296.306,189.611
593,71,255,672.739,190.275
594,64,255,1099.328,191.094
595,87,255,1214.684,191.960
596,29,255,1331.879,189.259
597,34,255,172.794,191.265
598,40,255,475.725,190.900
599,105,255,572.214,192.862
600,63,255,702.976,192.373
601,49,255,839.112,190.663
602,86,255,1043.593,192.733
603,31,255,1321.565,190.694
604,76,255,1534.316,192.066
605,36,255,87.139,190.917
606,77,255,105.045,194.825
607,38,255,222.605,191.711
608,43,255,491.058,191.430
609,107,255,851.042,195.070
610,43,255,897.291,192.453
611,47,255,1260.245,192.266
612,60,255,1271.783,192.917
613,54,255,15.593,193.630
614,35,255,163.300,192.414
615,48,255,181.354,194.271
616,100,255,396.280,194.120
617,54,255,947.648,193.778
618,57,255,1158.342,194.254
619,53,255,1311.368,192.858
620,92,255,1446.511,194.065
621,38,255,305.921,193.395
622,47,255,1141.670,194.436
623,72,255,684.417,196.278
624,64,255,821.375,195.094
625,62,255,1467.484,195.532
626,46,255,112.391,196.543
627,39,255,271.756,195.833
628,35,255,314.557,196.614
629,158,255,439.943,199.665
630,143,255,467.311,200.689
631,54,255,539.944,196.111
632,79,255,776.905,197.348
633,79,255,934.829,196.589
634,46,255,1291.783,196.435
635,82,255,190.024,198.134
636,43,255,343.221,196.267
637,39,255,613.885,196.269
638,33,255,975.379,195.591
639,52,255,214.885,198.442
640,34,255,320.912,197.353
641,93,255,745.952,199.909
642,25,255,834.740,196.860
643,169,255,1230.269,200.855
644,101,255,1341.589,202.569
645,46,255,1570.870,198.565
646,49,255,38.296,198.806
647,47,255,122.309,199.287
648,27,255,228.241,197.907
649,73,255,1183.555,199.925
650,31,255,1515.500,197.500
651,54,255,259.870,199.759
652,68,255,1118.691,201.500
653,46,255,1131.435,200.261
654,29,255,911.017,200.086
655,52,255,1192.481,202.538
656,52,255,1331.231,202.096
657,86,255,1389.442,202.256
658,60,255,281.833,202.883
659,70,255,480.343,202.986
660,57,255,525.009,203.079
661,64,255,727.609,201.969
662,91,255,802.555,202.104
663,55,255,1170.827,202.245
664,58,255,1439.741,202.948
665,75,255,1591.567,202.553
666,37,255,353.716,202.257
667,62,255,574.677,203.548
668,50,255,857.780,202.700
669,66,255,1244.712,204.045
670,60,255,1262.033,203.117
671,30,255,1320.333,202.633
672,111,255,1493.527,204.374
673,43,255,9.058,203.500
674,72,255,379.806,204.792
675,126,255,155.619,208.175
676,77,255,169.760,206.240
677,48,255,970.271,204.833
678,70,255,1068.743,207.686
679,75,255,589.180,206.673
680,94,255,643.840,207.638
681,62,255,922.806,206.435
682,78,255,994.692,207.885
683,73,255,1008.637,207.007
684,120,255,1206.925,207.633
685,45,255,1578.856,205.833
686,82,255,71.268,207.902
687,45,255,409.922,206.478
688,57,255,889.061,207.167
689,82,255,978.854,207.829
690,55,255,1104.082,208.282
691,39,255,1506.244,207.346
692,44,255,1532.205,206.364
693,87,255,15.707,210.466
694,60,255,42.483,209.067
695,116,255,137.543,210.621
696,100,255,547.480,209.300
697,72,255,610.931,208.292
698,50,255,679.760,208.240
699,95,255,1417.100,210.068
700,62,255,206.419,209.677
701,45,255,221.900,209.011
702,111,255,244.482,210.950
703,36,255,334.000,208.639
704,93,255,507.565,210.113
705,69,255,1077.601,210.094
706,44,255,108.227,209.409
707,53,255,191.689,210.858
708,50,255,257.260,210.040
709,69,255,389.790,211.384
710,61,255,668.877,210.893
711,30,255,1018.767,209.533
712,74,255,1142.514,210.757
713,129,255,1276.205,211.484
714,57,255,1309.237,210.167
715,93,255,89.457,211.962
716,76,255,322.303,212.447
717,113,255,425.456,214.465
718,59,255,688.992,212.093
719,62,255,1165.613,211.290
720,107,255,1295.715,213.005
721,43,255,1380.453,210.965
722,58,255,1474.431,211.466
723,102,255,60.333,215.461
724,65,255,308.008,212.008
725,60,255,626.000,212.500
726,49,255,798.010,211.378
727,100,255,826.650,215.990
728,62,255,955.903,212.919
729,83,255,1042.873,213.512
730,125,255,1367.812,214.180
731,58,255,1427.759,211.397
732,67,255,1572.321,213.112
733,71,255,293.387,212.908
734,47,255,349.840,212.840
735,70,255,810.457,213.629
736,69,255,567.428,214.674
737,90,255,916.633,215.778
738,49,255,1456.929,213.990
739,79,255,453.753,216.019
740,53,255,28.934,216.047
741,54,255,215.741,216.926
742,88,255,1053.739,217.523
743,27,255,1516.019,214.389
744,28,255,1596.750,215.714
745,78,255,358.833,218.051
746,61,255,540.959,218.041
747,113,255,902.279,221.075
748,119,255,1436.929,219.592
749,58,255,787.500,217.948
750,104,255,1181.615,219.240
751,85,255,1385.900,219.171
752,75,255,1533.260,218.113
753,67,255,1550.739,218.754
754,75,255,178.447,220.380
755,64,255,305.516,220.656
756,55,255,466.955,219.064
757,83,255,1025.163,219.753
758,30,255,3.800,219.400
759,68,255,442.824,223.588
760,30,255,636.000,219.000
761,57,255,888.061,219.991
762,70,255,1227.957,220.086
763,120,255,332.292,225.142
764,32,255,520.125,220.000
765,124,255,852.032,223.565
766,123,255,1509.004,222.988
767,48,255,156.229,220.958
768,153,255,375.761,225.088
769,47,255,751.649,222.266
770,146,255,869.521,225.637
771,55,255,1014.118,222.136
772,74,255,1286.311,222.581
773,68,255,1321.882,224.368
774,86,255,271.337,224.523
775,111,255,494.059,225.680
776,61,255,560.549,223.352
777,53,255,590.123,223.368
778,41,255,1082.939,223.085
779,64,255,1486.609,223.531
780,54,255,87.667,224.611
781,72,255,1558.444,224.833
782,56,255,76.071,225.214
783,45,255,98.456,225.167
784,29,255,117.845,223.603
785,56,255,135.786,225.000
786,27,255,920.463,223.389
787,80,255,948.438,225.488
788,122,255,1092.049,228.910
789,77,255,1148.929,227.383
790,61,255,1495.025,225.779
791,140,255,249.036,228.879
792,60,255,990.433,226.483
793,58,255,1349.362,225.793
794,162,255,404.957,230.778
795,26,255,474.615,226.346
796,32,255,663.469,226.844
797,109,255,802.564,230.326
798,45,255,1134.522,226.433
799,83,255,217.910,229.054
800,73,255,600.021,229.007
801,22,255,634.409,226.409
802,50,255,1223.160,228.680
803,116,255,23.422,231.138
804,125,255,705.444,230.428
805,55,255,746.282,229.736
806,40,255,937.125,228.625
807,52,255,971.846,229.000
808,112,255,1405.491,230.464
809,111,255,428.158,232.014
810,76,255,619.303,230.934
811,43,255,890.035,229.826
812,101,255,730.748,233.658
813,78,255,1354.038,232.936
814,23,255,1.717,231.370
815,73,255,913.116,233.212
816,115,255,1244.309,235.013
817,42,255,1421.167,231.595
818,140,255,113.021,233.750
819,89,255,280.253,234.601
820,105,255,927.081,236.052
821,128,255,1034.609,235.758
822,116,255,1457.845,236.388
823,69,255,171.645,234.659
824,122,255,517.811,235.287
825,60,255,1138.883,235.050
826,78,255,1203.308,234.808
827,45,255,645.078,235.522
828,92,255,717.457,237.511
829,60,255,982.533,235.517
830,62,255,1020.968,237.129
831,60,255,1072.050,235.950
832,132,255,1571.780,236.364
833,52,255,392.981,236.462
834,63,255,959.722,236.183
835,74,255,1294.149,237.622
836,115,255,1485.743,238.735
837,60,255,58.100,237.250
838,109,255,261.151,238.344
839,58,255,354.552,236.707
840,32,255,497.969,236.594
841,81,255,681.315,238.525
842,50,255,837.480,238.340
843,58,255,133.500,238.690
844,79,255,154.842,238.753
845,114,255,540.289,242.123
846,69,255,579.514,238.688
847,39,255,656.090,237.423
848,67,255,1188.231,238.933
849,49,255,1319.806,237.541
850,53,255,1514.613,237.991
851,68,255,323.500,240.000
852,67,255,771.291,239.440
853,73,255,786.281,240.377
854,100,255,818.890,240.820
855,64,255,845.500,239.469
856,20,255,967.650,237.850
857,67,255,1171.948,240.052
858,41,255,1427.451,238.915
859,64,255,68.688,241.422
860,50,255,755.860,239.980
861,51,255,1097.951,240.461
862,30,255,1227.700,238.833
863,50,255,1262.220,240.100
864,25,255,1366.740,238.460
865,77,255,188.903,241.305
866,88,255,381.330,242.705
867,63,255,894.452,241.611
868,91,255,1117.797,242.907
869,96,255,1333.708,242.500
870,53,255,1377.858,240.858
871,71,255,1010.782,243.754
872,69,255,1159.978,242.442
873,32,255,335.688,241.812
874,83,255,453.488,244.331
875,121,255,942.004,245.607
876,53,255,1303.292,243.858
877,56,255,467.929,244.375
878,109,255,996.454,246.124
879,72,255,1528.500,244.639
880,57,255,78.026,246.254
881,89,255,138.253,246.466
882,42,255,399.452,244.262
883,50,255,499.840,245.500
884,69,255,527.051,245.326
885,47,255,1554.138,245.309
886,113,255,36.119,249.721
887,116,255,212.983,249.345
888,61,255,233.631,247.074
889,75,255,1054.847,246.553
890,59,255,1356.314,245.619
891,71,255,1450.542,246.923
892,44,255,1505.932,246.136
893,48,255,1541.688,246.708
894,68,255,1597.368,249.279
895,63,255,19.341,247.468
896,81,255,309.068,248.179
897,51,255,685.363,246.441
898,120,255,765.458,251.508
899,31,255,1104.984,247.177
900,97,255,1272.057,247.892
901,132,255,1414.068,249.432
902,59,255,369.941,248.534
903,127,255,803.579,250.894
904,70,255,853.429,248.657
905,97,255,182.634,251.789
906,75,255,243.020,249.433
907,41,255,908.329,248.720
908,129,255,1074.934,251.399
909,41,255,1384.646,248.646
910,73,255,4.432,251.856
911,78,255,46.487,251.949
912,78,255,107.115,250.808
913,32,255,157.750,249.219
914,43,255,635.500,249.384
915,58,255,1431.431,250.172
916,122,255,1493.967,251.574
917,89,255,1518.365,251.444
918,74,255,731.838,252.108
919,48,255,969.896,250.625
920,125,255,1204.604,253.652
921,50,255,1350.420,251.040
922,39,255,410.628,251.372
923,67,255,1020.261,253.649
924,167,255,1294.374,257.332
925,69,255,1474.688,252.486
926,65,255,1567.377,252.685
927,29,255,560.603,251.983
928,31,255,838.339,251.919
929,39,255,165.782,253.449
930,69,255,480.862,255.312
931,58,255,669.897,253.897
932,121,255,289.095,257.864
933,42,255,326.333,254.595
934,67,255,472.157,256.396
935,70,255,876.586,256.200
936,112,255,572.339,257.902
937,118,255,1141.076,257.958
938,121,255,89.657,258.343
939,72,255,436.764,257.931
940,151,255,590.447,261.434
941,53,255,131.217,257.858
942,98,255,379.255,259.929
943,85,255,498.935,257.947
944,60,255,549.200,258.250
945,26,255,622.000,256.385
946,75,255,1035.820,258.687
947,68,255,1100.529,258.618
948,100,255,1402.110,260.080
949,73,255,451.253,260.459
950,99,255,959.520,260.470
951,55,255,1243.736,258.627
952,40,255,1347.225,259.000
953,36,255,156.167,259.389
954,76,255,223.934,260.658
955,30,255,787.133,259.133
956,60,255,831.683,260.083
957,57,255,1155.219,260.026
958,90,255,27.844,264.811
959,41,255,205.256,260.500
960,93,255,909.446,262.038
961,98,255,943.378,262.622
962,26,255,1380.846,260.154
963,65,255,1428.869,260.485
964,45,255,1539.589,261.633
965,23,255,56.457,260.891
966,67,255,736.918,263.485
967,48,255,1232.938,262.583
968,73,255,1372.870,263.692
969,58,255,747.466,263.931
970,81,255,1188.549,264.512
971,52,255,235.577,264.077
972,119,255,1321.029,266.097
973,51,255,259.029,264.618
974,61,255,275.631,266.352
975,140,255,404.750,266.071
976,87,255,531.776,266.270
977,59,255,716.653,265.161
978,59,255,811.195,265.381
979,67,255,1110.590,265.754
980,70,255,1471.214,265.686
981,76,255,113.539,267.303
982,59,255,614.958,266.703
983,151,255,1057.818,268.778
984,57,255,150.728,267.798
985,49,255,162.112,267.724
986,87,255,313.672,269.626
987,87,255,423.638,268.098
988,23,255,640.587,265.891
989,61,255,1221.123,267.434
990,56,255,1389.911,267.268
991,58,255,1588.845,267.000
992,31,255,77.597,267.339
993,64,255,130.797,267.766
994,58,255,559.741,268.466
995,65,255,883.669,269.008
996,86,255,895.477,269.733
997,75,255,969.367,269.487
998,66,255,998.939,268.985
999,77,255,348.357,269.539
1000,72,255,365.153,269.361
1001,113,255,501.535,271.429
1002,27,255,650.056,268.056
1003,86,255,921.733,270.279
1004,76,255,834.434,269.697
1005,53,255,1235.104,270.632
1006,69,255,1478.486,271.428
1007,37,255,212.419,270.068
1008,70,255,452.371,271.514
1009,65,255,663.285,271.146
1010,56,255,231.482,272.214
1011,102,255,390.059,273.833
1012,79,255,819.108,273.715
1013,71,255,1252.697,271.669
1014,93,255,711.618,274.339
1015,56,255,979.911,273.946
1016,75,255,1205.313,274.207
1017,88,255,1454.545,275.591
1018,49,255,1576.847,273.031
1019,62,255,45.290,274.468
1020,89,255,475.702,275.242
1021,86,255,514.500,276.907
1022,67,255,1019.948,274.963
1023,60,255,254.350,275.117
1024,73,255,284.774,275.349
1025,95,255,547.205,278.289
1026,80,255,571.625,275.538
1027,57,255,1030.974,276.254
1028,61,255,1528.123,275.320
1029,33,255,70.955,274.227
1030,42,255,525.119,275.929
1031,87,255,987.466,277.822
1032,71,255,1426.063,277.373
1033,37,255,34.122,276.743
1034,135,255,187.959,280.315
1035,53,255,652.594,277.443
1036,130,255,689.985,280.646
1037,59,255,730.720,277.297
1038,61,255,934.418,278.123
1039,74,255,947.459,278.216
1040,88,255,1342.920,278.284
1041,73,255,1436.747,278.568
1042,70,255,4.357,279.243
1043,55,255,307.355,278.336
1044,53,255,331.406,278.009
1045,127,255,620.555,280.350
1046,92,255,1171.620,281.043
1047,142,255,1285.366,282.718
1048,43,255,219.547,278.477
1049,82,255,266.122,280.085
1050,66,255,588.136,279.485
1051,111,255,799.428,280.221
1052,59,255,1159.517,280.025
1053,58,255,1553.207,279.155
1054,51,255,407.735,279.539
1055,103,255,760.471,280.587
1056,40,255,1237.700,279.825
1057,79,255,1499.158,281.677
1058,28,255,204.429,280.857
1059,46,255,670.304,281.217
1060,38,255,1117.737,280.447
1061,55,255,1182.445,282.482
1062,34,255,1249.853,279.500
1063,84,255,1416.095,283.286
1064,52,255,68.673,281.885
1065,76,255,348.671,283.355
1066,59,255,369.381,281.347
1067,73,255,918.651,283.500
1068,30,255,1136.967,281.467
1069,83,255,1217.729,283.151
1070,67,255,1267.500,282.321
1071,45,255,1466.033,282.722
1072,69,255,575.572,283.500
1073,69,255,827.428,284.022
1074,60,255,839.717,282.900
1075,66,255,1579.485,284.636
1076,101,255,137.213,287.946
1077,55,255,213.900,284.827
1078,57,255,460.096,284.079
1079,93,255,853.134,285.543
1080,51,255,1100.578,284.755
1081,81,255,1313.278,285.401
1082,63,255,1383.817,284.056
1083,39,255,15.500,284.500
1084,103,255,537.976,287.335
1085,71,255,641.401,285.599
1086,85,255,1590.265,286.171
1087,42,255,397.976,285.952
1088,90,255,153.444,288.678
1089,35,255,432.129,286.271
1090,102,255,465.971,290.167
1091,84,255,1196.738,288.083
1092,37,255,1276.473,287.500
1093,52,255,1540.962,287.173
1094,81,255,109.500,289.759
1095,22,255,524.591,286.591
1096,28,255,658.607,287.464
1097,98,255,718.173,289.010
1098,27,255,816.426,286.352
1099,30,255,1017.067,287.833
1100,99,255,1354.227,288.854
1101,31,255,699.177,288.274
1102,80,255,742.212,290.363
1103,53,255,977.085,288.821
1104,59,255,1135.771,289.025
1105,48,255,1245.292,288.979
1106,95,255,83.132,291.121
1107,100,255,276.080,291.240
1108,58,255,411.621,289.966
1109,69,255,446.688,291.036
1110,40,255,489.475,289.725
1111,31,255,790.274,289.403
1112,63,255,870.563,291.357
1113,79,255,950.930,290.639
1114,57,255,1150.535,290.781
1115,65,255,1232.531,290.469
1116,87,255,298.638,291.891
1117,44,255,368.136,290.432
1118,78,255,666.205,291.551
1119,45,255,763.389,290.144
1120,86,255,1370.267,292.047
1121,101,255,252.559,293.649
1122,54,255,515.259,293.130
1123,92,255,590.511,292.957
1124,41,255,8.500,292.500
1125,118,255,38.237,296.144
1126,48,255,324.625,292.312
1127,75,255,778.740,295.340
1128,78,255,1122.679,293.744
1129,88,255,1326.125,294.341
1130,94,255,1478.319,293.872
1131,49,255,479.929,294.071
1132,82,255,837.902,295.220
1133,74,255,883.189,296.662
1134,78,255,1550.256,294.628
1135,63,255,181.040,296.040
1136,105,255,1065.576,298.871
1137,24,255,1106.625,293.458
1138,55,255,224.355,296.591
1139,127,255,345.508,298.555
1140,91,255,431.247,297.610
1141,71,255,1161.641,296.782
1142,23,255,612.543,296.370
1143,113,255,900.031,298.881
1144,148,255,1081.324,301.615
1145,58,255,1095.845,297.259
1146,55,255,786.445,298.536
1147,147,255,805.310,301.711
1148,82,255,983.354,299.293
1149,77,255,1344.981,299.344
1150,95,255,161.100,301.268
1151,100,255,360.700,300.320
1152,73,255,685.938,299.856
1153,26,255,1524.000,298.000
1154,70,255,564.243,301.029
1155,62,255,827.806,301.500
1156,81,255,921.031,300.549
1157,56,255,1014.732,301.768
1158,64,255,1202.312,301.438
1159,79,255,1432.196,302.703
1160,46,255,1450.630,301.087
1161,52,255,1559.269,301.712
1162,32,255,1598.188,301.688
1163,64,255,191.406,302.750
1164,68,255,416.559,302.750
1165,55,255,444.427,302.591
1166,87,255,662.017,303.443
1167,48,255,737.854,302.479
1168,34,255,947.647,300.971
1169,72,255,1052.375,303.347
1170,30,255,1137.900,301.267
1171,85,255,1390.135,303.241
1172,24,255,173.083,302.083
1173,68,255,624.897,304.059
1174,97,255,1108.201,305.531
1175,84,255,1172.976,303.405
1176,161,255,209.680,308.040
1177,79,255,232.665,304.563
1178,71,255,274.669,304.387
1179,22,255,698.818,302.364
1180,30,255,888.433,303.900
1181,90,255,1417.989,305.611
1182,73,255,502.568,305.034
1183,34,255,1126.206,304.765
1184,91,255,1254.984,306.368
1185,51,255,1320.402,304.382
1186,74,255,1375.365,305.865
1187,43,255,1443.756,304.709
1188,95,255,1483.889,306.511
1189,54,255,1570.370,305.111
1190,70,255,79.600,306.286
1191,88,255,131.273,306.739
1192,100,255,586.420,308.430
1193,46,255,613.500,306.000
1194,78,255,1218.500,307.090
1195,41,255,1288.671,306.183
1196,67,255,112.410,307.604
1197,106,255,328.358,308.264
1198,45,255,489.189,306.544
1199,84,255,845.929,308.119
1200,61,255,1044.074,307.615
1201,91,255,1593.236,309.555
1202,74,255,718.500,308.676
1203,72,255,1004.514,308.764
1204,54,255,1579.574,308.963
1205,85,255,396.476,310.700
1206,92,255,1185.663,310.109
1207,75,255,1296.220,310.420
1208,54,255,879.759,310.759
1209,63,255,1096.357,310.579
1210,97,255,1461.655,312.036
1211,60,255,1495.467,310.400
1212,56,255,252.375,311.446
1213,116,255,554.879,312.129
1214,57,255,60.763,311.658
1215,31,255,963.694,310.952
1216,53,255,1226.915,312.689
1217,35,255,2.900,312.500
1218,58,255,574.431,313.897
1219,86,255,632.570,313.802
1220,60,255,856.317,313.917
1221,25,255,1156.060,311.420
1222,64,255,1530.234,312.641
1223,80,255,1542.487,314.887
1224,86,255,296.407,316.826
1225,55,255,498.482,313.809
1226,65,255,702.915,314.438
1227,63,255,990.722,314.960
1228,69,255,1247.572,315.094
1229,31,255,1322.887,313.081
1230,64,255,77.219,315.047
1231,80,255,196.387,315.825
1232,56,255,383.036,315.571
1233,52,255,526.231,315.769
1234,51,255,931.206,315.480
1235,81,255,943.475,316.204
1236,21,255,1424.786,314.214
1237,99,255,151.035,317.217
1238,58,255,182.172,316.810
1239,99,255,451.944,317.490
1240,54,255,738.481,316.167
1241,58,255,1356.828,315.672
1242,43,255,1394.035,316.314
1243,25,255,1440.420,314.940
1244,54,255,1573.722,316.185
1245,43,255,242.384,317.942
1246,59,255,755.771,317.229
1247,120,255,785.875,319.375
1248,117,255,1028.611,320.201
1249,57,255,1114.237,317.114
1250,69,255,1336.022,317.645
1251,55,255,1511.700,318.027
1252,25,255,51.220,317.740
1253,55,255,481.318,318.555
1254,85,255,513.147,318.735
1255,53,255,836.104,318.632
1256,100,255,916.880,319.060
1257,74,255,956.459,319.000
1258,65,255,1273.531,318.254
1259,75,255,1306.700,319.887
1260,40,255,25.625,318.925
1261,28,255,38.429,318.429
1262,57,255,643.044,319.430
1263,78,255,62.731,320.141
1264,48,255,250.229,319.104
1265,96,255,351.490,322.135
1266,33,255,693.591,319.045
1267,36,255,728.972,319.583
1268,60,255,1057.100,320.683
1269,43,255,429.663,320.547
1270,45,255,799.256,321.567
1271,32,255,845.719,319.875
1272,48,255,872.958,321.146
1273,73,255,1148.281,321.322
1274,27,255,1225.093,319.611
1275,63,255,1405.595,321.040
1276,31,255,163.242,321.113
1277,80,255,219.675,323.587
1278,82,255,667.378,323.110
1279,30,255,859.167,321.233
1280,52,255,1047.731,323.115
1281,148,255,1084.872,325.574
1282,57,255,1181.167,321.605
1283,39,255,1257.833,322.141
1284,34,255,366.000,322.000
1285,25,255,438.980,322.300
1286,22,255,881.045,321.545
1287,78,255,1378.833,323.910
1288,74,255,1450.405,324.203
1289,53,255,1530.519,323.066
1290,79,255,339.171,325.538
1291,122,255,415.484,326.893
1292,90,255,614.422,325.933
1293,45,255,629.656,324.989
1294,90,255,970.411,326.156
1295,61,255,992.418,325.238
1296,42,255,1119.738,324.952
1297,36,255,1203.750,324.417
1298,48,255,174.771,325.833
1299,48,255,499.000,325.708
1300,52,255,820.673,325.615
1301,131,255,1008.011,330.111
1302,72,255,1421.778,326.139
1303,70,255,1497.029,326.900
1304,54,255,44.000,327.593
1305,65,255,470.700,327.392
1306,64,255,1171.109,327.859
1307,105,255,1193.329,328.519
1308,55,255,1517.555,327.736
1309,111,255,1574.689,329.221
1310,38,255,31.658,327.447
1311,83,255,114.464,329.982
1312,45,255,290.833,327.678
1313,87,255,327.580,330.259
1314,56,255,680.000,328.000
1315,59,255,728.568,327.839
1316,53,255,743.745,328.538
1317,47,255,1292.202,327.798
1318,89,255,655.860,330.579
1319,54,255,753.444,329.463
1320,23,255,552.717,328.630
1321,43,255,601.942,329.919
1322,55,255,764.245,330.300
1323,60,255,800.550,331.150
1324,66,255,927.288,330.697
1325,59,255,1561.110,329.822
1326,52,255,11.462,331.673
1327,74,255,431.959,332.027
1328,83,255,1142.151,332.090
1329,38,255,86.211,331.184
1330,34,255,312.912,331.500
1331,92,255,398.859,333.250
1332,59,255,1256.178,332.195
1333,54,255,1545.759,332.556
1334,52,255,184.615,333.558
1335,77,255,852.175,333.825
1336,40,255,940.550,333.275
1337,72,255,1478.375,333.514
1338,118,255,65.847,336.805
1339,114,255,268.746,336.991
1340,118,255,593.729,336.593
1341,28,255,222.036,333.679
1342,31,255,255.242,334.597
1343,78,255,898.833,336.513
1344,40,255,298.275,335.425
1345,77,255,531.903,337.045
1346,44,255,814.523,336.159
1347,106,255,1112.509,337.604
1348,53,255,366.047,336.934
1349,74,255,499.986,337.041
1350,57,255,825.026,337.184
1351,63,255,1341.087,337.675
1352,74,255,1498.270,337.338
1353,26,255,133.000,336.500
1354,47,255,154.521,337.883
1355,63,255,640.151,338.500
1356,44,255,690.795,338.500
1357,83,255,1219.319,339.861
1358,81,255,1356.228,339.846
1359,106,255,1539.623,340.321
1360,81,255,89.907,339.265
1361,67,255,452.187,339.545
1362,47,255,465.840,338.883
1363,42,255,930.571,338.429
1364,32,255,1383.312,338.812
1365,73,255,378.733,340.226
1366,35,255,681.157,339.443
1367,33,255,1057.742,338.803
1368,41,255,1290.768,338.939
1369,54,255,1394.130,340.333
1370,98,255,144.694,343.061
1371,59,255,418.517,341.924
1372,60,255,559.667,340.783
1373,26,255,840.269,340.154
1374,45,255,988.300,341.300
1375,91,255,1083.170,342.621
1376,60,255,1237.000,341.000
1377,34,255,1366.559,340.382
1378,125,255,1409.932,343.748
1379,38,255,1470.921,341.579
1380,102,255,1002.559,345.824
1381,91,255,616.654,344.203
1382,44,255,629.909,343.591
1383,38,255,662.632,342.316
1384,30,255,707.933,342.667
1385,119,255,783.920,344.408
1386,71,255,1203.162,343.599
1387,77,255,1272.487,343.643
1388,59,255,3.076,344.720
1389,65,255,321.977,344.269
1390,86,255,722.105,345.198
1391,44,255,736.705,343.750
1392,24,255,808.833,342.708
1393,113,255,965.022,346.137
1394,61,255,1065.500,344.500
1395,138,255,197.790,346.703
1396,57,255,245.798,345.675
1397,131,255,400.569,346.905
1398,45,255,541.456,344.944
1399,98,255,672.020,347.602
1400,38,255,1019.711,344.395
1401,117,255,1100.483,347.842
1402,115,255,1373.848,349.196
1403,76,255,1464.329,346.921
1404,62,255,225.726,345.952
1405,46,255,282.391,346.022
1406,61,255,361.926,346.795
1407,69,255,510.370,346.978
1408,62,255,1308.806,346.129
1409,53,255,1440.462,346.991
1410,63,255,1451.024,346.563
1411,84,255,1489.905,347.655
1412,58,255,31.414,348.034
1413,95,255,749.963,348.068
1414,66,255,948.788,348.197
1415,80,255,1146.000,348.500
1416,33,255,1291.470,345.591
1417,48,255,769.583,348.271
1418,59,255,1561.008,348.212
1419,24,255,16.208,347.500
1420,60,255,274.400,349.317
1421,40,255,980.975,349.250
1422,52,255,1174.038,349.212
1423,84,255,1190.488,350.214
1424,61,255,1266.221,349.746
1425,72,255,1338.181,348.486
1426,62,255,1390.532,349.613
1427,45,255,47.233,350.900
1428,129,255,116.275,353.322
1429,65,255,177.438,351.315
1430,174,255,294.195,355.287
1431,142,255,334.697,355.986
1432,30,255,569.433,350.167
1433,48,255,67.104,352.958
1434,79,255,444.006,354.437
1435,28,255,589.179,351.750
1436,85,255,871.571,354.206
1437,33,255,993.167,353.015
1438,103,255,1132.209,354.995
1439,32,255,1202.156,352.156
1440,95,255,1236.584,354.289
1441,86,255,1509.256,354.105
1442,60,255,1539.217,353.217
1443,56,255,82.161,353.839
1444,25,255,239.300,353.260
1445,43,255,250.407,353.779
1446,51,255,414.108,354.284
1447,50,255,558.880,354.340
1448,46,255,657.478,354.348
1449,48,255,694.229,353.958
1450,68,255,1112.265,355.882
1451,51,255,1015.069,354.618
1452,89,255,1295.354,356.961
1453,59,255,1426.568,355.720
1454,28,255,56.000,355.107
1455,59,255,582.059,356.737
1456,56,255,884.161,358.161
1457,93,255,1252.382,357.145
1458,104,255,318.423,358.019
1459,58,255,643.241,358.224
1460,54,255,837.167,357.333
1461,77,255,1221.656,357.838
1462,22,255,168.182,356.864
1463,31,255,514.242,357.952
1464,66,255,1162.758,357.621
1465,85,255,375.218,359.735
1466,37,255,594.041,359.392
1467,53,255,634.915,359.104
1468,103,255,927.820,361.791
1469,88,255,960.000,359.648
1470,159,255,361.047,362.934
1471,37,255,62.365,360.446
1472,54,255,242.037,360.870
1473,60,255,779.333,363.033
1474,29,255,786.466,360.707
1475,77,255,992.318,362.006
1476,109,255,157.050,363.757
1477,100,255,223.660,363.780
1478,86,255,471.326,363.500
1479,71,255,484.599,362.401
1480,49,255,619.337,361.847
1481,101,255,894.946,363.658
1482,49,255,1006.969,361.990
1483,44,255,1056.000,362.000
1484,77,255,1146.747,362.383
1485,32,255,1523.875,361.406
1486,65,255,1591.977,362.977
1487,112,255,172.991,366.527
1488,54,255,497.222,363.500
1489,39,255,506.962,363.013
1490,31,255,573.016,362.597
1491,36,255,799.333,362.667
1492,29,255,907.500,362.362
1493,67,255,1264.828,363.575
1494,70,255,1473.971,363.471
1495,73,255,128.144,364.829
1496,123,255,537.638,366.394
1497,102,255,705.902,365.990
1498,52,255,725.635,364.577
1499,90,255,749.700,366.889
1500,37,255,872.581,362.689
1501,35,255,1035.986,363.900
1502,81,255,1306.117,365.117
1503,34,255,1335.471,363.588
1504,83,255,1395.536,364.813
1505,54,255,652.556,364.796
1506,47,255,734.479,364.926
1507,46,255,852.087,364.609
1508,71,255,941.923,366.894
1509,68,255,1371.397,366.118
1510,54,255,109.407,366.130
1511,60,255,276.200,366.483
1512,135,255,395.270,368.707
1513,87,255,418.063,367.362
1514,47,255,1134.798,366.734
1515,66,255,1285.788,368.045
1516,60,255,1424.100,366.567
1517,46,255,524.000,367.478
1518,23,255,833.587,364.935
1519,64,255,1273.406,367.734
1520,53,255,1319.651,367.123
1521,41,255,1509.451,365.939
1522,53,255,1531.236,367.085
1523,41,255,1557.939,367.451
1524,61,255,680.336,368.779
1525,73,255,29.582,369.445
1526,53,255,97.670,369.217
1527,41,255,560.793,368.890
1528,51,255,688.324,369.794
1529,54,255,1180.963,370.019
1530,74,255,1217.838,369.432
1531,74,255,15.324,372.176
1532,101,255,311.985,373.906
1533,58,255,807.155,370.017
1534,72,255,1019.347,370.556
1535,83,255,1105.175,371.669
1536,62,255,1188.968,370.742
1537,51,255,1232.931,370.010
1538,83,255,220.620,372.343
1539,128,255,456.945,374.461
1540,47,255,514.011,371.202
1541,51,255,623.912,371.167
1542,51,255,913.382,372.029
1543,66,255,1384.470,371.561
1544,68,255,1576.691,371.985
1545,73,255,81.432,372.856
1546,58,255,859.241,372.017
1547,38,255,980.316,371.447
1548,106,255,49.575,373.557
1549,62,255,205.581,374.694
1550,58,255,280.879,373.672
1551,70,255,336.929,373.800
1552,51,255,651.402,372.990
1553,79,255,964.019,374.487
1554,67,255,1166.455,373.201
1555,113,255,1456.173,376.305
1556,51,255,147.402,373.500
1557,125,255,262.108,377.844
1558,84,255,378.774,375.667
1559,62,255,568.742,375.871
1560,64,255,611.250,374.188
1561,59,255,798.585,374.534
1562,38,255,827.921,373.158
1563,37,255,1566.581,373.581
1564,23,255,1597.500,372.587
1565,81,255,427.340,376.438
1566,87,255,760.339,375.707
1567,66,255,878.879,375.576
1568,66,255,1008.136,377.136
1569,27,255,1093.648,374.167
1570,71,255,1352.486,375.204
1571,55,255,1415.573,374.973
1572,52,255,1374.942,376.865
1573,94,255,1397.883,378.617
1574,68,255,1510.632,376.338
1575,51,255,1523.735,375.971
1576,120,255,191.067,379.933
1577,62,255,410.597,378.274
1578,32,255,733.500,376.094
1579,48,255,837.917,377.000
1580,50,255,1429.760,376.640
1581,70,255,927.771,378.014
1582,58,255,23.879,379.845
1583,63,255,177.119,379.548
1584,96,255,889.562,381.531
1585,48,255,903.792,378.854
1586,77,255,1059.019,381.331
1587,26,255,35.615,379.154
1588,62,255,244.871,380.806
1589,63,255,819.246,381.119
1590,111,255,1125.842,382.671
1591,51,255,90.363,380.775
1592,25,255,645.740,380.180
1593,37,255,807.986,381.662
1594,51,255,1029.618,381.637
1595,78,255,1043.462,381.667
1596,60,255,1332.967,381.250
1597,103,255,1559.228,383.218
1598,51,255,334.186,382.716
1599,30,255,484.433,381.133
1600,68,255,577.250,384.926
1601,45,255,980.811,382.256
1602,95,255,1202.005,383.468
1603,52,255,1443.865,381.923
1604,62,255,127.613,383.855
1605,29,255,153.017,381.845
1606,115,255,524.361,383.970
1607,40,255,689.200,382.975
1608,73,255,716.075,383.075
1609,59,255,991.042,383.432
1610,55,255,1246.518,382.645
1611,44,255,1365.659,383.841
1612,55,255,1530.718,384.064
1613,69,255,59.514,385.065
1614,30,255,494.533,382.767
1615,45,255,601.744,383.611
1616,48,255,956.042,384.104
1617,55,255,1270.573,383.809
1618,70,255,1463.486,386.414
1619,55,255,111.227,385.955
1620,50,255,142.220,385.540
1621,79,255,366.424,386.449
1622,67,255,554.187,385.112
1623,72,255,678.319,386.347
1624,37,255,1348.176,384.446
1625,65,255,1475.931,385.362
1626,52,255,1593.115,385.692
1627,109,255,747.885,387.821
1628,71,255,1078.613,386.486
1629,47,255,1355.394,386.309
1630,124,255,1502.444,388.290
1631,33,255,10.318,386.742
1632,61,255,97.975,387.746
1633,95,255,161.321,390.321
1634,57,255,312.833,386.640
1635,77,255,401.500,388.760
1636,68,255,627.118,387.544
1637,75,255,847.980,387.287
1638,45,255,1182.144,386.433
1639,52,255,380.250,387.885
1640,68,255,1321.912,389.294
1641,70,255,1542.914,389.543
1642,46,255,46.500,389.413
1643,40,255,118.800,389.500
1644,47,255,905.181,388.564
1645,53,255,289.708,389.953
1646,118,255,343.551,394.331
1647,46,255,417.804,389.826
1648,150,255,209.120,395.140
1649,139,255,643.996,393.025
1650,77,255,801.799,392.474
1651,24,255,829.167,389.833
1652,80,255,1168.213,392.863
1653,103,255,1280.966,393.218
1654,86,255,1293.849,394.012
1655,33,255,1303.500,390.500
1656,30,255,1394.867,390.667
1657,65,255,223.238,393.300
1658,44,255,505.409,391.636
1659,50,255,1063.060,391.760
1660,27,255,1515.278,390.833
1661,77,255,68.162,393.825
1662,78,255,246.397,393.205
1663,67,255,326.993,393.515
1664,23,255,656.804,392.761
1665,40,255,712.325,392.450
1666,55,255,946.700,392.900
1667,34,255,1102.882,392.294
1668,100,255,1151.170,394.640
1669,128,255,1436.039,396.258
1670,51,255,80.716,394.029
1671,32,255,596.531,393.031
1672,56,255,922.304,394.429
1673,61,255,980.992,394.270
1674,67,255,1231.545,394.933
1675,65,255,1332.792,394.500
1676,62,255,16.645,395.597
1677,65,255,303.808,395.115
1678,42,255,429.119,394.381
1679,39,255,490.551,394.218
1680,108,255,534.815,397.269
1681,68,255,548.368,395.662
1682,74,255,1223.014,395.838
1683,46,255,1268.087,394.717
1684,62,255,1410.097,395.129
1685,43,255,1532.849,394.640
1686,103,255,178.956,398.180
1687,56,255,477.464,394.911
1688,27,255,516.426,394.907
1689,71,255,762.373,396.542
1690,49,255,957.459,395.908
1691,42,255,128.310,396.429
1692,54,255,694.833,397.204
1693,34,255,1178.382,396.000
1694,63,255,1371.024,398.008
1695,108,255,1480.481,399.074
1696,61,255,673.467,398.811
1697,47,255,853.032,397.691
1698,46,255,1015.109,397.174
1699,36,255,191.306,398.972
1700,95,255,452.353,401.384
1701,51,255,893.225,399.069
1702,64,255,105.234,400.375
1703,56,255,357.518,399.107
1704,67,255,416.858,400.470
1705,57,255,821.061,400.272
1706,30,255,1306.233,399.767
1707,63,255,92.976,401.214
1708,40,255,237.550,400.675
1709,138,255,268.377,405.152
1710,33,255,736.833,400.561
1711,48,255,930.938,401.250
1712,58,255,1025.621,401.121
1713,32,255,1039.969,400.688
1714,20,255,1192.350,399.400
1715,101,255,1203.955,402.629
1716,99,255,616.773,403.015
1717,56,255,631.643,402.000
1718,29,255,992.810,401.190
1719,108,255,1114.074,404.852
1720,110,255,1245.545,405.555
1721,63,255,1378.786,402.198
1722,117,255,1563.748,405.013
1723,57,255,1593.693,403.412
1724,33,255,496.985,402.045
1725,51,255,1323.657,403.108
1726,117,255,1396.748,405.620
1727,79,255,1517.335,404.639
1728,88,255,142.170,404.761
1729,42,255,430.929,403.310
1730,28,255,508.036,402.857
1731,59,255,784.415,404.415
1732,86,255,811.291,406.174
1733,43,255,964.802,403.942
1734,56,255,1061.929,404.375
1735,84,255,1099.548,404.988
1736,31,255,347.145,405.016
1737,54,255,371.204,405.370
1738,60,255,443.883,406.033
1739,79,255,831.968,406.108
1740,57,255,858.377,405.079
1741,85,255,872.700,406.053
1742,45,255,909.811,405.789
1743,48,255,82.667,406.125
1744,47,255,979.117,405.436
1745,51,255,1008.402,405.500
1746,51,255,1409.853,405.990
1747,60,255,1441.300,406.883
1748,61,255,1462.533,406.762
1749,72,255,1501.319,406.750
1750,55,255,527.936,407.045
1751,76,255,751.408,407.921
1752,74,255,919.770,408.541
1753,172,255,1352.174,410.773
1754,42,255,1367.357,406.690
1755,54,255,42.407,407.870
1756,24,255,281.250,406.833
1757,93,255,645.780,409.242
1758,25,255,720.020,406.740
1759,105,255,1079.614,410.224
1760,62,255,1260.194,408.565
1761,60,255,1451.850,409.050
1762,66,255,125.061,410.394
1763,53,255,514.991,409.425
1764,144,255,662.139,412.917
1765,118,255,691.203,410.814
1766,36,255,176.806,409.639
1767,45,255,192.789,409.811
1768,60,255,226.033,410.817
1769,32,255,335.625,409.344
1770,113,255,381.810,413.420
1771,32,255,471.906,410.469
1772,36,255,481.528,409.556
1773,33,255,585.076,410.045
1774,27,255,736.500,410.130
1775,46,255,1031.326,410.500
1776,103,255,1047.704,412.772
1777,72,255,1156.861,411.208
1778,100,255,1214.650,414.060
1779,31,255,2.274,411.339
1780,93,255,362.091,414.532
1781,57,255,728.167,413.588
1782,139,255,1129.903,415.140
1783,68,255,1313.176,412.971
1784,86,255,59.500,414.163
1785,44,255,434.182,413.864
1786,64,255,405.953,414.641
1787,50,255,549.720,414.540
1788,149,255,563.540,418.044
1789,53,255,596.877,413.764
1790,45,255,796.367,414.056
1791,77,255,982.526,415.747
1792,110,255,1424.264,416.964
1793,27,255,167.907,414.315
1794,70,255,211.757,415.500
1795,57,255,232.114,415.939
1796,24,255,840.500,413.792
1797,55,255,941.173,415.064
1798,58,255,966.810,415.155
1799,56,255,72.643,416.750
1800,80,255,341.462,417.163
1801,34,255,786.706,415.529
1802,62,255,859.613,416.468
1803,100,255,881.090,416.570
1804,136,255,536.250,419.750
1805,34,255,807.647,417.059
1806,138,255,996.493,420.746
1807,38,255,135.684,417.421
1808,79,255,613.804,418.854
1809,45,255,775.211,417.500
1810,59,255,1026.263,418.398
1811,68,255,1303.735,419.471
1812,73,255,1333.226,418.692
1813,68,255,1380.485,418.353
1814,67,255,1494.187,418.261
1815,98,255,250.378,422.673
1816,36,255,1169.917,419.083
1817,33,255,1240.742,418.985
1818,71,255,1395.134,419.373
1819,64,255,324.797,420.906
1820,61,255,833.779,420.779
1821,30,255,17.200,420.267
1822,70,255,192.857,421.814
1823,49,255,424.194,420.622
1824,94,255,743.617,422.702
1825,62,255,1227.258,421.597
1826,88,255,49.409,423.568
1827,85,255,478.912,422.924
1828,65,255,591.685,423.900
1829,44,255,823.318,421.932
1830,76,255,1159.303,423.303
1831,64,255,1195.672,422.531
1832,69,255,1587.978,422.442
1833,38,255,4.211,421.711
1834,93,255,103.005,424.683
1835,66,255,264.439,423.652
1836,42,255,396.357,422.310
1837,64,255,671.672,424.656
1838,38,255,1081.184,422.711
1839,55,255,1470.555,423.173
1840,66,255,163.424,424.970
1841,76,255,307.053,425.408
1842,26,255,509.731,422.808
1843,41,255,581.061,423.963
1844,129,255,720.632,427.260
1845,112,255,1064.304,425.759
1846,59,255,1284.822,424.754
1847,58,255,33.310,424.707
1848,68,255,145.897,425.941
1849,44,255,240.250,425.432
1850,59,255,440.771,425.839
1851,35,255,468.557,424.071
1852,44,255,628.636,424.705
1853,74,255,897.054,425.676
1854,28,255,1275.821,424.071
1855,43,255,1526.453,425.337
1856,87,255,682.362,427.511
1857,36,255,775.500,425.861
1858,58,255,1185.672,427.328
1859,41,255,1344.744,425.744
1860,32,255,617.469,426.594
1861,37,255,785.716,426.419
1862,51,255,869.873,426.814
1863,82,255,124.293,430.537
1864,28,255,134.000,426.714
1865,71,255,227.923,428.275
1866,122,255,295.434,430.852
1867,82,255,1259.293,429.256
1868,71,255,367.387,429.979
1869,56,255,504.000,429.464
1870,80,255,1033.938,430.175
1871,70,255,1354.500,430.000
1872,68,255,82.059,430.603
1873,70,255,112.157,432.757
1874,54,255,548.333,430.444
1875,45,255,604.878,430.256
1876,38,255,15.842,429.895
1877,81,255,705.204,430.932
1878,54,255,795.907,430.556
1879,52,255,907.885,431.096
1880,75,255,1173.980,431.420
1881,53,255,1296.575,431.292
1882,28,255,1401.179,429.857
1883,56,255,1532.625,431.143
1884,29,255,342.776,430.845
1885,82,255,420.915,431.451
1886,52,255,515.327,432.385
1887,41,255,584.354,431.451
1888,40,255,970.600,431.475
1889,66,255,1082.561,432.348
1890,44,255,1124.227,430.886
1891,24,255,8.500,431.792
1892,62,255,33.161,432.855
1893,36,255,627.361,431.889
1894,56,255,806.500,434.268
1895,39,255,820.090,431.962
1896,94,255,1591.415,435.957
1897,58,255,954.328,434.586
1898,62,255,1273.161,434.016
1899,62,255,1484.871,433.984
1900,37,255,355.662,434.257
1901,137,255,402.668,438.237
1902,80,255,937.950,435.637
1903,37,255,1521.365,434.635
1904,68,255,1544.279,435.324
1905,102,255,453.412,437.363
1906,88,255,1136.773,437.693
1907,82,255,1382.024,436.854
1908,40,255,156.425,436.850
1909,109,255,203.170,437.904
1910,79,255,70.981,440.158
1911,67,255,279.739,438.067
1912,57,255,561.044,438.465
1913,22,255,873.136,436.500
1914,78,255,1566.077,438.731
1915,73,255,144.692,439.500
1916,63,255,794.960,439.246
1917,64,255,840.047,439.203
1918,69,255,1157.703,439.384
1919,37,255,473.689,439.878
1920,87,255,828.213,441.718
1921,43,255,1329.360,439.547
1922,75,255,1464.727,440.847
1923,51,255,188.167,441.225
1924,49,255,493.806,440.439
1925,83,255,656.452,442.717
1926,54,255,981.944,441.370
1927,108,255,1229.926,443.194
1928,104,255,1423.067,441.798
1929,77,255,1450.539,442.799
1930,85,255,1513.641,442.747
1931,58,255,433.534,442.259
1932,49,255,698.929,441.643
1933,75,255,900.007,443.127
1934,20,255,1027.900,441.250
1935,71,255,1120.697,442.458
1936,87,255,1357.454,442.879
1937,67,255,1476.560,443.231
1938,26,255,1555.846,441.654
1939,87,255,44.201,445.236
1940,127,255,377.264,444.720
1941,71,255,604.556,444.035
1942,49,255,730.439,442.949
1943,65,255,755.623,443.515
1944,66,255,866.818,443.455
1945,65,255,1164.746,444.438
1946,73,255,1318.158,443.596
1947,66,255,1399.379,443.591
1948,57,255,345.149,443.289
1949,70,255,569.514,445.314
1950,55,255,716.882,444.809
1951,118,255,776.449,447.051
1952,81,255,885.895,445.685
1953,60,255,1082.467,444.700
1954,92,255,8.674,448.207
1955,26,255,123.846,443.500
1956,39,255,172.500,444.218
1957,32,255,264.344,444.406
1958,50,255,286.000,445.000
1959,74,255,628.324,448.514
1960,93,255,958.210,446.403
1961,83,255,1037.934,446.367
1962,57,255,640.553,447.711
1963,23,255,707.065,445.587
1964,44,255,233.455,446.705
1965,62,255,254.371,448.145
1966,32,255,394.969,446.250
1967,58,255,420.793,447.483
1968,60,255,1010.033,448.000
1969,86,255,1105.256,447.779
1970,106,255,1180.491,448.840
1971,89,255,1303.118,448.466
1972,114,255,321.895,449.272
1973,68,255,582.515,448.868
1974,76,255,1382.250,448.434
1975,62,255,969.565,449.661
1976,87,255,1060.029,450.213
1977,63,255,1141.516,449.103
1978,73,255,1217.349,449.952
1979,127,255,450.563,453.138
1980,42,255,462.690,449.571
1981,43,255,1487.802,449.709
1982,79,255,100.222,451.943
1983,45,255,275.567,451.211
1984,66,255,928.485,451.333
1985,130,255,985.600,455.631
1986,24,255,1048.375,449.833
1987,63,255,1127.611,451.833
1988,134,255,1286.306,455.306
1989,75,255,1437.380,451.447
1990,59,255,51.347,452.466
1991,47,255,169.287,450.968
1992,85,255,337.759,453.147
1993,169,255,692.435,455.429
1994,48,255,1319.354,451.667
1995,104,255,126.721,453.558
1996,64,255,185.766,453.594
1997,61,255,294.533,453.811
1998,68,255,475.779,452.559
1999,64,255,678.656,454.094
2000,62,255,214.935,454.242
2001,41,255,266.695,454.451
2002,41,255,1589.768,453.402
2003,65,255,237.485,455.854
2004,68,255,303.397,456.368
2005,64,255,517.828,455.562
2006,77,255,558.396,455.981
2007,154,255,738.448,457.234
2008,31,255,1572.371,454.242
2009,56,255,193.964,456.125
2010,77,255,755.513,456.903
2011,76,255,860.487,456.961
2012,69,255,1545.326,456.848
2013,68,255,24.456,459.412
2014,102,255,535.539,458.598
2015,80,255,1001.962,458.900
2016,24,255,1046.375,456.875
2017,49,255,1084.398,456.827
2018,40,255,1255.775,456.875
2019,85,255,1271.512,457.606
2020,44,255,1582.523,457.182
2021,124,255,73.831,460.452
2022,98,255,359.786,460.061
2023,109,255,1498.757,459.775
2024,47,255,153.521,459.074
2025,73,255,419.322,460.377
2026,46,255,611.348,458.717
2027,32,255,791.812,458.750
2028,42,255,807.238,460.429
2029,107,255,823.715,461.005
2030,126,255,886.468,460.548
2031,102,255,1108.853,460.304
2032,58,255,1246.914,460.293
2033,71,255,1553.373,460.317
2034,29,255,224.224,459.224
2035,32,255,769.750,458.969
2036,52,255,171.923,461.250
2037,119,255,652.525,463.693
2038,135,255,1146.122,462.493
2039,45,255,1187.478,461.233
2040,88,255,1529.398,462.080
2041,82,255,385.793,462.610
2042,26,255,403.192,460.538
2043,130,255,902.508,465.677
2044,114,255,932.833,464.088
2045,87,255,1176.489,464.293
2046,66,255,1464.273,463.303
2047,24,255,204.625,462.167
2048,86,255,470.570,463.930
2049,29,255,552.914,462.224
2050,151,255,597.937,467.017
2051,62,255,625.613,462.903
2052,124,255,843.121,464.621
2053,53,255,1164.802,464.594
2054,48,255,31.458,464.271
2055,58,255,515.431,464.483
2056,68,255,1227.397,465.103
2057,94,255,1407.628,465.596
2058,22,255,97.364,463.864
2059,127,255,248.634,469.138
2060,24,255,331.917,464.292
2061,78,255,428.744,466.346
2062,44,255,864.023,464.477
2063,57,255,45.518,466.360
2064,57,255,60.430,465.904
2065,46,255,231.391,466.348
2066,69,255,314.254,466.717
2067,35,255,489.700,464.957
2068,54,255,1297.648,466.000
2069,81,255,1360.944,467.043
2070,29,255,1598.121,465.879
2071,41,255,160.524,466.622
2072,85,255,578.018,468.053
2073,43,255,1331.779,467.430
2074,66,255,1420.864,467.545
2075,55,255,105.591,468.300
2076,85,255,705.594,468.971
2077,96,255,1212.375,469.292
2078,34,255,1444.147,467.412
2079,43,255,285.895,469.407
2080,60,255,1085.817,469.750
2081,73,255,1320.705,470.884
2082,64,255,323.906,471.734
2083,80,255,477.450,474.188
2084,66,255,731.530,471.197
2085,99,255,1027.308,472.025
2086,42,255,1346.833,470.524
2087,97,255,148.242,474.995
2088,101,255,667.777,473.213
2089,47,255,1477.819,472.606
2090,82,255,24.537,473.695
2091,108,255,546.222,475.167
2092,49,255,868.786,473.602
2093,65,255,1505.654,473.700
2094,59,255,1518.415,473.788
2095,37,255,88.635,473.365
2096,40,255,532.450,473.525
2097,120,255,994.792,476.050
2098,58,255,1074.552,474.569
2099,58,255,1375.103,474.017
2100,57,255,214.096,475.675
2101,48,255,264.438,475.625
2102,40,255,360.425,474.575
2103,47,255,396.862,475.287
2104,77,255,781.682,476.253
2105,50,255,1096.040,474.760
2106,79,255,1261.310,476.006
2107,24,255,1243.000,474.500
2108,77,255,11.760,478.357
2109,50,255,138.180,478.040
2110,79,255,170.019,478.348
2111,86,255,764.209,479.291
2112,44,255,812.545,476.795
2113,52,255,1538.115,477.173
2114,45,255,113.633,478.167
2115,70,255,225.114,479.129
2116,53,255,236.104,478.840
2117,88,255,292.614,478.205
2118,48,255,524.125,479.208
2119,103,255,678.102,480.646
2120,66,255,888.909,477.864
2121,90,255,1066.711,483.211
2122,78,255,1277.808,479.744
2123,25,255,1336.660,476.780
2124,58,255,1458.086,478.586
2125,37,255,158.581,478.554
2126,75,255,1362.193,480.660
2127,93,255,1400.995,480.973
2128,47,255,1559.479,478.926
2129,99,255,506.551,480.652
2130,90,255,1039.278,486.111
2131,56,255,1235.804,480.375
2132,39,255,633.782,481.577
2133,109,255,979.839,483.115
2134,102,255,1181.529,482.451
2135,63,255,1342.770,481.706
2136,74,255,1485.176,482.189
2137,51,255,64.127,482.304
2138,27,255,311.907,480.574
2139,50,255,447.120,481.680
2140,105,255,561.519,483.614
2141,68,255,1048.132,483.765
2142,31,255,190.145,482.629
2143,59,255,256.212,483.839
2144,113,255,415.588,485.031
2145,56,255,467.214,483.893
2146,76,255,832.408,483.789
2147,64,255,1312.578,484.062
2148,37,255,179.149,484.122
2149,40,255,365.925,483.075
2150,69,255,582.007,485.123
2151,37,255,1389.608,483.608
2152,86,255,79.442,486.070
2153,127,255,942.272,486.642
2154,51,255,1547.931,485.716
2155,43,255,747.826,485.360
2156,77,255,1575.474,486.435
2157,21,255,811.881,484.929
2158,52,255,1206.077,487.154
2159,133,255,1291.643,489.921
2160,22,255,1465.727,485.591
2161,59,255,130.975,488.669
2162,103,255,237.228,491.947
2163,36,255,478.111,487.639
2164,71,255,1529.387,488.852
2165,75,255,205.980,489.287
2166,58,255,1512.759,489.966
2167,81,255,92.290,491.117
2168,80,255,693.900,491.762
2169,125,255,1142.740,491.980
2170,98,255,1376.949,491.776
2171,99,255,1437.066,491.429
2172,82,255,111.183,492.927
2173,25,255,309.940,489.620
2174,115,255,776.996,493.378
2175,105,255,1004.938,493.557
2176,45,255,1095.856,490.833
2177,47,255,149.053,491.351
2178,99,255,324.035,493.187
2179,109,255,398.390,493.601
2180,89,255,1164.287,494.500
2181,60,255,1393.417,492.067
2182,54,255,1451.519,493.056
2183,85,255,11.241,494.276
2184,99,255,60.318,494.258
2185,88,255,180.864,493.727
2186,85,255,275.759,493.876
2187,49,255,361.806,493.153
2188,36,255,503.528,492.222
2189,98,255,639.173,495.204
2190,67,255,655.784,494.112
2191,115,255,916.283,494.813
2192,141,255,1275.365,496.422
2193,52,255,1362.288,493.154
2194,101,255,1486.252,494.708
2195,74,255,1556.486,497.365
2196,52,255,222.808,493.731
2197,65,255,261.546,494.469
2198,106,255,1422.500,496.283
2199,32,255,334.281,494.500
2200,106,255,823.613,496.585
2201,86,255,1127.233,496.081
2202,74,255,298.405,496.919
2203,66,255,352.833,496.970
2204,82,255,431.622,497.049
2205,132,255,901.136,499.477
2206,38,255,1179.500,495.000
2207,36,255,311.556,496.417
2208,41,255,517.671,497.598
2209,110,255,606.718,500.155
2210,117,255,1306.662,500.483
2211,74,255,18.649,500.054
2212,53,255,38.462,498.575
2213,67,255,127.963,498.142
2214,73,255,508.226,499.541
2215,42,255,626.548,497.667
2216,54,255,839.000,498.426
2217,123,255,865.256,499.768
2218,69,255,932.268,499.239
2219,82,255,1506.500,498.817
2220,21,255,1547.405,496.595
2221,45,255,675.900,499.967
2222,71,255,795.204,498.880
2223,66,255,1087.227,499.364
2224,58,255,1211.741,498.966
2225,39,255,684.500,500.654
2226,43,255,810.616,499.616
2227,28,255,989.000,499.000
2228,76,255,1246.355,501.053
2229,42,255,1339.595,500.762
2230,123,255,1402.671,504.020
2231,77,255,167.786,503.149
2232,23,255,319.717,500.196
2233,48,255,749.062,501.229
2234,35,255,1574.786,501.129
2235,62,255,202.048,502.016
2236,101,255,528.401,503.599
2237,60,255,847.033,503.050
2238,44,255,1594.023,502.477
2239,82,255,149.622,504.134
2240,84,255,481.548,505.024
2241,164,255,1196.091,508.701
2242,50,255,45.900,503.800
2243,29,255,73.052,502.810
2244,48,255,337.875,504.625
2245,71,255,366.810,505.049
2246,66,255,396.894,504.091
2247,53,255,2.632,505.991
2248,136,255,443.368,508.059
2249,105,255,1053.129,505.967
2250,66,255,275.364,506.364
2251,63,255,1181.881,506.325
2252,102,255,1357.147,507.618
2253,28,255,567.000,506.000
2254,58,255,721.983,507.362
2255,111,255,1069.050,507.977
2256,111,255,1114.581,509.464
2257,31,255,1223.113,505.823
2258,131,255,291.408,511.042
2259,51,255,34.912,509.363
2260,88,255,374.955,510.386
2261,21,255,385.929,508.119
2262,125,255,991.140,511.876
2263,52,255,1126.885,508.750
2264,66,255,1156.424,509.091
2265,114,255,117.991,511.211
2266,110,255,188.791,512.009
2267,103,255,420.966,511.646
2268,70,255,1226.414,512.014
2269,57,255,1276.096,510.360
2270,61,255,1585.041,510.648
2271,129,255,100.833,513.888
2272,56,255,553.804,511.804
2273,36,255,641.028,510.528
2274,91,255,787.258,512.676
2275,86,255,885.837,511.953
2276,92,255,960.152,512.207
2277,70,255,1171.329,512.086
2278,88,255,587.909,513.125
2279,63,255,607.056,512.341
2280,41,255,207.207,512.646
2281,56,255,227.268,513.643
2282,23,255,354.326,512.065
2283,89,255,495.174,513.972
2284,80,255,701.112,513.837
2285,62,255,1243.919,512.548
2286,78,255,572.667,515.077
2287,94,255,747.894,515.074
2288,125,255,1416.556,516.228
2289,44,255,87.977,515.682
2290,33,255,407.288,514.803
2291,52,255,799.750,514.827
2292,99,255,1021.904,517.702
2293,51,255,44.069,516.206
2294,39,255,237.859,515.372
2295,122,255,878.295,519.041
2296,56,255,1344.625,517.214
2297,69,255,1528.036,517.645
2298,82,255,342.988,517.610
2299,76,255,711.684,519.434
2300,67,255,978.440,517.619
2301,64,255,1334.156,517.938
2302,87,255,1516.201,519.466
2303,32,255,28.156,517.219
2304,94,255,72.660,521.489
2305,126,255,1479.444,519.849
2306,108,255,1502.111,519.324
2307,60,255,130.950,519.767
2308,40,255,324.300,518.975
2309,43,255,459.523,519.500
2310,70,255,650.243,520.471
2311,61,255,1010.418,519.844
2312,25,255,1278.940,517.420
2313,32,255,508.812,519.125
2314,82,255,1204.098,521.671
2315,79,255,1234.842,521.272
2316,104,255,1401.606,523.548
2317,65,255,18.592,521.854
2318,118,255,685.585,522.441
2319,133,255,734.703,524.801
2320,91,255,840.159,522.709
2321,122,255,1085.877,523.475
2322,52,255,1139.269,521.481
2323,87,255,1322.925,523.511
2324,113,255,1447.978,522.243
2325,128,255,860.180,523.742
2326,68,255,947.456,523.029
2327,22,255,961.773,520.864
2328,89,255,1105.781,524.230
2329,121,255,1384.079,524.335
2330,44,255,1434.182,521.705
2331,29,255,58.672,522.362
2332,39,255,217.910,522.372
2333,67,255,1071.754,523.560
2334,68,255,1123.118,523.059
2335,100,255,118.530,525.890
2336,27,255,263.056,524.611
2337,89,255,274.219,527.275
2338,30,255,448.667,524.567
2339,76,255,722.276,526.513
2340,46,255,1566.370,525.674
2341,34,255,180.353,524.912
2342,61,255,225.779,526.549
2343,110,255,543.109,529.055
2344,73,255,918.377,526.870
2345,41,255,1191.012,525.500
2346,84,255,1305.750,527.095
2347,21,255,163.643,525.500
2348,23,255,422.022,525.717
2349,113,255,498.358,529.146
2350,108,255,822.935,528.537
2351,90,255,1038.389,528.289
2352,46,255,1145.674,528.848
2353,42,255,1154.524,527.405
2354,74,255,252.432,529.676
2355,57,255,347.360,528.482
2356,49,255,1002.582,528.541
2357,96,255,1589.583,529.156
2358,56,255,198.143,528.750
2359,50,255,380.840,528.560
2360,23,255,401.457,528.326
2361,87,255,482.477,530.247
2362,31,255,928.403,529.242
2363,86,255,1274.814,529.500
2364,134,255,1537.231,531.784
2365,80,255,299.488,530.575
2366,50,255,410.320,531.200
2367,46,255,522.696,530.261
2368,57,255,655.711,529.939
2369,79,255,988.918,531.082
2370,60,255,35.583,531.900
2371,62,255,102.823,531.500
2372,97,255,323.232,531.964
2373,42,255,357.690,530.643
2374,63,255,586.579,532.151
2375,56,255,675.821,531.857
2376,116,255,898.241,533.388
2377,55,255,1413.918,531.027
2378,36,255,92.361,531.972
2379,23,255,462.239,530.543
2380,83,255,600.054,533.187
2381,69,255,757.022,532.558
2382,103,255,936.956,535.073
2383,96,255,958.625,534.104
2384,88,255,1059.898,533.648
2385,73,255,422.747,533.664
2386,89,255,512.500,535.275
2387,68,255,568.147,534.794
2388,52,255,700.462,532.442
2389,74,255,794.176,533.500
2390,71,255,1353.739,533.852
2391,48,255,1436.646,533.292
2392,54,255,1499.481,532.759
2393,117,255,143.944,537.218
2394,30,255,188.567,533.900
2395,49,255,1132.316,534.357
2396,36,255,1343.056,533.806
2397,89,255,1367.208,535.500
2398,74,255,158.932,535.554
2399,102,255,1476.725,536.284
2400,63,255,62.833,536.754
2401,116,255,214.526,538.328
2402,27,255,331.574,535.389
2403,70,255,49.600,537.886
2404,109,255,374.784,539.188
2405,77,255,552.565,537.994
2406,53,255,1035.651,536.745
2407,39,255,1289.269,536.346
2408,118,255,1255.619,541.695
2409,46,255,8.935,538.826
2410,57,255,278.272,539.430
2411,95,255,465.889,543.163
2412,61,255,449.648,540.697
2413,98,255,1150.398,540.878
2414,47,255,1490.117,539.798
2415,104,255,346.413,543.317
2416,97,255,755.418,541.552
2417,51,255,970.775,540.775
2418,75,255,1227.713,542.727
2419,154,255,1550.695,542.357
2420,59,255,1569.025,541.924
2421,84,255,1504.345,543.976
2422,41,255,1589.476,541.207
2423,38,255,31.184,542.684
2424,74,255,388.081,546.568
2425,50,255,439.680,543.260
2426,38,255,835.526,541.868
2427,46,255,896.565,542.326
2428,94,255,1088.245,544.415
2429,131,255,1189.454,545.996
2430,148,255,1213.993,548.736
2431,57,255,1465.939,544.289
2432,75,255,411.967,545.593
2433,66,255,169.955,546.212
2434,75,255,639.887,545.940
2435,88,255,700.000,547.205
2436,52,255,795.519,545.135
2437,83,255,1028.380,546.199
2438,89,255,101.826,548.815
2439,88,255,229.330,547.205
2440,165,255,518.797,550.130
2441,44,255,880.977,545.545
2442,42,255,918.714,546.619
2443,23,255,992.630,545.152
2444,80,255,1351.525,546.425
2445,71,255,1583.176,547.542
2446,89,255,183.882,548.455
2447,126,255,716.627,550.071
2448,77,255,1421.409,549.357
2449,82,255,156.220,549.390
2450,67,255,871.201,548.993
2451,33,255,647.500,549.379
2452,64,255,780.094,549.875
2453,38,255,1284.184,549.132
2454,57,255,1376.149,549.289
2455,86,255,1397.442,549.326
2456,89,255,19.556,549.815
2457,31,255,52.242,548.952
2458,48,255,424.854,549.479
2459,84,255,1443.381,551.048
2460,55,255,1475.209,550.682
2461,46,255,66.826,550.717
2462,60,255,83.983,551.400
2463,107,255,262.958,552.575
2464,73,255,339.568,552.938
2465,197,255,1067.069,554.556
2466,93,255,1328.414,552.317
2467,92,255,371.370,552.880
2468,28,255,969.107,550.786
2469,39,255,1116.987,552.603
2470,38,255,1167.974,550.842
2471,46,255,2.348,554.174
2472,111,255,202.599,556.527
2473,119,255,246.155,553.937
2474,81,255,292.191,554.858
2475,115,255,567.239,553.630
2476,81,255,601.093,554.241
2477,61,255,978.156,554.139
2478,142,255,995.662,558.077
2479,78,255,1109.179,555.282
2480,85,255,1278.112,555.394
2481,79,255,1313.639,554.601
2482,47,255,303.606,554.862
2483,53,255,859.142,554.368
2484,28,255,143.143,554.143
2485,74,255,420.324,556.324
2486,50,255,615.220,555.920
2487,34,255,810.088,555.265
2488,68,255,837.074,554.662
2489,69,255,1038.268,555.935
2490,62,255,1363.629,556.823
2491,68,255,1431.471,556.838
2492,98,255,1522.837,558.480
2493,27,255,1550.574,553.352
2494,73,255,1234.664,556.938
2495,38,255,741.816,557.447
2496,45,255,1130.300,557.611
2497,57,255,1492.412,557.360
2498,71,255,753.923,560.092
2499,41,255,1245.646,557.646
2500,81,255,1511.673,559.957
2501,66,255,62.061,558.848
2502,35,255,274.900,558.014
2503,62,255,324.355,559.323
2504,93,255,453.522,560.306
2505,42,255,128.214,559.190
2506,37,255,629.959,560.635
2507,45,255,658.878,560.500
2508,48,255,74.229,561.167
2509,58,255,503.552,561.397
2510,31,255,686.629,559.823
2511,86,255,912.640,561.744
2512,74,255,1404.081,562.324
2513,39,255,1415.833,560.372
2514,87,255,187.052,563.799
2515,151,255,356.089,565.295
2516,168,255,785.565,563.696
2517,65,255,14.377,563.962
2518,78,255,478.526,563.795
2519,45,255,568.211,562.411
2520,49,255,733.316,563.276
2521,41,255,861.183,563.598
2522,52,255,229.038,563.673
2523,28,255,1017.286,563.143
2524,125,255,1175.732,566.652
2525,78,255,131.872,566.769
2526,37,255,405.986,565.068
2527,38,255,1217.947,564.026
2528,139,255,1267.622,567.953
2529,36,255,1321.361,565.056
2530,70,255,310.457,567.100
2531,24,255,667.792,565.083
2532,47,255,811.649,566.521
2533,148,255,936.959,568.581
2534,65,255,1149.192,566.685
2535,34,255,1429.500,565.500
2536,94,255,37.426,568.138
2537,113,255,679.934,568.712
2538,23,255,740.239,566.196
2539,46,255,801.783,567.652
2540,44,255,1124.318,567.750
2541,146,255,1382.295,570.938
2542,133,255,236.470,572.440
2543,83,255,647.524,569.620
2544,37,255,1287.041,567.716
2545,145,255,389.597,573.334
2546,36,255,436.917,568.444
2547,69,255,444.616,571.007
2548,57,255,535.623,569.412
2549,26,255,701.615,568.077
2550,110,255,823.736,571.082
2551,56,255,977.393,570.054
2552,40,255,1233.575,568.225
2553,105,255,1248.748,570.729
2554,27,255,1341.759,568.019
2555,93,255,293.070,571.403
2556,153,255,1045.245,575.729
2557,104,255,1201.433,571.942
2558,115,255,1350.804,572.335
2559,101,255,87.678,573.173
2560,70,255,218.657,571.371
2561,117,255,517.654,573.286
2562,30,255,606.433,569.333
2563,132,255,1534.955,574.189
2564,44,255,910.750,572.432
2565,62,255,1016.629,573.129
2566,82,255,1439.317,574.159
2567,77,255,252.383,575.097
2568,69,255,880.283,575.761
2569,58,255,1227.810,574.603
2570,52,255,1554.788,574.654
2571,45,255,121.167,574.856
2572,40,255,167.375,574.750
2573,40,255,869.650,575.175
2574,79,255,1087.082,575.677
2575,63,255,1155.405,576.278
2576,100,255,1409.550,576.520
2577,70,255,1497.157,576.629
2578,99,255,1313.985,577.217
2579,120,255,145.958,578.433
2580,67,255,412.963,577.112
2581,41,255,661.915,577.354
2582,26,255,1588.000,575.500
2583,113,255,275.987,579.960
2584,79,255,367.070,579.335
2585,46,255,530.326,578.217
2586,65,255,22.885,579.177
2587,75,255,173.887,579.633
2588,53,255,326.972,578.726
2589,32,255,469.938,578.062
2590,29,255,692.672,578.776
2591,88,255,925.943,579.693
2592,81,255,203.056,581.019
2593,125,255,585.724,582.300
2594,33,255,889.379,580.045
2595,23,255,504.543,580.239
2596,55,255,842.027,581.755
2597,90,255,899.244,582.744
2598,80,255,974.212,581.875
2599,53,255,1205.858,581.500
2600,30,255,1510.600,579.733
2601,49,255,2.643,582.786
2602,82,255,566.902,583.220
2603,108,255,626.917,583.852
2604,85,255,1009.347,582.959
2605,135,255,1367.300,586.707
2606,54,255,493.981,582.926
2607,72,255,831.972,584.472
2608,104,255,1025.144,585.385
2609,127,255,1443.500,586.382
2610,63,255,224.833,585.214
2611,101,255,461.193,585.936
2612,57,255,1456.465,585.500
2613,64,255,50.406,585.672
2614,53,255,123.726,584.953
2615,145,255,790.403,589.307
2616,51,255,1479.559,585.794
2617,84,255,1516.488,587.381
2618,132,255,68.083,586.750
2619,136,255,95.390,589.735
2620,30,255,311.733,586.000
2621,61,255,442.172,586.402
2622,91,255,918.434,589.269
2623,45,255,1062.544,585.278
2624,48,255,1091.083,586.062
2625,77,255,1134.552,587.032
2626,32,255,1237.719,585.031
2627,53,255,807.802,587.594
2628,110,255,872.300,589.118
2629,27,255,344.352,586.500
2630,50,255,1110.320,588.240
2631,78,255,1297.205,588.744
2632,45,255,35.789,588.833
2633,49,255,112.173,589.235
2634,66,255,320.758,589.697
2635,57,255,411.061,589.342
2636,28,255,522.571,587.714
2637,22,255,821.500,588.364
2638,53,255,1194.179,588.991
2639,95,255,1255.563,590.826
2640,65,255,1266.208,589.408
2641,47,255,1325.138,589.436
2642,40,255,1597.300,590.525
2643,95,255,167.005,591.574
2644,44,255,730.977,590.364
2645,27,255,760.019,590.130
2646,40,255,778.225,590.550
2647,113,255,1344.208,592.544
2648,51,255,1432.461,590.794
2649,28,255,1586.536,589.786
2650,21,255,396.500,589.500
2651,24,255,513.042,590.167
2652,33,255,750.652,590.773
2653,78,255,1536.359,592.667
2654,47,255,1577.415,591.160
2655,42,255,192.357,591.024
2656,78,255,218.885,593.308
2657,95,255,332.542,594.511
2658,34,255,768.000,591.618
2659,147,255,994.854,595.949
2660,35,255,1011.443,590.929
2661,91,255,152.731,594.643
2662,102,255,738.735,595.853
2663,65,255,1377.685,594.346
2664,57,255,1501.658,593.202
2665,73,255,80.253,594.979
2666,36,255,559.472,594.083
2667,58,255,1056.448,593.466
2668,33,255,1091.015,593.742
2669,109,255,1146.243,596.326
2670,56,255,367.554,594.696
2671,89,255,468.657,597.140
2672,57,255,851.886,595.816
2673,45,255,862.078,595.633
2674,50,255,932.300,595.460
2675,111,255,968.527,596.689
2676,28,255,56.393,595.536
2677,110,255,817.455,599.336
2678,55,255,1552.064,596.391
2679,108,255,285.981,599.907
2680,111,255,307.707,601.392
2681,85,255,547.065,598.571
2682,77,255,941.773,598.578
2683,43,255,1036.384,596.500
2684,37,255,683.959,596.743
2685,78,255,710.744,598.936
2686,61,255,1072.189,599.205
2687,53,255,1305.236,598.330
2688,144,255,1104.521,601.403
2689,62,255,1189.194,600.274
2690,71,255,1241.246,600.514
2691,122,255,1270.098,601.098
2692,34,255,296.676,600.324
2693,56,255,892.250,600.054
2694,51,255,174.755,600.971
2695,107,255,1043.893,603.145
2696,22,255,1288.773,600.909
2697,92,255,1462.533,603.250
2698,130,255,123.700,605.685
2699,88,255,1313.023,604.784
2700,75,255,1561.927,603.620
2701,58,255,525.017,605.224
2702,29,255,586.845,602.431
2703,85,255,1427.465,604.841
2704,36,255,1598.139,605.222
2705,36,255,37.528,604.444
2706,50,255,243.100,604.840
2707,42,255,402.357,604.310
2708,126,255,434.659,608.238
2709,94,255,729.543,607.213
2710,110,255,777.918,607.482
2711,29,255,1201.121,603.776
2712,74,255,168.757,608.662
2713,28,255,216.357,604.107
2714,33,255,921.500,604.803
2715,57,255,1122.658,605.798
2716,88,255,1221.966,607.557
2717,22,255,1509.364,605.273
2718,22,255,1.409,607.000
2719,51,255,103.892,606.716
2720,75,255,392.300,608.113
2721,45,255,1386.322,607.367
2722,112,255,503.250,609.884
2723,102,255,858.569,608.794
2724,70,255,982.371,608.529
2725,54,255,1008.426,609.648
2726,156,255,1162.000,611.519
2727,70,255,1448.757,609.071
2728,66,255,1519.379,609.091
2729,87,255,416.167,610.569
2730,59,255,536.347,610.229
2731,64,255,1019.375,610.328
2732,128,255,1494.000,611.273
2733,36,255,29.611,609.667
2734,54,255,203.815,610.963
2735,133,255,255.598,613.944
2736,60,255,909.583,610.867
2737,71,255,268.739,611.430
2738,70,255,592.000,611.500
2739,42,255,1029.786,611.262
2740,71,255,376.035,613.570
2741,102,255,645.353,613.588
2742,37,255,872.662,611.203
2743,68,255,1331.853,613.647
2744,109,255,1414.096,613.977
2745,30,255,325.400,611.467
2746,148,255,685.514,615.547
2747,131,255,817.233,614.149
2748,28,255,1208.286,612.429
2749,122,255,1475.705,615.746
2750,80,255,59.400,615.513
2751,105,255,452.290,617.119
2752,72,255,700.417,616.347
2753,70,255,997.643,615.629
2754,101,255,1076.134,615.490
2755,52,255,1342.519,615.192
2756,84,255,89.429,616.774
2757,86,255,793.663,616.570
2758,66,255,1143.364,615.348
2759,25,255,1529.820,614.340
2760,76,255,24.158,618.842
2761,46,255,80.348,616.978
2762,63,255,960.913,616.262
2763,26,255,40.500,616.154
2764,86,255,209.605,618.512
2765,105,255,341.767,618.129
2766,51,255,366.127,617.363
2767,101,255,487.946,619.163
2768,104,255,515.029,618.731
2769,75,255,560.327,618.687
2770,56,255,830.679,617.429
2771,75,255,894.273,618.300
2772,157,255,1126.799,621.010
2773,43,255,1278.849,617.384
2774,71,255,1433.979,617.951
2775,40,255,1540.150,616.850
2776,149,255,182.540,620.802
2777,40,255,719.550,617.325
2778,46,255,1217.065,619.565
2779,68,255,1379.368,618.515
2780,68,255,1559.853,618.368
2781,84,255,574.798,620.464
2782,106,255,1240.057,620.491
2783,29,255,372.086,620.741
2784,36,255,411.389,619.056
2785,56,255,873.804,620.143
2786,58,255,928.310,620.362
2787,72,255,983.986,620.944
2788,37,255,287.500,621.014
2789,105,255,302.700,622.995
2790,31,255,762.726,621.435
2791,125,255,1270.228,625.556
2792,22,255,1322.500,619.773
2793,68,255,1394.735,623.000
2794,29,255,9.086,620.569
2795,110,255,318.218,623.336
2796,32,255,431.000,621.375
2797,79,255,770.981,623.196
2798,36,255,1420.278,623.000
2799,49,255,662.582,623.439
2800,129,255,845.740,626.074
2801,76,255,947.408,624.276
2802,119,255,1093.828,626.282
2803,78,255,1405.282,625.744
2804,137,255,131.931,628.989
2805,49,255,440.173,625.276
2806,102,255,1591.696,625.990
2807,65,255,104.300,626.377
2808,87,255,155.305,628.293
2809,53,255,232.425,626.142
2810,94,255,1159.309,627.181
2811,98,255,1539.133,627.633
2812,69,255,69.297,626.268
2813,63,255,344.516,627.087
2814,66,255,360.061,627.288
2815,64,255,398.297,627.688
2816,86,255,1191.023,628.826
2817,136,255,1482.132,630.691
2818,136,255,34.949,632.625
2819,43,255,168.337,627.593
2820,94,255,220.426,629.255
2821,92,255,1051.641,628.946
2822,49,255,281.214,628.990
2823,83,255,723.898,629.886
2824,79,255,117.753,631.373
2825,44,255,888.159,629.477
2826,110,255,55.373,633.445
2827,49,255,375.071,631.908
2828,38,255,959.289,629.711
2829,126,255,1252.063,634.873
2830,165,255,1320.155,634.439
2831,39,255,1430.551,631.936
2832,65,255,1066.885,632.838
2833,62,255,1282.823,632.871
2834,125,255,260.260,634.388
2835,55,255,320.100,633.300
2836,36,255,757.528,631.972
2837,81,255,820.710,634.228
2838,43,255,860.523,633.151
2839,22,255,1204.591,631.409
2840,20,255,1569.750,631.250
2841,77,255,1581.032,634.435
2842,41,255,900.988,633.720
2843,101,255,1384.401,635.866
2844,52,255,1120.827,634.365
2845,52,255,1215.923,634.288
2846,120,255,1299.400,637.242
2847,146,255,1359.432,637.178
2848,49,255,70.173,635.622
2849,75,255,87.940,637.273
2850,162,255,491.154,639.648
2851,59,255,810.941,637.212
2852,70,255,463.186,638.000
2853,58,255,610.534,636.724
2854,115,255,622.996,639.735
2855,82,255,950.902,637.939
2856,49,255,430.010,638.806
2857,40,255,521.350,638.625
2858,38,255,847.947,636.974
2859,47,255,1133.415,638.223
2860,41,255,380.134,639.207
2861,97,255,391.820,641.479
2862,64,255,79.719,641.422
2863,31,255,549.339,638.694
2864,59,255,712.212,640.975
2865,61,255,776.008,641.352
2866,41,255,1031.500,639.500
2867,75,255,1562.953,640.553
2868,73,255,2.568,644.610
2869,37,255,527.446,640.743
2870,24,255,658.625,640.167
2871,74,255,761.730,641.784
2872,44,255,1089.682,640.727
2873,28,255,1341.929,639.821
2874,69,255,215.645,642.254
2875,47,255,580.713,641.606
2876,110,255,698.645,644.482
2877,108,255,1199.796,644.046
2878,117,255,1394.953,645.124
2879,121,255,176.599,645.781
2880,109,255,416.610,645.381
2881,68,255,568.103,643.397
2882,29,255,673.190,642.707
2883,89,255,361.826,645.073
2884,32,255,726.344,643.719
2885,26,255,843.000,642.500
2886,122,255,1054.754,646.336
2887,21,255,1332.167,642.833
2888,59,255,1465.568,644.347
2889,105,255,1533.386,645.157
2890,74,255,403.784,646.730
2891,86,255,477.919,648.163
2892,74,255,543.514,645.338
2893,70,255,1593.829,646.314
2894,29,255,200.672,644.603
2895,65,255,452.931,646.515
2896,73,255,935.911,646.651
2897,36,255,961.389,644.944
2898,75,255,1022.553,646.220
2899,54,255,1118.370,645.667
2900,92,255,1262.163,647.152
2901,134,255,103.157,648.343
2902,62,255,235.000,646.581
2903,33,255,519.833,646.682
2904,55,255,589.900,647.227
2905,37,255,46.176,647.635
2906,140,255,341.421,650.836
2907,40,255,1149.950,647.600
2908,63,255,1412.056,648.468
2909,80,255,1500.312,649.163
2910,54,255,719.574,650.000
2911,98,255,806.235,650.582
2912,108,255,1169.454,650.898
2913,93,255,1437.511,650.758
2914,43,255,904.360,649.756
2915,84,255,1451.548,651.631
2916,22,255,683.318,650.682
2917,112,255,975.429,653.589
2918,59,255,838.364,652.720
2919,33,255,1294.591,651.348
2920,62,255,244.903,653.968
2921,30,255,485.400,652.900
2922,93,255,605.489,654.478
2923,77,255,855.773,653.617
2924,102,255,956.833,654.706
2925,90,255,1321.644,654.844
2926,55,255,1489.555,654.118
2927,85,255,52.606,654.300
2928,138,255,121.739,654.804
2929,70,255,200.243,654.043
2930,69,255,558.572,655.268
2931,99,255,1009.631,656.510
2932,63,255,1045.548,654.833
2933,69,255,1310.790,657.486
2934,114,255,23.070,657.219
2935,72,255,294.639,656.389
2936,54,255,632.907,655.074
2937,26,255,1126.269,654.423
2938,99,255,1521.237,656.793
2939,115,255,371.309,656.978
2940,129,255,748.399,657.841
2941,24,255,779.708,654.500
2942,67,255,790.724,656.843
2943,68,255,815.912,658.309
2944,73,255,989.651,656.582
2945,83,255,1361.946,656.873
2946,88,255,167.580,658.375
2947,95,255,660.363,658.353
2948,47,255,1023.479,656.223
2949,100,255,1213.810,658.660
2950,71,255,1576.725,657.739
2951,51,255,692.794,657.598
2952,56,255,905.875,658.071
2953,75,255,314.513,659.927
2954,43,255,672.965,659.267
2955,55,255,773.282,661.518
2956,60,255,1260.617,658.900
2957,52,255,148.577,658.404
2958,57,255,395.482,660.605
2959,99,255,642.449,663.510
2960,58,255,578.103,662.086
2961,100,255,1241.580,663.650
2962,56,255,1447.000,662.571
2963,63,255,9.675,663.579
2964,24,255,219.250,661.875
2965,76,255,803.961,664.145
2966,30,255,868.133,662.000
2967,32,255,937.500,661.719
2968,108,255,1390.620,665.139
2969,71,255,1462.106,663.373
2970,25,255,1544.620,662.140
2971,76,255,33.908,667.395
2972,141,255,918.323,666.294
2973,35,255,981.443,663.843
2974,73,255,255.418,665.856
2975,149,255,545.728,667.285
2976,99,255,569.419,667.965
2977,76,255,1286.303,665.987
2978,98,255,1506.622,666.276
2979,61,255,1557.205,664.844
2980,68,255,380.824,666.574
2981,69,255,487.717,665.819
2982,48,255,1091.417,665.917
2983,69,255,1104.152,665.964
2984,35,255,98.129,666.729
2985,91,255,182.984,668.247
2986,52,255,604.423,666.346
2987,123,255,882.142,669.654
2988,32,255,1489.156,666.062
2989,111,255,205.248,669.923
2990,79,255,446.905,668.475
2991,94,255,1131.394,669.851
2992,129,255,1435.578,670.717
2993,40,255,129.350,669.050
2994,51,255,396.049,668.343
2995,110,255,426.791,669.973
2996,105,255,508.033,670.738
2997,68,255,692.941,669.221
2998,55,255,715.373,669.355
2999,105,255,1010.214,671.395
3000,63,255,1145.341,670.167
3001,36,255,1180.806,667.806
3002,33,255,284.833,669.227
3003,61,255,528.074,671.172
3004,104,255,1051.010,671.279
3005,109,255,1344.050,672.454
3006,51,255,1549.245,669.853
3007,68,255,43.132,671.794
3008,120,255,758.983,674.225
3009,59,255,788.534,671.585
3010,63,255,971.881,671.516
3011,81,255,1269.414,672.142
3012,62,255,475.355,673.484
3013,71,255,1169.190,673.331
3014,89,255,1230.601,674.736
3015,63,255,1406.151,672.008
3016,102,255,316.804,673.735
3017,99,255,363.096,674.247
3018,62,255,831.548,673.645
3019,65,255,1317.762,673.238
3020,88,255,1532.636,675.148
3021,75,255,67.233,675.233
3022,56,255,1204.875,674.732
3023,85,255,169.241,676.853
3024,60,255,452.700,674.883
3025,97,255,1594.727,678.510
3026,160,255,109.031,679.288
3027,36,255,261.722,675.389
3028,99,255,595.439,677.833
3029,56,255,746.071,676.250
3030,55,255,1328.245,677.336
3031,26,255,20.885,675.962
3032,45,255,284.411,677.056
3033,54,255,1368.704,677.574
3034,109,255,1415.913,679.913
3035,106,255,1480.340,678.991
3036,136,255,1571.088,680.515
3037,43,255,156.384,678.640
3038,59,255,238.805,678.212
3039,143,255,390.192,681.360
3040,38,255,706.500,677.000
3041,95,255,983.226,678.932
3042,63,255,963.214,678.738
3043,88,255,1089.182,680.875
3044,116,255,296.078,681.612
3045,60,255,624.517,680.350
3046,30,255,679.267,678.333
3047,54,255,998.667,680.333
3048,105,255,1116.786,680.310
3049,86,255,185.593,683.919
3050,37,255,538.608,681.473
3051,73,255,1375.500,683.267
3052,68,255,1463.265,682.691
3053,69,255,220.225,683.543
3054,70,255,434.800,684.014
3055,69,255,474.920,683.080
3056,88,255,797.943,683.466
3057,53,255,1078.179,684.915
3058,27,255,1142.093,681.426
3059,25,255,324.260,682.860
3060,33,255,563.015,684.682
3061,96,255,1060.740,687.479
3062,42,255,556.429,686.595
3063,70,255,676.043,686.200
3064,62,255,735.661,686.726
3065,83,255,936.922,686.958
3066,69,255,575.558,687.935
3067,37,255,654.635,686.554
3068,64,255,850.328,687.594
3069,20,255,991.450,685.400
3070,43,255,1104.895,687.756
3071,124,255,1511.185,689.734
3072,97,255,31.675,689.222
3073,130,255,126.877,690.562
3074,49,255,414.929,687.459
3075,54,255,617.167,688.000
3076,54,255,663.241,688.611
3077,65,255,709.977,687.792
3078,65,255,829.300,690.362
3079,35,255,1043.586,687.243
3080,67,255,1155.052,688.784
3081,84,255,55.167,690.321
3082,72,255,283.056,690.111
3083,45,255,966.011,688.011
3084,28,255,1287.107,687.786
3085,86,255,1338.360,688.977
3086,86,255,1401.733,690.442
3087,49,255,1497.071,689.112
3088,55,255,2.627,691.664
3089,36,255,365.639,689.111
3090,42,255,589.357,689.310
3091,66,255,643.348,691.227
3092,114,255,876.860,693.579
3093,34,255,884.176,689.441
3094,67,255,1023.246,690.321
3095,68,255,1213.000,691.191
3096,20,255,1272.400,688.800
3097,98,255,244.724,692.684
3098,39,255,928.654,691.833
3099,44,255,1093.227,691.568
3100,50,255,1139.360,692.320
3101,36,255,100.639,692.722
3102,55,255,196.700,693.445
3103,52,255,208.038,692.885
3104,35,255,605.100,692.700
3105,84,255,778.869,694.024
3106,91,255,813.555,694.247
3107,41,255,906.500,692.402
3108,53,255,1114.425,693.255
3109,90,255,1322.822,694.856
3110,84,255,1436.274,694.762
3111,67,255,1532.455,693.201
3112,62,255,450.129,693.952
3113,69,255,1292.935,695.123
3114,31,255,292.984,694.758
3115,73,255,423.500,695.459
3116,76,255,541.855,695.539
3117,106,255,628.896,696.575
3118,52,255,854.596,695.135
3119,86,255,1586.733,696.849
3120,37,255,164.959,695.419
3121,39,255,266.141,695.500
3122,38,255,377.316,697.447
3123,44,255,1073.500,695.614
3124,123,255,1354.232,697.386
3125,84,255,110.500,698.036
3126,50,255,567.720,697.000
3127,68,255,898.382,699.662
3128,64,255,1227.891,697.828
3129,43,255,158.012,697.337
3130,111,255,676.788,700.563
3131,34,255,1240.000,697.500
3132,79,255,22.981,701.070
3133,106,255,299.415,700.689
3134,63,255,330.611,699.452
3135,54,255,598.722,698.944
3136,51,255,954.382,699.363
3137,61,255,1003.549,699.451
3138,26,255,180.500,699.000
3139,108,255,361.139,700.667
3140,62,255,491.774,700.032
3141,32,255,689.156,699.062
3142,87,255,758.109,700.879
3143,46,255,935.130,700.348
3144,51,255,945.912,700.343
3145,71,255,1059.824,701.599
3146,70,255,467.071,701.514
3147,50,255,658.940,700.880
3148,51,255,989.637,700.716
3149,25,255,1135.060,699.580
3150,48,255,1338.146,700.271
3151,32,255,50.344,700.875
3152,59,255,256.297,702.619
3153,42,255,743.190,701.238
3154,25,255,1268.780,701.100
3155,72,255,218.528,703.042
3156,94,255,400.777,704.191
3157,43,255,551.616,702.384
3158,55,255,1019.845,703.155
3159,59,255,1148.669,703.331
3160,84,255,1165.726,704.238
3161,57,255,1260.605,703.640
3162,52,255,1384.327,702.538
3163,38,255,1426.553,703.789
3164,58,255,234.362,706.983
3165,60,255,1476.900,704.900
3166,82,255,1553.049,707.061
3167,49,255,1563.602,705.684
3168,49,255,82.827,706.520
3169,71,255,151.542,707.190
3170,27,255,444.056,705.241
3171,47,255,573.479,705.691
3172,74,255,587.257,706.027
3173,51,255,1279.775,706.245
3174,139,255,1456.284,708.853
3175,48,255,141.833,707.854
3176,61,255,865.270,707.189
3177,77,255,921.331,707.162
3178,38,255,1027.053,706.737
3179,75,255,1077.340,707.620
3180,54,255,270.574,708.148
3181,60,255,374.050,708.967
3182,39,255,516.500,707.321
3183,53,255,704.557,708.934
3184,30,255,714.767,708.433
3185,21,255,802.738,707.690
3186,53,255,897.896,708.915
3187,72,255,1046.069,709.500
3188,118,255,1501.941,710.856
3189,32,255,15.156,708.688
3190,38,255,853.553,709.342
3191,82,255,1350.659,710.927
3192,80,255,1435.325,712.388
3193,53,255,739.708,710.217
3194,64,255,879.375,711.234
3195,59,255,1188.686,710.975
3196,49,255,1469.827,710.929
3197,52,255,1538.731,711.019
3198,59,255,97.703,711.873
3199,41,255,538.939,711.329
3200,55,255,649.609,711.591
3201,27,255,729.944,711.611
3202,40,255,909.875,712.000
3203,59,255,950.534,711.839
3204,77,255,1013.045,713.162
3205,57,255,1383.500,711.412
3206,70,255,65.014,712.900
3207,62,255,501.661,713.290
3208,35,255,612.700,712.386
3209,51,255,980.245,712.990
3210,85,255,1225.959,714.029
3211,60,255,1408.750,712.717
3212,30,255,1443.233,713.267
3213,55,255,35.027,714.064
3214,57,255,491.044,714.693
3215,67,255,844.575,714.709
3216,58,255,255.224,714.759
3217,20,255,306.750,713.750
3218,78,255,471.538,716.538
3219,67,255,1000.873,715.231
3220,124,255,1327.419,716.202
3221,97,255,1583.129,716.479
3222,50,255,241.780,715.680
3223,39,255,794.654,716.321
3224,109,255,1141.491,717.537
3225,32,255,1162.562,715.062
3226,51,255,1284.657,715.971
3227,97,255,1481.036,717.067
3228,95,255,186.047,717.784
3229,23,255,411.413,715.587
3230,67,255,435.470,717.530
3231,145,255,930.286,721.231
3232,67,255,1079.216,717.813
3233,38,255,1237.342,716.342
3234,95,255,1567.805,718.784
3235,60,255,44.817,718.617
3236,45,255,104.233,718.789
3237,130,255,568.154,720.508
3238,56,255,674.089,718.250
3239,91,255,830.104,719.852
3240,70,255,865.057,718.386
3241,30,255,1154.500,718.167
3242,75,255,775.687,719.833
3243,21,255,446.929,719.405
3244,35,255,598.329,718.814
3245,35,255,969.671,719.386
3246,105,255,1034.767,721.224
3247,29,255,1313.328,720.259
3248,67,255,5.425,721.679
3249,24,255,75.375,720.167
3250,31,255,139.113,719.952
3251,44,255,459.614,721.114
3252,74,255,718.446,722.297
3253,38,255,1306.000,721.105
3254,54,255,1406.333,720.130
3255,48,255,156.583,721.229
3256,34,255,691.000,721.500
3257,59,255,738.907,721.839
3258,59,255,1537.263,723.025
3259,22,255,145.318,722.227
3260,91,255,349.863,722.940
3261,101,255,1203.906,724.827
3262,112,255,1383.473,724.420
3263,62,255,120.194,724.677
3264,51,255,222.265,724.147
3265,52,255,275.096,725.385
3266,29,255,302.879,722.638
3267,77,255,383.006,725.058
3268,110,255,549.473,726.445
3269,50,255,627.100,723.960
3270,94,255,1090.330,726.096
3271,27,255,1295.241,723.204
3272,34,255,1510.235,723.500
3273,45,255,1516.944,724.078
3274,72,255,499.431,726.125
3275,104,255,1368.952,727.788
3276,88,255,414.000,727.761
3277,70,255,512.814,728.971
3278,68,255,995.838,726.662
3279,63,255,1494.024,725.865
3280,57,255,1527.623,727.307
3281,37,255,231.689,726.500
3282,51,255,282.461,727.069
3283,73,255,522.158,728.582
3284,67,255,606.396,728.187
3285,116,255,651.034,729.871
3286,148,255,957.939,728.318
3287,141,255,76.018,732.089
3288,67,255,1015.560,728.575
3289,68,255,1283.000,728.000
3290,30,255,1331.167,726.967
3291,72,255,28.639,730.167
3292,40,255,802.800,729.350
3293,70,255,817.714,729.957
3294,58,255,1400.431,729.000
3295,59,255,1419.534,729.059
3296,48,255,307.646,730.083
3297,38,255,1310.421,728.737
3298,86,255,731.628,732.616
3299,74,255,769.014,731.230
3300,49,255,781.541,730.969
3301,59,255,792.737,731.398
3302,45,255,1006.700,731.167
3303,23,255,1025.370,729.891
3304,66,255,1173.742,731.409
3305,66,255,632.606,733.152
3306,46,255,678.109,732.109
3307,67,255,986.709,733.022
3308,62,255,570.242,733.258
3309,62,255,667.532,733.565
3310,60,255,1132.833,733.933
3311,31,255,136.048,733.306
3312,77,255,490.487,735.448
3313,56,255,1144.125,734.196
3314,90,255,1256.600,734.767
3315,36,255,1559.750,733.583
3316,56,255,41.393,736.107
3317,27,255,175.426,734.093
3318,86,255,266.465,736.651
3319,90,255,866.678,734.878
3320,33,255,894.106,734.258
3321,75,255,1048.153,735.447
3322,60,255,91.100,736.667
3323,30,255,165.667,735.567
3324,68,255,831.515,736.618
3325,60,255,1222.900,737.300
3326,47,255,9.500,736.500
3327,27,255,215.352,735.426
3328,42,255,698.000,736.500
3329,47,255,714.989,736.564
3330,51,255,883.461,737.657
3331,29,255,1076.500,736.017
3332,48,255,1509.521,736.958
3333,58,255,129.052,738.534
3334,50,255,241.000,738.120
3335,58,255,383.638,738.190
3336,54,255,613.630,738.019
3337,35,255,1063.329,737.300
3338,86,255,1101.058,738.465
3339,68,255,1332.544,737.956
3340,53,255,1437.708,737.896
3341,93,255,187.801,740.274
3342,51,255,355.265,739.578
3343,123,255,436.923,740.768
3344,21,255,551.310,737.833
3345,36,255,920.583,739.722
3346,120,255,934.500,742.250
3347,34,255,1597.941,740.324
3348,113,255,146.544,744.721
3349,50,255,953.340,741.020
3350,84,255,1154.952,742.167
3351,20,255,1302.250,739.450
3352,129,255,1417.306,743.461
3353,44,255,217.841,741.818
3354,57,255,308.833,742.430
3355,60,255,344.567,742.517
3356,58,255,709.534,744.759
3357,63,255,785.976,743.135
3358,55,255,1021.500,741.718
3359,61,255,1114.861,742.041
3360,68,255,1463.074,742.235
3361,44,255,59.159,742.750
3362,75,255,1188.993,743.687
3363,31,255,1346.726,742.048
3364,85,255,583.100,746.206
3365,55,255,671.645,743.882
3366,34,255,1524.500,743.000
3367,57,255,1558.623,743.184
3368,46,255,320.174,744.630
3369,46,255,331.239,744.739
3370,84,255,684.048,745.905
3371,59,255,743.822,744.907
3372,42,255,850.833,744.381
3373,59,255,1309.771,745.839
3374,60,255,1358.850,745.733
3375,22,255,1446.545,744.227
3376,59,255,249.314,747.381
3377,39,255,291.244,745.500
3378,47,255,515.564,745.309
3379,46,255,727.283,745.587
3380,118,255,769.254,748.424
3381,100,255,809.720,749.360
3382,39,255,897.679,744.577
3383,52,255,968.192,745.981
3384,33,255,1029.318,746.045
3385,47,255,1198.691,746.649
3386,44,255,500.932,746.273
3387,127,255,596.461,749.445
3388,87,255,540.626,749.328
3389,61,255,562.566,748.025
3390,57,255,655.675,747.939
3391,118,255,1571.390,749.695
3392,61,255,51.238,749.861
3393,91,255,408.445,749.093
3394,111,255,983.545,750.167
3395,56,255,1160.054,748.375
3396,51,255,1221.304,748.480
3397,26,255,1262.962,747.885
3398,71,255,1274.430,749.627
3399,97,255,1390.263,750.716
3400,101,255,1589.510,750.401
3401,64,255,26.453,750.562
3402,120,255,384.850,751.425
3403,26,255,695.885,749.077
3404,121,255,831.847,751.442
3405,48,255,860.812,749.708
3406,80,255,1039.500,750.150
3407,78,255,1061.103,750.564
3408,58,255,1318.207,750.966
3409,52,255,1470.019,749.885
3410,64,255,1542.891,751.500
3411,54,255,99.185,750.889
3412,75,255,200.113,752.927
3413,73,255,468.103,752.432
3414,55,255,509.700,751.918
3415,100,255,891.720,753.740
3416,45,255,39.167,752.522
3417,31,255,221.984,751.855
3418,42,255,232.810,752.357
3419,74,255,1109.635,753.689
3420,68,255,1339.426,753.382
3421,45,255,10.678,753.589
3422,99,255,261.328,755.722
3423,68,255,86.868,755.235
3424,58,255,573.483,755.724
3425,35,255,632.586,754.043
3426,122,255,1021.508,757.049
3427,62,255,1288.613,755.468
3428,60,255,1451.683,755.350
3429,37,255,1473.554,755.311
3430,53,255,1499.349,755.821
3431,60,255,1510.400,756.117
3432,114,255,520.298,758.342
3433,99,255,1126.369,757.237
3434,23,255,1255.935,754.674
3435,105,255,1556.776,757.433
3436,63,255,276.135,758.183
3437,44,255,369.886,756.773
3438,47,255,416.117,757.521
3439,21,255,701.357,755.643
3440,88,255,739.341,757.886
3441,37,255,904.959,756.554
3442,61,255,928.074,756.516
3443,71,255,1086.345,757.148
3444,73,255,1487.925,757.788
3445,50,255,784.120,757.600
3446,61,255,287.418,759.582
3447,54,255,442.111,759.111
3448,54,255,560.593,759.019
3449,128,255,647.812,760.102
3450,62,255,1400.871,759.097
3451,60,255,173.283,760.017
3452,76,255,433.079,762.816
3453,52,255,488.481,759.635
3454,84,255,1191.310,760.774
3455,84,255,329.964,762.190
3456,61,255,348.238,761.123
3457,50,255,533.040,759.960
3458,97,255,613.139,763.026
3459,23,255,858.109,759.717
3460,45,255,1325.322,761.900
3461,30,255,1426.700,759.667
3462,51,255,1518.931,760.735
3463,51,255,32.853,762.206
3464,62,255,186.355,762.548
3465,83,255,708.970,762.608
3466,61,255,874.811,762.107
3467,58,255,156.552,762.672
3468,105,255,306.481,764.995
3469,129,255,674.322,766.043
3470,28,255,864.786,763.214
3471,57,255,957.728,763.061
3472,105,255,998.948,764.224
3473,113,255,1101.535,764.960
3474,48,255,1147.000,762.000
3475,100,255,1164.870,764.580
3476,21,255,1306.119,761.214
3477,66,255,122.530,763.606
3478,60,255,219.617,765.650
3479,55,255,232.064,764.027
3480,35,255,628.100,763.471
3481,127,255,762.555,767.516
3482,42,255,774.190,764.048
3483,42,255,374.048,764.786
3484,99,255,597.934,766.753
3485,45,255,946.767,764.878
3486,58,255,1296.724,765.034
3487,94,255,1367.564,765.511
3488,57,255,694.395,766.237
3489,70,255,978.243,766.671
3490,54,255,1314.537,766.833
3491,101,255,88.252,768.658
3492,53,255,481.840,769.425
3493,69,255,1383.065,767.558
3494,73,255,459.582,769.404
3495,28,255,620.571,767.571
3496,78,255,722.333,769.026
3497,45,255,929.256,767.300
3498,57,255,1544.553,766.711
3499,58,255,1592.914,767.517
3500,81,255,397.562,769.981
3501,68,255,576.824,769.426
3502,60,255,657.833,769.067
3503,99,255,783.359,771.641
3504,128,255,802.547,770.414
3505,77,255,1075.916,770.136
3506,73,255,1226.719,769.541
3507,22,255,176.591,768.409
3508,32,255,385.750,769.750
3509,121,255,891.971,772.442
3510,35,255,1139.757,769.643
3511,72,255,846.569,772.611
3512,69,255,1425.312,771.703
3513,79,255,50.981,773.563
3514,45,255,168.722,772.500
3515,107,255,540.827,774.388
3516,74,255,1397.108,772.568
3517,46,255,283.196,772.239
3518,54,255,450.167,773.963
3519,128,255,823.805,776.703
3520,102,255,1255.676,774.000
3521,55,255,1519.991,773.300
3522,56,255,264.107,774.232
3523,22,255,641.136,772.818
3524,41,255,741.305,773.744
3525,36,255,1013.917,772.889
3526,85,255,1507.865,775.112
3527,65,255,21.808,775.762
3528,37,255,29.851,775.230
3529,44,255,492.114,774.773
3530,30,255,712.767,774.300
3531,102,255,920.755,776.196
3532,89,255,1046.938,775.444
3533,84,255,1544.095,775.976
3534,112,255,517.375,777.384
3535,54,255,835.315,776.426
3536,95,255,1278.332,777.121
3537,65,255,419.423,777.469
3538,45,255,557.878,775.900
3539,34,255,950.647,775.471
3540,34,255,1000.971,776.235
3541,45,255,155.100,777.767
3542,20,255,220.600,776.550
3543,78,255,357.936,779.654
3544,53,255,371.651,777.519
3545,50,255,868.880,777.560
3546,32,255,1143.812,777.531
3547,64,255,1236.750,778.281
3548,77,255,126.812,780.669
3549,61,255,141.238,778.615
3550,49,255,301.806,778.541
3551,62,255,338.210,779.161
3552,79,255,1024.437,781.297
3553,104,255,1064.269,779.894
3554,46,255,1467.457,778.717
3555,70,255,6.986,780.200
3556,57,255,80.746,779.833
3557,33,255,273.045,780.833
3558,55,255,942.609,779.864
3559,90,255,1294.722,780.811
3560,36,255,1431.778,779.806
3561,60,255,432.200,781.467
3562,62,255,671.226,781.742
3563,60,255,1119.900,780.567
3564,68,255,1195.456,781.456
3565,69,255,237.703,782.399
3566,73,255,609.774,782.527
3567,50,255,619.520,782.080
3568,57,255,652.289,782.061
3569,24,255,880.375,780.833
3570,20,255,1015.550,780.750
3571,28,255,1166.607,780.429
3572,102,255,1211.216,785.000
3573,66,255,1575.636,782.561
3574,50,255,462.780,782.400
3575,78,255,532.423,783.615
3576,94,255,633.787,785.372
3577,65,255,693.915,783.715
3578,47,255,800.968,782.223
3579,29,255,856.431,781.948
3580,60,255,968.767,783.667
3581,52,255,1451.827,783.519
3582,104,255,70.048,786.471
3583,47,255,452.628,784.053
3584,61,255,491.156,784.254
3585,20,255,756.450,782.400
3586,37,255,789.716,783.041
3587,54,255,1107.648,784.426
3588,82,255,1379.329,784.610
3589,54,255,1483.111,783.889
3590,55,255,114.082,784.809
3591,37,255,174.068,784.554
3592,119,255,562.273,788.324
3593,92,255,1151.902,787.000
3594,23,255,167.022,785.022
3595,62,255,397.935,786.500
3596,103,255,777.083,788.286
3597,48,255,27.500,787.167
3598,45,255,310.833,786.744
3599,43,255,588.035,786.756
3600,77,255,716.292,787.630
3601,32,255,872.281,786.844
3602,57,255,1305.254,788.114
3603,70,255,1340.814,786.671
3604,110,255,1503.818,787.545
3605,72,255,192.931,789.361
3606,46,255,219.891,788.326
3607,60,255,364.750,787.983
3608,86,255,654.430,790.570
3609,45,255,731.678,787.967
3610,51,255,838.931,787.853
3611,62,255,987.258,788.226
3612,25,255,1273.740,787.100
3613,65,255,1394.038,788.054
3614,31,255,154.565,787.790
3615,30,255,439.600,788.200
3616,40,255,863.775,788.775
3617,70,255,918.700,788.857
3618,45,255,1562.433,789.433
3619,72,255,184.958,792.014
3620,75,255,318.473,791.367
3621,44,255,330.705,789.659
3622,37,255,422.932,789.527
3623,71,255,739.965,790.754
3624,50,255,209.300,791.060
3625,107,255,513.425,792.678
3626,99,255,1047.914,792.106
3627,50,255,282.620,792.260
3628,36,255,391.028,791.083
3629,57,255,848.886,792.219
3630,70,255,143.814,793.800
3631,69,255,265.254,793.500
3632,56,255,412.321,792.607
3633,37,255,479.878,792.716
3634,30,255,496.267,792.400
3635,32,255,621.844,792.219
3636,94,255,674.777,793.394
3637,58,255,937.552,793.293
3638,101,255,1408.401,795.312
3639,73,255,1445.582,793.116
3640,73,255,756.116,795.171
3641,68,255,888.588,796.368
3642,54,255,1076.704,794.000
3643,55,255,1172.209,794.264
3644,46,255,8.696,794.283
3645,29,255,163.328,793.603
3646,98,255,235.316,796.898
3647,38,255,472.868,794.289
3648,26,255,764.231,794.269
3649,38,255,1000.053,795.000
3650,55,255,1343.009,794.464
3651,107,255,95.070,798.388
3652,97,255,116.510,798.985
3653,52,255,812.538,795.346
3654,41,255,1019.598,795.939
3655,51,255,1134.324,796.363
3656,28,255,1437.000,795.000
3657,62,255,1159.194,797.161
3658,73,255,1464.760,797.651
3659,57,255,583.833,798.833
3660,28,255,778.679,796.929
3661,20,255,1066.550,796.600
3662,36,255,1108.500,797.417
3663,85,255,1121.771,799.159
3664,84,255,1184.488,798.464
3665,23,255,1225.891,796.283
3666,71,255,1266.204,798.810
3667,87,255,1570.362,798.374
3668,60,255,40.433,799.367
3669,20,255,225.700,797.800
3670,45,255,442.878,798.767
3671,98,255,457.469,800.051
3672,63,255,532.944,799.659
3673,60,255,595.383,799.667
3674,80,255,868.812,800.438
3675,38,255,953.000,797.500
3676,46,255,1201.761,798.978
3677,70,255,1590.329,800.629
3678,62,255,51.468,800.710
3679,49,255,375.827,799.459
3680,64,255,486.188,800.203
3681,89,255,700.388,800.736
3682,35,255,789.129,799.900
3683,84,255,802.976,801.393
3684,49,255,1391.500,800.092
3685,59,255,247.093,802.347
3686,36,255,647.889,799.861
3687,59,255,856.110,801.653
3688,46,255,897.065,801.543
3689,100,255,915.720,802.840
3690,34,255,1039.735,800.765
3691,51,255,1082.304,801.461
3692,72,255,1098.514,800.889
3693,61,255,1285.828,801.664
3694,57,255,1299.149,801.518
3695,71,255,1376.134,801.669
3696,98,255,393.051,802.724
3697,79,255,551.424,802.791
3698,50,255,764.720,801.560
3699,49,255,938.071,801.561
3700,71,255,1357.176,802.359
3701,53,255,82.142,802.821
3702,59,255,573.653,803.178
3703,61,255,1211.697,803.926
3704,101,255,1495.797,805.153
3705,57,255,1582.026,803.640
3706,53,255,505.425,803.783
3707,46,255,606.413,803.891
3708,29,255,1445.707,802.259
3709,39,255,179.782,804.321
3710,56,255,314.768,805.482
3711,56,255,327.571,804.536
3712,62,255,363.016,806.710
3713,49,255,617.133,805.133
3714,115,255,989.622,808.170
3715,31,255,282.952,805.339
3716,50,255,658.820,805.880
3717,102,255,832.284,806.971
3718,37,255,126.878,806.797
3719,36,255,190.167,806.111
3720,29,255,261.810,806.431
3721,137,255,631.091,810.259
3722,63,255,952.548,806.373
3723,69,255,1307.717,808.659
3724,83,255,1526.705,807.584
3725,52,255,21.885,807.750
3726,63,255,288.770,810.706
3727,54,255,379.074,808.852
3728,70,255,472.357,807.914
3729,46,255,677.043,807.391
3730,83,255,717.006,808.681
3731,38,255,743.421,807.605
3732,128,255,972.148,808.641
3733,70,255,1323.029,808.171
3734,44,255,1429.273,808.000
3735,49,255,302.255,809.031
3736,30,255,441.000,807.833
3737,35,255,448.414,808.786
3738,51,255,883.539,809.127
3739,39,255,1196.474,808.551
3740,49,255,1238.357,809.112
3741,126,255,1059.825,810.889
3742,68,255,1251.853,810.044
3743,62,255,1539.806,810.339
3744,55,255,216.082,810.518
3745,20,255,268.450,809.850
3746,24,255,411.667,810.208
3747,42,255,509.119,810.333
3748,57,255,938.272,811.377
3749,72,255,1385.139,812.097
3750,52,255,1399.885,811.423
3751,54,255,1483.463,811.407
3752,53,255,3.783,812.594
3753,94,255,1269.489,812.532
3754,25,255,1364.260,810.540
3755,52,255,1462.038,812.115
3756,107,255,202.453,815.977
3757,58,255,339.328,813.603
3758,65,255,397.946,812.869
3759,24,255,597.458,812.208
3760,56,255,668.982,813.821
3761,40,255,894.175,812.525
3762,43,255,925.988,812.081
3763,139,255,1026.701,816.579
3764,107,255,1174.986,815.117
3765,62,255,115.177,813.855
3766,61,255,133.451,814.270
3767,71,255,1409.852,814.993
3768,24,255,12.542,813.875
3769,58,255,356.569,814.621
3770,40,255,425.700,814.300
3771,23,255,482.978,813.848
3772,76,255,494.987,817.316
3773,57,255,527.132,815.798
3774,27,255,685.685,813.907
3775,30,255,799.600,814.100
3776,95,255,1437.111,815.826
3777,46,255,50.435,815.152
3778,30,255,75.800,815.100
3779,63,255,277.802,816.754
3780,104,255,584.519,817.904
3781,58,255,605.724,818.069
3782,48,255,750.271,815.708
3783,57,255,788.781,816.237
3784,71,255,1008.838,816.627
3785,61,255,1073.861,816.811
3786,72,255,1126.111,816.875
3787,61,255,1146.549,816.139
3788,111,255,1341.734,817.914
3789,111,255,538.671,820.950
3790,58,255,763.000,816.983
3791,46,255,821.674,817.022
3792,28,255,915.500,816.000
3793,49,255,1083.541,817.765
3794,104,255,1105.221,818.731
3795,71,255,327.331,819.430
3796,40,255,656.375,817.550
3797,20,255,676.550,816.750
3798,54,255,847.519,817.926
3799,48,255,1117.812,818.583
3800,118,255,1161.195,821.008
3801,61,255,413.451,819.926
3802,35,255,438.100,817.986
3803,47,255,832.862,818.415
3804,93,255,1046.500,820.597
3805,31,255,1225.790,817.952
3806,48,255,1375.958,818.854
3807,53,255,1577.028,818.575
3808,65,255,39.592,820.592
3809,50,255,64.340,820.040
3810,45,255,241.811,819.456
3811,51,255,257.127,819.461
3812,49,255,1093.194,820.296
3813,72,255,1214.514,821.417
3814,83,255,1286.054,821.548
3815,54,255,185.630,821.370
3816,43,255,223.616,820.360
3817,51,255,481.892,821.402
3818,23,255,893.587,819.370
3819,20,255,972.750,819.550
3820,44,255,1202.364,820.977
3821,54,255,1354.796,821.537
3822,54,255,1470.981,820.352
3823,116,255,149.560,823.422
3824,49,255,314.929,821.561
3825,27,255,693.500,820.500
3826,69,255,732.659,822.094
3827,60,255,981.250,822.550
3828,55,255,1522.791,822.082
3829,45,255,173.256,823.167
3830,53,255,346.670,823.349
3831,70,255,1268.914,821.800
3832,38,255,1597.026,822.342
3833,107,255,296.827,826.939
3834,35,255,460.071,823.414
3835,25,255,505.580,823.460
3836,76,255,624.618,824.684
3837,82,255,868.671,824.476
3838,95,255,1186.437,825.911
3839,61,255,566.172,825.320
3840,61,255,856.615,826.041
3841,29,255,903.948,823.914
3842,88,255,1248.614,828.182
3843,51,255,28.029,826.186
3844,43,255,51.105,825.616
3845,31,255,451.661,824.984
3846,46,255,613.478,827.370
3847,50,255,1297.780,825.880
3848,73,255,13.678,827.349
3849,60,255,78.767,829.450
3850,26,255,418.615,825.346
3851,35,255,1428.871,825.386
3852,74,255,1510.541,827.932
3853,45,255,675.789,827.633
3854,109,255,787.647,828.216
3855,59,255,1002.568,827.839
3856,62,255,1228.194,828.694
3857,20,255,71.300,827.550
3858,40,255,213.775,828.425
3859,78,255,236.026,830.885
3860,52,255,585.827,829.288
3861,38,255,757.868,828.684
3862,34,255,1421.853,828.294
3863,54,255,1502.667,830.130
3864,37,255,256.797,828.851
3865,51,255,745.578,830.245
3866,20,255,1237.300,829.200
3867,105,255,1384.090,831.986
3868,41,255,152.622,830.354
3869,54,255,187.537,831.148
3870,121,255,637.690,832.450
3871,67,255,690.903,830.366
3872,92,255,770.457,833.554
3873,60,255,805.050,831.550
3874,61,255,957.631,832.549
3875,36,255,1475.417,830.528
3876,110,255,1550.400,831.982
3877,49,255,399.929,832.480
3878,75,255,815.420,832.713
3879,76,255,945.066,832.737
3880,35,255,1043.900,831.357
3881,65,255,1154.885,832.269
3882,41,255,89.817,832.841
3883,87,255,411.718,835.190
3884,84,255,426.583,835.155
3885,50,255,970.300,832.260
3886,54,255,1069.889,833.056
3887,66,255,323.303,835.545
3888,51,255,450.716,833.598
3889,81,255,1456.870,835.006
3890,31,255,1485.887,833.339
3891,60,255,1596.150,834.533
3892,39,255,313.167,834.295
3893,46,255,1020.957,834.457
3894,47,255,1284.074,834.457
3895,68,255,1314.176,835.779
3896,101,255,124.955,837.817
3897,25,255,225.940,834.860
3898,91,255,264.786,836.016
3899,31,255,333.145,835.790
3900,76,255,669.395,837.053
3901,75,255,924.433,836.140
3902,56,255,1106.393,836.304
3903,90,255,37.344,838.622
3904,31,255,213.468,836.210
3905,29,255,371.776,835.845
3906,94,255,555.043,838.543
3907,63,255,702.929,837.040
3908,32,255,991.000,836.688
3909,55,255,1273.009,837.173
3910,59,255,1305.754,839.246
3911,27,255,1345.870,836.574
3912,109,255,1357.904,840.216
3913,121,255,1405.707,839.021
3914,24,255,68.292,836.958
3915,61,255,831.025,837.746
3916,63,255,887.214,838.548
3917,37,255,1297.878,837.257
3918,24,255,1336.917,837.625
3919,29,255,2.155,838.500
3920,39,255,352.141,837.833
3921,128,255,858.742,843.188
3922,82,255,1573.707,839.951
3923,34,255,571.912,838.882
3924,83,255,1095.693,841.777
3925,55,255,1325.009,840.573
3926,63,255,16.452,841.722
3927,51,255,287.029,841.265
3928,89,255,603.556,842.579
3929,20,255,689.500,838.800
3930,67,255,1121.425,841.769
3931,70,255,301.257,841.729
3932,29,255,384.397,841.879
3933,34,255,493.235,840.853
3934,115,255,740.857,844.117
3935,110,255,758.864,844.182
3936,52,255,791.442,841.673
3937,91,255,1086.368,845.665
3938,90,255,1225.678,843.067
3939,52,255,148.327,842.923
3940,55,255,357.245,843.373
3941,51,255,461.343,842.520
3942,58,255,839.948,843.138
3943,55,255,972.082,842.809
3944,23,255,999.283,841.630
3945,37,255,1035.743,841.878
3946,52,255,1516.981,842.808
3947,61,255,167.189,844.156
3948,56,255,197.196,843.732
3949,105,255,583.919,844.662
3950,48,255,108.021,846.146
3951,62,255,654.016,844.935
3952,32,255,28.531,844.969
3953,37,255,313.257,845.338
3954,25,255,395.900,844.580
3955,60,255,416.983,846.217
3956,46,255,537.826,845.087
3957,39,255,635.372,845.628
3958,63,255,806.579,846.373
3959,34,255,921.059,845.529
3960,38,255,1332.500,845.000
3961,21,255,1347.071,845.595
3962,23,255,1448.935,844.413
3963,164,255,1496.841,848.933
3964,51,255,130.500,847.480
3965,151,255,222.368,851.361
3966,59,255,623.805,846.907
3967,35,255,771.586,846.186
3968,56,255,1178.821,847.125
3969,50,255,98.260,847.560
3970,33,255,157.136,848.167
3971,37,255,611.041,847.716
3972,68,255,706.897,849.250
3973,99,255,1050.389,848.187
3974,110,255,1144.818,850.073
3975,50,255,1156.160,848.880
3976,45,255,1438.300,847.944
3977,39,255,347.500,848.808
3978,63,255,473.595,848.611
3979,64,255,941.594,849.328
3980,34,255,990.118,848.559
3981,43,255,1418.779,848.384
3982,44,255,69.682,850.568
3983,90,255,176.956,852.244
3984,43,255,322.035,849.919
3985,50,255,447.120,850.080
3986,112,255,816.955,853.902
3987,46,255,886.109,849.130
3988,49,255,902.602,849.684
3989,55,255,1128.736,849.936
3990,23,255,1520.717,848.543
3991,68,255,1567.235,850.368
3992,59,255,335.856,852.144
3993,58,255,377.155,850.448
3994,58,255,431.052,850.466
3995,45,255,1166.900,850.678
3996,48,255,1289.354,850.354
3997,96,255,1458.094,852.740
3998,29,255,52.707,851.328
3999,59,255,239.263,852.178
4000,22,255,303.818,851.136
4001,50,255,721.340,851.080
4002,48,255,980.979,851.667
4003,65,255,1188.115,852.546
4004,65,255,1234.131,851.592
4005,94,255,265.255,854.926
4006,66,255,294.318,853.136
4007,47,255,483.798,852.883
4008,73,255,999.500,855.459
4009,53,255,1304.406,852.500
4010,47,255,1431.479,852.649
4011,129,255,82.322,855.329
4012,49,255,1536.071,853.459
4013,37,255,1559.203,853.419
4014,55,255,250.918,855.573
4015,20,255,591.400,853.450
4016,48,255,1115.021,855.062
4017,45,255,1214.967,854.656
4018,58,255,565.328,855.862
4019,104,255,581.615,857.490
4020,55,255,696.482,856.427
4021,57,255,909.553,856.553
4022,85,255,1034.324,857.029
4023,40,255,1105.675,855.300
4024,58,255,1338.483,856.793
4025,89,255,1405.152,856.242
4026,91,255,354.577,860.027
4027,33,255,768.591,855.530
4028,53,255,867.972,857.236
4029,23,255,1247.804,856.196
4030,64,255,1524.875,857.172
4031,94,255,1580.798,858.213
4032,54,255,42.648,857.741
4033,68,255,194.603,858.265
4034,50,255,427.880,858.160
4035,28,255,454.679,856.821
4036,51,255,780.265,858.147
4037,28,255,789.786,856.857
4038,109,255,1260.170,861.307
4039,51,255,1292.441,857.696
4040,86,255,1318.651,858.605
4041,41,255,1327.841,858.110
4042,97,255,9.593,860.799
4043,99,255,114.793,859.995
4044,39,255,149.987,857.679
4045,25,255,1421.060,857.900
4046,25,255,166.060,858.820
4047,31,255,346.306,859.532
4048,50,255,379.600,859.980
4049,50,255,404.920,859.420
4050,28,255,530.464,859.143
4051,37,255,883.932,858.446
4052,69,255,930.630,860.210
4053,120,255,952.883,862.667
4054,112,255,1008.821,862.589
4055,49,255,1052.765,859.827
4056,25,255,1270.100,859.140
4057,51,255,32.814,861.461
4058,31,255,718.855,860.016
4059,42,255,1077.810,860.762
4060,94,255,1365.511,861.755
4061,48,255,459.146,861.521
4062,85,255,623.947,861.582
4063,111,255,662.698,864.716
4064,50,255,707.620,861.720
4065,67,255,850.231,862.037
4066,72,255,1086.917,862.875
4067,69,255,205.659,863.514
4068,33,255,802.409,862.045
4069,44,255,1067.523,862.614
4070,62,255,1159.823,863.484
4071,45,255,1348.322,862.811
4072,49,255,143.929,864.337
4073,46,255,414.848,863.761
4074,129,255,65.337,867.345
4075,101,255,964.649,867.985
4076,66,255,977.879,865.242
4077,107,255,1565.463,864.921
4078,58,255,1596.328,865.000
4079,43,255,218.244,865.198
4080,61,255,232.713,866.533
4081,44,255,243.432,865.568
4082,21,255,257.500,864.643
4083,77,255,686.448,866.240
4084,38,255,838.395,866.105
4085,81,255,1109.574,866.500
4086,27,255,1137.574,864.574
4087,46,255,1169.000,865.500
4088,59,255,1477.873,866.212
4089,34,255,130.912,866.000
4090,71,255,323.768,868.063
4091,41,255,902.280,865.841
4092,29,255,1179.190,866.190
4093,66,255,1501.273,867.470
4094,60,255,1518.083,868.050
4095,63,255,96.659,868.675
4096,59,255,302.958,867.754
4097,146,255,729.349,869.788
4098,37,255,887.041,866.959
4099,74,255,1189.378,869.635
4100,44,255,1489.455,867.682
4101,42,255,22.643,868.357
4102,91,255,152.412,870.401
4103,50,255,536.400,869.260
4104,84,255,755.964,870.905
4105,44,255,1030.364,867.932
4106,51,255,1454.461,868.480
4107,54,255,1125.926,869.019
4108,36,255,1205.500,870.611
4109,86,255,1217.756,871.663
4110,76,255,1333.461,871.750
4111,95,255,1410.816,871.111
4112,67,255,587.769,871.396
4113,49,255,772.418,870.969
4114,62,255,870.355,870.968
4115,52,255,915.212,872.538
4116,80,255,992.413,870.688
4117,54,255,1438.574,871.241
4118,48,255,1528.396,871.396
4119,72,255,33.944,872.500
4120,79,255,121.842,873.171
4121,157,255,397.411,876.748
4122,63,255,459.024,871.738
4123,66,255,563.515,872.106
4124,24,255,931.500,870.625
4125,49,255,1141.969,871.459
4126,86,255,1279.977,871.849
4127,89,255,1395.601,872.893
4128,30,255,357.800,871.967
4129,61,255,427.156,873.189
4130,56,255,621.232,872.732
4131,44,255,784.750,872.045
4132,31,255,855.210,871.855
4133,36,255,941.139,873.167
4134,82,255,1294.000,874.415
4135,61,255,195.270,875.549
4136,81,255,333.265,876.562
4137,48,255,347.125,876.312
4138,43,255,413.291,873.733
4139,38,255,893.579,873.816
4140,39,255,1464.551,873.449
4141,46,255,82.370,874.326
4142,47,255,648.415,873.968
4143,57,255,800.482,875.325
4144,45,255,841.056,876.789
4145,49,255,1229.643,875.357
4146,32,255,1322.188,874.906
4147,31,255,113.468,876.371
4148,71,255,378.162,876.514
4149,53,255,1091.142,876.292
4150,39,255,1161.500,874.500
4151,43,255,1449.081,875.035
4152,27,255,1491.944,874.981
4153,21,255,104.357,875.357
4154,22,255,169.682,875.273
4155,103,255,260.646,877.743
4156,95,255,577.311,879.279
4157,63,255,615.802,880.262
4158,53,255,923.236,878.142
4159,61,255,1239.549,878.123
4160,96,255,1356.375,878.875
4161,49,255,132.418,879.480
4162,84,255,221.250,878.917
4163,104,255,241.096,879.798
4164,52,255,273.846,879.212
4165,46,255,477.152,878.043
4166,32,255,510.656,878.062
4167,57,255,594.395,878.939
4168,39,255,705.910,877.679
4169,67,255,860.903,880.604
4170,74,255,1023.608,879.338
4171,85,255,1079.982,882.194
4172,43,255,1484.105,878.314
4173,76,255,1535.842,880.132
4174,85,255,1569.888,880.406
4175,118,255,946.458,882.610
4176,68,255,1061.059,879.809
4177,20,255,323.500,879.600
4178,26,255,419.077,879.654
4179,27,255,535.944,879.463
4180,68,255,637.103,881.926
4181,32,255,777.500,880.406
4182,76,255,990.276,880.776
4183,76,255,1171.368,881.053
4184,94,255,1584.904,882.426
4185,42,255,48.595,881.095
4186,80,255,71.475,882.450
4187,26,255,98.192,880.769
4188,63,255,722.341,883.325
4189,59,255,1414.619,883.246
4190,65,255,1511.808,884.085
4191,42,255,1103.333,883.119
4192,31,255,1130.984,882.855
4193,51,255,1386.520,883.578
4194,107,255,8.818,887.687
4195,62,255,165.306,885.161
4196,21,255,177.310,883.452
4197,61,255,452.582,885.270
4198,60,255,603.300,885.533
4199,46,255,706.130,884.391
4200,47,255,897.904,883.989
4201,70,255,966.871,885.029
4202,58,255,1042.103,885.103
4203,44,255,1144.136,884.250
4204,61,255,1372.434,884.730
4205,21,255,294.405,884.976
4206,27,255,693.907,884.426
4207,61,255,741.189,885.631
4208,87,255,791.420,886.247
4209,66,255,1156.485,886.515
4210,63,255,1293.913,886.516
4211,60,255,1457.283,886.017
4212,20,255,116.150,885.600
4213,62,255,349.371,888.129
4214,54,255,424.000,887.093
4215,55,255,666.355,886.445
4216,38,255,1050.605,886.737
4217,34,255,1096.324,886.324
4218,61,255,1471.336,887.467
4219,62,255,104.290,889.081
4220,21,255,684.119,886.738
4221,92,255,870.717,890.239
4222,31,255,1110.371,886.919
4223,105,255,1206.090,890.252
4224,59,255,1434.788,888.161
4225,43,255,1500.616,887.616
4226,128,255,57.766,890.969
4227,45,255,171.922,889.189
4228,37,255,764.662,888.068
4229,90,255,816.111,889.078
4230,61,255,1119.434,889.467
4231,67,255,1482.410,889.381
4232,76,255,29.066,890.974
4233,61,255,38.992,892.352
4234,32,255,540.312,888.844
4235,24,255,1016.625,888.500
4236,54,255,1266.167,889.815
4237,30,255,201.400,890.233
4238,102,255,265.118,892.647
4239,32,255,303.406,889.562
4240,53,255,464.198,890.708
4241,26,255,514.000,889.500
4242,22,255,752.409,889.591
4243,79,255,972.120,891.930
4244,27,255,1216.278,889.907
4245,59,255,1326.331,890.754
4246,80,255,433.288,892.850
4247,40,255,503.175,890.775
4248,25,255,899.260,890.300
4249,97,255,1029.273,893.840
4250,56,255,1134.518,891.554
4251,113,255,1234.367,893.863
4252,57,255,1249.342,891.658
4253,71,255,1529.838,892.303
4254,133,255,1574.350,895.124
4255,72,255,1180.778,893.611
4256,60,255,223.250,895.250
4257,107,255,247.949,897.173
4258,108,255,396.630,894.833
4259,44,255,474.341,893.318
4260,75,255,681.660,894.127
4261,83,255,933.705,893.922
4262,48,255,281.042,894.667
4263,126,255,330.651,897.302
4264,109,255,698.894,895.986
4265,70,255,719.171,896.271
4266,30,255,893.433,894.167
4267,54,255,1055.315,895.167
4268,54,255,1427.315,895.185
4269,65,255,369.331,897.285
4270,73,255,379.253,896.363
4271,52,255,450.058,895.346
4272,101,255,555.243,898.015
4273,62,255,583.306,895.694
4274,37,255,729.473,894.986
4275,83,255,1255.910,898.777
4276,56,255,1442.321,896.018
4277,89,255,71.983,898.298
4278,34,255,111.324,896.676
4279,36,255,528.167,895.750
4280,105,255,620.119,899.710
4281,31,255,669.887,896.306
4282,123,255,787.305,897.744
4283,58,255,1079.431,897.086
4284,56,255,1096.107,896.375
4285,51,255,1298.696,896.618
4286,40,255,1345.700,897.200
4287,26,255,479.154,897.308
4288,24,255,745.000,896.583
4289,58,255,141.914,899.207
4290,98,255,216.286,901.724
4291,44,255,304.545,897.932
4292,56,255,512.696,899.000
4293,112,255,604.018,901.161
4294,55,255,755.355,898.409
4295,26,255,859.077,898.808
4296,77,255,1508.422,899.539
4297,104,255,1591.558,901.269
4298,55,255,15.918,900.009
4299,24,255,1283.458,898.917
4300,36,255,293.639,900.111
4301,106,255,826.113,903.038
4302,56,255,986.589,902.071
4303,65,255,1087.408,903.531
4304,58,255,1113.448,900.672
4305,61,255,1271.172,900.533
4306,68,255,1329.103,901.456
4307,77,255,1531.331,901.110
4308,45,255,92.789,901.456
4309,55,255,184.700,901.700
4310,84,255,198.821,902.369
4311,103,255,527.481,902.956
4312,55,255,654.445,902.500
4313,98,255,1379.255,902.010
4314,66,255,1457.561,902.348
4315,51,255,116.971,903.402
4316,59,255,150.602,903.720
4317,79,255,1133.310,904.677
4318,125,255,1409.580,905.196
4319,98,255,45.000,904.031
4320,51,255,236.637,903.480
4321,40,255,275.700,903.000
4322,82,255,1191.732,904.561
4323,72,255,427.306,904.875
4324,50,255,892.220,903.940
4325,70,255,1046.329,905.129
4326,48,255,1215.479,904.417
4327,84,255,1312.310,905.548
4328,120,255,1354.800,907.400
4329,45,255,1472.833,904.367
4330,67,255,351.515,906.261
4331,25,255,360.340,905.540
4332,34,255,397.235,905.206
4333,80,255,460.075,908.325
4334,56,255,1145.018,906.339
4335,34,255,1552.735,905.000
4336,66,255,1285.712,907.364
4337,65,255,3.285,909.192
4338,31,255,342.565,908.435
4339,72,255,798.194,908.472
4340,58,255,169.983,909.690
4341,112,255,304.482,910.554
4342,112,255,867.384,912.393
4343,53,255,1072.198,909.387
4344,80,255,1334.312,909.163
4345,45,255,161.833,910.033
4346,41,255,287.451,909.793
4347,26,255,591.038,908.962
4348,113,255,918.473,910.872
4349,59,255,1427.534,909.449
4350,59,255,1480.720,910.636
4351,21,255,86.881,909.262
4352,30,255,185.400,910.133
4353,54,255,764.889,910.574
4354,79,255,998.791,912.323
4355,78,255,1561.821,911.333
4356,37,255,255.581,910.905
4357,57,255,550.921,912.044
4358,73,255,749.240,913.870
4359,78,255,973.090,912.103
4360,70,255,568.843,913.514
4361,63,255,1051.119,913.357
4362,38,255,1166.632,913.368
4363,81,255,1227.377,913.660
4364,99,255,1509.601,913.631
4365,92,255,102.989,914.935
4366,29,255,195.879,912.500
4367,61,255,263.369,914.057
4368,46,255,379.739,913.130
4369,66,255,516.015,914.091
4370,45,255,531.744,913.500
4371,30,255,581.067,913.300
4372,93,255,661.769,913.995
4373,34,255,682.353,912.676
4374,60,255,720.800,914.183
4375,70,255,938.071,914.329
4376,58,255,1252.569,914.000
4377,104,255,1273.808,915.260
4378,21,255,113.881,914.405
4379,41,255,123.256,914.915
4380,114,255,237.632,915.465
4381,28,255,622.607,914.786
4382,44,255,633.659,914.773
4383,73,255,698.486,916.007
4384,73,255,840.185,915.240
4385,32,255,894.062,914.250
4386,50,255,1033.420,914.320
4387,74,255,146.419,916.203
4388,80,255,279.775,917.487
4389,73,255,812.610,915.897
4390,32,255,851.875,915.469
4391,35,255,905.157,914.786
4392,38,255,948.500,916.211
4393,78,255,1123.103,916.026
4394,60,255,1187.900,916.317
4395,79,255,1442.057,917.158
4396,53,255,1576.745,915.387
4397,55,255,470.445,916.300
4398,91,255,485.764,917.786
4399,76,255,612.237,917.526
4400,39,255,709.141,917.526
4401,69,255,786.370,916.790
4402,32,255,885.281,916.125
4403,111,255,1211.419,919.311
4404,54,255,1522.481,917.556
4405,49,255,330.949,918.622
4406,21,255,353.405,916.786
4407,51,255,369.363,917.873
4408,43,255,451.105,917.988
4409,23,255,738.065,917.109
4410,52,255,1150.385,917.846
4411,68,255,1304.279,918.559
4412,94,255,37.500,920.096
4413,42,255,86.310,918.238
4414,21,255,686.357,917.500
4415,45,255,602.589,920.744
4416,113,255,1324.659,922.677
4417,75,255,1490.087,920.340
4418,42,255,13.929,920.738
4419,40,255,557.150,919.975
4420,141,255,1292.316,926.089
4421,67,255,1371.022,920.590
4422,60,255,191.033,922.067
4423,66,255,214.182,922.970
4424,56,255,441.732,922.107
4425,26,255,522.538,920.577
4426,50,255,1406.340,922.400
4427,57,255,1566.711,922.746
4428,90,255,176.789,924.533
4429,88,255,295.125,923.943
4430,50,255,721.980,923.260
4431,28,255,983.000,922.286
4432,60,255,1550.317,923.283
4433,117,255,1590.902,924.363
4434,108,255,568.713,926.935
4435,20,255,586.150,922.800
4436,36,255,971.472,922.722
4437,84,255,1160.167,924.917
4438,40,255,1029.200,923.575
4439,64,255,1039.281,924.969
4440,42,255,1096.190,923.929
4441,46,255,1223.500,925.000
4442,27,255,1352.278,923.870
4443,91,255,1419.236,925.929
4444,40,255,59.000,925.650
4445,69,255,117.833,926.819
4446,35,255,743.157,924.814
4447,48,255,776.646,925.083
4448,56,255,1576.786,926.214
4449,66,255,27.742,930.303
4450,133,255,312.395,929.079
4451,51,255,577.833,927.931
4452,100,255,834.260,927.190
4453,45,255,952.544,926.056
4454,67,255,1242.410,928.052
4455,82,255,1266.085,928.817
4456,24,255,1360.292,927.500
4457,62,255,1471.823,929.516
4458,29,255,232.328,927.466
4459,80,255,367.238,929.375
4460,70,255,421.586,928.814
4461,29,255,1062.672,927.397
4462,33,255,1136.500,928.682
4463,30,255,1313.833,928.600
4464,50,255,1368.540,929.320
4465,57,255,1380.939,929.395
4466,79,255,1401.905,929.804
4467,62,255,103.581,929.710
4468,82,255,405.366,930.293
4469,61,255,483.369,929.254
4470,56,255,704.911,930.268
4471,30,255,868.333,928.667
4472,55,255,132.300,931.173
4473,50,255,146.280,931.100
4474,64,255,387.969,934.109
4475,63,255,450.976,930.468
4476,63,255,518.722,931.214
4477,47,255,548.883,931.117
4478,109,255,996.784,932.133
4479,71,255,1505.415,930.866
4480,48,255,10.146,931.333
4481,21,255,158.500,930.881
4482,94,255,252.457,932.053
4483,52,255,734.096,931.365
4484,39,255,1084.936,930.859
4485,21,255,1101.833,930.643
4486,31,255,1481.661,931.113
4487,74,255,87.297,936.608
4488,61,255,206.352,933.156
4489,48,255,535.042,933.062
4490,39,255,692.064,932.192
4491,30,255,798.600,931.700
4492,70,255,935.600,933.014
4493,88,255,1538.136,934.341
4494,46,255,438.087,933.913
4495,57,255,1519.272,934.816
4496,64,255,461.781,935.781
4497,65,255,668.362,934.669
4498,52,255,772.712,934.115
4499,35,255,892.729,933.300
4500,20,255,965.500,933.000
4501,28,255,1148.214,933.107
4502,92,255,1179.380,934.935
4503,61,255,1337.451,935.221
4504,113,255,1490.500,938.341
4505,36,255,172.639,934.306
4506,65,255,344.438,936.623
4507,28,255,498.643,933.786
4508,39,255,1055.962,935.346
4509,106,255,1073.915,937.670
4510,28,255,217.071,935.821
4511,32,255,229.344,935.875
4512,72,255,792.847,940.069
4513,42,255,1236.429,936.214
4514,39,255,74.936,937.141
4515,38,255,110.447,937.184
4516,40,255,870.350,937.225
4517,30,255,953.433,937.433
4518,49,255,322.214,938.071
4519,23,255,612.761,937.457
4520,62,255,1127.371,938.565
4521,51,255,1472.088,939.167
4522,147,255,1571.357,940.690
4523,54,255,64.944,941.389
4524,45,255,262.056,939.300
4525,84,255,597.524,940.774
4526,22,255,835.000,938.227
4527,29,255,851.500,938.397
4528,76,255,1343.724,943.737
4529,48,255,1357.125,939.667
4530,28,255,1373.893,939.000
4531,36,255,47.806,940.361
4532,100,255,135.830,943.360
4533,42,255,489.262,940.690
4534,60,255,622.750,941.817
4535,26,255,942.154,939.846
4536,51,255,1308.324,940.716
4537,29,255,1438.397,939.810
4538,48,255,13.979,942.062
4539,57,255,379.991,942.956
4540,113,255,761.438,943.491
4541,39,255,966.987,941.782
4542,46,255,1144.891,941.196
4543,80,255,1264.463,942.562
4544,32,255,1390.969,941.156
4545,76,255,1528.539,943.316
4546,55,255,40.100,943.064
4547,39,255,116.782,943.859
4548,58,255,176.862,943.603
4549,20,255,187.250,942.450
4550,53,255,196.745,944.085
4551,42,255,249.714,943.405
4552,30,255,299.533,943.300
4553,69,255,570.703,943.891
4554,90,255,890.278,944.711
4555,36,255,977.056,943.056
4556,112,255,1159.027,945.607
4557,33,255,1299.106,945.288
4558,60,255,1450.583,943.817
4559,35,255,212.157,944.129
4560,41,255,734.183,945.134
4561,28,255,672.857,944.250
4562,23,255,876.109,945.283
4563,31,255,1025.855,945.661
4564,31,255,1032.242,945.371
4565,21,255,72.405,946.214
4566,23,255,80.109,945.543
4567,55,255,104.973,946.718
4568,70,255,292.343,949.500
4569,45,255,406.944,946.567
4570,77,255,646.578,949.552
4571,46,255,721.435,946.978
4572,52,255,1273.558,946.442
4573,48,255,5.646,948.292
4574,35,255,224.414,946.871
4575,72,255,234.125,948.736
4576,41,255,462.744,946.695
4577,29,255,1293.086,947.224
4578,56,255,1460.786,948.429
4579,46,255,1591.565,947.630
4580,57,255,90.711,949.868
4581,67,255,322.903,949.366
4582,37,255,359.527,948.122
4583,37,255,1205.419,948.203
4584,23,255,440.630,947.804
4585,35,255,542.186,948.586
4586,31,255,831.597,948.726
4587,41,255,1098.793,949.427
4588,30,255,1179.700,949.000
4589,123,255,1240.159,952.508
4590,74,255,1423.905,952.054
4591,32,255,373.719,950.438
4592,30,255,596.333,949.500
4593,77,255,1326.968,952.253
4594,23,255,1377.935,949.239
4595,67,255,1512.410,951.037
4596,45,255,429.833,951.322
4597,128,255,808.461,954.727
4598,23,255,419.500,951.326
4599,34,255,585.441,952.176
4600,41,255,907.695,952.500
4601,44,255,1089.659,952.864
4602,67,255,1369.127,952.769
4603,49,255,1475.500,952.500
4604,86,255,36.628,955.686
4605,85,255,142.606,954.629
4606,79,255,187.500,954.146
4607,24,255,486.708,952.375
4608,99,255,1043.742,954.722
4609,61,255,1441.189,953.959
4610,38,255,1561.500,953.000
4611,27,255,26.167,954.130
4612,40,255,265.600,954.350
4613,52,255,309.712,955.442
4614,27,255,413.574,953.907
4615,36,255,479.500,953.889
4616,45,255,841.278,954.189
4617,28,255,1001.786,953.536
4618,26,255,1214.077,954.269
4619,24,255,1264.000,953.000
4620,62,255,354.935,956.500
4621,26,255,441.462,954.346
4622,56,255,705.643,955.107
4623,52,255,719.865,954.712
4624,107,255,1067.089,959.790
4625,39,255,1138.372,955.141
4626,23,255,1297.196,954.283
4627,62,255,252.387,957.387
4628,70,255,394.971,958.929
4629,35,255,759.443,956.071
4630,29,255,894.948,955.431
4631,28,255,963.571,955.536
4632,40,255,1154.425,955.800
4633,71,255,1182.303,957.134
4634,25,255,405.820,957.420
4635,45,255,678.056,956.833
4636,33,255,691.439,956.591
4637,54,255,748.204,959.556
4638,23,255,118.891,957.543
4639,47,255,775.330,957.436
4640,32,255,1482.375,958.469
4641,88,255,1497.750,960.045
4642,78,255,1593.256,960.769
4643,22,255,110.136,958.818
4644,63,255,454.992,960.897
4645,75,255,876.420,960.180
4646,74,255,1261.905,960.622
4647,29,255,1274.224,958.086
4648,27,255,1289.833,958.611
4649,75,255,1539.580,960.167
4650,35,255,1553.271,959.129
4651,53,255,52.594,960.594
4652,39,255,578.731,960.218
4653,55,255,616.391,959.864
4654,45,255,791.633,961.656
4655,93,255,964.930,962.489
4656,60,255,1568.683,961.300
4657,52,255,270.058,961.673
4658,24,255,530.500,960.000
4659,34,255,735.853,961.206
4660,45,255,862.900,961.678
4661,72,255,1317.431,961.694
4662,132,255,1513.061,965.697
4663,70,255,154.700,963.871
4664,120,255,207.692,963.550
4665,43,255,851.430,962.965
4666,30,255,1078.767,962.533
4667,56,255,1344.268,963.411
4668,41,255,1425.207,962.524
4669,45,255,40.678,964.722
4670,49,255,182.071,964.337
4671,53,255,465.425,965.142
4672,55,255,602.718,965.845
4673,88,255,928.932,965.818
4674,34,255,998.324,964.000
4675,62,255,1394.258,965.210
4676,69,255,660.196,965.920
4677,105,255,1152.290,967.252
4678,50,255,89.180,966.700
4679,37,255,554.500,966.419
4680,22,255,643.409,965.273
4681,52,255,720.000,966.154
4682,41,255,1008.378,966.159
4683,81,255,1280.784,966.451
4684,71,255,1298.401,966.923
4685,22,255,1402.909,965.682
4686,62,255,171.903,969.887
4687,34,255,510.265,967.118
4688,53,255,689.160,967.708
4689,34,255,892.794,967.706
4690,37,255,912.284,966.527
4691,44,255,1494.341,968.091
4692,35,255,9.071,967.443
4693,70,255,98.871,970.271
4694,53,255,332.292,969.047
4695,75,255,375.753,971.780
4696,21,255,442.119,966.929
4697,62,255,488.726,968.532
4698,39,255,524.321,968.679
4699,66,255,590.455,969.015
4700,26,255,635.000,967.500
4701,47,255,701.479,967.904
4702,33,255,947.803,968.591
4703,46,255,190.174,969.522
4704,41,255,235.110,969.085
4705,35,255,903.100,968.529
4706,21,255,1468.643,967.929
4707,83,255,71.380,971.982
4708,21,255,286.881,968.929
4709,24,255,365.792,970.000
4710,46,255,535.630,970.087
4711,71,255,1061.162,971.866
4712,52,255,1171.077,970.808
4713,39,255,1457.808,969.859
4714,32,255,1475.438,969.719
4715,91,255,1543.269,971.225
4716,34,255,576.794,971.294
4717,50,255,1183.180,971.700
4718,25,255,1415.100,970.860
4719,62,255,822.548,972.806
4720,38,255,836.026,971.632
4721,22,255,1041.636,972.045
4722,146,255,1568.596,976.589
4723,53,255,49.104,973.538
4724,78,255,296.962,975.705
4725,57,255,756.605,975.219
4726,26,255,775.577,972.423
4727,78,255,789.654,973.564
4728,63,255,868.056,973.817
4729,44,255,986.795,972.409
4730,30,255,1031.200,972.400
4731,92,255,1083.348,974.489
4732,105,255,1328.471,976.433
4733,23,255,1353.457,972.587
4734,41,255,312.012,974.573
4735,51,255,434.657,974.324
4736,36,255,453.806,975.028
4737,79,255,1119.551,977.677
4738,81,255,1256.673,975.142
4739,34,255,1272.353,974.059
4740,33,255,1378.530,974.318
4741,112,255,624.491,977.348
4742,31,255,853.500,973.952
4743,46,255,1052.478,976.370
4744,43,255,1232.919,975.244
4745,39,255,39.167,976.756
4746,102,255,160.284,978.078
4747,56,255,488.714,976.732
4748,22,255,975.000,975.136
4749,29,255,1363.121,975.845
4750,49,255,239.337,977.561
4751,43,255,285.198,978.616
4752,54,255,1004.556,977.259
4753,37,255,1397.311,977.635
4754,39,255,1464.423,977.423
4755,40,255,203.950,977.775
4756,24,255,407.625,976.917
4757,39,255,423.628,978.654
4758,64,255,575.359,978.859
4759,51,255,740.676,978.069
4760,92,255,80.630,980.554
4761,75,255,108.980,981.073
4762,44,255,224.114,979.386
4763,28,255,563.000,978.500
4764,22,255,653.273,978.364
4765,51,255,1510.324,979.500
4766,55,255,16.173,980.809
4767,20,255,702.450,978.600
4768,40,255,929.950,979.900
4769,43,255,1025.198,980.453
4770,47,255,1224.734,981.032
4771,28,255,1555.000,980.286
4772,38,255,361.316,981.868
4773,34,255,592.824,981.441
4774,137,255,671.741,983.982
4775,40,255,693.775,981.250
4776,38,255,942.763,980.526
4777,48,255,1210.229,981.208
4778,35,255,1474.186,981.729
4779,77,255,1483.071,982.851
4780,40,255,1520.450,981.775
4781,30,255,642.567,981.433
4782,51,255,1130.618,982.892
4783,42,255,1159.214,982.571
4784,42,255,1170.286,982.500
4785,49,255,1240.071,983.031
4786,45,255,1276.878,981.944
4787,57,255,1290.377,982.412
4788,88,255,1411.102,982.523
4789,43,255,1453.221,982.035
4790,60,255,23.900,984.033
4791,47,255,116.862,984.032
4792,36,255,277.583,983.472
4793,52,255,311.096,983.808
4794,40,255,412.025,983.150
4795,75,255,445.313,984.713
4796,43,255,840.593,982.942
4797,57,255,1074.132,983.009
4798,46,255,1140.543,983.370
4799,78,255,1182.487,984.949
4800,56,255,1594.482,984.821
4801,42,255,345.500,985.167
4802,42,255,826.905,984.357
4803,59,255,918.229,984.195
4804,41,255,1036.305,985.378
4805,46,255,1261.261,984.239
4806,84,255,1367.679,988.214
4807,68,255,538.941,986.221
4808,53,255,767.689,984.915
4809,52,255,814.481,986.096
4810,86,255,854.849,985.605
4811,50,255,991.000,985.000
4812,77,255,196.773,987.201
4813,73,255,325.473,988.007
4814,38,255,1009.000,986.816
4815,32,255,1151.594,985.562
4816,39,255,1379.372,986.141
4817,39,255,267.910,987.474
4818,36,255,710.417,989.250
4819,25,255,757.380,986.900
4820,34,255,1357.353,987.618
4821,127,255,1543.193,989.280
4822,66,255,36.045,989.591
4823,75,255,600.167,989.233
4824,81,255,653.562,989.265
4825,29,255,1045.086,989.086
4826,24,255,1055.708,988.000
4827,45,255,1101.344,988.278
4828,48,255,1392.375,987.417
4829,29,255,1464.086,987.845
4830,49,255,251.316,989.847
4831,53,255,467.255,990.085
4832,46,255,899.891,989.043
4833,88,255,961.068,991.352
4834,33,255,59.318,989.742
4835,28,255,98.321,989.536
4836,38,255,1335.895,990.211
4837,21,255,1499.310,989.548
4838,33,255,586.682,991.197
4839,59,255,940.602,991.737
4840,28,255,1317.750,990.214
4841,76,255,1422.553,992.737
4842,68,255,454.412,994.853
4843,71,255,513.739,992.768
4844,53,255,574.274,992.877
4845,37,255,1136.095,991.770
4846,29,255,106.328,992.397
4847,50,255,293.580,995.960
4848,53,255,1213.745,993.613
4849,69,255,1324.486,995.529
4850,48,255,121.771,994.396
4851,89,255,362.770,996.736
4852,57,255,1260.570,995.377
4853,50,255,1345.460,994.620
4854,148,255,1513.135,996.574
4855,30,255,763.000,995.400
4856,70,255,777.657,997.043
4857,52,255,831.000,995.500
4858,32,255,1029.312,995.438
4859,38,255,1166.026,994.842
4860,66,255,1404.561,996.455
4861,54,255,1530.407,996.704
4862,46,255,1564.761,995.978
4863,26,255,1.731,997.000
4864,28,255,86.071,996.071
4865,47,255,484.883,997.436
4866,44,255,678.659,996.818
4867,67,255,851.813,997.306
4868,58,255,1010.190,996.500
4869,49,255,1095.337,995.888
4870,35,255,1147.071,995.729
4871,39,255,1157.115,996.654
4872,40,255,1240.225,996.425
4873,42,255,1271.452,996.429
4874,31,255,1387.371,996.145
4875,34,255,1455.618,996.265
4876,53,255,246.557,997.689
4877,24,255,999.125,996.375
4878,42,255,149.452,998.595
4879,56,255,231.589,998.929
4880,33,255,893.439,998.076
4881,51,255,974.578,999.324
4882,39,255,1108.064,997.936
4883,32,255,1115.719,998.125
4884,52,255,1282.904,998.442
4885,102,255,1489.314,1000.765
4886,24,255,9.625,999.000
4887,32,255,16.219,999.750
4888,72,255,36.542,1001.167
4889,80,255,183.688,1000.612
4890,27,255,446.722,998.870
4891,43,255,528.733,1000.407
4892,41,255,752.793,998.841
4893,23,255,1224.717,998.326
4894,29,255,1573.534,999.086
4895,69,255,98.239,1002.312
4896,55,255,424.864,1002.573
4897,30,255,436.467,1000.100
4898,44,255,601.364,1001.341
4899,23,255,861.457,999.891
4900,69,255,303.442,1002.645
4901,68,255,1194.956,1001.794
4902,93,255,1438.833,1002.597
4903,47,255,322.649,1001.968
4904,86,255,380.791,1004.802
4905,69,255,407.848,1004.601
4906,61,255,641.877,1003.992
4907,23,255,1079.457,1002.022
4908,47,255,1181.798,1002.138
4909,73,255,1544.445,1002.774
4910,69,255,1584.935,1003.036
4911,51,255,468.029,1006.324
4912,24,255,495.458,1002.542
4913,41,255,562.012,1003.915
4914,22,255,869.409,1002.409
4915,72,255,924.625,1003.500
4916,23,255,1134.500,1002.326
4917,35,255,1140.443,1004.300
4918,24,255,540.458,1003.792
4919,45,255,816.189,1004.567
4920,46,255,1208.826,1004.304
4921,91,255,1340.236,1006.434
4922,79,255,1464.930,1008.323
4923,48,255,53.188,1005.854
4924,43,255,611.221,1005.895
4925,30,255,1088.800,1005.733
4926,23,255,344.239,1004.848
4927,25,255,485.180,1005.260
4928,37,255,826.878,1006.500
4929,59,255,138.958,1007.703
4930,50,255,216.880,1007.260
4931,26,255,1147.692,1007.077
4932,56,255,1455.018,1008.250
4933,116,255,269.181,1009.491
4934,47,255,284.819,1008.926
4935,41,255,295.768,1008.110
4936,68,255,506.824,1009.279
4937,40,255,621.775,1008.425
4938,33,255,1039.227,1008.167
4939,23,255,1230.152,1006.978
4940,51,255,1597.088,1010.127
4941,22,255,42.545,1008.591
4942,39,255,190.833,1009.141
4943,54,255,324.648,1009.370
4944,48,255,661.312,1010.312
4945,63,255,943.040,1010.770
4946,95,255,984.626,1011.016
4947,42,255,1076.190,1008.714
4948,50,255,1161.120,1009.280
4949,113,255,1284.022,1012.111
4950,43,255,1569.430,1010.081
4951,58,255,106.259,1011.569
4952,116,255,572.034,1013.862
4953,20,255,595.550,1009.400
4954,73,255,694.651,1012.418
4955,23,255,1239.109,1009.630
4956,52,255,1360.442,1009.846
4957,22,255,779.500,1010.591
4958,21,255,1009.595,1009.929
4959,53,255,1219.330,1011.292
4960,28,255,770.357,1012.679
4961,46,255,1120.478,1011.913
4962,37,255,170.959,1012.905
4963,25,255,347.860,1012.460
4964,35,255,485.557,1012.843
4965,39,255,841.167,1012.910
4966,35,255,1044.929,1013.757
4967,26,255,1322.269,1012.346
4968,27,255,31.611,1013.685
4969,29,255,250.534,1013.879
4970,51,255,308.186,1014.069
4971,68,255,463.691,1015.691
4972,57,255,520.167,1014.412
4973,20,255,730.750,1013.450
4974,66,255,1531.424,1015.742
4975,50,255,819.420,1015.520
4976,45,255,1092.722,1015.656
4977,32,255,1259.219,1014.531
4978,51,255,156.990,1016.304
4979,34,255,358.794,1016.647
4980,66,255,403.939,1017.894
4981,58,255,720.690,1016.534
4982,68,255,887.574,1018.882
4983,25,255,1014.380,1015.060
4984,38,255,1303.842,1015.895
4985,37,255,1387.554,1016.068
4986,35,255,342.414,1017.186
4987,35,255,541.986,1017.671
4988,67,255,596.500,1019.530
4989,47,255,1105.394,1017.415
4990,43,255,1449.081,1017.686
4991,51,255,38.637,1018.559
4992,37,255,216.419,1018.257
4993,105,255,427.176,1021.757
4994,48,255,609.104,1018.292
4995,43,255,746.802,1018.407
4996,46,255,962.500,1018.000
4997,44,255,1152.841,1018.591
4998,52,255,1179.846,1019.154
4999,41,255,1196.134,1017.305
5000,52,255,1414.096,1019.000
5001,34,255,1490.500,1018.000
5002,64,255,51.406,1019.547
5003,51,255,444.716,1019.775
5004,52,255,644.635,1020.000
5005,22,255,1168.500,1019.000
5006,33,255,1242.409,1018.924
5007,51,255,1358.304,1019.127
5008,39,255,144.962,1019.936
5009,96,255,324.812,1021.490
5010,35,255,1160.014,1020.586
5011,23,255,1251.891,1019.978
5012,41,255,1319.915,1019.549
5013,33,255,1499.742,1020.136
5014,50,255,199.520,1022.080
5015,36,255,476.333,1021.028
5016,60,255,582.267,1022.233
5017,49,255,620.969,1022.990
5018,39,255,661.756,1021.705
5019,49,255,842.908,1021.031
5020,40,255,1007.425,1021.525
5021,53,255,1129.387,1021.481
5022,23,255,2.065,1021.891
5023,37,255,277.608,1022.635
5024,50,255,303.540,1022.160
5025,54,255,491.241,1023.963
5026,30,255,528.933,1022.867
5027,36,255,1217.222,1021.472
5028,38,255,1262.026,1021.868
5029,42,255,1513.119,1022.524
5030,59,255,1586.958,1022.619
5031,62,255,16.581,1025.710
5032,67,255,93.276,1024.918
5033,47,255,173.117,1024.798
5034,36,255,189.222,1023.417
5035,50,255,380.340,1023.220
5036,27,255,730.204,1022.907
5037,47,255,1025.032,1023.883
5038,31,255,1055.274,1024.113
5039,73,255,259.473,1026.404
5040,33,255,352.318,1023.530
5041,50,255,1333.880,1023.860
5042,38,255,1377.500,1024.000
5043,50,255,651.500,1027.000
5044,47,255,745.585,1026.181
5045,51,255,793.755,1025.618
5046,28,255,242.321,1027.536
5047,22,255,313.273,1026.091
5048,42,255,405.524,1029.405
5049,129,255,533.562,1031.539
5050,58,255,1102.621,1028.362
5051,33,255,1344.894,1026.561
5052,26,255,1388.154,1026.500
5053,82,255,275.500,1030.061
5054,69,255,944.442,1028.036
5055,52,255,968.962,1028.923
5056,23,255,1123.891,1027.935
5057,92,255,1204.250,1029.663
5058,42,255,1318.167,1027.333
5059,44,255,1545.909,1029.000
5060,53,255,30.085,1029.462
5061,22,255,234.364,1029.364
5062,46,255,1292.478,1029.087
5063,49,255,65.255,1030.867
5064,36,255,116.056,1030.333
5065,32,255,448.031,1029.906
5066,50,255,636.560,1030.780
5067,75,255,828.287,1032.580
5068,57,255,1219.289,1030.588
5069,76,255,1272.303,1030.882
5070,81,255,1518.130,1031.204
5071,33,255,1535.076,1030.076
5072,45,255,147.189,1031.544
5073,92,255,552.250,1032.467
5074,36,255,689.250,1031.444
5075,20,255,1130.450,1030.400
5076,45,255,1142.656,1030.744
5077,39,255,223.526,1032.064
5078,23,255,456.674,1031.630
5079,29,255,601.707,1031.121
5080,22,255,644.409,1032.591
5081,55,255,803.227,1033.027
5082,35,255,1033.014,1032.157
5083,49,255,1435.929,1031.949
5084,42,255,51.881,1033.024
5085,59,255,162.602,1034.822
5086,68,255,309.368,1035.618
5087,111,255,668.653,1036.185
5088,76,255,975.276,1037.434
5089,65,255,1330.962,1033.623
5090,34,255,1382.382,1033.176
5091,62,255,1456.290,1035.290
5092,45,255,1473.678,1032.856
5093,59,255,193.466,1035.314
5094,36,255,248.111,1034.639
5095,52,255,347.231,1034.885
5096,65,255,508.269,1035.100
5097,103,255,716.374,1036.481
5098,32,255,1002.781,1034.344
5099,53,255,1118.330,1035.085
5100,76,255,1186.947,1035.816
5101,46,255,136.283,1035.239
5102,40,255,357.825,1035.825
5103,68,255,613.059,1036.868
5104,50,255,19.740,1037.660
5105,68,255,206.574,1037.132
5106,39,255,773.526,1036.654
5107,50,255,1311.180,1036.220
5108,21,255,169.929,1038.071
5109,32,255,181.656,1036.719
5110,31,255,285.468,1037.177
5111,78,255,395.885,1038.051
5112,80,255,626.388,1038.775
5113,61,255,940.549,1037.336
5114,73,255,1247.555,1039.253
5115,33,255,1360.894,1036.470
5116,41,255,92.890,1037.280
5117,81,255,869.488,1039.352
5118,38,255,1343.500,1038.000
5119,43,255,1420.593,1038.733
5120,74,255,235.122,1040.365
5121,40,255,261.575,1039.225
5122,39,255,599.756,1038.833
5123,20,255,1373.350,1037.550
5124,42,255,436.476,1040.119
5125,51,255,1035.833,1040.500
5126,40,255,1153.675,1040.550
5127,24,255,1014.375,1040.542
5128,21,255,120.357,1041.595
5129,30,255,269.433,1043.167
5130,40,255,467.075,1042.425
5131,50,255,956.660,1041.940
5132,39,255,1089.859,1042.500
5133,55,255,1108.936,1043.045
5134,51,255,48.676,1043.696
5135,40,255,58.925,1043.225
5136,65,255,802.392,1044.300
5137,63,255,416.484,1045.056
5138,29,255,514.914,1043.948
5139,43,255,842.756,1045.035
5140,56,255,1071.625,1044.804
5141,61,255,1267.008,1045.959
5142,48,255,1434.083,1045.521
5143,157,255,1561.404,1045.901
5144,29,255,183.500,1044.397
5145,42,255,217.905,1045.643
5146,108,255,559.704,1046.407
5147,101,255,694.421,1046.500
5148,43,255,314.523,1046.547
5149,73,255,1146.966,1047.664
5150,51,255,1194.578,1047.147
5151,80,255,1280.875,1049.162
5152,42,255,1379.714,1046.405
5153,36,255,1521.056,1046.139
5154,58,255,244.621,1049.810
5155,27,255,371.426,1046.796
5156,48,255,647.604,1048.104
5157,50,255,661.000,1047.500
5158,92,255,1221.076,1048.152
5159,22,255,1295.273,1045.727
5160,115,255,1355.013,1048.057
5161,26,255,1456.769,1047.346
5162,54,255,138.204,1048.185
5163,54,255,382.722,1048.407
5164,44,255,821.227,1048.136
5165,40,255,1184.650,1048.325
5166,48,255,1242.646,1049.062
5167,78,255,97.987,1051.949
5168,33,255,879.167,1049.530
5169,25,255,887.940,1049.620
5170,63,255,1309.246,1050.294
5171,63,255,37.310,1052.024
5172,39,255,211.731,1050.013
5173,51,255,293.324,1051.186
5174,30,255,736.633,1049.200
5175,34,255,1062.000,1050.000
5176,26,255,1093.846,1049.654
5177,44,255,1322.864,1050.795
5178,43,255,1395.081,1050.174
5179,25,255,1448.700,1050.060
5180,35,255,1471.186,1049.957
5181,26,255,1129.192,1050.423
5182,38,255,1530.000,1052.421
5183,57,255,10.412,1055.360
5184,47,255,200.011,1052.606
5185,48,255,607.896,1052.271
5186,82,255,708.415,1053.220
5187,113,255,810.075,1055.951
5188,27,255,1037.500,1051.278
5189,40,255,76.125,1053.650
5190,58,255,404.431,1054.483
5191,64,255,767.422,1054.000
5192,76,255,1198.684,1056.171
5193,39,255,108.372,1054.628
5194,22,255,260.000,1053.000
5195,55,255,933.282,1054.118
5196,23,255,1459.717,1054.500
5197,38,255,1597.447,1055.289
5198,45,255,119.922,1055.567
5199,52,255,516.385,1055.385
5200,63,255,551.675,1056.421
5201,37,255,866.797,1054.878
5202,51,255,1046.676,1055.363
5203,126,255,1164.310,1058.810
5204,45,255,1518.567,1054.856
5205,46,255,132.370,1057.848
5206,84,255,915.929,1057.667
5207,28,255,1487.607,1056.179
5208,58,255,23.621,1057.741
5209,46,255,89.565,1059.065
5210,49,255,284.010,1057.949
5211,48,255,339.188,1058.604
5212,48,255,662.292,1057.312
5213,63,255,675.627,1058.500
5214,47,255,728.628,1057.862
5215,22,255,1477.591,1056.409
5216,39,255,165.064,1058.705
5217,53,255,206.198,1059.764
5218,31,255,453.661,1058.274
5219,35,255,541.300,1057.929
5220,48,255,738.104,1059.688
5221,56,255,1126.196,1059.000
5222,39,255,1436.244,1058.192
5223,25,255,655.300,1059.260
5224,44,255,1181.182,1059.932
5225,50,255,1359.560,1060.760
5226,31,255,125.048,1060.081
5227,55,255,392.227,1060.700
5228,28,255,524.393,1060.821
5229,67,255,533.560,1064.918
5230,31,255,1453.339,1060.177
5231,29,255,261.603,1060.741
5232,86,255,583.465,1062.395
5233,26,255,1019.923,1060.808
5234,65,255,1548.638,1062.962
5235,51,255,303.814,1062.402
5236,87,255,433.431,1062.420
5237,82,255,874.585,1063.549
5238,33,255,1314.561,1061.742
5239,31,255,1467.306,1061.952
5240,88,255,54.875,1065.557
5241,42,255,75.976,1064.310
5242,50,255,173.420,1062.520
5243,135,255,353.811,1066.848
5244,47,255,510.606,1062.691
5245,71,255,712.120,1065.204
5246,36,255,1416.694,1063.194
5247,61,255,953.975,1065.221
5248,22,255,1216.545,1063.773
5249,44,255,1244.000,1064.727
5250,33,255,1580.712,1063.530
5251,32,255,27.312,1064.875
5252,39,255,546.295,1064.808
5253,67,255,787.858,1067.784
5254,71,255,151.021,1067.655
5255,58,255,377.362,1066.862
5256,33,255,777.712,1065.955
5257,60,255,838.950,1068.150
5258,58,255,1039.690,1067.086
5259,115,255,1142.283,1069.509
5260,36,255,268.111,1067.750
5261,75,255,401.887,1068.633
5262,93,255,644.973,1068.328
5263,40,255,850.625,1067.950
5264,37,255,862.095,1066.824
5265,50,255,1305.780,1067.840
5266,34,255,1485.529,1066.765
5267,37,255,1507.770,1067.149
5268,94,255,1562.723,1070.957
5269,39,255,13.269,1067.474
5270,88,255,453.250,1073.023
5271,84,255,610.083,1071.429
5272,29,255,1248.810,1068.500
5273,27,255,1460.241,1067.537
5274,87,255,1531.270,1069.408
5275,56,255,1184.696,1069.875
5276,88,255,292.227,1072.670
5277,93,255,418.446,1072.145
5278,140,255,824.829,1073.521
5279,120,255,930.567,1073.217
5280,52,255,964.365,1072.212
5281,48,255,1119.396,1070.688
5282,22,255,1327.773,1069.682
5283,28,255,478.250,1071.143
5284,69,255,570.036,1072.471
5285,33,255,1221.258,1071.076
5286,23,255,1269.761,1071.674
5287,72,255,81.931,1072.611
5288,90,255,463.978,1077.211
5289,91,255,596.247,1073.731
5290,55,255,674.518,1072.391
5291,81,255,1206.772,1073.191
5292,20,255,1313.800,1070.900
5293,91,255,27.687,1074.753
5294,46,255,164.913,1074.587
5295,46,255,193.522,1073.891
5296,43,255,1365.384,1073.384
5297,131,255,112.363,1078.561
5298,41,255,177.232,1074.061
5299,90,255,798.367,1075.933
5300,48,255,1165.292,1074.250
5301,24,255,1403.708,1072.792
5302,49,255,1434.051,1074.745
5303,30,255,508.467,1075.167
5304,26,255,1337.769,1074.846
5305,23,255,1458.935,1074.065
5306,75,255,1493.393,1076.207
5307,61,255,742.877,1077.156
5308,43,255,1044.500,1077.128
5309,32,255,1416.906,1076.469
5310,42,255,1472.143,1076.095
5311,29,255,1544.155,1076.224
5312,67,255,227.813,1079.022
5313,66,255,380.136,1077.742
5314,58,255,714.586,1078.310
5315,53,255,723.802,1079.104
5316,54,255,866.222,1077.426
5317,58,255,1033.052,1078.466
5318,24,255,1348.833,1076.625
5319,26,255,1441.846,1076.654
5320,58,255,1514.500,1077.293
5321,45,255,1593.900,1077.589
5322,22,255,579.318,1077.818
5323,31,255,1056.016,1079.145
5324,52,255,1106.827,1078.077
5325,89,255,1132.388,1080.253
5326,33,255,1274.106,1078.500
5327,81,255,7.562,1081.488
5328,133,255,666.357,1082.628
5329,32,255,687.500,1079.000
5330,83,255,906.235,1079.982
5331,138,255,1087.594,1082.580
5332,41,255,1192.744,1079.305
5333,65,255,443.100,1082.423
5334,56,255,635.339,1082.589
5335,46,255,1327.478,1081.913
5336,68,255,1386.265,1081.191
5337,52,255,349.154,1082.135
5338,32,255,701.938,1081.406
5339,119,255,1072.492,1084.567
5340,43,255,1244.105,1080.523
5341,94,255,777.351,1083.840
5342,37,255,843.500,1082.905
5343,39,255,549.808,1083.321
5344,53,255,618.877,1083.538
5345,27,255,981.611,1083.389
5346,99,255,1292.975,1087.449
5347,61,255,202.959,1084.451
5348,87,255,805.937,1087.063
5349,35,255,1541.129,1083.786
5350,33,255,1578.076,1084.773
5351,40,255,321.950,1085.300
5352,89,255,538.365,1086.635
5353,26,255,735.654,1084.385
5354,66,255,790.833,1086.485
5355,63,255,867.881,1085.310
5356,52,255,1456.500,1086.673
5357,52,255,1560.519,1085.923
5358,61,255,286.844,1087.484
5359,94,255,491.606,1087.947
5360,52,255,917.846,1086.865
5361,80,255,941.450,1088.062
5362,41,255,972.695,1087.793
5363,79,255,26.943,1088.386
5364,55,255,255.645,1087.955
5365,52,255,612.212,1089.288
5366,59,255,239.110,1088.297
5367,29,255,276.397,1088.328
5368,98,255,374.694,1089.796
5369,45,255,433.967,1088.522
5370,32,255,888.625,1088.594
5371,35,255,1398.814,1089.271
5372,57,255,62.816,1090.956
5373,83,255,398.464,1090.886
5374,25,255,409.100,1089.460
5375,116,255,755.078,1091.724
5376,38,255,1051.842,1089.105
5377,30,255,1467.600,1089.800
5378,33,255,1481.924,1089.076
5379,82,255,857.354,1092.061
5380,41,255,898.793,1090.183
5381,41,255,1276.768,1090.061
5382,38,255,1515.658,1090.658
5383,83,255,1595.536,1092.367
5384,47,255,694.096,1091.287
5385,27,255,1573.241,1090.907
5386,35,255,185.014,1093.100
5387,63,255,470.452,1094.103
5388,38,255,363.868,1093.737
5389,66,255,737.197,1094.606
5390,47,255,1029.330,1093.521
5391,39,255,1065.679,1093.962
5392,39,255,1109.346,1093.551
5393,47,255,1309.053,1094.457
5394,45,255,623.478,1094.500
5395,35,255,94.414,1095.300
5396,42,255,152.738,1095.119
5397,56,255,171.232,1096.000
5398,27,255,500.870,1094.500
5399,52,255,550.942,1095.058
5400,35,255,1526.071,1095.443
5401,29,255,303.086,1097.707
5402,33,255,337.227,1097.288
5403,47,255,533.670,1097.394
5404,46,255,586.022,1097.696
5405,46,255,680.848,1097.217
5406,32,255,1078.938,1096.531
5407,20,255,205.100,1097.850
5408,24,255,328.958,1097.833
5409,40,255,452.225,1097.675
5410,21,255,495.214,1098.119
5411,34,255,1383.500,1097.735
5412,41,255,437.915,1098.207
5413,28,255,779.214,1098.179
5414,30,255,796.733,1098.167
5415,25,255,693.220,1098.580
5416,25,255,1270.500,1098.580
