 ,Area,Mean,X,Y
1,41,255,842.329,7.183
2,52,255,633.500,8.038
3,92,255,685.891,11.620
4,44,255,313.477,10.341
5,91,255,574.841,11.071
6,60,255,824.817,11.350
7,42,255,541.762,11.714
8,87,255,550.741,13.971
9,103,255,600.772,13.063
10,105,255,663.071,13.386
11,34,255,699.882,11.029
12,88,255,744.773,13.932
13,90,255,802.844,13.356
14,24,255,282.167,11.375
15,24,255,344.208,11.167
16,38,255,356.316,11.211
17,62,255,406.548,14.065
18,55,255,623.864,13.282
19,31,255,397.048,13.565
20,101,255,423.431,17.817
21,22,255,459.955,13.091
22,51,255,522.324,15.500
23,26,255,852.192,13.154
24,53,255,870.425,14.708
25,46,255,373.304,15.761
26,30,255,386.433,15.233
27,119,255,647.483,19.786
28,48,255,773.896,16.146
29,38,255,632.816,16.895
30,64,255,844.453,17.000
31,30,255,972.067,16.800
32,52,255,582.808,18.365
33,28,255,276.393,18.607
34,147,255,444.173,22.337
35,25,255,500.580,18.380
36,56,255,789.536,18.179
37,46,255,919.326,18.913
38,26,255,938.154,18.385
39,22,255,950.727,19.000
40,30,255,243.167,19.367
41,24,255,321.625,19.458
42,29,255,359.224,20.121
43,60,255,396.417,20.633
44,79,255,472.057,23.044
45,42,255,622.810,21.095
46,22,255,284.955,20.818
47,30,255,597.733,20.933
48,63,255,880.183,23.849
49,22,255,380.500,22.364
50,33,255,989.348,22.348
51,59,255,417.941,23.941
52,68,255,932.015,23.441
53,34,255,1026.118,22.882
54,130,255,207.269,25.654
55,58,255,171.259,27.534
56,33,255,825.591,26.045
57,44,255,245.568,26.727
58,30,255,1044.400,27.633
59,43,255,222.081,27.547
60,34,255,1059.206,28.382
61,37,255,1083.095,27.500
62,55,255,636.664,30.045
63,65,255,132.962,31.454
64,28,255,157.571,30.607
65,59,255,896.686,31.551
66,47,255,121.074,32.713
67,41,255,524.915,31.207
68,57,255,1097.114,33.570
69,44,255,1108.886,33.705
70,24,255,1133.042,30.917
71,40,255,455.700,34.625
72,60,255,1144.750,35.517
73,132,255,1158.303,39.280
74,26,255,680.269,37.000
75,55,255,1065.064,38.318
76,51,255,661.127,40.755
77,50,255,218.420,40.160
78,38,255,566.789,39.158
79,31,255,587.952,38.661
80,49,255,134.561,40.704
81,58,255,142.672,43.121
82,37,255,934.986,41.770
83,151,255,70.553,45.877
84,25,255,114.140,41.300
85,43,255,341.384,42.384
86,83,255,583.765,46.054
87,65,255,103.762,44.854
88,40,255,123.425,43.400
89,23,255,558.065,43.587
90,93,255,1227.081,48.640
91,51,255,598.088,47.716
92,33,255,733.773,46.712
93,198,255,88.081,52.803
94,36,255,608.667,49.111
95,40,255,634.850,48.000
96,23,255,52.978,48.022
97,24,255,312.208,48.500
98,25,255,517.940,49.900
99,36,255,1265.361,49.306
100,30,255,130.067,51.033
101,38,255,508.211,52.289
102,35,255,983.243,51.500
103,32,255,1026.406,51.562
104,79,255,43.247,55.411
105,28,255,230.464,52.929
106,23,255,488.152,52.848
107,31,255,643.048,53.823
108,27,255,890.796,52.796
109,67,255,1097.470,56.410
110,37,255,1249.203,54.770
111,60,255,124.067,57.533
112,31,255,209.113,54.694
113,35,255,15.071,56.443
114,41,255,349.841,55.793
115,37,255,373.446,55.932
116,37,255,908.527,56.500
117,28,255,1161.607,56.929
118,32,255,53.750,57.062
119,39,255,538.628,57.372
120,30,255,33.433,58.600
121,21,255,1269.071,58.214
122,34,255,547.941,60.029
123,45,255,813.811,61.456
124,49,255,844.602,60.194
125,26,255,1030.769,60.154
126,33,255,1289.530,59.833
127,22,255,1079.364,60.545
128,41,255,1262.159,61.305
129,41,255,497.549,63.232
130,33,255,6.955,64.106
131,50,255,144.860,64.820
132,35,255,200.386,63.271
133,76,255,643.118,65.224
134,48,255,748.646,66.042
135,26,255,768.769,64.077
136,29,255,917.397,63.983
137,22,255,901.091,64.773
138,47,255,1309.521,64.862
139,37,255,927.446,65.932
140,60,255,1352.467,67.333
141,32,255,131.531,69.438
142,56,255,980.732,69.179
143,39,255,212.679,68.064
144,31,255,488.500,69.177
145,38,255,847.632,68.921
146,31,255,540.565,69.081
147,75,255,1376.513,70.780
148,43,255,699.570,71.267
149,26,255,1286.846,69.231
150,32,255,1366.719,71.281
151,31,255,406.855,71.726
152,58,255,637.138,71.466
153,41,255,1275.695,72.402
154,72,255,1390.444,72.708
155,31,255,857.726,71.694
156,41,255,8.476,73.256
157,20,255,257.700,72.000
158,24,255,162.750,73.833
159,37,255,445.581,75.932
160,41,255,761.500,76.817
161,54,255,1091.167,80.000
162,55,255,434.755,78.555
163,31,255,133.048,78.790
164,39,255,297.141,81.500
165,98,255,1417.378,82.255
166,63,255,916.960,82.103
167,39,255,1399.910,80.962
168,29,255,120.879,81.534
169,49,255,624.969,82.459
170,51,255,727.794,83.304
171,48,255,784.042,82.625
172,32,255,981.062,83.500
173,24,255,394.292,82.708
174,65,255,1444.715,83.746
175,102,255,1462.108,85.578
176,35,255,79.843,84.329
177,22,255,252.000,82.864
178,26,255,165.000,85.192
179,23,255,697.109,86.283
180,37,255,991.149,87.419
181,41,255,1029.232,87.500
182,114,255,640.781,91.570
183,30,255,931.600,88.933
184,21,255,1482.071,89.119
185,34,255,201.235,91.500
186,37,255,458.716,92.068
187,37,255,571.986,90.770
188,44,255,852.659,91.955
189,27,255,912.093,92.019
190,53,255,1042.858,92.858
191,26,255,45.808,92.462
192,34,255,62.000,92.706
193,25,255,428.460,93.500
194,61,255,654.631,94.172
195,41,255,886.524,93.744
196,24,255,923.250,92.417
197,50,255,981.060,94.660
198,58,255,628.517,95.845
199,33,255,1512.712,93.561
200,29,255,279.948,94.914
201,28,255,1089.536,95.393
202,32,255,136.125,96.344
203,49,255,1464.439,95.949
204,71,255,450.415,98.782
205,29,255,817.741,97.293
206,26,255,218.038,97.346
207,40,255,579.975,98.700
208,23,255,1105.630,97.717
209,40,255,73.575,100.500
210,20,255,1078.300,99.050
211,40,255,1137.450,100.050
212,159,255,1545.154,103.035
213,55,255,878.373,101.591
214,41,255,1052.207,101.085
215,50,255,24.900,100.740
216,29,255,125.466,100.914
217,37,255,364.905,100.797
218,66,255,1475.803,104.136
219,72,255,609.444,103.903
220,42,255,232.357,103.905
221,52,255,501.615,104.327
222,44,255,47.636,103.614
223,49,255,85.541,105.867
224,31,255,1449.790,104.952
225,36,255,1567.111,105.639
226,40,255,429.300,106.850
227,56,255,163.304,107.982
228,40,255,663.700,108.100
229,34,255,272.529,108.118
230,27,255,359.019,109.352
231,64,255,635.312,108.750
232,63,255,730.167,111.135
233,50,255,739.500,109.620
234,22,255,849.364,108.182
235,45,255,895.967,108.922
236,48,255,130.271,109.333
237,68,255,647.353,110.456
238,20,255,789.850,108.900
239,55,255,839.936,110.027
240,22,255,935.636,108.500
241,31,255,1411.468,108.758
242,39,255,34.782,110.526
243,38,255,373.816,110.316
244,57,255,421.096,111.623
245,23,255,1304.283,110.196
246,22,255,1055.636,111.182
247,36,255,1598.250,114.861
248,59,255,440.924,113.500
249,62,255,607.145,114.323
250,31,255,805.565,113.952
251,51,255,963.578,116.716
252,22,255,1551.955,112.955
253,41,255,1570.305,116.524
254,71,255,139.725,116.331
255,70,255,170.657,117.771
256,63,255,250.929,117.056
257,28,255,341.464,114.821
258,79,255,571.576,117.120
259,43,255,1039.244,115.942
260,39,255,1048.705,116.474
261,26,255,1398.154,115.154
262,30,255,1562.333,115.567
263,30,255,521.700,116.533
264,47,255,1515.181,116.883
265,49,255,1580.092,116.173
266,49,255,229.398,117.765
267,54,255,272.889,118.148
268,149,255,591.762,122.312
269,25,255,796.100,116.660
270,35,255,1028.614,117.357
271,37,255,1276.284,117.770
272,62,255,1465.758,119.903
273,120,255,243.617,122.242
274,71,255,752.796,119.697
275,20,255,1072.450,117.750
276,59,255,696.992,119.161
277,30,255,1501.433,119.067
278,64,255,1546.719,121.047
279,37,255,94.797,119.662
280,136,255,370.941,124.500
281,52,255,1185.538,122.442
282,76,255,283.421,124.355
283,64,255,414.312,123.000
284,25,255,1196.140,121.860
285,46,255,304.587,122.630
286,126,255,633.944,125.333
287,31,255,645.694,122.887
288,43,255,729.802,123.035
289,29,255,1059.155,122.155
290,60,255,389.300,124.250
291,25,255,399.940,122.820
292,69,255,430.514,124.659
293,47,255,720.883,124.287
294,34,255,986.441,122.971
295,39,255,1233.295,123.269
296,40,255,1476.625,122.625
297,64,255,607.641,125.844
298,22,255,1020.591,123.591
299,36,255,1165.389,125.083
300,70,255,223.986,127.000
301,61,255,971.451,127.861
302,51,255,1334.559,125.657
303,34,255,1351.471,125.235
304,68,255,154.103,126.838
305,31,255,211.210,126.403
306,30,255,1266.867,126.133
307,67,255,135.649,130.903
308,76,255,949.526,129.645
309,121,255,1090.864,131.021
310,53,255,317.236,130.519
311,48,255,460.271,129.604
312,53,255,568.292,129.613
313,64,255,741.000,129.000
314,33,255,50.318,128.803
315,57,255,203.272,130.219
316,44,255,539.455,129.295
317,45,255,701.811,129.944
318,93,255,784.446,131.177
319,40,255,1581.925,129.475
320,41,255,65.085,130.378
321,56,255,803.982,132.554
322,38,255,1019.737,130.789
323,30,255,512.367,131.867
324,66,255,520.848,132.879
325,45,255,887.344,131.744
326,63,255,983.405,131.500
327,92,255,443.370,135.446
328,104,255,500.413,134.644
329,39,255,550.423,134.756
330,32,255,172.906,133.281
331,54,255,191.426,134.315
332,75,255,236.340,134.127
333,75,255,719.193,135.220
334,44,255,769.932,134.136
335,39,255,558.244,135.500
336,41,255,663.061,134.378
337,82,255,679.598,135.634
338,69,255,582.645,136.601
339,26,255,1243.885,134.308
340,66,255,352.758,137.167
341,62,255,531.839,137.145
342,74,255,1466.608,137.608
343,153,255,411.944,141.493
344,205,255,640.871,141.120
345,66,255,698.742,138.470
346,32,255,1230.312,136.312
347,38,255,1563.184,137.026
348,45,255,123.944,137.744
349,67,255,165.351,138.799
350,83,255,257.837,140.127
351,58,255,339.276,139.069
352,102,255,606.343,139.843
353,48,255,619.021,139.250
354,40,255,942.175,138.525
355,81,255,81.512,140.623
356,33,255,198.742,140.258
357,66,255,270.439,140.606
358,154,255,797.526,144.649
359,53,255,1040.481,140.594
360,60,255,739.067,141.517
361,52,255,989.788,140.904
362,37,255,1033.149,141.608
363,37,255,1446.338,142.230
364,144,255,213.590,148.757
365,135,255,302.611,145.967
366,59,255,433.280,143.398
367,39,255,890.885,142.064
368,64,255,1222.500,143.578
369,21,255,1529.214,141.690
370,72,255,282.361,147.000
371,38,255,360.105,143.526
372,80,255,672.175,145.213
373,133,255,777.094,148.282
374,62,255,7.306,144.952
375,22,255,463.591,143.409
376,22,255,488.591,143.773
377,130,255,61.723,149.931
378,70,255,1022.300,146.329
379,106,255,235.877,147.000
380,52,255,718.269,147.346
381,73,255,842.911,148.514
382,67,255,898.858,148.858
383,53,255,21.764,150.689
384,50,255,137.880,150.240
385,79,255,378.184,149.778
386,86,255,454.488,150.163
387,60,255,535.000,150.167
388,84,255,576.036,151.048
389,20,255,1461.200,147.450
390,64,255,188.422,150.781
391,47,255,500.691,149.436
392,78,255,590.269,151.192
393,102,255,618.618,151.863
394,36,255,733.889,149.111
395,51,255,36.480,151.108
396,62,255,126.226,151.290
397,69,255,323.225,152.645
398,45,255,875.256,150.833
399,55,255,1002.955,150.682
400,38,255,14.737,151.947
401,79,255,46.652,152.842
402,75,255,252.300,153.500
403,55,255,967.955,152.064
404,30,255,1425.433,151.367
405,74,255,364.162,153.676
406,54,255,428.000,153.000
407,36,255,438.417,151.750
408,33,255,480.712,152.864
409,90,255,562.600,154.833
410,48,255,1095.979,152.729
411,100,255,1107.580,156.550
412,26,255,1147.885,152.808
413,51,255,1390.461,152.127
414,54,255,469.685,153.759
415,20,255,1303.400,152.200
416,125,255,164.980,157.932
417,53,255,269.953,154.745
418,76,255,690.934,156.303
419,72,255,946.514,155.917
420,49,255,977.602,155.929
421,56,255,79.464,156.018
422,37,255,410.500,154.500
423,32,255,491.594,155.812
424,30,255,554.667,155.567
425,26,255,820.192,154.692
426,46,255,929.370,157.196
427,56,255,390.893,157.446
428,128,255,230.062,161.609
429,82,255,243.732,159.963
430,94,255,733.053,158.574
431,44,255,893.182,158.227
432,63,255,1071.944,158.294
433,76,255,284.750,160.053
434,78,255,506.513,160.359
435,70,255,519.114,160.357
436,63,255,988.611,159.611
437,48,255,459.188,159.125
438,35,255,542.071,159.729
439,34,255,655.000,159.206
440,63,255,720.897,160.770
441,53,255,841.236,159.443
442,51,255,882.265,159.971
443,55,255,1029.227,159.300
444,28,255,1140.857,159.214
445,32,255,1334.594,160.750
446,22,255,1351.545,157.955
447,38,255,95.421,160.553
448,86,255,220.488,163.535
449,124,255,377.992,162.895
450,59,255,704.008,162.076
451,21,255,849.881,159.548
452,57,255,1096.114,160.974
453,60,255,1512.067,162.017
454,40,255,1543.450,160.425
455,37,255,1061.473,161.905
456,56,255,187.804,163.536
457,100,255,341.900,164.890
458,105,255,398.681,166.148
459,89,255,479.466,165.376
460,111,255,636.887,167.860
461,47,255,859.543,163.074
462,106,255,413.368,165.330
463,65,255,493.362,164.531
464,106,255,664.726,166.547
465,50,255,758.660,164.540
466,77,255,766.942,165.513
467,82,255,917.085,166.110
468,21,255,959.643,162.833
469,67,255,1008.157,164.978
470,73,255,1438.308,165.473
471,92,255,327.185,167.043
472,127,255,821.870,165.587
473,46,255,970.587,165.370
474,62,255,1049.274,165.855
475,103,255,268.316,168.714
476,29,255,443.603,165.466
477,91,255,595.093,165.874
478,70,255,609.586,166.686
479,105,255,801.329,168.271
480,25,255,1192.900,165.380
481,95,255,199.395,168.121
482,33,255,688.227,166.227
483,50,255,36.200,167.620
484,74,255,59.703,168.838
485,53,255,1219.330,168.764
486,64,255,13.234,169.172
487,68,255,71.206,170.853
488,71,255,427.232,169.697
489,39,255,648.987,168.679
490,59,255,848.907,168.873
491,105,255,898.395,169.881
492,71,255,933.894,170.021
493,21,255,1086.405,168.310
494,23,255,1303.326,167.587
495,55,255,129.318,170.500
496,51,255,457.775,169.618
497,38,255,566.026,169.816
498,52,255,672.731,170.808
499,77,255,783.071,170.422
500,24,255,120.500,170.375
501,43,255,145.407,170.779
502,118,255,297.805,173.305
503,42,255,360.619,170.476
504,48,255,533.125,170.792
505,48,255,960.750,170.875
506,20,255,1015.400,170.150
507,46,255,1363.000,170.848
508,25,255,1547.980,171.420
509,75,255,514.873,173.140
510,70,255,868.571,173.114
511,72,255,1110.333,173.847
512,42,255,1228.119,173.119
513,53,255,1334.726,171.745
514,50,255,178.160,172.260
515,30,255,715.000,172.300
516,34,255,722.618,172.382
517,50,255,980.720,173.540
518,53,255,1098.142,172.858
519,52,255,1294.615,172.365
520,56,255,109.536,174.036
521,90,255,588.378,175.100
522,53,255,167.972,175.387
523,80,255,313.500,175.100
524,45,255,1022.611,173.744
525,35,255,2.529,175.614
526,107,255,99.706,180.547
527,36,255,157.500,175.611
528,63,255,210.198,176.563
529,37,255,378.770,175.500
530,88,255,549.261,176.205
531,50,255,575.780,175.880
532,96,255,812.469,178.698
533,42,255,911.429,175.810
534,21,255,1054.643,174.500
535,47,255,1189.628,175.713
536,28,255,1277.071,175.286
537,54,255,247.463,178.426
538,39,255,369.628,176.628
539,106,255,686.368,179.698
540,76,255,763.553,178.118
541,56,255,831.036,177.661
542,114,255,1060.939,180.009
543,121,255,1147.541,180.029
544,78,255,460.026,178.885
545,60,255,137.950,179.033
546,57,255,439.500,179.711
547,82,255,487.183,179.622
548,80,255,952.413,181.000
549,51,255,35.657,179.520
550,42,255,262.762,179.286
551,98,255,849.449,181.286
552,66,255,881.818,180.379
553,58,255,985.414,179.862
554,51,255,1089.402,179.441
555,103,255,1171.063,182.820
556,51,255,1259.343,180.912
557,108,255,416.833,182.528
558,36,255,557.194,181.306
559,40,255,614.500,181.100
560,95,255,49.479,184.163
561,51,255,67.147,181.794
562,42,255,183.500,181.833
563,51,255,196.108,181.676
564,38,255,566.421,181.289
565,124,255,714.379,186.460
566,68,255,782.750,182.985
567,77,255,1018.188,182.903
568,62,255,1185.935,182.000
569,29,255,1268.293,181.879
570,117,255,1329.021,183.953
571,61,255,535.713,183.287
572,39,255,961.756,181.962
573,48,255,1542.688,182.896
574,122,255,19.311,185.598
575,75,255,226.340,186.567
576,54,255,624.907,184.000
577,52,255,638.212,183.923
578,72,255,668.361,184.861
579,94,255,895.979,185.213
580,81,255,1080.142,185.525
581,50,255,1252.160,184.220
582,34,255,1300.618,184.118
583,73,255,156.062,185.870
584,64,255,333.031,184.906
585,134,255,391.351,187.269
586,60,255,754.100,185.767
587,42,255,1225.048,184.357
588,66,255,115.167,185.955
589,61,255,169.926,186.680
590,87,255,271.856,186.879
591,48,255,369.458,186.729
592,96,255,650.042,188.417
593,128,255,795.523,189.102
594,56,255,914.375,187.107
595,79,255,928.968,188.323
596,28,255,306.000,186.821
597,33,255,452.985,187.712
598,46,255,731.435,186.891
599,82,255,430.744,189.829
600,26,255,477.192,188.231
601,67,255,974.604,189.694
602,35,255,504.100,189.729
603,33,255,553.985,189.015
604,48,255,987.938,189.792
605,37,255,997.959,190.095
606,59,255,621.941,191.720
607,57,255,3.447,192.447
608,76,255,72.263,192.763
609,53,255,339.896,192.085
610,55,255,377.118,192.664
611,47,255,410.479,191.138
612,49,255,693.010,192.276
613,89,255,883.096,193.230
614,66,255,907.197,192.924
615,44,255,1007.682,192.432
616,56,255,1403.018,192.250
617,72,255,193.542,193.458
618,142,255,473.887,195.648
619,47,255,601.287,192.266
620,56,255,958.571,192.518
621,102,255,1036.157,194.657
622,46,255,1121.783,193.000
623,73,255,134.514,195.062
624,130,255,526.992,195.738
625,50,255,568.200,195.140
626,119,255,589.340,196.962
627,40,255,1144.350,193.325
628,85,255,1193.841,195.418
629,49,255,1298.765,194.235
630,141,255,1356.294,195.152
631,127,255,100.020,197.106
632,182,255,288.692,199.753
633,62,255,868.548,195.194
634,40,255,1064.000,195.375
635,26,255,1131.731,194.346
636,64,255,1227.172,195.031
637,80,255,122.013,197.562
638,66,255,205.621,197.712
639,88,255,1272.443,197.182
640,61,255,230.697,196.910
641,80,255,434.788,198.600
642,59,255,734.127,196.941
643,80,255,818.675,198.312
644,154,255,1331.942,199.890
645,91,255,1550.104,199.258
646,39,255,30.551,197.936
647,59,255,310.398,198.127
648,50,255,945.900,197.960
649,62,255,1393.726,198.339
650,63,255,1314.135,199.468
651,39,255,1439.808,197.859
652,68,255,804.309,200.985
653,47,255,1153.309,199.862
654,77,255,1215.396,200.240
655,110,255,267.182,202.900
656,68,255,413.647,202.000
657,72,255,506.667,201.278
658,65,255,556.808,201.285
659,22,255,1588.318,200.409
660,61,255,455.123,202.320
661,56,255,684.000,202.000
662,89,255,930.545,203.320
663,66,255,976.015,202.682
664,71,255,148.796,203.190
665,82,255,1053.207,203.829
666,113,255,1283.854,206.199
667,36,255,422.500,204.000
668,51,255,496.284,204.814
669,75,255,762.287,204.980
670,123,255,785.720,205.768
671,58,255,1138.431,204.948
672,50,255,23.240,205.080
673,123,255,906.744,207.378
674,118,255,1007.636,206.644
675,56,255,1305.625,205.375
676,97,255,214.129,208.603
677,51,255,747.461,206.186
678,98,255,870.806,206.918
679,41,255,1070.744,205.500
680,59,255,1084.653,207.093
681,76,255,1230.355,206.118
682,93,255,1348.876,207.855
683,146,255,166.479,209.575
684,86,255,488.523,209.767
685,92,255,613.815,208.663
686,58,255,627.121,207.690
687,67,255,738.172,208.037
688,121,255,1036.161,207.946
689,56,255,1367.250,207.339
690,35,255,1382.757,206.186
691,62,255,15.323,208.435
692,83,255,37.464,208.199
693,56,255,98.946,207.625
694,28,255,226.107,207.714
695,81,255,647.957,209.043
696,63,255,833.897,207.944
697,156,255,1201.103,211.705
698,72,255,312.444,209.694
699,55,255,587.518,208.591
700,75,255,772.327,210.460
701,48,255,1129.083,209.354
702,65,255,1520.762,210.700
703,33,255,389.500,208.985
704,42,255,398.024,211.024
705,37,255,542.743,209.986
706,108,255,701.935,211.491
707,74,255,1099.027,210.932
708,43,255,1150.826,209.523
709,75,255,1249.127,210.753
710,77,255,126.396,212.448
711,117,255,237.962,212.543
712,53,255,437.160,210.972
713,69,255,1169.167,211.210
714,91,255,56.368,214.060
715,27,255,66.093,210.685
716,35,255,815.757,211.614
717,24,255,1062.458,211.333
718,25,255,1443.220,211.020
719,74,255,136.378,214.351
720,78,255,524.179,214.359
721,66,255,577.530,213.439
722,106,255,952.377,215.142
723,52,255,1357.885,214.173
724,32,255,1584.281,212.312
725,111,255,199.230,214.653
726,115,255,383.978,216.709
727,38,255,466.842,213.421
728,59,255,1074.466,215.636
729,65,255,1139.592,214.731
730,65,255,1385.192,214.177
731,25,255,77.540,213.740
732,34,255,301.824,214.088
733,52,255,1301.769,215.173
734,92,255,1416.315,216.467
735,70,255,286.429,216.371
736,79,255,966.538,216.538
737,95,255,267.553,219.605
738,87,255,325.684,217.845
739,193,255,668.262,223.241
740,83,255,748.211,217.958
741,30,255,1322.000,215.933
742,120,255,1505.825,220.233
743,72,255,1575.972,218.472
744,56,255,151.214,218.000
745,32,255,360.094,217.469
746,71,255,830.542,218.387
747,25,255,906.340,217.380
748,80,255,1369.662,218.912
749,48,255,69.938,218.812
750,125,255,97.036,222.468
751,105,255,639.881,221.586
752,73,255,683.815,219.993
753,65,255,730.346,219.377
754,72,255,840.917,220.472
755,26,255,918.192,217.731
756,57,255,1064.377,219.956
757,72,255,1097.847,220.014
758,32,255,1399.656,218.156
759,50,255,372.820,220.700
760,43,255,788.221,219.640
761,84,255,986.357,220.964
762,86,255,1235.349,222.663
763,73,255,351.952,222.884
764,41,255,418.598,221.549
765,31,255,509.500,219.500
766,36,255,1167.361,219.944
767,43,255,1311.919,221.663
768,75,255,1552.220,222.327
769,24,255,1.708,221.583
770,78,255,39.128,222.667
771,34,255,502.235,221.912
772,61,255,995.992,222.779
773,89,255,1032.466,222.129
774,98,255,1085.092,223.949
775,37,255,1222.203,221.527
776,26,255,1250.038,221.192
777,75,255,1283.047,222.833
778,72,255,1338.292,223.125
779,59,255,25.534,223.059
780,72,255,83.347,224.264
781,85,255,806.924,223.994
782,56,255,1181.393,223.304
783,143,255,1441.227,225.423
784,64,255,1540.156,223.906
785,64,255,245.109,224.562
786,20,255,555.250,222.650
787,80,255,855.125,224.463
788,81,255,232.414,227.389
789,66,255,319.121,225.455
790,50,255,363.060,225.240
791,83,255,922.295,226.982
792,47,255,1172.457,225.309
793,49,255,1324.071,224.276
794,43,255,1484.872,225.244
795,61,255,15.910,226.828
796,101,255,196.530,226.817
797,61,255,256.254,226.549
798,55,255,709.173,226.064
799,59,255,1495.754,226.653
800,72,255,215.931,227.639
801,60,255,562.517,227.617
802,71,255,578.613,228.148
803,46,255,698.565,227.435
804,74,255,1208.973,227.459
805,31,255,1245.790,226.210
806,35,255,1353.671,226.157
807,42,255,114.786,227.500
808,58,255,446.862,228.241
809,151,255,1133.030,231.348
810,109,255,487.261,231.610
811,112,255,780.955,234.143
812,56,255,593.214,230.286
813,36,255,611.583,229.528
814,127,255,647.594,233.972
815,136,255,727.081,233.507
816,28,255,1366.393,229.607
817,91,255,167.214,232.445
818,73,255,424.500,232.404
819,44,255,789.818,230.545
820,93,255,887.575,232.220
821,82,255,959.244,232.402
822,65,255,1030.115,231.238
823,98,255,1267.724,232.969
824,74,255,767.770,232.527
825,54,255,816.241,233.074
826,72,255,156.000,234.569
827,95,255,311.532,234.574
828,67,255,410.276,233.381
829,61,255,436.844,233.648
830,52,255,684.077,232.788
831,113,255,1072.314,235.518
832,74,255,1472.365,233.784
833,103,255,138.102,237.073
834,90,255,182.089,235.044
835,33,255,242.439,232.924
836,77,255,373.695,235.851
837,107,255,1149.435,235.967
838,64,255,1315.797,234.484
839,82,255,1409.915,235.085
840,76,255,1430.250,234.316
841,105,255,343.186,238.186
842,97,255,515.851,235.974
843,134,255,624.619,240.396
844,80,255,1093.700,236.762
845,79,255,1108.551,236.348
846,109,255,801.546,236.959
847,106,255,1123.972,237.830
848,104,255,1191.548,237.769
849,59,255,1222.195,237.195
850,78,255,1298.705,236.949
851,46,255,1585.196,236.043
852,51,255,1595.716,236.245
853,63,255,117.484,237.325
854,69,255,706.152,237.457
855,112,255,1015.938,237.696
856,87,255,1354.420,239.443
857,87,255,1394.902,238.408
858,73,255,18.486,238.870
859,67,255,390.052,238.455
860,42,255,693.214,238.048
861,70,255,857.286,239.229
862,113,255,869.544,240.217
863,24,255,899.125,238.083
864,29,255,1245.983,236.603
865,80,255,1279.987,239.762
866,84,255,1502.071,239.583
867,88,255,276.068,240.159
868,49,255,359.929,239.173
869,49,255,542.031,238.541
870,64,255,761.859,239.516
871,61,255,1450.533,239.254
872,62,255,1464.065,239.903
873,143,255,215.038,240.808
874,54,255,569.907,240.000
875,59,255,919.822,239.517
876,82,255,1235.512,240.439
877,67,255,561.172,241.291
878,94,255,825.638,242.957
879,115,255,1330.709,244.213
880,62,255,1342.323,240.726
881,66,255,1522.727,241.364
882,100,255,1533.520,243.660
883,125,255,466.044,242.468
884,101,255,680.094,246.025
885,69,255,946.428,242.312
886,73,255,1364.048,243.158
887,166,255,1566.048,245.964
888,68,255,909.529,243.632
889,67,255,1056.933,244.604
890,80,255,1317.100,243.412
891,59,255,1384.551,244.093
892,80,255,1429.825,243.963
893,82,255,1548.402,244.451
894,96,255,56.635,248.969
895,66,255,239.848,244.909
896,74,255,989.432,245.216
897,92,255,38.576,246.043
898,38,255,511.658,244.263
899,88,255,747.955,246.773
900,80,255,1418.225,246.312
901,108,255,590.074,249.361
902,104,255,978.288,250.106
903,68,255,1265.706,246.147
904,122,255,1488.541,249.066
905,85,255,123.476,247.947
906,66,255,309.015,247.348
907,52,255,521.846,247.462
908,120,255,662.683,248.625
909,65,255,1030.454,247.162
910,74,255,1250.797,248.203
911,130,255,1377.277,250.646
912,73,255,1404.062,248.021
913,87,255,1472.132,248.489
914,97,255,356.077,250.964
915,64,255,539.578,247.875
916,55,255,1012.009,248.355
917,38,255,1106.263,246.921
918,23,255,49.891,248.239
919,69,255,297.717,249.630
920,83,255,649.211,251.428
921,30,255,781.700,248.067
922,44,255,800.886,248.295
923,67,255,886.828,249.455
924,86,255,1175.244,250.698
925,51,255,1198.990,248.441
926,59,255,1347.483,249.839
927,79,255,10.589,250.449
928,92,255,194.739,251.293
929,52,255,848.212,249.673
930,68,255,940.029,250.529
931,61,255,1157.500,251.500
932,113,255,76.111,253.164
933,138,255,328.304,253.957
934,32,255,342.781,250.281
935,86,255,704.186,251.651
936,43,255,924.291,250.849
937,86,255,1093.326,252.349
938,111,255,1148.401,254.158
939,56,255,1510.268,250.893
940,39,255,92.731,251.782
941,81,255,181.006,253.130
942,41,255,443.451,251.573
943,113,255,500.226,255.341
944,48,255,1076.104,251.667
945,77,255,620.526,254.305
946,33,255,734.682,252.318
947,189,255,1220.246,258.272
948,53,255,1592.726,252.104
949,80,255,387.163,254.500
950,52,255,451.596,254.519
951,62,255,485.758,254.339
952,73,255,635.733,255.212
953,83,255,894.090,255.235
954,76,255,1040.513,255.526
955,100,255,815.180,256.790
956,85,255,855.147,256.335
957,91,255,1283.874,256.346
958,52,255,1296.327,254.385
959,94,255,1444.319,256.191
960,73,255,102.568,256.842
961,28,255,279.286,255.429
962,138,255,410.442,260.580
963,84,255,461.560,259.238
964,58,255,832.586,256.707
965,115,255,1005.552,258.230
966,38,255,291.053,256.816
967,141,255,573.394,258.379
968,88,255,1029.716,259.716
969,89,255,1053.972,257.949
970,46,255,1071.326,257.783
971,59,255,1083.229,257.941
972,60,255,1194.400,256.900
973,72,255,162.806,259.056
974,67,255,518.664,258.828
975,46,255,1517.174,258.391
976,68,255,7.029,259.235
977,144,255,39.174,261.049
978,69,255,153.399,259.833
979,65,255,440.454,260.362
980,62,255,477.726,261.161
981,109,255,843.674,263.894
982,100,255,927.530,261.170
983,70,255,1543.700,259.486
984,57,255,1563.325,259.430
985,114,255,227.289,262.737
986,131,255,251.393,260.920
987,66,255,598.121,260.394
988,130,255,747.085,260.831
989,102,255,1117.637,262.324
990,80,255,1255.800,260.688
991,80,255,1397.750,261.800
992,66,255,375.000,261.864
993,80,255,547.050,261.887
994,64,255,1387.375,262.297
995,85,255,216.618,265.876
996,49,255,680.990,261.806
997,73,255,1317.801,262.144
998,85,255,1365.853,263.441
999,67,255,1506.097,263.799
1000,96,255,55.448,264.521
1001,47,255,455.160,263.670
1002,84,255,702.417,263.560
1003,88,255,945.682,264.750
1004,74,255,959.176,263.432
1005,62,255,976.258,263.629
1006,79,255,125.158,265.715
1007,76,255,186.855,264.921
1008,82,255,296.268,264.756
1009,88,255,650.102,265.307
1010,77,255,994.461,265.708
1011,134,255,1577.813,266.321
1012,91,255,722.049,266.467
1013,37,255,781.068,264.446
1014,65,255,470.592,267.700
1015,92,255,144.185,268.848
1016,22,255,1201.500,265.864
1017,93,255,1417.608,268.156
1018,125,255,1439.268,269.124
1019,125,255,102.196,269.652
1020,68,255,427.103,268.824
1021,59,255,735.856,269.669
1022,76,255,1325.434,269.750
1023,126,255,1043.571,271.222
1024,24,255,1180.458,268.208
1025,80,255,1303.825,270.087
1026,93,255,1593.113,270.661
1027,72,255,87.833,270.625
1028,63,255,207.817,270.500
1029,54,255,563.056,270.630
1030,75,255,597.220,270.340
1031,111,255,818.968,273.518
1032,73,255,1137.747,271.007
1033,42,255,256.333,270.595
1034,22,255,414.409,269.409
1035,73,255,686.336,272.308
1036,99,255,1549.843,272.348
1037,51,255,273.265,272.088
1038,79,255,1519.551,273.462
1039,171,255,624.646,277.249
1040,73,255,797.733,273.610
1041,52,255,954.846,272.981
1042,143,255,672.850,276.269
1043,84,255,869.464,275.083
1044,75,255,1279.633,275.060
1045,55,255,1406.536,274.973
1046,104,255,1480.500,275.827
1047,72,255,337.000,275.625
1048,56,255,729.643,275.911
1049,77,255,828.097,276.123
1050,61,255,1078.975,275.762
1051,77,255,1144.721,276.565
1052,124,255,1455.605,276.266
1053,90,255,158.356,280.056
1054,58,255,78.966,277.810
1055,90,255,121.444,278.633
1056,84,255,764.905,277.167
1057,49,255,1496.316,277.276
1058,113,255,15.907,280.279
1059,67,255,240.754,278.634
1060,75,255,459.047,279.527
1061,63,255,530.976,279.167
1062,23,255,540.457,276.848
1063,99,255,1063.692,279.722
1064,27,255,1157.463,277.574
1065,91,255,1182.742,278.335
1066,82,255,1198.207,278.902
1067,73,255,1362.144,278.952
1068,67,255,190.978,279.843
1069,81,255,908.191,279.907
1070,78,255,1020.487,280.436
1071,168,255,1218.958,282.732
1072,114,255,551.149,282.904
1073,142,255,580.739,284.035
1074,56,255,1304.250,280.018
1075,63,255,1339.294,280.278
1076,89,255,1514.096,281.444
1077,72,255,1530.514,281.139
1078,36,255,1.778,282.444
1079,61,255,268.746,281.418
1080,75,255,280.673,282.300
1081,43,255,359.337,279.616
1082,134,255,854.507,282.978
1083,83,255,944.500,282.500
1084,67,255,1117.321,281.097
1085,67,255,1413.560,280.799
1086,137,255,204.690,284.376
1087,90,255,883.778,283.456
1088,141,255,1004.465,284.174
1089,75,255,1328.900,283.007
1090,87,255,383.477,284.006
1091,66,255,774.803,284.485
1092,77,255,810.487,284.370
1093,96,255,173.885,285.552
1094,110,255,645.882,286.745
1095,81,255,899.241,286.265
1096,134,255,793.642,288.194
1097,75,255,1110.407,285.913
1098,100,255,1397.610,286.490
1099,129,255,147.593,289.671
1100,101,255,492.252,287.787
1101,68,255,515.882,287.029
1102,51,255,597.088,285.716
1103,90,255,1048.556,287.856
1104,106,255,1088.198,288.802
1105,67,255,1240.187,287.246
1106,46,255,1296.326,286.348
1107,58,255,31.086,287.862
1108,91,255,428.313,288.225
1109,159,255,739.399,289.450
1110,95,255,1136.321,288.700
1111,70,255,1177.771,287.186
1112,62,255,1248.484,287.839
1113,106,255,1494.349,288.547
1114,106,255,227.679,290.179
1115,76,255,632.684,289.605
1116,44,255,841.955,288.841
1117,75,255,873.647,289.687
1118,85,255,58.524,290.124
1119,134,255,242.709,292.851
1120,71,255,411.261,289.472
1121,38,255,481.632,289.395
1122,81,255,1542.340,290.142
1123,41,255,80.573,289.671
1124,74,255,362.378,291.514
1125,41,255,1062.159,289.256
1126,72,255,1268.750,292.083
1127,54,255,1386.296,290.796
1128,66,255,1460.652,291.015
1129,69,255,72.413,292.877
1130,52,255,395.115,291.269
1131,107,255,712.070,292.519
1132,56,255,939.929,291.536
1133,87,255,1257.638,293.523
1134,94,255,1435.032,293.670
1135,102,255,1566.676,293.824
1136,123,255,1590.768,294.581
1137,86,255,342.605,294.721
1138,150,255,1018.673,296.613
1139,46,255,1285.391,292.783
1140,42,255,299.452,293.643
1141,63,255,327.929,294.802
1142,55,255,437.918,294.791
1143,101,255,682.589,294.658
1144,53,255,779.877,295.009
1145,63,255,1321.659,294.897
1146,104,255,89.490,298.260
1147,89,255,699.309,296.444
1148,63,255,854.817,294.786
1149,90,255,923.744,296.300
1150,52,255,950.596,296.288
1151,54,255,1296.056,295.722
1152,117,255,1353.594,297.902
1153,127,255,1423.531,298.256
1154,86,255,281.326,297.500
1155,87,255,309.914,297.638
1156,78,255,502.141,297.359
1157,111,255,972.752,298.518
1158,107,255,1100.818,297.463
1159,71,255,533.683,297.908
1160,69,255,752.688,297.645
1161,75,255,768.913,298.073
1162,60,255,908.617,297.083
1163,61,255,1070.713,297.910
1164,101,255,1474.530,299.074
1165,66,255,39.697,298.833
1166,81,255,119.525,298.586
1167,89,255,1335.073,299.669
1168,117,255,170.833,301.021
1169,109,255,215.206,301.803
1170,86,255,521.233,300.558
1171,119,255,563.248,301.718
1172,94,255,598.245,300.564
1173,47,255,618.011,298.330
1174,65,255,806.777,299.177
1175,49,255,819.378,298.602
1176,103,255,840.345,302.490
1177,30,255,877.933,299.467
1178,87,255,1518.385,301.810
1179,66,255,55.030,301.076
1180,107,255,106.089,304.248
1181,25,255,629.260,299.620
1182,26,255,1059.500,300.000
1183,146,255,1177.288,303.212
1184,128,255,261.562,303.867
1185,52,255,297.673,301.827
1186,98,255,462.051,303.245
1187,45,255,573.056,302.456
1188,56,255,320.893,303.339
1189,110,255,393.564,306.009
1190,68,255,479.691,303.265
1191,63,255,728.373,303.310
1192,125,255,661.484,307.676
1193,115,255,1154.430,305.570
1194,56,255,1484.375,304.696
1195,53,255,1492.292,304.877
1196,144,255,129.201,310.042
1197,73,255,199.623,305.596
1198,41,255,917.183,304.841
1199,101,255,1237.955,307.233
1200,88,255,1361.864,306.648
1201,97,255,1318.902,306.706
1202,167,255,21.823,311.278
1203,110,255,363.845,308.273
1204,49,255,953.704,306.929
1205,38,255,1397.395,306.447
1206,77,255,1451.838,308.721
1207,77,255,188.903,309.370
1208,35,255,490.557,307.386
1209,54,255,679.759,307.352
1210,76,255,714.776,309.724
1211,139,255,781.809,310.788
1212,71,255,944.613,308.810
1213,30,255,1064.133,307.133
1214,64,255,293.578,310.188
1215,63,255,420.373,309.627
1216,48,255,613.667,309.792
1217,78,255,753.115,309.436
1218,102,255,965.588,311.275
1219,83,255,1088.705,310.428
1220,74,255,249.635,311.959
1221,46,255,865.848,309.478
1222,49,255,1221.296,309.827
1223,80,255,75.775,312.750
1224,101,255,579.480,312.757
1225,85,255,909.994,312.829
1226,55,255,1019.100,311.245
1227,93,255,1264.478,313.382
1228,55,255,1304.827,311.664
1229,118,255,1384.695,313.720
1230,54,255,481.852,311.759
1231,72,255,897.208,312.389
1232,47,255,1542.330,310.500
1233,108,255,94.028,314.269
1234,64,255,228.766,314.562
1235,95,255,632.163,317.068
1236,85,255,674.618,315.041
1237,90,255,1052.000,314.500
1238,58,255,1203.414,313.328
1239,27,255,1249.204,312.093
1240,68,255,114.897,315.412
1241,35,255,703.929,313.586
1242,68,255,727.882,313.809
1243,103,255,932.549,316.024
1244,91,255,1490.830,314.588
1245,30,255,278.467,315.100
1246,54,255,433.093,315.315
1247,29,255,494.293,314.569
1248,125,255,812.532,316.788
1249,119,255,1586.517,318.029
1250,67,255,7.634,317.112
1251,36,255,347.556,317.056
1252,119,255,539.416,317.903
1253,115,255,616.987,318.491
1254,30,255,768.633,315.367
1255,120,255,65.033,321.875
1256,77,255,175.838,317.539
1257,89,255,237.713,318.354
1258,85,255,371.735,318.924
1259,79,255,983.943,317.741
1260,86,255,1319.105,318.453
1261,102,255,1347.196,319.245
1262,106,255,1518.170,318.792
1263,59,255,398.517,318.042
1264,34,255,464.647,317.176
1265,88,255,1116.670,318.977
1266,99,255,1418.581,319.864
1267,36,255,49.028,318.222
1268,49,255,995.378,319.439
1269,120,255,1043.617,322.708
1270,31,255,1011.887,319.758
1271,88,255,1153.011,322.432
1272,64,255,1220.953,321.594
1273,78,255,1454.782,322.359
1274,86,255,1543.837,322.698
1275,77,255,297.552,323.513
1276,56,255,1177.196,322.107
1277,39,255,1204.038,322.397
1278,74,255,1335.689,323.486
1279,35,255,223.414,322.700
1280,45,255,274.656,323.056
1281,81,255,566.475,324.969
1282,43,255,860.314,322.244
1283,91,255,1240.841,324.775
1284,47,255,1462.840,323.926
1285,36,255,137.889,323.639
1286,26,255,510.538,323.385
1287,74,255,794.257,326.108
1288,122,255,1402.828,326.492
1289,38,255,380.184,325.105
1290,43,255,394.523,325.105
1291,76,255,520.237,325.803
1292,75,255,737.140,326.340
1293,54,255,1004.444,325.796
1294,151,255,1078.387,326.666
1295,106,255,1360.792,327.387
1296,28,255,1430.321,324.643
1297,70,255,56.986,327.214
1298,134,255,89.739,329.261
1299,60,255,128.683,326.217
1300,77,255,357.448,326.968
1301,110,255,434.918,329.082
1302,52,255,770.750,326.404
1303,60,255,975.633,326.083
1304,65,255,1272.500,327.115
1305,91,255,1486.115,327.181
1306,92,255,1531.326,327.728
1307,122,255,1565.189,328.098
1308,48,255,180.604,326.812
1309,174,255,323.718,328.954
1310,99,255,691.793,328.500
1311,137,255,721.266,330.880
1312,119,255,1103.256,329.735
1313,86,255,31.977,329.349
1314,61,255,754.615,328.844
1315,41,255,763.573,328.744
1316,52,255,994.654,328.404
1317,98,255,1189.857,329.541
1318,111,255,1283.329,330.896
1319,85,255,263.571,330.406
1320,20,255,627.800,327.000
1321,96,255,872.323,329.854
1322,91,255,1592.940,330.753
1323,79,255,284.272,330.994
1324,38,255,346.816,329.711
1325,77,255,188.214,332.162
1326,51,255,447.265,331.304
1327,52,255,852.981,332.096
1328,64,255,1499.766,331.094
1329,105,255,842.090,334.433
1330,104,255,1173.837,334.260
1331,82,255,386.171,333.707
1332,33,255,586.591,331.742
1333,52,255,619.365,335.135
1334,108,255,942.444,334.769
1335,87,255,1554.626,335.684
1336,57,255,1058.482,334.447
1337,68,255,1152.882,334.088
1338,21,255,1458.738,332.452
1339,79,255,134.323,337.323
1340,97,255,160.387,335.552
1341,86,255,223.791,336.616
1342,37,255,245.608,334.527
1343,106,255,337.962,338.085
1344,81,255,608.821,336.352
1345,31,255,660.016,334.790
1346,61,255,1257.926,335.221
1347,113,255,1319.845,336.898
1348,35,255,45.814,335.386
1349,73,255,545.596,336.377
1350,105,255,828.681,339.519
1351,118,255,970.398,339.068
1352,67,255,1452.127,339.515
1353,78,255,637.474,338.103
1354,125,255,1347.188,339.900
1355,79,255,650.905,338.854
1356,64,255,813.438,338.516
1357,85,255,891.112,339.288
1358,68,255,1002.397,338.926
1359,57,255,1231.202,338.167
1360,67,255,1334.455,338.769
1361,103,255,1486.830,339.733
1362,57,255,1504.588,338.009
1363,173,255,1577.506,343.575
1364,67,255,306.097,339.500
1365,87,255,1113.420,340.351
1366,162,255,1367.531,342.864
1367,93,255,1385.382,341.027
1368,39,255,203.013,341.064
1369,55,255,400.645,340.355
1370,56,255,670.625,339.911
1371,35,255,1028.843,339.700
1372,55,255,1309.282,341.445
1373,86,255,1523.186,341.291
1374,37,255,293.176,340.716
1375,59,255,512.737,341.653
1376,70,255,738.400,341.729
1377,81,255,783.228,341.747
1378,153,255,1137.075,345.984
1379,49,255,83.561,342.092
1380,65,255,165.054,342.669
1381,46,255,250.261,342.587
1382,37,255,1410.041,341.581
1383,63,255,46.786,342.976
1384,25,255,465.820,342.700
1385,82,255,12.207,345.061
1386,112,255,412.571,346.759
1387,64,255,428.406,344.984
1388,71,255,540.993,344.627
1389,99,255,715.914,345.965
1390,79,255,883.981,346.196
1391,110,255,149.382,347.364
1392,71,255,851.641,346.275
1393,55,255,928.155,344.591
1394,65,255,949.500,345.562
1395,90,255,1463.167,346.778
1396,74,255,61.568,346.824
1397,102,255,751.392,347.853
1398,78,255,871.077,347.154
1399,122,255,1156.262,348.385
1400,64,255,1255.625,345.484
1401,51,255,1597.578,347.520
1402,86,255,25.826,348.384
1403,50,255,378.640,347.040
1404,26,255,451.769,347.000
1405,56,255,575.804,347.625
1406,26,255,591.615,346.000
1407,87,255,602.914,348.454
1408,66,255,1060.045,348.606
1409,31,255,279.500,347.339
1410,38,255,368.632,346.868
1411,106,255,500.019,352.764
1412,63,255,776.944,349.452
1413,43,255,814.151,347.174
1414,31,255,939.081,347.371
1415,82,255,114.476,349.841
1416,90,255,242.511,351.667
1417,97,255,667.696,350.242
1418,94,255,688.340,350.777
1419,103,255,1077.024,350.607
1420,59,255,1196.856,350.059
1421,77,255,1285.396,349.916
1422,87,255,185.247,351.121
1423,47,255,322.500,350.500
1424,75,255,1514.287,352.100
1425,126,255,74.976,352.516
1426,78,255,212.372,352.449
1427,56,255,436.000,351.357
1428,55,255,520.136,351.718
1429,120,255,1321.475,353.392
1430,60,255,1390.200,352.167
1431,47,255,101.351,352.351
1432,97,255,290.541,353.046
1433,26,255,824.000,350.500
1434,59,255,311.805,353.958
1435,177,255,635.941,358.715
1436,154,255,734.909,354.961
1437,71,255,1230.570,354.077
1438,35,255,1441.443,353.071
1439,59,255,1481.975,353.229
1440,56,255,1503.804,354.304
1441,27,255,2.315,352.907
1442,54,255,335.648,354.000
1443,61,255,351.320,354.074
1444,56,255,960.750,355.089
1445,60,255,980.267,354.433
1446,75,255,1252.420,355.380
1447,85,255,1431.665,355.276
1448,72,255,33.708,356.278
1449,85,255,761.429,356.241
1450,136,255,1177.250,357.522
1451,41,255,53.500,355.256
1452,67,255,303.127,358.530
1453,51,255,362.265,358.127
1454,40,255,419.775,355.775
1455,47,255,533.734,355.862
1456,61,255,590.549,356.631
1457,41,255,929.476,355.085
1458,133,255,1399.305,359.485
1459,31,255,164.306,357.177
1460,212,255,696.741,364.377
1461,113,255,858.588,359.270
1462,92,255,912.207,362.978
1463,49,255,919.051,357.520
1464,68,255,1215.559,358.353
1465,51,255,676.873,358.304
1466,75,255,952.980,359.660
1467,36,255,971.306,357.972
1468,93,255,1202.371,358.618
1469,139,255,195.349,363.615
1470,104,255,269.587,360.279
1471,53,255,1586.915,358.858
1472,58,255,111.034,360.879
1473,51,255,122.284,360.167
1474,109,255,452.656,362.188
1475,51,255,575.716,361.735
1476,87,255,651.902,361.052
1477,62,255,63.290,361.839
1478,43,255,582.523,361.616
1479,83,255,838.488,362.560
1480,66,255,1375.091,361.652
1481,97,255,1487.923,363.345
1482,67,255,224.978,362.784
1483,20,255,399.600,361.500
1484,77,255,1473.877,363.656
1485,41,255,1541.524,361.622
1486,98,255,1556.122,363.949
1487,28,255,103.393,361.750
1488,68,255,182.000,364.000
1489,85,255,565.288,364.265
1490,27,255,1039.685,362.315
1491,68,255,1237.368,363.868
1492,107,255,1330.164,364.631
1493,99,255,1461.258,364.722
1494,72,255,94.167,366.097
1495,66,255,619.091,364.818
1496,55,255,797.391,362.882
1497,67,255,983.515,365.187
1498,76,255,157.737,366.303
1499,70,255,432.500,365.571
1500,79,255,531.158,366.259
1501,89,255,876.579,366.961
1502,101,255,1349.480,366.827
1503,113,255,1425.527,367.031
1504,175,255,1518.266,368.649
1505,92,255,1568.772,366.674
1506,65,255,54.731,367.438
1507,82,255,481.720,366.939
1508,37,255,205.527,366.797
1509,74,255,406.716,370.649
1510,69,255,1085.486,367.978
1511,65,255,233.192,368.931
1512,33,255,311.621,367.167
1513,52,255,358.750,368.692
1514,59,255,610.483,368.839
1515,40,255,1250.850,367.200
1516,144,255,1290.153,372.201
1517,96,255,1364.865,369.969
1518,86,255,11.140,372.419
1519,47,255,420.096,369.160
1520,23,255,730.413,368.457
1521,103,255,1130.024,371.578
1522,56,255,146.714,370.554
1523,22,255,937.500,369.000
1524,25,255,1118.140,370.020
1525,97,255,22.747,373.552
1526,41,255,473.012,371.598
1527,52,255,555.231,372.038
1528,83,255,752.271,371.596
1529,62,255,952.113,371.871
1530,84,255,1006.345,372.131
1531,134,255,1178.224,373.955
1532,146,255,211.247,376.322
1533,66,255,633.409,373.591
1534,90,255,657.233,372.744
1535,87,255,675.546,372.960
1536,65,255,813.023,373.238
1537,90,255,1384.611,373.567
1538,65,255,318.438,373.362
1539,138,255,589.739,376.341
1540,90,255,862.533,374.644
1541,84,255,903.083,373.786
1542,51,255,1196.186,373.147
1543,81,255,1439.537,374.599
1544,79,255,457.981,375.044
1545,47,255,836.691,373.266
1546,61,255,1064.549,374.500
1547,80,255,1479.963,375.337
1548,92,255,268.141,376.511
1549,61,255,332.008,375.303
1550,40,255,381.825,374.475
1551,57,255,924.026,375.640
1552,42,255,1251.310,374.595
1553,43,255,1452.430,375.035
1554,55,255,139.155,376.991
1555,74,255,765.392,377.662
1556,44,255,1029.477,375.705
1557,88,255,1261.136,377.716
1558,58,255,128.431,377.500
1559,38,255,164.789,376.158
1560,51,255,285.931,376.971
1561,32,255,491.844,375.656
1562,69,255,505.210,377.877
1563,69,255,622.471,378.196
1564,102,255,1207.667,379.225
1565,115,255,1538.413,379.065
1566,64,255,1585.641,377.906
1567,88,255,113.932,380.386
1568,143,255,177.038,381.185
1569,70,255,243.043,379.029
1570,57,255,355.974,378.289
1571,43,255,1098.244,377.826
1572,91,255,1304.005,379.676
1573,91,255,538.588,383.522
1574,40,255,1139.850,378.600
1575,86,255,1348.058,379.105
1576,47,255,310.819,380.606
1577,53,255,419.783,379.028
1578,83,255,718.958,381.151
1579,87,255,913.420,381.293
1580,109,255,81.445,385.280
1581,30,255,487.467,380.767
1582,85,255,648.724,381.829
1583,91,255,734.841,382.181
1584,69,255,851.877,381.935
1585,69,255,1159.616,381.601
1586,65,255,56.885,383.315
1587,69,255,302.370,382.688
1588,61,255,365.156,383.238
1589,61,255,840.287,382.549
1590,70,255,970.000,382.500
1591,80,255,997.812,382.887
1592,40,255,1015.575,382.150
1593,29,255,1149.397,381.017
1594,99,255,1395.288,385.066
1595,68,255,148.750,384.176
1596,87,255,558.994,384.730
1597,91,255,1243.995,384.874
1598,106,255,1336.123,385.991
1599,27,255,1403.833,381.500
1600,109,255,1499.739,385.693
1601,77,255,68.682,385.461
1602,81,255,688.463,384.944
1603,35,255,805.414,383.500
1604,25,255,1086.060,382.580
1605,51,255,335.147,385.265
1606,31,255,441.048,384.081
1607,81,255,473.981,386.056
1608,62,255,619.048,386.823
1609,67,255,933.590,385.485
1610,83,255,946.199,385.536
1611,35,255,41.671,385.643
1612,52,255,252.615,386.692
1613,63,255,327.135,386.548
1614,122,255,378.344,386.656
1615,78,255,676.167,386.987
1616,54,255,1570.241,386.815
1617,57,255,222.711,387.553
1618,33,255,516.348,386.773
1619,25,255,1140.300,385.940
1620,56,255,1436.839,386.482
1621,133,255,25.425,391.891
1622,73,255,89.870,389.130
1623,46,255,263.717,388.022
1624,51,255,960.167,388.539
1625,64,255,420.422,389.359
1626,61,255,1027.975,389.795
1627,65,255,1149.977,389.915
1628,37,255,1218.230,389.230
1629,83,255,1449.934,392.331
1630,48,255,2.521,390.896
1631,101,255,401.500,392.480
1632,121,255,444.558,395.475
1633,36,255,507.694,389.056
1634,61,255,772.680,390.287
1635,103,255,790.820,391.791
1636,74,255,812.297,391.351
1637,76,255,922.882,391.184
1638,57,255,1596.588,391.184
1639,78,255,124.705,393.295
1640,90,255,349.911,392.956
1641,164,255,1010.018,394.512
1642,83,255,1410.151,392.090
1643,145,255,1475.197,395.652
1644,82,255,748.280,393.476
1645,67,255,970.948,391.873
1646,79,255,1263.437,393.411
1647,42,255,1298.690,391.429
1648,157,255,603.156,395.939
1649,76,255,718.000,393.908
1650,87,255,1053.029,393.948
1651,68,255,1108.559,394.176
1652,90,255,1179.433,394.344
1653,76,255,1202.526,394.434
1654,68,255,1433.353,394.000
1655,80,255,37.487,396.400
1656,115,255,458.326,396.474
1657,40,255,1192.100,394.150
1658,97,255,1226.552,396.253
1659,38,255,233.947,395.447
1660,92,255,639.217,396.609
1661,43,255,1378.174,394.314
1662,131,255,1542.874,398.118
1663,96,255,1121.062,399.406
1664,33,255,1356.924,395.652
1665,47,255,689.904,396.564
1666,76,255,898.408,398.645
1667,82,255,1100.744,399.098
1668,60,255,1248.667,396.850
1669,143,255,1522.388,399.276
1670,78,255,55.923,400.487
1671,100,255,552.650,398.970
1672,87,255,931.741,399.868
1673,56,255,943.500,397.821
1674,36,255,263.889,397.694
1675,21,255,515.786,398.024
1676,62,255,583.726,399.758
1677,66,255,954.333,400.091
1678,95,255,1040.363,400.595
1679,53,255,1338.142,398.953
1680,63,255,1495.135,400.024
1681,132,255,479.341,401.530
1682,30,255,869.733,398.067
1683,46,255,1079.174,399.543
1684,29,255,1564.948,398.914
1685,22,255,75.409,399.409
1686,92,255,104.478,402.380
1687,61,255,1273.762,401.107
1688,86,255,1309.581,401.837
1689,99,255,278.399,406.025
1690,149,255,294.372,406.601
1691,144,255,758.535,406.236
1692,78,255,889.269,404.705
1693,36,255,1598.000,402.722
1694,35,255,46.271,403.271
1695,45,255,207.189,403.033
1696,54,255,242.074,403.370
1697,56,255,540.643,403.411
1698,61,255,726.500,403.500
1699,77,255,742.266,404.370
1700,50,255,225.000,403.760
1701,63,255,258.595,404.913
1702,57,255,319.904,404.219
1703,24,255,499.167,403.042
1704,59,255,529.534,404.720
1705,72,255,660.444,405.528
1706,75,255,785.393,405.567
1707,85,255,812.771,404.994
1708,57,255,843.728,404.096
1709,40,255,1065.175,403.300
1710,57,255,1389.500,403.939
1711,60,255,83.833,406.267
1712,89,255,132.781,406.455
1713,133,255,342.816,407.425
1714,57,255,591.412,406.009
1715,83,255,1246.765,405.886
1716,71,255,191.951,406.627
1717,126,255,386.143,407.889
1718,46,255,404.630,406.174
1719,84,255,572.988,407.690
1720,75,255,647.380,407.433
1721,77,255,986.838,407.396
1722,75,255,1264.060,407.873
1723,86,255,1423.198,407.581
1724,62,255,1510.742,406.823
1725,66,255,145.333,408.182
1726,89,255,434.140,408.949
1727,27,255,619.759,406.648
1728,64,255,630.312,407.859
1729,72,255,1142.306,407.931
1730,31,255,1221.919,406.306
1731,51,255,155.520,408.696
1732,49,255,175.092,408.847
1733,48,255,233.604,408.208
1734,93,255,311.672,409.081
1735,20,255,718.550,406.750
1736,61,255,865.992,408.811
1737,51,255,1073.814,407.990
1738,89,255,1174.208,409.331
1739,53,255,165.594,409.953
1740,48,255,1350.604,409.021
1741,67,255,1584.366,409.022
1742,32,255,519.000,409.000
1743,88,255,607.011,411.682
1744,63,255,1006.405,410.992
1745,128,255,1284.695,412.031
1746,75,255,1375.527,411.593
1747,76,255,208.513,412.829
1748,74,255,837.973,413.730
1749,67,255,1027.022,412.067
1750,45,255,1132.633,411.211
1751,79,255,1195.639,411.930
1752,94,255,1321.479,412.489
1753,32,255,218.406,411.219
1754,20,255,453.400,410.250
1755,74,255,491.622,412.973
1756,58,255,502.586,411.983
1757,21,255,958.976,411.262
1758,33,255,49.955,412.409
1759,64,255,827.375,414.250
1760,70,255,1304.657,413.500
1761,73,255,1436.007,413.733
1762,116,255,1565.121,415.741
1763,111,255,73.284,417.572
1764,96,255,671.240,415.740
1765,43,255,1091.523,414.174
1766,109,255,445.592,419.216
1767,42,255,681.810,414.976
1768,23,255,856.500,413.500
1769,67,255,1476.590,415.410
1770,53,255,627.104,416.953
1771,69,255,1493.399,416.442
1772,70,255,8.457,416.843
1773,59,255,128.042,417.822
1774,107,255,371.911,420.014
1775,62,255,479.984,417.855
1776,128,255,721.469,419.031
1777,66,255,810.348,417.152
1778,129,255,918.260,419.888
1779,69,255,1218.572,417.283
1780,79,255,1241.475,417.981
1781,47,255,1510.138,416.457
1782,80,255,426.637,419.050
1783,48,255,331.458,418.292
1784,78,255,523.090,419.833
1785,133,255,549.929,422.981
1786,49,255,801.582,419.418
1787,67,255,881.754,419.410
1788,37,255,1009.554,418.554
1789,33,255,1233.470,418.803
1790,56,255,1581.482,418.482
1791,63,255,165.341,421.087
1792,60,255,381.150,421.267
1793,45,255,1064.678,420.100
1794,70,255,1543.729,422.386
1795,116,255,22.414,424.069
1796,51,255,178.833,421.461
1797,59,255,218.975,421.229
1798,24,255,295.875,419.167
1799,45,255,318.611,421.078
1800,94,255,695.989,422.702
1801,78,255,856.782,422.205
1802,56,255,897.071,422.929
1803,76,255,1143.895,421.750
1804,90,255,117.922,423.678
1805,86,255,1397.058,423.965
1806,69,255,104.486,423.413
1807,73,255,258.733,424.089
1808,111,255,273.482,426.104
1809,72,255,764.069,424.069
1810,57,255,950.026,424.272
1811,69,255,1172.080,423.413
1812,85,255,1452.088,424.300
1813,64,255,402.188,425.266
1814,46,255,501.978,423.587
1815,125,255,569.844,427.076
1816,89,255,974.275,425.365
1817,139,255,1285.291,426.284
1818,40,255,1307.425,423.950
1819,124,255,1348.024,426.379
1820,51,255,207.971,425.402
1821,79,255,787.424,425.918
1822,93,255,960.360,427.435
1823,84,255,1367.048,427.071
1824,62,255,1418.661,426.000
1825,67,255,1428.858,425.843
1826,22,255,251.273,425.182
1827,72,255,330.472,426.556
1828,65,255,347.946,427.177
1829,40,255,682.925,425.975
1830,168,255,1191.113,430.720
1831,60,255,1254.183,426.400
1832,70,255,1384.143,427.243
1833,40,255,587.650,427.275
1834,68,255,754.529,428.368
1835,66,255,816.000,427.788
1836,73,255,1478.527,427.842
1837,91,255,830.742,429.203
1838,108,255,993.352,430.157
1839,74,255,1166.108,430.703
1840,81,255,46.870,430.154
1841,54,255,602.389,429.537
1842,71,255,624.472,429.697
1843,85,255,1021.912,429.982
1844,107,255,1098.967,429.294
1845,41,255,1376.915,429.939
1846,51,255,408.186,431.539
1847,71,255,474.599,430.401
1848,80,255,1043.112,431.012
1849,64,255,156.562,431.297
1850,79,255,226.905,432.677
1851,49,255,292.357,431.051
1852,38,255,715.447,429.947
1853,95,255,1219.353,433.500
1854,35,255,1227.700,430.414
1855,64,255,774.375,432.547
1856,60,255,1056.550,432.550
1857,50,255,1241.180,431.960
1858,74,255,1408.230,433.446
1859,141,255,1582.798,435.571
1860,82,255,72.207,433.695
1861,118,255,178.771,434.805
1862,54,255,748.056,433.574
1863,30,255,1122.133,432.133
1864,99,255,1134.995,434.763
1865,26,255,1144.615,431.846
1866,85,255,1154.500,434.382
1867,28,255,1445.179,431.679
1868,82,255,208.829,435.451
1869,109,255,313.647,435.555
1870,61,255,456.648,434.238
1871,58,255,165.603,436.293
1872,20,255,1263.600,433.200
1873,144,255,1309.715,436.486
1874,69,255,1458.804,435.370
1875,100,255,1509.600,436.350
1876,78,255,1527.705,436.577
1877,52,255,7.865,435.654
1878,98,255,84.939,438.459
1879,122,255,636.156,438.131
1880,44,255,663.250,435.295
1881,100,255,918.920,439.160
1882,74,255,1083.932,436.892
1883,94,255,145.383,438.096
1884,72,255,192.444,437.764
1885,40,255,359.625,436.725
1886,31,255,444.597,436.629
1887,153,255,510.958,440.356
1888,107,255,561.248,439.603
1889,36,255,607.944,437.694
1890,67,255,721.485,438.187
1891,33,255,869.773,435.803
1892,33,255,878.682,436.167
1893,32,255,969.156,436.500
1894,68,255,104.632,438.559
1895,73,255,280.692,439.226
1896,98,255,428.796,438.827
1897,70,255,692.443,438.186
1898,68,255,806.779,438.618
1899,43,255,1475.965,437.826
1900,61,255,618.418,439.336
1901,81,255,677.537,440.562
1902,58,255,763.879,439.759
1903,88,255,932.545,440.557
1904,70,255,1204.843,440.300
1905,68,255,1231.324,439.662
1906,79,255,1323.968,441.184
1907,61,255,1557.615,440.172
1908,70,255,1567.657,440.000
1909,60,255,298.017,440.733
1910,94,255,863.489,442.521
1911,83,255,1107.331,442.139
1912,63,255,1341.246,440.468
1913,62,255,1537.161,441.500
1914,54,255,13.148,441.722
1915,66,255,651.924,442.106
1916,80,255,893.712,442.238
1917,41,255,458.646,441.646
1918,66,255,778.485,442.924
1919,82,255,1017.415,442.927
1920,43,255,1064.942,442.081
1921,92,255,328.891,444.533
1922,104,255,474.087,445.038
1923,21,255,706.690,440.833
1924,104,255,791.413,446.885
1925,52,255,1296.846,443.288
1926,37,255,1352.419,442.203
1927,57,255,72.360,444.781
1928,66,255,410.773,444.439
1929,80,255,1454.463,444.650
1930,56,255,365.768,446.464
1931,85,255,498.182,446.100
1932,20,255,835.550,443.600
1933,144,255,1381.431,449.333
1934,122,255,351.746,448.098
1935,68,255,1126.088,446.824
1936,56,255,1482.625,446.911
1937,56,255,5.554,447.911
1938,70,255,54.471,447.914
1939,48,255,249.417,447.271
1940,140,255,539.600,450.421
1941,58,255,715.345,447.897
1942,76,255,974.947,447.513
1943,76,255,1196.868,448.474
1944,20,255,63.250,446.550
1945,71,255,1150.556,449.965
1946,120,255,1248.142,449.525
1947,67,255,1443.187,449.022
1948,65,255,176.223,449.331
1949,80,255,268.925,450.012
1950,76,255,670.474,450.145
1951,49,255,687.520,449.173
1952,136,255,113.294,453.816
1953,106,255,142.377,451.321
1954,91,255,434.918,451.181
1955,69,255,1114.094,450.630
1956,74,255,1351.743,450.770
1957,36,255,1360.389,449.861
1958,53,255,233.255,452.160
1959,45,255,373.722,451.322
1960,20,255,601.850,449.500
1961,61,255,817.451,450.730
1962,45,255,1045.433,450.633
1963,92,255,1586.533,453.413
1964,93,255,208.747,454.661
1965,153,255,419.971,456.154
1966,33,255,520.439,451.924
1967,75,255,744.927,452.860
1968,75,255,1276.060,452.620
1969,22,255,1330.273,449.909
1970,111,255,28.995,457.779
1971,72,255,95.403,454.208
1972,38,255,311.632,452.079
1973,64,255,394.109,453.734
1974,74,255,610.676,453.243
1975,43,255,889.337,452.942
1976,53,255,1025.255,452.255
1977,82,255,1419.573,454.988
1978,46,255,1536.457,452.022
1979,52,255,491.654,454.442
1980,58,255,583.897,453.845
1981,79,255,1078.968,455.158
1982,68,255,1132.838,455.250
1983,53,255,64.840,455.858
1984,58,255,221.534,456.672
1985,114,255,595.974,457.746
1986,83,255,777.681,455.536
1987,43,255,1507.477,454.058
1988,33,255,1575.409,454.015
1989,105,255,1061.814,458.386
1990,51,255,1007.343,456.363
1991,86,255,1525.035,458.570
1992,24,255,404.542,456.750
1993,51,255,475.912,457.814
1994,168,255,640.827,459.762
1995,56,255,709.893,458.268
1996,71,255,835.711,458.542
1997,97,255,977.851,458.923
1998,68,255,1500.618,459.397
1999,64,255,1468.734,459.219
2000,61,255,10.123,460.549
2001,114,255,47.263,462.368
2002,101,255,379.272,461.530
2003,86,255,557.267,461.407
2004,86,255,569.756,462.012
2005,53,255,623.632,460.142
2006,154,255,726.221,462.987
2007,37,255,1024.122,458.716
2008,21,255,1033.976,459.310
2009,46,255,1258.174,460.239
2010,64,255,1512.969,461.578
2011,56,255,284.268,461.161
2012,20,255,1048.650,460.350
2013,61,255,1086.779,462.074
2014,90,255,1187.967,463.300
2015,87,255,1200.293,462.937
2016,167,255,1295.057,464.434
2017,109,255,1357.839,462.784
2018,26,255,153.846,461.000
2019,71,255,198.359,462.345
2020,34,255,938.324,461.265
2021,114,255,1233.447,464.035
2022,52,255,1346.135,463.308
2023,109,255,1387.188,465.032
2024,62,255,1487.484,463.145
2025,117,255,134.517,464.483
2026,36,255,183.444,462.361
2027,44,255,251.000,463.000
2028,36,255,395.139,462.472
2029,68,255,669.471,463.015
2030,79,255,799.728,463.804
2031,59,255,867.297,463.669
2032,41,255,910.549,462.671
2033,72,255,1168.708,463.903
2034,83,255,1443.717,465.717
2035,48,255,355.104,464.229
2036,22,255,614.455,463.000
2037,65,255,858.069,465.377
2038,53,255,1279.575,464.009
2039,37,255,321.959,464.311
2040,85,255,334.335,467.371
2041,97,255,1313.768,466.222
2042,28,255,1331.000,464.000
2043,80,255,1461.750,467.000
2044,69,255,1477.790,466.891
2045,66,255,1559.742,465.652
2046,96,255,1574.594,466.583
2047,63,255,94.310,466.738
2048,34,255,237.029,465.735
2049,58,255,345.276,466.207
2050,32,255,362.312,466.344
2051,100,255,492.130,466.670
2052,70,255,507.986,470.157
2053,95,255,522.921,466.974
2054,69,255,1105.051,467.051
2055,26,255,1269.577,464.615
2056,81,255,458.673,468.957
2057,86,255,470.140,468.826
2058,29,255,1009.224,466.086
2059,71,255,1218.852,467.486
2060,47,255,1338.670,468.181
2061,77,255,1373.331,468.435
2062,46,255,272.891,467.739
2063,24,255,310.875,467.750
2064,87,255,830.684,468.914
2065,42,255,2.381,469.405
2066,55,255,171.755,469.991
2067,92,255,849.543,472.130
2068,107,255,939.528,469.687
2069,124,255,954.548,471.661
2070,69,255,1022.587,469.413
2071,82,255,1246.085,470.500
2072,70,255,1437.086,470.086
2073,68,255,1036.721,470.603
2074,61,255,1496.844,470.926
2075,32,255,1508.812,468.906
2076,95,255,1543.489,471.321
2077,129,255,887.205,473.516
2078,89,255,1091.904,472.500
2079,38,255,1138.000,470.500
2080,33,255,213.076,470.924
2081,49,255,281.500,472.622
2082,55,255,987.355,472.809
2083,87,255,1207.075,474.155
2084,102,255,1269.225,474.196
2085,42,255,110.262,472.643
2086,80,255,178.488,475.238
2087,78,255,405.962,474.897
2088,79,255,449.348,475.513
2089,103,255,656.947,474.481
2090,72,255,695.431,474.014
2091,101,255,764.173,474.896
2092,73,255,816.966,474.486
2093,65,255,918.054,473.438
2094,49,255,39.806,473.969
2095,41,255,623.329,473.159
2096,103,255,751.131,476.490
2097,80,255,1325.700,474.575
2098,66,255,1419.045,474.621
2099,73,255,1561.459,475.171
2100,151,255,75.474,477.228
2101,62,255,294.097,475.129
2102,79,255,596.513,477.842
2103,65,255,489.577,476.008
2104,30,255,88.333,476.233
2105,85,255,538.641,478.406
2106,67,255,1033.216,477.963
2107,72,255,58.111,479.444
2108,83,255,415.102,481.741
2109,61,255,1363.516,478.074
2110,68,255,200.456,480.103
2111,90,255,351.156,481.022
2112,84,255,551.083,480.798
2113,30,255,1571.167,478.300
2114,44,255,2.795,479.864
2115,25,255,121.100,480.620
2116,58,255,523.138,480.672
2117,85,255,860.606,481.606
2118,90,255,1384.033,482.378
2119,57,255,1493.675,480.395
2120,101,255,376.777,483.054
2121,59,255,613.992,483.042
2122,131,255,1168.889,484.294
2123,38,255,1335.368,481.132
2124,59,255,33.415,482.754
2125,80,255,966.538,482.238
2126,98,255,1132.918,484.204
2127,32,255,1249.594,480.562
2128,108,255,309.009,484.472
2129,85,255,635.465,485.994
2130,54,255,1186.537,482.444
2131,83,255,1591.428,483.994
2132,39,255,108.859,483.218
2133,122,255,431.967,487.270
2134,65,255,1224.608,485.485
2135,78,255,47.295,486.397
2136,88,255,562.557,487.841
2137,43,255,576.477,484.267
2138,83,255,810.753,486.994
2139,96,255,1004.938,486.917
2140,56,255,1146.214,485.000
2141,35,255,1232.729,484.243
2142,49,255,157.561,486.010
2143,46,255,234.630,485.413
2144,49,255,278.071,485.459
2145,165,255,792.906,491.603
2146,94,255,903.383,487.479
2147,52,255,1066.000,485.981
2148,66,255,1423.485,486.682
2149,77,255,1548.708,486.968
2150,35,255,9.443,486.786
2151,63,255,94.119,487.500
2152,31,255,143.952,485.468
2153,32,255,606.031,486.562
2154,109,255,874.115,489.317
2155,75,255,1326.660,488.633
2156,58,255,61.552,488.086
2157,71,255,186.007,488.627
2158,30,255,588.100,486.767
2159,44,255,1017.364,488.136
2160,77,255,1406.123,488.305
2161,75,255,1469.793,490.407
2162,84,255,1478.131,492.143
2163,70,255,168.343,490.600
2164,75,255,250.727,490.873
2165,90,255,320.911,490.711
2166,110,255,723.191,491.555
2167,82,255,1306.756,490.622
2168,100,255,290.460,492.130
2169,58,255,395.397,490.483
2170,127,255,1046.799,494.083
2171,120,255,1107.775,492.100
2172,30,255,1194.333,489.433
2173,74,255,21.500,491.703
2174,65,255,530.977,491.900
2175,46,255,744.500,491.000
2176,85,255,1457.229,492.618
2177,48,255,1530.729,490.896
2178,23,255,1569.848,489.935
2179,62,255,858.613,492.452
2180,101,255,927.807,492.767
2181,35,255,948.443,491.929
2182,74,255,89.392,495.149
2183,21,255,103.167,491.643
2184,26,255,521.192,491.462
2185,33,255,573.258,491.803
2186,85,255,672.394,493.712
2187,96,255,688.604,494.729
2188,69,255,959.920,494.616
2189,87,255,157.879,495.546
2190,30,255,831.367,493.133
2191,75,255,1036.380,495.767
2192,102,255,1086.735,495.902
2193,106,255,121.283,496.575
2194,51,255,240.127,495.833
2195,47,255,840.543,494.926
2196,154,255,1067.916,500.117
2197,107,255,1346.182,497.061
2198,96,255,1511.604,496.115
2199,142,255,482.430,497.796
2200,100,255,505.530,497.720
2201,93,255,1273.769,497.790
2202,135,255,900.174,500.833
2203,23,255,1417.283,495.891
2204,103,255,457.801,500.597
2205,93,255,881.081,500.145
2206,90,255,979.200,499.478
2207,64,255,1209.297,499.328
2208,49,255,1219.051,496.806
2209,37,255,1243.068,497.662
2210,85,255,135.371,500.900
2211,78,255,406.051,500.936
2212,33,255,596.015,499.530
2213,63,255,1427.437,500.103
2214,54,255,1568.630,498.889
2215,129,255,1581.112,502.888
2216,28,255,1.357,501.929
2217,60,255,189.833,500.433
2218,83,255,523.524,503.006
2219,42,255,1157.976,499.857
2220,130,255,1170.762,502.738
2221,54,255,1324.796,500.611
2222,90,255,10.900,503.600
2223,74,255,295.365,501.743
2224,47,255,446.436,501.181
2225,66,255,654.121,502.167
2226,83,255,1390.837,502.223
2227,34,255,41.147,500.412
2228,50,255,781.660,502.560
2229,37,255,848.743,501.662
2230,144,255,1009.278,504.694
2231,66,255,1438.212,502.970
2232,83,255,1450.271,504.042
2233,77,255,56.344,503.747
2234,110,255,201.582,505.327
2235,58,255,224.328,502.000
2236,77,255,312.760,504.201
2237,49,255,602.827,503.500
2238,50,255,613.300,503.780
2239,103,255,766.539,504.820
2240,86,255,1124.628,504.686
2241,115,255,1536.822,505.761
2242,125,255,343.412,505.836
2243,68,255,378.397,504.971
2244,26,255,713.308,503.615
2245,32,255,719.750,503.156
2246,56,255,825.750,504.179
2247,87,255,924.236,505.672
2248,140,255,1370.236,508.157
2249,80,255,969.450,507.150
2250,69,255,1285.326,505.891
2251,97,255,1301.211,506.418
2252,113,255,1486.066,506.801
2253,103,255,647.850,509.539
2254,63,255,273.294,508.056
2255,34,255,1239.529,505.882
2256,84,255,1520.988,509.071
2257,73,255,250.075,508.842
2258,60,255,788.350,509.733
2259,125,255,993.596,510.604
2260,107,255,1221.678,510.164
2261,68,255,1459.603,509.941
2262,109,255,1549.885,511.271
2263,60,255,153.500,509.000
2264,51,255,537.422,510.245
2265,103,255,1352.801,510.908
2266,46,255,49.348,510.848
2267,35,255,118.557,509.071
2268,87,255,409.856,510.684
2269,133,255,1407.019,513.605
2270,37,255,1566.311,509.311
2271,86,255,833.151,514.302
2272,44,255,934.159,511.295
2273,128,255,622.742,514.109
2274,81,255,675.228,513.821
2275,109,255,223.115,515.665
2276,54,255,461.593,513.833
2277,46,255,489.783,513.130
2278,78,255,502.705,514.538
2279,113,255,692.712,514.819
2280,113,255,89.181,516.765
2281,68,255,328.691,514.471
2282,23,255,358.283,512.413
2283,54,255,843.944,513.833
2284,35,255,854.100,513.729
2285,82,255,869.915,514.817
2286,68,255,1471.603,514.882
2287,30,255,1502.433,513.033
2288,36,255,11.389,514.111
2289,94,255,588.787,516.947
2290,87,255,749.201,517.259
2291,66,255,1167.061,514.742
2292,85,255,1324.900,516.841
2293,48,255,1437.396,514.750
2294,49,255,143.418,515.745
2295,91,255,426.412,517.863
2296,92,255,735.283,517.957
2297,107,255,796.369,519.248
2298,40,255,822.950,515.750
2299,77,255,1090.734,517.357
2300,41,255,1152.451,515.890
2301,45,255,1426.878,516.233
2302,119,255,438.525,520.324
2303,93,255,721.242,518.876
2304,97,255,1038.397,518.366
2305,60,255,1583.517,516.817
2306,70,255,1574.014,519.514
2307,64,255,153.484,519.656
2308,59,255,192.703,519.212
2309,97,255,564.057,520.892
2310,91,255,948.764,519.984
2311,94,255,1060.819,520.713
2312,64,255,1192.734,519.750
2313,105,255,1246.767,521.357
2314,87,255,1271.925,521.167
2315,176,255,1539.364,525.551
2316,72,255,125.125,520.847
2317,95,255,373.405,522.342
2318,29,255,400.914,519.052
2319,47,255,600.564,520.521
2320,173,255,902.910,525.043
2321,31,255,962.500,519.500
2322,108,255,1131.463,521.028
2323,90,255,1446.289,522.133
2324,106,255,577.972,523.434
2325,53,255,610.689,521.802
2326,70,255,764.714,521.757
2327,88,255,74.852,522.977
2328,164,255,249.073,524.500
2329,54,255,348.204,521.426
2330,83,255,850.681,522.801
2331,25,255,862.300,521.820
2332,150,255,51.613,526.807
2333,65,255,509.146,524.269
2334,41,255,1106.500,522.646
2335,87,255,1520.408,524.374
2336,57,255,1050.763,525.061
2337,127,255,1497.075,525.846
2338,113,255,282.279,528.049
2339,32,255,181.844,524.656
2340,90,255,1144.944,527.844
2341,181,255,1160.936,529.500
2342,70,255,1416.057,527.043
2343,54,255,306.130,527.315
2344,98,255,384.082,529.112
2345,78,255,411.462,527.192
2346,37,255,656.932,526.392
2347,155,255,707.223,530.306
2348,110,255,885.327,528.645
2349,58,255,1090.310,527.362
2350,105,255,1293.529,529.719
2351,31,255,1554.887,526.339
2352,89,255,97.051,529.680
2353,77,255,270.422,531.110
2354,64,255,476.688,528.109
2355,92,255,326.370,530.935
2356,53,255,685.858,528.858
2357,57,255,1203.728,529.325
2358,61,255,176.320,531.270
2359,36,255,650.194,530.222
2360,38,255,756.368,529.763
2361,95,255,985.953,531.668
2362,111,255,1006.428,532.113
2363,77,255,1178.383,531.513
2364,70,255,16.800,531.814
2365,55,255,122.500,530.773
2366,45,255,138.367,531.678
2367,120,255,346.642,532.433
2368,70,255,778.200,532.071
2369,78,255,1121.103,532.872
2370,57,255,470.623,533.132
2371,83,255,747.693,534.693
2372,97,255,1340.005,533.696
2373,57,255,1479.939,531.868
2374,45,255,75.567,532.656
2375,75,255,726.633,534.060
2376,93,255,964.575,534.844
2377,106,255,1318.962,534.358
2378,107,255,801.397,535.565
2379,32,255,186.344,534.844
2380,104,255,227.471,537.442
2381,81,255,441.204,536.204
2382,106,255,454.302,536.519
2383,63,255,1188.500,535.500
2384,64,255,610.016,538.016
2385,104,255,1027.856,538.615
2386,107,255,1365.313,538.005
2387,94,255,1469.447,537.851
2388,80,255,210.575,539.413
2389,49,255,874.582,537.357
2390,108,255,1050.546,538.787
2391,92,255,634.185,539.717
2392,27,255,1548.204,537.352
2393,178,255,511.916,545.792
2394,76,255,560.461,541.632
2395,74,255,938.784,540.068
2396,103,255,1065.316,540.442
2397,99,255,1087.702,541.217
2398,70,255,1333.157,541.071
2399,86,255,1522.570,540.895
2400,70,255,1583.357,540.329
2401,30,255,163.200,538.867
2402,68,255,495.647,541.882
2403,120,255,579.275,542.633
2404,69,255,654.775,540.616
2405,63,255,687.056,540.786
2406,48,255,889.250,539.500
2407,101,255,925.163,542.173
2408,75,255,1280.860,541.633
2409,90,255,1382.067,541.789
2410,94,255,27.500,542.628
2411,124,255,172.379,544.073
2412,94,255,374.383,543.096
2413,34,255,218.147,541.735
2414,52,255,417.481,541.654
2415,68,255,1427.559,542.471
2416,110,255,260.727,545.500
2417,34,255,387.353,542.765
2418,57,255,1262.658,543.114
2419,39,255,1322.679,543.551
2420,129,255,1445.562,544.818
2421,91,255,600.632,545.555
2422,59,255,712.653,544.619
2423,130,255,947.069,550.508
2424,65,255,1120.438,545.254
2425,60,255,1139.000,544.500
2426,63,255,334.040,546.008
2427,48,255,672.729,545.354
2428,28,255,1247.571,543.571
2429,64,255,130.562,546.344
2430,52,255,1224.269,546.692
2431,90,255,700.578,548.289
2432,68,255,785.868,548.103
2433,98,255,1211.755,548.378
2434,121,255,1359.798,549.723
2435,93,255,1501.543,549.328
2436,65,255,13.562,550.023
2437,80,255,770.775,550.525
2438,49,255,292.643,549.602
2439,141,255,528.784,551.762
2440,29,255,679.603,549.810
2441,60,255,687.000,550.433
2442,65,255,912.115,550.500
2443,93,255,1095.016,552.435
2444,130,255,1572.754,552.131
2445,84,255,115.679,551.512
2446,25,255,409.660,550.100
2447,42,255,741.310,550.571
2448,56,255,891.018,550.768
2449,82,255,1267.390,552.683
2450,44,255,1292.682,551.455
2451,85,255,48.276,552.853
2452,35,255,220.243,551.957
2453,38,255,657.579,550.921
2454,80,255,801.100,551.750
2455,182,255,817.890,556.995
2456,123,255,1012.638,554.451
2457,38,255,1512.132,551.711
2458,97,255,151.737,556.314
2459,153,255,1466.500,557.173
2460,120,255,1483.108,555.667
2461,155,255,1555.545,556.429
2462,40,255,65.625,553.900
2463,173,255,96.431,556.350
2464,89,255,298.669,557.174
2465,37,255,418.689,553.959
2466,39,255,649.013,554.397
2467,69,255,853.297,554.442
2468,96,255,1404.156,555.802
2469,105,255,188.500,556.557
2470,93,255,615.973,555.156
2471,54,255,876.889,554.889
2472,31,255,922.855,554.371
2473,32,255,1276.375,555.000
2474,61,255,160.697,558.189
2475,114,255,1158.535,557.895
2476,61,255,1231.303,556.238
2477,48,255,74.438,557.396
2478,43,255,234.547,556.942
2479,84,255,550.881,558.155
2480,108,255,1173.056,559.759
2481,62,255,1184.161,557.435
2482,45,255,1244.233,556.344
2483,24,255,1318.500,555.000
2484,65,255,1442.715,557.823
2485,21,255,700.071,556.405
2486,82,255,962.329,558.427
2487,83,255,1433.006,559.825
2488,37,255,18.122,558.932
2489,79,255,171.842,559.437
2490,124,255,365.435,561.169
2491,138,255,389.848,562.174
2492,30,255,426.000,558.300
2493,103,255,1031.675,560.325
2494,38,255,1331.079,558.474
2495,49,255,214.357,559.622
2496,85,255,478.782,561.218
2497,99,255,898.722,562.409
2498,147,255,131.235,565.833
2499,112,255,263.312,562.384
2500,38,255,657.895,560.079
2501,54,255,801.185,561.019
2502,131,255,981.851,563.126
2503,60,255,1211.483,561.800
2504,62,255,1493.887,561.677
2505,58,255,1519.172,561.207
2506,69,255,10.746,562.761
2507,25,255,760.460,561.580
2508,56,255,1002.786,562.536
2509,123,255,1050.598,565.679
2510,87,255,1077.224,562.477
2511,30,255,46.267,563.167
2512,58,255,250.776,563.862
2513,48,255,349.167,563.479
2514,35,255,530.786,561.329
2515,42,255,847.738,562.714
2516,88,255,1196.580,564.318
2517,69,255,1219.746,564.529
2518,96,255,1413.333,565.781
2519,72,255,1589.681,566.625
2520,39,255,447.910,563.500
2521,55,255,1105.445,563.900
2522,76,255,1509.342,565.447
2523,44,255,205.886,564.795
2524,84,255,1295.071,567.119
2525,40,255,1305.600,565.875
2526,106,255,117.340,570.774
2527,30,255,278.033,566.000
2528,109,255,489.555,568.830
2529,40,255,681.950,565.400
2530,137,255,1325.383,568.551
2531,147,255,415.677,568.854
2532,47,255,539.521,567.968
2533,75,255,648.073,567.700
2534,101,255,1382.223,568.292
2535,35,255,1529.757,565.729
2536,122,255,57.082,571.008
2537,27,255,1112.352,567.167
2538,81,255,1399.302,569.944
2539,32,255,623.656,567.875
2540,25,255,888.580,568.420
2541,38,255,994.684,568.974
2542,73,255,1242.432,569.760
2543,23,255,1479.978,567.717
2544,36,255,74.000,570.306
2545,128,255,89.852,571.641
2546,60,255,525.367,571.967
2547,55,255,746.682,571.155
2548,32,255,846.156,569.219
2549,120,255,1096.958,574.925
2550,72,255,1369.625,571.083
2551,153,255,458.278,574.454
2552,24,255,634.958,569.333
2553,75,255,771.847,571.447
2554,82,255,1120.915,572.378
2555,51,255,1149.775,571.559
2556,108,255,1350.963,572.787
2557,25,255,1577.100,571.060
2558,39,255,141.962,572.218
2559,63,255,176.071,572.484
2560,60,255,510.467,572.567
2561,136,255,870.493,574.794
2562,63,255,1139.802,573.516
2563,190,255,1460.574,575.700
2564,112,255,1546.857,574.527
2565,94,255,1567.011,574.234
2566,36,255,1.778,574.556
2567,93,255,708.306,574.414
2568,86,255,902.733,574.500
2569,50,255,950.840,573.420
2570,103,255,959.238,575.490
2571,68,255,1078.765,573.529
2572,51,255,429.951,574.127
2573,73,255,659.034,574.445
2574,84,255,735.440,575.500
2575,63,255,329.198,576.675
2576,86,255,681.477,577.547
2577,59,255,224.534,578.178
2578,48,255,1162.792,576.771
2579,94,255,1217.287,578.851
2580,71,255,1265.430,577.683
2581,23,255,319.804,577.326
2582,61,255,359.779,578.877
2583,54,255,847.389,577.667
2584,69,255,11.123,580.703
2585,28,255,233.571,578.571
2586,206,255,289.485,582.966
2587,37,255,395.257,578.338
2588,105,255,476.043,581.300
2589,120,255,539.433,580.542
2590,32,255,970.625,578.812
2591,139,255,1492.867,582.284
2592,49,255,1513.398,578.949
2593,78,255,1585.103,580.846
2594,61,255,252.156,580.975
2595,77,255,636.435,581.253
2596,23,255,714.891,579.065
2597,109,255,890.188,583.014
2598,170,255,184.465,586.106
2599,105,255,763.681,582.662
2600,164,255,987.494,583.738
2601,59,255,1070.975,581.432
2602,62,255,1540.952,581.677
2603,73,255,29.719,583.171
2604,68,255,343.559,582.221
2605,75,255,515.500,583.153
2606,49,255,623.663,582.602
2607,64,255,1018.250,582.469
2608,110,255,1523.564,584.818
2609,93,255,49.941,584.629
2610,76,255,94.539,583.000
2611,74,255,126.527,584.270
2612,22,255,144.591,582.182
2613,39,255,794.321,582.628
2614,69,255,1133.529,584.181
2615,39,255,806.397,582.679
2616,75,255,1248.420,585.233
2617,110,255,1330.836,586.036
2618,23,255,1387.457,582.804
2619,147,255,312.636,588.051
2620,20,255,386.150,584.650
2621,47,255,644.862,585.521
2622,92,255,1295.685,586.272
2623,93,255,458.177,587.661
2624,42,255,597.024,586.190
2625,46,255,1001.783,586.370
2626,54,255,1507.944,587.148
2627,87,255,564.776,588.213
2628,114,255,728.675,589.667
2629,54,255,400.704,588.741
2630,129,255,867.740,591.384
2631,30,255,20.267,588.667
2632,77,255,157.240,590.357
2633,55,255,846.700,589.627
2634,92,255,1268.391,590.717
2635,55,255,117.609,590.773
2636,71,255,797.739,590.556
2637,45,255,837.433,591.144
2638,63,255,1220.659,590.389
2639,54,255,1385.463,590.241
2640,20,255,1577.350,588.400
2641,74,255,419.973,591.770
2642,64,255,628.000,591.500
2643,147,255,715.745,594.160
2644,62,255,783.565,592.274
2645,75,255,1029.433,593.300
2646,68,255,1162.250,590.750
2647,52,255,756.019,591.904
2648,146,255,268.644,596.575
2649,54,255,328.722,592.796
2650,91,255,526.159,595.852
2651,123,255,648.907,596.207
2652,124,255,1124.726,595.919
2653,72,255,1174.764,593.528
2654,80,255,1366.862,593.975
2655,56,255,1414.714,593.018
2656,102,255,233.784,596.098
2657,68,255,479.088,594.529
2658,67,255,775.604,595.201
2659,142,255,958.085,595.042
2660,31,255,1015.984,593.790
2661,45,255,1477.211,593.367
2662,156,255,339.519,599.622
2663,58,255,372.569,595.379
2664,146,255,578.171,599.548
2665,179,255,981.640,601.349
2666,65,255,1067.131,596.346
2667,162,255,1255.796,599.593
2668,68,255,29.338,597.132
2669,68,255,383.132,599.088
2670,100,255,498.240,598.340
2671,37,255,826.797,595.554
2672,153,255,916.304,600.291
2673,83,255,143.645,600.837
2674,96,255,698.760,599.552
2675,48,255,876.896,598.562
2676,113,255,1141.128,599.606
2677,25,255,1296.500,596.100
2678,64,255,1435.000,598.281
2679,125,255,1508.052,601.532
2680,75,255,1591.913,599.820
2681,104,255,203.346,601.654
2682,162,255,891.253,602.444
2683,55,255,1158.336,598.682
2684,24,255,1376.542,597.750
2685,87,255,1534.190,600.948
2686,36,255,412.750,600.083
2687,36,255,544.250,600.500
2688,58,255,833.948,601.879
2689,44,255,1024.159,600.727
2690,134,255,1082.679,603.634
2691,66,255,1211.879,602.348
2692,37,255,323.203,601.365
2693,37,255,764.014,602.365
2694,177,255,1192.065,605.048
2695,36,255,1228.472,601.750
2696,56,255,1485.661,603.554
2697,37,255,1.824,604.635
2698,81,255,167.920,605.080
2699,45,255,431.322,602.522
2700,45,255,1285.367,603.322
2701,75,255,396.207,605.380
2702,73,255,461.651,605.377
2703,71,255,665.585,604.077
2704,38,255,825.711,603.763
2705,43,255,1499.151,603.942
2706,62,255,83.435,605.484
2707,109,255,187.959,607.913
2708,98,255,364.031,607.786
2709,55,255,999.173,605.973
2710,65,255,1400.669,604.669
2711,91,255,1563.918,606.566
2712,73,255,616.459,606.719
2713,199,255,807.058,612.570
2714,48,255,1047.229,604.812
2715,73,255,1456.336,607.021
2716,60,255,63.983,608.233
2717,64,255,119.828,607.219
2718,25,255,155.740,605.620
2719,20,255,512.100,605.700
2720,25,255,538.060,605.740
2721,69,255,647.630,607.181
2722,75,255,755.127,607.300
2723,89,255,936.006,608.949
2724,25,255,1070.180,606.260
2725,192,255,1238.818,611.021
2726,71,255,1383.444,608.261
2727,87,255,1419.190,608.672
2728,73,255,21.692,609.226
2729,31,255,595.210,607.306
2730,75,255,11.753,613.940
2731,70,255,52.114,610.057
2732,108,255,441.343,610.417
2733,58,255,495.724,609.017
2734,24,255,953.625,607.708
2735,198,255,470.242,615.712
2736,56,255,548.893,611.321
2737,42,255,561.714,610.119
2738,82,255,1111.122,611.768
2739,60,255,218.900,610.700
2740,92,255,375.239,613.989
2741,85,255,419.159,615.065
2742,48,255,696.354,610.062
2743,69,255,946.601,612.920
2744,88,255,1093.807,612.409
2745,31,255,1136.661,610.758
2746,22,255,1224.000,609.136
2747,127,255,1533.563,612.264
2748,94,255,270.372,613.170
2749,55,255,283.409,612.100
2750,99,255,518.419,615.783
2751,82,255,609.122,614.524
2752,74,255,717.135,613.000
2753,87,255,742.902,613.730
2754,54,255,1211.796,613.759
2755,38,255,1270.053,611.605
2756,40,255,99.825,612.600
2757,41,255,339.817,612.354
2758,30,255,427.300,611.800
2759,47,255,669.266,613.840
2760,38,255,1397.184,612.737
2761,95,255,1405.921,614.300
2762,32,255,587.219,613.750
2763,131,255,1577.966,617.118
2764,106,255,507.264,618.972
2765,60,255,1125.250,614.900
2766,101,255,1166.074,617.866
2767,27,255,1320.981,613.648
2768,47,255,132.053,616.074
2769,121,255,310.723,619.277
2770,20,255,391.150,613.800
2771,145,255,686.397,620.514
2772,62,255,768.548,616.726
2773,65,255,824.823,618.023
2774,43,255,870.221,615.733
2775,49,255,263.704,617.214
2776,55,255,321.664,617.500
2777,81,255,912.969,618.463
2778,70,255,929.914,619.071
2779,97,255,1513.387,617.954
2780,91,255,1555.489,619.335
2781,49,255,81.724,618.745
2782,44,255,293.568,617.545
2783,51,255,576.676,619.245
2784,170,255,1222.747,622.053
2785,116,255,964.474,621.345
2786,49,255,1011.622,619.031
2787,41,255,123.524,620.622
2788,67,255,139.470,621.381
2789,41,255,225.012,620.890
2790,56,255,652.018,620.268
2791,65,255,1142.746,621.008
2792,25,255,1275.460,618.620
2793,78,255,1386.064,621.692
2794,52,255,699.788,621.019
2795,79,255,1079.551,622.184
2796,48,255,1249.688,621.375
2797,73,255,1346.760,623.377
2798,51,255,1462.108,622.186
2799,102,255,56.235,623.618
2800,65,255,215.208,623.285
2801,105,255,390.157,624.967
2802,58,255,732.259,621.897
2803,59,255,761.314,622.856
2804,47,255,882.543,621.798
2805,112,255,1314.652,624.402
2806,159,255,1489.066,626.230
2807,69,255,1566.413,623.225
2808,70,255,1192.714,623.600
2809,84,255,896.821,625.726
2810,108,255,991.269,626.343
2811,181,255,1033.528,628.124
2812,70,255,1372.614,624.800
2813,119,255,193.214,627.920
2814,50,255,239.300,625.640
2815,53,255,588.972,624.802
2816,57,255,922.061,625.395
2817,146,255,1474.562,629.253
2818,95,255,175.563,627.826
2819,41,255,771.646,626.159
2820,103,255,1103.665,626.607
2821,59,255,253.636,627.551
2822,90,255,1198.956,630.944
2823,76,255,532.697,627.921
2824,64,255,622.859,629.047
2825,28,255,1401.000,626.357
2826,23,255,263.543,627.457
2827,62,255,329.935,629.710
2828,121,255,1064.831,632.079
2829,42,255,1183.000,629.595
2830,158,255,1359.601,632.304
2831,41,255,144.671,630.012
2832,33,255,71.924,630.076
2833,40,255,464.825,630.850
2834,80,255,491.613,631.263
2835,20,255,672.450,628.900
2836,35,255,731.986,630.614
2837,64,255,784.188,630.312
2838,78,255,840.872,631.756
2839,69,255,976.007,631.587
2840,120,255,812.642,634.617
2841,116,255,855.905,634.448
2842,81,255,909.512,633.414
2843,74,255,1276.203,632.324
2844,54,255,16.296,633.574
2845,68,255,751.471,633.544
2846,150,255,1165.107,636.740
2847,58,255,1440.828,633.828
2848,131,255,1505.905,635.897
2849,98,255,1539.816,635.867
2850,34,255,404.529,632.353
2851,42,255,705.190,633.357
2852,189,255,1230.971,637.611
2853,47,255,1384.074,633.032
2854,46,255,1586.196,633.630
2855,68,255,267.868,636.206
2856,22,255,314.000,633.500
2857,72,255,870.417,636.278
2858,50,255,930.060,636.460
2859,153,255,1005.905,638.624
2860,110,255,32.800,638.518
2861,35,255,154.329,635.757
2862,107,255,295.500,639.556
2863,56,255,689.250,636.107
2864,50,255,740.720,635.620
2865,36,255,799.861,635.139
2866,143,255,1553.129,640.605
2867,68,255,360.941,638.118
2868,159,255,438.129,640.261
2869,84,255,544.440,637.524
2870,52,255,635.154,635.981
2871,58,255,668.034,637.534
2872,109,255,54.408,642.986
2873,64,255,198.453,638.625
2874,48,255,518.500,638.000
2875,38,255,898.474,637.842
2876,95,255,475.058,641.416
2877,67,255,565.261,639.933
2878,58,255,575.500,639.793
2879,82,255,1134.354,641.171
2880,41,255,1332.280,640.134
2881,55,255,115.264,641.191
2882,91,255,605.467,641.467
2883,64,255,657.391,640.875
2884,135,255,76.070,643.774
2885,115,255,453.239,644.117
2886,111,255,959.212,643.356
2887,26,255,1053.846,641.231
2888,102,255,1526.755,643.510
2889,100,255,1571.440,643.670
2890,22,255,503.500,641.000
2891,67,255,1082.679,642.933
2892,174,255,1345.592,645.943
2893,36,255,422.806,644.250
2894,41,255,708.159,642.085
2895,39,255,1046.192,643.372
2896,90,255,1266.844,644.033
2897,162,255,1290.068,646.901
2898,151,255,1433.315,646.493
2899,119,255,340.920,647.693
2900,66,255,380.258,644.924
2901,48,255,583.771,645.479
2902,41,255,727.598,644.500
2903,77,255,779.825,646.396
2904,191,255,1214.757,648.322
2905,151,255,1590.228,649.255
2906,61,255,156.189,645.943
2907,112,255,324.821,648.857
2908,55,255,978.173,646.064
2909,25,255,1561.300,644.740
2910,58,255,306.328,647.224
2911,35,255,855.443,646.986
2912,33,255,41.924,647.167
2913,83,255,624.247,648.777
2914,110,255,1105.427,649.118
2915,51,255,1181.167,647.853
2916,45,255,200.967,648.189
2917,103,255,767.218,652.005
2918,64,255,817.062,649.453
2919,110,255,1308.200,650.018
2920,86,255,243.395,651.721
2921,39,255,257.654,649.269
2922,127,255,883.209,653.067
2923,80,255,924.862,651.150
2924,21,255,1488.500,648.500
2925,102,255,694.343,652.559
2926,126,255,1002.056,652.325
2927,87,255,1021.971,652.259
2928,38,255,14.579,650.895
2929,59,255,267.500,652.178
2930,54,255,403.741,651.815
2931,118,255,829.263,655.347
2932,60,255,1077.750,652.300
2933,118,255,1252.127,655.932
2934,55,255,1395.318,652.555
2935,164,255,1471.488,656.567
2936,113,255,283.376,655.819
2937,107,255,662.706,654.023
2938,72,255,1370.389,653.681
2939,78,255,500.282,654.833
2940,89,255,1129.140,655.287
2941,72,255,1146.500,655.000
2942,72,255,863.958,655.653
2943,32,255,312.062,655.312
2944,99,255,373.965,657.157
2945,66,255,738.652,656.561
2946,110,255,1407.836,658.291
2947,84,255,170.060,657.679
2948,71,255,387.528,658.063
2949,38,255,548.342,657.474
2950,58,255,630.190,656.983
2951,46,255,797.804,656.696
2952,44,255,1597.864,658.886
2953,43,255,200.314,657.244
2954,77,255,431.773,658.591
2955,87,255,754.362,660.489
2956,55,255,1342.991,657.482
2957,101,255,299.391,660.639
2958,61,255,468.500,658.500
2959,63,255,1174.659,660.056
2960,70,255,1189.514,658.714
2961,65,255,91.638,661.885
2962,168,255,124.518,664.839
2963,100,255,355.640,661.640
2964,68,255,404.794,659.912
2965,133,255,598.462,663.703
2966,42,255,1121.952,660.310
2967,185,255,1447.197,663.084
2968,103,255,27.917,662.413
2969,53,255,268.009,660.557
2970,83,255,1281.789,661.512
2971,56,255,324.429,661.571
2972,32,255,416.312,661.625
2973,56,255,1230.589,661.482
2974,77,255,1093.552,663.968
2975,58,255,65.103,664.431
2976,67,255,108.306,665.276
2977,106,255,505.953,666.415
2978,53,255,566.632,664.972
2979,76,255,635.961,663.816
2980,45,255,719.433,663.944
2981,94,255,899.596,666.149
2982,39,255,1056.654,663.218
2983,84,255,44.952,666.381
2984,51,255,768.755,664.324
2985,24,255,958.000,663.417
2986,92,255,1365.152,667.565
2987,80,255,448.337,666.725
2988,50,255,705.200,666.380
2989,48,255,791.854,665.333
2990,64,255,887.828,666.422
2991,50,255,924.620,667.100
2992,37,255,983.905,665.014
2993,121,255,1310.558,670.417
2994,46,255,150.196,666.543
2995,44,255,1183.864,666.659
2996,32,255,79.250,667.750
2997,52,255,683.019,668.096
2998,109,255,947.491,670.381
2999,53,255,1227.934,668.274
3000,85,255,1247.500,669.382
3001,93,255,1529.124,669.952
3002,102,255,419.265,669.961
3003,77,255,583.188,670.318
3004,43,255,1048.360,669.081
3005,40,255,140.325,669.750
3006,83,255,277.970,670.946
3007,39,255,316.269,670.038
3008,150,255,861.447,673.520
3009,63,255,966.024,670.595
3010,46,255,1164.065,669.609
3011,55,255,1414.482,670.627
3012,56,255,7.268,670.857
3013,76,255,191.684,672.132
3014,39,255,369.756,670.551
3015,77,255,400.357,671.721
3016,111,255,535.500,672.374
3017,37,255,1427.176,671.122
3018,43,255,1519.081,673.895
3019,55,255,29.809,671.664
3020,86,255,337.767,673.105
3021,40,255,463.450,671.475
3022,79,255,661.399,673.677
3023,86,255,816.314,673.395
3024,23,255,840.152,670.761
3025,29,255,1065.362,671.603
3026,50,255,1356.760,672.900
3027,127,255,211.114,676.335
3028,39,255,323.423,671.936
3029,22,255,348.955,672.500
3030,44,255,557.091,672.682
3031,54,255,729.630,673.444
3032,73,255,978.514,674.075
3033,44,255,1381.114,673.205
3034,188,255,1542.979,680.346
3035,53,255,55.557,674.500
3036,28,255,170.643,672.571
3037,96,255,1013.583,676.812
3038,34,255,64.794,674.176
3039,27,255,154.574,673.352
3040,54,255,231.537,674.630
3041,66,255,876.288,676.000
3042,85,255,1273.229,676.476
3043,98,255,1566.918,677.418
3044,37,255,629.230,676.014
3045,35,255,716.214,675.443
3046,85,255,914.382,677.394
3047,34,255,1058.118,675.647
3048,71,255,779.049,677.106
3049,77,255,1128.942,678.552
3050,43,255,478.965,678.523
3051,34,255,118.882,678.324
3052,154,255,162.987,684.266
3053,68,255,500.132,678.735
3054,40,255,759.200,678.575
3055,38,255,1460.605,677.737
3056,44,255,1480.364,679.023
3057,104,255,235.894,682.010
3058,57,255,299.377,680.798
3059,58,255,700.466,679.793
3060,41,255,929.744,680.159
3061,63,255,1413.373,680.786
3062,32,255,1597.250,679.000
3063,78,255,84.115,681.808
3064,66,255,129.848,681.091
3065,150,255,317.487,683.873
3066,112,255,459.357,682.786
3067,63,255,617.262,680.817
3068,32,255,971.469,680.188
3069,62,255,1023.661,682.419
3070,81,255,1094.438,681.722
3071,138,255,1171.319,684.841
3072,77,255,1201.916,681.825
3073,78,255,1220.397,681.449
3074,65,255,1441.777,681.623
3075,41,255,175.744,681.500
3076,42,255,251.738,682.143
3077,42,255,1262.595,682.024
3078,113,255,8.712,684.235
3079,70,255,411.914,684.243
3080,34,255,537.588,681.853
3081,69,255,1140.819,683.065
3082,59,255,1358.076,683.161
3083,92,255,640.696,685.783
3084,75,255,1035.327,685.393
3085,164,255,1578.390,689.024
3086,43,255,286.291,684.895
3087,55,255,529.355,685.736
3088,95,255,886.795,686.174
3089,70,255,1193.300,686.600
3090,79,255,1330.551,686.032
3091,45,255,1494.522,684.722
3092,151,255,1555.507,689.089
3093,47,255,666.585,685.521
3094,20,255,677.100,685.800
3095,81,255,688.401,687.636
3096,55,255,719.373,687.191
3097,93,255,738.285,688.253
3098,29,255,764.603,686.328
3099,38,255,773.632,686.605
3100,55,255,811.500,687.773
3101,72,255,846.403,688.014
3102,61,255,826.336,689.238
3103,26,255,1283.808,686.538
3104,131,255,1374.821,691.050
3105,54,255,204.315,689.167
3106,75,255,399.167,689.487
3107,119,255,429.618,689.903
3108,95,255,560.932,690.416
3109,54,255,587.037,689.574
3110,100,255,754.620,691.210
3111,94,255,935.117,690.543
3112,109,255,1004.399,689.803
3113,38,255,1247.289,688.395
3114,106,255,1469.208,691.491
3115,36,255,498.417,688.583
3116,113,255,1068.642,692.518
3117,89,255,24.837,692.073
3118,152,255,41.401,695.454
3119,66,255,69.955,692.303
3120,69,255,87.920,691.645
3121,86,255,450.140,692.360
3122,55,255,1127.282,690.227
3123,66,255,352.621,692.545
3124,36,255,361.889,691.694
3125,33,255,370.833,691.803
3126,66,255,471.561,692.652
3127,81,255,518.216,692.883
3128,41,255,670.622,692.134
3129,100,255,546.510,694.720
3130,110,255,601.909,694.500
3131,44,255,630.023,694.523
3132,85,255,797.759,694.194
3133,25,255,921.740,692.380
3134,71,255,571.331,695.500
3135,81,255,1222.093,694.784
3136,50,255,1291.160,694.360
3137,57,255,192.307,695.868
3138,54,255,212.222,695.426
3139,66,255,782.212,695.061
3140,70,255,1021.900,695.671
3141,95,255,1153.363,696.489
3142,107,255,1595.220,697.921
3143,56,255,494.571,696.304
3144,80,255,700.212,696.125
3145,87,255,333.718,699.592
3146,22,255,928.045,695.955
3147,104,255,949.462,699.702
3148,29,255,1401.707,695.086
3149,169,255,1511.985,698.962
3150,50,255,1431.920,698.840
3151,82,255,54.878,700.793
3152,31,255,440.532,698.371
3153,137,255,877.485,703.938
3154,97,255,902.644,700.789
3155,22,255,283.727,697.909
3156,32,255,394.219,699.219
3157,44,255,507.091,700.477
3158,162,255,848.457,704.901
3159,101,255,1129.817,699.946
3160,86,255,1180.256,701.256
3161,69,255,255.341,701.732
3162,94,255,1111.000,703.053
3163,43,255,1192.942,700.616
3164,61,255,1242.910,701.156
3165,54,255,118.500,701.870
3166,150,255,185.033,705.353
3167,67,255,368.873,701.948
3168,55,255,618.427,701.809
3169,47,255,665.096,701.734
3170,187,255,980.270,705.682
3171,54,255,1076.981,702.926
3172,66,255,1289.455,702.348
3173,107,255,1324.117,704.220
3174,39,255,407.218,702.038
3175,125,255,1034.044,704.724
3176,36,255,1092.444,702.194
3177,56,255,1161.607,704.625
3178,48,255,1464.500,703.000
3179,103,255,70.597,705.684
3180,39,255,84.782,703.551
3181,90,255,480.767,705.222
3182,66,255,1491.333,705.500
3183,71,255,17.472,707.725
3184,91,255,92.115,708.203
3185,94,255,1059.979,706.936
3186,156,255,1208.808,708.987
3187,72,255,494.764,706.792
3188,64,255,524.766,706.375
3189,103,255,1403.811,708.335
3190,39,255,1423.833,705.423
3191,61,255,26.877,707.221
3192,90,255,143.111,708.278
3193,26,255,164.885,706.500
3194,116,255,230.474,709.707
3195,77,255,319.370,708.942
3196,75,255,445.540,707.500
3197,32,255,598.688,706.219
3198,62,255,660.645,707.484
3199,138,255,1349.210,709.449
3200,41,255,288.573,707.988
3201,71,255,422.021,708.923
3202,47,255,1543.436,708.777
3203,139,255,304.198,712.737
3204,78,255,341.103,710.526
3205,33,255,622.712,708.015
3206,44,255,932.273,710.864
3207,60,255,1239.617,711.583
3208,84,255,1583.393,709.988
3209,88,255,1011.852,710.795
3210,46,255,277.804,711.109
3211,61,255,396.648,710.959
3212,58,255,431.862,711.914
3213,78,255,547.705,711.962
3214,114,255,1266.088,712.254
3215,71,255,124.359,712.894
3216,112,255,208.366,714.393
3217,32,255,766.938,711.062
3218,69,255,1196.775,712.746
3219,122,255,1447.713,716.016
3220,45,255,407.100,712.744
3221,109,255,634.784,714.528
3222,80,255,737.987,714.112
3223,50,255,1416.960,712.620
3224,47,255,253.372,713.521
3225,58,255,1054.241,714.828
3226,47,255,1135.777,713.628
3227,22,255,1475.682,712.318
3228,47,255,1502.543,713.479
3229,77,255,58.656,715.877
3230,49,255,113.745,715.296
3231,78,255,586.679,715.538
3232,48,255,609.000,714.708
3233,120,255,775.300,717.667
3234,59,255,1248.178,715.415
3235,59,255,134.415,716.822
3236,82,255,750.878,717.293
3237,60,255,794.500,716.000
3238,22,255,819.136,715.045
3239,43,255,1002.779,716.570
3240,96,255,1383.500,718.448
3241,66,255,327.470,717.970
3242,199,255,1039.676,720.937
3243,63,255,70.373,719.373
3244,67,255,1315.843,720.172
3245,64,255,1476.750,719.703
3246,104,255,195.327,721.154
3247,96,255,258.135,722.229
3248,84,255,472.881,720.762
3249,24,255,717.167,718.750
3250,78,255,1287.590,719.603
3251,134,255,96.784,724.187
3252,40,255,1487.400,719.925
3253,75,255,870.353,723.007
3254,56,255,1130.786,722.107
3255,38,255,1537.474,721.184
3256,44,255,366.591,722.886
3257,64,255,390.703,723.438
3258,80,255,404.250,722.650
3259,62,255,804.161,722.774
3260,49,255,821.010,722.500
3261,86,255,945.000,724.093
3262,106,255,1435.368,725.066
3263,70,255,1499.457,724.300
3264,76,255,1583.211,724.105
3265,88,255,1595.773,724.523
3266,53,255,30.104,723.915
3267,85,255,571.335,724.735
3268,85,255,857.406,725.041
3269,94,255,1304.851,725.755
3270,80,255,918.450,725.225
3271,22,255,1012.955,723.409
3272,67,255,1326.948,725.709
3273,106,255,1420.057,727.283
3274,113,255,227.093,727.332
3275,71,255,501.472,725.979
3276,64,255,739.094,725.969
3277,104,255,1090.346,728.202
3278,60,255,1178.900,726.417
3279,101,255,1236.282,727.520
3280,42,255,1054.905,726.738
3281,108,255,1153.917,728.806
3282,121,255,1458.343,729.260
3283,51,255,426.108,727.775
3284,103,255,441.539,729.820
3285,55,255,605.882,728.064
3286,47,255,794.904,728.202
3287,99,255,970.692,729.096
3288,47,255,485.798,729.096
3289,64,255,533.266,730.141
3290,60,255,879.617,729.067
3291,73,255,1007.144,730.363
3292,53,255,1384.689,728.915
3293,75,255,1409.340,730.047
3294,70,255,164.671,731.957
3295,35,255,371.071,729.557
3296,100,255,471.650,730.710
3297,69,255,581.775,731.196
3298,41,255,815.671,729.793
3299,80,255,832.575,731.163
3300,61,255,1113.352,730.484
3301,35,255,1125.186,730.157
3302,106,255,1215.387,731.358
3303,62,255,1260.548,730.145
3304,94,255,1337.106,732.266
3305,67,255,50.948,732.396
3306,100,255,138.240,732.630
3307,73,255,187.623,731.979
3308,47,255,704.777,730.968
3309,62,255,957.274,731.323
3310,52,255,1167.212,731.442
3311,77,255,513.188,732.994
3312,49,255,1064.235,731.949
3313,88,255,1368.034,733.750
3314,28,255,60.643,733.464
3315,27,255,998.648,734.833
3316,68,255,176.794,735.853
3317,47,255,269.840,734.862
3318,80,255,409.062,736.163
3319,48,255,430.125,734.562
3320,39,255,493.038,734.141
3321,30,255,683.867,734.133
3322,75,255,771.313,735.340
3323,83,255,935.380,735.898
3324,54,255,1181.222,734.630
3325,134,255,1247.582,739.246
3326,71,255,1293.979,735.683
3327,62,255,1505.597,735.145
3328,81,255,336.117,736.475
3329,97,255,549.046,737.222
3330,117,255,988.030,739.124
3331,87,255,1022.891,737.075
3332,139,255,1553.522,739.622
3333,38,255,221.368,737.105
3334,115,255,247.422,738.674
3335,87,255,358.420,737.684
3336,103,255,1272.617,737.947
3337,41,255,2.671,738.183
3338,37,255,95.149,737.095
3339,56,255,116.982,736.571
3340,49,255,503.684,737.827
3341,44,255,719.136,737.750
3342,69,255,1109.167,738.587
3343,45,255,1194.567,738.167
3344,162,255,1481.963,742.796
3345,51,255,307.088,739.578
3346,32,255,372.938,738.094
3347,54,255,386.537,740.204
3348,29,255,1143.948,738.086
3349,47,255,1540.606,741.968
3350,124,255,1576.637,741.113
3351,26,255,281.077,739.462
3352,65,255,294.592,740.469
3353,26,255,482.846,738.769
3354,39,255,890.397,739.628
3355,59,255,1166.347,739.839
3356,40,255,34.100,740.425
3357,20,255,625.200,738.900
3358,28,255,711.286,740.000
3359,23,255,824.370,739.543
3360,67,255,51.634,744.709
3361,50,255,1090.860,741.100
3362,64,255,1231.078,742.672
3363,78,255,1328.321,742.846
3364,92,255,1530.707,745.043
3365,75,255,527.567,742.980
3366,136,255,750.684,746.250
3367,70,255,921.557,743.543
3368,30,255,1376.800,741.800
3369,27,255,216.426,742.907
3370,23,255,255.587,743.022
3371,41,255,494.988,743.695
3372,83,255,582.355,745.934
3373,61,255,645.631,745.205
3374,76,255,686.421,745.026
3375,74,255,1359.892,745.500
3376,57,255,1560.816,746.237
3377,60,255,150.833,745.283
3378,64,255,272.188,746.281
3379,144,255,1196.757,750.472
3380,46,255,88.239,746.370
3381,50,255,181.300,746.940
3382,49,255,335.520,745.827
3383,45,255,352.544,746.789
3384,62,255,938.097,747.016
3385,40,255,1150.250,746.250
3386,69,255,1297.993,747.022
3387,135,255,1460.833,749.937
3388,52,255,1596.596,747.846
3389,53,255,371.915,747.821
3390,22,255,852.727,746.364
3391,44,255,1022.159,746.864
3392,89,255,1128.860,749.028
3393,76,255,1418.132,748.434
3394,105,255,7.710,750.643
3395,70,255,115.186,748.729
3396,100,255,618.350,750.660
3397,104,255,820.279,752.192
3398,126,255,905.286,751.460
3399,89,255,1267.758,750.736
3400,42,255,961.571,749.452
3401,46,255,208.174,750.717
3402,54,255,718.833,750.481
3403,71,255,1062.007,752.162
3404,36,255,1073.667,749.944
3405,46,255,386.848,751.761
3406,20,255,480.600,750.400
3407,62,255,805.758,754.145
3408,75,255,870.500,752.127
3409,54,255,1154.537,752.426
3410,75,255,1354.753,752.980
3411,61,255,1409.123,752.811
3412,90,255,460.011,753.800
3413,60,255,487.650,753.483
3414,31,255,1014.855,752.371
3415,28,255,1092.607,752.321
3416,38,255,1282.000,752.500
3417,51,255,1434.206,752.676
3418,129,255,144.709,756.236
3419,63,255,681.071,754.627
3420,92,255,1446.163,755.685
3421,44,255,44.205,754.364
3422,74,255,503.905,755.581
3423,61,255,743.025,754.943
3424,69,255,846.442,756.457
3425,54,255,978.296,754.667
3426,56,255,401.839,756.339
3427,68,255,432.529,756.441
3428,67,255,535.142,756.276
3429,78,255,544.679,760.526
3430,100,255,556.830,758.890
3431,75,255,1050.660,756.847
3432,31,255,1427.339,755.694
3433,22,255,642.000,755.500
3434,52,255,1041.423,757.385
3435,44,255,1106.773,757.477
3436,24,255,1122.375,756.167
3437,85,255,1218.076,758.794
3438,31,255,1398.048,755.758
3439,64,255,219.578,758.641
3440,43,255,1031.570,757.756
3441,60,255,1369.150,759.083
3442,61,255,188.484,758.631
3443,94,255,355.011,760.553
3444,53,255,416.915,757.462
3445,120,255,588.125,761.092
3446,86,255,706.558,759.837
3447,42,255,887.905,758.714
3448,36,255,1529.528,757.667
3449,60,255,330.617,759.433
3450,31,255,691.758,760.371
3451,50,255,1326.200,759.700
3452,43,255,1596.337,758.849
3453,86,255,298.884,762.302
3454,41,255,451.817,760.695
3455,26,255,572.192,759.615
3456,63,255,791.802,761.198
3457,55,255,90.591,763.173
3458,102,255,114.118,762.706
3459,89,255,167.871,763.174
3460,81,255,281.883,761.907
3461,21,255,481.548,760.405
3462,35,255,605.443,760.929
3463,83,255,1138.946,763.175
3464,66,255,1188.091,762.742
3465,50,255,1375.620,763.560
3466,23,255,1484.152,761.370
3467,62,255,1537.419,762.919
3468,82,255,17.549,763.451
3469,65,255,873.900,762.762
3470,50,255,1013.220,762.280
3471,88,255,1236.409,765.614
3472,121,255,1309.525,765.657
3473,54,255,1419.130,764.944
3474,46,255,156.370,764.087
3475,52,255,362.423,764.365
3476,100,255,654.180,764.640
3477,47,255,758.500,763.181
3478,92,255,981.239,765.533
3479,61,255,1564.615,764.189
3480,65,255,179.654,766.731
3481,54,255,716.204,765.130
3482,82,255,1155.878,765.585
3483,39,255,55.115,766.603
3484,47,255,249.904,765.926
3485,78,255,463.423,766.628
3486,83,255,525.392,767.175
3487,60,255,737.917,766.483
3488,53,255,808.670,767.085
3489,31,255,885.306,765.758
3490,24,255,930.000,765.708
3491,41,255,429.671,766.427
3492,46,255,636.783,766.870
3493,32,255,749.812,766.844
3494,47,255,1200.777,767.096
3495,55,255,1225.209,766.900
3496,159,255,1335.557,770.965
3497,50,255,206.220,768.100
3498,34,255,321.676,766.794
3499,47,255,681.330,767.372
3500,116,255,1028.379,771.310
3501,49,255,1284.643,767.296
3502,28,255,1321.821,767.464
3503,68,255,1469.088,768.324
3504,95,255,1515.995,769.563
3505,51,255,188.225,769.069
3506,125,255,827.612,772.388
3507,45,255,864.544,768.589
3508,30,255,997.667,768.333
3509,71,255,1249.444,769.401
3510,67,255,64.590,770.545
3511,39,255,81.833,769.372
3512,66,255,239.152,770.273
3513,65,255,438.162,771.038
3514,69,255,490.471,769.978
3515,47,255,950.287,769.691
3516,73,255,1362.842,771.651
3517,51,255,44.873,771.775
3518,63,255,103.373,771.325
3519,87,255,127.626,772.121
3520,116,255,224.750,774.224
3521,63,255,288.786,771.008
3522,119,255,510.592,773.693
3523,62,255,599.774,771.387
3524,37,255,1054.716,770.878
3525,36,255,1528.528,770.139
3526,36,255,1542.778,770.333
3527,38,255,1594.553,770.158
3528,28,255,817.179,771.393
3529,60,255,265.733,773.900
3530,40,255,307.400,772.100
3531,51,255,479.069,773.049
3532,90,255,771.078,774.033
3533,54,255,845.630,772.926
3534,74,255,1210.689,773.514
3535,48,255,147.646,774.104
3536,73,255,403.226,774.281
3537,23,255,794.804,772.283
3538,50,255,921.060,773.800
3539,48,255,1409.604,774.521
3540,128,255,1449.344,776.078
3541,67,255,35.679,776.067
3542,56,255,891.000,775.875
3543,66,255,965.652,775.242
3544,51,255,1044.814,774.500
3545,53,255,1085.613,775.179
3546,48,255,256.646,776.146
3547,55,255,625.191,775.791
3548,72,255,656.042,776.417
3549,47,255,669.309,775.138
3550,74,255,695.838,776.284
3551,52,255,729.135,776.288
3552,52,255,901.750,775.404
3553,45,255,1183.767,775.300
3554,110,255,1351.800,777.300
3555,111,255,1478.419,777.419
3556,74,255,159.851,777.635
3557,62,255,213.613,777.177
3558,65,255,718.423,777.454
3559,55,255,1165.991,777.427
3560,62,255,15.484,777.887
3561,74,255,317.189,778.743
3562,71,255,355.951,778.415
3563,85,255,540.300,779.182
3564,58,255,642.241,778.224
3565,62,255,929.935,778.952
3566,52,255,1304.000,778.423
3567,88,255,388.364,781.727
3568,65,255,453.362,779.162
3569,34,255,549.882,778.324
3570,54,255,912.296,779.426
3571,47,255,999.202,778.138
3572,47,255,1279.500,779.500
3573,72,255,1315.708,779.264
3574,21,255,1389.833,777.357
3575,44,255,1399.455,778.432
3576,66,255,80.955,779.939
3577,58,255,680.759,779.966
3578,81,255,796.389,781.883
3579,131,255,1074.546,783.523
3580,124,255,1538.113,782.290
3581,55,255,91.955,781.845
3582,75,255,366.500,782.433
3583,61,255,378.779,781.779
3584,42,255,616.714,780.881
3585,43,255,787.174,780.965
3586,73,255,956.582,783.253
3587,112,255,1099.786,784.312
3588,50,255,1381.640,781.280
3589,41,255,1576.549,780.671
3590,51,255,1049.500,781.500
3591,68,255,1249.235,783.029
3592,49,255,1464.908,782.418
3593,75,255,247.367,783.700
3594,61,255,418.402,782.828
3595,50,255,463.340,783.040
3596,91,255,853.874,785.104
3597,125,255,1556.436,785.420
3598,34,255,443.941,783.824
3599,63,255,478.579,784.532
3600,49,255,669.990,783.745
3601,79,255,744.943,785.222
3602,46,255,1513.630,784.696
3603,58,255,147.241,784.345
3604,62,255,268.742,784.935
3605,46,255,879.457,784.630
3606,68,255,1003.088,785.471
3607,89,255,1227.230,786.174
3608,80,255,1417.175,785.663
3609,128,255,1503.109,787.953
3610,42,255,1585.452,784.429
3611,70,255,46.243,786.943
3612,25,255,588.820,784.660
3613,62,255,709.871,786.597
3614,61,255,888.795,786.566
3615,64,255,1262.500,786.578
3616,39,255,8.603,786.013
3617,54,255,518.500,786.722
3618,74,255,778.743,787.811
3619,62,255,838.710,786.887
3620,68,255,947.897,788.118
3621,68,255,580.456,787.853
3622,95,255,602.289,789.100
3623,24,255,631.167,786.375
3624,111,255,814.671,791.059
3625,82,255,922.476,788.902
3626,56,255,1194.464,789.036
3627,46,255,1348.348,787.870
3628,87,255,1457.109,789.868
3629,25,255,77.860,787.620
3630,68,255,552.765,789.485
3631,78,255,759.744,789.538
3632,25,255,823.740,788.700
3633,66,255,983.939,789.258
3634,94,255,1168.138,790.723
3635,68,255,1286.706,790.103
3636,55,255,317.245,790.064
3637,89,255,330.275,790.860
3638,54,255,618.796,790.204
3639,96,255,719.688,791.229
3640,112,255,1153.402,791.607
3641,84,255,1307.071,790.714
3642,36,255,1385.639,788.917
3643,35,255,69.614,790.586
3644,69,255,183.949,792.051
3645,77,255,528.929,793.747
3646,24,255,1592.167,790.958
3647,60,255,305.917,793.417
3648,20,255,419.350,791.250
3649,20,255,641.000,792.000
3650,109,255,103.564,796.812
3651,120,255,197.200,797.067
3652,40,255,223.225,792.800
3653,41,255,960.524,794.012
3654,44,255,970.750,793.977
3655,47,255,1269.777,793.606
3656,49,255,151.214,794.255
3657,55,255,276.973,795.173
3658,63,255,345.468,794.754
3659,58,255,493.138,795.414
3660,81,255,1048.216,796.216
3661,136,255,1438.581,798.794
3662,61,255,1531.828,795.434
3663,33,255,1570.258,794.076
3664,94,255,213.564,798.691
3665,31,255,536.790,795.048
3666,43,255,630.174,795.384
3667,69,255,842.268,795.804
3668,86,255,1367.000,795.977
3669,31,255,142.790,796.661
3670,33,255,1216.379,797.227
3671,67,255,35.037,798.664
3672,101,255,124.827,799.599
3673,65,255,232.500,798.977
3674,63,255,411.341,798.500
3675,48,255,459.812,798.000
3676,77,255,1117.591,799.097
3677,56,255,3.196,799.429
3678,48,255,443.125,798.625
3679,124,255,914.145,800.726
3680,61,255,1096.074,800.697
3681,47,255,1542.202,799.245
3682,45,255,729.078,799.456
3683,61,255,754.648,800.451
3684,35,255,891.957,799.414
3685,39,255,981.372,799.295
3686,81,255,1068.907,800.747
3687,110,255,1205.573,801.182
3688,50,255,1589.660,799.380
3689,42,255,63.619,801.571
3690,21,255,70.500,799.119
3691,110,255,162.645,803.427
3692,56,255,267.429,801.536
3693,124,255,378.089,801.718
3694,63,255,474.500,800.738
3695,26,255,598.423,799.231
3696,49,255,621.071,800.561
3697,63,255,693.659,801.040
3698,43,255,703.942,800.058
3699,113,255,801.350,802.013
3700,41,255,1453.110,800.207
3701,26,255,187.500,801.000
3702,29,255,356.431,801.362
3703,71,255,399.782,803.190
3704,52,255,489.327,802.538
3705,50,255,576.420,801.740
3706,62,255,648.581,803.258
3707,22,255,1261.909,801.727
3708,69,255,1577.645,803.254
3709,66,255,302.045,803.197
3710,81,255,324.796,805.080
3711,85,255,428.347,804.394
3712,140,255,512.686,805.429
3713,35,255,592.186,804.529
3714,74,255,605.581,803.811
3715,70,255,670.029,804.200
3716,50,255,744.320,804.820
3717,78,255,1146.333,803.372
3718,45,255,112.611,804.233
3719,57,255,136.675,804.991
3720,45,255,257.944,804.611
3721,71,255,1472.063,804.472
3722,85,255,1524.982,805.500
3723,54,255,48.778,805.037
3724,61,255,178.959,805.828
3725,69,255,538.920,804.862
3726,61,255,963.484,805.156
3727,83,255,990.464,806.488
3728,96,255,1017.688,805.979
3729,87,255,1330.695,806.213
3730,32,255,274.219,805.156
3731,34,255,345.235,804.794
3732,27,255,1281.537,804.611
3733,52,255,335.173,807.481
3734,22,255,638.136,805.500
3735,85,255,842.829,806.900
3736,96,255,944.052,809.948
3737,45,255,1313.167,807.211
3738,98,255,1503.327,808.531
3739,55,255,91.700,808.718
3740,57,255,365.991,808.009
3741,35,255,564.757,807.986
3742,105,255,866.433,810.024
3743,111,255,889.374,810.680
3744,75,255,929.300,808.807
3745,48,255,974.271,808.375
3746,77,255,1086.058,809.526
3747,77,255,1270.734,808.721
3748,66,255,1361.379,809.091
3749,37,255,250.500,808.716
3750,60,255,442.650,808.550
3751,36,255,723.194,809.222
3752,52,255,818.981,808.750
3753,74,255,1062.797,810.392
3754,34,255,1585.353,808.118
3755,56,255,80.839,810.554
3756,60,255,285.017,809.333
3757,73,255,461.705,810.486
3758,69,255,715.457,811.500
3759,138,255,1491.268,814.188
3760,30,255,1598.033,810.133
3761,26,255,35.154,810.231
3762,76,255,572.803,811.592
3763,47,255,703.968,810.309
3764,61,255,765.648,811.205
3765,79,255,1004.259,812.196
3766,37,255,1225.446,810.176
3767,85,255,1546.500,813.500
3768,101,255,391.074,813.391
3769,72,255,407.375,812.444
3770,53,255,477.745,811.594
3771,31,255,732.403,811.468
3772,97,255,807.304,814.067
3773,46,255,1048.522,811.674
3774,32,255,1112.344,811.125
3775,146,255,1194.877,817.952
3776,104,255,197.250,813.250
3777,73,255,780.322,812.952
3778,120,255,910.042,815.933
3779,43,255,1028.756,812.570
3780,67,255,1036.530,814.858
3781,69,255,1476.746,813.312
3782,61,255,5.156,814.795
3783,54,255,755.537,814.389
3784,66,255,959.348,813.621
3785,39,255,1127.500,813.603
3786,42,255,1158.238,814.048
3787,31,255,1353.113,813.726
3788,69,255,1565.370,815.804
3789,61,255,51.811,815.861
3790,59,255,63.873,814.873
3791,60,255,124.400,815.900
3792,89,255,263.725,817.253
3793,129,255,546.167,817.903
3794,81,255,1144.142,816.796
3795,41,255,1257.232,815.232
3796,72,255,1283.083,817.000
3797,94,255,25.936,818.074
3798,62,255,218.387,817.452
3799,58,255,293.034,818.707
3800,69,255,372.152,817.964
3801,71,255,1097.655,818.035
3802,37,255,1312.554,816.824
3803,64,255,1449.641,819.438
3804,106,255,1533.679,819.642
3805,62,255,95.645,819.274
3806,103,255,736.539,819.694
3807,54,255,819.278,818.907
3808,42,255,995.595,818.524
3809,35,255,38.871,818.929
3810,55,255,115.082,820.300
3811,59,255,565.602,821.093
3812,46,255,831.087,820.109
3813,96,255,874.771,819.781
3814,21,255,1441.024,818.643
3815,54,255,104.000,821.796
3816,119,255,162.357,823.013
3817,30,255,442.000,820.367
3818,63,255,662.278,821.500
3819,53,255,1411.349,821.745
3820,49,255,788.765,821.724
3821,77,255,933.617,823.344
3822,42,255,1046.857,821.190
3823,56,255,1518.179,822.214
3824,46,255,357.500,822.804
3825,84,255,1069.702,823.750
3826,35,255,1130.843,822.471
3827,103,255,1164.131,824.665
3828,61,255,1402.287,825.369
3829,66,255,198.197,825.091
3830,71,255,228.232,824.415
3831,48,255,282.688,823.042
3832,51,255,387.382,823.480
3833,63,255,631.056,824.452
3834,77,255,685.136,824.591
3835,113,255,1012.677,827.969
3836,43,255,253.477,825.895
3837,43,255,431.616,824.616
3838,94,255,779.915,827.585
3839,37,255,800.149,824.500
3840,55,255,187.027,825.882
3841,46,255,404.978,826.109
3842,33,255,482.894,825.136
3843,83,255,584.946,827.163
3844,101,255,639.886,829.104
3845,44,255,308.477,827.045
3846,60,255,616.500,826.817
3847,49,255,704.092,826.847
3848,82,255,841.573,827.902
3849,57,255,880.482,826.482
3850,114,255,1428.675,829.623
3851,81,255,1590.821,829.735
3852,45,255,125.589,828.011
3853,22,255,695.091,827.273
3854,30,255,813.333,827.767
3855,35,255,1206.529,827.357
3856,64,255,1252.734,828.000
3857,21,255,1308.833,826.690
3858,40,255,1575.750,827.900
3859,39,255,1598.321,829.577
3860,73,255,135.500,830.486
3861,61,255,149.566,829.041
3862,55,255,321.155,828.900
3863,88,255,522.489,830.091
3864,51,255,654.657,829.480
3865,120,255,921.292,832.558
3866,75,255,978.407,830.167
3867,31,255,1262.210,827.952
3868,34,255,1439.853,827.676
3869,48,255,594.125,829.583
3870,51,255,607.029,829.951
3871,76,255,241.684,831.908
3872,53,255,336.632,830.557
3873,29,255,1090.224,829.845
3874,53,255,1273.821,831.142
3875,57,255,1485.904,831.167
3876,131,255,63.057,834.187
3877,65,255,349.685,832.515
3878,110,255,548.791,832.964
3879,78,255,564.564,832.026
3880,63,255,953.786,833.770
3881,116,255,28.164,835.776
3882,132,255,211.773,834.545
3883,132,255,298.576,834.727
3884,72,255,472.333,833.764
3885,70,255,715.743,833.014
3886,60,255,964.317,832.800
3887,58,255,994.207,833.086
3888,113,255,1029.235,834.774
3889,117,255,1147.150,835.850
3890,116,255,1517.853,834.862
3891,98,255,78.449,835.133
3892,51,255,114.833,834.010
3893,32,255,266.125,832.438
3894,45,255,358.522,833.567
3895,62,255,674.968,833.548
3896,69,255,1065.920,834.065
3897,45,255,1132.811,834.322
3898,44,255,1212.909,833.364
3899,50,255,178.520,834.640
3900,89,255,747.792,835.444
3901,108,255,1168.778,837.370
3902,60,255,397.933,838.067
3903,101,255,431.807,839.074
3904,65,255,1454.100,835.669
3905,57,255,766.149,837.044
3906,81,255,41.253,839.747
3907,29,255,388.052,836.914
3908,100,255,491.920,839.560
3909,32,255,688.188,836.875
3910,35,255,1053.843,837.586
3911,65,255,280.885,839.238
3912,78,255,339.718,839.846
3913,52,255,446.692,838.442
3914,62,255,505.113,840.016
3915,35,255,811.957,839.157
3916,134,255,875.045,840.090
3917,83,255,972.416,839.175
3918,111,255,1257.932,839.563
3919,41,255,326.768,839.256
3920,53,255,1310.934,840.802
3921,105,255,1499.595,842.910
3922,112,255,606.250,843.134
3923,80,255,622.475,841.225
3924,60,255,702.000,840.867
3925,75,255,1188.527,842.060
3926,32,255,1320.344,841.156
3927,56,255,1399.482,841.161
3928,45,255,1409.567,841.233
3929,29,255,1446.086,840.603
3930,67,255,1466.873,842.769
3931,75,255,1534.780,842.247
3932,52,255,575.712,841.942
3933,21,255,679.595,840.071
3934,68,255,773.250,842.456
3935,93,255,795.414,844.425
3936,22,255,840.500,841.227
3937,50,255,996.240,841.780
3938,65,255,1480.623,842.423
3939,83,255,7.681,844.946
3940,108,255,93.722,845.870
3941,64,255,146.812,843.297
3942,57,255,191.272,842.675
3943,97,255,227.407,844.407
3944,47,255,360.372,842.862
3945,63,255,409.833,844.722
3946,66,255,652.288,842.864
3947,50,255,672.500,842.480
3948,49,255,1074.827,844.010
3949,68,255,1200.662,843.912
3950,59,255,53.178,844.347
3951,58,255,471.534,844.224
3952,60,255,1370.617,843.683
3953,81,255,132.846,846.105
3954,67,255,169.619,845.097
3955,39,255,182.808,844.987
3956,63,255,369.135,846.738
3957,138,255,524.457,847.674
3958,66,255,900.894,844.924
3959,53,255,1098.425,848.028
3960,42,255,1440.048,844.786
3961,57,255,1055.535,846.518
3962,48,255,1127.917,845.354
3963,58,255,1219.293,845.586
3964,43,255,1248.035,846.221
3965,75,255,1383.367,846.847
3966,58,255,1512.345,847.431
3967,56,255,1585.500,846.714
3968,28,255,1598.107,846.893
3969,32,255,710.938,846.938
3970,78,255,834.192,849.231
3971,31,255,1005.048,847.435
3972,54,255,1086.426,847.444
3973,49,255,83.418,849.459
3974,55,255,245.300,849.045
3975,31,255,697.758,847.371
3976,56,255,730.929,849.107
3977,59,255,1046.466,849.500
3978,53,255,318.670,849.877
3979,94,255,785.415,851.936
3980,57,255,821.132,849.833
3981,74,255,926.865,851.054
3982,41,255,1031.476,849.134
3983,56,255,1068.304,849.607
3984,55,255,1257.718,850.882
3985,25,255,1394.740,848.540
3986,59,255,1479.364,850.500
3987,61,255,118.730,851.074
3988,51,255,546.402,851.088
3989,81,255,744.451,851.327
3990,71,255,1233.655,851.599
3991,60,255,19.083,852.100
3992,81,255,512.154,853.290
3993,51,255,646.245,851.814
3994,69,255,805.036,854.457
3995,40,255,1165.775,851.875
3996,41,255,1340.915,850.841
3997,34,255,153.559,852.147
3998,37,255,173.230,851.716
3999,38,255,254.447,852.842
4000,125,255,671.084,855.900
4001,49,255,690.643,852.949
4002,68,255,1357.559,853.368
4003,30,255,1419.800,851.567
4004,68,255,45.529,855.191
4005,39,255,108.526,853.987
4006,69,255,267.196,854.790
4007,65,255,341.623,853.962
4008,103,255,590.626,855.383
4009,119,255,942.256,856.685
4010,112,255,1372.027,857.455
4011,52,255,332.115,854.827
4012,49,255,537.214,855.459
4013,59,255,758.178,855.941
4014,90,255,769.222,856.967
4015,23,255,840.630,854.283
4016,76,255,1122.789,855.474
4017,68,255,1176.456,855.706
4018,91,255,1241.907,856.368
4019,47,255,706.585,855.266
4020,118,255,865.627,858.398
4021,35,255,995.871,855.329
4022,56,255,1206.946,855.911
4023,59,255,901.500,856.212
4024,65,255,1220.808,857.300
4025,69,255,144.036,858.109
4026,103,255,232.044,858.529
4027,98,255,318.541,858.429
4028,54,255,355.537,857.556
4029,78,255,1154.910,858.577
4030,110,255,1194.445,859.782
4031,21,255,1440.690,856.357
4032,103,255,478.345,860.325
4033,129,255,1406.647,861.609
4034,43,255,1505.988,858.663
4035,53,255,1580.481,858.858
4036,93,255,276.554,862.618
4037,26,255,380.000,858.192
4038,106,255,432.953,862.481
4039,46,255,622.283,859.587
4040,86,255,978.965,861.302
4041,50,255,1073.860,858.940
4042,118,255,1085.102,862.898
4043,58,255,66.138,860.552
4044,43,255,135.430,861.035
4045,127,255,208.366,864.413
4046,63,255,296.500,861.627
4047,96,255,551.344,862.260
4048,65,255,739.962,861.931
4049,61,255,889.287,862.664
4050,28,255,988.250,861.929
4051,94,255,1278.404,863.723
4052,121,255,1300.401,865.029
4053,61,255,1337.648,862.434
4054,97,255,417.572,864.108
4055,67,255,527.903,863.649
4056,35,255,566.900,862.529
4057,68,255,649.559,862.632
4058,25,255,779.460,861.580
4059,60,255,1111.433,863.450
4060,90,255,1135.222,863.989
4061,33,255,1172.621,862.409
4062,42,255,1268.214,862.500
4063,129,255,1316.965,864.415
4064,64,255,1386.000,863.281
4065,49,255,33.255,864.092
4066,107,255,188.294,865.407
4067,69,255,1011.529,864.384
4068,31,255,1019.371,863.339
4069,82,255,1516.951,865.061
4070,72,255,726.569,866.181
4071,102,255,86.706,867.294
4072,102,255,249.961,867.265
4073,39,255,405.038,865.756
4074,36,255,593.889,864.833
4075,46,255,794.239,866.239
4076,46,255,823.935,865.348
4077,144,255,845.562,869.340
4078,67,255,1029.590,866.470
4079,47,255,1181.734,865.564
4080,122,255,1352.992,867.221
4081,54,255,1500.981,866.741
4082,83,255,114.380,868.645
4083,82,255,397.341,868.793
4084,104,255,1433.356,867.673
4085,50,255,690.580,868.300
4086,41,255,803.817,867.159
4087,42,255,937.643,867.952
4088,55,255,1225.227,867.245
4089,79,255,1244.462,868.247
4090,53,255,359.557,867.953
4091,42,255,494.881,868.214
4092,45,255,744.367,868.767
4093,56,255,1289.696,871.161
4094,56,255,328.875,869.571
4095,37,255,484.041,868.932
4096,87,255,577.776,870.994
4097,55,255,678.682,869.191
4098,52,255,1049.712,869.385
4099,110,255,1263.845,873.091
4100,21,255,1489.833,869.071
4101,21,255,437.357,870.214
4102,53,255,600.877,870.066
4103,96,255,657.510,872.260
4104,59,255,831.975,870.890
4105,113,255,867.606,872.624
4106,22,255,1158.591,869.409
4107,32,255,44.969,870.406
4108,63,255,178.183,872.484
4109,51,255,236.853,872.245
4110,56,255,508.429,871.464
4111,37,255,1143.257,870.905
4112,45,255,1202.189,871.456
4113,139,255,1328.572,874.529
4114,53,255,227.462,872.821
4115,48,255,561.896,872.062
4116,53,255,709.311,872.066
4117,119,255,1130.861,877.164
4118,83,255,1377.849,873.922
4119,75,255,1447.833,874.220
4120,64,255,27.547,873.922
4121,55,255,80.882,874.045
4122,73,255,766.568,873.692
4123,48,255,65.375,874.833
4124,92,255,159.565,876.620
4125,92,255,899.304,875.370
4126,64,255,1061.094,874.922
4127,64,255,1102.016,875.234
4128,76,255,1480.395,875.671
4129,56,255,283.714,876.089
4130,27,255,352.685,874.907
4131,27,255,1165.611,875.611
4132,68,255,40.941,878.324
4133,69,255,519.442,878.399
4134,68,255,729.544,876.309
4135,51,255,1153.735,876.716
4136,103,255,1529.568,878.199
4137,69,255,122.500,878.674
4138,80,255,140.688,878.500
4139,89,255,622.871,878.343
4140,123,255,670.207,880.703
4141,51,255,887.676,879.049
4142,65,255,957.100,878.608
4143,38,255,976.184,878.184
4144,54,255,1276.722,878.333
4145,47,255,363.394,878.564
4146,40,255,388.000,878.200
4147,44,255,466.886,878.614
4148,38,255,913.342,878.553
4149,95,255,987.605,881.489
4150,105,255,1088.548,880.957
4151,39,255,1209.705,878.756
4152,89,255,1221.062,880.938
4153,89,255,94.185,881.163
4154,42,255,315.429,879.738
4155,46,255,637.413,879.891
4156,39,255,713.372,880.141
4157,72,255,815.389,879.972
4158,31,255,1173.952,879.210
4159,53,255,1301.953,881.047
4160,74,255,1514.554,880.689
4161,40,255,564.150,880.075
4162,91,255,604.313,882.852
4163,60,255,793.133,879.967
4164,50,255,923.660,881.640
4165,82,255,1005.463,881.488
4166,123,255,1348.093,882.752
4167,32,255,51.531,881.188
4168,49,255,218.867,881.582
4169,61,255,252.484,881.779
4170,87,255,297.500,884.638
4171,20,255,327.000,880.000
4172,34,255,575.059,881.559
4173,29,255,941.397,880.259
4174,33,255,1043.045,881.409
4175,64,255,1198.016,882.078
4176,119,255,1585.021,883.433
4177,44,255,241.614,882.909
4178,69,255,374.196,884.645
4179,46,255,493.109,882.500
4180,42,255,589.810,883.143
4181,43,255,646.453,883.291
4182,102,255,1022.157,884.167
4183,82,255,1056.866,884.012
4184,65,255,1548.085,883.577
4185,52,255,30.308,883.442
4186,56,255,77.232,884.607
4187,50,255,183.080,883.420
4188,28,255,530.643,882.571
4189,37,255,656.716,882.743
4190,90,255,1254.378,884.889
4191,137,255,1417.055,886.361
4192,41,255,557.378,884.476
4193,78,255,697.795,885.141
4194,50,255,757.500,884.080
4195,75,255,836.780,885.327
4196,42,255,1326.119,884.595
4197,81,255,1402.093,885.698
4198,81,255,15.019,888.093
4199,57,255,277.763,885.886
4200,22,255,774.000,884.773
4201,73,255,948.473,886.925
4202,122,255,1126.721,888.451
4203,98,255,1312.306,889.306
4204,66,255,200.924,886.909
4205,78,255,225.808,889.026
4206,77,255,345.539,887.604
4207,96,255,471.979,888.021
4208,41,255,153.378,887.378
4209,51,255,174.578,887.794
4210,58,255,404.948,887.690
4211,32,255,566.844,886.969
4212,96,255,1171.802,888.698
4213,66,255,583.985,891.833
4214,70,255,914.029,888.714
4215,112,255,1444.089,892.616
4216,38,255,188.895,889.474
4217,35,255,432.957,889.243
4218,125,255,547.564,892.756
4219,48,255,738.375,890.188
4220,34,255,788.176,888.853
4221,25,255,799.660,888.980
4222,70,255,1273.629,890.343
4223,40,255,1395.425,890.350
4224,79,255,1431.930,892.120
4225,82,255,138.939,891.476
4226,46,255,746.630,890.457
4227,59,255,960.263,891.297
4228,36,255,1111.667,889.750
4229,41,255,1541.549,890.793
4230,58,255,243.483,891.655
4231,84,255,1081.190,893.298
4232,82,255,1529.598,892.622
4233,37,255,501.878,892.122
4234,78,255,528.231,893.000
4235,27,255,713.130,891.500
4236,20,255,1090.450,891.750
4237,107,255,1197.425,892.397
4238,118,255,1358.958,895.932
4239,49,255,1564.255,892.092
4240,73,255,627.692,894.377
4241,76,255,1219.224,894.079
4242,76,255,1371.158,895.039
4243,71,255,1462.021,894.444
4244,47,255,82.223,894.798
4245,51,255,93.912,895.206
4246,99,255,603.985,896.520
4247,56,255,796.054,896.982
4248,68,255,831.485,895.176
4249,28,255,1025.786,893.750
4250,61,255,1072.336,895.221
4251,44,255,1256.864,895.932
4252,62,255,1576.984,896.371
4253,85,255,1592.594,897.524
4254,72,255,39.903,898.653
4255,62,255,180.855,895.984
4256,81,255,209.290,900.833
4257,41,255,482.988,895.500
4258,20,255,676.000,895.250
4259,55,255,697.009,897.518
4260,24,255,968.500,896.000
4261,70,255,1059.329,897.657
4262,89,255,1240.084,897.770
4263,70,255,53.500,898.000
4264,28,255,115.679,896.893
4265,65,255,415.792,898.592
4266,96,255,462.854,898.760
4267,60,255,516.333,898.183
4268,41,255,615.890,897.451
4269,92,255,666.446,899.543
4270,109,255,856.188,900.427
4271,147,255,881.956,900.765
4272,66,255,1283.121,898.576
4273,90,255,29.156,900.011
4274,82,255,345.634,898.390
4275,44,255,575.000,898.000
4276,49,255,638.276,898.602
4277,52,255,686.135,898.423
4278,74,255,897.838,899.757
4279,25,255,1045.340,897.300
4280,55,255,1328.300,898.791
4281,96,255,1385.562,900.719
4282,71,255,1497.049,899.500
4283,113,255,1549.137,901.412
4284,69,255,130.471,900.268
4285,48,255,742.188,899.479
4286,81,255,936.685,899.809
4287,68,255,1511.088,900.426
4288,26,255,447.115,899.654
4289,28,255,847.143,900.714
4290,44,255,951.409,900.864
4291,33,255,980.530,900.106
4292,31,255,785.887,900.855
4293,90,255,73.444,903.911
4294,50,255,222.740,903.200
4295,24,255,1347.833,901.917
4296,44,255,10.000,904.386
4297,62,255,290.500,904.000
4298,35,255,1154.071,903.443
4299,20,255,1308.400,902.600
4300,54,255,106.037,905.463
4301,52,255,557.346,904.788
4302,37,255,1004.203,904.176
4303,54,255,1250.630,905.074
4304,112,255,1263.420,908.455
4305,53,255,1336.991,905.198
4306,27,255,232.167,905.315
4307,58,255,275.586,906.397
4308,51,255,507.892,905.402
4309,58,255,738.224,905.362
4310,115,255,759.317,906.361
4311,58,255,825.500,905.621
4312,54,255,1017.426,905.519
4313,40,255,1065.000,905.200
4314,114,255,1105.982,908.009
4315,108,255,1123.509,906.333
4316,59,255,1207.975,906.025
4317,75,255,1399.913,906.447
4318,44,255,1569.091,906.091
4319,36,255,369.917,906.278
4320,86,255,665.256,908.756
4321,75,255,1163.353,907.727
4322,31,255,1.984,908.016
4323,103,255,149.180,908.995
4324,47,255,182.202,908.266
4325,62,255,242.500,908.129
4326,60,255,936.117,908.217
4327,133,255,1312.635,912.808
4328,98,255,1435.684,909.327
4329,78,255,1537.590,908.641
4330,42,255,193.476,908.286
4331,57,255,496.167,908.535
4332,30,255,517.333,908.433
4333,49,255,783.582,908.092
4334,83,255,1461.584,909.729
4335,52,255,345.673,909.462
4336,67,255,544.425,909.843
4337,60,255,634.600,909.400
4338,70,255,685.629,909.200
4339,68,255,986.882,910.088
4340,165,255,1225.112,911.918
4341,38,255,1415.711,909.263
4342,37,255,1523.122,909.878
4343,78,255,1591.141,911.346
4344,37,255,98.581,910.851
4345,71,255,595.725,910.880
4346,78,255,711.667,911.244
4347,140,255,804.593,913.171
4348,66,255,1146.364,911.576
4349,98,255,1447.939,912.490
4350,53,255,1137.123,911.991
4351,58,255,1280.121,911.483
4352,71,255,1346.007,912.007
4353,20,255,1502.500,910.300
4354,71,255,33.345,913.486
4355,51,255,334.225,913.833
4356,46,255,445.848,913.217
4357,40,255,476.350,912.225
4358,34,255,564.794,912.000
4359,56,255,871.429,913.054
4360,59,255,971.466,912.720
4361,41,255,43.256,913.622
4362,85,255,132.124,914.618
4363,48,255,410.625,914.271
4364,70,255,575.643,913.886
4365,60,255,1563.133,914.483
4366,53,255,620.745,914.538
4367,26,255,698.269,914.885
4368,37,255,882.932,913.878
4369,69,255,1090.022,914.964
4370,35,255,78.643,914.786
4371,25,255,381.900,914.860
4372,69,255,608.399,917.138
4373,107,255,1385.836,919.322
4374,21,255,92.357,915.310
4375,54,255,1021.296,916.370
4376,59,255,1193.958,917.059
4377,68,255,14.765,918.221
4378,38,255,163.842,917.132
4379,64,255,248.844,917.641
4380,52,255,743.481,916.673
4381,69,255,923.761,919.703
4382,55,255,1183.245,918.773
4383,70,255,1324.557,919.514
4384,52,255,456.865,918.327
4385,48,255,644.250,918.500
4386,55,255,822.991,919.918
4387,64,255,1053.344,920.500
4388,77,255,1113.318,919.279
4389,30,255,1255.500,917.700
4390,44,255,1334.864,918.386
4391,114,255,1477.228,920.763
4392,59,255,55.059,919.619
4393,40,255,72.275,919.650
4394,57,255,104.026,920.570
4395,99,255,190.884,921.894
4396,30,255,585.200,919.700
4397,126,255,1169.865,922.159
4398,27,255,1210.537,919.019
4399,124,255,1360.363,925.081
4400,50,255,1501.000,919.800
4401,61,255,1552.041,920.566
4402,70,255,560.786,920.829
4403,44,255,628.773,921.750
4404,29,255,654.500,919.500
4405,55,255,274.609,921.609
4406,66,255,684.530,920.985
4407,20,255,866.500,920.950
4408,41,255,933.866,921.549
4409,66,255,1017.758,923.424
4410,55,255,1080.809,921.300
4411,70,255,1286.657,922.529
4412,79,255,1454.310,923.057
4413,24,255,406.458,922.375
4414,83,255,521.187,923.175
4415,41,255,709.134,922.183
4416,112,255,722.625,925.545
4417,57,255,1070.096,923.202
4418,58,255,1097.810,922.966
4419,143,255,1300.920,926.269
4420,47,255,1420.862,923.181
4421,88,255,173.534,925.205
4422,75,255,234.860,924.647
4423,94,255,262.383,925.596
4424,49,255,312.765,923.806
4425,43,255,668.453,923.756
4426,87,255,739.293,925.397
4427,48,255,773.000,923.292
4428,48,255,841.500,922.792
4429,49,255,1130.765,923.173
4430,57,255,1151.237,923.588
4431,65,255,1205.700,924.685
4432,51,255,1430.559,925.069
4433,75,255,1522.460,923.940
4434,48,255,42.229,924.125
4435,21,255,95.119,922.929
4436,107,255,382.061,925.397
4437,52,255,612.904,924.365
4438,38,255,973.079,924.553
4439,40,255,981.775,924.925
4440,68,255,1494.956,926.176
4441,68,255,1567.868,927.956
4442,35,255,223.214,924.786
4443,20,255,701.400,924.450
4444,44,255,796.000,925.432
4445,81,255,148.302,927.809
4446,64,255,589.938,927.719
4447,50,255,600.780,926.820
4448,29,255,1254.672,925.845
4449,107,255,1394.107,928.724
4450,101,255,1440.936,931.015
4451,37,255,1508.257,926.851
4452,78,255,20.218,928.513
4453,24,255,787.458,926.958
4454,51,255,808.108,927.010
4455,56,255,964.500,928.161
4456,69,255,1113.746,928.587
4457,35,255,1142.071,927.586
4458,38,255,1280.368,928.526
4459,106,255,116.000,930.123
4460,66,255,247.485,929.045
4461,62,255,471.839,929.258
4462,71,255,503.923,929.711
4463,61,255,881.664,928.484
4464,38,255,1219.605,928.289
4465,33,255,1270.106,928.318
4466,83,255,1578.392,930.825
4467,49,255,58.561,930.051
4468,67,255,204.978,929.515
4469,45,255,494.744,929.389
4470,71,255,72.669,931.697
4471,42,255,275.095,929.595
4472,60,255,840.800,930.617
4473,76,255,905.605,931.237
4474,102,255,1228.304,932.735
4475,95,255,1245.184,932.195
4476,58,255,1407.948,932.034
4477,63,255,1597.024,932.960
4478,45,255,89.056,931.367
4479,44,255,99.545,932.273
4480,34,255,557.794,930.500
4481,33,255,829.773,931.773
4482,46,255,861.435,932.826
4483,53,255,895.915,933.085
4484,91,255,1044.456,933.533
4485,39,255,1199.500,931.500
4486,39,255,1587.936,932.936
4487,77,255,524.110,933.812
4488,25,255,548.460,931.740
4489,115,255,1478.535,934.770
4490,43,255,938.151,934.221
4491,50,255,1134.520,933.360
4492,52,255,1153.769,933.385
4493,47,255,1522.606,933.904
4494,107,255,405.313,937.893
4495,46,255,1419.370,934.978
4496,62,255,1514.484,935.387
4497,24,255,1.792,935.292
4498,70,255,36.957,936.129
4499,53,255,161.745,935.915
4500,36,255,367.722,935.361
4501,87,255,428.638,935.891
4502,65,255,874.915,937.054
4503,58,255,920.517,936.397
4504,20,255,47.000,936.000
4505,69,255,231.558,936.442
4506,53,255,745.689,936.292
4507,71,255,1213.246,938.345
4508,42,255,1429.571,936.548
4509,25,255,441.300,937.060
4510,31,255,1162.887,937.016
4511,95,255,149.995,940.258
4512,142,255,187.014,941.979
4513,67,255,270.291,938.425
4514,28,255,450.429,937.357
4515,41,255,553.305,938.915
4516,89,255,618.096,944.129
4517,78,255,1147.115,940.436
4518,109,255,1330.280,940.252
4519,55,255,1359.591,938.027
4520,21,255,74.500,938.500
4521,32,255,122.594,939.062
4522,36,255,378.417,939.972
4523,54,255,649.778,940.056
4524,58,255,764.466,939.741
4525,21,255,891.357,938.500
4526,35,255,1072.900,939.471
4527,59,255,1176.059,940.381
4528,75,255,1548.380,940.327
4529,41,255,299.841,940.037
4530,38,255,489.579,940.553
4531,73,255,1262.993,941.938
4532,66,255,1452.424,942.197
4533,84,255,807.429,941.405
4534,32,255,1184.844,940.750
4535,50,255,1393.360,941.760
4536,26,255,1461.692,941.154
4537,56,255,101.375,942.286
4538,83,255,576.922,942.849
4539,73,255,776.226,943.623
4540,73,255,1107.925,942.514
4541,86,255,1495.279,945.581
4542,60,255,66.900,944.383
4543,20,255,204.500,941.750
4544,23,255,353.370,942.804
4545,21,255,360.071,942.262
4546,57,255,478.851,943.868
4547,63,255,707.310,943.230
4548,39,255,938.013,943.192
4549,57,255,1506.061,944.482
4550,80,255,440.387,945.125
4551,34,255,913.382,944.000
4552,82,255,1304.817,945.841
4553,25,255,1315.940,943.820
4554,62,255,6.484,946.484
4555,62,255,17.048,946.661
4556,42,255,114.190,947.310
4557,100,255,387.920,948.850
4558,37,255,400.662,945.959
4559,39,255,424.628,945.628
4560,42,255,519.119,945.167
4561,32,255,946.531,945.625
4562,22,255,963.091,944.364
4563,62,255,1066.855,946.468
4564,25,255,1134.500,944.900
4565,87,255,1239.718,948.086
4566,41,255,58.037,946.671
4567,38,255,125.868,945.579
4568,67,255,1198.455,946.604
4569,60,255,235.100,947.367
4570,47,255,508.926,947.521
4571,44,255,1027.250,947.818
4572,137,255,1362.055,950.230
4573,70,255,167.386,949.400
4574,99,255,316.510,951.015
4575,65,255,602.285,949.531
4576,61,255,688.074,948.975
4577,35,255,1346.729,947.871
4578,38,255,1555.211,948.526
4579,31,255,1173.629,948.371
4580,59,255,1462.771,950.229
4581,37,255,1542.419,949.878
4582,105,255,1570.690,951.462
4583,42,255,657.262,950.214
4584,39,255,1249.218,950.141
4585,46,255,102.457,950.739
4586,79,255,132.310,953.639
4587,60,255,670.967,951.317
4588,70,255,1391.286,951.857
4589,78,255,207.064,955.231
4590,55,255,818.155,952.918
4591,57,255,939.974,952.868
4592,56,255,1058.839,952.982
4593,69,255,1261.196,953.471
4594,83,255,1414.729,954.970
4595,62,255,1596.935,954.581
4596,97,255,473.263,954.861
4597,69,255,541.297,954.384
4598,55,255,638.336,953.591
4599,58,255,922.759,954.707
4600,34,255,960.206,952.529
4601,54,255,1096.185,952.870
4602,57,255,1152.886,953.500
4603,43,255,243.081,954.756
4604,39,255,290.628,953.321
4605,53,255,561.387,954.443
4606,73,255,737.815,955.432
4607,80,255,856.587,955.600
4608,115,255,1182.917,955.970
4609,166,255,1532.440,959.380
4610,71,255,35.669,955.993
4611,106,255,264.075,957.349
4612,36,255,277.500,954.889
4613,95,255,577.637,955.932
4614,74,255,790.378,955.581
4615,41,255,868.159,955.500
4616,76,255,1082.816,956.211
4617,40,255,1271.900,955.975
4618,79,255,1384.981,958.373
4619,82,255,1553.817,956.817
4620,67,255,52.112,957.097
4621,34,255,192.441,956.441
4622,116,255,447.802,959.155
4623,47,255,707.245,956.564
4624,40,255,1119.525,956.075
4625,63,255,1166.437,956.849
4626,77,255,1338.630,957.318
4627,26,255,984.269,956.346
4628,104,255,1493.404,959.231
4629,42,255,119.143,957.905
4630,48,255,229.104,958.500
4631,91,255,532.181,961.269
4632,73,255,1283.774,959.308
4633,34,255,1299.000,958.500
4634,47,255,1322.670,958.904
4635,92,255,7.185,961.043
4636,51,255,344.265,959.441
4637,52,255,752.058,959.365
4638,31,255,1094.694,959.532
4639,97,255,1436.479,961.747
4640,47,255,93.457,960.606
4641,44,255,107.386,959.545
4642,41,255,290.207,960.695
4643,36,255,910.778,960.028
4644,62,255,1243.145,961.032
4645,48,255,515.750,960.333
4646,64,255,714.203,963.453
4647,98,255,953.949,963.051
4648,90,255,1122.733,964.033
4649,71,255,1401.148,962.655
4650,37,255,82.257,962.095
4651,57,255,356.798,962.500
4652,34,255,401.500,962.000
4653,76,255,1105.342,966.487
4654,50,255,1465.420,962.360
4655,43,255,1577.640,962.709
4656,28,255,481.000,962.357
4657,69,255,494.645,963.659
4658,51,255,1137.500,962.794
4659,42,255,1155.143,962.905
4660,87,255,172.557,966.351
4661,30,255,185.867,964.133
4662,56,255,321.911,964.304
4663,35,255,605.414,963.814
4664,76,255,670.605,966.632
4665,58,255,731.259,964.603
4666,58,255,841.586,964.086
4667,81,255,1507.253,966.352
4668,60,255,1567.350,965.017
4669,29,255,194.052,964.707
4670,52,255,415.308,965.788
4671,52,255,426.615,965.327
4672,24,255,462.875,965.708
4673,47,255,701.096,965.032
4674,79,255,1271.222,967.095
4675,51,255,1343.029,964.971
4676,56,255,683.946,966.643
4677,53,255,800.330,966.066
4678,68,255,822.882,966.912
4679,53,255,922.764,965.726
4680,27,255,1000.500,965.648
4681,88,255,1587.409,968.080
4682,76,255,206.776,968.645
4683,72,255,223.319,969.097
4684,34,255,1182.176,966.412
4685,47,255,1356.287,967.564
4686,27,255,1424.500,966.574
4687,50,255,1476.160,968.440
4688,48,255,63.188,968.354
4689,33,255,242.682,967.803
4690,53,255,577.142,969.292
4691,76,255,659.118,970.092
4692,71,255,1227.162,969.232
4693,63,255,1319.929,968.817
4694,107,255,12.210,971.182
4695,51,255,50.167,969.853
4696,54,255,102.648,969.204
4697,55,255,146.027,969.245
4698,59,255,1056.992,969.602
4699,80,255,1485.500,971.462
4700,31,255,1598.145,970.855
4701,55,255,133.264,970.373
4702,40,255,470.000,970.000
4703,81,255,765.475,972.500
4704,52,255,1201.192,970.865
4705,48,255,1391.688,970.146
4706,46,255,1452.152,971.326
4707,30,255,125.367,971.033
4708,65,255,496.069,971.177
4709,74,255,629.608,971.932
4710,62,255,862.919,972.306
4711,48,255,875.688,971.708
4712,62,255,73.694,973.081
4713,41,255,85.646,973.232
4714,37,255,289.500,971.554
4715,50,255,559.000,973.280
4716,51,255,937.088,972.284
4717,53,255,1214.085,972.821
4718,44,255,96.091,974.727
4719,35,255,156.500,973.271
4720,66,255,326.667,974.606
4721,23,255,337.239,971.935
4722,59,255,802.432,973.720
4723,50,255,1150.620,973.120
4724,60,255,1260.350,975.183
4725,65,255,191.100,975.054
4726,26,255,281.154,974.423
4727,35,255,535.271,973.957
4728,79,255,719.032,975.715
4729,117,255,1430.731,978.064
4730,68,255,1523.324,976.147
4731,73,255,38.568,976.021
4732,79,255,525.728,976.576
4733,67,255,700.918,977.993
4734,87,255,738.121,976.305
4735,86,255,1370.337,976.884
4736,39,255,1415.474,975.346
4737,22,255,120.273,975.091
4738,53,255,571.500,977.557
4739,33,255,581.045,976.288
4740,37,255,641.419,975.743
4741,60,255,683.783,976.067
4742,93,255,912.661,978.694
4743,22,255,996.000,974.864
4744,46,255,1098.326,975.761
4745,56,255,1346.589,976.964
4746,58,255,247.793,977.345
4747,100,255,339.470,980.570
4748,26,255,757.500,977.154
4749,42,255,891.333,976.738
4750,22,255,1475.500,976.636
4751,73,255,408.473,979.637
4752,56,255,424.857,979.036
4753,38,255,901.289,980.053
4754,162,255,1299.031,982.414
4755,41,255,1313.866,978.280
4756,68,255,832.029,979.647
4757,50,255,1065.080,979.460
4758,61,255,1157.959,979.303
4759,38,255,1380.974,979.289
4760,48,255,1466.146,979.938
4761,53,255,63.594,980.708
4762,66,255,962.136,981.167
4763,92,255,1011.652,983.957
4764,43,255,1206.965,981.174
4765,83,255,1326.259,982.404
4766,39,255,1443.628,980.654
4767,36,255,1585.000,979.667
4768,96,255,149.083,983.146
4769,50,255,484.360,980.900
4770,66,255,499.167,981.773
4771,60,255,557.100,980.667
4772,33,255,819.530,980.712
4773,50,255,1021.880,981.600
4774,45,255,1080.278,982.189
4775,57,255,1116.921,981.728
4776,25,255,1216.100,980.380
4777,107,255,1538.379,984.276
4778,76,255,1551.000,983.289
4779,53,255,256.557,983.500
4780,50,255,1090.060,982.820
4781,75,255,1136.340,983.353
4782,50,255,1187.180,983.680
4783,117,255,1283.397,986.252
4784,50,255,168.000,983.000
4785,37,255,221.662,983.554
4786,104,255,230.423,986.663
4787,58,255,651.362,983.983
4788,25,255,948.100,982.460
4789,41,255,1482.085,983.037
4790,111,255,1563.230,986.563
4791,37,255,273.986,983.797
4792,29,255,378.741,983.121
4793,75,255,395.567,984.593
4794,50,255,472.840,984.120
4795,40,255,1033.700,985.000
4796,56,255,1360.929,984.750
4797,147,255,1408.731,989.799
4798,55,255,7.573,986.809
4799,108,255,597.157,987.991
4800,55,255,685.973,985.809
4801,43,255,752.849,984.500
4802,24,255,955.000,984.625
4803,55,255,1146.355,985.482
4804,51,255,1317.951,985.520
4805,30,255,1374.733,985.233
4806,73,255,124.623,989.349
4807,46,255,431.304,986.065
4808,75,255,611.540,987.767
4809,125,255,803.988,991.052
4810,58,255,816.517,987.724
4811,130,255,851.262,988.123
4812,22,255,1231.818,985.318
4813,142,255,1243.169,989.430
4814,34,255,1574.412,987.000
4815,51,255,369.225,987.873
4816,28,255,459.929,986.857
4817,34,255,581.265,986.765
4818,64,255,1462.125,988.641
4819,62,255,41.806,989.016
4820,35,255,64.071,987.557
4821,47,255,698.606,987.819
4822,67,255,1106.500,989.142
4823,99,255,1258.530,991.894
4824,47,255,664.819,988.500
4825,24,255,18.000,989.500
4826,68,255,93.838,990.824
4827,43,255,445.360,990.012
4828,54,255,626.185,991.463
4829,29,255,711.293,989.224
4830,35,255,792.329,991.329
4831,54,255,908.000,989.889
4832,22,255,919.909,989.227
4833,79,255,1517.500,991.348
4834,47,255,182.755,991.074
4835,33,255,828.894,990.530
4836,100,255,1500.580,993.180
4837,50,255,214.520,992.300
4838,25,255,350.820,991.740
4839,72,255,507.028,994.431
4840,85,255,544.488,994.029
4841,59,255,727.568,992.347
4842,38,255,871.605,992.447
4843,46,255,1030.870,993.565
4844,43,255,1579.895,993.500
4845,46,255,114.391,994.087
4846,20,255,267.050,991.850
4847,51,255,488.990,993.931
4848,75,255,885.060,993.873
4849,53,255,948.708,992.443
4850,35,255,325.729,993.014
4851,26,255,389.769,992.923
4852,55,255,463.282,994.482
4853,45,255,840.256,994.144
4854,65,255,1140.546,995.023
4855,44,255,28.364,994.909
4856,78,255,78.667,995.744
4857,88,255,524.420,997.125
4858,51,255,557.735,995.343
4859,29,255,636.052,995.086
4860,62,255,1093.242,996.210
4861,53,255,1317.764,995.991
4862,126,255,1341.310,1000.079
4863,38,255,1455.447,995.368
4864,22,255,66.591,995.409
4865,26,255,453.154,995.500
4866,69,255,744.964,996.138
4867,55,255,1193.355,996.900
4868,25,255,1598.180,996.420
4869,92,255,405.413,997.772
4870,116,255,656.828,999.466
4871,47,255,710.904,997.691
4872,76,255,762.013,998.697
4873,71,255,8.641,998.528
4874,51,255,820.951,998.049
4875,36,255,938.250,998.389
4876,44,255,1477.159,998.591
4877,31,255,471.887,999.306
4878,51,255,898.422,999.382
4879,65,255,1042.977,1000.638
4880,47,255,1165.436,999.394
4881,100,255,1448.660,1001.820
4882,58,255,1557.103,1000.328
4883,25,255,353.580,999.620
4884,32,255,582.500,999.000
4885,48,255,867.604,1000.688
4886,70,255,1281.671,1002.157
4887,57,255,1468.044,1001.658
4888,82,255,238.707,1002.207
4889,42,255,332.452,1001.214
4890,22,255,393.409,1000.591
4891,49,255,795.786,1001.214
4892,35,255,856.843,1000.786
4893,70,255,1069.671,1003.043
4894,125,255,1429.700,1006.308
4895,84,255,31.714,1003.155
4896,50,255,256.160,1002.080
4897,40,255,342.975,1001.900
4898,37,255,479.959,1001.824
4899,67,255,493.306,1002.784
4900,66,255,679.015,1004.470
4901,101,255,961.817,1003.134
4902,90,255,1216.656,1005.644
4903,42,255,1304.357,1002.476
4904,56,255,1565.607,1003.286
4905,65,255,47.915,1003.546
4906,45,255,225.011,1004.722
4907,44,255,321.182,1003.250
4908,21,255,689.976,1003.357
4909,121,255,721.963,1005.946
4910,77,255,1086.357,1004.981
4911,25,255,1376.980,1002.900
4912,30,255,892.500,1004.000
4913,52,255,977.135,1004.558
4914,35,255,1228.986,1004.557
4915,58,255,1242.621,1005.345
4916,43,255,1391.895,1005.151
4917,35,255,1421.186,1004.014
4918,128,255,1530.953,1007.789
4919,77,255,104.162,1006.084
4920,66,255,299.576,1006.076
4921,53,255,774.066,1005.689
4922,34,255,806.676,1004.735
4923,40,255,1023.550,1004.700
4924,37,255,1361.338,1005.797
4925,60,255,214.200,1006.667
4926,54,255,423.037,1006.611
4927,66,255,612.091,1007.015
4928,67,255,922.500,1006.858
4929,70,255,135.257,1007.200
4930,41,255,371.159,1007.354
4931,38,255,586.447,1006.921
4932,112,255,749.875,1009.598
4933,38,255,1034.789,1006.974
4934,27,255,1058.685,1007.315
4935,78,255,1100.846,1009.513
4936,56,255,1135.375,1007.000
4937,71,255,1150.613,1008.317
4938,20,255,1290.700,1007.400
4939,78,255,359.590,1010.231
4940,74,255,812.797,1010.297
4941,42,255,866.690,1009.476
4942,67,255,992.410,1008.351
4943,37,255,1301.149,1008.905
4944,54,255,191.889,1009.037
4945,47,255,1368.628,1009.564
4946,83,255,1403.994,1012.331
4947,57,255,1591.026,1010.781
4948,69,255,285.297,1011.428
4949,60,255,334.317,1010.900
4950,41,255,498.256,1009.988
4951,23,255,515.543,1009.630
4952,57,255,526.518,1011.114
4953,78,255,632.154,1013.154
4954,60,255,672.450,1010.983
4955,24,255,693.083,1011.125
4956,37,255,1008.554,1009.473
4957,47,255,170.840,1010.819
4958,42,255,270.190,1011.024
4959,50,255,543.440,1011.460
4960,55,255,824.264,1011.936
4961,71,255,910.148,1013.514
4962,50,255,1170.220,1013.560
4963,72,255,316.417,1013.056
4964,43,255,454.430,1011.663
4965,91,255,1200.775,1013.225
4966,118,255,1495.551,1015.119
4967,55,255,250.318,1012.645
4968,51,255,351.441,1013.676
4969,46,255,437.109,1012.913
4970,49,255,471.929,1013.459
4971,24,255,883.833,1012.625
4972,57,255,1047.167,1013.307
4973,55,255,7.318,1014.991
4974,32,255,408.562,1013.438
4975,45,255,483.856,1013.922
4976,51,255,584.873,1015.559
4977,42,255,997.738,1015.143
4978,85,255,1466.759,1015.182
4979,44,255,757.750,1015.523
4980,53,255,854.104,1016.557
4981,90,255,980.367,1017.244
4982,34,255,1214.029,1014.971
4983,28,255,1236.893,1014.143
4984,50,255,1326.120,1015.540
4985,91,255,1541.137,1019.104
4986,42,255,1568.286,1016.786
4987,25,255,150.380,1015.060
4988,42,255,241.667,1017.857
4989,35,255,422.071,1015.443
4990,47,255,836.372,1015.862
4991,68,255,1145.662,1018.838
4992,77,255,1509.305,1018.903
4993,48,255,83.729,1017.083
4994,41,255,510.890,1017.232
4995,48,255,780.354,1018.000
4996,84,255,891.929,1021.405
4997,38,255,1067.868,1017.368
4998,71,255,1077.937,1019.331
4999,30,255,1414.300,1017.700
5000,52,255,384.404,1019.173
5001,40,255,616.975,1019.500
5002,69,255,875.732,1020.341
5003,44,255,1013.114,1017.568
5004,44,255,1132.455,1018.136
5005,42,255,133.381,1018.857
5006,41,255,601.159,1020.329
5007,34,255,667.000,1019.618
5008,33,255,1181.439,1018.439
5009,45,255,1296.233,1019.344
5010,61,255,171.631,1021.680
5011,66,255,301.045,1020.364
5012,62,255,324.323,1020.516
5013,86,255,400.919,1021.663
5014,51,255,1024.461,1020.186
5015,61,255,1120.893,1020.418
5016,20,255,202.750,1019.900
5017,111,255,427.743,1022.068
5018,35,255,796.414,1021.671
5019,28,255,944.143,1020.857
5020,46,255,955.587,1022.043
5021,30,255,987.000,1021.500
5022,85,255,1310.347,1022.829
5023,60,255,155.433,1022.600
5024,27,255,487.315,1021.722
5025,42,255,566.786,1021.524
5026,71,255,819.993,1024.148
5027,78,255,1058.397,1023.474
5028,44,255,1560.386,1022.864
5029,55,255,255.118,1023.500
5030,47,255,472.755,1023.266
5031,41,255,535.159,1023.354
5032,50,255,691.620,1024.200
5033,41,255,1333.305,1023.402
5034,72,255,1347.083,1024.292
5035,73,255,1459.116,1025.021
5036,78,255,30.333,1024.833
5037,42,255,216.095,1024.500
5038,43,255,269.942,1023.779
5039,92,255,350.022,1024.457
5040,65,255,550.515,1026.577
5041,64,255,682.453,1026.078
5042,55,255,1176.155,1025.482
5043,20,255,1241.550,1023.650
5044,56,255,1550.911,1025.518
5045,29,255,365.603,1024.948
5046,22,255,376.318,1024.682
5047,44,255,725.636,1026.205
5048,28,255,867.107,1025.107
5049,50,255,1196.700,1026.140
5050,61,255,1442.123,1027.057
5051,91,255,9.269,1027.764
5052,50,255,993.840,1028.520
5053,35,255,1087.929,1026.414
5054,37,255,237.554,1026.824
5055,31,255,456.016,1026.339
5056,66,255,502.106,1029.500
5057,72,255,711.194,1030.931
5058,48,255,1142.667,1027.271
5059,46,255,1218.543,1027.783
5060,23,255,1432.196,1027.152
5061,80,255,790.875,1030.763
5062,70,255,1046.757,1030.829
5063,70,255,1210.200,1032.557
5064,53,255,1323.462,1030.066
5065,32,255,228.000,1029.125
5066,27,255,1029.685,1028.500
5067,42,255,180.571,1030.262
5068,44,255,383.955,1031.386
5069,54,255,486.389,1030.407
5070,37,255,669.716,1029.743
5071,54,255,735.037,1031.315
5072,34,255,980.382,1029.382
5073,24,255,1234.833,1029.250
5074,33,255,1253.318,1030.106
5075,53,255,36.877,1031.500
5076,74,255,114.581,1032.635
5077,48,255,533.417,1031.354
5078,39,255,660.244,1032.013
5079,23,255,930.500,1030.500
5080,29,255,1156.638,1030.190
5081,30,255,1284.500,1031.000
5082,83,255,1479.355,1032.139
5083,50,255,1590.100,1032.120
5084,47,255,126.755,1033.160
5085,63,255,161.659,1032.484
5086,25,255,199.060,1031.420
5087,81,255,454.772,1034.833
5088,23,255,892.196,1031.196
5089,37,255,939.338,1032.257
5090,42,255,1264.571,1033.405
5091,68,255,90.809,1034.029
5092,41,255,350.646,1033.988
5093,34,255,466.294,1033.206
5094,50,255,642.080,1033.120
5095,61,255,1123.107,1034.221
5096,83,255,1243.440,1035.223
5097,40,255,1334.275,1032.725
5098,93,255,1530.489,1035.027
5099,60,255,137.617,1034.433
5100,41,255,238.890,1033.329
5101,53,255,753.481,1035.519
5102,49,255,768.133,1035.480
5103,50,255,1519.380,1035.780
5104,58,255,834.190,1036.724
5105,58,255,865.862,1036.914
5106,108,255,1029.509,1036.185
5107,56,255,1276.464,1036.321
5108,42,255,472.857,1036.429
5109,97,255,1100.706,1037.686
5110,45,255,1417.967,1036.744
5111,66,255,223.515,1038.530
5112,34,255,256.382,1037.588
5113,52,255,286.750,1037.365
5114,46,255,807.152,1037.761
5115,31,255,929.145,1036.984
5116,37,255,947.527,1037.743
5117,58,255,973.534,1038.379
5118,45,255,265.989,1038.700
5119,44,255,311.023,1038.364
5120,34,255,1449.500,1037.912
5121,56,255,194.732,1038.893
5122,63,255,415.817,1040.817
5123,37,255,490.473,1039.392
5124,62,255,1157.468,1040.774
5125,122,255,1400.779,1042.295
5126,75,255,149.340,1040.513
5127,39,255,380.962,1040.628
5128,52,255,439.462,1041.673
5129,51,255,528.971,1040.931
5130,57,255,744.974,1042.588
5131,79,255,876.892,1043.500
5132,47,255,1059.287,1041.500
5133,121,255,1315.211,1044.136
5134,62,255,1337.790,1040.306
5135,51,255,1472.069,1041.069
5136,87,255,340.305,1044.351
5137,147,255,672.568,1044.520
5138,40,255,1042.375,1041.575
5139,59,255,1134.076,1042.008
5140,59,255,1174.771,1041.178
5141,48,255,1363.500,1042.250
5142,141,255,1428.663,1046.230
5143,53,255,1480.896,1042.085
5144,46,255,1568.717,1041.348
5145,70,255,111.357,1043.300
5146,37,255,552.095,1041.392
5147,61,255,1537.500,1044.713
5148,119,255,1561.643,1047.349
5149,21,255,518.881,1041.929
5150,53,255,705.632,1043.594
5151,60,255,732.017,1043.933
5152,60,255,169.717,1044.350
5153,43,255,403.593,1044.267
5154,134,255,920.500,1048.940
5155,22,255,987.591,1043.591
5156,20,255,1110.100,1044.250
5157,41,255,68.524,1045.061
5158,37,255,451.473,1045.257
5159,77,255,500.630,1046.084
5160,26,255,636.577,1043.808
5161,57,255,892.430,1046.465
5162,61,255,27.172,1046.598
5163,31,255,848.113,1046.403
5164,48,255,1116.958,1046.604
5165,43,255,812.616,1047.384
5166,60,255,944.983,1048.283
5167,33,255,1143.742,1047.197
5168,24,255,1201.875,1046.750
5169,24,255,1516.958,1046.250
5170,62,255,258.129,1048.726
5171,66,255,720.364,1048.500
5172,69,255,866.572,1050.239
5173,25,255,184.620,1048.500
5174,78,255,209.731,1050.577
5175,44,255,480.864,1049.545
5176,42,255,820.952,1049.857
5177,74,255,1271.176,1049.946
5178,75,255,1300.340,1052.167
5179,25,255,587.140,1050.260
5180,65,255,766.162,1051.715
5181,42,255,970.762,1051.119
5182,50,255,1576.580,1050.480
5183,61,255,306.057,1052.172
5184,50,255,388.040,1052.140
5185,46,255,649.239,1051.652
5186,53,255,853.330,1052.934
5187,21,255,1009.500,1050.976
5188,124,255,1196.484,1056.589
5189,42,255,1217.500,1051.571
5190,34,255,1410.206,1051.471
5191,31,255,288.210,1051.952
5192,32,255,490.531,1052.188
5193,61,255,547.008,1053.467
5194,21,255,900.500,1051.500
5195,48,255,1068.833,1053.208
5196,48,255,1228.500,1053.000
5197,43,255,107.407,1052.267
5198,75,255,404.513,1055.247
5199,91,255,430.533,1056.555
5200,23,255,534.978,1053.022
5201,51,255,797.147,1054.186
5202,48,255,832.750,1054.312
5203,61,255,1361.664,1054.943
5204,45,255,17.256,1054.056
5205,76,255,192.145,1056.132
5206,42,255,371.333,1054.119
5207,86,255,445.360,1055.244
5208,128,255,1238.680,1060.758
5209,63,255,1309.278,1055.960
5210,53,255,1532.594,1054.726
5211,32,255,143.688,1054.938
5212,33,255,34.773,1055.833
5213,56,255,126.661,1057.268
5214,83,255,1166.982,1057.054
5215,67,255,1388.366,1058.187
5216,66,255,1460.652,1056.212
5217,45,255,9.900,1057.900
5218,31,255,178.081,1056.952
5219,62,255,250.242,1058.742
5220,29,255,336.121,1057.017
5221,56,255,1031.536,1057.125
5222,59,255,1333.093,1058.331
5223,65,255,1417.869,1058.238
5224,31,255,1476.306,1056.468
5225,64,255,1509.156,1059.312
5226,39,255,1550.808,1057.885
5227,59,255,1053.585,1061.229
5228,33,255,1097.500,1058.500
5229,42,255,1127.881,1058.595
5230,80,255,171.200,1062.537
5231,45,255,789.633,1059.989
5232,107,255,896.995,1060.715
5233,67,255,149.306,1061.799
5234,48,255,524.812,1059.917
5235,36,255,586.833,1060.111
5236,77,255,940.838,1061.942
5237,74,255,1265.446,1062.743
5238,65,255,103.023,1062.054
5239,79,255,1489.918,1062.829
5240,79,255,1569.044,1062.386
5241,45,255,50.189,1062.522
5242,55,255,276.845,1063.009
5243,70,255,747.443,1063.900
5244,25,255,770.540,1062.100
5245,45,255,984.056,1062.656
5246,43,255,1279.709,1062.384
5247,92,255,22.804,1065.478
5248,49,255,74.276,1062.827
5249,54,255,668.019,1064.574
5250,52,255,761.269,1063.500
5251,59,255,818.008,1064.364
5252,21,255,1171.881,1063.214
5253,53,255,1224.009,1064.009
5254,41,255,1287.256,1063.866
5255,37,255,1362.446,1062.932
5256,35,255,1597.386,1063.186
5257,64,255,37.062,1065.281
5258,45,255,61.767,1064.478
5259,20,255,612.900,1063.500
5260,65,255,649.854,1065.269
5261,34,255,1032.618,1064.000
5262,98,255,1139.082,1067.561
5263,75,255,1248.980,1067.447
5264,29,255,1256.121,1064.810
5265,31,255,1348.887,1063.855
5266,28,255,1376.929,1064.750
5267,67,255,1535.396,1065.619
5268,27,255,236.870,1066.093
5269,64,255,421.938,1065.844
5270,84,255,462.155,1066.655
5271,27,255,489.167,1064.685
5272,27,255,496.907,1064.574
5273,88,255,628.943,1068.057
5274,23,255,675.804,1065.326
5275,51,255,804.578,1065.716
5276,48,255,914.792,1065.792
5277,31,255,1120.855,1065.500
5278,65,255,1435.131,1065.623
5279,35,255,1467.300,1065.357
5280,35,255,365.814,1066.471
5281,37,255,866.635,1066.797
5282,68,255,927.309,1066.588
5283,57,255,967.009,1068.395
5284,71,255,89.725,1068.092
5285,33,255,392.742,1067.833
5286,39,255,435.910,1066.833
5287,47,255,698.202,1068.138
5288,25,255,783.740,1066.820
5289,131,255,1092.256,1069.828
5290,29,255,1477.086,1066.948
5291,28,255,196.393,1067.786
5292,47,255,847.691,1067.862
5293,41,255,1007.378,1069.378
5294,39,255,1105.090,1068.679
5295,35,255,1319.986,1067.986
5296,58,255,1403.155,1068.672
5297,32,255,1461.656,1068.688
5298,42,255,314.881,1070.214
5299,41,255,737.646,1069.159
5300,26,255,1126.846,1069.654
5301,62,255,1371.694,1070.194
5302,27,255,1544.463,1069.907
5303,108,255,1552.472,1073.593
5304,58,255,51.690,1071.103
5305,74,255,155.770,1070.176
5306,36,255,859.556,1069.833
5307,57,255,1116.254,1073.746
5308,41,255,283.695,1072.671
5309,37,255,300.608,1071.473
5310,25,255,475.940,1070.580
5311,99,255,616.126,1072.995
5312,98,255,566.980,1074.112
5313,36,255,839.000,1072.500
5314,49,255,944.969,1073.296
5315,34,255,1073.735,1072.441
5316,35,255,1450.957,1072.729
5317,64,255,72.484,1073.562
5318,99,255,124.359,1074.510
5319,41,255,251.183,1073.890
5320,47,255,791.457,1074.606
5321,40,255,1259.300,1074.000
5322,44,255,1332.955,1074.386
5323,59,255,420.788,1074.754
5324,40,255,780.925,1074.750
5325,84,255,1300.274,1077.405
5326,54,255,1499.593,1074.130
5327,24,255,109.792,1074.917
5328,53,255,194.028,1076.972
5329,54,255,263.685,1075.926
5330,62,255,1474.355,1076.290
5331,99,255,1587.439,1078.601
5332,42,255,100.667,1076.095
5333,58,255,141.500,1077.121
5334,46,255,324.652,1076.674
5335,51,255,461.441,1077.598
5336,70,255,479.371,1077.229
5337,141,255,664.060,1078.528
5338,47,255,706.649,1076.394
5339,47,255,961.947,1076.436
5340,44,255,1039.818,1076.250
5341,35,255,1407.386,1075.986
5342,57,255,1424.658,1076.851
5343,42,255,23.929,1077.310
5344,81,255,495.747,1078.228
5345,61,255,525.648,1077.221
5346,56,255,882.696,1079.036
5347,38,255,1083.237,1077.974
5348,105,255,682.071,1081.719
5349,45,255,1148.944,1079.656
5350,21,255,1360.167,1078.643
5351,28,255,1366.821,1078.929
5352,55,255,55.682,1079.755
5353,52,255,903.846,1080.404
5354,42,255,14.429,1080.929
5355,24,255,1454.167,1080.250
5356,71,255,84.866,1083.655
5357,57,255,751.149,1083.939
5358,51,255,930.775,1082.539
5359,53,255,1044.500,1082.896
5360,52,255,1233.750,1083.500
5361,101,255,1275.946,1085.708
5362,41,255,274.110,1082.524
5363,70,255,1080.486,1084.829
5364,48,255,1415.958,1083.854
5365,42,255,1484.167,1083.571
5366,40,255,1539.500,1083.300
5367,52,255,43.558,1084.788
5368,26,255,95.269,1083.577
5369,38,255,225.816,1083.632
5370,55,255,868.827,1084.555
5371,55,255,980.773,1084.682
5372,34,255,1337.676,1084.265
5373,32,255,71.000,1084.312
5374,47,255,393.691,1085.564
5375,52,255,479.462,1085.269
5376,38,255,572.895,1085.789
5377,60,255,848.383,1085.150
5378,47,255,1118.606,1086.351
5379,53,255,1463.217,1086.142
5380,33,255,466.318,1086.773
5381,104,255,553.240,1087.904
5382,76,255,1393.579,1088.303
5383,51,255,1524.520,1087.029
5384,24,255,1564.542,1085.208
5385,43,255,1574.709,1087.547
5386,109,255,61.142,1091.445
5387,96,255,538.375,1090.135
5388,32,255,652.219,1087.156
5389,20,255,757.200,1086.600
5390,56,255,940.571,1087.554
5391,65,255,115.685,1089.023
5392,20,255,314.600,1087.050
5393,59,255,1358.517,1090.534
5394,104,255,1550.538,1091.606
5395,53,255,32.425,1089.368
5396,62,255,141.677,1090.387
5397,38,255,305.105,1088.579
5398,41,255,446.841,1088.793
5399,29,255,901.948,1089.086
5400,47,255,1183.479,1090.330
5401,57,255,1443.254,1090.465
5402,58,255,1507.241,1090.000
5403,43,255,182.895,1090.826
5404,64,255,274.953,1090.703
5405,31,255,614.242,1090.306
5406,43,255,913.198,1089.802
5407,46,255,1057.174,1091.130
5408,83,255,424.813,1092.572
5409,66,255,622.561,1093.273
5410,69,255,671.283,1091.543
5411,38,255,765.553,1092.421
5412,91,255,861.852,1093.335
5413,29,255,1205.672,1091.155
5414,74,255,1302.743,1091.811
5415,55,255,1374.555,1093.082
5416,41,255,230.183,1092.159
5417,32,255,412.875,1092.562
5418,40,255,457.150,1093.750
5419,43,255,659.314,1092.849
5420,94,255,1168.106,1095.277
5421,38,255,1476.500,1091.868
5422,29,255,47.362,1093.259
5423,45,255,104.278,1094.211
5424,78,255,962.359,1094.308
5425,50,255,1228.420,1093.520
5426,41,255,1324.427,1093.866
5427,69,255,1489.413,1095.891
5428,48,255,241.521,1096.146
5429,39,255,251.962,1093.808
5430,43,255,439.593,1094.779
5431,71,255,511.063,1094.782
5432,47,255,636.926,1094.479
5433,38,255,712.026,1094.474
5434,21,255,1414.500,1093.500
5435,40,255,84.350,1094.825
5436,25,255,924.100,1094.460
5437,31,255,405.500,1096.500
5438,43,255,644.407,1097.198
5439,47,255,164.840,1097.287
5440,62,255,316.258,1097.452
5441,56,255,813.857,1097.554
5442,33,255,939.348,1097.288
5443,33,255,1273.955,1097.227
5444,24,255,38.042,1097.750
5445,27,255,354.167,1097.944
5446,53,255,781.745,1097.689
5447,33,255,977.561,1097.742
5448,31,255,1142.758,1097.919
5449,34,255,1450.471,1098.206
5450,22,255,29.500,1098.500
5451,23,255,1045.370,1098.065
5452,20,255,1408.050,1098.400
5453,41,255,1515.402,1098.110
5454,26,255,376.231,1098.885
