 ,Area,Mean,X,Y
1,64,255,691.953,5.781
2,89,255,978.051,7.174
3,36,255,718.389,5.167
4,47,255,738.011,10.500
5,95,255,902.079,10.184
6,38,255,919.289,8.342
7,139,255,961.766,12.371
8,73,255,1017.527,8.733
9,79,255,1031.272,10.918
10,163,255,584.328,15.733
11,97,255,627.387,12.510
12,23,255,989.152,8.587
13,56,255,666.607,10.054
14,66,255,729.864,11.894
15,178,255,883.646,14.624
16,74,255,682.338,12.270
17,65,255,1070.762,13.177
18,77,255,1004.435,13.552
19,102,255,1048.892,14.814
20,62,255,657.565,14.919
21,25,255,1078.380,13.100
22,27,255,1397.426,13.093
23,67,255,520.321,15.604
24,25,255,644.380,14.020
25,108,255,719.509,17.472
26,198,255,784.778,19.253
27,27,255,607.241,16.537
28,176,255,830.676,21.483
29,153,255,1129.141,20.585
30,80,255,459.812,21.938
31,164,255,541.335,20.957
32,133,255,940.410,21.011
33,60,255,972.433,19.500
34,105,255,1170.062,20.586
35,83,255,700.693,21.151
36,41,255,738.037,19.646
37,39,255,809.731,18.885
38,75,255,843.033,21.500
39,154,255,855.747,24.500
40,40,255,1024.050,19.400
41,48,255,1058.208,19.604
42,39,255,449.295,20.192
43,45,255,481.700,20.478
44,94,255,670.745,22.128
45,55,255,1078.936,20.955
46,166,255,1182.018,26.373
47,80,255,526.087,23.050
48,58,255,912.155,21.690
49,85,255,1106.606,22.088
50,28,255,1223.357,20.929
51,28,255,1404.214,21.143
52,98,255,427.663,23.847
53,86,255,489.547,28.081
54,40,255,617.725,23.725
55,74,255,689.554,24.000
56,37,255,865.635,23.635
57,89,255,1155.354,24.758
58,168,255,504.137,27.440
59,188,255,557.670,29.532
60,111,255,601.095,25.446
61,36,255,1235.778,23.722
62,84,255,373.119,26.893
63,36,255,1301.833,24.583
64,99,255,926.187,28.278
65,43,255,1091.453,26.151
66,74,255,476.730,28.716
67,103,255,1142.238,30.675
68,33,255,1247.379,26.470
69,71,255,388.697,30.303
70,80,255,398.788,29.925
71,144,255,805.778,31.736
72,91,255,1214.082,31.071
73,62,255,1225.403,31.258
74,73,255,416.952,30.404
75,114,255,446.947,32.640
76,38,255,576.342,29.658
77,50,255,903.600,29.460
78,48,255,1015.062,29.542
79,70,255,356.914,31.357
80,58,255,979.586,31.966
81,28,255,992.464,29.571
82,61,255,1407.156,32.730
83,53,255,519.066,34.085
84,59,255,791.602,34.314
85,39,255,872.167,33.449
86,22,255,1100.091,31.273
87,31,255,1193.242,31.919
88,69,255,1368.659,32.543
89,23,255,1395.543,31.761
90,45,255,321.656,34.567
91,97,255,530.036,36.840
92,44,255,879.659,34.977
93,32,255,1155.688,33.406
94,89,255,462.253,36.972
95,143,255,891.563,42.066
96,52,255,1315.538,35.558
97,20,255,1341.200,34.450
98,38,255,1353.684,34.289
99,21,255,584.357,35.500
100,50,255,822.820,37.940
101,42,255,847.095,36.667
102,51,255,1073.794,37.382
103,39,255,1332.218,35.962
104,69,255,297.732,38.196
105,35,255,767.414,36.814
106,69,255,1088.413,39.486
107,91,255,1241.137,41.731
108,73,255,1291.719,38.760
109,57,255,1375.798,38.202
110,116,255,753.776,42.207
111,99,255,1199.682,40.470
112,24,255,477.958,39.542
113,42,255,546.786,40.571
114,24,255,587.958,40.292
115,107,255,1039.659,44.379
116,66,255,1418.742,41.167
117,133,255,355.086,43.192
118,71,255,371.838,43.007
119,42,255,383.333,42.333
120,88,255,1390.841,45.761
121,66,255,1020.379,45.227
122,57,255,1532.342,46.377
123,119,255,275.584,49.609
124,34,255,307.500,45.000
125,47,255,867.053,46.415
126,65,255,1143.685,46.223
127,61,255,939.730,46.975
128,24,255,1053.542,45.792
129,45,255,1233.722,47.300
130,71,255,1473.725,48.387
131,45,255,1058.900,49.811
132,56,255,1452.661,49.250
133,72,255,262.639,49.861
134,46,255,317.804,48.761
135,42,255,468.000,48.500
136,67,255,1070.918,49.694
137,38,255,1297.053,48.447
138,53,255,1336.877,48.519
139,73,255,294.555,50.281
140,68,255,344.279,50.382
141,69,255,393.804,50.297
142,74,255,1553.135,51.351
143,38,255,1575.921,49.289
144,88,255,1406.818,53.477
145,131,255,1427.202,54.469
146,41,255,1441.549,50.524
147,133,255,245.132,55.733
148,60,255,649.017,53.300
149,57,255,1367.254,54.026
150,68,255,1485.000,53.529
151,35,255,1524.129,52.414
152,50,255,1539.040,53.640
153,40,255,624.275,54.575
154,54,255,1165.981,54.111
155,70,255,1466.157,55.700
156,97,255,155.314,58.716
157,29,255,1134.845,54.224
158,55,255,443.900,56.700
159,67,255,886.515,57.306
160,39,255,1567.936,55.603
161,106,255,174.283,57.283
162,40,255,224.725,57.250
163,103,255,234.985,60.141
164,38,255,424.579,57.053
165,36,255,542.056,58.417
166,64,255,602.359,58.656
167,35,255,894.500,56.729
168,38,255,1290.053,56.816
169,41,255,1561.720,58.476
170,57,255,1583.114,57.833
171,60,255,996.183,58.817
172,80,255,1445.750,58.938
173,110,255,189.873,60.327
174,27,255,676.944,57.278
175,27,255,961.907,57.426
176,73,255,1355.884,60.390
177,145,255,1494.810,63.169
178,118,255,131.297,61.703
179,36,255,782.000,59.944
180,50,255,1090.700,59.220
181,42,255,285.190,60.738
182,71,255,403.951,63.641
183,62,255,474.645,61.468
184,84,255,749.821,63.786
185,67,255,1374.500,61.052
186,37,255,1413.635,60.932
187,57,255,578.465,62.851
188,117,255,1525.423,62.756
189,24,255,1542.417,60.250
190,29,255,1551.707,61.534
191,26,255,1202.962,62.192
192,71,255,373.021,65.542
193,29,255,733.879,62.052
194,50,255,962.240,65.180
195,56,255,1010.821,66.821
196,20,255,1052.400,63.550
197,101,255,1513.262,67.510
198,70,255,167.014,65.871
199,49,255,308.357,65.847
200,52,255,341.269,65.731
201,43,255,1475.291,65.337
202,58,255,144.914,67.672
203,147,255,399.337,74.071
204,92,255,211.641,69.359
205,52,255,487.846,68.692
206,48,255,783.021,67.479
207,22,255,896.591,66.591
208,105,255,119.710,70.852
209,60,255,461.433,70.283
210,23,255,589.500,67.500
211,53,255,629.274,70.047
212,61,255,643.844,69.402
213,58,255,1541.914,70.603
214,127,255,68.791,74.177
215,58,255,1070.534,70.569
216,214,255,102.061,77.696
217,34,255,134.588,70.765
218,52,255,263.692,71.442
219,56,255,355.661,72.839
220,54,255,506.944,71.519
221,46,255,996.565,72.674
222,35,255,1198.071,71.443
223,55,255,826.973,74.627
224,71,255,84.246,73.923
225,33,255,190.439,73.833
226,38,255,200.421,73.447
227,29,255,312.017,73.052
228,94,255,730.777,75.064
229,28,255,837.464,72.893
230,71,255,891.725,75.486
231,46,255,977.283,74.217
232,88,255,153.909,76.330
233,30,255,1050.900,74.000
234,71,255,1368.303,77.077
235,45,255,34.678,75.122
236,63,255,129.944,77.151
237,47,255,276.202,75.330
238,33,255,587.924,75.591
239,22,255,620.500,74.636
240,53,255,920.632,77.217
241,43,255,1167.267,76.128
242,36,255,27.250,76.583
243,96,255,174.604,78.469
244,27,255,759.426,76.648
245,42,255,1109.643,78.310
246,46,255,1312.500,79.630
247,121,255,13.120,82.351
248,32,255,186.781,79.688
249,46,255,241.022,80.152
250,21,255,324.119,78.214
251,56,255,483.875,81.071
252,30,255,868.300,79.800
253,42,255,1124.214,78.619
254,35,255,1278.243,79.700
255,38,255,1404.947,78.947
256,37,255,1447.959,78.932
257,33,255,615.076,80.045
258,33,255,1285.924,80.470
259,41,255,85.207,82.134
260,23,255,578.761,81.457
261,58,255,1558.966,81.776
262,22,255,794.591,81.591
263,46,255,1187.522,82.783
264,66,255,1579.773,82.500
265,50,255,364.680,84.120
266,26,255,549.692,82.692
267,24,255,770.042,85.458
268,46,255,1199.239,85.565
269,40,255,1353.000,86.600
270,37,255,456.284,86.257
271,65,255,937.546,88.669
272,43,255,1133.523,86.384
273,51,255,1241.676,87.304
274,24,255,511.708,87.833
275,85,255,637.724,89.488
276,32,255,1486.000,88.000
277,31,255,264.500,88.661
278,69,255,331.022,91.051
279,28,255,1361.786,88.964
280,26,255,728.654,89.538
281,34,255,65.912,91.676
282,58,255,839.655,92.983
283,30,255,1591.500,91.000
284,202,255,16.470,98.861
285,34,255,507.176,92.765
286,68,255,808.103,94.632
287,60,255,3.783,94.100
288,32,255,384.938,94.562
289,58,255,473.603,96.207
290,68,255,566.441,95.529
291,58,255,1147.466,94.793
292,45,255,1275.078,96.167
293,37,255,1296.932,93.932
294,45,255,1317.256,95.211
295,97,255,31.892,96.830
296,38,255,1533.737,95.553
297,54,255,258.870,96.315
298,26,255,463.538,96.385
299,52,255,898.385,97.558
300,47,255,1555.117,98.436
301,49,255,392.316,99.398
302,38,255,540.868,98.526
303,31,255,1476.984,99.113
304,114,255,821.833,101.807
305,43,255,1115.244,99.500
306,22,255,907.955,99.364
307,36,255,922.722,99.944
308,69,255,1028.167,103.181
309,53,255,1046.972,101.632
310,60,255,274.683,102.317
311,63,255,556.929,104.389
312,32,255,986.000,102.375
313,49,255,1103.827,102.398
314,21,255,1597.738,100.690
315,26,255,129.962,101.654
316,43,255,932.267,104.384
317,108,255,1251.648,106.991
318,96,255,1265.667,106.542
319,49,255,1425.255,103.092
320,50,255,2.900,105.580
321,23,255,143.326,103.500
322,63,255,976.516,106.786
323,65,255,1232.962,106.715
324,54,255,56.463,107.833
325,33,255,540.924,105.924
326,27,255,1459.056,106.093
327,21,255,1506.738,105.833
328,65,255,796.254,109.346
329,47,255,891.734,108.266
330,76,255,1167.961,108.250
331,29,255,1312.328,106.603
332,43,255,109.151,109.174
333,42,255,1527.095,108.357
334,45,255,565.678,110.811
335,24,255,1572.625,109.167
336,57,255,786.798,111.851
337,77,255,902.227,110.994
338,23,255,1124.152,109.543
339,29,255,1180.466,109.810
340,49,255,619.806,111.969
341,43,255,998.988,111.942
342,28,255,146.643,111.964
343,52,255,282.962,112.250
344,26,255,1095.192,111.192
345,49,255,262.990,113.786
346,41,255,340.305,113.866
347,27,255,821.426,112.315
348,101,255,1120.837,117.550
349,52,255,1556.788,113.981
350,101,255,125.738,118.540
351,24,255,196.000,116.125
352,48,255,485.625,115.875
353,77,255,1377.032,118.604
354,78,255,90.410,119.231
355,21,255,162.310,115.357
356,102,255,394.520,119.343
357,22,255,1490.455,116.091
358,84,255,380.714,118.643
359,59,255,433.195,119.619
360,70,255,849.657,118.571
361,68,255,875.824,117.265
362,30,255,1597.467,118.833
363,49,255,1435.194,118.949
364,22,255,750.818,118.455
365,28,255,776.679,119.286
366,27,255,821.944,119.093
367,48,255,889.125,119.688
368,20,255,1100.050,118.700
369,46,255,144.826,120.457
370,53,255,358.179,120.613
371,100,255,1152.920,121.810
372,37,255,1353.662,120.311
373,29,255,904.500,121.776
374,72,255,1033.486,122.514
375,63,255,1056.659,123.246
376,31,255,323.016,121.887
377,29,255,473.431,124.086
378,38,255,1446.763,122.026
379,35,255,676.614,122.814
380,29,255,1329.190,122.879
381,57,255,991.535,125.219
382,118,255,1144.449,129.424
383,57,255,305.061,125.816
384,60,255,1101.800,126.133
385,65,255,769.285,126.885
386,100,255,1250.210,127.990
387,43,255,289.616,127.616
388,89,255,400.848,130.511
389,43,255,541.035,127.430
390,53,255,570.632,127.406
391,25,255,725.180,126.700
392,53,255,825.500,127.500
393,46,255,888.717,128.739
394,77,255,1235.045,128.604
395,97,255,487.675,131.974
396,114,255,791.868,131.377
397,72,255,1196.292,130.181
398,21,255,106.929,128.262
399,49,255,144.929,130.439
400,66,255,969.727,131.727
401,96,255,1424.802,134.323
402,44,255,28.432,131.455
403,128,255,413.547,135.477
404,20,255,1068.100,130.550
405,55,255,1156.536,132.500
406,62,255,1360.548,132.984
407,93,255,377.790,134.855
408,124,255,613.242,135.427
409,30,255,899.767,134.367
410,59,255,924.127,133.263
411,74,255,1369.041,134.959
412,44,255,219.114,133.591
413,24,255,327.083,132.792
414,69,255,837.645,134.457
415,140,255,1171.521,137.886
416,48,255,1416.250,134.104
417,184,255,733.478,137.511
418,61,255,747.238,136.746
419,54,255,1274.593,135.889
420,39,255,317.141,135.449
421,53,255,552.292,135.896
422,93,255,592.747,137.919
423,35,255,863.043,136.186
424,56,255,989.821,135.286
425,151,255,1218.215,141.321
426,21,255,1323.690,135.119
427,43,255,270.244,137.360
428,57,255,257.588,138.623
429,54,255,756.315,139.370
430,59,255,783.331,138.958
431,62,255,1028.323,137.984
432,42,255,1566.738,138.905
433,48,255,107.333,137.958
434,74,255,975.608,141.081
435,56,255,1036.732,140.054
436,88,255,1132.920,138.523
437,42,255,1521.024,138.095
438,51,255,815.539,139.990
439,137,255,872.624,145.157
440,53,255,954.330,140.311
441,47,255,577.543,140.798
442,68,255,630.853,141.485
443,30,255,890.833,140.300
444,140,255,1236.921,144.357
445,20,255,23.350,141.200
446,43,255,225.244,143.547
447,51,255,477.500,143.225
448,102,255,666.176,142.980
449,56,255,921.714,141.393
450,63,255,995.722,141.690
451,24,255,1007.708,140.375
452,93,255,1383.823,143.392
453,46,255,392.326,143.435
454,120,255,425.450,145.708
455,38,255,1082.368,142.974
456,30,255,536.400,143.933
457,105,255,1123.386,146.367
458,84,255,1265.964,145.619
459,60,255,507.800,147.183
460,71,255,1361.585,145.669
461,55,255,1502.791,144.900
462,76,255,1577.500,144.868
463,49,255,359.867,147.010
464,76,255,794.500,146.513
465,104,255,947.154,148.163
466,171,255,1012.108,150.219
467,40,255,1094.975,145.350
468,56,255,45.321,148.518
469,21,255,115.595,145.929
470,62,255,860.726,148.161
471,31,255,900.887,147.081
472,120,255,1146.117,148.608
473,66,255,197.591,147.379
474,60,255,1399.217,148.217
475,143,255,1543.857,153.066
476,25,255,1562.500,147.180
477,54,255,179.926,149.778
478,200,255,400.025,155.120
479,57,255,987.237,149.167
480,47,255,1195.202,149.798
481,84,255,1525.452,150.524
482,138,255,653.384,153.471
483,65,255,843.269,151.131
484,64,255,281.938,151.625
485,61,255,367.959,151.730
486,26,255,490.692,150.500
487,112,255,562.107,154.134
488,72,255,766.097,151.222
489,127,255,821.106,152.728
490,31,255,150.081,150.758
491,126,255,596.127,154.135
492,69,255,627.906,153.442
493,29,255,895.086,151.224
494,82,255,1033.671,153.305
495,33,255,215.045,151.591
496,59,255,321.500,153.924
497,48,255,297.979,153.604
498,64,255,673.469,154.656
499,83,255,1282.633,156.078
500,48,255,474.667,155.312
501,102,255,1371.373,156.647
502,143,255,1435.374,158.787
503,62,255,135.081,156.274
504,43,255,787.802,155.128
505,121,255,880.079,161.062
506,40,255,1085.950,154.775
507,74,255,1095.365,157.324
508,45,255,1478.922,156.589
509,67,255,1512.993,155.754
510,93,255,742.339,159.726
511,60,255,799.967,157.517
512,33,255,1466.076,156.894
513,51,255,335.186,157.539
514,73,255,1162.897,157.897
515,63,255,1389.357,158.214
516,88,255,1405.341,160.989
517,63,255,159.214,160.357
518,51,255,533.029,158.892
519,109,255,962.656,160.298
520,86,255,1061.407,160.709
521,79,255,1214.222,160.386
522,80,255,1580.763,160.825
523,24,255,581.500,159.292
524,50,255,975.740,160.520
525,83,255,1245.343,162.114
526,42,255,40.762,161.452
527,53,255,387.160,161.934
528,135,255,488.463,164.063
529,35,255,502.957,160.414
530,45,255,615.011,160.922
531,59,255,809.754,161.941
532,31,255,830.919,160.565
533,23,255,889.413,160.109
534,89,255,1140.410,162.376
535,59,255,1257.737,161.653
536,81,255,1296.117,162.117
537,56,255,1356.804,162.375
538,72,255,417.750,162.042
539,33,255,769.318,160.439
540,64,255,913.359,161.562
541,78,255,1044.013,163.308
542,52,255,175.365,164.385
543,35,255,377.186,162.500
544,26,255,899.808,161.731
545,38,255,1013.816,162.474
546,104,255,1116.163,164.558
547,69,255,1335.978,162.833
548,103,255,1418.481,165.966
549,79,255,1561.209,163.399
550,39,255,348.321,163.731
551,58,255,841.931,164.397
552,96,255,857.281,165.677
553,49,255,575.765,165.357
554,22,255,528.636,164.500
555,109,255,672.069,168.812
556,93,255,1172.339,168.844
557,47,255,1348.883,166.500
558,74,255,1472.392,166.432
559,57,255,29.746,167.658
560,110,255,942.127,168.018
561,36,255,1181.167,167.389
562,55,255,306.718,167.645
563,41,255,334.476,167.720
564,76,255,433.092,168.118
565,157,255,457.729,172.736
566,139,255,695.183,170.032
567,64,255,1265.984,169.109
568,75,255,1317.353,168.540
569,69,255,1542.355,169.254
570,65,255,615.977,169.654
571,79,255,786.728,170.399
572,55,255,247.845,169.755
573,24,255,265.375,169.667
574,94,255,344.638,172.798
575,49,255,410.276,169.990
576,43,255,656.314,170.360
577,66,255,723.364,170.364
578,85,255,761.100,170.700
579,80,255,1038.900,171.725
580,59,255,473.347,171.161
581,90,255,535.456,173.311
582,127,255,558.232,172.295
583,115,255,636.883,173.596
584,77,255,777.214,172.864
585,42,255,1055.262,170.357
586,37,255,368.878,171.743
587,63,255,1072.024,172.389
588,82,255,1392.720,173.878
589,66,255,295.803,173.530
590,36,255,379.556,172.167
591,38,255,422.395,172.974
592,81,255,520.438,174.006
593,35,255,592.129,172.386
594,94,255,806.064,174.117
595,101,255,1213.441,175.183
596,80,255,1381.150,174.588
597,20,255,1459.750,172.200
598,87,255,129.052,178.190
599,79,255,240.513,177.399
600,75,255,276.433,174.713
601,87,255,360.672,175.672
602,35,255,605.757,173.014
603,72,255,711.653,176.333
604,34,255,847.000,173.794
605,58,255,873.000,174.500
606,95,255,1013.195,175.416
607,54,255,1139.000,173.796
608,36,255,1356.833,173.611
609,75,255,144.180,177.140
610,58,255,746.845,174.793
611,45,255,1247.078,174.500
612,54,255,1532.111,175.315
613,86,255,51.767,178.058
614,31,255,889.790,174.790
615,137,255,1131.033,181.412
616,60,255,1190.833,176.217
617,37,255,954.257,175.770
618,22,255,1255.409,175.545
619,67,255,1274.604,176.784
620,150,255,1323.613,179.960
621,121,255,1343.459,181.227
622,71,255,1579.458,177.148
623,101,255,391.203,180.520
624,45,255,440.989,177.922
625,52,255,547.308,178.596
626,145,255,593.576,182.728
627,72,255,862.611,179.208
628,100,255,973.450,179.730
629,166,255,199.723,182.723
630,35,255,502.871,178.271
631,53,255,510.840,179.425
632,54,255,684.981,179.333
633,54,255,926.222,179.019
634,58,255,1025.052,179.345
635,43,255,1063.500,179.500
636,48,255,1117.583,179.104
637,141,255,1513.493,182.301
638,83,255,1552.127,180.404
639,83,255,160.151,180.813
640,58,255,412.966,180.155
641,21,255,429.881,178.500
642,53,255,1053.557,179.934
643,42,255,1404.333,179.286
644,153,255,1488.781,184.886
645,82,255,656.768,182.488
646,89,255,738.961,183.489
647,27,255,906.019,179.833
648,93,255,1157.145,182.919
649,121,255,1364.930,185.244
650,29,255,1436.259,180.190
651,102,255,1446.029,183.235
652,41,255,1468.817,179.378
653,41,255,223.378,181.524
654,61,255,631.861,182.516
655,39,255,839.603,182.885
656,29,255,1538.741,180.983
657,27,255,375.130,180.981
658,48,255,477.646,182.750
659,33,255,620.258,182.076
660,78,255,955.705,184.641
661,93,255,610.274,185.124
662,110,255,671.236,186.845
663,67,255,800.828,184.052
664,50,255,849.380,184.260
665,87,255,937.971,185.144
666,56,255,1102.679,184.589
667,32,255,88.156,183.938
668,53,255,533.594,184.934
669,40,255,699.600,185.500
670,63,255,722.167,185.008
671,96,255,1249.271,187.021
672,80,255,1274.550,185.438
673,59,255,277.500,186.297
674,23,255,753.457,185.370
675,82,255,1428.976,188.024
676,80,255,1590.650,187.662
677,21,255,215.119,184.976
678,84,255,494.214,187.929
679,60,255,709.283,187.517
680,96,255,1222.656,187.979
681,110,255,1298.391,188.982
682,194,255,1393.314,192.892
683,211,255,437.865,193.979
684,83,255,453.958,189.596
685,118,255,885.000,189.144
686,24,255,1001.708,186.750
687,74,255,1041.703,188.162
688,71,255,1175.669,191.035
689,27,255,1196.685,187.463
690,46,255,1207.587,188.478
691,65,255,1236.577,189.315
692,53,255,1353.123,189.632
693,38,255,420.711,188.421
694,37,255,517.716,189.716
695,57,255,924.991,189.623
696,20,255,1011.050,187.400
697,48,255,1029.771,188.583
698,100,255,1072.750,191.050
699,98,255,1527.092,192.582
700,62,255,78.452,191.016
701,62,255,363.419,190.403
702,82,255,544.000,191.634
703,92,255,577.696,192.685
704,109,255,823.537,195.050
705,53,255,975.179,189.632
706,62,255,1461.419,189.694
707,50,255,174.600,191.560
708,57,255,186.553,190.763
709,35,255,246.471,189.786
710,47,255,335.670,190.947
711,75,255,344.753,192.007
712,43,255,505.500,190.872
713,100,255,777.450,191.530
714,66,255,1185.364,191.485
715,80,255,1419.612,193.175
716,86,255,1480.314,193.453
717,53,255,297.368,192.142
718,63,255,413.659,192.754
719,77,255,856.201,194.448
720,77,255,1114.773,192.617
721,62,255,1538.565,193.113
722,65,255,268.715,194.546
723,48,255,400.812,195.208
724,113,255,836.146,195.252
725,95,255,1087.363,194.795
726,85,255,1319.700,194.888
727,81,255,470.685,194.846
728,86,255,691.605,195.314
729,48,255,210.208,194.542
730,41,255,389.427,194.573
731,32,255,903.344,193.875
732,57,255,911.798,195.395
733,74,255,934.676,195.973
734,31,255,34.952,195.081
735,72,255,222.542,196.639
736,91,255,309.566,196.940
737,72,255,487.694,197.444
738,54,255,636.944,195.926
739,76,255,124.118,198.013
740,35,255,664.900,196.014
741,63,255,736.659,197.579
742,67,255,967.858,198.127
743,175,255,987.951,201.134
744,104,255,1304.952,199.481
745,58,255,1330.741,197.707
746,130,255,1497.838,200.623
747,93,255,1023.597,199.812
748,84,255,1511.988,199.250
749,31,255,244.758,198.306
750,91,255,524.852,200.698
751,80,255,595.112,200.275
752,92,255,651.609,201.946
753,82,255,870.524,201.841
754,54,255,947.111,199.074
755,58,255,1206.793,199.655
756,22,255,1247.227,197.682
757,66,255,1287.500,200.242
758,63,255,94.405,200.421
759,68,255,137.853,200.544
760,71,255,160.049,201.063
761,137,255,284.120,205.515
762,28,255,511.536,198.286
763,25,255,613.500,198.740
764,100,255,626.270,202.210
765,62,255,791.806,200.758
766,46,255,1361.391,200.478
767,83,255,25.982,202.078
768,112,255,379.875,201.973
769,60,255,563.650,202.350
770,32,255,811.875,200.344
771,106,255,1096.557,202.934
772,85,255,1402.065,205.676
773,25,255,1565.380,199.620
774,87,255,360.695,203.408
775,50,255,800.400,202.680
776,79,255,1575.715,202.639
777,63,255,114.024,203.913
778,57,255,168.816,203.061
779,69,255,297.428,203.341
780,74,255,555.959,204.797
781,68,255,712.824,203.088
782,48,255,884.062,202.562
783,74,255,1003.392,203.514
784,103,255,1269.092,204.723
785,62,255,206.290,203.903
786,31,255,253.242,202.855
787,55,255,684.482,204.136
788,56,255,1081.089,205.054
789,110,255,1121.691,204.655
790,53,255,1191.708,203.896
791,83,255,1471.331,205.861
792,83,255,331.681,205.018
793,94,255,589.394,207.181
794,55,255,615.464,205.991
795,39,255,660.192,204.346
796,61,255,1143.516,204.434
797,33,255,1257.258,204.167
798,28,255,1598.357,205.500
799,36,255,37.889,205.333
800,26,255,181.615,206.308
801,69,255,191.283,206.196
802,47,255,238.649,205.968
803,33,255,862.045,204.985
804,35,255,101.729,206.586
805,122,255,452.516,209.303
806,90,255,490.722,208.856
807,83,255,1430.572,207.247
808,50,255,219.000,208.000
809,22,255,315.182,207.000
810,62,255,344.242,208.484
811,70,255,467.300,208.457
812,133,255,748.914,212.628
813,53,255,768.274,208.462
814,70,255,1134.614,209.329
815,53,255,1290.443,208.538
816,24,255,1379.167,207.208
817,41,255,246.159,208.695
818,91,255,403.709,210.599
819,75,255,702.753,209.593
820,128,255,897.602,212.461
821,69,255,1364.152,209.819
822,22,255,7.818,209.136
823,75,255,132.060,211.020
824,60,255,510.517,210.350
825,70,255,721.371,210.086
826,23,255,878.543,209.239
827,116,255,524.474,211.957
828,36,255,759.139,211.528
829,56,255,794.196,211.411
830,78,255,818.346,212.679
831,66,255,844.121,211.106
832,84,255,956.500,211.512
833,102,255,1161.363,211.716
834,48,255,1182.417,211.896
835,67,255,1198.321,211.679
836,72,255,1253.208,212.542
837,77,255,1520.981,211.786
838,95,255,1558.363,212.132
839,63,255,778.659,212.437
840,39,255,999.064,212.244
841,91,255,1060.962,213.577
842,50,255,1419.720,212.540
843,37,255,76.797,212.095
844,117,255,146.098,215.321
845,40,255,392.275,213.175
846,40,255,833.550,213.325
847,71,255,1208.542,214.261
848,74,255,1371.973,215.554
849,50,255,85.260,214.320
850,77,255,97.110,215.955
851,37,255,123.743,213.743
852,53,255,320.160,213.858
853,80,255,573.913,218.275
854,33,255,923.470,213.379
855,70,255,1038.457,214.214
856,46,255,1579.130,214.370
857,94,255,199.755,217.287
858,38,255,303.316,215.158
859,83,255,603.367,216.669
860,66,255,647.197,215.742
861,48,255,1280.875,215.562
862,116,255,1327.655,218.595
863,50,255,36.760,214.920
864,59,255,366.466,215.907
865,23,255,583.717,215.109
866,27,255,635.204,215.352
867,58,255,672.983,216.259
868,58,255,688.966,216.362
869,58,255,932.224,217.155
870,68,255,1313.000,216.765
871,89,255,331.848,220.680
872,69,255,415.688,217.935
873,62,255,437.694,217.452
874,135,255,545.285,221.611
875,89,255,561.983,218.287
876,70,255,1178.771,220.557
877,81,255,1443.068,218.796
878,132,255,1455.795,220.424
879,50,255,1507.460,217.980
880,71,255,1526.021,218.711
881,77,255,914.695,219.331
882,79,255,1095.867,218.614
883,64,255,1498.234,219.078
884,120,255,13.258,221.875
885,107,255,277.519,219.453
886,35,255,311.443,219.071
887,107,255,659.472,221.659
888,112,255,987.759,221.732
889,74,255,1341.473,220.108
890,76,255,1352.868,220.158
891,98,255,1387.622,219.878
892,127,255,1584.059,221.114
893,52,255,212.115,220.346
894,23,255,233.283,218.283
895,83,255,258.741,222.657
896,53,255,842.349,219.915
897,139,255,1113.198,222.903
898,66,255,53.348,222.000
899,80,255,359.725,223.338
900,74,255,964.784,221.676
901,122,255,1076.541,223.623
902,89,255,1231.860,222.826
903,51,255,381.951,221.873
904,48,255,593.500,222.250
905,65,255,774.223,222.362
906,71,255,808.725,223.049
907,141,255,1423.642,226.230
908,85,255,159.912,224.147
909,95,255,176.047,225.058
910,27,255,827.907,221.574
911,29,255,1032.328,221.603
912,36,255,1148.056,222.278
913,46,255,1292.935,223.543
914,85,255,1480.935,223.806
915,119,255,399.794,226.996
916,168,255,432.571,229.804
917,55,255,891.609,223.918
918,72,255,949.444,224.653
919,21,255,1257.643,222.310
920,64,255,1565.422,223.484
921,131,255,41.050,227.401
922,88,255,122.227,225.375
923,61,255,289.861,225.959
924,50,255,372.000,225.340
925,110,255,471.018,226.218
926,56,255,679.232,224.982
927,60,255,997.067,227.217
928,65,255,1140.100,226.023
929,79,255,1194.804,225.905
930,39,255,1269.423,223.936
931,32,255,148.844,225.781
932,77,255,224.903,226.565
933,128,255,1017.703,227.250
934,87,255,1044.948,226.603
935,32,255,311.219,226.094
936,101,255,692.926,229.084
937,75,255,932.327,227.660
938,64,255,89.297,228.188
939,100,255,102.310,231.180
940,72,255,485.264,229.181
941,61,255,509.434,228.385
942,80,255,749.425,229.675
943,68,255,906.103,228.456
944,72,255,1247.069,230.069
945,91,255,190.995,230.610
946,79,255,211.386,230.133
947,66,255,233.894,229.955
948,133,255,623.530,233.808
949,26,255,1031.808,227.654
950,68,255,1358.206,230.574
951,50,255,30.860,229.980
952,83,255,705.584,232.367
953,83,255,830.090,231.090
954,84,255,1304.429,233.190
955,30,255,1374.433,230.300
956,37,255,1435.500,229.986
957,119,255,1497.761,233.332
958,113,255,870.553,235.934
959,76,255,1344.171,232.816
960,54,255,1386.963,231.815
961,54,255,322.833,232.815
962,113,255,1209.810,234.597
963,58,255,137.776,234.241
964,51,255,245.363,234.755
965,108,255,416.426,236.824
966,44,255,573.523,234.545
967,75,255,771.233,234.953
968,35,255,959.729,232.871
969,60,255,978.583,234.000
970,50,255,1274.460,233.580
971,42,255,1282.095,234.214
972,113,255,1329.509,236.447
973,129,255,1474.446,235.919
974,77,255,1540.227,235.994
975,84,255,115.357,235.607
976,64,255,285.906,234.938
977,58,255,334.552,234.362
978,130,255,637.962,238.731
979,70,255,793.029,236.529
980,39,255,890.449,234.731
981,142,255,1129.254,238.444
982,65,255,1458.777,235.715
983,41,255,1526.939,234.695
984,107,255,1586.379,237.164
985,69,255,4.080,236.645
986,75,255,17.993,236.300
987,32,255,153.438,234.719
988,68,255,177.309,235.691
989,72,255,256.514,237.153
990,54,255,305.704,235.704
991,52,255,480.788,237.000
992,44,255,538.545,235.886
993,26,255,684.269,234.846
994,57,255,936.114,237.711
995,62,255,1108.677,237.306
996,31,255,1236.048,234.435
997,77,255,1294.331,239.539
998,64,255,1317.109,237.422
999,65,255,655.115,237.208
1000,57,255,802.816,237.939
1001,154,255,1059.331,240.188
1002,71,255,1223.880,238.303
1003,51,255,1445.304,238.304
1004,44,255,1514.568,236.295
1005,69,255,370.514,239.065
1006,58,255,514.931,237.914
1007,46,255,604.283,237.957
1008,43,255,815.872,238.035
1009,119,255,844.542,239.113
1010,115,255,585.309,242.952
1011,97,255,757.490,239.892
1012,64,255,908.016,238.688
1013,203,255,1089.293,243.559
1014,80,255,1163.812,240.838
1015,76,255,1264.066,239.263
1016,86,255,1565.384,241.814
1017,37,255,1597.689,240.176
1018,64,255,315.125,240.953
1019,83,255,494.765,241.440
1020,81,255,467.019,242.315
1021,53,255,860.594,241.123
1022,56,255,949.054,240.964
1023,131,255,1003.599,245.607
1024,76,255,1118.224,243.013
1025,138,255,1179.174,245.819
1026,47,255,1203.245,241.074
1027,41,255,531.744,243.500
1028,31,255,594.629,241.661
1029,71,255,880.641,244.092
1030,130,255,1389.285,242.500
1031,68,255,1409.721,242.338
1032,74,255,1555.716,244.000
1033,65,255,87.423,243.654
1034,72,255,192.250,243.278
1035,63,255,541.151,245.040
1036,68,255,560.853,243.162
1037,51,255,713.971,242.735
1038,73,255,921.664,244.267
1039,35,255,987.071,242.757
1040,48,255,1037.250,242.562
1041,24,255,1149.167,241.792
1042,46,255,1351.478,242.152
1043,67,255,728.291,245.724
1044,84,255,782.286,244.750
1045,47,255,1014.564,243.798
1046,50,255,1321.020,245.240
1047,51,255,33.382,244.088
1048,47,255,46.628,245.096
1049,81,255,58.241,246.253
1050,54,255,298.907,244.778
1051,30,255,406.933,244.967
1052,28,255,524.393,244.536
1053,33,255,1233.015,244.318
1054,77,255,1369.682,246.461
1055,74,255,1521.054,245.878
1056,92,255,274.978,247.837
1057,68,255,737.779,247.500
1058,49,255,820.520,246.051
1059,77,255,1283.708,247.383
1060,53,255,78.406,247.726
1061,71,255,143.641,247.190
1062,105,255,156.662,249.195
1063,73,255,214.089,249.048
1064,68,255,234.897,247.706
1065,46,255,287.304,246.609
1066,67,255,351.873,247.560
1067,65,255,430.423,247.377
1068,41,255,702.378,246.061
1069,63,255,833.389,247.563
1070,53,255,1139.632,246.764
1071,40,255,1157.175,246.875
1072,20,255,1439.150,246.200
1073,81,255,1529.710,249.093
1074,89,255,16.949,248.522
1075,34,255,101.206,247.235
1076,108,255,340.000,251.722
1077,107,255,615.350,250.893
1078,105,255,665.386,249.919
1079,76,255,1242.868,249.868
1080,85,255,1472.194,249.100
1081,90,255,385.811,250.278
1082,124,255,499.355,252.645
1083,69,255,991.268,249.775
1084,27,255,1497.389,248.426
1085,57,255,363.219,250.465
1086,93,255,771.349,251.661
1087,38,255,1272.211,249.842
1088,155,255,690.210,255.203
1089,95,255,719.479,255.353
1090,60,255,67.333,252.200
1091,129,255,1035.461,255.407
1092,99,255,1589.914,254.258
1093,69,255,130.819,253.529
1094,65,255,222.162,253.808
1095,68,255,954.824,253.221
1096,140,255,1505.064,257.564
1097,64,255,857.641,254.484
1098,51,255,902.598,254.265
1099,128,255,1221.672,256.664
1100,45,255,1261.233,254.611
1101,128,255,1344.031,256.750
1102,38,255,1417.526,253.447
1103,28,255,1.821,255.214
1104,75,255,183.020,256.047
1105,85,255,408.147,257.759
1106,73,255,520.089,256.527
1107,144,255,558.764,258.285
1108,96,255,594.042,257.917
1109,56,255,921.446,255.446
1110,35,255,1130.157,253.786
1111,121,255,259.351,257.574
1112,51,255,314.088,255.598
1113,78,255,818.487,255.667
1114,104,255,1049.356,258.760
1115,36,255,1365.861,255.417
1116,136,255,472.735,261.331
1117,81,255,1081.772,257.833
1118,61,255,1150.926,256.992
1119,50,255,1332.280,257.080
1120,77,255,1398.474,258.500
1121,161,255,1556.102,261.748
1122,76,255,358.961,259.197
1123,88,255,940.159,259.977
1124,74,255,1315.122,259.095
1125,46,255,236.130,258.522
1126,57,255,436.377,259.342
1127,50,255,739.940,259.360
1128,72,255,1491.153,259.903
1129,86,255,100.198,262.314
1130,33,255,610.258,258.803
1131,70,255,980.643,261.086
1132,83,255,1099.898,261.982
1133,45,255,1189.367,259.833
1134,70,255,1267.600,260.829
1135,87,255,1424.615,260.649
1136,67,255,122.410,261.590
1137,160,255,170.319,264.038
1138,76,255,286.053,262.618
1139,42,255,417.071,261.524
1140,90,255,991.244,262.889
1141,82,255,1127.085,261.915
1142,129,255,1173.523,262.469
1143,53,255,1302.085,260.821
1144,39,255,1324.782,261.577
1145,61,255,488.139,263.270
1146,63,255,1058.976,263.341
1147,69,255,1356.935,263.384
1148,49,255,33.643,262.949
1149,74,255,51.919,264.311
1150,129,255,379.275,266.872
1151,59,255,428.754,263.415
1152,50,255,452.000,263.220
1153,135,255,635.530,265.781
1154,111,255,676.581,265.419
1155,61,255,849.828,263.713
1156,102,255,1140.578,265.225
1157,48,255,1370.250,262.042
1158,77,255,1531.786,264.331
1159,88,255,148.580,266.216
1160,58,255,309.103,264.310
1161,70,255,576.657,264.614
1162,79,255,836.006,267.158
1163,101,255,954.599,264.926
1164,80,255,1006.475,265.562
1165,74,255,205.297,266.811
1166,81,255,782.710,267.414
1167,35,255,890.071,264.557
1168,58,255,391.466,266.983
1169,40,255,501.775,266.000
1170,124,255,729.879,269.363
1171,72,255,1449.014,267.042
1172,66,255,3.939,267.379
1173,25,255,342.620,264.940
1174,66,255,748.485,267.167
1175,41,255,794.671,267.329
1176,112,255,1203.768,269.018
1177,85,255,1430.747,268.724
1178,34,255,1568.912,266.706
1179,44,255,617.636,268.182
1180,60,255,773.133,268.750
1181,123,255,902.134,271.947
1182,74,255,1592.203,268.365
1183,54,255,42.019,270.500
1184,56,255,195.857,269.536
1185,31,255,408.855,267.952
1186,61,255,515.516,269.680
1187,130,255,1077.615,272.223
1188,57,255,1256.272,268.693
1189,36,255,1411.611,268.389
1190,62,255,1479.935,270.355
1191,60,255,88.967,270.783
1192,75,255,264.607,270.727
1193,45,255,602.211,269.144
1194,22,255,1236.818,269.682
1195,56,255,1311.589,269.804
1196,81,255,541.241,272.599
1197,72,255,658.972,271.569
1198,33,255,717.712,270.045
1199,62,255,1107.339,271.177
1200,91,255,1400.797,272.357
1201,84,255,76.810,272.476
1202,70,255,298.629,272.086
1203,61,255,1380.057,272.549
1204,93,255,26.328,275.145
1205,58,255,138.552,273.690
1206,47,255,625.670,273.755
1207,114,255,878.544,275.254
1208,69,255,1272.442,274.297
1209,47,255,1363.947,272.947
1210,47,255,1469.628,273.798
1211,66,255,95.864,275.985
1212,123,255,240.850,277.037
1213,53,255,335.557,275.047
1214,92,255,450.674,274.196
1215,52,255,553.846,274.327
1216,66,255,825.924,275.788
1217,52,255,851.173,273.538
1218,127,255,224.807,279.650
1219,25,255,348.060,273.420
1220,69,255,1034.384,275.804
1221,108,255,1503.630,276.824
1222,36,255,306.944,277.861
1223,93,255,567.887,278.134
1224,130,255,585.315,279.592
1225,112,255,646.357,281.830
1226,45,255,970.189,276.078
1227,96,255,1173.573,279.188
1228,72,255,1583.917,276.542
1229,48,255,938.812,277.750
1230,45,255,1572.256,277.700
1231,64,255,13.141,278.781
1232,65,255,127.977,280.254
1233,151,255,685.447,282.480
1234,42,255,715.595,278.452
1235,85,255,803.300,279.641
1236,56,255,817.018,277.893
1237,126,255,894.937,282.500
1238,91,255,1156.610,280.291
1239,44,255,1183.000,278.341
1240,109,255,1304.628,281.463
1241,122,255,1532.066,278.721
1242,41,255,604.524,277.720
1243,93,255,747.263,280.844
1244,56,255,792.804,278.661
1245,47,255,914.394,278.649
1246,90,255,322.678,280.122
1247,89,255,465.657,281.174
1248,74,255,516.838,281.189
1249,51,255,841.931,279.971
1250,67,255,1053.037,280.321
1251,161,255,1125.699,284.140
1252,20,255,1373.000,279.200
1253,70,255,48.300,281.843
1254,27,255,158.981,280.389
1255,87,255,262.764,281.592
1256,69,255,932.254,282.428
1257,67,255,1108.769,280.888
1258,87,255,1140.580,281.764
1259,64,255,1233.922,280.578
1260,57,255,1284.658,280.886
1261,82,255,195.732,283.561
1262,65,255,369.515,282.377
1263,73,255,391.966,282.692
1264,64,255,672.156,283.000
1265,54,255,1008.185,282.981
1266,54,255,1415.519,281.944
1267,22,255,34.591,281.409
1268,67,255,206.291,283.470
1269,27,255,252.278,282.796
1270,53,255,434.934,283.877
1271,67,255,447.321,282.828
1272,66,255,488.227,283.485
1273,39,255,658.372,282.372
1274,118,255,1086.288,285.847
1275,29,255,1383.741,282.500
1276,93,255,1447.027,283.941
1277,72,255,1470.944,284.542
1278,94,255,1555.457,284.819
1279,51,255,1578.363,283.520
1280,34,255,1589.618,283.206
1281,66,255,613.348,284.848
1282,128,255,1344.273,287.367
1283,67,255,274.918,286.172
1284,82,255,288.829,285.939
1285,47,255,705.713,284.585
1286,63,255,778.484,285.262
1287,54,255,850.759,285.593
1288,64,255,872.328,285.594
1289,88,255,1245.080,286.648
1290,47,255,133.351,286.734
1291,27,255,340.463,284.759
1292,43,255,695.942,286.919
1293,81,255,996.895,286.735
1294,56,255,1063.946,285.893
1295,147,255,112.724,291.065
1296,55,255,314.318,287.664
1297,53,255,1034.217,287.443
1298,73,255,1224.788,287.705
1299,72,255,1268.764,287.625
1300,70,255,1392.257,289.343
1301,73,255,1423.404,288.541
1302,38,255,161.868,288.053
1303,25,255,964.740,287.020
1304,108,255,1180.407,290.269
1305,83,255,1513.042,289.849
1306,47,255,79.074,288.585
1307,53,255,152.274,288.594
1308,27,255,328.241,288.204
1309,70,255,919.414,290.386
1310,52,255,1017.942,289.000
1311,37,255,1312.932,289.068
1312,64,255,1400.891,289.609
1313,103,255,1458.762,292.364
1314,87,255,1482.649,291.741
1315,36,255,503.556,289.694
1316,46,255,634.913,289.783
1317,87,255,954.236,291.960
1318,83,255,589.753,293.886
1319,66,255,713.636,292.000
1320,69,255,1092.572,292.659
1321,49,255,1285.051,290.888
1322,77,255,1359.812,291.643
1323,55,255,52.791,291.955
1324,93,255,410.091,293.457
1325,63,255,470.151,292.738
1326,70,255,521.586,292.386
1327,51,255,599.382,293.441
1328,85,255,1047.700,292.641
1329,36,255,1212.722,291.833
1330,68,255,1570.397,292.882
1331,106,255,300.434,294.708
1332,39,255,372.833,292.756
1333,47,255,485.032,292.926
1334,29,255,532.707,292.810
1335,48,255,548.125,292.938
1336,77,255,751.760,294.253
1337,167,255,1105.722,299.057
1338,72,255,1333.000,294.583
1339,60,255,1499.500,293.817
1340,104,255,71.894,296.519
1341,44,255,254.545,293.568
1342,94,255,345.500,294.574
1343,67,255,365.664,295.754
1344,73,255,425.473,294.226
1345,52,255,567.923,293.115
1346,64,255,662.719,294.672
1347,50,255,848.720,293.260
1348,71,255,928.768,295.754
1349,73,255,1439.048,293.938
1350,30,255,142.467,293.900
1351,64,255,606.391,296.250
1352,106,255,824.557,298.028
1353,42,255,1382.905,295.262
1354,132,255,32.765,297.038
1355,64,255,184.562,296.531
1356,21,255,246.548,294.881
1357,64,255,560.734,297.516
1358,67,255,866.724,296.649
1359,74,255,1155.081,296.635
1360,32,255,1519.781,296.125
1361,75,255,1543.260,299.340
1362,55,255,101.955,297.555
1363,92,255,160.011,299.391
1364,80,255,207.900,298.725
1365,66,255,395.227,297.636
1366,37,255,540.257,297.932
1367,92,255,635.380,298.424
1368,83,255,767.657,299.416
1369,108,255,1000.981,300.019
1370,53,255,1235.538,297.557
1371,34,255,147.941,299.647
1372,58,255,358.000,299.759
1373,59,255,687.873,299.992
1374,137,255,1295.661,302.931
1375,41,255,123.915,300.305
1376,46,255,330.130,299.500
1377,89,255,967.163,301.185
1378,49,255,1066.949,299.439
1379,56,255,1593.054,299.679
1380,70,255,447.443,301.929
1381,142,255,474.345,307.873
1382,60,255,578.533,301.600
1383,69,255,700.543,302.442
1384,65,255,1349.700,301.608
1385,61,255,1495.238,301.402
1386,116,255,1528.905,303.069
1387,47,255,1550.500,301.628
1388,58,255,290.862,302.862
1389,43,255,709.826,301.942
1390,56,255,735.732,302.107
1391,111,255,1202.392,305.599
1392,31,255,1280.790,301.565
1393,81,255,227.858,304.623
1394,156,255,789.724,305.949
1395,55,255,1165.664,302.827
1396,56,255,1450.679,303.196
1397,58,255,324.483,305.276
1398,55,255,489.136,303.955
1399,135,255,508.307,305.263
1400,116,255,527.078,307.164
1401,143,255,984.017,305.801
1402,126,255,1269.937,307.413
1403,63,255,1375.135,303.452
1404,42,255,243.190,305.167
1405,63,255,803.627,305.706
1406,61,255,1024.172,305.270
1407,60,255,1361.517,305.083
1408,139,255,1397.975,307.335
1409,86,255,1481.337,306.872
1410,59,255,1504.059,305.347
1411,56,255,1581.946,306.161
1412,77,255,187.734,306.214
1413,35,255,901.529,305.329
1414,53,255,941.764,307.085
1415,20,255,1189.450,304.750
1416,87,255,16.305,308.730
1417,55,255,54.082,307.009
1418,96,255,254.177,309.219
1419,55,255,626.391,307.755
1420,94,255,777.170,311.436
1421,64,255,915.953,308.344
1422,86,255,342.116,310.256
1423,67,255,440.560,309.112
1424,49,255,618.561,307.806
1425,29,255,838.397,307.017
1426,146,255,889.096,311.678
1427,113,255,1058.934,310.173
1428,50,255,1123.640,307.520
1429,118,255,1317.500,308.915
1430,135,255,306.419,314.589
1431,42,255,315.881,310.738
1432,113,255,674.066,310.571
1433,78,255,96.000,310.500
1434,122,255,653.287,313.238
1435,85,255,1034.147,310.771
1436,92,255,1424.620,310.685
1437,33,255,1548.076,309.258
1438,55,255,174.264,311.355
1439,87,255,203.511,313.339
1440,57,255,584.535,310.763
1441,49,255,952.112,311.398
1442,50,255,1181.980,311.260
1443,84,255,374.155,313.893
1444,72,255,460.458,312.764
1445,27,255,694.944,311.019
1446,54,255,818.815,312.537
1447,49,255,826.276,311.806
1448,90,255,1226.056,312.933
1449,82,255,1242.463,313.841
1450,45,255,398.744,312.944
1451,128,255,542.109,314.203
1452,44,255,687.614,312.795
1453,43,255,717.616,312.616
1454,34,255,854.588,313.176
1455,147,255,1092.636,314.003
1456,56,255,160.929,314.321
1457,99,255,737.146,317.288
1458,96,255,869.771,316.823
1459,39,255,907.295,313.269
1460,57,255,925.570,313.868
1461,45,255,1072.211,313.411
1462,111,255,1564.554,314.626
1463,144,255,56.389,317.285
1464,107,255,75.939,316.369
1465,65,255,290.977,316.177
1466,142,255,426.577,318.993
1467,59,255,704.212,315.653
1468,21,255,802.167,313.643
1469,64,255,845.672,316.547
1470,41,255,1188.817,315.012
1471,33,255,1364.197,314.894
1472,55,255,234.827,315.809
1473,87,255,280.948,318.891
1474,82,255,363.878,318.756
1475,71,255,622.669,317.204
1476,84,255,1013.821,317.464
1477,71,255,1110.725,316.359
1478,39,255,222.115,317.090
1479,68,255,328.294,317.926
1480,110,255,411.127,319.127
1481,39,255,605.603,316.808
1482,20,255,728.350,317.000
1483,75,255,755.380,317.860
1484,73,255,1339.062,318.747
1485,85,255,1527.712,318.041
1486,49,255,191.173,317.541
1487,68,255,211.897,319.515
1488,179,255,967.880,322.461
1489,114,255,1131.561,319.526
1490,52,255,1402.404,317.923
1491,57,255,1002.658,319.781
1492,51,255,1554.265,319.265
1493,82,255,1595.854,321.220
1494,150,255,121.527,326.787
1495,31,255,390.661,319.242
1496,133,255,499.154,323.244
1497,48,255,832.979,319.958
1498,53,255,1080.575,320.613
1499,118,255,1351.602,322.237
1500,58,255,1380.259,321.224
1501,41,255,1465.500,319.646
1502,76,255,137.197,322.158
1503,44,255,597.432,320.545
1504,179,255,638.595,324.271
1505,48,255,686.083,321.500
1506,70,255,1054.400,321.414
1507,80,255,1211.062,322.512
1508,156,255,1277.744,323.378
1509,48,255,2.250,323.312
1510,68,255,20.338,322.574
1511,174,255,260.259,324.931
1512,130,255,449.377,323.638
1513,51,255,1445.716,322.304
1514,68,255,227.191,323.735
1515,32,255,695.844,322.125
1516,56,255,1312.714,324.036
1517,83,255,1370.404,325.910
1518,67,255,158.799,323.545
1519,24,255,660.375,322.958
1520,123,255,990.028,326.996
1521,138,255,1478.130,325.522
1522,86,255,823.465,326.174
1523,51,255,882.500,324.500
1524,158,255,906.639,329.968
1525,85,255,928.476,325.641
1526,71,255,1116.542,326.176
1527,66,255,1324.000,326.288
1528,95,255,1454.647,326.826
1529,81,255,1502.549,326.364
1530,36,255,147.111,325.639
1531,125,255,192.988,327.516
1532,59,255,395.703,327.093
1533,23,255,559.196,324.761
1534,106,255,1172.858,327.585
1535,55,255,1236.791,326.464
1536,26,255,9.615,326.346
1537,50,255,608.060,326.320
1538,57,255,772.254,326.851
1539,79,255,1301.411,328.487
1540,37,255,317.959,328.095
1541,116,255,528.267,329.776
1542,94,255,839.936,328.181
1543,58,255,1244.914,327.655
1544,60,255,463.750,330.083
1545,55,255,479.573,329.082
1546,77,255,1103.994,329.500
1547,72,255,1262.847,329.000
1548,145,255,1577.872,331.928
1549,52,255,46.442,329.885
1550,103,255,89.937,333.403
1551,42,255,244.810,329.571
1552,39,255,416.090,329.500
1553,69,255,785.399,331.152
1554,75,255,940.033,331.193
1555,114,255,1032.281,331.965
1556,69,255,1148.529,330.645
1557,70,255,100.657,332.114
1558,61,255,918.582,331.877
1559,44,255,1337.591,330.977
1560,57,255,165.149,332.202
1561,89,255,288.747,332.556
1562,117,255,336.167,335.739
1563,69,255,430.399,332.775
1564,50,255,1137.740,332.920
1565,31,255,1161.113,331.887
1566,92,255,1553.576,332.902
1567,99,255,180.106,334.288
1568,42,255,695.476,332.310
1569,98,255,751.469,335.786
1570,85,255,895.935,336.312
1571,59,255,1405.534,333.059
1572,138,255,1421.406,335.174
1573,72,255,351.778,334.750
1574,37,255,408.149,333.878
1575,43,255,647.593,334.337
1576,80,255,720.175,334.837
1577,55,255,1190.355,334.045
1578,105,255,1217.367,336.995
1579,63,255,1495.706,334.373
1580,80,255,152.213,336.775
1581,120,255,274.608,339.100
1582,104,255,857.769,336.048
1583,100,255,31.880,340.060
1584,32,255,376.875,335.344
1585,125,255,563.164,339.060
1586,73,255,579.664,336.103
1587,53,255,613.066,336.028
1588,48,255,1019.354,335.500
1589,47,255,1069.628,335.415
1590,73,255,1528.130,336.623
1591,56,255,308.000,337.357
1592,56,255,363.446,337.839
1593,72,255,442.403,338.333
1594,60,255,657.383,337.550
1595,45,255,819.811,336.433
1596,127,255,971.791,340.744
1597,41,255,1180.598,336.598
1598,166,255,1368.181,341.096
1599,80,255,7.088,339.575
1600,73,255,224.075,338.719
1601,75,255,240.753,339.140
1602,21,255,498.881,336.167
1603,58,255,1286.190,338.069
1604,51,255,1443.755,338.147
1605,35,255,52.929,338.586
1606,41,255,251.866,339.061
1607,77,255,595.253,339.409
1608,139,255,781.975,341.888
1609,55,255,838.045,338.845
1610,36,255,1080.528,338.806
1611,61,255,1096.975,338.943
1612,51,255,1252.794,338.206
1613,49,255,1272.847,338.847
1614,84,255,668.750,340.321
1615,194,255,802.186,344.247
1616,41,255,1159.866,339.915
1617,60,255,1204.450,340.350
1618,76,255,1385.408,341.092
1619,50,255,1515.260,339.300
1620,64,255,76.547,342.062
1621,71,255,298.415,342.486
1622,67,255,370.619,343.052
1623,144,255,1051.451,345.021
1624,82,255,1233.476,341.390
1625,57,255,111.272,342.430
1626,68,255,461.382,342.588
1627,35,255,543.329,341.471
1628,29,255,699.362,341.190
1629,46,255,1111.717,342.000
1630,141,255,1340.862,346.082
1631,61,255,1407.303,342.811
1632,116,255,61.172,345.474
1633,150,255,129.807,346.860
1634,50,255,603.580,343.600
1635,65,255,994.315,343.838
1636,55,255,1015.936,342.900
1637,72,255,1168.306,344.764
1638,69,255,550.355,346.355
1639,57,255,629.412,344.307
1640,50,255,728.180,344.340
1641,21,255,829.643,342.833
1642,64,255,915.844,344.422
1643,54,255,285.907,345.667
1644,73,255,938.952,345.541
1645,49,255,1006.071,344.561
1646,100,255,1317.140,346.130
1647,43,255,1542.198,345.314
1648,48,255,215.458,345.604
1649,53,255,232.500,346.387
1650,154,255,504.396,349.578
1651,95,255,1480.037,346.689
1652,66,255,1552.818,346.561
1653,51,255,1596.755,346.049
1654,59,255,582.042,346.686
1655,57,255,397.377,348.114
1656,37,255,692.959,347.905
1657,42,255,704.595,348.286
1658,128,255,1185.688,350.352
1659,61,255,1429.336,348.648
1660,61,255,1444.205,349.205
1661,24,255,17.083,348.333
1662,108,255,195.463,351.889
1663,49,255,307.378,348.622
1664,95,255,533.763,351.311
1665,35,255,754.843,347.729
1666,122,255,762.443,353.844
1667,96,255,881.875,352.760
1668,68,255,1068.103,349.000
1669,51,255,1082.206,349.382
1670,62,255,1251.806,348.710
1671,35,255,1577.443,348.100
1672,32,255,8.156,348.938
1673,70,255,160.986,351.286
1674,46,255,386.674,349.870
1675,93,255,713.070,353.909
1676,109,255,1029.078,354.454
1677,104,255,1101.769,353.577
1678,63,255,1516.103,349.421
1679,62,255,1531.242,350.097
1680,58,255,1562.741,350.017
1681,137,255,341.449,354.033
1682,31,255,359.629,350.177
1683,68,255,464.559,351.294
1684,85,255,682.147,352.571
1685,66,255,38.379,353.318
1686,75,255,835.287,353.447
1687,109,255,956.124,354.390
1688,56,255,1206.214,351.929
1689,67,255,1415.530,353.187
1690,72,255,326.486,354.431
1691,42,255,478.286,353.405
1692,34,255,486.000,352.500
1693,29,255,520.534,352.707
1694,71,255,621.148,353.401
1695,42,255,651.786,352.357
1696,79,255,742.690,353.019
1697,33,255,892.167,352.439
1698,83,255,977.657,354.247
1699,77,255,1115.929,353.097
1700,66,255,1275.455,353.348
1701,39,255,1294.474,354.013
1702,44,255,1453.318,352.977
1703,116,255,1466.543,355.422
1704,99,255,268.854,356.066
1705,108,255,821.926,355.500
1706,102,255,1155.598,355.333
1707,100,255,1265.640,355.160
1708,70,255,1305.500,354.171
1709,125,255,102.668,356.628
1710,66,255,144.515,355.758
1711,103,255,181.257,358.112
1712,41,255,256.963,354.744
1713,52,255,312.115,354.885
1714,96,255,425.896,356.646
1715,130,255,445.969,358.008
1716,156,255,590.545,360.276
1717,64,255,602.656,356.312
1718,68,255,661.985,355.868
1719,77,255,859.929,355.513
1720,76,255,947.053,357.289
1721,71,255,1130.627,355.528
1722,115,255,370.996,358.961
1723,93,255,635.532,356.629
1724,46,255,1196.870,355.891
1725,62,255,1377.935,357.032
1726,79,255,72.361,358.133
1727,42,255,381.333,357.738
1728,60,255,572.500,358.150
1729,67,255,930.187,357.604
1730,73,255,1597.089,358.856
1731,48,255,47.625,358.333
1732,72,255,169.597,359.375
1733,81,255,208.759,359.932
1734,90,255,400.689,359.656
1735,63,255,919.421,358.913
1736,56,255,1490.750,358.464
1737,68,255,137.441,361.426
1738,74,255,902.230,359.527
1739,50,255,1240.660,359.980
1740,65,255,507.915,361.177
1741,23,255,732.674,358.935
1742,53,255,806.066,360.047
1743,41,255,1048.500,360.061
1744,76,255,1221.579,360.895
1745,56,255,1396.464,360.321
1746,22,255,1139.545,359.909
1747,72,255,1252.458,361.292
1748,74,255,1386.500,362.608
1749,46,255,1440.848,360.435
1750,102,255,1499.324,363.167
1751,74,255,1540.608,361.068
1752,61,255,530.451,361.943
1753,39,255,647.603,361.013
1754,91,255,865.852,363.126
1755,45,255,1117.589,361.300
1756,44,255,1149.614,361.841
1757,60,255,1430.233,362.767
1758,101,255,229.292,364.510
1759,47,255,260.011,363.160
1760,119,255,1354.609,364.113
1761,62,255,1410.274,363.468
1762,139,255,28.766,367.651
1763,48,255,354.125,364.083
1764,122,255,548.910,366.631
1765,51,255,705.892,364.284
1766,90,255,724.478,366.989
1767,31,255,1326.887,363.371
1768,98,255,1586.561,365.082
1769,93,255,124.973,367.425
1770,26,255,410.385,363.808
1771,77,255,1040.994,366.539
1772,58,255,1188.483,365.397
1773,62,255,41.629,367.032
1774,50,255,319.660,365.840
1775,150,255,493.487,370.253
1776,30,255,604.367,365.633
1777,37,255,1571.743,365.203
1778,85,255,624.253,368.124
1779,145,255,742.576,368.500
1780,81,255,994.957,367.414
1781,51,255,1014.735,367.873
1782,89,255,1077.579,367.612
1783,33,255,17.955,368.621
1784,66,255,214.212,369.106
1785,62,255,561.952,368.452
1786,110,255,784.745,370.755
1787,66,255,826.227,368.652
1788,78,255,851.679,368.628
1789,65,255,913.408,369.208
1790,57,255,982.395,368.061
1791,22,255,1024.500,367.000
1792,52,255,1421.577,368.500
1793,55,255,1562.936,368.045
1794,94,255,9.149,373.064
1795,157,255,242.627,374.933
1796,53,255,804.934,368.972
1797,53,255,893.349,370.179
1798,45,255,927.589,369.056
1799,88,255,1055.034,370.011
1800,78,255,1313.077,369.885
1801,134,255,1513.515,372.082
1802,61,255,280.533,371.008
1803,55,255,755.864,370.900
1804,58,255,954.897,369.879
1805,41,255,1467.378,369.476
1806,88,255,93.750,371.284
1807,32,255,164.906,370.594
1808,106,255,1095.802,371.142
1809,74,255,1175.378,371.554
1810,134,255,1289.858,372.478
1811,80,255,411.163,374.012
1812,117,255,444.321,374.321
1813,74,255,462.541,372.162
1814,62,255,816.226,373.306
1815,35,255,942.557,370.757
1816,133,255,1377.906,376.989
1817,67,255,290.813,374.187
1818,45,255,336.300,373.300
1819,59,255,432.805,373.331
1820,65,255,901.485,373.577
1821,38,255,1196.895,372.211
1822,134,255,1258.463,376.082
1823,51,255,148.794,373.775
1824,37,255,522.527,373.662
1825,50,255,1407.880,373.600
1826,74,255,1442.838,375.473
1827,98,255,580.204,376.939
1828,65,255,765.069,375.269
1829,69,255,882.587,376.268
1830,65,255,1222.454,375.192
1831,41,255,1241.646,373.671
1832,80,255,1335.775,376.837
1833,51,255,1593.088,375.735
1834,37,255,114.851,376.365
1835,43,255,133.965,374.849
1836,52,255,566.942,378.346
1837,29,255,794.052,374.914
1838,144,255,1133.118,379.771
1839,30,255,1323.400,375.800
1840,43,255,1473.849,376.221
1841,118,255,1579.619,377.949
1842,63,255,58.690,376.770
1843,29,255,345.845,376.362
1844,34,255,646.676,376.265
1845,107,255,700.369,378.416
1846,65,255,829.269,376.854
1847,94,255,935.426,378.362
1848,70,255,1089.914,378.071
1849,82,255,1274.451,377.915
1850,93,255,1429.909,378.726
1851,84,255,312.881,380.286
1852,74,255,682.203,378.365
1853,59,255,1186.127,379.008
1854,134,255,77.716,380.888
1855,146,255,381.021,383.178
1856,79,255,1020.222,380.778
1857,60,255,1451.350,379.650
1858,54,255,160.093,379.870
1859,26,255,392.308,379.269
1860,58,255,531.500,380.000
1861,98,255,606.510,380.704
1862,123,255,717.541,382.150
1863,61,255,972.057,380.156
1864,156,255,1302.673,384.353
1865,31,255,324.403,380.145
1866,32,255,657.875,379.844
1867,123,255,991.768,382.687
1868,56,255,1396.893,381.107
1869,64,255,22.594,382.547
1870,86,255,94.326,382.942
1871,61,255,505.189,382.418
1872,66,255,1244.742,382.591
1873,100,255,1469.310,383.710
1874,68,255,259.985,383.838
1875,74,255,627.054,383.676
1876,126,255,740.833,384.294
1877,111,255,1155.194,385.383
1878,57,255,197.974,384.465
1879,57,255,361.974,384.377
1880,50,255,647.840,383.580
1881,57,255,860.132,383.974
1882,99,255,1223.551,384.914
1883,47,255,148.947,384.691
1884,88,255,178.693,385.841
1885,79,255,332.399,386.829
1886,82,255,352.061,386.524
1887,63,255,786.246,384.786
1888,60,255,1049.767,384.800
1889,74,255,1062.392,386.176
1890,82,255,1076.366,385.878
1891,102,255,1195.049,387.529
1892,50,255,166.060,386.220
1893,96,255,413.990,387.927
1894,68,255,1105.103,386.206
1895,72,255,1527.000,386.250
1896,48,255,125.958,387.104
1897,43,255,249.616,387.058
1898,65,255,617.992,388.177
1899,54,255,766.093,386.926
1900,82,255,870.134,387.951
1901,105,255,1030.014,390.252
1902,80,255,1546.362,387.387
1903,39,255,36.192,387.295
1904,97,255,65.820,390.851
1905,65,255,402.192,388.762
1906,66,255,488.182,389.348
1907,39,255,754.808,388.551
1908,54,255,1006.167,388.259
1909,38,255,1170.263,386.921
1910,111,255,228.320,393.149
1911,100,255,461.990,391.530
1912,87,255,554.603,389.431
1913,31,255,775.823,388.629
1914,74,255,980.635,389.541
1915,77,255,1393.955,389.279
1916,77,255,1490.500,389.578
1917,38,255,103.658,389.553
1918,43,255,444.407,389.384
1919,44,255,574.295,389.614
1920,78,255,660.077,390.487
1921,65,255,691.131,390.269
1922,57,255,45.395,391.167
1923,57,255,188.518,392.640
1924,67,255,267.993,391.724
1925,115,255,822.465,392.839
1926,65,255,530.254,392.315
1927,59,255,963.585,391.025
1928,60,255,1248.783,391.333
1929,129,255,1320.872,393.585
1930,118,255,1373.144,395.059
1931,37,255,1458.149,391.608
1932,103,255,1561.277,392.898
1933,68,255,14.412,393.662
1934,28,255,605.714,391.321
1935,24,255,855.167,391.917
1936,96,255,950.115,395.448
1937,89,255,1123.197,394.556
1938,60,255,1142.867,392.983
1939,112,255,1206.518,393.973
1940,32,255,1381.438,392.406
1941,77,255,1420.903,393.292
1942,39,255,1501.346,392.526
1943,53,255,317.500,394.047
1944,89,255,517.253,395.185
1945,83,255,626.042,394.343
1946,42,255,839.690,393.833
1947,83,255,1350.187,394.669
1948,70,255,28.800,396.057
1949,102,255,81.735,396.961
1950,59,255,145.195,396.110
1951,88,255,216.898,395.761
1952,65,255,593.162,395.531
1953,39,255,1175.782,394.295
1954,20,255,1517.650,394.200
1955,89,255,51.511,398.747
1956,43,255,197.244,395.802
1957,63,255,293.056,396.675
1958,70,255,741.443,396.471
1959,43,255,847.570,396.430
1960,71,255,883.697,397.359
1961,33,255,894.742,395.409
1962,91,255,923.522,397.467
1963,55,255,369.955,397.155
1964,113,255,1280.907,399.261
1965,69,255,1338.486,397.833
1966,55,255,1475.027,397.045
1967,81,255,114.586,399.574
1968,72,255,306.181,398.028
1969,91,255,458.148,399.852
1970,62,255,647.565,398.468
1971,63,255,783.421,396.897
1972,60,255,914.667,399.000
1973,56,255,1075.518,397.946
1974,65,255,1183.623,398.546
1975,26,255,1452.192,397.231
1976,100,255,98.970,399.980
1977,58,255,155.017,399.603
1978,71,255,250.979,399.683
1979,49,255,579.031,399.316
1980,60,255,1005.000,398.633
1981,25,255,1510.540,397.900
1982,52,255,764.385,399.846
1983,64,255,800.969,400.688
1984,37,255,863.527,399.122
1985,49,255,1499.663,399.929
1986,62,255,168.242,401.468
1987,95,255,601.700,403.321
1988,25,255,704.460,400.340
1989,86,255,939.023,402.535
1990,62,255,1055.516,402.323
1991,62,255,1217.839,402.177
1992,53,255,1593.764,400.538
1993,69,255,381.051,402.283
1994,24,255,487.375,401.292
1995,109,255,501.344,402.656
1996,107,255,562.715,403.650
1997,127,255,719.043,402.587
1998,58,255,1244.224,401.828
1999,69,255,673.746,405.964
2000,101,255,812.965,406.183
2001,31,255,827.919,402.274
2002,31,255,1305.371,401.823
2003,30,255,1523.467,402.133
2004,155,255,1539.461,406.526
2005,22,255,68.500,401.909
2006,93,255,266.285,405.027
2007,23,255,551.717,402.891
2008,44,255,751.500,403.477
2009,82,255,961.829,404.890
2010,48,255,1065.688,403.938
2011,60,255,1169.450,403.450
2012,116,255,1462.802,405.233
2013,81,255,1486.599,404.660
2014,73,255,41.979,406.445
2015,131,255,350.302,407.011
2016,145,255,476.548,410.666
2017,74,255,839.716,406.284
2018,143,255,1097.969,408.395
2019,69,255,1255.978,406.181
2020,108,255,13.213,407.454
2021,26,255,631.231,407.038
2022,64,255,768.125,407.094
2023,72,255,990.333,405.861
2024,79,255,1297.335,408.386
2025,78,255,1310.769,407.051
2026,51,255,1347.971,406.245
2027,120,255,1384.917,407.708
2028,68,255,1417.338,407.029
2029,87,255,1569.902,407.649
2030,32,255,510.000,406.594
2031,61,255,586.779,407.369
2032,58,255,1041.931,407.138
2033,104,255,1229.231,410.067
2034,63,255,134.579,409.500
2035,25,255,338.540,407.100
2036,54,255,790.574,407.463
2037,44,255,1282.136,407.136
2038,73,255,1435.993,408.514
2039,67,255,253.067,409.500
2040,40,255,545.300,409.450
2041,65,255,683.085,410.300
2042,57,255,1029.167,408.746
2043,59,255,1238.890,409.907
2044,73,255,224.103,409.760
2045,40,255,295.325,409.450
2046,39,255,534.782,409.346
2047,21,255,828.500,408.500
2048,67,255,639.619,412.172
2049,70,255,655.457,411.514
2050,55,255,846.682,411.536
2051,82,255,925.049,410.817
2052,69,255,1117.572,411.601
2053,55,255,86.591,412.936
2054,53,255,95.292,412.670
2055,69,255,237.558,413.065
2056,35,255,278.443,410.929
2057,51,255,386.833,412.402
2058,60,255,429.817,412.283
2059,155,255,1009.442,414.642
2060,93,255,1135.167,412.177
2061,71,255,1596.669,413.866
2062,90,255,615.311,414.600
2063,51,255,699.814,412.225
2064,62,255,743.194,413.677
2065,70,255,860.586,412.986
2066,55,255,1174.536,413.300
2067,73,255,1332.952,413.541
2068,50,255,1396.300,413.640
2069,57,255,1428.553,413.693
2070,112,255,1449.420,416.830
2071,28,255,35.786,413.786
2072,148,255,192.608,419.723
2073,38,255,374.289,413.289
2074,46,255,726.217,413.522
2075,48,255,2.479,416.167
2076,69,255,410.978,415.891
2077,42,255,966.452,414.238
2078,59,255,1561.703,415.381
2079,56,255,177.125,415.929
2080,28,255,302.714,414.893
2081,70,255,1065.714,416.014
2082,67,255,1269.231,416.216
2083,80,255,1415.763,416.850
2084,35,255,327.186,416.329
2085,97,255,492.459,418.902
2086,115,255,530.596,420.135
2087,61,255,564.549,418.156
2088,65,255,754.715,417.392
2089,31,255,807.726,416.306
2090,66,255,877.242,418.015
2091,50,255,1365.800,416.340
2092,55,255,1498.700,417.536
2093,95,255,1583.700,418.774
2094,54,255,25.963,418.778
2095,67,255,337.515,418.978
2096,86,255,575.663,417.872
2097,41,255,663.451,417.207
2098,75,255,796.833,419.433
2099,34,255,78.382,418.706
2100,122,255,124.926,422.566
2101,125,255,205.732,421.692
2102,78,255,271.090,420.038
2103,57,255,285.184,418.640
2104,71,255,379.472,420.937
2105,37,255,595.959,418.419
2106,44,255,1375.114,419.364
2107,75,255,146.687,420.473
2108,158,255,463.747,422.791
2109,64,255,698.047,419.969
2110,46,255,1029.587,419.717
2111,58,255,1079.448,420.448
2112,64,255,1211.188,420.016
2113,23,255,1437.283,419.543
2114,27,255,1491.093,418.426
2115,111,255,1547.824,421.419
2116,51,255,48.696,421.284
2117,98,255,111.214,424.112
2118,68,255,234.147,421.471
2119,32,255,318.188,421.000
2120,54,255,782.222,422.259
2121,103,255,905.840,421.820
2122,57,255,1108.500,421.202
2123,102,255,1282.235,423.627
2124,96,255,1309.354,422.490
2125,59,255,1405.788,421.161
2126,97,255,445.881,423.809
2127,58,255,961.345,422.345
2128,34,255,1188.412,421.676
2129,96,255,404.708,423.906
2130,86,255,711.000,424.686
2131,70,255,771.500,424.829
2132,55,255,1127.900,423.100
2133,123,255,1248.427,424.955
2134,62,255,1342.258,424.274
2135,75,255,11.487,426.167
2136,62,255,300.323,424.177
2137,56,255,920.357,424.250
2138,65,255,1089.377,424.162
2139,64,255,1229.016,424.203
2140,97,255,1506.995,427.438
2141,102,255,349.392,427.275
2142,46,255,420.196,424.935
2143,123,255,513.102,426.679
2144,106,255,670.481,427.726
2145,40,255,812.600,424.950
2146,50,255,868.920,424.720
2147,126,255,1042.278,428.008
2148,35,255,1175.271,424.071
2149,135,255,1475.596,428.381
2150,58,255,486.655,426.379
2151,94,255,636.298,427.319
2152,117,255,991.261,427.372
2153,56,255,1361.857,425.821
2154,54,255,1432.926,426.093
2155,64,255,1516.234,427.859
2156,56,255,81.000,426.911
2157,78,255,247.731,428.064
2158,37,255,327.311,426.149
2159,40,255,615.100,426.250
2160,41,255,935.085,426.354
2161,62,255,1396.000,427.629
2162,51,255,53.833,428.206
2163,71,255,1062.754,428.500
2164,62,255,1137.935,428.629
2165,29,255,1387.155,427.155
2166,80,255,1492.750,429.400
2167,59,255,68.025,429.568
2168,90,255,838.811,430.178
2169,60,255,1024.667,429.467
2170,68,255,361.147,430.015
2171,55,255,857.427,429.482
2172,59,255,1102.483,430.110
2173,55,255,1154.082,429.973
2174,39,255,1201.526,429.141
2175,62,255,37.065,432.194
2176,67,255,266.440,431.500
2177,159,255,551.003,435.991
2178,82,255,651.061,431.988
2179,122,255,741.967,433.500
2180,131,255,800.866,432.508
2181,139,255,946.270,435.277
2182,109,255,1220.794,434.050
2183,59,255,1380.178,432.788
2184,57,255,1558.114,431.447
2185,140,255,374.886,437.350
2186,69,255,416.065,432.529
2187,70,255,429.086,434.014
2188,116,255,888.267,436.422
2189,112,255,977.455,434.580
2190,41,255,1167.793,431.524
2191,50,255,1175.840,431.560
2192,112,255,227.634,434.277
2193,152,255,319.395,435.928
2194,101,255,569.302,434.975
2195,86,255,820.267,433.477
2196,89,255,929.545,433.904
2197,35,255,1330.643,432.357
2198,50,255,175.500,433.000
2199,21,255,1123.690,432.643
2200,36,255,1269.306,433.028
2201,60,255,283.900,434.667
2202,158,255,477.000,439.013
2203,76,255,499.645,435.816
2204,56,255,537.857,435.750
2205,44,255,778.000,435.114
2206,40,255,1341.150,434.075
2207,64,255,1415.297,435.625
2208,57,255,26.465,436.167
2209,88,255,130.170,437.943
2210,52,255,141.500,436.000
2211,42,255,1352.690,434.762
2212,65,255,1567.854,437.300
2213,134,255,155.060,440.552
2214,45,255,306.744,437.722
2215,77,255,700.240,437.526
2216,49,255,1197.480,436.622
2217,43,255,1246.035,436.779
2218,39,255,1433.295,435.474
2219,59,255,1530.297,437.347
2220,69,255,611.254,438.254
2221,48,255,627.250,437.938
2222,46,255,903.609,437.957
2223,35,255,1131.700,437.843
2224,50,255,1588.180,437.480
2225,81,255,583.438,440.599
2226,69,255,714.123,438.326
2227,67,255,858.321,440.097
2228,42,255,2.119,441.238
2229,74,255,640.973,441.595
2230,62,255,837.290,440.113
2231,21,255,1180.929,439.119
2232,76,255,73.566,441.526
2233,63,255,100.849,441.770
2234,46,255,167.630,443.217
2235,32,255,203.500,440.156
2236,44,255,353.636,440.818
2237,74,255,454.446,443.041
2238,89,255,514.107,441.354
2239,49,255,664.276,440.296
2240,111,255,678.788,442.752
2241,35,255,753.586,440.300
2242,31,255,994.403,439.694
2243,26,255,1069.846,439.846
2244,66,255,1144.742,441.348
2245,113,255,1307.969,443.058
2246,74,255,1328.176,441.446
2247,66,255,1514.061,442.394
2248,72,255,1555.542,440.639
2249,21,255,268.976,440.262
2250,67,255,438.903,442.410
2251,37,255,464.554,441.338
2252,56,255,965.679,442.196
2253,51,255,1102.186,441.539
2254,79,255,1115.703,441.842
2255,70,255,774.943,443.157
2256,148,255,1399.324,446.818
2257,108,255,41.343,445.907
2258,40,255,216.000,443.850
2259,41,255,913.622,442.841
2260,55,255,1159.064,444.118
2261,129,255,1378.322,446.694
2262,54,255,1432.574,443.444
2263,46,255,175.304,445.283
2264,62,255,240.677,445.274
2265,49,255,340.235,445.276
2266,24,255,574.625,443.458
2267,34,255,786.941,444.088
2268,49,255,815.378,444.316
2269,24,255,869.750,444.167
2270,37,255,878.284,444.554
2271,62,255,1000.919,446.032
2272,66,255,1418.970,445.545
2273,42,255,88.452,445.095
2274,56,255,417.286,445.518
2275,70,255,1189.671,446.600
2276,44,255,1238.659,444.909
2277,82,255,1364.159,447.402
2278,70,255,1474.829,446.514
2279,56,255,63.071,447.250
2280,112,255,264.339,448.964
2281,62,255,1017.790,446.548
2282,68,255,1274.103,447.515
2283,43,255,194.244,447.640
2284,87,255,285.649,448.787
2285,92,255,461.826,450.141
2286,75,255,602.153,448.540
2287,45,255,655.478,447.144
2288,52,255,722.712,447.385
2289,128,255,803.141,450.453
2290,36,255,1124.194,448.306
2291,76,255,1254.711,449.145
2292,43,255,1588.453,447.058
2293,71,255,370.190,450.387
2294,112,255,391.812,451.152
2295,73,255,750.733,449.719
2296,109,255,945.922,452.528
2297,42,255,1054.619,447.643
2298,60,255,1079.833,449.133
2299,36,255,1522.889,448.444
2300,38,255,1568.421,448.368
2301,76,255,700.697,452.132
2302,36,255,980.889,449.361
2303,77,255,1063.695,451.201
2304,69,255,1167.993,451.051
2305,79,255,1285.994,450.880
2306,63,255,1344.865,449.563
2307,55,255,1533.864,450.209
2308,63,255,207.563,450.849
2309,109,255,230.078,452.711
2310,64,255,436.609,450.984
2311,160,255,499.119,455.700
2312,24,255,1179.375,449.833
2313,42,255,100.357,452.048
2314,40,255,160.675,451.250
2315,53,255,734.632,451.406
2316,63,255,791.167,453.151
2317,29,255,1043.293,450.948
2318,35,255,1103.614,451.529
2319,47,255,1139.947,451.564
2320,58,255,1204.707,452.879
2321,75,255,22.660,453.313
2322,89,255,279.230,457.624
2323,100,255,308.550,455.710
2324,38,255,351.447,452.211
2325,97,255,580.067,454.057
2326,54,255,907.111,453.426
2327,129,255,1449.818,454.756
2328,95,255,1503.784,454.984
2329,42,255,146.833,454.119
2330,44,255,672.932,453.864
2331,43,255,970.523,453.570
2332,78,255,1242.859,455.410
2333,93,255,90.812,456.683
2334,67,255,326.425,454.769
2335,63,255,409.532,455.817
2336,53,255,449.934,455.519
2337,59,255,632.381,455.788
2338,69,255,832.659,454.529
2339,22,255,1012.682,453.727
2340,53,255,1302.292,455.104
2341,53,255,1414.858,455.179
2342,52,255,1492.654,455.327
2343,27,255,1514.611,453.722
2344,45,255,1563.144,454.789
2345,26,255,240.769,454.808
2346,100,255,686.950,459.000
2347,110,255,896.491,458.309
2348,55,255,923.155,455.755
2349,113,255,997.925,457.801
2350,33,255,1026.288,454.591
2351,28,255,1119.286,454.679
2352,40,255,1540.050,455.525
2353,140,255,537.364,459.886
2354,43,255,618.872,456.430
2355,67,255,854.157,457.276
2356,43,255,1430.779,456.384
2357,40,255,1552.000,456.200
2358,62,255,1590.774,456.919
2359,33,255,78.348,459.106
2360,75,255,173.433,458.607
2361,42,255,196.857,456.905
2362,126,255,253.040,460.540
2363,69,255,358.138,458.891
2364,81,255,473.130,458.932
2365,97,255,553.366,458.716
2366,62,255,1184.500,458.081
2367,43,255,1217.919,457.058
2368,73,255,1233.610,458.815
2369,57,255,1261.570,457.588
2370,59,255,1469.805,457.653
2371,45,255,1579.789,457.678
2372,69,255,707.022,460.906
2373,28,255,1314.571,458.250
2374,38,255,1484.763,458.447
2375,72,255,14.625,461.222
2376,48,255,338.833,459.854
2377,104,255,516.125,461.673
2378,147,255,600.160,465.398
2379,58,255,661.328,460.103
2380,61,255,864.877,461.500
2381,30,255,1038.600,458.733
2382,35,255,1109.471,459.329
2383,55,255,185.827,461.300
2384,87,255,217.638,462.810
2385,88,255,643.898,460.659
2386,45,255,718.722,460.256
2387,95,255,1519.121,462.879
2388,84,255,63.119,464.274
2389,59,255,116.788,462.941
2390,29,255,299.466,461.293
2391,27,255,321.907,461.426
2392,138,255,974.645,464.116
2393,111,255,1091.050,462.743
2394,75,255,1148.980,461.660
2395,44,255,390.955,461.932
2396,58,255,673.862,463.190
2397,115,255,738.057,463.596
2398,98,255,1349.500,463.735
2399,51,255,54.284,464.637
2400,57,255,442.465,464.184
2401,65,255,574.069,463.869
2402,60,255,754.967,464.267
2403,70,255,1163.386,464.329
2404,74,255,127.176,466.203
2405,75,255,151.100,466.207
2406,20,255,291.550,462.950
2407,104,255,836.538,468.673
2408,46,255,883.870,465.804
2409,82,255,1276.902,467.293
2410,33,255,613.227,464.955
2411,46,255,925.761,465.435
2412,49,255,1266.684,465.480
2413,113,255,1546.296,468.146
2414,43,255,345.965,466.337
2415,108,255,404.880,469.269
2416,57,255,787.798,467.377
2417,30,255,43.133,467.167
2418,94,255,361.277,468.904
2419,83,255,765.777,469.464
2420,63,255,775.754,468.532
2421,58,255,1176.190,468.603
2422,62,255,1206.145,468.177
2423,67,255,1250.619,469.022
2424,33,255,1362.894,466.682
2425,125,255,1470.676,470.732
2426,113,255,233.836,472.544
2427,63,255,858.516,470.960
2428,33,255,1125.409,467.864
2429,40,255,1315.575,469.225
2430,42,255,1328.595,469.071
2431,45,255,1374.744,468.789
2432,59,255,1488.856,468.653
2433,76,255,272.026,472.895
2434,47,255,466.351,469.564
2435,70,255,528.686,470.871
2436,21,255,682.310,468.643
2437,47,255,744.649,470.053
2438,91,255,1037.610,470.500
2439,44,255,1049.500,469.500
2440,56,255,1500.196,469.929
2441,38,255,1555.237,469.763
2442,89,255,489.669,472.669
2443,49,255,561.010,471.031
2444,111,255,803.131,473.050
2445,36,255,824.639,469.889
2446,36,255,1458.361,469.889
2447,68,255,1569.235,471.853
2448,60,255,25.617,472.667
2449,65,255,282.731,473.208
2450,136,255,322.956,475.691
2451,61,255,425.221,472.533
2452,44,255,499.295,471.932
2453,25,255,638.420,470.700
2454,68,255,995.412,471.426
2455,71,255,1073.120,472.261
2456,57,255,1222.044,472.570
2457,173,255,1427.945,475.870
2458,114,255,1583.009,473.982
2459,116,255,12.664,474.784
2460,85,255,299.465,473.865
2461,105,255,381.700,475.024
2462,45,255,416.211,472.633
2463,114,255,701.570,474.184
2464,109,255,1136.876,474.372
2465,50,255,1395.700,473.040
2466,61,255,94.877,474.123
2467,184,255,210.701,477.375
2468,26,255,476.308,473.423
2469,94,255,552.340,476.415
2470,156,255,1117.910,477.840
2471,42,255,34.952,476.952
2472,69,255,42.848,476.790
2473,80,255,337.850,475.475
2474,66,255,587.167,475.803
2475,30,255,623.100,474.133
2476,60,255,954.383,476.950
2477,72,255,1296.097,474.722
2478,50,255,1310.160,475.280
2479,72,255,137.111,476.403
2480,84,255,167.190,478.071
2481,64,255,259.656,475.828
2482,109,255,1364.849,479.353
2483,30,255,630.400,475.433
2484,80,255,720.125,479.150
2485,57,255,878.096,477.061
2486,50,255,922.440,477.900
2487,97,255,1006.655,478.655
2488,73,255,813.267,480.308
2489,55,255,1061.518,477.409
2490,41,255,1318.890,478.232
2491,118,255,1533.000,479.771
2492,34,255,441.471,479.235
2493,105,255,576.995,482.395
2494,62,255,728.758,480.145
2495,35,255,786.557,477.929
2496,35,255,1239.329,478.786
2497,39,255,1246.397,478.372
2498,113,255,1404.898,484.429
2499,75,255,1563.047,480.353
2500,28,255,71.821,479.393
2501,87,255,249.098,482.845
2502,108,255,462.481,481.917
2503,76,255,643.171,480.882
2504,41,255,690.500,479.500
2505,44,255,1087.636,480.250
2506,80,255,1210.750,480.125
2507,49,255,1282.622,480.337
2508,52,255,1382.596,480.808
2509,137,255,114.471,483.763
2510,68,255,611.221,481.118
2511,67,255,1231.157,481.276
2512,55,255,1333.191,481.227
2513,91,255,1453.159,481.786
2514,107,255,756.967,481.836
2515,97,255,778.046,485.304
2516,61,255,988.107,481.746
2517,150,255,1165.147,484.500
2518,56,255,358.429,482.732
2519,138,255,852.870,484.072
2520,59,255,1349.195,483.517
2521,67,255,190.246,485.157
2522,58,255,497.017,483.897
2523,47,255,960.202,483.734
2524,121,255,59.426,489.211
2525,73,255,94.336,486.322
2526,35,255,240.900,484.500
2527,56,255,653.857,485.643
2528,43,255,899.105,484.640
2529,46,255,1269.978,484.761
2530,119,255,1522.189,488.063
2531,47,255,412.798,485.819
2532,85,255,487.700,487.182
2533,116,255,1394.750,490.216
2534,41,255,5.598,486.232
2535,49,255,532.153,486.418
2536,134,255,707.358,489.813
2537,160,255,799.675,489.900
2538,88,255,947.591,488.375
2539,88,255,1026.670,489.205
2540,64,255,1586.344,486.812
2541,52,255,261.346,487.462
2542,180,255,313.456,492.039
2543,82,255,666.122,489.451
2544,66,255,927.606,488.576
2545,58,255,972.034,487.776
2546,72,255,1092.819,487.722
2547,129,255,31.632,492.601
2548,133,255,171.297,491.079
2549,52,255,506.788,489.442
2550,55,255,743.082,489.427
2551,75,255,1040.167,489.713
2552,123,255,1110.785,491.394
2553,62,255,1192.081,489.613
2554,38,255,1202.000,488.500
2555,46,255,335.848,489.217
2556,77,255,425.721,491.162
2557,79,255,686.892,490.576
2558,164,255,876.634,491.518
2559,111,255,1074.986,492.338
2560,86,255,1334.384,491.023
2561,74,255,72.486,492.095
2562,58,255,128.638,491.448
2563,65,255,290.223,492.762
2564,111,255,360.491,492.383
2565,37,255,438.284,489.959
2566,103,255,455.704,494.218
2567,95,255,823.626,491.511
2568,116,255,1133.784,493.759
2569,38,255,1179.842,490.105
2570,111,255,1215.590,493.023
2571,53,255,1261.840,490.538
2572,84,255,1293.452,492.560
2573,175,255,557.837,495.649
2574,88,255,642.670,493.659
2575,35,255,723.014,490.414
2576,39,255,234.885,492.295
2577,30,255,242.700,492.167
2578,65,255,299.115,495.346
2579,70,255,606.757,493.300
2580,154,255,911.747,494.981
2581,23,255,994.413,491.978
2582,45,255,1318.922,492.189
2583,113,255,1497.305,494.677
2584,64,255,1567.938,493.000
2585,57,255,12.289,493.500
2586,35,255,675.129,495.300
2587,46,255,1243.696,494.283
2588,96,255,1422.479,495.427
2589,43,255,1442.291,493.384
2590,66,255,89.182,496.182
2591,39,255,137.423,494.654
2592,61,255,220.336,496.893
2593,62,255,731.097,495.968
2594,43,255,937.453,495.198
2595,30,255,1153.367,493.967
2596,31,255,1252.661,494.823
2597,96,255,1355.615,495.948
2598,81,255,1479.117,495.994
2599,69,255,537.645,496.630
2600,60,255,1001.867,495.983
2601,65,255,1456.992,496.531
2602,107,255,1539.715,498.154
2603,26,255,4.500,496.308
2604,99,255,339.995,497.753
2605,174,255,404.328,499.868
2606,45,255,985.544,497.433
2607,45,255,1147.167,497.322
2608,85,255,1550.829,499.241
2609,99,255,1585.298,498.692
2610,139,255,196.745,501.428
2611,62,255,254.242,498.371
2612,76,255,468.487,499.421
2613,103,255,523.490,499.063
2614,65,255,628.485,498.808
2615,56,255,899.179,499.357
2616,110,255,153.218,500.236
2617,34,255,267.853,498.588
2618,52,255,616.442,499.154
2619,79,255,1171.867,499.108
2620,34,255,1283.471,498.118
2621,50,255,78.200,500.520
2622,41,255,491.695,500.476
2623,51,255,501.814,500.539
2624,45,255,747.678,501.544
2625,111,255,1086.338,504.617
2626,48,255,1201.167,501.229
2627,135,255,374.293,504.396
2628,51,255,685.108,501.892
2629,39,255,789.808,501.833
2630,70,255,1014.971,503.143
2631,53,255,1447.726,502.142
2632,59,255,1466.415,502.415
2633,41,255,949.622,502.476
2634,39,255,976.372,502.577
2635,63,255,1073.230,504.056
2636,31,255,1597.952,502.887
2637,60,255,756.800,503.300
2638,87,255,924.592,505.236
2639,105,255,134.033,507.119
2640,116,255,329.000,507.733
2641,79,255,796.171,506.854
2642,64,255,827.188,505.609
2643,101,255,1412.460,507.203
2644,62,255,1484.758,504.065
2645,44,255,1529.750,504.682
2646,66,255,355.242,506.333
2647,82,255,515.671,507.415
2648,52,255,578.827,505.077
2649,41,255,723.110,505.646
2650,22,255,967.409,504.591
2651,61,255,1388.795,506.270
2652,79,255,265.627,508.120
2653,20,255,390.000,505.450
2654,71,255,1032.810,506.739
2655,100,255,1120.570,508.840
2656,42,255,1329.381,506.357
2657,159,255,52.079,510.456
2658,71,255,175.669,507.782
2659,42,255,243.524,507.833
2660,124,255,430.282,509.210
2661,50,255,839.920,506.880
2662,39,255,867.038,507.910
2663,67,255,993.873,508.097
2664,42,255,16.571,508.310
2665,84,255,309.071,508.607
2666,151,255,776.036,511.268
2667,43,255,878.151,509.128
2668,117,255,1142.209,511.782
2669,46,255,1424.000,508.739
2670,69,255,545.529,510.630
2671,92,255,559.370,512.565
2672,37,255,567.635,509.662
2673,133,255,811.929,512.274
2674,74,255,910.500,509.905
2675,67,255,953.037,511.649
2676,139,255,1104.982,512.284
2677,63,255,163.135,511.548
2678,143,255,223.115,513.458
2679,37,255,488.041,509.824
2680,85,255,1065.841,512.641
2681,55,255,1227.609,511.136
2682,43,255,298.942,512.035
2683,30,255,586.367,510.700
2684,95,255,624.279,511.868
2685,145,255,969.321,516.376
2686,62,255,1187.419,511.339
2687,66,255,1298.167,512.424
2688,65,255,1398.885,513.115
2689,24,255,7.458,512.208
2690,45,255,100.456,512.833
2691,90,255,254.289,514.211
2692,74,255,597.946,512.500
2693,90,255,608.333,516.633
2694,28,255,1045.107,512.536
2695,80,255,1511.350,512.675
2696,29,255,1546.672,511.362
2697,52,255,35.000,514.000
2698,53,255,78.047,513.651
2699,95,255,204.721,515.889
2700,57,255,446.570,513.851
2701,95,255,1236.111,517.300
2702,44,255,1267.773,513.682
2703,69,255,1318.297,514.645
2704,36,255,1344.361,513.278
2705,88,255,113.670,515.375
2706,50,255,280.660,514.260
2707,78,255,414.385,516.256
2708,74,255,859.419,516.500
2709,79,255,928.918,516.209
2710,71,255,1033.289,514.894
2711,71,255,1155.528,515.937
2712,26,255,1326.885,513.923
2713,46,255,1337.130,515.196
2714,55,255,526.645,515.755
2715,120,255,1001.917,518.992
2716,55,255,1420.445,516.100
2717,84,255,1467.083,516.976
2718,80,255,1501.050,517.163
2719,73,255,90.459,518.130
2720,103,255,143.141,520.471
2721,152,255,460.033,521.980
2722,54,255,762.648,517.037
2723,63,255,983.214,517.119
2724,90,255,1584.256,518.167
2725,122,255,382.205,519.189
2726,65,255,491.115,518.946
2727,55,255,570.900,518.627
2728,110,255,657.227,518.318
2729,48,255,848.062,517.562
2730,28,255,1482.214,516.679
2731,44,255,2.614,519.795
2732,54,255,469.389,520.370
2733,65,255,893.423,519.946
2734,40,255,1451.850,518.575
2735,85,255,18.441,519.794
2736,69,255,1170.746,520.949
2737,90,255,1185.689,520.344
2738,96,255,1381.896,521.792
2739,82,255,1433.610,521.171
2740,75,255,1536.940,521.100
2741,28,255,69.429,520.214
2742,40,255,309.350,520.225
2743,117,255,676.098,521.936
2744,132,255,706.644,523.591
2745,71,255,1354.035,520.711
2746,102,255,428.098,523.069
2747,55,255,827.118,521.991
2748,89,255,1278.410,523.500
2749,121,255,1367.756,524.500
2750,41,255,79.256,522.646
2751,69,255,359.674,525.065
2752,25,255,775.740,521.460
2753,116,255,1078.552,525.207
2754,70,255,1245.214,524.100
2755,39,255,626.577,523.474
2756,86,255,728.837,525.256
2757,63,255,840.595,525.087
2758,54,255,1061.352,522.574
2759,31,255,1391.016,523.887
2760,27,255,152.278,524.500
2761,66,255,323.985,524.970
2762,162,255,754.253,529.370
2763,73,255,912.240,526.719
2764,88,255,1331.795,525.705
2765,31,255,1486.887,523.887
2766,93,255,1519.500,526.478
2767,55,255,33.845,526.355
2768,62,255,178.242,527.226
2769,65,255,242.746,527.085
2770,77,255,580.643,526.279
2771,40,255,716.825,525.975
2772,47,255,1404.202,525.436
2773,96,255,190.698,529.729
2774,80,255,301.538,527.550
2775,43,255,534.267,526.849
2776,61,255,1024.484,527.631
2777,147,255,1206.949,530.745
2778,72,255,1220.625,528.167
2779,102,255,253.804,531.245
2780,94,255,285.947,530.574
2781,120,255,400.167,528.908
2782,61,255,955.221,527.484
2783,99,255,1421.985,529.611
2784,68,255,1449.985,527.706
2785,24,255,220.542,527.625
2786,48,255,231.250,528.708
2787,85,255,345.088,530.582
2788,127,255,552.382,532.130
2789,67,255,800.933,529.112
2790,35,255,1094.414,528.071
2791,89,255,53.904,529.612
2792,74,255,266.176,530.892
2793,44,255,474.818,528.432
2794,52,255,488.019,530.231
2795,30,255,658.500,529.000
2796,39,255,693.731,529.705
2797,67,255,768.769,531.082
2798,83,255,787.898,531.994
2799,107,255,819.949,530.612
2800,59,255,849.941,529.907
2801,125,255,930.372,534.316
2802,33,255,1318.561,529.167
2803,66,255,20.621,532.015
2804,75,255,164.300,532.340
2805,98,255,638.551,530.898
2806,137,255,738.836,535.215
2807,58,255,901.690,531.397
2808,60,255,985.667,531.700
2809,133,255,1165.320,532.094
2810,61,255,1254.598,530.893
2811,39,255,1478.474,530.551
2812,33,255,1530.561,529.924
2813,63,255,1596.611,531.929
2814,44,255,2.705,532.045
2815,37,255,71.716,531.932
2816,55,255,200.973,532.027
2817,54,255,680.667,531.537
2818,80,255,1572.787,533.413
2819,59,255,516.144,532.314
2820,36,255,886.194,532.750
2821,67,255,1050.037,533.201
2822,43,255,133.477,533.919
2823,83,255,225.753,535.753
2824,62,255,1231.435,533.968
2825,57,255,1464.956,534.307
2826,154,255,1549.214,536.812
2827,33,255,111.288,534.561
2828,47,255,121.926,534.543
2829,90,255,331.022,537.289
2830,102,255,416.961,536.755
2831,64,255,1101.453,534.781
2832,77,255,1131.422,536.695
2833,63,255,1191.563,535.675
2834,85,255,1304.065,536.406
2835,35,255,63.271,535.014
2836,21,255,1007.595,534.929
2837,58,255,1062.431,536.000
2838,72,255,84.028,538.278
2839,69,255,445.225,537.993
2840,113,255,598.615,538.889
2841,114,255,722.175,541.132
2842,109,255,967.601,539.381
2843,79,255,999.222,537.842
2844,126,255,38.944,539.952
2845,61,255,143.549,538.631
2846,39,255,455.705,537.910
2847,134,255,499.075,541.515
2848,95,255,537.742,540.942
2849,64,255,1116.922,538.750
2850,32,255,1277.531,537.281
2851,58,255,1477.362,537.603
2852,81,255,1027.302,539.167
2853,65,255,1316.315,538.977
2854,25,255,1455.460,538.260
2855,91,255,1421.533,540.863
2856,71,255,318.556,542.683
2857,89,255,625.522,542.758
2858,72,255,704.667,541.833
2859,107,255,875.911,543.650
2860,43,255,893.360,542.523
2861,20,255,946.750,539.550
2862,81,255,1400.130,541.167
2863,42,255,176.524,541.333
2864,75,255,303.553,542.500
2865,38,255,575.711,540.711
2866,40,255,692.425,541.850
2867,41,255,977.744,542.841
2868,46,255,471.587,542.609
2869,143,255,515.038,545.192
2870,28,255,528.071,543.214
2871,78,255,558.705,543.013
2872,54,255,615.000,543.000
2873,133,255,644.214,545.154
2874,100,255,779.650,545.190
2875,80,255,843.425,544.138
2876,96,255,1141.521,544.604
2877,99,255,1247.470,544.955
2878,72,255,1329.708,543.097
2879,37,255,117.878,543.365
2880,48,255,804.458,544.271
2881,78,255,1048.769,544.026
2882,30,255,1256.400,543.200
2883,42,255,49.024,544.810
2884,41,255,153.159,545.524
2885,69,255,1497.601,544.949
2886,35,255,1592.186,544.786
2887,83,255,282.741,547.645
2888,77,255,333.851,546.942
2889,104,255,1517.250,547.423
2890,53,255,255.613,547.406
2891,41,255,417.549,546.354
2892,63,255,580.008,546.563
2893,69,255,985.833,547.833
2894,79,255,1007.133,548.462
2895,80,255,1230.350,547.900
2896,42,255,6.429,548.952
2897,41,255,15.061,548.232
2898,71,255,25.472,548.965
2899,39,255,126.244,549.141
2900,81,255,460.006,550.981
2901,75,255,1162.860,549.033
2902,110,255,435.582,550.218
2903,88,255,483.318,549.136
2904,29,255,593.707,548.466
2905,65,255,658.100,549.592
2906,78,255,746.308,550.641
2907,80,255,859.288,550.862
2908,68,255,1061.779,548.838
2909,116,255,1090.345,551.224
2910,68,255,1215.015,549.382
2911,150,255,63.433,552.907
2912,76,255,136.605,550.605
2913,120,255,177.625,552.125
2914,97,255,825.531,552.242
2915,81,255,918.759,550.981
2916,136,255,1197.463,550.853
2917,50,255,1400.920,549.100
2918,50,255,88.660,551.680
2919,65,255,160.331,551.900
2920,39,255,247.269,550.808
2921,190,255,382.358,555.521
2922,118,255,400.661,554.085
2923,39,255,797.167,550.756
2924,48,255,937.896,551.146
2925,76,255,948.132,551.934
2926,30,255,1153.167,550.133
2927,25,255,1259.260,549.460
2928,71,255,1354.556,551.683
2929,58,255,1543.845,550.052
2930,99,255,1566.146,553.106
2931,65,255,99.962,553.962
2932,28,255,568.500,551.036
2933,69,255,602.920,552.862
2934,53,255,619.085,551.387
2935,117,255,673.483,553.765
2936,45,255,814.789,552.633
2937,62,255,206.613,552.903
2938,58,255,450.983,553.069
2939,87,255,844.144,554.293
2940,37,255,1324.716,551.770
2941,146,255,1583.377,554.349
2942,101,255,221.441,555.639
2943,94,255,960.968,555.404
2944,86,255,1369.605,554.698
2945,119,255,191.962,556.853
2946,115,255,345.726,555.491
2947,112,255,553.393,555.330
2948,54,255,1036.574,555.296
2949,68,255,1411.500,555.691
2950,36,255,1503.194,554.861
2951,61,255,260.090,557.123
2952,63,255,304.500,555.563
2953,62,255,707.726,556.161
2954,23,255,806.500,554.500
2955,81,255,1107.241,556.475
2956,181,255,1335.942,561.594
2957,176,255,1449.597,561.409
2958,29,255,1552.672,556.017
2959,58,255,236.621,557.000
2960,60,255,476.550,558.867
2961,104,255,536.260,558.846
2962,95,255,724.658,559.005
2963,30,255,769.700,556.233
2964,38,255,1494.447,555.579
2965,90,255,277.644,560.344
2966,68,255,652.059,559.118
2967,58,255,792.586,559.241
2968,136,255,881.963,560.846
2969,42,255,991.167,557.833
2970,67,255,1079.157,559.694
2971,84,255,1185.583,561.226
2972,55,255,1254.682,558.918
2973,85,255,1432.818,560.276
2974,47,255,639.053,559.670
2975,101,255,903.213,561.302
2976,40,255,1159.000,558.800
2977,98,255,1233.541,559.827
2978,68,255,1516.809,560.309
2979,139,255,623.399,563.996
2980,85,255,863.782,562.088
2981,44,255,1026.250,560.364
2982,70,255,1124.100,561.443
2983,71,255,1380.120,562.190
2984,32,255,77.656,561.250
2985,72,255,164.958,562.222
2986,160,255,444.131,566.569
2987,53,255,1210.047,562.047
2988,78,255,1312.333,564.077
2989,51,255,1468.382,561.402
2990,104,255,333.962,564.625
2991,70,255,1421.886,563.843
2992,96,255,34.219,568.052
2993,67,255,115.903,564.067
2994,73,255,1293.500,564.500
2995,52,255,133.096,565.019
2996,86,255,368.035,567.058
2997,31,255,1393.694,564.597
2998,43,255,86.012,565.547
2999,73,255,401.705,566.911
3000,126,255,1581.611,568.357
3001,60,255,290.367,567.433
3002,132,255,427.697,571.614
3003,46,255,489.696,567.087
3004,117,255,676.816,567.774
3005,95,255,698.195,569.763
3006,56,255,709.125,567.464
3007,133,255,755.718,569.846
3008,59,255,1133.347,567.873
3009,154,255,317.325,571.058
3010,77,255,656.435,569.383
3011,68,255,56.044,569.794
3012,128,255,147.445,571.148
3013,53,255,202.575,569.255
3014,32,255,233.750,567.781
3015,122,255,500.746,572.164
3016,50,255,541.100,568.960
3017,25,255,219.260,568.780
3018,72,255,1046.333,570.458
3019,105,255,23.595,573.652
3020,123,255,257.280,574.467
3021,58,255,349.879,570.741
3022,50,255,389.020,570.380
3023,114,255,820.175,574.281
3024,64,255,896.188,571.344
3025,91,255,926.775,571.093
3026,89,255,942.938,572.140
3027,54,255,966.611,571.222
3028,97,255,993.510,570.356
3029,63,255,1059.659,570.960
3030,47,255,1175.457,570.223
3031,70,255,1361.500,572.171
3032,50,255,6.260,572.380
3033,96,255,73.760,573.333
3034,42,255,412.905,571.214
3035,90,255,854.822,573.478
3036,153,255,1545.225,576.003
3037,64,255,87.781,575.125
3038,30,255,227.333,572.700
3039,86,255,476.791,573.453
3040,153,255,575.239,575.428
3041,76,255,1148.750,574.158
3042,24,255,1234.500,572.125
3043,132,255,1251.121,577.371
3044,25,255,135.380,572.580
3045,83,255,518.404,574.572
3046,137,255,600.726,576.485
3047,52,255,1571.558,575.308
3048,110,255,382.536,578.518
3049,75,255,735.087,575.847
3050,25,255,766.260,574.180
3051,48,255,783.479,575.729
3052,37,255,807.419,573.959
3053,67,255,1007.306,575.813
3054,65,255,1089.208,575.946
3055,80,255,1267.400,576.225
3056,144,255,1476.479,578.583
3057,67,255,1490.321,576.604
3058,82,255,1527.915,576.183
3059,24,255,363.333,574.708
3060,31,255,458.274,574.952
3061,68,255,774.574,577.412
3062,35,255,1394.271,576.157
3063,35,255,842.386,576.071
3064,47,255,884.223,577.074
3065,104,255,1167.154,579.721
3066,84,255,1201.060,578.179
3067,74,255,1295.811,577.230
3068,57,255,199.728,578.553
3069,69,255,590.138,579.152
3070,57,255,716.640,577.675
3071,141,255,907.479,580.209
3072,50,255,1027.440,578.040
3073,67,255,1121.933,578.799
3074,53,255,48.198,578.481
3075,67,255,624.470,579.440
3076,50,255,931.980,578.800
3077,88,255,1078.682,579.591
3078,93,255,1313.651,580.220
3079,87,255,1559.052,580.144
3080,52,255,290.327,579.654
3081,78,255,1379.782,581.321
3082,30,255,1405.267,578.700
3083,34,255,2.294,581.088
3084,52,255,100.462,580.558
3085,83,255,170.211,581.958
3086,39,255,1130.423,581.218
3087,61,255,1180.352,581.631
3088,46,255,126.304,581.804
3089,59,255,190.398,582.636
3090,45,255,445.367,581.789
3091,52,255,614.231,582.462
3092,59,255,695.669,582.144
3093,60,255,1332.883,581.833
3094,31,255,1437.661,581.306
3095,83,255,1459.994,583.307
3096,40,255,114.250,582.300
3097,64,255,310.062,583.328
3098,73,255,327.322,583.884
3099,86,255,509.372,584.337
3100,58,255,826.845,583.845
3101,28,255,859.000,582.393
3102,67,255,1100.604,585.112
3103,84,255,546.869,584.905
3104,60,255,807.933,584.250
3105,87,255,966.362,585.431
3106,69,255,533.471,585.297
3107,123,255,641.476,588.817
3108,54,255,656.648,585.130
3109,89,255,1364.860,587.725
3110,20,255,147.000,584.000
3111,44,255,495.909,585.364
3112,96,255,839.698,587.031
3113,99,255,12.924,589.500
3114,67,255,89.933,587.873
3115,66,255,707.621,587.894
3116,30,255,1389.267,585.833
3117,66,255,1531.106,587.773
3118,70,255,233.200,588.800
3119,83,255,349.608,589.319
3120,75,255,423.167,589.220
3121,136,255,986.691,590.721
3122,61,255,1042.434,588.008
3123,35,255,1156.443,587.157
3124,60,255,1235.017,588.283
3125,57,255,1298.395,587.711
3126,74,255,109.554,589.838
3127,107,255,263.341,591.192
3128,80,255,403.500,590.688
3129,89,255,576.118,591.006
3130,52,255,755.923,589.250
3131,71,255,1143.401,589.852
3132,63,255,1399.754,589.913
3133,123,255,52.898,593.077
3134,37,255,140.149,590.041
3135,78,255,306.756,591.615
3136,40,255,318.900,590.500
3137,112,255,1192.027,593.536
3138,30,255,1200.567,589.433
3139,45,255,1338.256,589.633
3140,148,255,154.872,593.500
3141,75,255,211.673,593.367
3142,61,255,389.139,591.730
3143,84,255,1029.036,592.536
3144,43,255,1443.523,589.965
3145,31,255,1594.565,590.565
3146,76,255,276.197,592.474
3147,95,255,1174.489,594.047
3148,86,255,123.128,594.767
3149,150,255,175.200,596.907
3150,67,255,498.754,594.261
3151,161,255,518.351,597.562
3152,31,255,695.048,591.790
3153,112,255,739.830,594.893
3154,106,255,1084.434,594.226
3155,89,255,881.927,596.826
3156,90,255,1432.700,595.022
3157,28,255,1552.393,592.571
3158,23,255,1.717,594.761
3159,94,255,247.287,595.415
3160,49,255,1276.276,594.500
3161,31,255,364.339,595.726
3162,58,255,380.328,596.707
3163,114,255,451.281,596.781
3164,59,255,1420.144,598.042
3165,53,255,1492.764,596.160
3166,90,255,781.256,598.356
3167,67,255,896.142,597.649
3168,101,255,1210.550,598.619
3169,71,255,1580.669,597.782
3170,72,255,223.181,599.194
3171,66,255,289.212,597.924
3172,205,255,659.354,601.607
3173,95,255,943.953,600.079
3174,91,255,974.841,598.489
3175,60,255,1133.267,598.750
3176,77,255,1316.877,599.058
3177,86,255,6.593,602.128
3178,26,255,43.846,597.846
3179,52,255,767.327,599.077
3180,92,255,846.913,601.109
3181,108,255,912.361,602.935
3182,64,255,1125.266,599.500
3183,26,255,1226.846,598.154
3184,26,255,1290.538,598.269
3185,64,255,1466.531,599.438
3186,129,255,1565.345,601.516
3187,87,255,343.592,601.523
3188,59,255,532.212,599.975
3189,78,255,561.910,601.090
3190,85,255,1482.194,602.265
3191,83,255,371.512,602.283
3192,85,255,590.582,601.453
3193,29,255,631.121,600.466
3194,150,255,719.240,603.420
3195,73,255,1066.295,602.158
3196,71,255,1150.218,600.937
3197,44,255,1369.500,600.886
3198,110,255,21.527,603.727
3199,153,255,78.709,606.422
3200,37,255,108.041,601.284
3201,38,255,331.605,601.658
3202,31,255,399.790,600.790
3203,64,255,408.359,602.422
3204,90,255,617.411,603.156
3205,101,255,1338.163,603.540
3206,104,255,1403.683,603.885
3207,47,255,131.628,603.181
3208,75,255,271.980,603.433
3209,49,255,356.133,603.704
3210,53,255,1508.406,602.406
3211,63,255,1527.849,603.833
3212,85,255,311.947,604.971
3213,30,255,934.233,603.300
3214,75,255,1166.860,604.620
3215,113,255,1303.491,607.013
3216,94,255,1495.255,606.638
3217,32,255,296.750,605.312
3218,52,255,421.231,604.442
3219,99,255,823.793,606.136
3220,87,255,1013.224,606.776
3221,106,255,1053.906,607.425
3222,38,255,1109.000,604.500
3223,90,255,1285.300,606.478
3224,114,255,1386.430,607.430
3225,73,255,205.925,605.568
3226,47,255,303.181,607.223
3227,77,255,480.227,608.071
3228,55,255,758.118,606.755
3229,43,255,801.616,605.616
3230,50,255,1190.880,606.220
3231,70,255,1588.014,606.514
3232,35,255,53.814,606.814
3233,135,255,542.967,609.256
3234,69,255,994.123,607.500
3235,49,255,145.561,608.316
3236,55,255,445.882,607.973
3237,114,255,501.368,610.439
3238,130,255,886.308,612.092
3239,39,255,1181.090,607.500
3240,28,255,336.821,607.929
3241,97,255,1267.758,612.871
3242,89,255,1353.096,609.904
3243,71,255,862.345,610.458
3244,50,255,898.460,610.320
3245,59,255,61.449,611.127
3246,37,255,411.878,610.176
3247,76,255,768.158,611.421
3248,23,255,791.717,609.717
3249,85,255,981.159,612.606
3250,62,255,1092.855,611.774
3251,42,255,1447.333,610.452
3252,128,255,431.594,613.359
3253,151,255,13.593,617.076
3254,135,255,251.226,615.085
3255,117,255,600.697,614.662
3256,76,255,675.145,613.829
3257,78,255,745.321,613.269
3258,91,255,1246.478,615.841
3259,84,255,1411.179,615.095
3260,50,255,47.460,614.180
3261,37,255,164.095,613.662
3262,58,255,208.190,613.638
3263,125,255,1041.196,616.564
3264,67,255,1547.500,614.799
3265,128,255,222.648,616.492
3266,134,255,1125.112,617.358
3267,24,255,1399.417,613.625
3268,76,255,1467.776,615.447
3269,86,255,1586.651,616.116
3270,54,255,643.185,615.241
3271,139,255,805.529,619.205
3272,43,255,377.500,615.756
3273,52,255,937.538,616.923
3274,90,255,966.167,617.711
3275,77,255,1256.994,619.955
3276,62,255,1523.710,616.452
3277,24,255,99.625,617.167
3278,45,255,136.233,617.900
3279,84,255,348.905,619.095
3280,77,255,1084.539,618.695
3281,116,255,108.509,623.250
3282,97,255,154.119,620.696
3283,91,255,454.159,620.368
3284,118,255,1025.881,621.466
3285,65,255,280.685,620.977
3286,78,255,616.500,621.000
3287,41,255,696.280,619.744
3288,56,255,793.661,621.018
3289,111,255,916.725,624.320
3290,53,255,989.425,619.594
3291,55,255,1229.427,619.973
3292,48,255,1361.708,620.146
3293,40,255,1442.500,618.850
3294,56,255,319.196,621.018
3295,64,255,567.891,621.891
3296,68,255,654.456,622.838
3297,92,255,685.870,623.120
3298,130,255,830.038,624.977
3299,58,255,1291.276,621.017
3300,97,255,1304.149,621.397
3301,54,255,741.167,622.093
3302,76,255,1151.000,623.500
3303,39,255,1478.936,621.013
3304,127,255,1562.343,623.209
3305,180,255,49.889,627.761
3306,45,255,167.633,623.167
3307,103,255,863.617,623.481
3308,161,255,84.947,628.525
3309,120,255,332.375,626.050
3310,113,255,1352.456,626.916
3311,66,255,1367.030,625.652
3312,86,255,1493.465,624.453
3313,136,255,24.316,629.632
3314,90,255,119.800,627.700
3315,25,255,303.820,623.300
3316,70,255,362.500,626.357
3317,110,255,416.800,627.555
3318,29,255,577.190,625.638
3319,113,255,897.907,628.146
3320,50,255,976.720,624.760
3321,22,255,143.591,626.545
3322,60,255,243.483,625.917
3323,64,255,588.688,627.125
3324,82,255,957.829,627.890
3325,61,255,1135.975,627.172
3326,89,255,1471.590,627.601
3327,92,255,381.663,627.946
3328,88,255,602.580,628.068
3329,83,255,947.693,629.127
3330,43,255,996.291,627.035
3331,77,255,1281.812,628.370
3332,129,255,1322.066,629.717
3333,91,255,1413.269,628.060
3334,55,255,533.064,628.191
3335,139,255,760.953,630.421
3336,24,255,260.000,628.208
3337,41,255,397.622,629.134
3338,67,255,546.455,631.425
3339,107,255,1118.986,631.079
3340,90,255,1262.400,630.933
3341,51,255,1428.951,627.951
3342,34,255,185.324,629.676
3343,64,255,491.969,630.594
3344,43,255,554.035,629.221
3345,40,255,306.700,629.500
3346,36,255,642.111,629.861
3347,84,255,671.024,632.274
3348,99,255,1082.904,631.419
3349,66,255,1596.076,632.303
3350,57,255,372.149,633.184
3351,92,255,456.891,632.804
3352,122,255,515.820,634.533
3353,72,255,1163.875,632.153
3354,45,255,95.767,633.633
3355,40,255,179.600,633.525
3356,97,255,787.716,634.758
3357,94,255,1055.223,635.160
3358,40,255,1105.725,632.850
3359,57,255,1222.711,633.904
3360,123,255,1387.573,636.394
3361,74,255,1458.757,633.459
3362,63,255,127.770,634.341
3363,44,255,149.750,632.841
3364,36,255,570.444,633.139
3365,75,255,701.380,634.687
3366,105,255,884.424,637.148
3367,57,255,983.921,634.307
3368,25,255,1070.380,633.420
3369,23,255,287.457,634.196
3370,66,255,501.227,635.924
3371,64,255,812.047,635.438
3372,69,255,1095.210,636.587
3373,56,255,1181.643,635.143
3374,62,255,1347.177,635.871
3375,31,255,1553.952,633.306
3376,71,255,64.585,637.120
3377,29,255,582.086,635.224
3378,78,255,172.897,638.910
3379,106,255,997.613,639.481
3380,35,255,1041.471,636.614
3381,77,255,263.773,639.045
3382,42,255,538.667,637.762
3383,104,255,737.231,639.038
3384,55,255,1204.391,638.227
3385,81,255,191.846,640.253
3386,91,255,283.170,641.632
3387,110,255,344.145,641.273
3388,55,255,637.264,639.064
3389,73,255,388.692,640.952
3390,67,255,481.799,640.157
3391,143,255,845.122,644.626
3392,58,255,1575.224,640.224
3393,68,255,75.044,642.074
3394,60,255,118.217,641.483
3395,71,255,212.190,641.852
3396,38,255,253.474,641.658
3397,80,255,308.175,642.188
3398,96,255,439.073,641.938
3399,101,255,952.837,641.500
3400,69,255,1274.891,641.935
3401,121,255,1371.599,643.839
3402,76,255,15.026,643.408
3403,36,255,650.806,642.833
3404,47,255,826.245,641.798
3405,92,255,1155.467,643.641
3406,90,255,1191.178,644.044
3407,59,255,1439.534,642.822
3408,172,255,1554.895,646.831
3409,34,255,45.882,641.294
3410,71,255,414.542,644.373
3411,96,255,468.479,643.979
3412,100,255,859.930,644.150
3413,147,255,1012.738,644.439
3414,69,255,1069.123,643.848
3415,29,255,1081.362,641.879
3416,72,255,1112.625,643.292
3417,42,255,220.810,644.381
3418,29,255,621.914,642.810
3419,73,255,791.938,644.034
3420,48,255,814.104,643.833
3421,60,255,1302.033,644.617
3422,31,255,1421.855,643.855
3423,93,255,145.500,647.285
3424,71,255,203.514,648.866
3425,65,255,613.715,647.531
3426,61,255,663.566,646.418
3427,64,255,766.875,646.469
3428,76,255,1409.908,646.171
3429,67,255,1449.948,646.619
3430,185,255,1531.284,650.230
3431,22,255,88.364,646.227
3432,87,255,127.856,649.121
3433,62,255,703.097,646.855
3434,68,255,723.765,646.662
3435,130,255,983.477,649.754
3436,82,255,1049.488,647.720
3437,37,255,1226.581,646.635
3438,84,255,1240.917,649.571
3439,141,255,1465.060,651.358
3440,60,255,113.450,648.867
3441,127,255,520.988,650.413
3442,54,255,933.685,647.759
3443,108,255,1516.426,651.111
3444,83,255,53.235,649.765
3445,55,255,65.664,649.318
3446,69,255,161.022,649.935
3447,66,255,550.833,649.258
3448,121,255,1041.640,653.855
3449,99,255,1166.278,651.359
3450,70,255,1357.100,649.714
3451,107,255,1428.668,653.042
3452,140,255,1485.943,653.979
3453,77,255,27.383,651.188
3454,29,255,7.397,650.672
3455,71,255,95.782,651.923
3456,39,255,390.782,650.038
3457,96,255,678.510,653.312
3458,40,255,881.825,651.175
3459,61,255,906.828,651.943
3460,81,255,1325.512,651.500
3461,74,255,1495.041,652.932
3462,97,255,1583.737,651.624
3463,36,255,276.583,651.472
3464,40,255,377.550,651.800
3465,54,255,560.556,652.796
3466,228,255,715.658,658.066
3467,47,255,752.989,651.734
3468,77,255,891.721,653.409
3469,63,255,953.024,652.532
3470,27,255,1271.167,650.685
3471,60,255,250.100,653.317
3472,42,255,428.429,652.548
3473,63,255,1596.929,654.008
3474,85,255,322.735,654.971
3475,90,255,342.056,655.800
3476,69,255,351.268,657.384
3477,98,255,637.143,656.684
3478,71,255,1128.303,654.331
3479,104,255,1256.154,655.712
3480,131,255,1294.210,657.828
3481,43,255,261.733,654.826
3482,30,255,360.833,655.000
3483,49,255,813.296,654.765
3484,72,255,855.958,656.569
3485,61,255,917.943,655.746
3486,100,255,1088.440,657.010
3487,106,255,230.623,658.632
3488,136,255,287.132,660.272
3489,68,255,496.544,656.368
3490,36,255,571.583,654.806
3491,56,255,397.696,658.179
3492,75,255,456.367,658.980
3493,88,255,541.795,659.716
3494,47,255,1068.734,655.947
3495,107,255,1195.874,659.621
3496,101,255,1341.619,658.896
3497,101,255,1395.292,659.906
3498,39,255,932.936,657.423
3499,93,255,940.672,660.425
3500,34,255,1150.941,657.588
3501,29,255,1373.328,657.017
3502,67,255,40.903,659.485
3503,117,255,1313.662,662.560
3504,67,255,1415.500,659.679
3505,50,255,1439.140,659.400
3506,94,255,433.851,660.351
3507,39,255,589.218,660.090
3508,48,255,980.458,659.792
3509,67,255,179.381,662.291
3510,39,255,373.577,660.218
3511,49,255,390.276,661.337
3512,114,255,659.737,664.123
3513,80,255,783.862,662.475
3514,50,255,864.300,661.760
3515,56,255,906.143,661.214
3516,46,255,1157.761,661.543
3517,33,255,1275.712,659.712
3518,68,255,191.382,662.456
3519,121,255,1243.112,665.153
3520,75,255,171.100,664.473
3521,133,255,575.320,667.229
3522,73,255,796.842,664.021
3523,59,255,839.093,662.500
3524,132,255,873.386,667.856
3525,117,255,1264.491,666.278
3526,98,255,1381.459,664.898
3527,86,255,1456.721,664.465
3528,48,255,136.792,663.667
3529,55,255,264.645,663.645
3530,75,255,486.940,664.980
3531,83,255,601.042,665.042
3532,51,255,690.931,663.735
3533,56,255,753.143,664.589
3534,67,255,812.978,664.799
3535,87,255,1108.511,664.707
3536,58,255,1565.552,663.707
3537,52,255,94.635,665.423
3538,91,255,113.060,666.566
3539,65,255,322.546,665.315
3540,57,255,1014.412,665.360
3541,27,255,1166.574,664.056
3542,52,255,1186.269,666.077
3543,70,255,1330.371,666.557
3544,60,255,1433.417,665.583
3545,61,255,128.041,666.516
3546,85,255,825.112,667.912
3547,48,255,968.938,666.542
3548,104,255,1075.308,668.337
3549,65,255,1135.838,666.669
3550,124,255,1209.758,668.129
3551,52,255,49.673,667.462
3552,32,255,425.812,667.156
3553,89,255,528.781,669.624
3554,75,255,615.020,668.060
3555,81,255,987.475,668.463
3556,101,255,1358.847,668.946
3557,72,255,300.625,669.681
3558,103,255,502.850,670.306
3559,34,255,850.412,668.176
3560,158,255,1516.937,670.899
3561,63,255,223.103,669.690
3562,79,255,338.513,671.373
3563,65,255,517.562,669.623
3564,105,255,1022.719,670.376
3565,33,255,1555.258,668.470
3566,47,255,76.011,669.606
3567,74,255,160.297,670.608
3568,95,255,373.742,670.511
3569,61,255,668.090,671.336
3570,88,255,748.068,672.284
3571,122,255,1037.607,673.246
3572,63,255,1391.135,670.865
3573,136,255,37.485,675.868
3574,133,255,475.335,674.214
3575,63,255,1176.611,671.611
3576,52,255,236.981,673.173
3577,41,255,882.110,672.354
3578,148,255,261.014,675.696
3579,101,255,313.015,674.450
3580,119,255,737.021,676.651
3581,76,255,771.974,673.921
3582,100,255,454.580,675.300
3583,64,255,785.406,674.766
3584,95,255,1193.826,676.142
3585,48,255,1306.271,674.604
3586,114,255,1544.842,676.333
3587,69,255,208.254,676.065
3588,151,255,548.864,679.765
3589,119,255,78.542,679.845
3590,25,255,721.420,675.220
3591,58,255,830.586,676.862
3592,125,255,1102.244,676.916
3593,21,255,1147.881,674.452
3594,69,255,1477.341,678.007
3595,54,255,492.944,677.907
3596,83,255,711.428,678.753
3597,34,255,998.324,675.794
3598,78,255,1221.051,677.962
3599,73,255,1250.747,677.500
3600,182,255,1278.308,680.258
3601,87,255,1294.259,678.753
3602,40,255,421.150,677.200
3603,109,255,637.390,681.170
3604,34,255,800.029,678.588
3605,44,255,1086.614,677.386
3606,67,255,1325.112,677.440
3607,49,255,1488.153,677.337
3608,62,255,1533.629,679.242
3609,88,255,290.727,680.943
3610,107,255,408.565,681.463
3611,29,255,509.845,677.672
3612,131,255,609.767,680.897
3613,39,255,863.526,678.577
3614,23,255,1598.283,678.370
3615,123,255,93.703,682.972
3616,35,255,217.814,679.271
3617,110,255,332.618,682.927
3618,43,255,373.081,679.616
3619,41,255,440.476,679.207
3620,185,255,1138.397,683.365
3621,101,255,811.005,682.827
3622,108,255,1072.306,683.056
3623,92,255,1358.652,682.554
3624,23,255,2.326,681.283
3625,36,255,132.250,681.500
3626,48,255,536.938,682.438
3627,32,255,944.688,681.062
3628,21,255,197.500,681.643
3629,115,255,435.439,687.387
3630,38,255,821.711,683.211
3631,103,255,985.519,684.257
3632,33,255,189.015,683.591
3633,108,255,1345.491,686.306
3634,83,255,725.729,685.608
3635,57,255,1243.816,685.518
3636,204,255,1399.544,687.681
3637,74,255,158.662,685.959
3638,122,255,351.000,688.893
3639,94,255,388.968,687.862
3640,49,255,926.500,685.929
3641,91,255,1422.654,687.632
3642,29,255,314.397,686.017
3643,56,255,321.411,688.375
3644,67,255,481.694,687.396
3645,88,255,582.000,687.205
3646,64,255,681.062,687.875
3647,103,255,1468.238,687.073
3648,33,255,23.258,686.682
3649,58,255,52.897,687.707
3650,102,255,665.971,691.039
3651,20,255,1084.000,685.900
3652,136,255,1434.669,694.147
3653,36,255,1487.056,686.694
3654,38,255,1513.447,687.579
3655,62,255,689.452,689.710
3656,45,255,875.433,687.944
3657,80,255,957.888,691.000
3658,91,255,1018.049,689.797
3659,168,255,1051.810,694.375
3660,68,255,1499.118,688.971
3661,47,255,125.521,689.670
3662,55,255,139.100,690.664
3663,78,255,205.064,691.962
3664,132,255,224.439,692.598
3665,49,255,417.929,690.378
3666,138,255,745.543,691.703
3667,74,255,850.878,690.230
3668,86,255,897.953,692.384
3669,39,255,933.628,691.397
3670,62,255,1216.371,690.016
3671,39,255,1305.833,689.244
3672,51,255,2.775,691.461
3673,90,255,63.222,692.122
3674,68,255,264.721,692.103
3675,34,255,948.059,691.353
3676,20,255,998.600,689.200
3677,80,255,1105.612,691.362
3678,40,255,1366.750,690.725
3679,57,255,194.816,692.482
3680,63,255,1062.627,692.897
3681,80,255,1228.400,693.362
3682,67,255,1379.037,691.948
3683,73,255,28.062,695.555
3684,153,255,115.696,697.879
3685,84,255,701.298,694.190
3686,51,255,786.363,692.598
3687,153,255,1196.918,696.683
3688,69,255,1269.891,694.152
3689,70,255,1293.286,693.686
3690,113,255,368.500,696.996
3691,63,255,517.389,694.341
3692,26,255,593.385,693.346
3693,50,255,1527.420,692.900
3694,100,255,146.770,697.070
3695,37,255,529.365,694.851
3696,45,255,574.144,695.122
3697,66,255,875.030,695.409
3698,139,255,1334.133,699.896
3699,67,255,1558.410,696.231
3700,68,255,181.382,699.691
3701,130,255,247.331,698.669
3702,28,255,327.179,694.929
3703,53,255,643.519,696.255
3704,67,255,1176.619,697.052
3705,48,255,606.458,697.521
3706,58,255,617.569,696.810
3707,71,255,721.401,697.542
3708,126,255,1023.992,699.794
3709,115,255,1082.430,699.187
3710,184,255,1162.310,701.707
3711,37,255,1209.419,696.824
3712,30,255,1572.967,695.967
3713,97,255,37.727,701.964
3714,64,255,452.266,698.406
3715,50,255,996.900,697.500
3716,78,255,1412.744,698.577
3717,31,255,1546.145,697.306
3718,114,255,546.684,702.035
3719,83,255,832.271,701.199
3720,125,255,1121.124,701.516
3721,50,255,1302.580,699.480
3722,53,255,1426.425,700.236
3723,65,255,167.823,701.346
3724,43,255,912.174,699.174
3725,125,255,1475.100,701.348
3726,182,255,81.610,706.659
3727,71,255,101.993,701.106
3728,93,255,471.694,706.081
3729,34,255,765.882,699.941
3730,62,255,785.742,700.581
3731,77,255,1147.331,701.175
3732,27,255,1376.574,699.907
3733,33,255,522.106,701.136
3734,88,255,801.500,702.920
3735,69,255,901.920,703.007
3736,74,255,947.459,702.432
3737,106,255,978.321,704.509
3738,31,255,480.242,702.242
3739,30,255,490.867,702.133
3740,68,255,698.529,703.779
3741,35,255,921.071,702.414
3742,46,255,1391.739,702.152
3743,85,255,1513.124,704.312
3744,29,255,1552.603,702.017
3745,125,255,304.604,706.412
3746,23,255,443.065,703.109
3747,124,255,457.718,707.548
3748,37,255,589.689,703.041
3749,172,255,1101.785,707.174
3750,50,255,1314.820,703.700
3751,143,255,1587.276,707.563
3752,30,255,159.867,705.100
3753,100,255,336.630,707.200
3754,49,255,516.398,705.643
3755,70,255,614.786,704.843
3756,69,255,658.993,707.572
3757,85,255,1290.876,707.500
3758,115,255,195.630,713.222
3759,93,255,255.683,709.317
3760,49,255,287.969,706.786
3761,79,255,324.728,709.057
3762,85,255,755.971,708.394
3763,108,255,878.648,708.880
3764,113,255,1136.721,709.606
3765,56,255,1399.446,708.036
3766,138,255,1570.094,709.377
3767,44,255,669.545,707.568
3768,97,255,735.438,708.851
3769,110,255,865.664,712.873
3770,60,255,966.183,708.483
3771,69,255,98.326,709.428
3772,56,255,638.696,708.821
3773,45,255,791.478,709.056
3774,73,255,1219.760,709.185
3775,108,255,1256.787,712.602
3776,59,255,1266.076,709.907
3777,107,255,1381.257,710.192
3778,62,255,1447.194,709.048
3779,69,255,1014.196,710.761
3780,121,255,1516.616,712.517
3781,81,255,5.932,713.389
3782,74,255,18.486,712.216
3783,78,255,232.705,712.346
3784,132,255,593.621,714.447
3785,67,255,827.425,711.604
3786,99,255,366.551,713.520
3787,38,255,482.211,711.184
3788,120,255,1182.025,714.458
3789,59,255,1469.076,711.534
3790,53,255,1486.481,711.349
3791,113,255,405.252,715.013
3792,130,255,500.246,715.838
3793,37,255,564.932,712.743
3794,41,255,692.915,712.329
3795,120,255,1036.692,714.825
3796,111,255,1327.275,717.698
3797,78,255,1339.679,713.833
3798,96,255,1415.375,714.344
3799,138,255,1532.688,716.609
3800,139,255,429.471,717.615
3801,27,255,28.426,714.056
3802,80,255,210.438,717.200
3803,52,255,787.327,715.404
3804,47,255,897.521,714.436
3805,70,255,992.157,716.500
3806,134,255,70.075,719.201
3807,122,255,125.615,719.090
3808,121,255,577.318,717.946
3809,36,255,643.917,715.333
3810,39,255,947.628,714.859
3811,46,255,183.283,717.370
3812,92,255,290.000,717.033
3813,37,255,1238.554,716.824
3814,121,255,155.293,721.591
3815,41,255,525.427,718.134
3816,80,255,533.962,720.513
3817,54,255,1170.685,718.722
3818,95,255,1353.132,719.268
3819,83,255,617.042,720.295
3820,33,255,713.773,718.227
3821,120,255,887.192,721.667
3822,41,255,1161.720,719.476
3823,59,255,1195.059,719.653
3824,54,255,1552.426,719.037
3825,111,255,272.617,720.968
3826,120,255,352.483,722.925
3827,63,255,458.897,721.405
3828,104,255,1219.962,721.019
3829,101,255,1499.262,722.213
3830,92,255,322.870,722.163
3831,83,255,494.633,723.633
3832,79,255,694.196,721.108
3833,131,255,1282.485,725.111
3834,75,255,1388.687,720.980
3835,34,255,448.735,721.059
3836,74,255,839.824,722.230
3837,33,255,26.076,721.894
3838,92,255,230.413,724.674
3839,47,255,250.713,723.606
3840,67,255,647.037,724.142
3841,57,255,671.079,722.816
3842,78,255,725.115,723.513
3843,24,255,756.458,722.042
3844,99,255,1131.763,724.591
3845,87,255,1456.477,722.960
3846,149,255,171.017,726.406
3847,20,255,377.250,722.450
3848,46,255,629.609,724.674
3849,119,255,766.853,727.517
3850,40,255,935.225,723.150
3851,52,255,950.865,723.346
3852,45,255,1267.122,723.389
3853,53,255,1296.764,724.160
3854,47,255,1546.457,724.883
3855,39,255,636.756,725.449
3856,22,255,984.636,723.500
3857,71,255,1071.796,727.077
3858,87,255,1424.052,726.213
3859,44,255,913.159,725.477
3860,98,255,996.765,728.776
3861,112,255,1027.384,727.027
3862,57,255,1062.588,726.184
3863,124,255,1258.274,731.815
3864,80,255,302.538,729.263
3865,20,255,367.250,725.450
3866,53,255,384.972,727.670
3867,33,255,392.258,726.894
3868,54,255,544.667,726.574
3869,83,255,748.367,728.006
3870,81,255,1363.117,727.772
3871,74,255,256.041,729.541
3872,49,255,314.173,728.296
3873,71,255,407.092,728.472
3874,91,255,972.610,729.522
3875,122,255,1080.418,732.189
3876,39,255,1489.423,727.731
3877,67,255,45.410,729.918
3878,59,255,196.805,730.551
3879,49,255,442.582,729.847
3880,69,255,796.935,729.080
3881,69,255,818.210,729.428
3882,70,255,1478.086,729.886
3883,60,255,1555.500,728.283
3884,31,255,926.790,729.145
3885,71,255,1037.810,731.204
3886,31,255,1238.565,729.145
3887,50,255,1349.000,729.200
3888,113,255,1524.031,731.376
3889,59,255,32.280,730.941
3890,76,255,558.145,730.895
3891,86,255,779.465,732.628
3892,36,255,661.611,731.583
3893,50,255,673.080,732.280
3894,38,255,1120.447,730.789
3895,68,255,1318.118,731.912
3896,87,255,370.213,736.902
3897,63,255,596.452,732.992
3898,81,255,833.019,733.944
3899,59,255,884.280,733.331
3900,80,255,90.412,734.725
3901,48,255,104.083,734.500
3902,44,255,218.545,733.591
3903,48,255,725.104,733.542
3904,41,255,954.988,733.085
3905,64,255,1058.484,733.750
3906,82,255,1094.488,735.110
3907,140,255,1380.171,736.329
3908,108,255,1589.444,736.417
3909,60,255,134.567,735.117
3910,69,255,468.399,735.283
3911,82,255,487.195,736.549
3912,55,255,533.500,734.318
3913,78,255,650.051,736.141
3914,137,255,1110.777,738.456
3915,67,255,1185.396,735.604
3916,71,255,1219.007,736.162
3917,90,255,1572.756,736.722
3918,119,255,28.660,738.895
3919,70,255,331.700,736.443
3920,38,255,1398.184,736.000
3921,59,255,1508.415,736.381
3922,92,255,118.163,738.837
3923,76,255,702.711,737.118
3924,82,255,933.707,738.085
3925,127,255,1232.508,740.240
3926,49,255,1544.520,736.276
3927,77,255,9.552,739.955
3928,52,255,264.538,738.019
3929,144,255,282.986,740.840
3930,51,255,309.814,737.598
3931,63,255,544.151,738.548
3932,91,255,732.049,740.577
3933,42,255,159.524,738.429
3934,78,255,178.974,740.564
3935,83,255,344.669,739.910
3936,48,255,380.292,739.000
3937,106,255,802.113,742.255
3938,75,255,1326.300,740.060
3939,33,255,1427.773,738.530
3940,137,255,1446.405,740.544
3941,50,255,421.120,740.540
3942,69,255,68.312,743.109
3943,44,255,75.682,741.250
3944,53,255,409.858,742.519
3945,82,255,716.012,743.024
3946,67,255,843.560,742.888
3947,37,255,129.635,741.635
3948,62,255,579.565,742.516
3949,28,255,814.000,740.500
3950,90,255,1126.644,744.711
3951,115,255,1353.048,745.439
3952,71,255,1517.415,742.345
3953,55,255,431.173,743.100
3954,67,255,194.918,744.291
3955,63,255,452.103,745.627
3956,69,255,512.225,744.703
3957,59,255,661.483,744.686
3958,46,255,974.196,743.913
3959,49,255,1276.765,743.541
3960,96,255,1294.083,746.354
3961,79,255,98.272,746.576
3962,24,255,139.333,743.375
3963,87,255,352.868,748.213
3964,122,255,461.352,749.557
3965,60,255,750.617,744.783
3966,95,255,1056.826,746.637
3967,50,255,1074.760,744.660
3968,154,255,1460.474,751.006
3969,54,255,1500.167,744.815
3970,59,255,592.771,746.025
3971,101,255,605.054,748.441
3972,64,255,828.641,746.016
3973,91,255,950.214,747.808
3974,126,255,242.556,750.389
3975,55,255,320.336,747.227
3976,28,255,1195.107,746.536
3977,41,255,1362.939,747.256
3978,83,255,1408.873,747.994
3979,100,255,1538.170,749.350
3980,43,255,171.640,747.965
3981,84,255,215.107,750.619
3982,113,255,16.881,751.863
3983,36,255,82.750,748.806
3984,95,255,262.279,751.753
3985,67,255,536.799,750.112
3986,59,255,624.483,749.415
3987,115,255,1021.074,751.500
3988,110,255,1040.645,750.473
3989,41,255,1143.183,748.159
3990,112,255,1158.277,749.964
3991,40,255,1305.000,748.875
3992,41,255,329.573,750.256
3993,41,255,384.598,749.768
3994,20,255,1117.150,749.050
3995,73,255,1283.349,751.801
3996,148,255,1486.811,753.608
3997,45,255,1577.478,748.944
3998,126,255,302.190,754.603
3999,31,255,394.629,750.532
4000,95,255,527.795,754.511
4001,50,255,764.060,750.760
4002,81,255,1005.710,750.981
4003,67,255,1246.455,753.037
4004,86,255,1321.977,753.314
4005,52,255,1440.596,750.423
4006,76,255,1472.868,752.697
4007,40,255,403.000,752.150
4008,56,255,565.429,751.732
4009,43,255,783.500,751.709
4010,56,255,1189.268,752.143
4011,74,255,1207.243,752.500
4012,63,255,1568.833,752.992
4013,37,255,47.959,754.014
4014,57,255,125.360,754.061
4015,57,255,197.939,753.465
4016,62,255,426.887,753.742
4017,63,255,867.135,753.119
4018,69,255,1094.268,753.529
4019,52,255,1310.962,753.346
4020,50,255,1343.380,753.320
4021,28,255,71.393,753.786
4022,66,255,150.121,755.000
4023,29,255,438.086,753.362
4024,88,255,690.239,754.409
4025,81,255,794.031,755.833
4026,83,255,933.392,753.657
4027,93,255,829.199,755.909
4028,88,255,886.443,756.295
4029,114,255,1221.456,756.781
4030,83,255,1504.452,754.970
4031,33,255,446.955,755.197
4032,43,255,751.523,754.919
4033,88,255,1435.091,757.159
4034,113,255,662.429,758.783
4035,104,255,719.058,758.683
4036,79,255,743.538,758.968
4037,142,255,966.859,757.606
4038,78,255,1254.667,757.513
4039,63,255,1545.960,757.500
4040,65,255,409.238,759.162
4041,145,255,1398.900,760.748
4042,27,255,114.352,758.907
4043,36,255,164.694,758.250
4044,50,255,314.520,759.180
4045,48,255,627.938,758.500
4046,132,255,60.205,762.167
4047,54,255,841.241,760.204
4048,20,255,1270.950,758.150
4049,31,255,81.048,760.210
4050,99,255,544.076,762.520
4051,34,255,594.235,760.618
4052,46,255,643.217,760.957
4053,58,255,928.897,761.569
4054,75,255,1149.100,760.740
4055,23,255,1332.152,759.848
4056,21,255,293.690,760.643
4057,52,255,323.923,762.077
4058,169,255,483.914,765.760
4059,58,255,564.310,761.707
4060,96,255,1448.219,764.042
4061,26,255,269.923,761.538
4062,57,255,425.693,763.061
4063,105,255,509.890,764.595
4064,42,255,940.167,762.333
4065,144,255,1530.438,765.326
4066,138,255,348.978,769.203
4067,51,255,809.833,765.618
4068,110,255,854.136,766.773
4069,112,255,873.277,766.161
4070,92,255,992.935,765.489
4071,70,255,1338.557,764.314
4072,23,255,1568.543,762.326
4073,77,255,15.552,766.032
4074,75,255,95.967,766.140
4075,72,255,254.569,767.139
4076,45,255,979.900,764.500
4077,153,255,1058.670,768.526
4078,96,255,32.500,768.000
4079,88,255,169.420,767.818
4080,28,255,554.714,766.107
4081,66,255,1475.212,765.545
4082,95,255,374.795,767.974
4083,93,255,700.425,768.629
4084,121,255,1290.905,770.037
4085,87,255,1595.075,767.420
4086,84,255,240.476,768.310
4087,78,255,628.603,767.872
4088,37,255,716.581,767.959
4089,64,255,1221.406,768.312
4090,141,255,1496.592,770.755
4091,28,255,156.464,767.929
4092,62,255,830.387,769.097
4093,107,255,1105.005,771.005
4094,62,255,1240.839,770.097
4095,174,255,1378.833,773.477
4096,27,255,1512.241,767.759
4097,91,255,439.489,770.467
4098,73,255,579.377,770.363
4099,106,255,666.783,771.792
4100,25,255,972.820,769.500
4101,136,255,1560.375,772.221
4102,115,255,181.874,773.630
4103,58,255,270.241,770.914
4104,80,255,295.975,772.837
4105,100,255,327.860,772.580
4106,72,255,738.014,771.042
4107,90,255,780.178,772.422
4108,80,255,1082.475,771.325
4109,57,255,1150.991,771.921
4110,86,255,643.012,772.186
4111,46,255,1028.500,771.000
4112,43,255,1141.384,772.733
4113,39,255,305.628,773.115
4114,72,255,754.431,773.361
4115,76,255,1204.105,774.382
4116,35,255,1572.814,773.643
4117,130,255,118.231,776.423
4118,99,255,681.480,774.803
4119,133,255,1363.628,776.402
4120,22,255,1548.136,773.000
4121,106,255,56.160,776.519
4122,73,255,456.925,775.884
4123,87,255,589.868,776.431
4124,47,255,928.755,774.628
4125,38,255,1113.921,774.947
4126,137,255,1180.690,776.712
4127,112,255,1261.464,777.295
4128,142,255,1399.845,777.859
4129,57,255,92.430,776.553
4130,71,255,422.303,777.345
4131,105,255,1328.586,777.214
4132,77,255,135.162,777.578
4133,129,255,495.826,780.244
4134,71,255,843.275,777.387
4135,49,255,873.990,777.071
4136,27,255,952.907,775.944
4137,80,255,1015.487,777.663
4138,146,255,1249.740,783.192
4139,113,255,509.385,780.668
4140,105,255,541.938,780.300
4141,58,255,934.259,781.517
4142,150,255,993.747,780.873
4143,121,255,160.913,782.500
4144,72,255,480.292,779.833
4145,95,255,899.121,780.174
4146,157,255,405.271,783.475
4147,63,255,442.992,780.135
4148,89,255,711.455,781.826
4149,28,255,822.786,778.286
4150,55,255,917.773,780.027
4151,97,255,1349.531,783.830
4152,155,255,1436.771,783.171
4153,117,255,1486.842,782.107
4154,75,255,1518.673,781.447
4155,90,255,833.189,784.189
4156,179,255,1306.885,784.550
4157,33,255,1450.288,779.500
4158,74,255,41.095,782.486
4159,67,255,152.112,783.978
4160,101,255,312.718,784.936
4161,49,255,576.071,781.663
4162,58,255,764.741,782.500
4163,50,255,814.860,782.060
4164,43,255,945.244,781.174
4165,25,255,1042.700,781.060
4166,87,255,1093.017,783.190
4167,107,255,84.276,786.575
4168,51,255,609.382,784.441
4169,178,255,734.354,787.213
4170,79,255,974.070,784.968
4171,66,255,1071.621,783.273
4172,79,255,1458.778,784.108
4173,118,255,222.034,788.424
4174,38,255,336.895,784.789
4175,72,255,358.111,785.403
4176,56,255,457.839,783.946
4177,97,255,1110.582,786.778
4178,204,255,1137.417,787.544
4179,65,255,1215.238,784.900
4180,140,255,1552.629,787.421
4181,84,255,775.321,787.381
4182,58,255,1121.810,789.138
4183,49,255,72.459,786.602
4184,72,255,201.486,787.819
4185,48,255,484.771,786.375
4186,75,255,802.580,788.407
4187,113,255,1161.792,790.190
4188,57,255,1239.202,787.746
4189,65,255,1505.454,788.100
4190,133,255,129.733,791.665
4191,88,255,279.398,790.398
4192,100,255,748.630,790.020
4193,102,255,1020.039,790.078
4194,110,255,1468.655,790.845
4195,76,255,15.158,790.408
4196,104,255,377.077,789.971
4197,109,255,641.454,790.555
4198,96,255,1033.708,790.365
4199,119,255,1567.466,791.475
4200,46,255,288.435,791.587
4201,34,255,475.382,790.118
4202,72,255,697.431,790.361
4203,63,255,1329.389,790.389
4204,73,255,96.842,792.404
4205,35,255,192.700,790.729
4206,123,255,242.760,791.939
4207,83,255,616.006,792.741
4208,88,255,816.909,792.023
4209,56,255,1082.196,792.357
4210,59,255,1387.025,790.873
4211,78,255,1582.577,796.141
4212,77,255,332.994,793.474
4213,81,255,782.265,793.562
4214,56,255,505.875,792.875
4215,37,255,564.689,793.095
4216,75,255,902.220,793.460
4217,58,255,1185.069,793.259
4218,56,255,388.929,793.875
4219,62,255,414.871,794.919
4220,81,255,711.772,795.907
4221,61,255,759.566,794.254
4222,160,255,938.906,796.962
4223,40,255,1174.750,794.125
4224,52,255,42.981,795.135
4225,138,255,256.167,798.703
4226,22,255,430.864,794.000
4227,64,255,596.531,795.641
4228,41,255,850.500,794.256
4229,107,255,966.425,798.294
4230,79,255,555.209,798.146
4231,101,255,653.064,797.134
4232,95,255,884.563,798.174
4233,32,255,1318.719,796.469
4234,35,255,114.500,796.671
4235,96,255,181.896,798.375
4236,76,255,1094.961,797.434
4237,104,255,1399.356,798.365
4238,54,255,575.241,798.981
4239,100,255,606.070,803.090
4240,24,255,994.958,797.125
4241,109,255,1214.830,801.014
4242,21,255,485.881,797.976
4243,22,255,689.227,797.727
4244,109,255,871.271,800.445
4245,87,255,1037.661,799.328
4246,67,255,1376.276,799.679
4247,87,255,1414.879,799.385
4248,56,255,8.143,799.964
4249,67,255,402.590,801.157
4250,74,255,805.649,800.473
4251,67,255,842.097,803.037
4252,36,255,1059.694,799.167
4253,132,255,1200.985,802.341
4254,66,255,1277.152,799.939
4255,52,255,1302.615,799.923
4256,85,255,1530.159,801.853
4257,27,255,214.056,799.759
4258,106,255,520.509,803.047
4259,114,255,1364.307,805.728
4260,34,255,68.000,801.500
4261,60,255,696.750,803.333
4262,52,255,1127.692,802.269
4263,28,255,1490.143,800.964
4264,91,255,1560.038,803.357
4265,48,255,82.896,803.208
4266,110,255,294.600,804.436
4267,85,255,439.818,803.641
4268,104,255,505.894,803.260
4269,60,255,796.550,804.067
4270,94,255,828.606,804.777
4271,38,255,1542.500,802.000
4272,127,255,197.398,807.665
4273,65,255,452.546,804.454
4274,56,255,540.857,804.732
4275,29,255,564.155,802.741
4276,73,255,626.623,804.870
4277,59,255,772.415,804.314
4278,51,255,902.814,803.029
4279,83,255,1429.223,805.307
4280,101,255,151.718,806.748
4281,49,255,530.194,807.990
4282,77,255,748.617,805.487
4283,46,255,992.022,804.717
4284,95,255,1155.932,806.437
4285,39,255,1184.244,804.064
4286,78,255,1263.538,806.115
4287,102,255,26.931,806.784
4288,37,255,169.419,805.203
4289,46,255,331.891,805.391
4290,117,255,339.415,811.209
4291,45,255,356.167,806.033
4292,57,255,1230.430,805.851
4293,43,255,1288.314,805.523
4294,89,255,232.500,808.961
4295,41,255,419.085,807.159
4296,25,255,1085.540,807.420
4297,68,255,1380.706,807.765
4298,105,255,674.300,810.348
4299,126,255,690.024,813.492
4300,78,255,783.282,809.782
4301,52,255,1012.788,808.865
4302,114,255,1118.719,811.684
4303,30,255,1193.467,807.933
4304,69,255,1327.732,810.007
4305,58,255,1340.914,809.259
4306,80,255,1461.375,809.712
4307,34,255,1490.176,808.706
4308,72,255,1505.042,809.056
4309,84,255,1580.964,810.690
4310,46,255,104.609,809.870
4311,146,255,116.377,814.610
4312,52,255,182.365,809.596
4313,90,255,1244.967,811.256
4314,101,255,1300.688,810.886
4315,66,255,73.076,811.000
4316,50,255,94.320,811.160
4317,158,255,924.139,814.987
4318,36,255,1131.389,809.806
4319,31,255,166.016,811.081
4320,46,255,588.870,812.870
4321,26,255,819.346,811.154
4322,57,255,895.465,811.675
4323,136,255,947.029,814.250
4324,55,255,1481.027,813.064
4325,72,255,1549.417,812.667
4326,63,255,379.643,814.167
4327,58,255,843.207,814.103
4328,90,255,1426.544,813.322
4329,82,255,369.463,815.793
4330,56,255,723.000,814.125
4331,21,255,879.310,812.262
4332,178,255,1274.624,820.680
4333,57,255,172.114,815.219
4334,56,255,632.625,814.893
4335,127,255,646.610,817.083
4336,126,255,985.579,816.183
4337,81,255,1020.117,816.846
4338,66,255,1095.394,816.000
4339,136,255,286.191,818.728
4340,100,255,568.760,817.500
4341,55,255,734.082,816.300
4342,125,255,1071.860,817.716
4343,24,255,1181.375,814.750
4344,33,255,20.530,815.985
4345,52,255,800.558,817.846
4346,62,255,810.629,818.355
4347,146,255,1032.479,820.781
4348,53,255,1103.726,817.085
4349,54,255,225.593,818.185
4350,59,255,323.602,819.364
4351,76,255,509.737,818.316
4352,31,255,602.339,816.500
4353,71,255,1318.021,818.331
4354,50,255,1442.320,817.860
4355,104,255,49.010,819.990
4356,120,255,132.475,823.025
4357,97,255,153.964,821.222
4358,34,255,397.941,818.088
4359,76,255,407.197,819.763
4360,130,255,449.608,821.454
4361,84,255,485.083,819.976
4362,138,255,1525.283,822.399
4363,182,255,1591.049,823.516
4364,23,255,245.109,818.370
4365,80,255,424.238,821.225
4366,105,255,1006.081,822.329
4367,63,255,1218.325,820.151
4368,47,255,1334.649,819.394
4369,130,255,257.262,825.977
4370,115,255,271.622,823.952
4371,47,255,543.032,820.777
4372,114,255,68.044,825.281
4373,64,255,461.891,823.219
4374,162,255,590.111,826.802
4375,129,255,704.996,824.019
4376,93,255,1054.995,823.199
4377,38,255,524.289,823.132
4378,65,255,770.838,823.423
4379,67,255,1359.410,823.246
4380,77,255,1497.409,823.734
4381,106,255,1551.160,824.594
4382,114,255,236.184,828.000
4383,53,255,557.538,824.462
4384,43,255,888.523,823.640
4385,60,255,996.817,825.200
4386,65,255,1241.608,823.854
4387,60,255,1297.867,823.867
4388,65,255,1392.792,825.454
4389,58,255,534.086,825.552
4390,54,255,606.204,825.648
4391,91,255,1436.489,825.698
4392,77,255,1482.682,826.604
4393,53,255,176.745,826.104
4394,47,255,192.436,825.968
4395,122,255,854.500,828.820
4396,70,255,960.414,826.143
4397,60,255,1182.383,825.900
4398,57,255,1518.588,826.711
4399,32,255,95.000,825.969
4400,74,255,206.946,827.243
4401,50,255,298.140,827.120
4402,81,255,341.735,827.315
4403,94,255,383.404,828.766
4404,69,255,507.891,827.514
4405,150,255,620.693,828.500
4406,104,255,876.923,827.923
4407,53,255,914.462,828.085
4408,75,255,1258.060,827.767
4409,53,255,20.915,828.896
4410,58,255,546.603,827.914
4411,23,255,810.500,826.326
4412,64,255,932.203,828.531
4413,86,255,948.512,829.640
4414,118,255,1109.797,830.136
4415,56,255,896.571,830.054
4416,49,255,904.235,829.214
4417,22,255,1131.455,828.273
4418,63,255,1195.627,829.833
4419,71,255,1422.007,829.528
4420,70,255,756.271,830.386
4421,59,255,801.873,830.551
4422,42,255,834.095,829.714
4423,61,255,1172.041,830.566
4424,58,255,1310.431,830.138
4425,60,255,1504.533,830.183
4426,62,255,428.935,830.968
4427,80,255,1156.225,831.050
4428,117,255,1214.979,831.389
4429,71,255,1405.514,832.092
4430,136,255,395.294,836.993
4431,185,255,670.338,835.424
4432,139,255,694.112,834.802
4433,91,255,1078.973,832.940
4434,108,255,1367.889,833.500
4435,146,255,1454.288,835.103
4436,76,255,102.329,833.895
4437,68,255,180.471,834.353
4438,73,255,327.856,833.349
4439,44,255,818.795,833.159
4440,29,255,1333.534,831.155
4441,106,255,1473.311,835.396
4442,36,255,369.333,832.972
4443,101,255,772.005,835.223
4444,121,255,1064.707,836.632
4445,51,255,1139.206,833.951
4446,46,255,221.870,835.696
4447,87,255,711.351,836.937
4448,110,255,740.682,836.409
4449,86,255,1321.360,837.419
4450,91,255,464.555,837.368
4451,232,255,503.272,840.470
4452,141,255,982.472,837.330
4453,66,255,1003.803,835.818
4454,149,255,1240.198,837.487
4455,59,255,1340.992,835.924
4456,23,255,83.543,835.413
4457,50,255,191.940,836.520
4458,138,255,483.138,840.746
4459,72,255,653.708,837.833
4460,38,255,1525.158,836.158
4461,70,255,1544.043,837.329
4462,105,255,159.452,840.071
4463,25,255,291.780,837.580
4464,105,255,599.224,838.805
4465,61,255,835.057,838.008
4466,51,255,905.461,837.147
4467,173,255,30.905,842.182
4468,113,255,76.394,843.403
4469,79,255,205.994,840.677
4470,79,255,246.462,840.133
4471,122,255,573.705,842.574
4472,54,255,642.889,839.463
4473,48,255,810.583,839.604
4474,69,255,1097.384,839.123
4475,52,255,1121.615,839.154
4476,43,255,1266.919,837.965
4477,90,255,1439.433,842.033
4478,55,255,409.336,840.209
4479,59,255,795.975,840.432
4480,119,255,1188.811,842.609
4481,103,255,1563.510,841.665
4482,74,255,956.932,841.297
4483,37,255,1385.851,840.500
4484,32,255,88.938,841.438
4485,52,255,298.923,842.115
4486,33,255,435.167,840.864
4487,58,255,1351.983,842.897
4488,62,255,1420.419,842.000
4489,52,255,1496.115,842.404
4490,80,255,225.188,844.663
4491,31,255,331.694,841.952
4492,75,255,342.793,844.380
4493,55,255,863.245,843.064
4494,94,255,543.096,846.191
4495,48,255,826.146,844.000
4496,42,255,1553.619,843.690
4497,111,255,1576.095,846.518
4498,73,255,1587.021,844.788
4499,35,255,1598.014,844.786
4500,40,255,44.100,845.025
4501,82,255,442.622,845.939
4502,190,255,617.537,849.889
4503,95,255,853.005,846.521
4504,72,255,873.611,846.056
4505,61,255,887.336,845.352
4506,106,255,559.085,847.858
4507,101,255,1211.589,847.569
4508,110,255,122.273,849.345
4509,49,255,321.194,846.847
4510,21,255,371.881,844.738
4511,35,255,781.243,846.300
4512,104,255,1008.731,848.673
4513,106,255,1047.594,848.811
4514,156,255,1137.481,851.917
4515,74,255,1288.378,848.176
4516,64,255,1393.641,847.938
4517,65,255,17.223,850.392
4518,67,255,100.336,848.172
4519,69,255,135.572,849.080
4520,27,255,763.685,847.093
4521,50,255,814.440,847.700
4522,133,255,1068.680,849.410
4523,50,255,57.060,849.180
4524,95,255,428.953,850.174
4525,123,255,694.500,849.589
4526,34,255,923.529,848.294
4527,148,255,1155.527,852.216
4528,94,255,1508.691,849.755
4529,57,255,308.570,850.132
4530,40,255,996.250,849.075
4531,64,255,1179.672,852.031
4532,139,255,1273.320,852.989
4533,28,255,1489.786,849.393
4534,32,255,150.281,850.438
4535,101,255,416.916,854.470
4536,105,255,727.243,854.557
4537,44,255,802.386,850.750
4538,22,255,835.591,850.182
4539,129,255,961.019,854.880
4540,192,255,1316.453,853.193
4541,68,255,1450.250,855.735
4542,79,255,635.778,852.892
4543,27,255,754.574,851.093
4544,59,255,980.585,852.466
4545,64,255,1224.828,852.797
4546,41,255,1375.500,851.866
4547,73,255,1461.377,853.815
4548,121,255,1473.087,855.583
4549,39,255,5.013,853.526
4550,58,255,162.086,853.397
4551,48,255,170.167,854.104
4552,122,255,295.172,855.369
4553,67,255,527.784,852.963
4554,109,255,712.784,854.720
4555,108,255,1343.019,855.917
4556,46,255,276.630,854.022
4557,58,255,330.345,854.828
4558,95,255,656.774,855.121
4559,57,255,770.061,854.535
4560,85,255,1422.229,855.900
4561,141,255,478.457,857.954
4562,81,255,600.698,856.673
4563,62,255,925.694,855.129
4564,176,255,1093.472,858.330
4565,30,255,1124.767,853.800
4566,41,255,1297.378,854.939
4567,42,255,1441.762,855.548
4568,51,255,460.206,856.637
4569,49,255,887.949,855.867
4570,71,255,1028.120,855.965
4571,36,255,1482.861,855.806
4572,123,255,66.386,858.411
4573,68,255,188.632,857.853
4574,80,255,511.363,859.013
4575,21,255,550.738,855.405
4576,99,255,912.833,860.318
4577,100,255,1018.540,860.540
4578,122,255,1247.557,858.525
4579,58,255,1352.552,857.241
4580,105,255,245.043,859.090
4581,54,255,322.444,857.611
4582,63,255,353.405,858.389
4583,107,255,691.995,859.547
4584,101,255,808.213,858.520
4585,92,255,1404.620,858.543
4586,81,255,1430.315,859.944
4587,64,255,130.141,859.375
4588,43,255,232.477,859.174
4589,57,255,402.816,858.482
4590,58,255,584.897,860.017
4591,42,255,667.643,857.952
4592,61,255,854.664,859.041
4593,141,255,944.443,860.578
4594,21,255,1007.024,858.119
4595,29,255,1038.190,858.293
4596,35,255,1054.700,858.500
4597,22,255,1205.636,857.545
4598,47,255,1390.436,858.223
4599,59,255,218.263,861.873
4600,63,255,448.008,860.643
4601,39,255,1062.756,858.910
4602,65,255,1366.238,859.531
4603,65,255,762.331,862.731
4604,60,255,785.717,860.983
4605,28,255,902.893,861.036
4606,91,255,988.929,863.192
4607,110,255,1116.700,864.345
4608,111,255,106.086,864.905
4609,76,255,567.868,864.039
4610,34,255,838.235,861.176
4611,54,255,1233.000,862.241
4612,88,255,1503.136,862.273
4613,146,255,1529.959,864.596
4614,81,255,1596.969,864.698
4615,122,255,269.975,864.664
4616,62,255,895.468,863.435
4617,110,255,928.609,866.027
4618,68,255,1554.824,864.103
4619,65,255,1582.808,863.638
4620,21,255,679.548,863.310
4621,90,255,744.478,863.722
4622,72,255,44.250,866.250
4623,57,255,551.868,865.096
4624,59,255,624.398,865.110
4625,54,255,1573.278,865.981
4626,89,255,152.309,867.298
4627,50,255,289.180,867.860
4628,61,255,379.008,866.762
4629,44,255,389.205,866.114
4630,138,255,487.717,868.964
4631,212,255,527.797,869.274
4632,48,255,21.312,867.521
4633,99,255,599.197,869.753
4634,48,255,661.667,866.625
4635,125,255,1181.692,871.132
4636,67,255,1197.634,867.694
4637,123,255,1285.102,869.232
4638,100,255,1323.310,868.580
4639,37,255,3.419,867.068
4640,73,255,128.938,868.021
4641,50,255,207.460,868.420
4642,62,255,338.500,869.677
4643,31,255,507.113,868.210
4644,132,255,794.409,871.902
4645,100,255,1129.060,870.880
4646,62,255,1160.677,869.387
4647,68,255,423.706,871.015
4648,131,255,887.401,872.363
4649,78,255,1036.679,871.179
4650,76,255,1067.763,871.368
4651,52,255,1240.135,870.462
4652,80,255,1385.188,870.612
4653,160,255,1471.919,872.163
4654,78,255,350.500,871.744
4655,106,255,615.755,874.830
4656,131,255,649.744,874.057
4657,39,255,833.936,870.654
4658,48,255,844.500,870.750
4659,69,255,862.341,870.862
4660,76,255,1151.776,871.776
4661,124,255,1366.508,873.234
4662,82,255,437.061,872.890
4663,67,255,778.799,872.978
4664,80,255,457.562,873.612
4665,71,255,559.246,873.979
4666,38,255,577.658,872.342
4667,51,255,735.088,872.990
4668,48,255,758.500,872.521
4669,26,255,872.731,872.423
4670,93,255,1250.382,874.511
4671,77,255,1515.136,875.331
4672,55,255,242.827,874.027
4673,56,255,329.250,875.000
4674,44,255,551.205,873.750
4675,106,255,690.481,875.802
4676,124,255,1423.976,875.750
4677,22,255,1442.409,872.591
4678,101,255,1496.035,874.649
4679,20,255,282.100,874.000
4680,53,255,1097.500,875.406
4681,178,255,1302.135,882.511
4682,22,255,1345.682,874.500
4683,61,255,51.254,877.074
4684,51,255,81.618,875.794
4685,43,255,160.500,875.500
4686,96,255,251.573,878.573
4687,54,255,807.222,875.667
4688,110,255,974.418,878.336
4689,77,255,994.565,876.656
4690,88,255,118.432,878.750
4691,48,255,271.375,876.271
4692,111,255,360.653,879.041
4693,178,255,394.185,881.191
4694,32,255,1023.688,875.812
4695,63,255,1085.865,877.643
4696,87,255,1230.052,878.397
4697,99,255,27.348,880.409
4698,54,255,38.796,877.815
4699,110,255,472.082,879.982
4700,106,255,573.509,882.104
4701,87,255,723.925,880.489
4702,81,255,958.414,878.660
4703,90,255,1538.600,879.744
4704,174,255,1567.402,881.529
4705,81,255,3.204,881.599
4706,79,255,202.272,879.310
4707,181,255,222.638,884.108
4708,90,255,374.389,879.833
4709,29,255,428.672,877.603
4710,90,255,702.944,880.767
4711,59,255,1268.822,879.839
4712,51,255,1330.951,878.225
4713,56,255,293.571,881.554
4714,105,255,304.681,882.500
4715,31,255,1075.726,879.016
4716,60,255,1104.717,880.217
4717,103,255,1162.131,881.956
4718,66,255,1216.348,881.045
4719,75,255,1391.100,880.167
4720,139,255,1591.529,882.996
4721,40,255,417.450,880.850
4722,111,255,492.050,883.797
4723,186,255,741.699,886.382
4724,61,255,769.533,881.369
4725,78,255,826.103,881.564
4726,113,255,1285.739,883.765
4727,119,255,1450.324,883.105
4728,79,255,147.196,882.513
4729,32,255,533.594,881.125
4730,65,255,802.069,883.992
4731,37,255,884.446,881.068
4732,71,255,1206.007,882.754
4733,115,255,92.578,885.778
4734,129,255,899.004,885.616
4735,20,255,919.800,881.600
4736,56,255,941.411,882.589
4737,82,255,1437.732,885.561
4738,129,255,73.802,885.291
4739,110,255,1003.291,887.009
4740,72,255,1026.236,884.917
4741,169,255,438.565,889.938
4742,97,255,594.294,887.005
4743,27,255,987.204,884.204
4744,62,255,109.403,886.710
4745,83,255,461.560,887.030
4746,77,255,631.812,888.318
4747,258,255,1480.302,889.659
4748,81,255,714.241,888.599
4749,85,255,790.182,888.218
4750,57,255,926.675,886.816
4751,65,255,1017.146,887.638
4752,63,255,1184.071,886.373
4753,41,255,1414.646,886.280
4754,116,255,178.681,890.181
4755,150,255,646.940,891.520
4756,67,255,1146.888,888.007
4757,91,255,1352.159,889.654
4758,112,255,132.196,890.955
4759,67,255,505.784,888.993
4760,59,255,560.822,888.873
4761,81,255,847.043,889.809
4762,59,255,1376.907,889.686
4763,56,255,1069.071,890.482
4764,65,255,1249.438,890.746
4765,79,255,1325.525,891.665
4766,74,255,1389.230,890.649
4767,66,255,409.152,891.515
4768,206,255,677.180,895.782
4769,105,255,758.814,892.843
4770,65,255,871.762,890.838
4771,138,255,1043.601,893.217
4772,23,255,1314.543,890.022
4773,46,255,552.717,891.978
4774,117,255,909.466,895.868
4775,34,255,931.971,891.765
4776,110,255,945.800,894.636
4777,47,255,1077.011,892.798
4778,52,255,237.288,893.115
4779,63,255,281.310,893.659
4780,122,255,530.803,894.525
4781,93,255,1241.167,894.661
4782,24,255,1362.208,891.542
4783,133,255,698.026,894.778
4784,108,255,966.963,894.324
4785,191,255,1223.495,897.929
4786,129,255,1506.957,897.035
4787,58,255,25.966,895.155
4788,73,255,251.870,896.021
4789,47,255,1420.947,894.479
4790,39,255,42.397,895.808
4791,72,255,342.000,896.889
4792,115,255,1524.083,898.743
4793,175,255,112.437,900.683
4794,58,255,490.310,896.552
4795,71,255,597.387,897.106
4796,58,255,1150.121,897.328
4797,38,255,1184.921,896.553
4798,104,255,1198.365,898.452
4799,132,255,1265.917,897.909
4800,81,255,1561.080,897.130
4801,77,255,312.578,898.799
4802,71,255,453.148,898.077
4803,42,255,579.976,897.810
4804,63,255,849.389,898.452
4805,50,255,885.580,897.660
4806,93,255,1111.382,899.242
4807,120,255,4.542,903.567
4808,71,255,387.458,900.317
4809,62,255,542.387,900.952
4810,65,255,561.485,898.823
4811,46,255,1020.130,898.391
4812,44,255,1030.886,898.159
4813,51,255,1066.892,898.186
4814,75,255,223.020,900.553
4815,43,255,463.779,901.128
4816,67,255,804.500,900.619
4817,164,255,991.573,903.665
4818,60,255,1099.183,900.433
4819,173,255,740.627,904.049
4820,74,255,826.068,903.149
4821,63,255,837.310,901.389
4822,20,255,979.700,900.000
4823,76,255,1123.803,902.092
4824,132,255,1330.598,904.341
4825,68,255,1349.912,900.500
4826,138,255,1377.609,903.993
4827,38,255,1414.368,899.868
4828,30,255,1451.200,900.233
4829,34,255,1592.676,899.853
4830,48,255,30.562,902.729
4831,108,255,80.074,905.620
4832,107,255,96.640,905.005
4833,36,255,185.861,902.361
4834,172,255,420.715,906.837
4835,96,255,870.823,903.104
4836,87,255,51.213,904.879
4837,69,255,237.428,904.239
4838,30,255,971.400,902.233
4839,44,255,1580.977,902.250
4840,27,255,283.722,903.278
4841,71,255,922.331,905.303
4842,74,255,1155.703,906.878
4843,63,255,1433.865,903.437
4844,142,255,1481.845,907.366
4845,65,255,193.285,905.792
4846,113,255,627.739,906.881
4847,85,255,1176.512,905.606
4848,69,255,296.138,906.312
4849,20,255,318.250,904.150
4850,53,255,443.330,907.009
4851,29,255,515.948,904.810
4852,51,255,576.441,905.206
4853,79,255,644.259,907.766
4854,68,255,769.735,906.529
4855,27,255,793.722,904.537
4856,93,255,1281.876,907.866
4857,96,255,1316.000,908.198
4858,72,255,23.375,908.500
4859,50,255,135.180,907.480
4860,41,255,157.915,906.061
4861,41,255,781.744,906.232
4862,141,255,1550.025,910.245
4863,91,255,354.698,910.236
4864,75,255,696.487,908.207
4865,64,255,1011.984,908.266
4866,133,255,65.117,911.041
4867,69,255,279.297,910.022
4868,100,255,335.160,910.340
4869,77,255,465.461,910.279
4870,33,255,529.773,907.712
4871,22,255,1254.000,907.500
4872,89,255,1351.680,909.500
4873,47,255,1515.649,907.606
4874,69,255,1564.268,910.152
4875,68,255,41.441,911.029
4876,106,255,488.245,911.208
4877,66,255,665.788,910.364
4878,86,255,877.581,912.349
4879,56,255,913.750,910.196
4880,48,255,950.521,909.667
4881,37,255,966.311,909.635
4882,108,255,207.287,913.787
4883,96,255,377.115,913.948
4884,54,255,563.111,912.574
4885,109,255,680.876,914.206
4886,76,255,711.211,912.237
4887,79,255,842.158,913.627
4888,88,255,1034.250,914.580
4889,78,255,1085.718,912.128
4890,46,255,1126.239,912.283
4891,181,255,1390.865,916.196
4892,64,255,1451.297,912.953
4893,81,255,1595.660,912.809
4894,62,255,147.419,914.306
4895,105,255,160.890,915.557
4896,68,255,179.397,914.088
4897,76,255,317.526,913.092
4898,83,255,611.765,914.283
4899,42,255,896.333,912.190
4900,55,255,1138.609,913.227
4901,52,255,1298.115,912.750
4902,96,255,114.990,915.396
4903,111,255,265.833,914.599
4904,49,255,364.908,914.378
4905,70,255,593.743,914.514
4906,147,255,1211.235,915.534
4907,33,255,1530.561,913.258
4908,54,255,124.241,915.685
4909,116,255,398.569,916.147
4910,28,255,1148.429,914.500
4911,74,255,1227.892,915.419
4912,76,255,1438.579,915.908
4913,66,255,219.470,916.848
4914,37,255,1102.797,915.041
4915,98,255,1181.204,917.316
4916,141,255,1268.720,918.720
4917,125,255,1467.644,918.268
4918,41,255,1539.159,915.159
4919,76,255,36.605,919.355
4920,92,255,98.957,918.109
4921,58,255,579.345,916.310
4922,97,255,786.490,918.294
4923,106,255,1054.038,919.000
4924,98,255,1073.653,919.367
4925,39,255,1116.474,917.013
4926,25,255,474.980,918.020
4927,93,255,661.629,920.349
4928,148,255,751.446,919.351
4929,63,255,803.786,917.897
4930,142,255,949.514,920.289
4931,64,255,992.484,917.562
4932,41,255,195.476,919.305
4933,55,255,436.936,918.973
4934,55,255,499.373,919.082
4935,36,255,458.167,920.444
4936,68,255,538.912,921.926
4937,66,255,551.500,921.348
4938,103,255,248.752,923.636
4939,62,255,767.258,921.258
4940,80,255,777.150,923.638
4941,56,255,928.643,921.786
4942,63,255,1026.992,921.008
4943,96,255,1504.500,921.562
4944,87,255,290.167,923.040
4945,69,255,421.486,922.688
4946,112,255,512.795,923.384
4947,34,255,633.118,921.559
4948,47,255,864.862,922.479
4949,134,255,914.530,923.739
4950,108,255,305.704,923.593
4951,118,255,338.229,925.153
4952,73,255,891.349,923.432
4953,55,255,1106.027,922.082
4954,54,255,1196.148,922.074
4955,126,255,1563.802,925.579
4956,62,255,1581.339,923.161
4957,34,255,186.647,923.118
4958,86,255,274.326,926.733
4959,71,255,838.768,924.993
4960,21,255,1141.786,921.833
4961,63,255,1286.849,923.706
4962,101,255,1336.134,924.787
4963,84,255,1526.107,925.107
4964,42,255,6.405,925.714
4965,32,255,490.312,924.156
4966,95,255,566.395,926.489
4967,100,255,735.820,926.650
4968,74,255,985.500,927.297
4969,64,255,1014.609,925.984
4970,58,255,1319.621,924.638
4971,85,255,1483.076,925.818
4972,74,255,65.811,926.446
4973,106,255,325.009,929.811
4974,84,255,356.762,927.702
4975,48,255,375.354,925.812
4976,20,255,623.100,925.000
4977,56,255,1005.000,927.000
4978,51,255,1153.873,926.422
4979,48,255,1310.458,925.812
4980,41,255,1431.256,924.402
4981,22,255,1445.909,924.091
4982,138,255,393.297,931.906
4983,93,255,473.317,928.597
4984,89,255,643.309,928.736
4985,57,255,851.921,927.009
4986,124,255,1169.960,929.331
4987,28,255,258.643,927.000
4988,104,255,800.837,928.875
4989,123,255,1256.289,930.159
4990,97,255,119.624,930.933
4991,62,255,680.952,928.726
4992,37,255,1062.176,929.122
4993,91,255,1368.038,930.236
4994,50,255,368.260,930.720
4995,80,255,433.525,930.600
4996,32,255,1084.844,928.312
4997,142,255,1223.845,934.901
4998,51,255,1242.637,930.441
4999,31,255,1356.145,928.984
5000,92,255,1588.598,932.391
5001,34,255,232.971,931.353
5002,155,255,709.719,933.648
5003,97,255,900.469,933.005
5004,39,255,1181.577,930.218
5005,109,255,1206.986,931.729
5006,63,255,1273.198,931.230
5007,90,255,1391.211,932.044
5008,26,255,1405.923,929.692
5009,96,255,220.844,934.406
5010,53,255,616.085,931.991
5011,73,255,976.363,933.281
5012,69,255,1024.746,932.819
5013,47,255,1512.798,931.415
5014,32,255,54.031,932.312
5015,92,255,724.924,934.576
5016,46,255,765.022,932.457
5017,171,255,953.939,935.529
5018,62,255,1100.387,934.306
5019,25,255,1494.900,931.660
5020,97,255,1547.851,933.706
5021,56,255,27.286,935.357
5022,141,255,80.472,937.060
5023,116,255,173.207,936.431
5024,38,255,420.026,933.737
5025,58,255,551.500,934.000
5026,83,255,586.801,935.380
5027,61,255,1346.467,934.090
5028,77,255,1528.604,934.019
5029,64,255,20.062,937.281
5030,54,255,45.704,935.926
5031,64,255,535.062,936.297
5032,76,255,1114.987,935.776
5033,58,255,1289.362,935.190
5034,31,255,1299.081,933.952
5035,80,255,1571.950,935.913
5036,124,255,148.976,939.113
5037,42,255,671.595,935.762
5038,114,255,572.325,939.500
5039,30,255,657.867,936.533
5040,48,255,824.917,936.562
5041,36,255,1089.167,935.500
5042,79,255,1439.690,938.209
5043,52,255,448.346,939.000
5044,48,255,515.979,937.854
5045,40,255,1069.025,936.350
5046,71,255,1236.697,939.908
5047,20,255,1411.000,936.000
5048,149,255,200.406,941.601
5049,104,255,480.971,941.106
5050,47,255,504.755,939.883
5051,66,255,1322.000,939.758
5052,73,255,1450.390,939.295
5053,60,255,2.533,942.267
5054,97,255,250.139,941.851
5055,50,255,270.200,940.520
5056,29,255,280.017,938.741
5057,123,255,300.931,942.012
5058,78,255,495.359,941.872
5059,67,255,833.978,940.276
5060,139,255,855.745,943.032
5061,138,255,872.587,943.964
5062,51,255,1032.853,940.637
5063,22,255,1402.318,939.182
5064,72,255,1497.556,940.639
5065,102,255,350.069,943.235
5066,60,255,428.600,941.183
5067,81,255,460.389,941.093
5068,24,255,630.000,940.167
5069,43,255,740.012,940.919
5070,76,255,1017.645,941.250
5071,28,255,1079.000,939.643
5072,117,255,1190.808,941.568
5073,185,255,778.386,945.624
5074,146,255,1135.890,943.596
5075,30,255,1597.433,941.600
5076,107,255,55.650,945.332
5077,67,255,182.978,944.888
5078,132,255,366.705,946.705
5079,104,255,921.846,944.731
5080,64,255,1155.016,943.156
5081,82,255,1345.073,943.854
5082,170,255,1358.776,948.582
5083,57,255,1394.798,943.553
5084,67,255,397.112,944.291
5085,116,255,647.914,946.112
5086,50,255,814.080,943.600
5087,52,255,1091.712,943.577
5088,94,255,1207.660,944.830
5089,104,255,114.904,949.394
5090,68,255,440.103,945.794
5091,96,255,679.990,948.760
5092,53,255,700.557,945.726
5093,34,255,792.029,945.265
5094,105,255,1489.738,949.481
5095,57,255,68.518,947.798
5096,51,255,104.363,947.108
5097,72,255,526.250,948.000
5098,55,255,547.264,946.809
5099,92,255,615.315,948.163
5100,45,255,689.767,946.878
5101,135,255,899.878,949.152
5102,41,255,940.183,945.890
5103,47,255,1042.160,946.436
5104,76,255,1553.671,948.658
5105,168,255,324.869,951.720
5106,63,255,385.024,947.833
5107,53,255,764.179,948.406
5108,67,255,976.575,948.201
5109,56,255,1006.125,947.536
5110,67,255,1535.858,947.888
5111,73,255,508.938,950.048
5112,46,255,1119.891,948.478
5113,58,255,1219.293,950.121
5114,81,255,1299.068,948.981
5115,68,255,133.471,950.118
5116,56,255,220.500,950.500
5117,95,255,596.942,949.816
5118,126,255,713.627,952.000
5119,42,255,840.548,949.500
5120,69,255,156.109,952.051
5121,151,255,242.440,953.725
5122,26,255,480.808,950.308
5123,84,255,555.298,952.512
5124,109,255,801.528,952.289
5125,108,255,944.037,954.370
5126,64,255,994.641,951.219
5127,45,255,1265.256,949.744
5128,66,255,1400.470,952.970
5129,97,255,1439.057,953.077
5130,25,255,1449.700,949.540
5131,42,255,1457.310,950.810
5132,33,255,582.561,951.742
5133,70,255,1078.671,951.557
5134,61,255,1315.205,951.828
5135,41,255,1334.988,952.085
5136,144,255,1581.549,954.125
5137,40,255,196.000,953.000
5138,85,255,421.971,954.406
5139,54,255,883.000,953.074
5140,75,255,1188.847,953.220
5141,84,255,1252.524,953.631
5142,58,255,1517.603,952.862
5143,134,255,1564.664,954.746
5144,91,255,89.225,955.423
5145,85,255,277.853,956.406
5146,39,255,756.551,952.987
5147,112,255,1150.786,955.536
5148,49,255,1232.561,955.153
5149,33,255,62.924,954.833
5150,54,255,818.741,954.741
5151,109,255,1165.573,956.867
5152,49,255,1383.398,953.622
5153,34,255,73.147,954.971
5154,94,255,306.223,958.234
5155,138,255,655.964,958.457
5156,77,255,35.643,958.383
5157,53,255,447.481,957.142
5158,105,255,536.014,959.414
5159,52,255,1123.692,955.942
5160,41,255,176.500,957.256
5161,92,255,188.783,959.707
5162,62,255,1370.677,958.516
5163,27,255,1468.352,957.167
5164,101,255,1527.569,959.748
5165,146,255,225.000,962.370
5166,125,255,848.052,962.940
5167,109,255,1275.225,960.702
5168,104,255,1422.615,960.615
5169,125,255,98.668,962.196
5170,169,255,778.843,965.033
5171,55,255,1020.627,960.336
5172,111,255,1066.482,962.347
5173,75,255,1388.633,960.220
5174,122,255,1408.385,962.500
5175,78,255,10.923,961.705
5176,37,255,290.176,960.743
5177,66,255,605.379,961.455
5178,30,255,675.633,960.533
5179,67,255,1318.963,961.052
5180,44,255,117.591,961.932
5181,88,255,139.648,963.443
5182,47,255,169.670,962.117
5183,71,255,205.782,963.134
5184,39,255,463.731,961.859
5185,84,255,522.810,964.155
5186,148,255,740.507,964.804
5187,71,255,999.134,961.754
5188,33,255,1593.379,961.652
5189,118,255,355.814,966.119
5190,33,255,370.106,963.530
5191,134,255,378.836,967.276
5192,54,255,929.333,961.926
5193,115,255,1035.526,965.439
5194,68,255,1053.044,964.000
5195,61,255,1303.074,962.631
5196,57,255,267.675,964.219
5197,37,255,298.041,963.716
5198,49,255,334.418,964.316
5199,32,255,402.688,963.625
5200,32,255,614.969,963.812
5201,92,255,972.217,964.772
5202,57,255,1080.132,964.868
5203,71,255,1179.824,963.979
5204,50,255,1477.820,963.160
5205,66,255,154.485,965.439
5206,35,255,471.871,964.157
5207,38,255,752.711,963.605
5208,70,255,812.543,965.000
5209,68,255,884.618,964.574
5210,27,255,990.204,964.500
5211,72,255,1098.583,965.056
5212,43,255,1492.942,963.942
5213,68,255,512.250,966.912
5214,78,255,127.821,968.026
5215,51,255,430.382,967.794
5216,76,255,441.566,967.513
5217,54,255,493.074,967.204
5218,30,255,1193.133,966.133
5219,40,255,1512.425,965.550
5220,72,255,67.528,968.708
5221,54,255,346.593,968.630
5222,126,255,395.484,971.341
5223,97,255,712.428,969.242
5224,36,255,1109.306,967.667
5225,56,255,1227.714,966.929
5226,57,255,1451.026,967.307
5227,63,255,320.976,969.325
5228,72,255,637.861,969.139
5229,95,255,687.195,969.742
5230,41,255,957.915,968.037
5231,51,255,1574.500,968.500
5232,73,255,252.651,971.404
5233,113,255,417.358,971.739
5234,63,255,798.881,970.484
5235,80,255,1543.237,971.675
5236,45,255,565.567,970.811
5237,97,255,819.098,972.273
5238,133,255,863.538,972.944
5239,37,255,1313.122,970.257
5240,115,255,56.509,974.630
5241,86,255,503.663,974.186
5242,103,255,1473.451,973.782
5243,86,255,40.849,973.581
5244,84,255,240.952,975.274
5245,58,255,334.017,973.776
5246,81,255,458.821,973.685
5247,87,255,1278.305,973.902
5248,45,255,931.078,973.389
5249,64,255,1442.672,974.594
5250,60,255,1515.150,973.183
5251,29,255,170.224,974.293
5252,61,255,304.254,975.484
5253,62,255,980.677,974.710
5254,111,255,1004.113,976.545
5255,100,255,1355.020,976.900
5256,31,255,1554.500,974.016
5257,158,255,1586.329,978.259
5258,54,255,291.500,977.111
5259,96,255,676.438,977.708
5260,106,255,943.717,977.189
5261,58,255,1258.655,976.741
5262,129,255,209.826,980.996
5263,93,255,281.231,978.199
5264,28,255,766.214,975.893
5265,43,255,920.500,976.360
5266,135,255,1152.989,979.219
5267,58,255,1190.672,976.259
5268,96,255,1223.375,977.365
5269,47,255,1337.649,977.032
5270,84,255,1370.512,976.667
5271,176,255,181.148,980.705
5272,51,255,270.324,979.225
5273,172,255,579.471,983.407
5274,93,255,638.554,978.769
5275,66,255,755.636,978.697
5276,53,255,896.387,978.142
5277,36,255,968.667,976.750
5278,65,255,1294.023,978.162
5279,61,255,18.713,979.287
5280,133,255,83.944,979.778
5281,65,255,262.454,980.008
5282,73,255,516.295,979.705
5283,95,255,600.511,981.121
5284,21,255,911.881,977.738
5285,71,255,1089.669,978.486
5286,88,255,1207.670,978.932
5287,45,255,139.456,980.233
5288,47,255,691.968,980.500
5289,58,255,1519.293,979.655
5290,63,255,6.786,981.373
5291,79,255,401.196,982.816
5292,45,255,711.389,981.011
5293,64,255,960.203,981.625
5294,65,255,1381.900,982.054
5295,80,255,1569.500,981.938
5296,76,255,227.908,982.789
5297,128,255,618.008,985.141
5298,60,255,655.683,981.500
5299,127,255,985.980,983.374
5300,91,255,111.390,984.786
5301,111,255,125.050,984.698
5302,163,255,156.500,984.997
5303,30,255,320.000,982.000
5304,85,255,436.912,983.806
5305,132,255,816.636,985.644
5306,136,255,843.581,985.596
5307,120,255,1056.267,983.383
5308,87,255,1071.063,984.282
5309,70,255,1109.500,985.357
5310,133,255,1127.643,987.274
5311,34,255,1175.971,981.912
5312,125,255,1240.772,986.436
5313,32,255,1489.000,981.500
5314,21,255,462.405,982.214
5315,40,255,703.850,983.775
5316,39,255,1186.474,983.013
5317,101,255,1313.866,984.391
5318,57,255,27.272,985.482
5319,36,255,413.417,983.861
5320,67,255,738.291,985.201
5321,54,255,1407.444,984.630
5322,43,255,1531.035,984.663
5323,27,255,1544.648,983.722
5324,20,255,197.400,984.450
5325,117,255,372.714,988.474
5326,112,255,1100.277,988.598
5327,81,255,1393.574,987.364
5328,135,255,1442.589,988.493
5329,40,255,332.250,986.050
5330,38,255,454.447,987.158
5331,102,255,1263.588,987.549
5332,76,255,1472.276,987.105
5333,57,255,38.342,987.939
5334,80,255,96.588,989.450
5335,74,255,238.784,988.608
5336,79,255,309.158,989.538
5337,26,255,491.846,987.769
5338,113,255,871.978,990.279
5339,112,255,1006.821,989.554
5340,61,255,1164.697,988.172
5341,118,255,1332.534,988.161
5342,117,255,443.577,994.868
5343,96,255,786.115,990.885
5344,47,255,1597.351,990.585
5345,80,255,361.038,991.850
5346,51,255,425.892,990.578
5347,134,255,661.933,992.537
5348,54,255,728.444,990.389
5349,35,255,890.986,989.186
5350,115,255,1494.343,993.387
5351,57,255,11.079,990.605
5352,120,255,59.267,994.775
5353,40,255,201.775,990.575
5354,25,255,247.540,990.260
5355,76,255,470.329,991.842
5356,31,255,589.758,989.758
5357,52,255,716.038,990.212
5358,37,255,769.635,990.203
5359,86,255,799.186,995.767
5360,52,255,1119.038,992.731
5361,91,255,1426.467,992.038
5362,110,255,1512.391,992.973
5363,150,255,344.280,995.093
5364,64,255,899.969,992.828
5365,117,255,1376.739,995.551
5366,95,255,1414.984,995.679
5367,76,255,1564.303,993.316
5368,35,255,70.986,993.986
5369,37,255,189.230,993.446
5370,40,255,265.250,993.950
5371,86,255,640.651,995.256
5372,105,255,1550.290,995.614
5373,61,255,46.795,996.648
5374,52,255,86.212,995.096
5375,60,255,274.717,995.533
5376,82,255,835.463,995.402
5377,52,255,1181.000,995.346
5378,85,255,1296.112,995.300
5379,106,255,566.274,997.151
5380,31,255,807.371,995.565
5381,28,255,1159.607,995.179
5382,159,255,1577.852,999.903
5383,131,255,131.500,998.943
5384,32,255,334.969,996.625
5385,49,255,675.622,996.541
5386,67,255,1438.381,998.455
5387,144,255,400.667,998.896
5388,62,255,886.484,997.919
5389,82,255,1251.390,998.366
5390,39,255,1321.910,996.936
5391,111,255,704.437,1001.041
5392,60,255,721.067,999.233
5393,42,255,848.476,997.738
5394,63,255,1143.151,998.563
5395,51,255,1168.873,997.814
5396,53,255,18.292,1000.066
5397,89,255,252.657,1000.320
5398,73,255,513.747,999.610
5399,76,255,760.579,1000.487
5400,123,255,1216.638,1001.703
5401,110,255,423.373,1003.800
5402,190,255,585.500,1005.589
5403,59,255,1201.178,1000.534
5404,66,255,1236.530,1001.015
5405,156,255,1342.526,1002.436
5406,98,255,1508.959,1003.694
5407,44,255,385.182,1002.773
5408,49,255,486.173,1002.051
5409,89,255,198.837,1003.747
5410,74,255,1392.676,1005.230
5411,53,255,1458.594,1003.425
5412,125,255,156.372,1005.388
5413,58,255,176.759,1003.810
5414,66,255,281.955,1004.894
5415,145,255,461.403,1005.666
5416,47,255,476.564,1004.138
5417,33,255,771.833,1003.318
5418,27,255,1007.167,1002.685
5419,44,255,1483.000,1003.795
5420,41,255,1597.037,1003.500
5421,36,255,3.972,1005.250
5422,62,255,234.710,1006.000
5423,96,255,293.760,1006.312
5424,45,255,305.656,1005.056
5425,28,255,929.286,1003.321
5426,106,255,1369.009,1005.991
5427,53,255,1403.236,1005.198
5428,87,255,995.569,1007.420
5429,75,255,1527.940,1006.073
5430,101,255,549.312,1007.649
5431,107,255,673.668,1008.257
5432,49,255,1108.847,1006.582
5433,40,255,1117.025,1006.425
5434,142,255,1469.134,1009.310
5435,69,255,1558.906,1006.645
5436,56,255,351.750,1009.000
5437,36,255,685.806,1007.694
5438,125,255,864.388,1010.076
5439,62,255,974.935,1007.435
5440,23,255,1086.326,1006.413
5441,80,255,1129.600,1008.700
5442,40,255,1314.775,1007.425
5443,64,255,1453.094,1009.984
5444,64,255,364.594,1009.328
5445,51,255,646.500,1008.225
5446,29,255,911.328,1007.983
5447,60,255,1257.633,1008.450
5448,46,255,1498.435,1008.413
5449,110,255,182.318,1012.709
5450,64,255,443.938,1010.469
5451,80,255,492.238,1012.450
5452,69,255,924.210,1010.790
5453,114,255,1025.281,1011.088
5454,27,255,1044.093,1008.574
5455,80,255,1543.350,1010.300
5456,87,255,142.144,1012.316
5457,120,255,900.567,1013.417
5458,39,255,1484.679,1011.628
5459,53,255,62.689,1012.368
5460,46,255,79.000,1011.326
5461,31,255,242.210,1011.952
5462,113,255,506.916,1016.226
5463,105,255,809.195,1015.138
5464,45,255,818.011,1011.700
5465,50,255,879.200,1011.340
5466,115,255,940.039,1013.700
5467,30,255,1050.533,1011.133
5468,95,255,1235.468,1012.405
5469,78,255,53.346,1014.103
5470,77,255,391.266,1013.552
5471,49,255,639.439,1012.888
5472,97,255,855.180,1015.531
5473,115,255,1068.526,1014.257
5474,107,255,124.584,1015.678
5475,142,255,220.106,1016.739
5476,61,255,275.041,1014.844
5477,24,255,340.542,1012.917
5478,53,255,597.425,1014.783
5479,107,255,619.294,1015.266
5480,86,255,1592.570,1014.663
5481,90,255,19.789,1016.278
5482,124,255,34.355,1016.831
5483,117,255,401.953,1017.064
5484,70,255,1171.914,1014.743
5485,90,255,702.300,1015.989
5486,48,255,1092.646,1014.625
5487,68,255,1426.662,1015.750
5488,91,255,1566.258,1015.467
5489,32,255,320.594,1015.438
5490,61,255,426.254,1018.385
5491,26,255,738.500,1015.808
5492,216,255,836.481,1021.782
5493,68,255,1301.206,1017.868
5494,50,255,72.500,1018.120
5495,39,255,311.500,1017.500
5496,99,255,606.237,1025.338
5497,71,255,1285.697,1018.359
5498,84,255,1311.321,1020.250
5499,145,255,170.155,1022.328
5500,98,255,257.827,1020.602
5501,71,255,378.134,1019.866
5502,75,255,1186.887,1020.020
5503,87,255,1545.420,1019.397
5504,66,255,85.788,1020.470
5505,91,255,577.313,1021.478
5506,26,255,587.077,1018.577
5507,50,255,1365.900,1019.820
5508,50,255,99.840,1021.280
5509,37,255,350.878,1021.068
5510,96,255,454.615,1020.771
5511,103,255,536.053,1022.461
5512,122,255,554.303,1022.574
5513,23,255,959.370,1018.717
5514,73,255,1400.432,1021.116
5515,66,255,152.742,1023.530
5516,50,255,1438.720,1022.620
5517,86,255,199.802,1024.860
5518,102,255,247.000,1025.912
5519,51,255,319.657,1023.598
5520,63,255,1099.198,1022.421
5521,41,255,367.183,1023.695
5522,54,255,436.426,1023.981
5523,62,255,994.887,1023.613
5524,94,255,1015.596,1025.894
5525,112,255,52.830,1026.571
5526,54,255,143.889,1024.870
5527,38,255,1197.632,1024.000
5528,77,255,1210.461,1025.552
5529,64,255,1383.984,1024.766
5530,51,255,1449.284,1024.480
5531,28,255,1598.071,1025.357
5532,44,255,289.000,1025.500
5533,72,255,1230.389,1025.611
5534,44,255,1426.500,1025.000
5535,26,255,328.538,1025.808
5536,87,255,358.466,1029.500
5537,83,255,480.187,1026.946
5538,67,255,692.530,1027.291
5539,64,255,967.938,1026.469
5540,44,255,1160.455,1025.545
5541,37,255,1331.041,1025.743
5542,73,255,1562.596,1027.925
5543,119,255,631.634,1028.029
5544,25,255,646.500,1026.500
5545,36,255,706.639,1026.278
5546,47,255,756.032,1027.777
5547,53,255,1245.481,1027.349
5548,52,255,1363.038,1028.115
5549,67,255,15.560,1029.470
5550,91,255,105.302,1031.313
5551,69,255,231.094,1030.138
5552,28,255,307.893,1027.536
5553,79,255,494.880,1029.297
5554,56,255,666.000,1028.357
5555,48,255,788.208,1028.562
5556,45,255,855.100,1028.011
5557,48,255,1178.521,1028.188
5558,44,255,1256.227,1028.568
5559,55,255,1320.864,1028.936
5560,26,255,1581.385,1027.731
5561,59,255,275.839,1030.602
5562,58,255,23.948,1031.569
5563,38,255,80.026,1030.026
5564,24,255,117.000,1029.625
5565,136,255,130.485,1035.331
5566,70,255,219.429,1031.886
5567,106,255,456.094,1032.198
5568,114,255,928.754,1033.079
5569,41,255,947.793,1030.500
5570,39,255,1345.295,1029.474
5571,54,255,1475.056,1030.889
5572,37,255,1486.203,1029.824
5573,78,255,35.603,1032.462
5574,33,255,372.348,1032.106
5575,65,255,1031.362,1031.669
5576,64,255,298.547,1033.672
5577,40,255,324.875,1032.875
5578,20,255,342.650,1031.700
5579,51,255,524.147,1032.814
5580,27,255,655.093,1031.685
5581,84,255,887.369,1034.119
5582,31,255,1010.435,1031.919
5583,72,255,1586.417,1033.958
5584,67,255,150.739,1034.828
5585,84,255,177.762,1035.321
5586,64,255,425.219,1034.875
5587,97,255,437.067,1035.490
5588,52,255,1044.577,1033.462
5589,24,255,89.625,1034.167
5590,34,255,212.412,1035.471
5591,84,255,416.095,1037.071
5592,47,255,818.926,1034.457
5593,73,255,1057.637,1034.719
5594,47,255,1069.330,1034.883
5595,86,255,1266.140,1037.209
5596,41,255,1497.378,1034.549
5597,35,255,645.900,1034.529
5598,50,255,743.300,1034.860
5599,46,255,811.587,1036.978
5600,24,255,1106.000,1034.417
5601,25,255,169.540,1036.340
5602,116,255,283.207,1039.103
5603,68,255,308.265,1037.059
5604,47,255,533.777,1036.734
5605,61,255,900.680,1037.303
5606,21,255,1076.357,1035.833
5607,21,255,1098.643,1035.690
5608,95,255,1169.184,1039.447
5609,29,255,258.086,1037.224
5610,48,255,840.833,1037.729
5611,69,255,976.978,1037.297
5612,94,255,1137.074,1038.223
5613,75,255,1349.500,1037.167
5614,52,255,1410.077,1038.077
5615,21,255,52.500,1037.500
5616,102,255,70.814,1039.980
5617,28,255,333.750,1037.821
5618,55,255,508.536,1039.045
5619,38,255,594.184,1037.947
5620,51,255,611.676,1039.265
5621,36,255,830.917,1038.778
5622,49,255,913.500,1038.684
5623,30,255,1124.133,1037.600
5624,55,255,1380.009,1039.573
5625,57,255,1536.500,1038.412
5626,74,255,113.770,1040.757
5627,87,255,246.247,1041.086
5628,88,255,386.102,1039.625
5629,21,255,584.452,1038.214
5630,80,255,1205.013,1040.350
5631,36,255,1310.694,1039.333
5632,63,255,1486.659,1039.325
5633,28,255,1597.857,1039.607
5634,61,255,715.352,1040.270
5635,48,255,782.542,1040.396
5636,25,255,1112.740,1039.900
5637,40,255,1469.800,1039.725
5638,85,255,198.806,1043.018
5639,41,255,359.451,1041.232
5640,88,255,1030.080,1041.205
5641,45,255,184.122,1043.233
5642,44,255,325.773,1043.023
5643,64,255,769.938,1043.297
5644,31,255,821.758,1042.468
5645,84,255,865.131,1042.881
5646,27,255,1092.093,1041.426
5647,30,255,1103.200,1041.433
5648,53,255,1188.726,1041.519
5649,37,255,1277.635,1042.554
5650,32,255,1418.406,1041.438
5651,37,255,1430.608,1042.527
5652,29,255,30.845,1042.948
5653,49,255,266.194,1045.010
5654,58,255,497.828,1045.052
5655,59,255,734.331,1043.686
5656,62,255,997.000,1042.871
5657,65,255,1082.531,1045.208
5658,70,255,229.986,1045.800
5659,58,255,337.207,1044.655
5660,42,255,1287.286,1044.214
5661,104,255,150.615,1047.385
5662,67,255,216.679,1046.993
5663,72,255,460.542,1047.542
5664,53,255,583.613,1045.292
5665,88,255,1297.170,1048.193
5666,84,255,1439.048,1047.905
5667,59,255,1465.347,1045.737
5668,107,255,474.995,1047.902
5669,35,255,1388.186,1045.929
5670,49,255,1397.949,1046.643
5671,32,255,1580.875,1046.219
5672,51,255,3.735,1048.578
5673,168,255,88.833,1052.083
5674,62,255,753.468,1047.452
5675,21,255,878.071,1046.071
5676,55,255,946.282,1047.118
5677,63,255,167.770,1048.897
5678,31,255,391.790,1047.790
5679,48,255,1199.292,1048.917
5680,43,255,1525.081,1048.477
5681,87,255,1571.787,1052.339
5682,68,255,131.250,1050.044
5683,49,255,286.480,1049.908
5684,64,255,929.953,1049.297
5685,32,255,1210.594,1048.344
5686,43,255,1228.965,1048.872
5687,67,255,316.843,1050.828
5688,69,255,381.949,1052.601
5689,60,255,1325.400,1049.850
5690,51,255,1591.618,1049.971
5691,64,255,682.844,1052.688
5692,45,255,1551.056,1051.300
5693,35,255,36.757,1052.500
5694,76,255,56.026,1053.474
5695,61,255,365.615,1052.762
5696,29,255,973.948,1051.086
5697,33,255,1143.500,1051.197
5698,71,255,1354.261,1053.289
5699,47,255,1413.351,1052.500
5700,38,255,1458.526,1051.868
5701,89,255,25.669,1055.635
5702,77,255,296.448,1055.383
5703,67,255,549.470,1053.440
5704,78,255,729.615,1054.077
5705,81,255,994.228,1053.698
5706,120,255,1121.600,1055.783
5707,53,255,1561.858,1054.311
5708,144,255,106.917,1058.514
5709,31,255,448.919,1053.177
5710,20,255,571.550,1053.600
5711,49,255,809.847,1054.255
5712,138,255,1039.254,1059.572
5713,37,255,1265.527,1053.851
5714,22,255,225.773,1054.545
5715,28,255,257.607,1054.536
5716,62,255,693.871,1055.871
5717,68,255,713.147,1055.882
5718,63,255,1029.770,1056.786
5719,35,255,1063.757,1055.014
5720,51,255,1162.108,1055.735
5721,59,255,1481.992,1056.059
5722,49,255,174.173,1057.112
5723,77,255,430.032,1057.409
5724,32,255,539.219,1056.312
5725,40,255,1100.375,1056.375
5726,59,255,119.975,1058.432
5727,60,255,232.150,1058.217
5728,57,255,282.798,1057.746
5729,58,255,765.638,1056.759
5730,124,255,1010.008,1061.226
5731,63,255,1452.913,1058.071
5732,46,255,73.804,1058.696
5733,41,255,793.378,1057.988
5734,29,255,933.638,1058.086
5735,93,255,1223.952,1062.812
5736,75,255,320.300,1060.020
5737,35,255,417.671,1059.186
5738,31,255,459.016,1058.855
5739,44,255,479.477,1060.000
5740,71,255,749.711,1058.908
5741,32,255,1215.469,1058.594
5742,42,255,1384.071,1058.643
5743,89,255,1426.815,1062.747
5744,49,255,1517.031,1058.684
5745,87,255,41.891,1062.592
5746,113,255,157.969,1062.429
5747,62,255,366.548,1061.113
5748,53,255,921.915,1060.896
5749,40,255,970.550,1059.750
5750,104,255,1374.269,1062.144
5751,62,255,1398.000,1061.952
5752,61,255,1592.369,1060.943
5753,58,255,65.155,1063.310
5754,35,255,349.071,1061.700
5755,51,255,667.304,1061.245
5756,113,255,1140.305,1062.323
5757,50,255,1170.780,1061.720
5758,48,255,1543.104,1061.396
5759,69,255,265.181,1063.297
5760,54,255,1529.019,1062.074
5761,109,255,336.628,1066.243
5762,127,255,450.366,1065.594
5763,28,255,517.286,1062.607
5764,87,255,641.868,1064.259
5765,51,255,657.343,1064.912
5766,103,255,888.578,1065.034
5767,85,255,905.171,1065.712
5768,29,255,984.603,1062.845
5769,50,255,8.720,1065.160
5770,129,255,182.717,1066.585
5771,21,255,836.976,1063.881
5772,41,255,1330.037,1064.305
5773,59,255,1555.093,1065.263
5774,74,255,25.446,1067.230
5775,45,255,144.633,1065.789
5776,33,255,202.227,1066.227
5777,92,255,738.913,1066.087
5778,63,255,826.405,1066.278
5779,40,255,929.050,1065.225
5780,59,255,942.449,1066.042
5781,36,255,1290.889,1065.611
5782,64,255,1567.516,1068.938
5783,36,255,76.167,1067.472
5784,136,255,130.699,1070.154
5785,59,255,296.432,1066.415
5786,74,255,468.122,1067.878
5787,57,255,1089.412,1067.798
5788,65,255,1268.731,1067.438
5789,61,255,1479.811,1066.221
5790,41,255,249.549,1066.988
5791,99,255,393.601,1070.500
5792,62,255,545.823,1067.065
5793,70,255,562.171,1067.729
5794,25,255,685.620,1066.740
5795,34,255,694.765,1067.853
5796,50,255,950.040,1069.540
5797,80,255,966.763,1068.150
5798,21,255,1019.500,1066.500
5799,37,255,1157.419,1067.743
5800,60,255,1194.600,1068.633
5801,39,255,1386.038,1066.423
5802,63,255,51.770,1070.008
5803,74,255,86.797,1069.946
5804,41,255,378.159,1068.427
5805,95,255,414.511,1069.837
5806,63,255,814.071,1068.373
5807,22,255,673.591,1068.045
5808,43,255,911.523,1070.779
5809,93,255,1585.909,1073.242
5810,28,255,14.071,1070.286
5811,27,255,876.648,1071.685
5812,77,255,112.448,1072.409
5813,55,255,210.009,1072.245
5814,31,255,572.790,1071.435
5815,42,255,607.452,1070.905
5816,27,255,999.685,1070.870
5817,59,255,1165.246,1073.059
5818,72,255,1179.306,1072.556
5819,30,255,1278.033,1070.967
5820,24,255,1594.792,1070.833
5821,30,255,168.000,1072.400
5822,99,255,369.894,1074.692
5823,55,255,1356.755,1075.627
5824,25,255,1421.580,1071.300
5825,62,255,1533.242,1072.403
5826,28,255,434.143,1073.071
5827,31,255,893.758,1073.403
5828,117,255,1322.073,1076.295
5829,108,255,1448.944,1076.037
5830,33,255,1577.924,1072.924
5831,117,255,42.962,1078.816
5832,108,255,322.231,1076.472
5833,52,255,591.462,1074.673
5834,43,255,801.942,1073.663
5835,26,255,1100.500,1074.000
5836,47,255,241.245,1075.883
5837,110,255,250.745,1078.955
5838,33,255,303.318,1075.227
5839,93,255,357.016,1077.683
5840,26,255,680.846,1074.500
5841,279,255,697.102,1082.568
5842,78,255,762.859,1076.974
5843,66,255,159.136,1077.803
5844,72,255,795.111,1080.222
5845,66,255,1010.424,1078.121
5846,48,255,1109.500,1077.000
5847,32,255,1118.969,1076.469
5848,38,255,1137.500,1076.000
5849,38,255,1240.763,1077.184
5850,82,255,747.610,1079.329
5851,146,255,826.130,1081.144
5852,45,255,962.456,1078.144
5853,43,255,1248.779,1077.616
5854,91,255,1383.027,1079.434
5855,101,255,9.837,1081.203
5856,59,255,29.551,1078.941
5857,60,255,199.733,1079.050
5858,109,255,426.161,1081.243
5859,58,255,494.259,1078.448
5860,72,255,772.833,1080.194
5861,23,255,1492.196,1077.630
5862,80,255,1543.987,1079.625
5863,55,255,178.373,1079.464
5864,22,255,628.000,1078.500
5865,81,255,721.327,1082.673
5866,111,255,1221.365,1082.752
5867,55,255,1291.882,1079.918
5868,27,255,1304.833,1078.833
5869,46,255,1510.696,1079.457
5870,98,255,1525.204,1081.337
5871,27,255,210.056,1079.907
5872,93,255,594.242,1082.188
5873,36,255,609.306,1079.778
5874,47,255,735.415,1081.798
5875,20,255,971.600,1079.550
5876,75,255,1089.967,1081.713
5877,64,255,73.438,1082.531
5878,78,255,479.526,1082.500
5879,59,255,992.093,1082.822
5880,59,255,1256.669,1083.771
5881,102,255,654.745,1086.059
5882,22,255,672.591,1081.591
5883,41,255,1194.134,1083.378
5884,76,255,1419.684,1084.039
5885,69,255,288.529,1084.239
5886,31,255,1099.823,1083.758
5887,79,255,226.690,1084.728
5888,46,255,379.891,1084.848
5889,64,255,1431.297,1086.000
5890,26,255,1465.654,1084.077
5891,76,255,643.026,1091.197
5892,58,255,1337.586,1086.000
5893,69,255,1566.442,1087.123
5894,79,255,115.146,1087.741
5895,104,255,1156.596,1090.519
5896,77,255,20.864,1089.994
5897,40,255,138.200,1087.725
5898,79,255,176.880,1088.335
5899,78,255,894.667,1090.397
5900,90,255,935.644,1089.678
5901,51,255,1393.324,1089.520
5902,62,255,95.952,1089.790
5903,97,255,274.314,1089.830
5904,80,255,462.788,1089.500
5905,61,255,1064.648,1089.418
5906,43,255,156.826,1089.105
5907,86,255,328.477,1090.314
5908,29,255,574.810,1088.397
5909,57,255,867.553,1090.500
5910,23,255,1454.022,1089.022
5911,114,255,83.719,1092.596
5912,58,255,312.379,1091.810
5913,44,255,501.250,1089.864
5914,39,255,513.295,1090.474
5915,64,255,535.688,1093.062
5916,27,255,555.574,1089.463
5917,75,255,728.980,1092.607
5918,25,255,785.980,1090.460
5919,44,255,1010.432,1090.295
5920,57,255,1203.868,1091.430
5921,68,255,1442.147,1091.941
5922,23,255,1474.109,1090.413
5923,91,255,36.962,1093.181
5924,42,255,237.214,1091.024
5925,44,255,449.500,1092.000
5926,56,255,1269.304,1093.071
5927,41,255,1541.232,1090.963
5928,100,255,60.010,1095.090
5929,30,255,209.867,1091.867
5930,31,255,410.113,1091.210
5931,49,255,484.480,1092.908
5932,43,255,5.779,1093.267
5933,46,255,258.000,1093.500
5934,74,255,393.514,1094.068
5935,44,255,548.000,1093.909
5936,45,255,1028.989,1093.589
5937,34,255,145.676,1094.265
5938,52,255,433.615,1094.731
5939,67,255,587.097,1095.799
5940,66,255,956.955,1094.848
5941,55,255,1079.355,1094.755
5942,90,255,1177.756,1095.633
5943,33,255,1252.500,1094.227
5944,61,255,973.664,1094.730
5945,62,255,1350.290,1096.435
5946,38,255,1577.632,1095.000
5947,50,255,246.020,1097.440
5948,29,255,295.362,1097.086
5949,37,255,1128.824,1097.149
5950,98,255,1304.959,1097.214
5951,33,255,135.197,1097.197
5952,73,255,366.966,1097.801
5953,47,255,409.457,1097.138
5954,30,255,579.400,1097.533
5955,37,255,1059.770,1097.365
5956,33,255,1218.833,1097.561
5957,35,255,108.129,1097.843
5958,30,255,820.767,1097.733
5959,31,255,1097.758,1097.919
5960,58,255,1487.672,1097.931
5961,53,255,1505.764,1097.821
5962,23,255,125.848,1098.196
5963,22,255,155.000,1098.136
5964,21,255,166.786,1098.310
5965,22,255,282.000,1098.136
5966,26,255,336.654,1098.462
5967,28,255,522.750,1098.393
5968,27,255,764.870,1098.241
5969,28,255,938.500,1098.000
5970,36,255,1008.972,1098.139
5971,22,255,1335.727,1098.227
5972,25,255,1427.620,1098.140
5973,26,255,1557.962,1098.462
