 ,Area,Mean,X,Y
1,67,255,244.321,3.754
2,22,255,866.364,2.136
3,31,255,60.081,3.726
4,33,255,1387.318,4.864
5,47,255,386.670,4.691
6,92,255,578.935,7.207
7,43,255,752.663,5.965
8,33,255,833.258,4.379
9,27,255,843.685,4.685
10,42,255,1182.476,6.310
11,88,255,1287.159,8.830
12,66,255,1467.364,5.636
13,59,255,344.890,6.415
14,33,255,770.318,6.591
15,63,255,926.865,7.294
16,31,255,994.113,7.242
17,54,255,1210.852,7.352
18,111,255,1547.446,9.887
19,89,255,463.073,8.837
20,79,255,895.892,10.133
21,36,255,1240.139,8.250
22,35,255,1481.900,7.957
23,50,255,101.180,10.080
24,49,255,272.398,10.133
25,57,255,1130.307,10.991
26,45,255,849.744,10.567
27,28,255,40.571,10.250
28,85,255,833.394,12.876
29,47,255,1452.309,11.032
30,59,255,1579.517,13.008
31,32,255,90.719,11.844
32,109,255,687.592,15.766
33,29,255,1386.569,13.810
34,23,255,520.935,14.761
35,52,255,1204.538,15.654
36,53,255,175.613,19.123
37,34,255,497.118,15.824
38,122,255,553.918,19.066
39,119,255,620.971,20.097
40,176,255,733.341,20.574
41,75,255,879.687,18.233
42,30,255,1275.733,16.200
43,37,255,1445.797,16.122
44,97,255,1565.098,18.211
45,26,255,339.538,16.731
46,57,255,600.184,18.430
47,20,255,610.150,17.150
48,29,255,290.328,17.948
49,97,255,665.665,20.541
50,29,255,160.638,19.121
51,81,255,263.179,19.920
52,34,255,486.824,19.206
53,42,255,635.167,19.262
54,41,255,857.183,19.573
55,21,255,702.881,19.786
56,47,255,1384.245,20.734
57,40,255,239.000,22.000
58,38,255,344.237,23.500
59,118,255,762.280,23.966
60,37,255,62.932,21.878
61,96,255,515.979,24.062
62,74,255,1213.392,24.554
63,26,255,7.000,22.500
64,39,255,429.782,23.397
65,78,255,657.667,26.154
66,41,255,1527.939,22.549
67,107,255,462.650,26.051
68,41,255,490.598,25.354
69,176,255,680.869,29.455
70,66,255,1545.182,24.621
71,29,255,776.431,25.466
72,28,255,964.643,24.750
73,55,255,1326.355,26.536
74,71,255,296.190,26.923
75,150,255,567.433,30.873
76,26,255,36.577,26.731
77,69,255,612.196,29.500
78,29,255,987.948,28.500
79,26,255,1030.385,26.577
80,32,255,1442.844,27.219
81,96,255,267.635,29.917
82,107,255,322.014,30.379
83,164,255,706.213,31.299
84,150,255,899.827,32.680
85,32,255,1190.125,28.656
86,65,255,1201.992,28.762
87,26,255,1287.192,28.269
88,36,255,882.750,29.972
89,26,255,1518.500,30.808
90,96,255,581.167,33.781
91,99,255,752.177,33.601
92,120,255,1385.942,33.908
93,82,255,170.598,32.305
94,101,255,190.203,33.144
95,33,255,207.591,31.045
96,33,255,235.985,31.288
97,86,255,553.535,32.512
98,34,255,348.324,32.794
99,32,255,773.344,32.125
100,48,255,25.500,33.000
101,190,255,527.253,37.721
102,32,255,2.719,33.875
103,21,255,1114.929,34.024
104,71,255,160.768,37.514
105,23,255,832.457,35.196
106,72,255,866.472,37.667
107,43,255,1140.500,35.500
108,68,255,298.515,38.132
109,56,255,512.196,37.875
110,113,255,634.376,39.137
111,28,255,818.571,35.571
112,47,255,1009.989,36.500
113,35,255,1440.586,36.043
114,24,255,40.875,38.042
115,149,255,843.178,40.735
116,33,255,938.136,36.712
117,67,255,417.157,39.575
118,119,255,428.332,41.895
119,128,255,951.984,41.695
120,134,255,984.896,41.597
121,29,255,1088.224,37.879
122,23,255,1597.935,38.109
123,32,255,372.375,38.719
124,91,255,451.456,41.940
125,50,255,693.000,40.900
126,25,255,890.380,38.700
127,43,255,1404.500,41.988
128,87,255,603.557,42.707
129,35,255,671.557,42.100
130,20,255,1553.600,40.950
131,180,255,337.728,46.867
132,115,255,483.143,44.691
133,64,255,648.781,43.547
134,24,255,823.167,41.375
135,29,255,831.362,42.672
136,43,255,30.593,43.360
137,53,255,323.594,44.255
138,60,255,552.933,44.117
139,57,255,779.763,44.675
140,121,255,362.326,47.649
141,51,255,699.402,45.696
142,116,255,963.681,48.233
143,56,255,1129.839,46.554
144,50,255,542.180,46.340
145,106,255,238.962,47.717
146,53,255,506.689,47.406
147,40,255,1077.775,46.000
148,70,255,190.214,49.086
149,118,255,930.237,50.161
150,83,255,746.560,49.042
151,47,255,127.160,50.202
152,36,255,158.333,50.222
153,50,255,259.800,50.880
154,86,255,614.442,51.407
155,61,255,629.828,50.893
156,58,255,800.983,51.190
157,77,255,136.708,52.227
158,50,255,1055.820,51.700
159,90,255,216.900,53.656
160,62,255,436.774,53.823
161,90,255,466.533,53.800
162,76,255,760.711,53.829
163,31,255,1066.468,51.177
164,27,255,1385.093,50.426
165,40,255,150.150,53.500
166,120,255,659.417,55.267
167,109,255,867.390,55.115
168,91,255,284.819,54.984
169,63,255,714.770,53.865
170,49,255,809.520,54.316
171,121,255,842.698,56.227
172,41,255,919.720,56.646
173,60,255,1044.517,54.883
174,49,255,1095.561,54.969
175,26,255,228.077,53.731
176,83,255,446.584,59.030
177,100,255,516.990,57.560
178,151,255,686.434,56.540
179,104,255,880.731,56.779
180,52,255,943.404,56.327
181,119,255,1011.702,57.139
182,88,255,1033.523,57.045
183,73,255,301.979,56.911
184,81,255,320.241,56.994
185,53,255,477.198,56.538
186,26,255,9.654,55.192
187,170,255,586.906,60.794
188,46,255,44.304,59.891
189,176,255,247.500,61.330
190,31,255,645.468,57.113
191,79,255,819.627,58.867
192,127,255,535.201,61.445
193,81,255,26.710,61.957
194,75,255,558.273,60.687
195,81,255,788.500,62.673
196,46,255,992.957,59.391
197,20,255,1547.250,58.250
198,28,255,144.250,59.750
199,21,255,937.500,59.500
200,39,255,1345.064,60.705
201,23,255,226.326,60.587
202,31,255,601.081,61.887
203,54,255,669.519,62.981
204,51,255,762.912,63.931
205,111,255,1189.041,64.833
206,109,255,1381.720,65.225
207,82,255,65.256,64.744
208,60,255,166.917,64.683
209,87,255,832.707,64.454
210,92,255,1201.272,64.870
211,40,255,1498.050,62.700
212,134,255,340.978,65.724
213,113,255,725.412,67.642
214,105,255,892.195,66.167
215,64,255,632.578,65.219
216,78,255,958.231,67.051
217,96,255,983.729,66.917
218,65,255,195.054,67.746
219,117,255,311.192,68.722
220,38,255,1138.579,65.474
221,45,255,358.300,66.389
222,87,255,204.270,69.580
223,85,255,276.406,68.971
224,33,255,323.530,66.682
225,109,255,405.454,69.858
226,62,255,463.161,68.323
227,62,255,711.548,68.694
228,96,255,749.479,69.500
229,26,255,1356.500,66.423
230,24,255,5.042,68.250
231,81,255,129.660,70.673
232,50,255,554.340,68.960
233,75,255,811.420,70.313
234,26,255,1272.500,68.731
235,22,255,1404.227,67.500
236,21,255,225.786,68.452
237,26,255,1020.154,68.731
238,52,255,1112.538,70.788
239,39,255,1558.603,69.013
240,44,255,453.750,70.864
241,70,255,656.171,71.914
242,37,255,971.419,70.851
243,55,255,1066.355,70.700
244,146,255,160.966,76.459
245,25,255,767.380,71.060
246,55,255,232.445,75.155
247,48,255,392.583,73.062
248,108,255,476.546,74.528
249,121,255,610.665,76.748
250,84,255,907.667,73.643
251,43,255,119.547,74.779
252,37,255,1353.203,73.419
253,62,255,244.113,75.016
254,76,255,383.618,77.684
255,62,255,444.355,76.919
256,138,255,588.768,77.739
257,76,255,922.697,76.553
258,154,255,1013.799,79.740
259,120,255,183.450,78.533
260,60,255,816.850,77.283
261,127,255,863.886,78.122
262,58,255,885.534,75.897
263,190,255,1101.747,80.100
264,157,255,348.589,80.061
265,137,255,833.434,79.420
266,100,255,1051.060,79.810
267,93,255,1219.780,79.167
268,42,255,1268.714,76.500
269,48,255,1463.417,77.125
270,34,255,1591.971,75.412
271,79,255,631.222,78.272
272,105,255,704.319,80.414
273,57,255,739.553,78.640
274,56,255,1068.000,78.161
275,59,255,270.788,81.551
276,72,255,303.056,79.431
277,132,255,955.667,79.955
278,154,255,1287.552,81.916
279,57,255,1473.500,79.781
280,39,255,1559.269,78.346
281,167,255,1033.686,83.524
282,32,255,975.062,80.469
283,175,255,1125.363,85.723
284,151,255,1196.123,84.109
285,64,255,1493.812,81.609
286,82,255,367.061,83.183
287,125,255,522.948,85.428
288,79,255,649.272,83.234
289,37,255,722.365,81.635
290,52,255,986.288,81.635
291,30,255,999.867,81.500
292,38,255,1148.000,82.105
293,95,255,431.163,84.174
294,119,255,683.601,85.223
295,23,255,784.283,82.587
296,89,255,853.354,86.500
297,65,255,1168.162,83.869
298,35,255,1356.586,82.957
299,25,255,1450.100,83.220
300,37,255,34.500,84.419
301,126,255,266.151,90.992
302,137,255,565.449,86.821
303,76,255,940.132,86.829
304,108,255,1086.843,87.454
305,47,255,169.457,86.777
306,31,255,227.500,85.500
307,147,255,411.405,89.180
308,106,255,471.425,87.726
309,20,255,535.000,85.500
310,101,255,546.500,87.193
311,92,255,697.478,88.522
312,84,255,889.321,87.619
313,38,255,1259.105,85.842
314,146,255,1271.753,90.664
315,46,255,1553.717,86.304
316,69,255,64.848,87.283
317,122,255,79.967,89.648
318,164,255,323.226,90.030
319,107,255,1073.257,89.752
320,121,255,1237.525,89.310
321,50,255,120.040,88.060
322,73,255,1306.281,89.664
323,30,255,1540.633,86.100
324,101,255,253.975,92.728
325,103,255,1163.879,92.257
326,37,255,1216.446,89.959
327,40,255,1505.200,91.400
328,130,255,136.069,94.031
329,45,255,286.989,91.811
330,70,255,303.014,92.471
331,82,255,645.390,92.841
332,120,255,724.600,93.142
333,82,255,798.012,92.390
334,50,255,834.320,90.660
335,53,255,917.519,91.877
336,168,255,1386.000,95.339
337,54,255,335.593,94.852
338,79,255,387.158,93.778
339,29,255,486.569,91.879
340,73,255,1003.664,94.281
341,133,255,211.673,95.222
342,87,255,397.868,95.810
343,38,255,1571.421,93.368
344,53,255,1466.368,95.160
345,98,255,91.316,98.398
346,128,255,752.109,100.430
347,93,255,775.048,97.425
348,59,255,961.229,97.466
349,96,255,1045.073,98.073
350,76,255,1520.671,97.289
351,163,255,234.475,102.475
352,47,255,493.223,97.138
353,85,255,1024.888,98.288
354,170,255,1343.506,102.471
355,92,255,64.652,99.043
356,76,255,155.382,98.408
357,113,255,464.951,100.084
358,70,255,819.529,99.143
359,29,255,1113.879,98.672
360,79,255,1235.120,99.956
361,43,255,574.802,98.221
362,148,255,613.304,101.223
363,34,255,810.118,99.265
364,114,255,887.588,99.930
365,191,255,1203.704,103.736
366,213,255,539.120,105.603
367,73,255,982.705,101.733
368,186,255,1184.758,103.124
369,41,255,5.720,101.476
370,111,255,100.464,104.320
371,25,255,322.940,99.420
372,48,255,425.708,101.229
373,43,255,503.616,100.384
374,32,255,680.562,100.406
375,55,255,1217.900,101.245
376,179,255,1254.930,103.656
377,51,255,1547.814,102.069
378,53,255,598.500,102.972
379,41,255,800.305,101.134
380,72,255,827.750,104.194
381,60,255,848.417,102.883
382,95,255,917.342,102.837
383,77,255,1130.773,102.084
384,41,255,219.207,102.671
385,112,255,630.196,106.071
386,138,255,786.457,107.920
387,25,255,840.940,103.180
388,51,255,859.931,104.833
389,83,255,140.512,107.500
390,117,255,168.261,108.081
391,133,255,286.335,109.883
392,115,255,363.891,106.517
393,66,255,382.015,105.197
394,80,255,347.700,106.750
395,68,255,585.706,107.221
396,50,255,994.780,106.520
397,121,255,1083.103,108.037
398,44,255,1110.909,107.182
399,127,255,1320.437,108.870
400,35,255,1455.643,104.957
401,123,255,931.638,110.703
402,68,255,1501.294,107.897
403,55,255,1519.627,107.100
404,66,255,273.106,108.879
405,24,255,391.875,106.958
406,113,255,970.049,110.429
407,156,255,1387.577,110.122
408,74,255,480.216,110.176
409,84,255,569.357,110.214
410,67,255,762.276,110.201
411,31,255,896.919,108.468
412,42,255,1103.500,108.929
413,65,255,1146.808,109.854
414,62,255,1405.274,108.952
415,47,255,1440.181,108.926
416,109,255,1489.142,111.280
417,89,255,25.983,111.601
418,96,255,212.156,111.604
419,62,255,738.355,110.823
420,113,255,1296.235,112.058
421,91,255,7.511,113.709
422,129,255,76.926,113.547
423,69,255,112.920,110.920
424,82,255,154.646,112.634
425,135,255,192.641,113.256
426,85,255,815.500,111.947
427,121,255,1021.872,112.574
428,100,255,446.340,115.080
429,38,255,988.079,112.158
430,42,255,1215.452,111.667
431,169,255,1366.920,116.240
432,56,255,678.911,112.589
433,44,255,719.841,112.523
434,83,255,865.741,114.078
435,137,255,1560.471,115.682
436,47,255,384.436,113.691
437,122,255,434.934,118.598
438,102,255,1071.225,115.853
439,100,255,1130.150,115.810
440,47,255,126.500,115.521
441,53,255,262.953,115.142
442,87,255,524.017,116.753
443,65,255,666.008,116.177
444,77,255,769.903,116.747
445,157,255,1174.143,118.010
446,55,255,246.427,116.809
447,71,255,317.528,116.739
448,110,255,646.509,118.182
449,164,255,1419.780,119.628
450,102,255,38.500,119.235
451,130,255,500.185,120.562
452,43,255,605.477,116.756
453,48,255,728.146,116.792
454,79,255,994.994,117.665
455,23,255,1329.717,116.630
456,50,255,1526.820,118.040
457,93,255,411.833,120.070
458,98,255,1156.867,120.684
459,97,255,1237.809,119.263
460,108,255,1343.546,120.093
461,121,255,347.806,121.260
462,38,255,630.289,117.947
463,55,255,689.500,119.609
464,26,255,1322.769,118.808
465,110,255,1444.609,119.791
466,106,255,1572.745,121.840
467,113,255,914.226,121.642
468,179,255,1498.321,124.818
469,133,255,475.229,122.891
470,45,255,681.678,120.678
471,88,255,741.670,122.591
472,140,255,1098.086,125.207
473,80,255,312.738,123.750
474,93,255,572.263,123.661
475,69,255,855.877,123.413
476,115,255,1010.387,126.404
477,142,255,1218.754,124.232
478,27,255,674.278,121.944
479,97,255,805.923,124.644
480,77,255,818.760,123.396
481,96,255,900.438,125.521
482,43,255,1058.523,123.407
483,122,255,273.123,125.205
484,79,255,360.804,125.348
485,155,255,963.190,130.332
486,60,255,1144.217,125.667
487,194,255,1189.294,130.160
488,48,255,1290.917,124.646
489,74,255,1301.297,124.986
490,36,255,2.333,125.778
491,44,255,21.000,126.068
492,97,255,147.500,126.737
493,99,255,59.621,128.884
494,77,255,78.500,127.448
495,20,255,132.450,124.750
496,126,255,237.849,128.484
497,62,255,866.000,127.839
498,65,255,975.485,126.700
499,71,255,1203.796,127.979
500,96,255,169.771,127.854
501,65,255,620.423,128.085
502,76,255,700.026,127.763
503,79,255,727.310,127.804
504,138,255,943.710,129.616
505,83,255,1281.247,128.946
506,101,255,1473.817,128.381
507,102,255,26.275,133.147
508,72,255,542.514,129.111
509,113,255,1245.987,129.712
510,61,255,1593.943,128.615
511,173,255,209.367,132.315
512,48,255,599.104,128.521
513,134,255,1542.552,131.709
514,84,255,425.024,131.083
515,82,255,633.037,131.915
516,97,255,768.057,132.479
517,68,255,1022.647,131.221
518,204,255,1073.265,135.412
519,135,255,1366.611,132.507
520,98,255,250.071,133.143
521,143,255,452.451,133.318
522,118,255,521.576,132.415
523,88,255,792.023,132.739
524,122,255,876.598,133.566
525,136,255,1520.353,133.676
526,132,255,922.561,134.932
527,79,255,1042.500,133.222
528,139,255,1441.615,133.867
529,128,255,1579.570,134.453
530,35,255,70.243,134.329
531,38,255,676.316,132.184
532,126,255,1325.524,135.413
533,63,255,281.357,135.770
534,67,255,318.948,135.396
535,82,255,340.902,135.988
536,55,255,560.173,135.482
537,108,255,842.472,136.296
538,37,255,934.149,135.932
539,67,255,1105.933,136.619
540,86,255,1342.674,135.721
541,67,255,390.187,136.291
542,74,255,758.243,136.730
543,76,255,1054.092,138.566
544,164,255,1225.744,140.909
545,68,255,1302.868,137.588
546,117,255,471.030,138.782
547,74,255,594.784,138.973
548,87,255,816.592,138.603
549,51,255,41.206,138.912
550,80,255,193.500,139.425
551,73,255,577.349,139.514
552,69,255,1034.630,139.703
553,90,255,177.556,140.989
554,99,255,260.126,140.682
555,97,255,293.387,140.644
556,65,255,687.238,139.715
557,119,255,804.399,140.903
558,26,255,828.692,138.615
559,86,255,1414.128,140.174
560,55,255,168.755,140.645
561,103,255,1089.947,141.811
562,89,255,1153.545,141.208
563,74,255,90.068,141.554
564,30,255,131.600,139.467
565,38,255,378.921,140.658
566,155,255,410.435,143.416
567,70,255,714.857,142.214
568,32,255,902.656,140.344
569,57,255,1115.044,141.904
570,74,255,1285.689,142.878
571,121,255,1497.814,143.459
572,53,255,104.613,143.311
573,40,255,518.750,142.100
574,173,255,538.136,148.101
575,103,255,608.461,145.112
576,104,255,1165.048,146.240
577,98,255,1249.541,143.878
578,46,255,58.717,144.739
579,78,255,631.987,144.923
580,74,255,118.392,145.932
581,82,255,726.549,146.610
582,144,255,1535.896,146.764
583,77,255,153.968,147.500
584,48,255,314.750,146.083
585,85,255,389.618,146.406
586,87,255,434.937,147.626
587,136,255,491.353,149.338
588,87,255,666.557,147.983
589,23,255,741.891,145.413
590,48,255,1022.917,145.083
591,76,255,1275.329,147.434
592,64,255,1362.781,147.219
593,92,255,1392.207,148.435
594,59,255,1401.246,147.890
595,35,255,1449.557,145.300
596,31,255,48.435,146.339
597,93,255,81.543,149.081
598,83,255,443.958,148.500
599,64,255,679.953,147.047
600,23,255,1340.413,145.543
601,136,255,1458.610,150.022
602,79,255,7.247,149.247
603,57,255,336.272,147.991
604,107,255,359.079,149.836
605,93,255,586.995,149.113
606,77,255,777.786,148.838
607,123,255,836.289,149.020
608,89,255,990.039,149.230
609,58,255,1522.224,148.914
610,75,255,1580.753,148.380
611,127,255,1122.634,151.500
612,90,255,1137.400,151.111
613,117,255,887.936,153.312
614,90,255,903.978,150.133
615,117,255,1255.944,152.645
616,74,255,195.027,150.311
617,93,255,469.360,152.113
618,78,255,654.487,152.667
619,77,255,871.396,152.136
620,99,255,936.944,153.237
621,100,255,1043.260,153.080
622,54,255,300.111,152.796
623,103,255,1372.325,154.898
624,82,255,1413.927,151.744
625,123,255,1555.305,154.419
626,55,255,481.500,153.864
627,40,255,961.425,152.700
628,70,255,977.529,155.486
629,116,255,1438.922,154.810
630,134,255,173.634,156.060
631,70,255,227.371,155.871
632,38,255,519.605,153.711
633,69,255,1019.312,153.529
634,100,255,239.190,156.380
635,72,255,317.167,155.611
636,93,255,560.070,156.586
637,62,255,64.306,156.677
638,68,255,106.471,156.647
639,50,255,396.280,156.000
640,65,255,722.623,156.208
641,73,255,1004.473,157.034
642,140,255,1187.729,159.329
643,32,255,1333.562,155.594
644,63,255,1471.897,157.024
645,91,255,46.489,158.929
646,137,255,277.332,160.880
647,94,255,633.298,157.947
648,28,255,679.857,156.321
649,50,255,1062.300,157.020
650,46,255,138.913,157.848
651,149,255,341.312,162.023
652,101,255,595.223,159.866
653,42,255,1154.857,156.905
654,91,255,1503.357,159.478
655,58,255,357.983,159.259
656,97,255,388.448,162.294
657,57,255,1240.798,160.570
658,87,255,1585.868,161.374
659,90,255,214.289,161.411
660,74,255,850.824,161.730
661,94,255,908.234,161.223
662,96,255,988.688,161.188
663,28,255,1201.536,159.393
664,124,255,1278.685,164.234
665,125,255,1296.324,164.292
666,112,255,20.018,163.080
667,99,255,412.167,162.066
668,156,255,452.385,163.782
669,86,255,1396.070,162.535
670,71,255,1596.711,162.359
671,44,255,3.295,162.455
672,135,255,263.248,164.515
673,50,255,306.420,162.220
674,66,255,369.439,163.273
675,44,255,786.523,161.841
676,91,255,836.940,163.665
677,87,255,117.937,163.948
678,144,255,539.250,165.583
679,90,255,703.056,163.733
680,73,255,1104.911,164.377
681,187,255,1422.174,166.816
682,105,255,649.224,165.481
683,171,255,873.225,165.968
684,74,255,1094.473,165.054
685,118,255,1118.915,167.119
686,41,255,1139.817,163.695
687,50,255,1346.920,163.160
688,56,255,1492.929,164.607
689,48,255,59.292,165.083
690,178,255,515.264,166.798
691,103,255,763.714,167.121
692,127,255,1034.965,167.469
693,38,255,1571.526,165.000
694,100,255,290.940,168.050
695,63,255,776.421,167.087
696,114,255,797.851,167.605
697,120,255,144.008,169.175
698,86,255,161.628,168.965
699,92,255,926.467,167.880
700,130,255,1060.538,171.446
701,105,255,1258.071,169.929
702,68,255,398.721,169.721
703,35,255,999.043,167.729
704,24,255,1009.375,166.833
705,72,255,1440.444,167.903
706,71,255,1462.641,169.134
707,144,255,1143.569,172.646
708,106,255,305.972,171.736
709,83,255,496.271,171.247
710,98,255,977.276,171.684
711,86,255,957.035,171.977
712,76,255,1516.079,172.368
713,67,255,75.366,173.157
714,86,255,376.209,173.651
715,120,255,429.508,173.875
716,65,255,1165.346,173.269
717,140,255,1364.729,177.021
718,47,255,199.904,172.713
719,71,255,410.345,173.852
720,83,255,562.404,173.946
721,43,255,685.895,173.570
722,138,255,904.130,176.399
723,125,255,1378.660,175.868
724,93,255,243.253,175.887
725,101,255,1098.787,174.866
726,80,255,1202.463,174.863
727,73,255,1353.870,175.719
728,61,255,808.041,175.352
729,46,255,846.870,173.978
730,114,255,1337.149,176.658
731,127,255,476.508,178.303
732,118,255,597.381,178.542
733,104,255,611.683,177.635
734,83,255,1526.464,178.127
735,78,255,1552.295,177.192
736,124,255,1565.097,179.806
737,65,255,340.346,177.300
738,85,255,701.700,177.324
739,170,255,738.976,180.206
740,68,255,769.853,178.103
741,71,255,947.965,179.092
742,135,255,1545.115,183.626
743,60,255,666.233,178.417
744,20,255,926.150,176.550
745,99,255,964.298,179.601
746,57,255,1182.149,178.430
747,80,255,14.037,180.512
748,95,255,65.026,180.774
749,91,255,124.467,180.049
750,66,255,506.106,180.318
751,59,255,888.805,178.754
752,80,255,1122.850,180.787
753,59,255,1317.500,178.873
754,95,255,1442.826,181.532
755,88,255,1458.739,180.477
756,30,255,491.867,179.133
757,64,255,1501.062,181.797
758,48,255,715.542,181.417
759,77,255,1306.318,182.565
760,61,255,1513.057,181.680
761,76,255,1596.461,183.013
762,55,255,394.209,182.409
763,80,255,688.575,183.525
764,117,255,1395.645,184.363
765,92,255,628.120,184.370
766,96,255,646.698,184.542
767,59,255,931.619,184.331
768,80,255,1085.438,184.062
769,27,255,203.389,183.019
770,79,255,257.070,185.234
771,138,255,326.507,186.783
772,105,255,348.233,186.490
773,38,255,587.711,185.079
774,42,255,850.000,184.167
775,65,255,942.669,185.992
776,154,255,1026.669,189.240
777,107,255,1050.836,185.706
778,58,255,1169.741,185.069
779,142,255,42.444,190.521
780,150,255,564.147,187.940
781,57,255,842.254,185.728
782,56,255,1260.429,185.518
783,27,255,1274.315,183.833
784,68,255,1327.132,186.044
785,138,255,1418.572,187.551
786,69,255,25.616,186.804
787,142,255,233.120,191.507
788,131,255,418.187,188.019
789,58,255,1346.966,186.466
790,56,255,142.232,187.071
791,49,255,364.929,186.684
792,48,255,752.729,186.688
793,90,255,1063.411,190.000
794,60,255,102.967,188.833
795,60,255,460.967,188.250
796,138,255,535.232,190.029
797,139,255,579.701,191.219
798,123,255,878.215,190.785
799,60,255,1004.900,188.383
800,66,255,221.288,191.788
801,134,255,298.276,191.612
802,61,255,672.451,189.172
803,44,255,891.523,189.068
804,84,255,1153.226,189.774
805,45,255,1207.233,188.611
806,53,255,1312.198,189.462
807,58,255,7.983,190.741
808,65,255,182.854,191.238
809,55,255,611.409,190.518
810,70,255,661.557,190.543
811,25,255,703.060,188.180
812,139,255,820.572,192.709
813,72,255,1078.236,192.000
814,57,255,1177.956,189.991
815,112,255,1480.429,194.705
816,113,255,1529.119,191.075
817,155,255,275.287,195.803
818,79,255,381.601,192.462
819,54,255,1268.889,191.574
820,129,255,437.314,195.554
821,73,255,725.829,194.199
822,71,255,1492.768,192.754
823,82,255,766.220,196.512
824,112,255,990.732,194.830
825,164,255,1234.689,198.140
826,157,255,61.334,197.710
827,133,255,204.929,195.846
828,57,255,621.868,195.395
829,101,255,710.886,196.520
830,64,255,734.953,195.156
831,78,255,806.782,195.192
832,56,255,899.571,195.107
833,77,255,1506.539,195.786
834,90,255,153.222,196.744
835,50,255,365.240,194.900
836,41,255,1214.939,195.207
837,47,255,1364.436,194.862
838,101,255,481.896,197.678
839,50,255,1148.100,196.840
840,62,255,1330.581,196.468
841,65,255,1392.069,196.438
842,76,255,1587.026,198.171
843,148,255,253.236,200.020
844,82,255,845.317,197.963
845,67,255,1575.933,200.515
846,112,255,457.348,199.688
847,53,255,1089.745,198.217
848,98,255,1186.694,199.551
849,90,255,1380.589,199.167
850,87,255,167.316,200.557
851,75,255,372.500,200.940
852,80,255,867.013,201.225
853,30,255,1111.700,197.933
854,67,255,1248.843,200.321
855,89,255,1452.826,200.545
856,58,255,175.638,201.086
857,126,255,783.857,201.452
858,93,255,1316.005,201.468
859,62,255,129.000,201.500
860,67,255,1012.978,201.724
861,42,255,1053.548,199.762
862,115,255,1294.787,202.952
863,44,255,891.136,201.886
864,85,255,1099.159,203.947
865,87,255,1441.672,203.994
866,31,255,1.952,202.887
867,60,255,109.167,202.933
868,40,255,475.050,202.450
869,73,255,599.842,203.870
870,83,255,648.295,204.223
871,49,255,923.173,202.541
872,75,255,1000.047,204.927
873,61,255,10.484,205.156
874,69,255,223.413,205.181
875,23,255,693.283,202.630
876,68,255,874.882,205.456
877,27,255,292.944,203.759
878,50,255,304.100,205.760
879,107,255,315.379,207.846
880,35,255,337.729,205.500
881,68,255,359.162,206.765
882,62,255,549.903,205.613
883,101,255,1116.332,207.421
884,87,255,1548.466,206.121
885,108,255,188.398,207.435
886,39,255,1270.859,206.038
887,52,255,42.692,206.885
888,73,255,235.185,207.678
889,66,255,350.333,208.758
890,54,255,763.204,207.407
891,64,255,469.422,208.953
892,59,255,499.975,208.127
893,47,255,517.968,207.309
894,101,255,567.104,211.064
895,57,255,733.009,207.588
896,101,255,1137.391,210.302
897,143,255,1154.878,210.934
898,91,255,1179.280,209.544
899,69,255,1222.051,209.384
900,154,255,94.864,213.013
901,64,255,953.266,210.484
902,105,255,1507.424,211.233
903,114,255,815.719,212.482
904,79,255,1030.411,211.513
905,50,255,1070.980,210.100
906,77,255,1251.071,211.409
907,91,255,1397.104,211.533
908,106,255,1471.642,211.745
909,65,255,131.931,211.654
910,76,255,698.934,211.987
911,40,255,772.650,211.050
912,45,255,1489.056,210.211
913,68,255,139.721,213.721
914,93,255,158.522,214.575
915,21,255,275.595,210.024
916,102,255,580.853,214.324
917,81,255,921.019,213.315
918,91,255,1378.599,214.423
919,25,255,50.740,211.940
920,96,255,370.198,214.854
921,88,255,491.284,214.989
922,103,255,619.617,214.694
923,50,255,794.420,212.320
924,40,255,1262.775,213.475
925,77,255,1561.981,214.357
926,90,255,941.633,215.622
927,82,255,1408.659,215.366
928,73,255,1594.390,215.678
929,112,255,13.804,218.018
930,42,255,44.833,214.952
931,59,255,558.144,215.432
932,108,255,784.139,217.454
933,77,255,1306.773,216.760
934,40,255,1354.875,214.675
935,37,255,595.041,215.338
936,102,255,1054.922,217.588
937,86,255,1291.360,216.756
938,136,255,1346.287,221.338
939,116,255,1437.698,218.810
940,125,255,1534.092,217.620
941,23,255,219.630,215.717
942,68,255,731.162,217.324
943,79,255,1499.259,218.259
944,64,255,304.781,218.047
945,80,255,475.087,218.700
946,36,255,641.750,217.389
947,183,255,664.833,222.194
948,60,255,862.267,219.317
949,23,255,1105.804,216.717
950,43,255,1329.965,218.267
951,36,255,81.444,218.417
952,41,255,450.890,218.451
953,110,255,982.127,220.900
954,102,255,1019.029,219.980
955,50,255,2.220,222.120
956,137,255,186.580,223.128
957,85,255,229.982,221.441
958,130,255,263.754,222.808
959,81,255,279.377,221.278
960,46,255,502.913,219.565
961,64,255,608.094,220.594
962,93,255,714.866,221.629
963,85,255,763.159,221.535
964,89,255,1074.871,221.129
965,164,255,431.720,228.976
966,54,255,705.907,221.852
967,99,255,748.995,225.833
968,90,255,1484.756,221.733
969,173,255,212.176,226.275
970,70,255,288.771,223.129
971,121,255,402.500,224.194
972,80,255,415.850,223.500
973,103,255,1239.131,225.092
974,118,255,1268.407,225.831
975,37,255,49.635,222.446
976,110,255,830.645,224.391
977,97,255,1164.242,224.490
978,70,255,1248.400,225.143
979,93,255,513.780,227.285
980,78,255,921.321,224.667
981,120,255,956.017,226.133
982,108,255,1085.130,226.750
983,91,255,646.907,226.236
984,70,255,992.943,226.071
985,104,255,1208.000,226.625
986,101,255,1323.302,226.351
987,101,255,1574.896,226.658
988,29,255,143.397,225.707
989,127,255,1414.894,229.972
990,42,255,586.714,227.190
991,114,255,1126.228,228.404
992,47,255,26.734,228.181
993,73,255,113.623,229.377
994,92,255,569.609,229.152
995,82,255,849.280,229.195
996,75,255,894.700,228.700
997,97,255,1039.119,229.314
998,86,255,1293.477,228.628
999,86,255,1427.047,229.616
1000,123,255,1510.573,230.354
1001,82,255,1531.732,228.366
1002,57,255,353.079,230.009
1003,110,255,1002.273,232.355
1004,89,255,1186.567,230.275
1005,73,255,383.788,231.267
1006,69,255,527.210,231.993
1007,90,255,453.389,233.067
1008,38,255,1115.658,231.895
1009,68,255,1376.971,232.691
1010,46,255,551.978,232.391
1011,23,255,1059.848,231.804
1012,82,255,1172.756,234.890
1013,45,255,1584.011,233.389
1014,98,255,282.612,234.969
1015,68,255,729.279,235.221
1016,76,255,860.447,236.013
1017,22,255,1315.545,233.182
1018,103,255,162.587,237.257
1019,87,255,329.833,236.534
1020,56,255,359.625,235.268
1021,167,255,470.416,240.482
1022,44,255,615.614,234.614
1023,85,255,239.147,237.453
1024,75,255,391.553,238.727
1025,66,255,577.106,237.561
1026,91,255,690.841,236.511
1027,74,255,971.486,236.284
1028,61,255,1150.844,236.697
1029,98,255,1544.918,238.388
1030,80,255,314.650,239.062
1031,89,255,404.691,237.725
1032,76,255,1473.079,238.289
1033,38,255,8.105,238.158
1034,102,255,120.412,239.578
1035,64,255,201.109,238.375
1036,172,255,601.558,242.157
1037,86,255,675.023,238.907
1038,74,255,892.757,238.838
1039,75,255,89.753,240.327
1040,70,255,533.614,239.700
1041,70,255,1051.586,239.800
1042,127,255,1072.539,241.232
1043,62,255,1113.000,239.887
1044,83,255,142.584,241.620
1045,65,255,151.454,240.931
1046,95,255,343.542,241.668
1047,79,255,421.690,241.968
1048,154,255,484.974,243.974
1049,77,255,844.864,240.747
1050,20,255,1226.950,238.600
1051,47,255,1254.309,241.266
1052,111,255,1351.671,242.689
1053,136,255,1568.368,242.015
1054,60,255,516.550,241.233
1055,85,255,921.794,241.371
1056,96,255,956.781,242.438
1057,173,255,1188.847,244.448
1058,59,255,23.602,241.924
1059,91,255,47.907,243.698
1060,84,255,369.738,242.988
1061,87,255,1498.017,244.178
1062,55,255,1588.536,242.809
1063,81,255,173.957,246.907
1064,60,255,382.350,244.067
1065,150,255,556.967,247.033
1066,32,255,789.656,242.062
1067,126,255,831.349,245.397
1068,36,255,1027.500,241.889
1069,114,255,1265.132,245.658
1070,102,255,1290.588,243.657
1071,85,255,1461.065,244.782
1072,94,255,729.787,246.032
1073,21,255,755.690,243.167
1074,93,255,869.737,245.833
1075,72,255,1447.069,244.875
1076,79,255,67.665,246.386
1077,80,255,184.488,245.450
1078,34,255,968.500,244.000
1079,108,255,1372.843,245.852
1080,22,255,1414.773,242.636
1081,56,255,1553.357,246.214
1082,79,255,228.551,248.449
1083,110,255,258.455,247.264
1084,65,255,454.823,246.054
1085,67,255,509.545,246.590
1086,87,255,934.305,247.534
1087,107,255,1507.893,251.435
1088,73,255,650.432,248.144
1089,84,255,687.464,248.024
1090,66,255,781.030,248.485
1091,70,255,806.486,249.443
1092,84,255,999.905,248.000
1093,48,255,1121.146,247.458
1094,24,255,1222.500,245.833
1095,85,255,1305.971,248.582
1096,82,255,81.500,250.110
1097,82,255,284.232,249.744
1098,42,255,521.381,248.595
1099,27,255,1325.056,248.093
1100,103,255,1085.733,251.772
1101,43,255,240.826,250.198
1102,53,255,590.047,250.858
1103,36,255,1014.306,249.972
1104,99,255,1040.995,252.348
1105,141,255,1232.777,253.819
1106,118,255,1525.203,253.042
1107,23,255,1597.717,249.848
1108,42,255,667.786,251.048
1109,56,255,792.286,252.125
1110,96,255,1387.219,254.323
1111,80,255,219.588,254.438
1112,103,255,432.228,254.655
1113,46,255,890.130,253.717
1114,66,255,1316.818,255.470
1115,89,255,98.837,256.972
1116,77,255,620.214,256.071
1117,75,255,945.380,255.860
1118,107,255,1057.650,256.117
1119,166,255,449.554,257.669
1120,65,255,764.500,256.669
1121,92,255,1209.141,259.924
1122,164,255,1281.713,259.805
1123,30,255,1375.233,255.867
1124,118,255,56.915,259.390
1125,75,255,1030.927,258.593
1126,97,255,1143.242,259.005
1127,171,255,1489.640,261.734
1128,38,255,241.500,256.895
1129,119,255,282.668,261.055
1130,105,255,502.433,259.919
1131,34,255,999.765,257.206
1132,120,255,1103.917,259.142
1133,78,255,1121.218,258.410
1134,118,255,1565.229,259.847
1135,90,255,13.656,259.833
1136,95,255,403.342,260.468
1137,82,255,747.085,259.927
1138,68,255,777.941,259.632
1139,90,255,200.711,261.367
1140,47,255,469.926,259.989
1141,37,255,934.716,258.824
1142,60,255,1260.533,260.100
1143,63,255,1441.913,260.310
1144,59,255,74.924,262.314
1145,96,255,88.167,262.646
1146,62,255,109.242,263.081
1147,72,255,152.583,261.264
1148,38,255,530.184,260.842
1149,91,255,599.467,262.808
1150,62,255,643.613,260.806
1151,99,255,903.247,261.985
1152,155,255,1340.448,263.810
1153,72,255,1427.153,261.847
1154,115,255,1466.726,262.891
1155,59,255,1537.093,261.127
1156,97,255,696.304,263.232
1157,66,255,1133.455,262.758
1158,38,255,1398.105,261.079
1159,152,255,29.928,265.625
1160,122,255,347.754,264.967
1161,117,255,885.979,265.047
1162,98,255,957.888,263.888
1163,63,255,258.468,264.294
1164,60,255,564.683,263.867
1165,64,255,719.234,263.453
1166,82,255,977.427,264.512
1167,124,255,1197.605,267.032
1168,83,255,1451.114,266.030
1169,31,255,518.016,264.597
1170,84,255,1176.655,265.774
1171,52,255,1545.019,265.154
1172,95,255,835.384,266.826
1173,41,255,1415.622,265.671
1174,50,255,1526.900,266.320
1175,86,255,130.058,268.802
1176,69,255,157.572,268.355
1177,91,255,487.137,268.181
1178,95,255,541.911,268.068
1179,86,255,652.674,267.151
1180,120,255,1160.267,268.325
1181,70,255,169.257,268.871
1182,124,255,812.290,269.718
1183,104,255,192.115,271.490
1184,50,255,295.720,269.560
1185,103,255,869.393,271.383
1186,69,255,991.500,269.500
1187,36,255,1027.028,267.889
1188,97,255,1058.397,271.314
1189,125,255,1070.812,272.308
1190,42,255,227.857,269.833
1191,83,255,1398.476,270.886
1192,52,255,242.615,270.808
1193,76,255,369.947,271.237
1194,99,255,794.439,272.793
1195,161,255,1370.860,274.009
1196,102,255,1472.294,273.765
1197,78,255,1501.090,272.154
1198,127,255,1588.815,272.815
1199,105,255,527.148,273.681
1200,127,255,9.988,276.264
1201,44,255,303.568,272.614
1202,64,255,681.109,273.203
1203,80,255,776.913,273.812
1204,96,255,967.583,274.729
1205,57,255,1143.184,273.044
1206,59,255,1217.246,273.839
1207,84,255,261.750,274.988
1208,92,255,579.891,274.174
1209,69,255,726.471,274.370
1210,43,255,753.081,273.872
1211,56,255,1252.464,274.375
1212,101,255,1316.807,276.421
1213,85,255,1432.359,274.500
1214,57,255,120.675,275.254
1215,83,255,349.645,275.572
1216,137,255,403.376,277.697
1217,41,255,559.646,275.500
1218,78,255,670.590,275.423
1219,24,255,746.042,273.750
1220,103,255,1113.811,276.102
1221,106,255,1416.160,277.387
1222,34,255,236.235,276.765
1223,116,255,493.543,280.422
1224,52,255,762.865,275.981
1225,40,255,21.725,276.925
1226,108,255,328.963,279.833
1227,118,255,439.051,279.085
1228,73,255,909.185,277.075
1229,46,255,804.174,277.652
1230,31,255,834.081,276.758
1231,92,255,942.283,279.120
1232,173,255,1181.708,285.061
1233,70,255,1260.343,278.571
1234,53,255,30.538,280.009
1235,27,255,652.056,277.759
1236,103,255,1086.723,280.170
1237,120,255,457.258,281.683
1238,49,255,849.990,278.684
1239,29,255,218.707,280.534
1240,23,255,228.761,279.891
1241,82,255,385.159,281.829
1242,80,255,983.850,281.788
1243,47,255,1167.777,280.968
1244,78,255,1507.679,281.808
1245,221,255,145.686,288.029
1246,63,255,201.119,282.833
1247,52,255,598.000,282.077
1248,81,255,902.290,283.920
1249,84,255,1456.512,282.881
1250,98,255,1579.143,282.551
1251,99,255,67.581,285.429
1252,76,255,119.026,283.776
1253,60,255,373.817,283.417
1254,98,255,616.765,283.745
1255,87,255,709.580,284.362
1256,105,255,1399.890,284.376
1257,38,255,1441.921,282.553
1258,69,255,827.717,284.471
1259,77,255,1337.942,284.838
1260,97,255,1431.479,285.376
1261,74,255,107.635,286.014
1262,54,255,185.944,284.815
1263,96,255,280.250,286.094
1264,99,255,729.955,285.773
1265,86,255,1024.035,286.523
1266,48,255,1149.500,285.312
1267,95,255,1217.932,286.353
1268,144,255,1286.174,288.111
1269,32,255,1521.438,285.375
1270,90,255,526.011,286.800
1271,105,255,992.195,287.948
1272,84,255,56.429,288.440
1273,62,255,311.468,286.565
1274,86,255,749.081,288.081
1275,93,255,1487.392,288.038
1276,41,255,1551.915,285.841
1277,94,255,212.553,289.745
1278,97,255,632.737,291.696
1279,86,255,680.465,288.314
1280,74,255,885.608,288.068
1281,22,255,1070.818,286.545
1282,143,255,174.465,292.297
1283,66,255,426.424,289.288
1284,67,255,541.410,289.410
1285,167,255,777.614,291.260
1286,110,255,936.518,291.409
1287,175,255,1385.483,293.014
1288,95,255,25.089,291.437
1289,60,255,193.067,291.017
1290,38,255,228.000,289.368
1291,75,255,238.647,292.047
1292,46,255,666.783,289.761
1293,71,255,695.092,290.838
1294,95,255,400.868,292.100
1295,86,255,804.512,291.419
1296,119,255,1303.567,292.819
1297,120,255,76.617,294.642
1298,69,255,295.341,292.819
1299,86,255,320.326,294.267
1300,110,255,841.336,293.618
1301,119,255,1141.063,294.466
1302,61,255,1514.189,291.943
1303,73,255,1569.171,292.678
1304,79,255,98.753,294.348
1305,83,255,369.572,294.030
1306,77,255,645.149,293.786
1307,60,255,924.000,293.500
1308,80,255,1361.050,293.675
1309,33,255,614.288,294.439
1310,95,255,1101.900,295.700
1311,96,255,1222.552,296.958
1312,40,255,39.250,295.425
1313,121,255,334.450,296.062
1314,25,255,704.500,293.820
1315,75,255,1125.420,296.073
1316,147,255,1199.112,297.684
1317,75,255,593.953,297.167
1318,58,255,861.017,296.103
1319,149,255,1241.211,298.587
1320,122,255,1454.336,298.205
1321,73,255,431.884,297.555
1322,80,255,904.900,297.725
1323,27,255,949.019,296.093
1324,63,255,358.357,298.325
1325,28,255,394.571,297.464
1326,98,255,561.551,299.367
1327,80,255,581.150,299.075
1328,87,255,260.144,299.316
1329,74,255,491.811,299.162
1330,98,255,870.296,300.469
1331,87,255,1020.075,299.121
1332,55,255,1372.064,299.245
1333,102,255,233.186,301.039
1334,83,255,310.235,300.633
1335,129,255,603.376,303.384
1336,131,255,885.019,302.599
1337,105,255,975.519,301.948
1338,104,255,1168.654,301.000
1339,35,255,1182.443,298.871
1340,32,255,47.000,300.000
1341,67,255,350.440,301.813
1342,74,255,509.405,301.649
1343,83,255,521.873,301.873
1344,93,255,1263.317,302.995
1345,21,255,1.690,301.500
1346,61,255,397.697,304.385
1347,88,255,453.443,303.011
1348,84,255,470.726,303.190
1349,84,255,218.274,303.667
1350,112,255,743.509,305.357
1351,91,255,33.071,305.775
1352,168,255,693.238,307.149
1353,85,255,958.065,304.606
1354,57,255,1094.132,304.430
1355,131,255,1442.439,306.447
1356,88,255,1550.091,306.034
1357,164,255,125.476,307.951
1358,67,255,659.634,306.918
1359,66,255,1012.667,306.970
1360,80,255,159.275,307.913
1361,105,255,285.329,308.157
1362,88,255,411.682,308.761
1363,33,255,1054.591,306.652
1364,52,255,1209.269,306.885
1365,127,255,1578.280,309.091
1366,49,255,829.480,309.071
1367,70,255,1540.457,309.043
1368,57,255,10.079,310.711
1369,59,255,67.636,308.958
1370,68,255,298.500,310.059
1371,51,255,429.931,307.833
1372,58,255,484.190,309.586
1373,89,255,721.028,310.376
1374,101,255,776.757,311.223
1375,26,255,789.346,308.962
1376,101,255,819.084,310.411
1377,65,255,845.777,309.592
1378,156,255,1064.429,313.308
1379,92,255,1301.261,311.196
1380,101,255,1335.421,310.173
1381,94,255,1428.479,311.894
1382,133,255,1519.477,311.229
1383,53,255,176.481,310.443
1384,33,255,495.409,308.530
1385,95,255,669.426,312.005
1386,61,255,1144.008,310.352
1387,57,255,1310.956,310.412
1388,166,255,865.440,315.458
1389,91,255,1041.555,312.368
1390,127,255,1374.004,312.996
1391,137,255,84.996,315.602
1392,79,255,142.778,314.930
1393,156,255,640.141,316.628
1394,78,255,918.449,313.410
1395,165,255,1113.252,317.052
1396,57,255,548.184,314.307
1397,66,255,838.545,316.167
1398,80,255,1021.438,315.312
1399,67,255,193.604,317.590
1400,93,255,451.382,315.790
1401,47,255,937.202,315.096
1402,83,255,995.584,315.199
1403,111,255,22.059,318.581
1404,96,255,217.583,317.073
1405,80,255,582.163,317.312
1406,95,255,618.395,316.437
1407,35,255,739.443,314.929
1408,51,255,950.833,315.441
1409,82,255,1245.671,316.329
1410,58,255,1392.810,316.259
1411,30,255,51.167,315.700
1412,128,255,382.969,319.625
1413,54,255,432.981,316.389
1414,81,255,517.932,317.957
1415,89,255,903.107,318.702
1416,150,255,1173.013,320.900
1417,54,255,1213.204,318.963
1418,135,255,1274.981,319.878
1419,102,255,1412.618,318.578
1420,51,255,35.186,317.382
1421,69,255,363.891,318.312
1422,56,255,1097.750,318.125
1423,59,255,1590.280,318.212
1424,96,255,65.365,320.896
1425,77,255,262.916,319.786
1426,96,255,707.125,320.052
1427,150,255,765.147,321.547
1428,97,255,341.861,321.469
1429,108,255,468.065,321.417
1430,66,255,971.409,320.076
1431,94,255,1133.372,321.181
1432,78,255,1364.333,321.026
1433,67,255,1446.993,320.664
1434,73,255,115.418,321.925
1435,116,255,922.362,321.991
1436,38,255,1436.553,320.947
1437,113,255,152.597,324.420
1438,37,255,240.284,321.932
1439,77,255,298.864,322.903
1440,45,255,232.500,322.967
1441,103,255,656.374,325.306
1442,114,255,1292.368,325.877
1443,101,255,500.223,326.975
1444,43,255,525.640,323.709
1445,78,255,892.359,324.654
1446,58,255,1000.397,324.483
1447,91,255,1040.841,324.522
1448,107,255,1189.266,327.995
1449,62,255,1505.500,323.000
1450,71,255,48.528,325.725
1451,71,255,312.049,325.444
1452,66,255,416.727,325.136
1453,79,255,1012.766,326.019
1454,32,255,1597.812,325.250
1455,70,255,35.457,326.343
1456,68,255,98.750,327.074
1457,48,255,128.979,325.750
1458,93,255,170.683,326.930
1459,88,255,283.443,326.636
1460,29,255,1230.914,324.948
1461,74,255,1303.162,327.581
1462,94,255,1347.043,330.106
1463,115,255,367.117,328.126
1464,70,255,432.057,326.686
1465,28,255,843.214,326.536
1466,66,255,89.500,329.591
1467,63,255,572.310,328.103
1468,34,255,816.676,326.853
1469,58,255,1057.845,328.897
1470,115,255,1422.074,329.439
1471,89,255,1573.410,328.815
1472,74,255,632.324,330.243
1473,32,255,973.969,328.438
1474,178,255,1093.742,331.107
1475,88,255,258.659,331.352
1476,56,255,322.179,330.839
1477,132,255,448.311,331.038
1478,106,255,748.274,331.623
1479,41,255,1328.085,329.061
1480,102,255,241.176,334.667
1481,108,255,989.852,333.231
1482,86,255,1067.140,333.105
1483,163,255,1239.702,335.132
1484,97,255,1583.840,334.789
1485,102,255,353.873,335.314
1486,115,255,809.700,335.570
1487,156,255,868.506,334.205
1488,96,255,1402.156,333.469
1489,153,255,384.317,335.337
1490,30,255,1135.600,331.700
1491,43,255,2.267,335.105
1492,49,255,199.847,333.337
1493,101,255,518.332,335.322
1494,32,255,543.281,333.562
1495,96,255,693.312,335.802
1496,29,255,1354.672,333.569
1497,79,255,60.487,335.728
1498,47,255,140.096,334.309
1499,95,255,582.216,336.205
1500,173,255,610.899,338.257
1501,89,255,1144.916,336.545
1502,77,255,1505.734,335.006
1503,44,255,119.568,336.045
1504,111,255,412.671,338.104
1505,129,255,726.919,338.523
1506,124,255,938.137,337.944
1507,146,255,1323.103,340.562
1508,37,255,423.203,337.851
1509,120,255,901.717,338.492
1510,147,255,1213.248,338.119
1511,38,255,1597.921,337.895
1512,98,255,111.531,341.449
1513,25,255,595.380,337.220
1514,99,255,844.480,339.187
1515,62,255,1010.387,337.903
1516,116,255,485.957,341.422
1517,58,255,799.914,339.793
1518,41,255,1183.378,339.085
1519,98,255,460.827,341.173
1520,96,255,887.969,342.292
1521,72,255,971.875,340.361
1522,46,255,1465.348,339.087
1523,151,255,38.705,345.235
1524,95,255,326.342,342.289
1525,60,255,952.317,341.033
1526,77,255,1054.032,341.552
1527,100,255,1291.560,342.960
1528,21,255,1425.786,339.167
1529,71,255,195.923,342.331
1530,86,255,535.465,342.547
1531,108,255,680.139,344.741
1532,94,255,770.202,343.574
1533,98,255,857.939,344.592
1534,69,255,1031.616,342.036
1535,49,255,1193.847,342.235
1536,85,255,1277.994,343.865
1537,57,255,1392.974,341.763
1538,99,255,1498.197,344.409
1539,68,255,1518.941,342.059
1540,79,255,395.652,344.399
1541,88,255,555.193,343.761
1542,42,255,1592.500,343.619
1543,89,255,131.635,345.118
1544,88,255,183.864,344.989
1545,163,255,1112.138,347.494
1546,92,255,1348.891,346.446
1547,89,255,1363.792,346.500
1548,27,255,1510.722,345.722
1549,52,255,70.615,347.019
1550,108,255,582.287,348.917
1551,111,255,639.824,349.428
1552,113,255,708.996,349.013
1553,64,255,818.812,350.188
1554,80,255,81.938,350.663
1555,50,255,1459.620,348.340
1556,49,255,973.888,348.459
1557,60,255,1090.000,349.500
1558,58,255,3.414,351.034
1559,85,255,568.853,351.194
1560,86,255,252.221,352.372
1561,86,255,265.849,352.465
1562,44,255,421.114,350.886
1563,153,255,508.552,355.676
1564,59,255,596.093,351.788
1565,96,255,660.979,353.167
1566,113,255,955.013,352.765
1567,70,255,1399.657,352.543
1568,81,255,1557.389,351.364
1569,166,255,342.663,356.548
1570,55,255,778.773,352.355
1571,89,255,791.028,353.253
1572,86,255,1515.337,353.209
1573,36,255,278.722,353.083
1574,158,255,476.152,355.684
1575,83,255,1033.825,353.175
1576,103,255,1141.267,354.888
1577,25,255,1238.220,351.580
1578,125,255,1530.716,355.100
1579,115,255,361.004,355.491
1580,61,255,444.697,354.664
1581,127,255,1163.012,356.516
1582,32,255,1182.312,353.031
1583,40,255,212.525,354.050
1584,35,255,428.957,354.100
1585,80,255,397.238,357.400
1586,121,255,848.079,357.938
1587,43,255,967.291,356.547
1588,112,255,1124.036,358.473
1589,97,255,1299.861,357.057
1590,26,255,1334.577,354.692
1591,99,255,1424.389,357.389
1592,170,255,1489.435,358.829
1593,83,255,108.151,357.873
1594,82,255,800.549,359.610
1595,107,255,915.369,357.967
1596,131,255,982.286,359.469
1597,64,255,1363.938,356.719
1598,21,255,55.310,356.548
1599,103,255,127.015,359.364
1600,102,255,293.618,358.912
1601,65,255,560.208,358.762
1602,166,255,1060.114,361.102
1603,76,255,1083.118,359.526
1604,95,255,73.616,361.174
1605,178,255,174.882,363.556
1606,88,255,1004.307,360.159
1607,132,255,1195.068,361.674
1608,67,255,91.575,360.664
1609,43,255,154.430,359.198
1610,28,255,237.857,359.321
1611,137,255,457.566,364.245
1612,127,255,530.547,362.303
1613,24,255,550.292,359.167
1614,49,255,738.071,360.969
1615,123,255,9.606,365.224
1616,105,255,45.557,363.567
1617,91,255,197.962,363.742
1618,153,255,312.539,365.206
1619,55,255,1236.064,361.591
1620,75,255,1445.687,361.913
1621,74,255,381.149,363.770
1622,100,255,428.840,363.840
1623,28,255,707.393,362.786
1624,118,255,879.941,366.220
1625,46,255,1181.370,362.652
1626,26,255,1409.000,362.269
1627,101,255,765.995,365.767
1628,78,255,1223.590,366.590
1629,109,255,1268.014,365.702
1630,86,255,1327.360,365.872
1631,88,255,1399.568,365.636
1632,63,255,672.103,365.659
1633,20,255,1173.100,364.450
1634,108,255,1308.574,368.009
1635,77,255,1372.916,366.422
1636,117,255,1011.577,368.457
1637,93,255,1337.812,368.253
1638,126,255,1382.357,369.889
1639,84,255,149.833,367.667
1640,86,255,209.698,368.942
1641,116,255,728.379,368.750
1642,28,255,1521.821,366.250
1643,82,255,224.646,369.012
1644,51,255,247.284,367.951
1645,83,255,352.741,369.476
1646,39,255,408.167,368.372
1647,73,255,839.432,368.966
1648,82,255,1031.000,369.390
1649,66,255,1360.591,368.212
1650,50,255,1509.720,367.680
1651,117,255,614.859,369.970
1652,93,255,853.091,370.565
1653,130,255,916.431,374.846
1654,113,255,1548.058,371.075
1655,35,255,1597.929,369.700
1656,188,255,496.005,373.287
1657,26,255,571.615,368.769
1658,44,255,1081.636,369.909
1659,52,255,1159.269,369.712
1660,122,255,1532.426,373.139
1661,138,255,1454.261,374.036
1662,84,255,1584.107,372.905
1663,50,255,524.700,371.500
1664,41,255,1573.744,371.573
1665,100,255,52.280,374.360
1666,133,255,748.883,376.305
1667,44,255,1043.545,372.023
1668,32,255,650.312,373.000
1669,100,255,1091.950,375.110
1670,57,255,398.061,375.061
1671,196,255,986.714,378.061
1672,91,255,1285.566,376.423
1673,107,255,1471.715,376.565
1674,73,255,1513.226,375.486
1675,135,255,85.885,379.033
1676,114,255,109.623,377.439
1677,123,255,135.207,378.874
1678,36,255,433.194,374.472
1679,119,255,815.248,377.887
1680,138,255,960.993,378.812
1681,43,255,694.616,376.384
1682,29,255,765.672,375.397
1683,55,255,781.209,376.845
1684,85,255,937.124,378.324
1685,87,255,1142.879,377.960
1686,112,255,196.018,380.027
1687,119,255,288.895,380.013
1688,44,255,312.477,377.182
1689,146,255,332.685,380.863
1690,90,255,603.622,378.967
1691,107,255,1210.023,380.117
1692,77,255,171.500,380.799
1693,165,255,269.961,382.458
1694,95,255,418.458,380.679
1695,118,255,180.754,382.822
1696,50,255,241.640,380.640
1697,100,255,680.050,381.910
1698,33,255,1112.167,380.288
1699,24,255,1418.958,379.625
1700,85,255,579.912,383.276
1701,106,255,709.972,382.840
1702,97,255,1131.263,383.861
1703,77,255,1172.370,383.591
1704,84,255,147.560,383.274
1705,93,255,1486.984,384.758
1706,77,255,1592.942,386.266
1707,81,255,61.043,385.636
1708,102,255,761.304,385.324
1709,109,255,798.317,386.794
1710,82,255,1102.451,385.122
1711,78,255,1387.192,384.974
1712,127,255,9.618,387.909
1713,173,255,393.142,387.078
1714,103,255,533.189,385.888
1715,47,255,952.436,385.926
1716,97,255,1333.686,387.541
1717,116,255,1440.293,386.103
1718,52,255,47.596,385.654
1719,116,255,641.647,388.716
1720,112,255,1010.848,387.518
1721,104,255,1243.269,387.500
1722,119,255,1502.206,389.500
1723,140,255,658.271,389.921
1724,124,255,1277.081,390.435
1725,98,255,1310.439,389.867
1726,86,255,32.221,389.826
1727,116,255,561.422,391.043
1728,59,255,1293.449,390.653
1729,129,255,1417.128,391.143
1730,157,255,503.755,393.131
1731,109,255,921.289,391.096
1732,171,255,1055.313,392.330
1733,103,255,1187.393,391.063
1734,96,255,1345.052,391.802
1735,46,255,1521.043,390.087
1736,51,255,70.735,392.049
1737,20,255,947.450,389.650
1738,71,255,148.782,392.331
1739,184,255,365.435,395.272
1740,88,255,835.341,392.932
1741,122,255,895.754,395.238
1742,67,255,980.052,393.873
1743,92,255,1081.043,394.467
1744,153,255,1565.088,397.193
1745,90,255,245.367,395.878
1746,127,255,480.138,396.350
1747,51,255,602.716,394.598
1748,87,255,775.132,395.052
1749,67,255,911.799,395.664
1750,68,255,1113.118,394.559
1751,60,255,1471.800,394.067
1752,141,255,319.564,399.053
1753,124,255,816.669,396.823
1754,72,255,861.236,396.597
1755,67,255,1381.993,394.978
1756,73,255,1484.623,395.034
1757,37,255,852.635,395.041
1758,100,255,1106.700,399.940
1759,81,255,118.512,397.636
1760,163,255,138.328,402.144
1761,172,255,298.198,400.291
1762,199,255,340.103,401.073
1763,48,255,412.625,397.312
1764,48,255,1028.292,396.958
1765,106,255,1359.019,399.604
1766,73,255,38.377,399.226
1767,140,255,546.900,400.557
1768,66,255,988.788,399.182
1769,77,255,1439.279,397.331
1770,127,255,172.051,402.988
1771,109,255,229.509,399.940
1772,142,255,521.761,401.331
1773,26,255,1297.500,398.000
1774,149,255,1547.896,403.621
1775,75,255,24.967,400.447
1776,111,255,451.644,403.437
1777,126,255,699.476,403.127
1778,103,255,797.141,403.325
1779,64,255,1241.688,400.516
1780,134,255,1163.896,405.149
1781,88,255,1267.091,402.761
1782,91,255,1335.522,403.060
1783,44,255,67.159,402.500
1784,49,255,76.561,402.439
1785,74,255,1405.878,403.500
1786,56,255,1467.393,403.411
1787,137,255,1491.916,406.887
1788,145,255,93.183,406.886
1789,84,255,463.929,405.905
1790,151,255,679.884,407.295
1791,85,255,1210.324,405.547
1792,122,255,1309.615,407.000
1793,36,255,247.056,405.583
1794,136,255,612.493,407.993
1795,91,255,784.456,407.093
1796,137,255,840.259,407.916
1797,84,255,1287.869,406.726
1798,75,255,1384.313,406.687
1799,107,255,1576.902,408.388
1800,98,255,389.449,408.694
1801,109,255,406.720,408.830
1802,74,255,897.297,407.878
1803,114,255,1452.079,408.921
1804,123,255,187.085,409.102
1805,113,255,216.217,409.146
1806,33,255,858.742,407.167
1807,89,255,1126.938,408.624
1808,97,255,1250.376,409.015
1809,139,255,1523.824,410.054
1810,127,255,4.256,413.579
1811,20,255,285.250,407.450
1812,24,255,600.417,408.083
1813,157,255,819.627,411.570
1814,146,255,942.616,412.404
1815,102,255,1189.882,410.598
1816,82,255,480.549,410.463
1817,77,255,369.903,411.227
1818,182,255,989.857,415.132
1819,37,255,1025.905,410.041
1820,35,255,1140.443,410.957
1821,128,255,1224.977,413.445
1822,29,255,643.086,411.914
1823,75,255,879.460,414.247
1824,36,255,1358.000,412.000
1825,23,255,1559.109,411.848
1826,112,255,521.750,415.295
1827,96,255,593.448,417.135
1828,161,255,726.481,418.301
1829,99,255,922.965,415.712
1830,83,255,152.102,415.681
1831,106,255,337.443,416.717
1832,27,255,1268.056,414.463
1833,61,255,1339.320,415.139
1834,84,255,56.940,417.595
1835,153,255,292.859,418.441
1836,75,255,554.807,416.753
1837,28,255,1057.393,415.214
1838,104,255,1146.837,417.827
1839,69,255,1480.370,417.341
1840,51,255,318.775,417.147
1841,150,255,447.173,419.527
1842,69,255,473.399,418.051
1843,75,255,861.793,417.793
1844,106,255,1077.792,419.849
1845,105,255,1409.643,418.071
1846,84,255,1537.107,417.714
1847,82,255,81.768,419.122
1848,129,255,415.911,420.547
1849,20,255,605.550,416.500
1850,148,255,695.061,422.358
1851,67,255,780.530,418.216
1852,20,255,1110.800,416.000
1853,89,255,1348.893,420.107
1854,97,255,122.407,420.479
1855,87,255,1373.557,420.431
1856,110,255,1442.155,421.327
1857,111,255,796.032,422.239
1858,103,255,1006.869,422.015
1859,28,255,1326.000,420.000
1860,64,255,1425.391,421.297
1861,41,255,1558.427,420.451
1862,65,255,188.100,420.038
1863,34,255,1275.235,420.529
1864,164,255,139.372,427.335
1865,107,255,611.939,423.780
1866,108,255,626.741,424.815
1867,71,255,653.458,421.908
1868,68,255,1184.926,422.662
1869,85,255,1497.194,424.382
1870,77,255,199.656,425.058
1871,49,255,245.582,424.480
1872,66,255,1039.045,424.985
1873,91,255,1065.687,425.951
1874,61,255,1112.762,424.598
1875,88,255,52.341,426.239
1876,132,255,162.129,427.742
1877,55,255,514.391,425.227
1878,46,255,764.978,425.087
1879,44,255,471.705,425.386
1880,171,255,1206.646,429.096
1881,103,255,1468.752,428.199
1882,110,255,24.427,428.618
1883,111,255,368.338,429.473
1884,48,255,924.188,426.750
1885,131,255,1094.645,429.431
1886,84,255,10.262,429.810
1887,177,255,104.076,434.251
1888,110,255,495.309,429.836
1889,73,255,916.062,430.144
1890,48,255,1537.812,427.562
1891,28,255,235.143,427.714
1892,132,255,399.008,431.439
1893,44,255,989.909,428.591
1894,85,255,1283.818,430.324
1895,88,255,1577.636,430.273
1896,36,255,1118.806,429.806
1897,195,255,1518.141,434.244
1898,36,255,1597.028,429.667
1899,93,255,903.694,431.962
1900,157,255,1136.073,433.799
1901,133,255,1483.102,433.523
1902,102,255,209.510,433.490
1903,42,255,669.357,431.310
1904,217,255,1227.007,436.394
1905,98,255,637.480,434.531
1906,158,255,871.196,435.133
1907,42,255,1057.405,433.500
1908,172,255,1174.285,436.000
1909,99,255,1261.722,435.146
1910,64,255,1448.062,433.969
1911,38,255,338.079,433.342
1912,74,255,602.608,434.027
1913,44,255,796.705,432.795
1914,105,255,953.919,435.348
1915,128,255,973.164,436.641
1916,80,255,89.513,436.512
1917,46,255,353.522,434.261
1918,43,255,427.570,436.035
1919,21,255,1080.881,434.310
1920,69,255,1363.587,436.239
1921,124,255,223.806,438.065
1922,62,255,63.548,436.903
1923,40,255,188.600,436.975
1924,129,255,541.523,439.353
1925,88,255,695.989,437.432
1926,63,255,716.627,437.738
1927,80,255,262.163,439.325
1928,75,255,774.953,439.487
1929,80,255,935.362,438.400
1930,71,255,1374.782,439.754
1931,34,255,128.706,438.206
1932,147,255,300.139,441.908
1933,62,255,505.597,441.000
1934,62,255,839.677,439.903
1935,114,255,1246.088,441.325
1936,100,255,1535.270,440.580
1937,149,255,581.815,444.493
1938,21,255,992.310,438.786
1939,106,255,1190.406,441.774
1940,82,255,1329.951,442.183
1941,70,255,1338.329,441.814
1942,99,255,1465.611,442.136
1943,48,255,1592.438,439.812
1944,29,255,498.500,440.086
1945,122,255,625.434,442.467
1946,106,255,1421.472,442.377
1947,66,255,79.576,443.167
1948,100,255,244.900,443.560
1949,48,255,554.438,442.938
1950,39,255,1081.987,442.679
1951,49,255,1089.296,442.622
1952,51,255,1349.069,442.186
1953,74,255,1500.459,442.649
1954,65,255,708.700,444.531
1955,34,255,1115.500,442.324
1956,82,255,1309.878,443.890
1957,78,255,27.295,445.128
1958,106,255,362.349,447.104
1959,88,255,519.773,445.875
1960,68,255,999.853,445.853
1961,111,255,1568.599,447.176
1962,55,255,1597.773,447.827
1963,97,255,192.418,450.180
1964,157,255,645.373,450.143
1965,98,255,863.000,447.602
1966,91,255,401.753,449.445
1967,118,255,678.500,449.559
1968,52,255,953.481,446.288
1969,64,255,1582.438,447.203
1970,120,255,111.008,451.900
1971,57,255,497.167,448.535
1972,75,255,593.833,449.820
1973,96,255,757.677,450.135
1974,60,255,1550.000,448.500
1975,74,255,881.257,450.257
1976,85,255,13.476,450.476
1977,96,255,132.781,451.229
1978,74,255,795.757,449.851
1979,99,255,824.621,452.813
1980,24,255,848.042,448.750
1981,55,255,254.773,452.282
1982,82,255,267.780,452.159
1983,122,255,479.262,453.820
1984,84,255,747.631,453.976
1985,129,255,935.438,454.686
1986,127,255,1017.421,452.484
1987,142,255,1282.782,454.099
1988,44,255,81.045,451.818
1989,101,255,179.550,453.837
1990,198,255,213.732,455.455
1991,93,255,1171.758,452.285
1992,92,255,1261.043,453.130
1993,102,255,311.196,455.304
1994,106,255,340.085,455.245
1995,32,255,1084.281,452.125
1996,116,255,1398.534,453.517
1997,89,255,542.770,455.376
1998,76,255,907.421,454.447
1999,92,255,1534.043,455.902
2000,121,255,445.136,457.938
2001,85,255,706.288,455.994
2002,135,255,1059.974,457.419
2003,108,255,1358.657,457.148
2004,103,255,1035.471,457.879
2005,46,255,1197.130,455.391
2006,28,255,728.250,457.286
2007,50,255,845.560,457.040
2008,129,255,49.236,460.407
2009,31,255,329.403,459.887
2010,100,255,790.920,460.130
2011,91,255,872.951,461.225
2012,106,255,889.981,460.406
2013,131,255,971.118,459.317
2014,107,255,1242.939,459.977
2015,68,255,1340.118,458.206
2016,108,255,1430.926,459.565
2017,137,255,1497.339,460.157
2018,33,255,231.530,459.500
2019,137,255,619.201,461.704
2020,36,255,366.889,459.361
2021,120,255,429.683,462.533
2022,96,255,503.552,461.469
2023,81,255,861.858,461.253
2024,93,255,8.274,461.500
2025,136,255,138.971,462.772
2026,46,255,174.739,460.891
2027,40,255,943.675,461.100
2028,140,255,996.464,462.364
2029,45,255,455.967,462.567
2030,79,255,601.918,464.348
2031,40,255,590.400,462.200
2032,118,255,1174.390,465.644
2033,133,255,1206.921,465.237
2034,32,255,89.125,462.750
2035,114,255,154.088,466.579
2036,61,255,281.451,465.254
2037,74,255,646.054,465.716
2038,112,255,1093.286,466.625
2039,74,255,30.851,465.824
2040,120,255,774.783,466.750
2041,91,255,1120.599,466.951
2042,52,255,1147.558,465.000
2043,121,255,1325.335,466.806
2044,61,255,1571.500,465.500
2045,46,255,1042.022,466.457
2046,101,255,1476.173,468.045
2047,95,255,1511.111,467.553
2048,160,255,1544.206,468.694
2049,121,255,405.690,469.550
2050,104,255,705.163,468.837
2051,97,255,1225.582,469.273
2052,112,255,1400.321,468.670
2053,43,255,226.221,468.384
2054,157,255,291.506,473.309
2055,114,255,517.754,471.605
2056,113,255,809.872,472.111
2057,91,255,1248.522,470.632
2058,90,255,1284.144,468.533
2059,88,255,78.352,471.250
2060,160,255,248.475,472.012
2061,88,255,628.102,470.773
2062,136,255,822.824,472.485
2063,149,255,333.117,474.218
2064,143,255,722.717,473.087
2065,96,255,1061.458,470.260
2066,38,255,1130.237,470.289
2067,72,255,1189.250,471.069
2068,60,255,1457.450,471.517
2069,108,255,976.046,471.907
2070,53,255,1422.085,470.991
2071,86,255,6.721,473.744
2072,49,255,193.133,471.969
2073,29,255,345.707,471.052
2074,162,255,848.302,474.556
2075,87,255,1527.029,472.948
2076,90,255,42.611,474.067
2077,55,255,205.936,472.773
2078,125,255,671.564,476.012
2079,135,255,1345.011,475.515
2080,97,255,122.706,475.881
2081,145,255,756.866,477.583
2082,85,255,1304.312,474.653
2083,26,255,1385.500,473.000
2084,61,255,1589.434,474.238
2085,134,255,421.761,478.478
2086,89,255,483.140,475.994
2087,139,255,504.097,477.960
2088,113,255,691.863,477.668
2089,160,255,739.956,478.188
2090,36,255,1141.333,474.833
2091,111,255,1261.365,477.032
2092,34,255,1273.588,474.353
2093,103,255,1318.238,478.053
2094,66,255,911.924,476.273
2095,144,255,1022.201,479.035
2096,144,255,1432.042,478.833
2097,98,255,181.316,479.010
2098,99,255,539.399,479.995
2099,63,255,1050.516,477.897
2100,59,255,69.720,478.754
2101,80,255,312.350,479.462
2102,88,255,30.045,479.864
2103,49,255,222.622,478.357
2104,68,255,468.647,479.559
2105,44,255,1124.205,478.795
2106,62,255,1194.032,478.903
2107,44,255,1230.477,478.523
2108,24,255,1595.917,478.083
2109,33,255,107.682,478.955
2110,45,255,1164.078,479.056
2111,31,255,347.435,479.855
2112,41,255,433.866,480.671
2113,30,255,1063.267,479.867
2114,122,255,1077.664,482.910
2115,48,255,1283.146,480.708
2116,134,255,890.022,485.612
2117,107,255,85.023,485.266
2118,126,255,457.452,485.675
2119,46,255,1270.978,483.391
2120,81,255,208.784,483.068
2121,106,255,301.019,486.255
2122,54,255,1581.926,484.519
2123,83,255,111.633,487.416
2124,72,255,124.653,485.208
2125,62,255,137.161,485.629
2126,190,255,382.726,490.642
2127,103,255,62.966,488.325
2128,79,255,171.816,487.500
2129,119,255,1222.391,487.794
2130,41,255,1477.183,484.890
2131,36,255,1562.333,486.111
2132,152,255,861.217,491.849
2133,52,255,914.827,486.231
2134,36,255,1039.139,485.944
2135,115,255,1307.422,487.804
2136,106,255,1449.726,488.547
2137,122,255,1537.459,489.156
2138,56,255,351.518,489.161
2139,159,255,478.267,491.594
2140,97,255,683.892,489.943
2141,63,255,872.500,489.659
2142,29,255,998.155,487.259
2143,93,255,578.618,490.532
2144,87,255,841.121,489.971
2145,63,255,989.611,490.421
2146,111,255,1115.284,490.932
2147,31,255,1210.855,488.694
2148,59,255,1511.246,488.822
2149,117,255,544.731,493.115
2150,97,255,660.686,493.490
2151,160,255,729.881,494.069
2152,71,255,1572.937,490.993
2153,44,255,97.250,490.568
2154,49,255,748.847,490.643
2155,139,255,1166.464,494.270
2156,90,255,1392.744,492.378
2157,105,255,40.081,494.052
2158,100,255,634.880,493.060
2159,79,255,939.994,494.487
2160,26,255,1349.538,490.423
2161,43,255,262.500,493.500
2162,157,255,601.608,496.748
2163,77,255,716.071,494.500
2164,52,255,1024.788,493.154
2165,46,255,1085.239,492.565
2166,142,255,1435.197,495.817
2167,68,255,4.000,495.294
2168,86,255,212.453,497.035
2169,76,255,1411.079,495.789
2170,175,255,403.026,500.483
2171,182,255,512.962,500.473
2172,83,255,918.717,496.090
2173,51,255,953.755,495.775
2174,41,255,1339.110,495.817
2175,112,255,1587.902,497.821
2176,67,255,1197.396,495.336
2177,43,255,1500.128,496.128
2178,91,255,282.863,498.148
2179,68,255,904.765,498.338
2180,101,255,1132.480,498.233
2181,97,255,154.727,500.428
2182,85,255,571.794,499.476
2183,78,255,824.308,500.077
2184,113,255,1008.863,500.730
2185,140,255,1300.321,500.807
2186,103,255,1470.655,499.714
2187,120,255,1325.550,500.383
2188,117,255,70.312,501.731
2189,89,255,225.309,501.612
2190,60,255,338.750,501.183
2191,77,255,420.786,501.539
2192,63,255,531.865,500.548
2193,52,255,1240.923,501.654
2194,65,255,1364.500,500.269
2195,95,255,1572.868,501.563
2196,45,255,115.122,500.056
2197,70,255,351.229,501.443
2198,72,255,359.958,502.833
2199,113,255,673.969,503.624
2200,29,255,1385.638,500.086
2201,50,255,628.280,502.540
2202,103,255,653.549,504.267
2203,92,255,744.391,502.870
2204,96,255,1257.740,504.490
2205,102,255,1421.598,504.235
2206,95,255,257.289,505.574
2207,107,255,487.481,504.388
2208,125,255,797.036,506.204
2209,57,255,989.868,502.149
2210,136,255,1183.000,505.500
2211,77,255,1268.409,504.175
2212,121,255,1507.343,504.773
2213,70,255,691.257,504.357
2214,56,255,1452.768,505.036
2215,66,255,95.333,505.485
2216,48,255,765.083,505.354
2217,115,255,1394.022,506.630
2218,96,255,1021.531,509.219
2219,98,255,13.765,508.357
2220,28,255,504.500,506.000
2221,191,255,385.966,512.662
2222,102,255,709.696,509.147
2223,40,255,1032.275,508.200
2224,109,255,1164.518,509.858
2225,83,255,119.693,510.018
2226,144,255,854.632,513.132
2227,124,255,883.952,511.242
2228,68,255,1127.956,509.279
2229,74,255,1437.297,510.041
2230,65,255,2.592,512.885
2231,116,255,610.716,513.724
2232,21,255,1487.214,509.262
2233,60,255,1584.383,510.067
2234,48,255,591.938,509.875
2235,28,255,638.036,509.857
2236,130,255,288.046,514.862
2237,194,255,575.387,515.727
2238,40,255,183.475,513.100
2239,35,255,191.357,512.729
2240,29,255,436.845,511.672
2241,166,255,744.355,516.325
2242,158,255,933.519,515.424
2243,92,255,1089.380,514.011
2244,81,255,1279.093,513.883
2245,109,255,962.225,515.335
2246,68,255,1067.265,514.529
2247,98,255,177.020,519.010
2248,148,255,904.068,518.966
2249,34,255,1010.500,515.000
2250,79,255,1099.411,518.108
2251,33,255,199.379,517.894
2252,96,255,445.500,517.531
2253,40,255,659.675,516.550
2254,115,255,1335.926,518.587
2255,108,255,1417.685,519.324
2256,45,255,1503.967,516.656
2257,27,255,1535.426,515.944
2258,103,255,213.189,520.063
2259,106,255,261.509,519.566
2260,69,255,596.761,518.558
2261,156,255,1258.897,521.083
2262,97,255,243.057,520.531
2263,32,255,546.125,518.125
2264,38,255,1576.211,517.842
2265,137,255,228.186,523.281
2266,112,255,1113.116,521.759
2267,155,255,1130.113,523.494
2268,65,255,1362.162,521.408
2269,95,255,70.205,521.732
2270,34,255,416.647,519.853
2271,95,255,639.068,521.742
2272,83,255,1318.500,522.440
2273,141,255,1439.124,523.954
2274,106,255,34.962,524.953
2275,74,255,333.432,523.095
2276,129,255,800.539,524.818
2277,140,255,1182.793,524.707
2278,117,255,12.645,525.953
2279,44,255,1382.795,525.045
2280,89,255,1503.421,524.972
2281,95,255,1555.637,526.742
2282,111,255,78.266,527.302
2283,111,255,528.959,527.743
2284,112,255,1348.027,527.857
2285,37,255,323.230,526.176
2286,66,255,366.045,526.864
2287,148,255,870.730,528.230
2288,147,255,987.357,529.241
2289,73,255,1072.500,526.692
2290,73,255,1372.404,527.514
2291,80,255,45.350,528.562
2292,87,255,1584.454,527.638
2293,35,255,90.214,527.471
2294,110,255,102.982,529.927
2295,185,255,1021.684,531.349
2296,87,255,191.649,530.385
2297,27,255,411.981,528.093
2298,150,255,428.047,532.900
2299,113,255,736.296,532.084
2300,108,255,939.889,529.500
2301,35,255,348.471,529.929
2302,112,255,270.723,533.152
2303,33,255,818.924,529.924
2304,23,255,1095.283,530.326
2305,55,255,1223.027,531.645
2306,87,255,1292.052,532.040
2307,32,255,1354.625,530.656
2308,137,255,1473.383,533.485
2309,155,255,303.197,537.687
2310,135,255,772.396,536.322
2311,169,255,858.216,537.352
2312,73,255,788.541,533.815
2313,150,255,1106.820,537.620
2314,126,255,404.683,537.056
2315,104,255,455.625,535.365
2316,35,255,1282.386,534.214
2317,88,255,1366.818,536.341
2318,102,255,1574.735,536.833
2319,28,255,313.036,533.857
2320,21,255,488.452,533.690
2321,91,255,885.511,537.698
2322,119,255,1231.693,538.105
2323,41,255,1543.159,533.841
2324,28,255,465.893,534.857
2325,50,255,632.820,535.280
2326,150,255,677.293,538.713
2327,140,255,1046.700,538.471
2328,29,255,542.224,535.776
2329,121,255,593.293,538.764
2330,87,255,162.155,539.603
2331,143,255,915.353,540.066
2332,22,255,5.636,537.591
2333,74,255,379.311,539.689
2334,73,255,711.815,541.226
2335,129,255,799.477,542.950
2336,144,255,1191.604,541.444
2337,111,255,1308.644,541.590
2338,33,255,368.076,538.924
2339,120,255,497.558,542.392
2340,55,255,528.718,538.409
2341,125,255,559.748,541.172
2342,66,255,656.909,540.500
2343,127,255,757.429,542.343
2344,143,255,816.269,542.934
2345,115,255,1075.048,541.778
2346,88,255,1330.909,541.818
2347,102,255,96.020,542.745
2348,131,255,145.324,543.782
2349,45,255,648.367,542.033
2350,111,255,1250.284,542.779
2351,29,255,35.672,540.603
2352,110,255,55.282,543.400
2353,97,255,1125.593,543.325
2354,94,255,1508.543,544.649
2355,103,255,1589.044,543.189
2356,23,255,76.196,541.761
2357,131,255,184.920,545.706
2358,45,255,355.833,543.011
2359,73,255,626.568,543.870
2360,130,255,877.308,545.485
2361,54,255,991.241,542.556
2362,92,255,1062.837,545.902
2363,85,255,1087.712,545.312
2364,81,255,1386.488,545.265
2365,125,255,393.196,547.724
2366,154,255,727.390,546.506
2367,88,255,1414.818,545.818
2368,33,255,1450.682,543.258
2369,74,255,1499.770,545.000
2370,100,255,341.700,548.920
2371,82,255,464.341,547.378
2372,100,255,1423.890,548.080
2373,94,255,1551.362,546.032
2374,98,255,169.112,548.857
2375,27,255,639.093,545.315
2376,32,255,833.188,545.250
2377,113,255,1398.367,548.111
2378,118,255,1477.703,548.339
2379,118,255,481.559,548.551
2380,124,255,544.782,549.694
2381,145,255,783.307,551.376
2382,52,255,1293.731,546.673
2383,35,255,267.443,548.071
2384,79,255,960.247,549.323
2385,62,255,71.468,549.435
2386,160,255,613.675,553.881
2387,110,255,1259.945,552.791
2388,23,255,1435.152,546.848
2389,68,255,332.015,551.353
2390,43,255,1450.616,550.872
2391,96,255,123.156,554.323
2392,135,255,207.574,555.070
2393,47,255,363.479,552.330
2394,59,255,377.822,551.907
2395,35,255,426.643,552.071
2396,23,255,851.196,551.413
2397,135,255,980.285,555.426
2398,119,255,1000.021,552.912
2399,110,255,1025.336,554.545
2400,78,255,1147.346,552.154
2401,82,255,590.927,554.378
2402,71,255,675.894,553.401
2403,110,255,1341.482,554.964
2404,156,255,280.224,557.449
2405,68,255,530.794,553.574
2406,135,255,690.996,556.093
2407,67,255,806.172,555.918
2408,122,255,1162.664,556.270
2409,90,255,1176.900,555.856
2410,100,255,1189.580,556.200
2411,98,255,36.663,556.724
2412,83,255,61.235,556.247
2413,26,255,354.269,554.654
2414,77,255,888.669,556.799
2415,125,255,497.260,558.068
2416,96,255,663.698,557.896
2417,61,255,735.746,556.172
2418,142,255,313.211,559.401
2419,200,255,1116.080,560.050
2420,106,255,1516.849,558.358
2421,155,255,1360.003,561.435
2422,47,255,263.734,560.947
2423,134,255,1043.545,561.366
2424,61,255,1243.959,558.270
2425,43,255,1460.826,559.965
2426,127,255,163.382,563.083
2427,42,255,915.667,560.095
2428,51,255,1322.892,560.578
2429,108,255,1576.796,562.194
2430,108,255,13.278,563.074
2431,150,255,219.580,566.107
2432,46,255,378.391,561.522
2433,138,255,452.312,565.884
2434,86,255,536.174,562.872
2435,170,255,707.635,564.500
2436,64,255,1149.391,561.219
2437,95,255,1202.258,562.384
2438,103,255,1590.053,563.549
2439,88,255,143.386,563.000
2440,78,255,866.410,562.321
2441,77,255,1454.929,564.721
2442,158,255,644.690,566.867
2443,86,255,1442.081,564.081
2444,39,255,518.474,563.372
2445,148,255,726.257,567.297
2446,165,255,821.530,569.155
2447,56,255,1079.661,566.375
2448,182,255,1284.967,567.654
2449,110,255,1416.482,566.209
2450,132,255,289.803,569.712
2451,143,255,952.332,568.584
2452,41,255,1405.402,567.134
2453,125,255,1549.956,568.764
2454,92,255,103.370,569.326
2455,24,255,257.750,567.292
2456,122,255,564.246,570.434
2457,109,255,592.904,569.638
2458,52,255,771.673,567.788
2459,93,255,385.995,570.102
2460,44,255,432.455,568.818
2461,33,255,760.591,568.985
2462,102,255,835.627,571.049
2463,92,255,1176.717,571.500
2464,97,255,488.335,571.490
2465,63,255,605.738,570.167
2466,109,255,750.803,571.839
2467,120,255,1478.000,572.192
2468,135,255,83.530,573.241
2469,88,255,409.398,572.068
2470,40,255,477.475,571.475
2471,83,255,1259.151,572.669
2472,92,255,1516.098,572.609
2473,61,255,860.615,572.582
2474,117,255,917.697,575.184
2475,89,255,1185.758,574.680
2476,90,255,1568.167,573.711
2477,68,255,251.353,574.176
2478,122,255,312.689,574.525
2479,168,255,346.333,577.875
2480,116,255,619.655,574.664
2481,143,255,938.129,576.843
2482,114,255,975.430,574.842
2483,110,255,1241.027,574.355
2484,65,255,1380.931,573.654
2485,151,255,192.043,578.315
2486,41,255,272.500,573.402
2487,39,255,438.910,573.885
2488,109,255,1119.555,576.197
2489,113,255,1349.757,575.748
2490,46,255,298.043,575.304
2491,95,255,871.942,577.879
2492,111,255,210.158,577.833
2493,139,255,668.478,578.586
2494,82,255,798.439,577.646
2495,22,255,1041.091,574.318
2496,65,255,18.854,577.131
2497,62,255,333.452,577.403
2498,89,255,1029.826,579.938
2499,57,255,1133.395,577.482
2500,86,255,1371.430,579.058
2501,91,255,364.291,579.775
2502,163,255,1054.666,582.414
2503,40,255,1084.850,577.425
2504,70,255,266.600,581.586
2505,67,255,429.172,578.813
2506,48,255,29.917,579.708
2507,132,255,461.894,582.174
2508,120,255,501.050,581.833
2509,35,255,546.329,578.814
2510,128,255,720.289,583.453
2511,63,255,1461.167,581.516
2512,77,255,101.305,581.071
2513,118,255,139.780,582.322
2514,62,255,157.210,582.726
2515,62,255,986.694,581.597
2516,131,255,1015.714,583.095
2517,38,255,1560.447,581.158
2518,219,255,603.747,586.874
2519,94,255,1495.734,582.851
2520,40,255,258.950,583.900
2521,112,255,702.438,585.107
2522,131,255,1095.569,584.416
2523,110,255,1146.473,585.155
2524,41,255,1261.134,582.451
2525,100,255,1075.620,585.180
2526,37,255,12.608,584.689
2527,68,255,734.235,584.721
2528,137,255,1247.763,587.376
2529,88,255,1330.864,586.307
2530,26,255,1127.615,587.885
2531,114,255,1307.904,588.325
2532,69,255,1359.587,586.833
2533,42,255,1567.929,585.143
2534,85,255,201.382,588.888
2535,150,255,551.100,590.093
2536,99,255,1201.793,588.601
2537,108,255,1266.500,590.731
2538,109,255,1281.628,587.876
2539,24,255,1551.958,585.958
2540,186,255,1584.323,590.414
2541,23,255,216.891,587.022
2542,26,255,320.692,588.846
2543,188,255,622.989,590.516
2544,63,255,774.595,588.071
2545,72,255,796.875,589.056
2546,68,255,1213.618,589.000
2547,72,255,3.167,591.250
2548,110,255,67.745,591.109
2549,117,255,234.286,592.466
2550,118,255,569.763,591.424
2551,60,255,811.367,589.150
2552,108,255,397.296,591.574
2553,135,255,1035.367,592.404
2554,40,255,1471.525,589.425
2555,103,255,355.481,592.743
2556,48,255,450.812,591.771
2557,56,255,764.482,591.804
2558,58,255,856.138,591.190
2559,73,255,124.062,593.747
2560,71,255,367.077,593.711
2561,75,255,383.753,593.700
2562,117,255,871.107,595.594
2563,56,255,175.839,592.714
2564,67,255,311.022,593.828
2565,108,255,468.130,595.667
2566,50,255,996.380,592.500
2567,47,255,252.862,594.415
2568,141,255,34.004,598.011
2569,41,255,502.134,594.793
2570,24,255,528.375,593.542
2571,44,255,696.795,595.386
2572,108,255,836.037,597.759
2573,98,255,1318.010,596.622
2574,83,255,1377.163,597.319
2575,54,255,1542.444,594.519
2576,92,255,896.467,596.587
2577,131,255,953.370,598.126
2578,123,255,103.346,598.955
2579,141,255,280.734,599.415
2580,127,255,432.398,600.240
2581,177,255,1067.958,599.929
2582,95,255,1119.595,598.553
2583,115,255,1447.674,598.978
2584,37,255,1507.905,596.473
2585,82,255,191.988,599.207
2586,52,255,812.808,598.346
2587,70,255,823.600,599.800
2588,113,255,1518.482,601.146
2589,111,255,1576.410,602.167
2590,40,255,264.000,599.000
2591,148,255,925.162,601.311
2592,86,255,1227.686,599.965
2593,112,255,1360.420,599.884
2594,119,255,1485.122,601.500
2595,35,255,85.643,599.643
2596,74,255,540.595,601.622
2597,126,255,1171.413,603.405
2598,80,255,1296.438,600.888
2599,79,255,75.146,602.715
2600,99,255,178.318,602.419
2601,81,255,527.463,603.660
2602,79,255,732.133,601.766
2603,143,255,1001.703,604.787
2604,96,255,1238.958,603.458
2605,79,255,481.538,603.601
2606,106,255,795.198,604.774
2607,87,255,883.879,603.833
2608,96,255,1092.365,604.250
2609,79,255,49.551,604.222
2610,37,255,94.635,602.797
2611,32,255,571.844,602.625
2612,93,255,602.317,603.565
2613,70,255,1145.743,603.886
2614,173,255,669.980,607.668
2615,55,255,743.391,604.500
2616,73,255,1080.568,605.445
2617,103,255,517.636,607.772
2618,70,255,566.229,606.671
2619,41,255,1186.159,604.963
2620,80,255,1425.725,607.700
2621,55,255,146.664,606.136
2622,147,255,1196.194,608.820
2623,143,255,1459.353,610.465
2624,60,255,1597.300,608.633
2625,58,255,228.914,608.207
2626,68,255,316.897,608.647
2627,95,255,360.521,609.184
2628,118,255,895.568,609.915
2629,100,255,1028.430,609.220
2630,136,255,1401.971,610.654
2631,22,255,651.773,608.364
2632,157,255,754.799,611.640
2633,167,255,1271.787,612.769
2634,65,255,1417.362,611.115
2635,117,255,1500.244,611.996
2636,32,255,95.875,609.844
2637,41,255,579.256,610.841
2638,71,255,706.232,611.556
2639,54,255,1312.370,610.815
2640,40,255,166.950,611.225
2641,107,255,304.902,614.911
2642,61,255,603.631,612.713
2643,110,255,819.373,614.982
2644,55,255,947.009,611.573
2645,120,255,1115.675,613.592
2646,61,255,1295.828,611.811
2647,72,255,1322.500,613.583
2648,138,255,1353.667,615.920
2649,160,255,1372.094,614.550
2650,60,255,124.017,612.100
2651,86,255,237.105,614.872
2652,33,255,352.561,612.348
2653,122,255,459.074,614.549
2654,40,255,1140.100,613.425
2655,108,255,269.741,615.537
2656,140,255,839.743,616.357
2657,37,255,1563.446,613.770
2658,135,255,1590.744,618.085
2659,44,255,40.159,614.045
2660,150,255,56.193,619.880
2661,128,255,220.695,617.711
2662,32,255,809.562,615.000
2663,77,255,472.006,617.409
2664,61,255,937.680,616.238
2665,42,255,1086.357,614.976
2666,153,255,1483.931,618.703
2667,109,255,343.656,619.656
2668,187,255,964.880,621.131
2669,56,255,376.625,617.625
2670,75,255,405.207,618.793
2671,109,255,22.179,620.115
2672,143,255,104.913,622.318
2673,173,255,575.408,622.916
2674,63,255,774.690,618.992
2675,125,255,1024.476,620.740
2676,89,255,1129.140,620.635
2677,82,255,1174.780,620.537
2678,182,255,1215.121,623.533
2679,70,255,1398.586,620.657
2680,118,255,1530.110,620.907
2681,114,255,145.254,621.737
2682,62,255,319.016,620.371
2683,115,255,432.196,621.613
2684,140,255,983.107,621.593
2685,149,255,1043.909,622.614
2686,78,255,1241.321,620.987
2687,37,255,1411.851,620.230
2688,60,255,288.517,620.800
2689,61,255,593.074,621.680
2690,75,255,786.327,622.340
2691,91,255,878.632,621.819
2692,82,255,945.585,622.024
2693,60,255,1309.533,621.250
2694,55,255,356.500,621.427
2695,126,255,892.849,623.706
2696,137,255,1165.690,627.412
2697,180,255,77.856,626.533
2698,54,255,168.907,624.593
2699,133,255,191.643,625.026
2700,66,255,558.864,623.939
2701,52,255,715.981,622.942
2702,128,255,865.273,625.891
2703,118,255,1141.763,627.271
2704,31,255,1514.048,621.984
2705,118,255,159.542,627.246
2706,64,255,483.406,623.984
2707,29,255,659.534,624.190
2708,133,255,1070.590,626.237
2709,25,255,33.060,624.700
2710,104,255,1249.269,629.404
2711,98,255,1507.520,629.347
2712,63,255,699.802,628.040
2713,137,255,1541.500,629.157
2714,71,255,10.444,629.599
2715,144,255,258.174,630.938
2716,159,255,416.041,630.097
2717,35,255,913.043,627.586
2718,58,255,275.862,628.948
2719,88,255,373.875,629.977
2720,30,255,1282.367,628.033
2721,128,255,1450.805,629.938
2722,57,255,224.640,629.886
2723,77,255,392.565,630.500
2724,117,255,449.201,630.910
2725,94,255,691.074,631.447
2726,64,255,1239.312,631.000
2727,26,255,285.077,630.077
2728,111,255,539.959,634.149
2729,110,255,751.591,634.100
2730,50,255,991.260,631.560
2731,69,255,1122.007,632.283
2732,108,255,931.843,635.639
2733,72,255,1398.931,633.236
2734,21,255,1497.024,632.833
2735,120,255,109.517,637.258
2736,97,255,304.943,635.820
2737,121,255,356.045,635.773
2738,142,255,639.232,637.106
2739,117,255,716.833,635.808
2740,71,255,1060.373,635.106
2741,225,255,1261.304,638.838
2742,143,255,1296.507,635.640
2743,143,255,1422.766,636.563
2744,75,255,1577.940,634.527
2745,85,255,217.676,636.194
2746,33,255,523.742,634.591
2747,116,255,660.405,637.362
2748,102,255,836.598,637.725
2749,59,255,1368.788,635.873
2750,34,255,5.000,636.794
2751,21,255,143.262,635.881
2752,130,255,823.431,640.354
2753,110,255,1556.082,638.855
2754,48,255,235.000,637.708
2755,111,255,871.014,639.815
2756,43,255,1021.616,637.384
2757,58,255,1342.293,637.655
2758,54,255,284.778,640.167
2759,140,255,672.257,642.114
2760,57,255,812.307,639.289
2761,152,255,1215.336,642.921
2762,124,255,316.960,642.258
2763,118,255,944.805,642.678
2764,69,255,1046.094,641.659
2765,72,255,1393.542,640.875
2766,45,255,1405.144,639.967
2767,117,255,151.603,644.893
2768,108,255,202.991,642.028
2769,64,255,340.688,641.859
2770,74,255,399.568,642.554
2771,146,255,486.219,644.233
2772,71,255,859.880,642.894
2773,109,255,1135.674,641.839
2774,126,255,584.238,644.484
2775,211,255,966.187,645.737
2776,90,255,985.944,643.478
2777,102,255,436.745,644.392
2778,53,255,460.689,642.877
2779,203,255,1186.924,646.736
2780,88,255,370.455,645.466
2781,65,255,743.577,646.408
2782,104,255,758.231,645.904
2783,38,255,894.763,643.026
2784,121,255,1243.723,645.921
2785,94,255,1285.106,646.000
2786,34,255,1310.206,643.000
2787,102,255,193.667,648.696
2788,105,255,541.586,646.814
2789,27,255,618.056,643.426
2790,96,255,1104.167,646.656
2791,91,255,1511.654,646.764
2792,40,255,29.875,646.225
2793,48,255,173.062,645.521
2794,172,255,1151.587,648.785
2795,39,255,1577.756,644.321
2796,23,255,1598.065,644.891
2797,125,255,1490.788,650.060
2798,107,255,233.313,649.435
2799,75,255,445.407,650.553
2800,58,255,1591.862,649.207
2801,43,255,37.919,647.942
2802,69,255,71.949,649.486
2803,39,255,273.782,649.013
2804,66,255,361.591,649.667
2805,50,255,571.700,649.500
2806,62,255,905.016,649.677
2807,33,255,1342.227,647.621
2808,41,255,1412.134,647.890
2809,27,255,1501.389,648.278
2810,134,255,1534.687,652.060
2811,89,255,689.669,650.567
2812,30,255,717.533,650.133
2813,78,255,1054.821,651.064
2814,47,255,1076.564,649.457
2815,105,255,1169.948,651.614
2816,64,255,1206.750,650.984
2817,66,255,268.197,653.015
2818,20,255,710.850,650.100
2819,96,255,800.854,651.802
2820,23,255,1325.413,649.891
2821,144,255,1374.090,654.243
2822,61,255,1519.369,652.074
2823,109,255,63.271,655.601
2824,186,255,106.495,655.194
2825,117,255,164.261,654.406
2826,75,255,180.847,653.540
2827,134,255,1029.187,653.813
2828,76,255,1115.316,653.250
2829,78,255,1296.103,653.410
2830,31,255,1465.694,650.565
2831,118,255,132.390,656.051
2832,103,255,728.762,655.587
2833,145,255,1126.534,657.603
2834,86,255,1351.140,654.233
2835,76,255,1393.592,653.816
2836,50,255,1439.860,651.720
2837,73,255,251.760,654.856
2838,96,255,774.000,655.000
2839,67,255,983.978,653.873
2840,138,255,1313.254,657.087
2841,24,255,283.583,653.833
2842,58,255,331.052,656.172
2843,92,255,454.957,656.761
2844,26,255,791.577,654.231
2845,42,255,812.905,654.690
2846,58,255,1419.069,655.655
2847,102,255,1452.314,657.647
2848,37,255,84.311,654.527
2849,45,255,343.900,654.544
2850,127,255,399.075,660.146
2851,108,255,750.852,659.602
2852,116,255,912.491,658.897
2853,34,255,1081.588,655.882
2854,126,255,1275.357,658.627
2855,25,255,225.700,656.900
2856,103,255,647.296,659.927
2857,89,255,1230.758,657.983
2858,117,255,1473.132,660.603
2859,112,255,1555.321,659.848
2860,71,255,1595.120,658.528
2861,65,255,539.100,659.115
2862,110,255,1408.682,660.355
2863,48,255,308.396,660.104
2864,92,255,636.000,661.609
2865,109,255,677.711,660.830
2866,117,255,866.791,663.842
2867,92,255,1434.793,661.065
2868,98,255,1568.092,662.653
2869,106,255,18.236,662.472
2870,103,255,119.413,662.772
2871,31,255,279.403,661.726
2872,92,255,411.804,662.913
2873,122,255,707.902,663.016
2874,92,255,1247.304,662.902
2875,105,255,263.557,665.167
2876,60,255,287.833,662.233
2877,79,255,341.171,663.386
2878,23,255,495.717,660.630
2879,75,255,1059.273,661.953
2880,32,255,1107.219,661.281
2881,99,255,232.702,664.884
2882,125,255,442.140,667.532
2883,169,255,851.453,666.950
2884,40,255,1256.700,663.400
2885,20,255,51.400,663.550
2886,162,255,216.617,667.556
2887,47,255,882.968,664.989
2888,76,255,526.539,667.461
2889,57,255,1099.711,665.658
2890,67,255,1514.336,667.425
2891,33,255,1523.318,666.712
2892,119,255,247.945,670.912
2893,32,255,807.281,665.375
2894,102,255,1338.627,670.588
2895,78,255,1578.667,668.154
2896,40,255,491.325,667.775
2897,49,255,66.480,668.786
2898,104,255,418.192,670.827
2899,50,255,541.920,669.240
2900,140,255,557.414,671.693
2901,113,255,720.367,670.863
2902,111,255,826.968,670.329
2903,93,255,1015.522,671.349
2904,108,255,1027.037,672.417
2905,51,255,1068.696,669.225
2906,117,255,1164.509,671.124
2907,110,255,1349.600,671.200
2908,82,255,7.683,671.341
2909,191,255,595.908,673.830
2910,88,255,937.761,671.352
2911,103,255,985.869,672.733
2912,128,255,1375.422,672.094
2913,178,255,137.472,674.961
2914,48,255,1226.417,672.125
2915,74,255,1546.392,672.000
2916,172,255,382.977,675.901
2917,140,255,648.857,675.157
2918,131,255,1257.263,676.210
2919,93,255,1457.360,674.059
2920,137,255,1479.617,676.777
2921,96,255,47.458,673.969
2922,91,255,167.819,674.522
2923,154,255,358.519,675.935
2924,57,255,484.886,675.079
2925,108,255,749.648,675.296
2926,70,255,294.971,674.829
2927,62,255,882.194,674.565
2928,89,255,1002.837,675.815
2929,75,255,1118.153,675.367
2930,110,255,1179.282,676.145
2931,85,255,1213.982,675.382
2932,90,255,466.711,676.511
2933,43,255,1277.988,674.872
2934,68,255,1500.662,675.250
2935,146,255,22.377,678.938
2936,70,255,73.443,677.486
2937,66,255,266.727,676.636
2938,61,255,334.484,677.336
2939,63,255,1243.008,676.024
2940,89,255,32.545,680.478
2941,97,255,539.923,680.129
2942,28,255,574.143,677.214
2943,121,255,1057.103,680.550
2944,67,255,94.963,680.858
2945,75,255,1073.180,680.673
2946,107,255,283.930,682.808
2947,114,255,704.842,683.096
2948,117,255,891.073,683.483
2949,105,255,915.890,682.681
2950,138,255,1152.906,682.986
2951,113,255,1304.173,685.164
2952,68,255,1317.941,681.853
2953,50,255,761.580,682.220
2954,43,255,772.547,681.640
2955,84,255,103.036,685.024
2956,73,255,854.432,683.774
2957,103,255,972.898,685.121
2958,54,255,1393.315,682.907
2959,165,255,1414.815,687.003
2960,104,255,6.923,686.096
2961,109,255,160.518,687.243
2962,132,255,990.273,686.811
2963,30,255,1518.133,683.133
2964,35,255,52.243,686.014
2965,87,255,401.730,685.534
2966,30,255,447.333,684.767
2967,105,255,819.738,688.576
2968,99,255,1125.177,686.086
2969,24,255,1198.458,683.125
2970,154,255,1270.227,687.584
2971,66,255,201.076,686.379
2972,91,255,743.621,687.049
2973,70,255,828.714,686.643
2974,138,255,305.522,689.145
2975,87,255,619.132,687.374
2976,149,255,1098.225,690.836
2977,36,255,1109.333,687.944
2978,60,255,1542.767,688.600
2979,124,255,141.685,691.347
2980,64,255,188.031,689.281
2981,74,255,264.459,690.473
2982,107,255,427.117,690.472
2983,96,255,689.229,690.323
2984,68,255,863.265,689.588
2985,49,255,1071.051,689.316
2986,31,255,1311.306,689.242
2987,39,255,1567.910,688.064
2988,139,255,116.809,692.004
2989,89,255,333.893,691.107
2990,109,255,714.509,690.757
2991,89,255,806.747,690.320
2992,53,255,956.160,689.802
2993,99,255,925.025,692.167
2994,32,255,1501.000,691.031
2995,45,255,1585.367,691.300
2996,102,255,1006.696,693.794
2997,20,255,1578.100,690.550
2998,114,255,320.395,695.158
2999,152,255,1519.664,696.151
3000,93,255,1182.726,694.726
3001,47,255,204.564,694.245
3002,137,255,465.405,697.741
3003,48,255,639.083,694.750
3004,74,255,779.541,695.662
3005,73,255,1488.925,696.363
3006,23,255,70.283,694.587
3007,72,255,1593.347,697.181
3008,30,255,505.767,697.300
3009,88,255,545.636,697.386
3010,63,255,872.929,696.738
3011,84,255,341.631,699.190
3012,33,255,409.288,697.348
3013,109,255,673.472,699.849
3014,45,255,734.367,697.567
3015,78,255,744.628,699.833
3016,25,255,1026.180,697.660
3017,43,255,1145.965,697.686
3018,59,255,374.432,698.263
3019,175,255,561.711,704.380
3020,95,255,1055.426,700.984
3021,129,255,1430.500,701.221
3022,79,255,1454.196,699.804
3023,83,255,7.548,700.813
3024,88,255,286.591,701.386
3025,64,255,1044.078,700.891
3026,125,255,1122.500,701.692
3027,118,255,30.932,702.932
3028,78,255,52.821,702.064
3029,138,255,1161.377,702.536
3030,43,255,1343.430,701.058
3031,78,255,147.218,702.397
3032,53,255,162.745,701.500
3033,109,255,890.977,704.069
3034,130,255,1187.623,705.108
3035,59,255,1251.195,702.144
3036,48,255,1262.208,702.604
3037,120,255,1364.983,703.958
3038,48,255,1562.500,701.958
3039,29,255,690.328,702.121
3040,57,255,785.272,704.149
3041,81,255,269.895,704.599
3042,84,255,388.083,704.405
3043,120,255,523.900,705.350
3044,102,255,717.637,705.539
3045,45,255,841.811,704.500
3046,90,255,919.078,704.633
3047,115,255,985.204,706.013
3048,37,255,77.014,704.446
3049,52,255,604.500,704.615
3050,198,255,1223.146,709.333
3051,108,255,1398.889,706.343
3052,98,255,482.112,707.398
3053,34,255,645.000,705.500
3054,107,255,806.276,706.883
3055,28,255,1474.929,704.821
3056,72,255,418.875,708.542
3057,97,255,623.242,708.191
3058,31,255,1064.887,706.081
3059,110,255,1503.109,710.745
3060,102,255,586.343,709.696
3061,64,255,942.453,708.266
3062,147,255,1413.656,710.650
3063,90,255,350.467,711.056
3064,34,255,736.824,708.471
3065,147,255,773.548,710.786
3066,88,255,829.966,709.591
3067,126,255,1299.889,710.921
3068,95,255,430.795,711.321
3069,89,255,509.938,710.713
3070,128,255,669.539,714.969
3071,61,255,704.451,710.598
3072,54,255,754.889,710.111
3073,75,255,861.687,710.487
3074,54,255,955.167,709.389
3075,49,255,301.929,710.276
3076,86,255,653.209,713.337
3077,90,255,970.156,712.700
3078,67,255,98.022,712.410
3079,101,255,141.134,712.866
3080,99,255,155.843,713.965
3081,42,255,236.429,712.429
3082,175,255,1384.614,715.294
3083,75,255,1480.967,713.487
3084,101,255,51.124,715.371
3085,42,255,85.119,713.095
3086,91,255,597.522,714.819
3087,91,255,912.511,715.533
3088,84,255,995.167,714.393
3089,130,255,1463.885,715.669
3090,97,255,1525.356,714.376
3091,111,255,1566.851,714.410
3092,126,255,69.722,716.714
3093,52,255,279.365,714.058
3094,32,255,328.125,713.250
3095,29,255,337.224,712.845
3096,79,255,1257.487,715.057
3097,153,255,1583.533,716.879
3098,107,255,535.621,715.883
3099,67,255,929.112,715.858
3100,118,255,1112.797,717.280
3101,158,255,1172.880,718.829
3102,126,255,171.317,717.603
3103,43,255,185.105,715.105
3104,22,255,1321.682,715.136
3105,116,255,318.353,719.267
3106,85,255,738.700,719.112
3107,110,255,839.564,718.945
3108,99,255,1141.005,719.722
3109,26,255,247.308,717.615
3110,109,255,689.234,719.638
3111,109,255,450.849,720.931
3112,69,255,642.065,719.775
3113,154,255,894.058,722.825
3114,78,255,959.910,719.410
3115,106,255,1087.972,720.340
3116,44,255,1271.091,718.455
3117,59,255,270.195,721.398
3118,123,255,1199.118,722.760
3119,130,255,29.446,724.054
3120,82,255,335.720,722.024
3121,48,255,868.167,720.333
3122,64,255,1044.734,721.078
3123,142,255,1425.056,723.768
3124,59,255,665.890,722.805
3125,75,255,875.167,723.793
3126,35,255,527.443,722.843
3127,49,255,1061.867,722.929
3128,184,255,355.163,727.027
3129,90,255,512.678,724.933
3130,72,255,585.431,723.903
3131,73,255,1027.075,724.281
3132,60,255,1159.417,724.450
3133,173,255,1313.934,729.061
3134,103,255,1370.063,726.141
3135,123,255,98.720,727.053
3136,50,255,709.140,724.880
3137,85,255,805.288,726.500
3138,123,255,945.272,727.207
3139,39,255,1496.115,724.269
3140,125,255,569.476,728.100
3141,40,255,150.900,726.575
3142,89,255,249.433,728.545
3143,185,255,982.376,730.716
3144,149,255,1527.064,731.138
3145,47,255,111.053,728.840
3146,111,255,234.968,731.734
3147,71,255,611.613,729.824
3148,119,255,648.525,730.861
3149,197,255,1222.119,732.084
3150,73,255,202.034,731.308
3151,108,255,213.546,731.852
3152,131,255,258.660,736.172
3153,113,255,910.075,732.659
3154,27,255,1071.389,728.981
3155,38,255,1349.974,728.763
3156,104,255,1399.548,732.288
3157,74,255,1442.824,731.770
3158,116,255,406.086,732.914
3159,95,255,539.521,731.732
3160,152,255,166.987,735.303
3161,173,255,472.737,735.540
3162,136,255,192.875,737.059
3163,124,255,700.048,736.758
3164,89,255,767.331,734.410
3165,29,255,1084.776,731.845
3166,92,255,1111.913,733.098
3167,135,255,1276.344,735.048
3168,114,255,1333.526,734.833
3169,120,255,1489.175,735.042
3170,134,255,1551.493,736.388
3171,139,255,68.773,736.629
3172,120,255,862.850,737.317
3173,66,255,1163.773,734.833
3174,101,255,452.896,737.045
3175,21,255,713.500,733.167
3176,72,255,919.125,736.208
3177,74,255,1093.432,736.581
3178,48,255,1133.250,734.500
3179,73,255,1259.007,735.062
3180,124,255,1461.863,738.395
3181,62,255,1568.290,735.371
3182,112,255,393.589,738.696
3183,98,255,431.082,739.082
3184,94,255,724.053,738.128
3185,34,255,1008.324,736.000
3186,115,255,1064.830,738.822
3187,91,255,1206.049,739.313
3188,79,255,1020.032,739.032
3189,110,255,1150.655,740.555
3190,105,255,1345.005,741.176
3191,27,255,7.907,737.574
3192,40,255,47.200,738.150
3193,119,255,510.895,741.113
3194,174,255,1372.575,742.213
3195,93,255,359.543,740.296
3196,119,255,496.055,742.399
3197,93,255,591.242,740.866
3198,42,255,943.690,739.095
3199,45,255,144.633,741.167
3200,118,255,228.000,743.390
3201,103,255,781.034,742.869
3202,84,255,797.714,742.845
3203,62,255,836.613,743.661
3204,43,255,378.733,743.012
3205,78,255,637.782,743.564
3206,126,255,676.278,745.833
3207,83,255,886.102,743.452
3208,107,255,420.023,746.612
3209,87,255,739.764,745.684
3210,104,255,992.692,745.288
3211,61,255,1568.434,743.730
3212,48,255,51.292,744.646
3213,71,255,874.035,745.599
3214,58,255,1180.190,744.431
3215,21,255,40.405,744.833
3216,115,255,95.691,748.178
3217,92,255,539.261,747.380
3218,111,255,650.284,748.365
3219,51,255,943.186,745.912
3220,123,255,1028.240,748.825
3221,96,255,1077.198,747.583
3222,140,255,1270.700,748.643
3223,112,255,1548.643,748.938
3224,83,255,7.596,747.259
3225,36,255,174.778,746.111
3226,110,255,625.545,749.236
3227,25,255,1255.500,745.660
3228,46,255,1391.348,748.500
3229,102,255,552.745,749.431
3230,36,255,1016.000,747.361
3231,27,255,1494.611,746.204
3232,75,255,275.073,752.287
3233,123,255,288.085,751.337
3234,95,255,371.826,750.437
3235,146,255,971.356,752.205
3236,81,255,1057.228,750.290
3237,117,255,1168.278,751.594
3238,22,255,1505.818,747.136
3239,143,255,313.248,753.339
3240,43,255,1249.942,750.174
3241,163,255,1588.009,753.733
3242,138,255,163.587,753.254
3243,136,255,721.449,751.647
3244,44,255,763.659,750.250
3245,56,255,832.339,751.607
3246,102,255,104.196,753.745
3247,108,255,402.296,754.648
3248,82,255,695.622,754.024
3249,83,255,1286.367,753.151
3250,126,255,573.056,755.429
3251,62,255,840.613,753.403
3252,83,255,985.331,754.681
3253,62,255,1186.677,753.306
3254,103,255,23.180,757.646
3255,87,255,259.994,754.730
3256,76,255,606.908,754.921
3257,34,255,1433.118,753.706
3258,111,255,70.131,756.878
3259,125,255,204.812,756.732
3260,20,255,682.750,753.550
3261,117,255,1300.372,756.662
3262,117,255,36.278,758.303
3263,87,255,50.098,757.523
3264,134,255,467.597,760.351
3265,47,255,524.074,756.223
3266,94,255,925.989,757.149
3267,114,255,1219.526,757.482
3268,34,255,501.794,756.794
3269,128,255,1098.508,759.812
3270,61,255,1323.893,756.385
3271,156,255,1341.583,760.077
3272,147,255,1508.602,760.364
3273,38,255,1569.316,756.711
3274,21,255,130.929,756.405
3275,157,255,142.717,761.207
3276,89,255,453.904,759.118
3277,55,255,731.009,758.045
3278,61,255,784.582,758.533
3279,113,255,874.111,762.270
3280,41,255,1369.768,757.451
3281,85,255,1486.653,758.971
3282,63,255,1521.944,758.246
3283,133,255,239.425,761.643
3284,55,255,771.755,758.973
3285,70,255,1050.786,759.457
3286,87,255,516.810,761.787
3287,122,255,915.213,762.943
3288,83,255,959.825,761.127
3289,147,255,1560.738,763.405
3290,76,255,122.803,762.263
3291,42,255,176.762,761.095
3292,144,255,1029.375,762.271
3293,65,255,4.838,762.562
3294,97,255,657.015,763.232
3295,87,255,810.983,763.466
3296,59,255,1072.975,762.229
3297,145,255,1408.741,765.893
3298,20,255,269.750,761.750
3299,59,255,373.890,763.161
3300,83,255,441.633,764.801
3301,64,255,478.047,763.891
3302,81,255,540.821,766.006
3303,116,255,743.216,765.647
3304,80,255,756.987,766.150
3305,27,255,882.833,762.907
3306,105,255,946.367,766.148
3307,124,255,1152.194,766.024
3308,99,255,1312.631,765.995
3309,127,255,1423.028,767.358
3310,59,255,276.975,765.517
3311,68,255,315.132,765.662
3312,95,255,327.016,768.584
3313,69,255,798.645,766.268
3314,104,255,852.673,765.856
3315,91,255,1113.225,766.225
3316,163,255,1208.242,767.715
3317,49,255,254.847,765.031
3318,29,255,335.224,764.845
3319,151,255,387.056,768.507
3320,174,255,1010.517,768.718
3321,94,255,358.074,768.202
3322,49,255,888.949,768.724
3323,96,255,62.625,768.760
3324,54,255,212.870,767.574
3325,126,255,556.913,770.683
3326,133,255,597.658,770.936
3327,33,255,1538.470,766.682
3328,117,255,10.893,772.996
3329,38,255,608.605,767.921
3330,111,255,631.284,771.851
3331,90,255,829.378,770.156
3332,62,255,927.371,768.903
3333,94,255,1044.936,769.415
3334,132,255,1274.712,771.371
3335,70,255,371.414,771.486
3336,22,255,640.364,768.727
3337,64,255,1173.297,770.172
3338,200,255,191.485,775.055
3339,73,255,237.349,772.226
3340,144,255,572.549,773.583
3341,85,255,704.418,771.818
3342,90,255,959.867,771.856
3343,94,255,1086.415,771.979
3344,137,255,101.777,775.953
3345,69,255,490.399,772.326
3346,196,255,120.566,779.730
3347,80,255,419.575,774.337
3348,101,255,649.728,775.411
3349,41,255,903.939,772.061
3350,53,255,1485.142,772.953
3351,47,255,252.457,772.862
3352,75,255,290.793,775.527
3353,94,255,1105.383,776.032
3354,57,255,1232.079,773.974
3355,133,255,1456.959,776.004
3356,56,255,144.286,774.964
3357,50,255,171.460,774.700
3358,76,255,220.158,776.461
3359,81,255,429.488,776.512
3360,75,255,504.380,775.967
3361,89,255,1023.680,776.792
3362,101,255,1184.173,776.609
3363,123,255,1245.776,776.386
3364,124,255,457.129,778.758
3365,66,255,477.167,776.273
3366,106,255,336.783,779.208
3367,84,255,1336.750,778.571
3368,98,255,1360.561,778.633
3369,69,255,88.428,780.051
3370,115,255,137.283,782.387
3371,87,255,279.799,780.845
3372,127,255,442.303,782.106
3373,67,255,495.201,779.396
3374,44,255,698.886,777.523
3375,62,255,736.581,778.774
3376,77,255,941.526,778.838
3377,70,255,1068.943,780.157
3378,90,255,63.044,779.533
3379,69,255,319.051,779.413
3380,93,255,1134.747,780.522
3381,27,255,1397.981,777.500
3382,68,255,728.044,781.735
3383,86,255,984.163,781.872
3384,135,255,1539.256,782.122
3385,79,255,408.867,782.424
3386,98,255,972.173,782.765
3387,72,255,1440.569,782.403
3388,113,255,535.385,784.049
3389,77,255,849.409,782.487
3390,115,255,917.474,783.891
3391,131,255,1044.584,783.790
3392,145,255,1426.948,784.528
3393,125,255,39.756,785.020
3394,120,255,521.000,784.583
3395,128,255,997.242,785.422
3396,62,255,1281.661,784.032
3397,42,255,312.333,784.381
3398,38,255,690.395,784.000
3399,132,255,1293.591,786.311
3400,112,255,263.125,787.188
3401,81,255,706.574,785.981
3402,174,255,768.759,787.902
3403,71,255,956.951,785.049
3404,96,255,1401.167,785.948
3405,124,255,1557.935,787.758
3406,57,255,252.009,785.781
3407,61,255,610.107,785.893
3408,182,255,1470.945,789.181
3409,42,255,1592.405,785.524
3410,132,255,347.303,789.288
3411,186,255,384.468,791.124
3412,60,255,567.133,787.300
3413,70,255,628.400,788.586
3414,51,255,1057.500,786.951
3415,66,255,1077.455,787.576
3416,125,255,1232.644,789.668
3417,88,255,1501.182,787.511
3418,52,255,218.577,788.712
3419,57,255,357.237,787.956
3420,43,255,738.221,786.942
3421,82,255,867.293,790.354
3422,150,255,1187.993,789.773
3423,92,255,172.315,790.141
3424,116,255,243.319,794.388
3425,46,255,815.283,788.348
3426,65,255,1456.177,789.854
3427,83,255,10.536,790.331
3428,58,255,501.414,791.138
3429,22,255,834.500,788.273
3430,22,255,856.727,788.727
3431,150,255,1103.507,794.307
3432,189,255,1143.733,796.421
3433,96,255,1306.000,792.344
3434,57,255,64.482,791.570
3435,51,255,318.559,790.618
3436,92,255,790.913,792.707
3437,79,255,1242.108,793.576
3438,157,255,431.296,794.729
3439,89,255,466.747,794.197
3440,42,255,490.571,792.167
3441,178,255,593.494,793.652
3442,43,255,729.756,791.081
3443,116,255,1570.491,794.552
3444,78,255,1014.295,793.628
3445,51,255,404.480,794.559
3446,95,255,1318.500,796.184
3447,135,255,1354.693,797.500
3448,48,255,478.521,796.458
3449,121,255,1128.864,797.847
3450,129,255,1386.640,797.547
3451,132,255,1485.379,797.879
3452,60,255,153.283,795.933
3453,82,255,272.341,797.341
3454,68,255,856.868,797.132
3455,83,255,55.825,797.572
3456,69,255,617.848,798.326
3457,148,255,640.966,801.439
3458,126,255,920.794,797.944
3459,104,255,1592.750,799.577
3460,133,255,139.898,801.199
3461,115,255,900.396,801.570
3462,107,255,1087.098,801.453
3463,73,255,1206.747,800.185
3464,52,255,1274.865,799.173
3465,130,255,1339.577,800.254
3466,107,255,125.051,801.491
3467,54,255,565.778,798.926
3468,71,255,803.965,800.148
3469,42,255,201.429,801.810
3470,213,255,524.063,803.026
3471,126,255,681.825,802.214
3472,52,255,816.192,800.808
3473,106,255,1075.151,802.019
3474,149,255,28.540,803.091
3475,20,255,79.150,800.500
3476,67,255,214.545,802.201
3477,153,255,310.239,803.278
3478,108,255,359.565,803.806
3479,42,255,557.167,800.452
3480,88,255,609.670,803.102
3481,81,255,885.290,801.512
3482,58,255,937.310,801.121
3483,83,255,1438.608,801.657
3484,79,255,1527.753,801.994
3485,61,255,13.648,802.566
3486,117,255,179.979,804.047
3487,110,255,412.373,804.409
3488,97,255,544.418,803.562
3489,35,255,783.786,800.671
3490,96,255,988.229,803.948
3491,157,255,506.576,806.328
3492,91,255,850.533,804.852
3493,106,255,1405.377,806.000
3494,68,255,580.265,804.265
3495,68,255,999.118,805.132
3496,66,255,1118.848,805.424
3497,54,255,335.926,804.481
3498,80,255,660.225,805.837
3499,41,255,1052.573,804.085
3500,65,255,111.777,806.238
3501,20,255,350.400,806.550
3502,114,255,724.842,808.053
3503,122,255,957.934,807.525
3504,110,255,1026.891,808.309
3505,104,255,1227.740,808.279
3506,54,255,489.944,806.185
3507,71,255,595.232,807.401
3508,124,255,259.290,809.742
3509,69,255,568.384,808.486
3510,139,255,759.802,809.493
3511,170,255,1164.447,810.188
3512,43,255,1214.337,807.826
3513,82,255,1252.073,809.427
3514,71,255,1581.190,808.303
3515,61,255,61.303,810.615
3516,74,255,555.865,809.608
3517,81,255,971.685,810.327
3518,55,255,1039.755,810.064
3519,73,255,1543.610,809.377
3520,87,255,1554.925,811.293
3521,117,255,279.902,811.098
3522,90,255,911.300,813.511
3523,117,255,1196.449,812.175
3524,86,255,1183.070,813.407
3525,73,255,1382.418,811.719
3526,82,255,785.305,812.854
3527,112,255,1304.384,814.580
3528,67,255,70.664,813.709
3529,117,255,379.013,815.697
3530,20,255,445.900,811.300
3531,54,255,463.426,812.759
3532,75,255,13.833,815.273
3533,53,255,201.858,813.632
3534,136,255,330.154,816.331
3535,53,255,344.009,815.368
3536,78,255,404.679,814.923
3537,66,255,879.561,814.636
3538,38,255,930.947,813.263
3539,72,255,246.750,816.319
3540,171,255,816.073,819.237
3541,82,255,939.232,815.451
3542,25,255,1003.420,813.540
3543,105,255,1274.976,816.767
3544,56,255,212.714,816.857
3545,94,255,480.394,816.883
3546,91,255,779.357,819.467
3547,38,255,1312.289,816.237
3548,134,255,42.343,819.448
3549,89,255,149.556,818.017
3550,107,255,432.827,817.724
3551,58,255,686.638,817.845
3552,92,255,1596.304,819.217
3553,53,255,101.142,818.217
3554,75,255,308.660,818.140
3555,43,255,395.012,818.547
3556,119,255,546.408,820.105
3557,31,255,651.532,816.371
3558,79,255,753.665,818.741
3559,52,255,1055.038,817.423
3560,98,255,1436.367,820.051
3561,73,255,1028.103,819.459
3562,116,255,1215.853,820.914
3563,46,255,350.978,819.391
3564,117,255,609.885,822.996
3565,89,255,958.826,820.343
3566,123,255,1079.874,822.240
3567,160,255,1340.700,821.775
3568,92,255,1405.587,820.576
3569,152,255,1484.836,823.829
3570,64,255,87.500,821.312
3571,122,255,456.139,824.311
3572,93,255,1251.478,821.661
3573,118,255,1133.059,824.068
3574,100,255,1284.240,824.280
3575,110,255,494.036,827.500
3576,148,255,593.250,825.622
3577,160,255,632.356,827.231
3578,56,255,840.214,824.786
3579,60,255,849.300,823.267
3580,29,255,888.397,821.879
3581,44,255,922.250,822.705
3582,93,255,976.457,823.962
3583,53,255,997.764,823.500
3584,41,255,1037.646,821.939
3585,113,255,1194.403,824.606
3586,146,255,1359.959,826.445
3587,49,255,381.398,824.296
3588,107,255,709.098,825.313
3589,119,255,767.592,827.055
3590,32,255,1549.406,822.750
3591,111,255,79.671,827.995
3592,41,255,567.866,823.988
3593,119,255,1095.500,827.609
3594,162,255,1152.895,829.907
3595,83,255,1419.970,827.886
3596,111,255,1453.212,827.491
3597,105,255,255.224,830.024
3598,27,255,484.204,826.204
3599,124,255,672.194,829.444
3600,45,255,862.522,827.678
3601,133,255,1227.695,830.229
3602,50,255,1312.460,826.120
3603,58,255,1390.828,826.862
3604,173,255,1567.818,829.702
3605,81,255,1588.586,829.130
3606,27,255,52.981,826.907
3607,124,255,405.952,831.710
3608,31,255,419.758,827.855
3609,83,255,1104.849,831.151
3610,47,255,112.117,828.989
3611,118,255,211.763,830.610
3612,61,255,273.943,829.451
3613,91,255,535.357,830.291
3614,58,255,737.897,828.741
3615,72,255,1178.222,828.861
3616,127,255,1373.894,832.406
3617,183,255,306.281,833.751
3618,72,255,349.056,830.806
3619,76,255,439.026,830.711
3620,79,255,1001.715,831.854
3621,146,255,1501.233,831.966
3622,104,255,1113.654,833.538
3623,96,255,59.562,833.708
3624,36,255,339.611,831.833
3625,84,255,882.071,834.024
3626,34,255,172.206,832.000
3627,98,255,330.214,835.316
3628,78,255,547.346,835.615
3629,29,255,984.500,832.500
3630,215,255,1431.877,838.537
3631,84,255,1446.381,834.381
3632,55,255,1554.209,833.336
3633,48,255,790.417,833.354
3634,79,255,1013.905,835.728
3635,39,255,68.833,834.705
3636,88,255,558.955,837.739
3637,21,255,573.881,834.690
3638,113,255,824.279,835.288
3639,150,255,1057.053,838.980
3640,87,255,397.270,838.557
3641,79,255,914.411,837.095
3642,129,255,1027.345,838.089
3643,206,255,1519.442,840.549
3644,85,255,130.806,838.935
3645,119,255,659.752,839.382
3646,121,255,691.401,839.946
3647,42,255,977.167,836.310
3648,50,255,1308.720,836.420
3649,92,255,1397.761,838.728
3650,190,255,479.474,842.374
3651,72,255,705.208,838.583
3652,78,255,728.449,838.551
3653,36,255,162.778,838.694
3654,46,255,386.109,839.130
3655,56,255,424.000,839.321
3656,25,255,858.540,838.260
3657,47,255,1191.989,839.266
3658,70,255,1328.786,840.114
3659,107,255,1347.752,840.369
3660,24,255,1384.875,837.917
3661,46,255,1596.652,838.370
3662,51,255,143.794,840.069
3663,130,255,1269.862,842.385
3664,91,255,509.423,841.863
3665,150,255,197.480,845.007
3666,56,255,578.911,842.000
3667,60,255,925.233,841.850
3668,69,255,953.645,843.471
3669,58,255,1252.793,841.828
3670,71,255,1358.373,842.289
3671,37,255,1544.365,840.797
3672,166,255,288.982,846.873
3673,145,255,595.631,845.921
3674,78,255,761.962,842.923
3675,67,255,895.590,842.993
3676,65,255,1214.008,843.254
3677,120,255,1240.208,845.958
3678,104,255,1468.558,845.144
3679,77,255,1503.370,843.721
3680,77,255,35.032,845.617
3681,83,255,458.898,846.464
3682,30,255,1036.933,843.600
3683,26,255,1534.231,842.692
3684,57,255,176.974,844.500
3685,116,255,618.362,847.138
3686,159,255,1131.594,847.462
3687,59,255,1147.992,847.737
3688,80,255,119.562,847.375
3689,112,255,795.170,848.446
3690,52,255,2.596,848.808
3691,93,255,17.425,848.704
3692,27,255,98.537,846.685
3693,106,255,445.462,848.726
3694,72,255,782.986,848.097
3695,120,255,813.500,848.717
3696,197,255,1078.302,851.865
3697,109,255,1174.381,848.537
3698,37,255,1481.581,847.473
3699,51,255,380.422,850.069
3700,77,255,727.825,849.773
3701,122,255,990.066,851.066
3702,161,255,1108.736,851.568
3703,46,255,1186.152,848.348
3704,83,255,1383.633,850.416
3705,34,255,26.382,850.118
3706,40,255,365.775,850.200
3707,84,255,630.762,851.810
3708,47,255,648.670,850.862
3709,115,255,748.491,851.926
3710,20,255,976.900,847.850
3711,38,255,1196.868,850.184
3712,122,255,45.000,853.844
3713,120,255,164.958,854.233
3714,141,255,248.429,853.656
3715,127,255,430.815,853.878
3716,34,255,537.647,850.441
3717,125,255,568.892,853.644
3718,43,255,641.244,851.686
3719,114,255,714.561,854.439
3720,126,255,837.905,852.548
3721,52,255,1559.423,850.346
3722,74,255,1593.081,851.351
3723,83,255,179.054,853.259
3724,68,255,1318.574,852.544
3725,86,255,151.419,853.360
3726,166,255,342.319,856.217
3727,95,255,510.995,854.637
3728,124,255,525.460,856.234
3729,89,255,859.511,854.444
3730,197,255,908.612,857.906
3731,54,255,937.815,853.611
3732,179,255,1008.170,858.288
3733,49,255,1061.316,853.276
3734,154,255,406.266,856.331
3735,170,255,1158.276,857.829
3736,211,255,1258.950,858.818
3737,30,255,1392.467,853.600
3738,83,255,75.572,855.560
3739,55,255,104.191,854.518
3740,118,255,359.034,857.703
3741,84,255,872.810,855.393
3742,34,255,1020.265,853.559
3743,57,255,66.553,856.482
3744,130,255,890.769,858.185
3745,173,255,1551.408,860.384
3746,60,255,387.967,857.400
3747,113,255,476.473,858.553
3748,98,255,657.908,857.929
3749,26,255,738.154,856.154
3750,79,255,773.791,858.285
3751,76,255,960.184,857.974
3752,39,255,1434.269,856.269
3753,50,255,223.640,857.620
3754,79,255,316.715,859.627
3755,79,255,556.462,859.538
3756,76,255,590.763,857.513
3757,124,255,1027.185,861.048
3758,124,255,1455.048,860.065
3759,123,255,1482.037,860.126
3760,65,255,327.638,860.346
3761,60,255,729.833,860.067
3762,104,255,1225.856,859.625
3763,65,255,1419.362,858.854
3764,105,255,11.319,861.357
3765,75,255,212.313,861.033
3766,124,255,459.710,862.016
3767,85,255,973.818,860.500
3768,51,255,1330.873,859.951
3769,112,255,58.688,864.482
3770,115,255,271.996,861.491
3771,79,255,1171.677,863.741
3772,30,255,1318.467,860.833
3773,203,255,1353.741,865.224
3774,102,255,675.696,862.922
3775,120,255,928.750,864.400
3776,90,255,1126.122,864.033
3777,94,255,1384.468,862.681
3778,21,255,1523.071,861.310
3779,33,255,303.379,862.015
3780,89,255,613.174,864.399
3781,101,255,947.332,865.718
3782,135,255,1287.900,866.663
3783,135,255,1304.263,864.959
3784,66,255,103.227,864.561
3785,156,255,490.853,868.577
3786,52,255,602.673,865.096
3787,30,255,629.567,862.333
3788,90,255,1496.767,865.633
3789,81,255,1576.932,866.611
3790,38,255,117.921,863.605
3791,42,255,695.548,864.667
3792,45,255,705.478,864.633
3793,88,255,1062.011,865.966
3794,31,255,140.145,865.629
3795,199,255,792.862,868.847
3796,97,255,1370.675,867.696
3797,84,255,92.179,867.976
3798,20,255,231.400,865.550
3799,118,255,817.517,868.678
3800,122,255,881.992,869.410
3801,101,255,589.153,868.757
3802,123,255,651.370,869.866
3803,85,255,1196.688,869.594
3804,103,255,1236.248,869.403
3805,117,255,1423.765,870.132
3806,96,255,1507.292,870.260
3807,96,255,191.021,870.552
3808,104,255,259.356,870.865
3809,45,255,1276.078,868.456
3810,51,255,296.814,871.716
3811,133,255,1535.981,873.951
3812,68,255,1584.118,872.485
3813,69,255,162.239,873.964
3814,110,255,313.445,873.882
3815,49,255,221.622,872.765
3816,141,255,244.762,874.699
3817,109,255,415.289,875.555
3818,134,255,429.933,875.687
3819,63,255,732.151,872.881
3820,40,255,1402.775,872.575
3821,31,255,80.919,872.435
3822,150,255,356.580,875.953
3823,56,255,396.571,874.464
3824,176,255,1006.494,875.898
3825,111,255,1063.662,876.059
3826,123,255,1093.972,877.093
3827,95,255,1106.584,875.542
3828,77,255,40.461,875.955
3829,164,255,64.159,877.512
3830,119,255,455.929,876.424
3831,30,255,212.300,875.800
3832,71,255,228.908,877.937
3833,101,255,701.876,876.817
3834,97,255,772.727,877.789
3835,22,255,1565.773,875.273
3836,94,255,20.234,878.543
3837,112,255,150.000,878.545
3838,92,255,666.641,877.815
3839,48,255,762.083,877.354
3840,98,255,871.408,878.184
3841,109,255,1260.362,879.913
3842,135,255,1332.374,879.619
3843,46,255,1518.196,876.696
3844,23,255,750.891,876.587
3845,80,255,906.400,878.087
3846,129,255,1031.624,880.391
3847,107,255,561.846,880.369
3848,104,255,834.173,879.702
3849,117,255,851.585,880.509
3850,207,255,1482.085,882.857
3851,29,255,1595.672,878.190
3852,106,255,101.387,881.896
3853,151,255,516.195,882.818
3854,116,255,543.793,881.302
3855,79,255,1134.816,881.057
3856,84,255,1450.655,881.881
3857,30,255,736.333,881.000
3858,117,255,1047.355,883.269
3859,181,255,1376.273,883.439
3860,43,255,1463.709,880.802
3861,23,255,617.109,880.543
3862,81,255,1278.451,883.302
3863,82,255,3.537,884.963
3864,73,255,50.815,884.897
3865,191,255,327.463,886.134
3866,95,255,954.437,884.626
3867,104,255,1180.038,885.952
3868,85,255,1289.147,884.606
3869,126,255,1418.167,884.722
3870,38,255,1560.474,882.500
3871,59,255,752.636,885.127
3872,22,255,897.364,883.818
3873,63,255,1079.865,884.548
3874,58,255,1114.586,883.724
3875,94,255,123.383,886.479
3876,100,255,256.080,886.490
3877,81,255,966.179,887.265
3878,138,255,1358.007,887.703
3879,147,255,1573.861,888.636
3880,70,255,373.629,886.471
3881,126,255,931.944,887.381
3882,144,255,978.007,889.931
3883,176,255,1398.341,889.426
3884,124,255,348.000,889.129
3885,125,255,636.196,888.364
3886,45,255,798.744,886.944
3887,74,255,1143.473,888.919
3888,90,255,1167.133,889.244
3889,108,255,1191.481,889.352
3890,134,255,27.687,890.866
3891,102,255,76.431,890.784
3892,29,255,93.397,887.190
3893,100,255,475.880,889.150
3894,79,255,827.259,889.057
3895,53,255,113.896,890.047
3896,61,255,457.516,889.369
3897,96,255,702.031,890.240
3898,101,255,1157.629,891.500
3899,75,255,1519.513,890.033
3900,25,255,224.260,888.300
3901,141,255,305.578,893.188
3902,105,255,395.881,892.576
3903,116,255,619.543,891.155
3904,36,255,294.639,890.139
3905,83,255,569.970,891.548
3906,62,255,1238.161,891.645
3907,96,255,1251.250,893.219
3908,63,255,1059.167,892.024
3909,45,255,1431.789,892.544
3910,129,255,144.159,895.593
3911,72,255,903.431,894.694
3912,55,255,102.609,893.591
3913,121,255,269.798,896.136
3914,81,255,412.883,895.056
3915,92,255,743.467,894.054
3916,62,255,878.113,894.290
3917,21,255,995.119,893.500
3918,117,255,1041.654,896.517
3919,131,255,183.164,898.042
3920,62,255,423.484,896.597
3921,46,255,1090.543,895.696
3922,86,255,243.512,897.977
3923,156,255,504.538,898.929
3924,81,255,537.451,897.340
3925,134,255,770.388,899.769
3926,61,255,810.107,898.041
3927,123,255,1124.411,899.232
3928,118,255,1443.237,899.636
3929,73,255,320.815,898.295
3930,67,255,368.216,898.231
3931,167,255,686.578,902.895
3932,75,255,732.247,899.393
3933,45,255,1507.878,897.656
3934,185,255,1533.349,902.705
3935,44,255,161.136,899.023
3936,32,255,252.688,898.000
3937,88,255,462.045,900.477
3938,48,255,1260.271,899.479
3939,131,255,1585.195,901.225
3940,70,255,333.886,900.086
3941,98,255,648.480,900.010
3942,104,255,795.837,901.462
3943,103,255,840.937,901.510
3944,41,255,864.134,899.451
3945,66,255,896.530,900.561
3946,24,255,920.792,898.792
3947,118,255,1327.390,901.864
3948,115,255,704.535,901.822
3949,81,255,817.698,902.957
3950,37,255,1597.824,901.851
3951,98,255,286.969,903.286
3952,70,255,607.071,901.671
3953,54,255,1178.315,901.907
3954,62,255,1269.339,904.016
3955,78,255,1278.154,903.308
3956,31,255,1417.274,901.048
3957,103,255,96.772,904.578
3958,79,255,226.563,903.956
3959,36,255,750.028,901.806
3960,53,255,875.802,903.330
3961,116,255,1002.586,903.405
3962,83,255,1065.187,904.006
3963,119,255,1464.029,904.903
3964,86,255,51.093,905.337
3965,73,255,125.377,904.842
3966,27,255,1192.352,902.722
3967,72,255,1216.139,905.292
3968,23,255,1248.413,903.283
3969,100,255,1355.780,907.820
3970,54,255,1287.296,906.444
3971,83,255,151.572,907.392
3972,39,255,251.474,904.910
3973,34,255,595.500,906.853
3974,87,255,1160.362,907.121
3975,41,255,1428.012,905.646
3976,123,255,1089.386,908.451
3977,128,255,1142.828,908.781
3978,141,255,1369.067,911.138
3979,188,255,1553.394,912.005
3980,129,255,351.849,911.314
3981,71,255,573.092,909.514
3982,31,255,935.113,907.694
3983,77,255,61.500,911.526
3984,115,255,367.204,911.613
3985,104,255,423.558,910.692
3986,38,255,295.711,910.579
3987,55,255,481.082,910.464
3988,69,255,587.514,912.094
3989,108,255,646.370,911.796
3990,53,255,736.877,910.500
3991,70,255,1108.943,911.671
3992,78,255,1239.731,912.436
3993,72,255,1505.458,911.500
3994,104,255,40.298,913.510
3995,69,255,139.297,912.891
3996,181,255,539.914,914.240
3997,113,255,856.341,912.190
3998,75,255,1187.900,913.780
3999,24,255,1309.167,910.375
4000,35,255,244.443,912.071
4001,58,255,952.690,913.862
4002,79,255,965.184,915.171
4003,40,255,1597.850,914.000
4004,46,255,447.870,913.630
4005,36,255,565.500,912.583
4006,47,255,974.564,913.798
4007,53,255,1568.500,914.538
4008,47,255,124.479,914.883
4009,25,255,253.500,913.500
4010,93,255,322.769,915.446
4011,54,255,458.963,913.611
4012,35,255,504.729,914.214
4013,186,255,764.968,917.774
4014,42,255,919.667,914.214
4015,53,255,935.292,914.311
4016,122,255,986.820,917.533
4017,35,255,1008.043,913.757
4018,34,255,1196.941,914.971
4019,62,255,222.984,915.919
4020,58,255,620.138,915.414
4021,201,255,1415.604,920.022
4022,106,255,1489.217,917.142
4023,33,255,557.591,916.136
4024,35,255,724.614,916.557
4025,62,255,1329.435,918.032
4026,104,255,18.298,918.808
4027,40,255,67.625,917.125
4028,65,255,512.700,919.115
4029,106,255,797.689,918.623
4030,51,255,878.382,917.716
4031,81,255,1000.870,920.265
4032,61,255,1023.057,919.336
4033,59,255,1444.314,918.466
4034,139,255,492.234,920.709
4035,39,255,1378.346,918.859
4036,95,255,425.479,921.742
4037,27,255,782.722,918.537
4038,44,255,1136.182,919.886
4039,46,255,1147.217,919.630
4040,71,255,179.049,921.063
4041,133,255,304.718,924.906
4042,115,255,470.109,922.274
4043,53,255,1047.255,921.198
4044,60,255,700.150,921.783
4045,99,255,1062.823,922.217
4046,81,255,1267.327,922.537
4047,74,255,1433.649,923.270
4048,87,255,1503.431,922.914
4049,154,255,1569.701,925.591
4050,26,255,119.192,922.038
4051,76,255,162.724,924.342
4052,69,255,249.384,922.341
4053,82,255,657.183,922.268
4054,78,255,1299.000,923.897
4055,45,255,282.011,923.944
4056,61,255,66.467,924.598
4057,72,255,80.236,926.333
4058,49,255,413.010,925.745
4059,115,255,1207.117,926.396
4060,125,255,1453.212,927.668
4061,78,255,6.154,928.449
4062,35,255,1103.843,925.271
4063,43,255,1342.477,926.314
4064,63,255,1518.865,926.484
4065,90,255,140.056,928.300
4066,22,255,389.455,926.227
4067,107,255,1126.463,927.136
4068,133,255,1226.891,929.049
4069,34,255,43.912,926.735
4070,103,255,215.510,929.238
4071,64,255,323.078,927.344
4072,62,255,380.484,928.532
4073,38,255,517.132,927.474
4074,55,255,984.955,927.845
4075,50,255,1257.900,928.100
4076,87,255,638.006,929.914
4077,93,255,1036.382,929.446
4078,58,255,1053.603,928.914
4079,63,255,1362.024,929.437
4080,156,255,1369.808,933.635
4081,74,255,180.500,931.338
4082,66,255,572.091,929.803
4083,36,255,701.750,928.917
4084,75,255,857.273,929.580
4085,70,255,722.443,930.571
4086,39,255,753.269,930.244
4087,30,255,799.400,929.700
4088,122,255,945.631,932.557
4089,68,255,885.588,932.662
4090,34,255,896.412,932.000
4091,111,255,1286.788,933.473
4092,93,255,1094.349,934.048
4093,114,255,1193.956,935.114
4094,141,255,1427.209,936.379
4095,136,255,1542.640,935.772
4096,50,255,1080.920,935.660
4097,106,255,58.991,936.717
4098,182,255,89.973,937.863
4099,65,255,106.977,936.162
4100,85,255,293.841,936.053
4101,53,255,440.858,936.198
4102,69,255,824.978,934.674
4103,53,255,1319.934,935.047
4104,188,255,1398.324,937.590
4105,95,255,1510.837,936.732
4106,47,255,1592.181,936.649
4107,70,255,463.214,936.371
4108,64,255,1006.875,935.984
4109,53,255,1122.726,935.349
4110,119,255,1144.315,938.290
4111,58,255,1242.914,936.569
4112,94,255,231.596,938.309
4113,44,255,285.295,937.250
4114,59,255,654.449,936.466
4115,49,255,692.929,936.071
4116,78,255,844.474,936.526
4117,109,255,913.491,939.252
4118,56,255,1208.214,936.357
4119,80,255,1581.975,938.075
4120,49,255,709.888,936.480
4121,67,255,744.440,938.112
4122,60,255,512.150,939.867
4123,30,255,1132.100,938.367
4124,55,255,1251.427,939.100
4125,96,255,1296.719,941.573
4126,31,255,11.597,939.306
4127,92,255,142.446,941.272
4128,42,255,390.476,939.167
4129,51,255,554.696,940.245
4130,27,255,565.648,939.611
4131,78,255,575.551,941.590
4132,43,255,594.453,939.174
4133,83,255,1492.127,940.596
4134,163,255,213.144,943.175
4135,25,255,310.220,940.100
4136,57,255,880.816,941.325
4137,155,255,28.165,945.074
4138,39,255,131.551,941.628
4139,28,255,274.143,942.036
4140,115,255,803.848,944.857
4141,99,255,991.278,942.692
4142,98,255,1022.755,942.908
4143,96,255,1180.969,942.448
4144,38,255,175.632,941.974
4145,47,255,928.202,941.755
4146,88,255,1339.727,943.534
4147,81,255,74.426,945.290
4148,55,255,608.136,943.391
4149,54,255,858.093,944.185
4150,125,255,1560.620,945.996
4151,98,255,162.429,946.214
4152,46,255,471.717,944.913
4153,66,255,588.061,945.379
4154,74,255,721.851,945.149
4155,58,255,1539.224,944.897
4156,78,255,185.641,947.308
4157,70,255,279.914,947.586
4158,41,255,531.256,945.500
4159,51,255,651.422,946.167
4160,44,255,947.909,945.000
4161,79,255,1073.133,946.095
4162,66,255,1195.500,945.212
4163,121,255,1242.360,948.467
4164,152,255,1272.513,949.303
4165,56,255,1356.446,946.107
4166,35,255,1386.557,945.557
4167,72,255,253.069,948.139
4168,45,255,481.656,947.389
4169,57,255,519.868,947.307
4170,47,255,819.883,946.053
4171,90,255,899.489,948.544
4172,28,255,961.679,946.107
4173,50,255,1036.120,946.600
4174,75,255,1416.460,948.087
4175,97,255,1446.789,949.758
4176,56,255,832.500,947.000
4177,62,255,1055.726,948.435
4178,65,255,1096.623,947.485
4179,119,255,1320.609,949.761
4180,131,255,1505.760,950.943
4181,112,255,103.848,949.786
4182,33,255,642.591,948.015
4183,62,255,1115.016,948.532
4184,75,255,230.393,949.553
4185,70,255,847.729,950.029
4186,42,255,1047.571,950.310
4187,57,255,419.132,951.658
4188,51,255,751.500,950.265
4189,51,255,500.676,951.324
4190,34,255,761.676,951.206
4191,61,255,974.352,952.172
4192,161,255,1459.351,955.432
4193,121,255,40.731,954.847
4194,114,255,124.693,954.351
4195,48,255,1403.417,953.292
4196,30,255,1494.000,952.000
4197,88,255,221.330,955.955
4198,67,255,298.619,955.679
4199,123,255,1334.451,956.573
4200,124,255,1476.815,955.653
4201,86,255,196.651,955.837
4202,73,255,548.925,955.185
4203,44,255,691.114,954.136
4204,36,255,812.222,953.806
4205,76,255,924.789,955.645
4206,94,255,953.681,956.809
4207,65,255,1544.162,955.162
4208,58,255,54.500,955.879
4209,49,255,395.724,955.582
4210,34,255,633.000,954.294
4211,74,255,675.068,955.838
4212,128,255,708.195,957.133
4213,58,255,742.138,955.690
4214,36,255,821.361,954.500
4215,105,255,1352.671,956.538
4216,73,255,1518.842,956.829
4217,168,255,1576.661,960.381
4218,58,255,243.397,956.586
4219,55,255,891.155,956.155
4220,55,255,1037.064,955.882
4221,59,255,149.975,957.975
4222,42,255,179.762,957.500
4223,27,255,429.722,956.574
4224,59,255,728.585,957.025
4225,48,255,967.229,957.438
4226,94,255,1235.702,960.872
4227,43,255,272.988,959.547
4228,47,255,602.947,958.649
4229,73,255,621.034,958.664
4230,64,255,1013.172,961.375
4231,52,255,1290.442,959.442
4232,52,255,1419.058,958.538
4233,38,255,1555.842,957.947
4234,35,255,110.071,958.929
4235,83,255,289.392,962.572
4236,38,255,346.000,959.342
4237,62,255,577.129,958.613
4238,58,255,655.983,959.259
4239,78,255,1124.603,959.808
4240,104,255,16.096,962.442
4241,89,255,316.399,962.601
4242,21,255,641.452,959.690
4243,29,255,829.707,960.328
4244,64,255,1085.625,961.234
4245,112,255,100.045,964.839
4246,136,255,163.868,965.625
4247,77,255,187.292,962.968
4248,39,255,89.603,963.885
4249,34,255,362.000,961.382
4250,127,255,1367.760,965.697
4251,146,255,1430.349,965.945
4252,50,255,1469.240,963.500
4253,55,255,1493.136,962.918
4254,148,255,695.115,966.588
4255,42,255,1018.881,964.429
4256,43,255,1444.337,963.826
4257,48,255,337.021,965.188
4258,36,255,435.000,964.500
4259,73,255,448.432,964.089
4260,48,255,474.875,963.625
4261,48,255,515.208,964.771
4262,45,255,808.767,963.611
4263,84,255,1105.357,966.202
4264,38,255,1194.053,964.500
4265,73,255,421.979,965.527
4266,28,255,869.607,965.250
4267,32,255,1028.031,965.156
4268,133,255,1537.936,969.162
4269,72,255,259.139,967.500
4270,29,255,326.293,966.534
4271,40,255,348.150,965.725
4272,79,255,405.462,967.399
4273,51,255,559.441,966.441
4274,58,255,593.034,966.879
4275,34,255,665.353,966.971
4276,53,255,826.028,966.877
4277,26,255,879.692,965.308
4278,156,255,1383.526,973.686
4279,62,255,246.242,968.806
4280,29,255,502.224,965.948
4281,75,255,530.940,967.767
4282,35,255,573.529,966.214
4283,58,255,912.672,967.000
4284,35,255,978.071,966.557
4285,66,255,1143.182,967.712
4286,89,255,1510.770,968.500
4287,86,255,1522.698,970.767
4288,70,255,678.000,968.629
4289,72,255,990.375,968.958
4290,22,255,1170.864,967.818
4291,71,255,1248.232,969.993
4292,108,255,52.056,971.713
4293,52,255,226.500,969.731
4294,31,255,457.790,969.435
4295,26,255,464.846,968.615
4296,96,255,712.500,971.344
4297,43,255,742.430,968.593
4298,44,255,845.705,969.182
4299,58,255,485.086,971.190
4300,89,255,605.938,971.478
4301,53,255,750.840,972.613
4302,60,255,927.100,970.133
4303,20,255,1178.200,969.000
4304,86,255,1321.593,972.093
4305,126,255,1559.063,973.262
4306,30,255,294.233,970.967
4307,59,255,862.059,970.924
4308,55,255,939.682,972.191
4309,80,255,207.425,974.562
4310,71,255,968.923,973.894
4311,54,255,1157.537,973.556
4312,45,255,1332.678,973.900
4313,136,255,1415.199,976.154
4314,59,255,1444.466,974.059
4315,69,255,109.819,975.065
4316,54,255,417.778,974.278
4317,52,255,505.827,973.442
4318,59,255,768.314,974.754
4319,42,255,883.286,973.143
4320,24,255,998.583,973.208
4321,29,255,1053.638,974.086
4322,92,255,332.435,976.663
4323,30,255,427.767,974.567
4324,25,255,1047.060,974.300
4325,37,255,1063.176,975.446
4326,20,255,1.750,975.800
4327,75,255,182.460,977.767
4328,125,255,737.540,980.596
4329,71,255,829.880,976.669
4330,30,255,1073.467,976.233
4331,70,255,350.729,978.086
4332,50,255,894.460,978.420
4333,45,255,1016.833,977.033
4334,42,255,1029.405,976.452
4335,61,255,1135.582,978.156
4336,70,255,1170.171,978.800
4337,125,255,1355.828,979.916
4338,116,255,1592.086,980.431
4339,44,255,984.295,978.455
4340,58,255,1199.207,978.655
4341,43,255,1293.942,977.663
4342,71,255,1396.289,979.218
4343,43,255,452.826,978.826
4344,84,255,522.357,980.214
4345,72,255,556.875,980.500
4346,28,255,818.143,979.036
4347,46,255,844.152,978.935
4348,25,255,1080.980,978.860
4349,51,255,289.304,980.206
4350,90,255,438.644,981.722
4351,25,255,609.380,980.300
4352,127,255,693.980,983.862
4353,44,255,858.114,980.364
4354,76,255,879.250,983.000
4355,66,255,1006.030,981.515
4356,91,255,89.863,984.445
4357,77,255,389.604,982.357
4358,35,255,567.643,982.871
4359,49,255,578.051,982.561
4360,26,255,589.538,981.885
4361,28,255,598.000,981.000
4362,73,255,621.007,983.925
4363,51,255,782.167,982.461
4364,43,255,909.709,983.058
4365,51,255,1090.225,982.480
4366,64,255,1456.203,984.188
4367,58,255,272.983,983.431
4368,47,255,376.500,985.011
4369,68,255,423.603,984.206
4370,47,255,505.840,983.330
4371,39,255,715.654,982.705
4372,40,255,751.450,983.300
4373,42,255,1029.762,982.929
4374,83,255,1155.958,985.018
4375,48,255,1373.062,984.333
4376,36,255,409.028,984.444
4377,23,255,493.717,983.761
4378,91,255,800.335,985.225
4379,56,255,827.732,984.643
4380,26,255,1102.654,983.846
4381,50,255,1328.340,984.040
4382,42,255,13.524,984.833
4383,131,255,74.553,988.088
4384,39,255,945.141,984.833
4385,22,255,1275.318,984.000
4386,48,255,1112.667,985.979
4387,55,255,1184.409,985.573
4388,94,255,478.564,988.468
4389,57,255,540.675,987.675
4390,24,255,894.458,986.125
4391,74,255,1041.892,988.041
4392,29,255,1075.741,987.293
4393,30,255,1168.233,986.667
4394,52,255,197.769,988.673
4395,66,255,299.879,989.909
4396,52,255,351.346,988.923
4397,54,255,922.389,990.093
4398,28,255,955.036,987.821
4399,65,255,1199.362,989.685
4400,53,255,519.085,989.821
4401,53,255,599.198,989.123
4402,21,255,857.500,988.500
4403,40,255,964.300,989.700
4404,25,255,1053.300,988.940
4405,60,255,1125.000,989.500
4406,91,255,1484.676,990.390
4407,92,255,99.500,992.065
4408,63,255,313.786,990.421
4409,28,255,388.571,990.036
4410,68,255,398.118,991.574
4411,73,255,462.445,992.034
4412,29,255,867.121,989.362
4413,56,255,1353.339,990.732
4414,30,255,1395.633,990.233
4415,56,255,1516.089,992.250
4416,106,255,57.406,993.434
4417,84,255,173.548,992.821
4418,67,255,410.500,991.754
4419,35,255,1504.557,991.529
4420,61,255,363.598,991.861
4421,28,255,552.679,991.000
4422,65,255,1065.392,993.023
4423,44,255,1096.000,991.614
4424,39,255,1417.038,992.269
4425,42,255,284.524,993.452
4426,20,255,660.250,992.800
4427,47,255,1563.309,993.904
4428,89,255,23.961,996.500
4429,81,255,141.858,996.512
4430,50,255,229.000,994.660
4431,50,255,448.880,994.340
4432,34,255,668.265,993.765
4433,39,255,1191.192,996.218
4434,40,255,1235.975,994.100
4435,77,255,1472.058,995.227
4436,41,255,274.695,995.378
4437,73,255,842.760,995.500
4438,34,255,895.676,994.824
4439,47,255,973.245,995.202
4440,159,255,1437.984,999.097
4441,70,255,1590.186,997.443
4442,95,255,118.868,999.953
4443,41,255,619.915,996.159
4444,39,255,681.936,996.628
4445,60,255,765.300,996.467
4446,46,255,791.500,996.000
4447,28,255,1015.143,994.750
4448,72,255,1526.875,997.667
4449,71,255,12.627,999.599
4450,59,255,494.364,997.822
4451,65,255,707.023,996.931
4452,38,255,738.000,997.711
4453,58,255,990.500,998.000
4454,52,255,1113.096,997.442
4455,48,255,1149.646,996.917
4456,32,255,1271.469,997.156
4457,20,255,1538.050,996.650
4458,99,255,151.510,1002.571
4459,61,255,213.975,998.943
4460,64,255,262.641,999.141
4461,41,255,289.817,998.622
4462,41,255,1247.451,997.988
4463,47,255,1259.543,997.947
4464,86,255,240.174,1000.430
4465,54,255,389.370,999.130
4466,60,255,563.233,999.450
4467,35,255,1160.500,999.157
4468,56,255,1174.625,999.000
4469,89,255,1553.961,1001.545
4470,37,255,417.392,1000.284
4471,49,255,1088.010,1000.235
4472,74,255,87.284,1002.054
4473,139,255,101.773,1005.953
4474,24,255,252.542,1001.208
4475,42,255,597.262,1001.167
4476,71,255,811.303,1003.345
4477,54,255,1408.278,1002.833
4478,34,255,1377.912,1002.824
4479,59,255,1488.873,1003.483
4480,52,255,58.769,1003.558
4481,47,255,343.755,1002.670
4482,31,255,397.952,1004.339
4483,49,255,408.071,1003.439
4484,34,255,717.353,1002.912
4485,80,255,947.888,1003.575
4486,122,255,1506.549,1004.967
4487,46,255,226.370,1003.804
4488,49,255,962.929,1004.214
4489,72,255,1044.194,1004.583
4490,50,255,1127.560,1004.060
4491,28,255,1222.000,1004.000
4492,20,255,1233.000,1003.000
4493,59,255,188.602,1006.415
4494,22,255,354.773,1004.000
4495,71,255,463.951,1006.261
4496,45,255,532.078,1005.389
4497,62,255,581.516,1005.516
4498,33,255,913.379,1005.076
4499,46,255,1207.696,1005.065
4500,49,255,1261.439,1005.459
4501,32,255,495.344,1006.344
4502,64,255,728.000,1006.953
4503,44,255,785.727,1006.318
4504,54,255,903.130,1007.352
4505,44,255,1170.114,1006.591
4506,54,255,1244.426,1006.444
4507,51,255,1297.245,1006.441
4508,86,255,1389.651,1007.791
4509,48,255,1420.146,1005.979
4510,68,255,1474.691,1007.750
4511,64,255,267.438,1008.484
4512,88,255,305.659,1010.852
4513,35,255,1103.900,1007.557
4514,116,255,165.310,1010.629
4515,83,255,761.536,1008.946
4516,40,255,1057.450,1007.750
4517,25,255,1184.500,1007.180
4518,36,255,1564.111,1008.333
4519,63,255,387.659,1010.754
4520,22,255,625.136,1008.500
4521,67,255,977.649,1010.694
4522,22,255,1336.091,1009.000
4523,20,255,1135.450,1009.100
4524,106,255,1286.811,1013.387
4525,22,255,1352.591,1009.545
4526,48,255,413.938,1012.250
4527,75,255,745.953,1013.553
4528,46,255,796.630,1011.326
4529,80,255,1005.712,1012.600
4530,91,255,1112.379,1012.896
4531,40,255,1219.275,1010.750
4532,58,255,1273.362,1011.828
4533,67,255,1463.052,1012.724
4534,51,255,568.539,1012.049
4535,44,255,674.091,1011.955
4536,33,255,1362.197,1012.227
4537,45,255,1372.833,1012.856
4538,61,255,201.697,1013.516
4539,82,255,428.159,1014.622
4540,100,255,479.810,1017.730
4541,105,255,1025.024,1015.395
4542,124,255,1491.613,1015.323
4543,87,255,1546.144,1015.822
4544,42,255,2.476,1015.262
4545,55,255,138.409,1015.318
4546,42,255,593.452,1014.119
4547,35,255,965.929,1013.557
4548,24,255,1097.958,1012.917
4549,36,255,1187.528,1013.250
4550,34,255,506.882,1014.618
4551,30,255,612.233,1015.067
4552,24,255,627.625,1014.500
4553,40,255,1230.125,1014.900
4554,131,255,1516.401,1018.309
4555,62,255,187.613,1017.452
4556,51,255,717.088,1016.578
4557,36,255,858.639,1016.222
4558,53,255,1052.896,1016.066
4559,51,255,1240.814,1017.108
4560,137,255,1448.617,1018.259
4561,96,255,280.167,1019.750
4562,127,255,462.059,1020.909
4563,40,255,620.050,1018.425
4564,28,255,834.714,1016.500
4565,84,255,1152.750,1018.667
4566,99,255,1202.379,1022.136
4567,69,255,1574.630,1018.500
4568,56,255,48.196,1018.661
4569,77,255,127.760,1019.955
4570,45,255,173.478,1018.344
4571,38,255,233.605,1018.368
4572,47,255,892.947,1018.053
4573,69,255,1253.877,1018.659
4574,55,255,1357.282,1018.245
4575,46,255,222.783,1019.217
4576,35,255,245.929,1020.357
4577,21,255,585.690,1018.595
4578,134,255,1308.873,1022.485
4579,53,255,531.802,1020.123
4580,66,255,597.879,1021.879
4581,20,255,997.950,1019.300
4582,46,255,1078.000,1020.848
4583,80,255,1164.362,1025.075
4584,80,255,1215.013,1022.725
4585,106,255,23.453,1023.821
4586,44,255,292.932,1021.386
4587,48,255,1090.833,1021.271
4588,48,255,1320.438,1022.875
4589,96,255,1567.375,1024.615
4590,29,255,212.534,1021.983
4591,48,255,266.646,1022.146
4592,73,255,512.267,1022.870
4593,22,255,696.636,1021.818
4594,20,255,704.250,1021.750
4595,122,255,1293.705,1025.443
4596,47,255,1393.138,1021.798
4597,22,255,1435.909,1021.636
4598,26,255,69.231,1022.731
4599,38,255,743.816,1023.658
4600,72,255,794.458,1023.917
4601,38,255,967.368,1024.079
4602,95,255,158.542,1027.205
4603,60,255,203.517,1024.800
4604,62,255,337.581,1024.871
4605,110,255,564.700,1025.791
4606,43,255,764.849,1024.500
4607,37,255,906.581,1024.203
4608,23,255,974.457,1023.891
4609,81,255,4.340,1027.500
4610,74,255,102.865,1025.973
4611,25,255,236.900,1024.100
4612,41,255,1101.500,1025.500
4613,35,255,1122.557,1024.929
4614,58,255,57.310,1027.069
4615,36,255,608.194,1026.194
4616,39,255,1372.987,1026.526
4617,28,255,1408.821,1025.750
4618,46,255,918.500,1027.174
4619,57,255,944.798,1027.693
4620,44,255,1228.250,1027.568
4621,102,255,1259.333,1029.853
4622,51,255,1332.735,1027.755
4623,54,255,1494.000,1027.907
4624,30,255,1536.767,1028.367
4625,51,255,395.912,1029.931
4626,53,255,431.142,1027.443
4627,41,255,711.110,1028.866
4628,38,255,957.816,1028.158
4629,49,255,1017.622,1028.786
4630,39,255,1425.090,1028.321
4631,44,255,147.250,1030.136
4632,31,255,415.048,1029.210
4633,66,255,1040.939,1029.348
4634,55,255,186.191,1030.027
4635,102,255,311.382,1032.176
4636,86,255,701.221,1030.988
4637,101,255,1176.837,1032.926
4638,65,255,69.715,1031.638
4639,52,255,404.192,1031.750
4640,57,255,830.272,1031.465
4641,46,255,1058.717,1031.565
4642,99,255,380.076,1033.530
4643,68,255,520.309,1032.691
4644,43,255,728.291,1032.314
4645,45,255,799.611,1031.767
4646,51,255,1432.108,1033.284
4647,190,255,1550.526,1036.700
4648,53,255,31.330,1034.066
4649,20,255,84.450,1032.500
4650,64,255,134.922,1033.453
4651,35,255,479.271,1032.586
4652,57,255,1214.763,1034.412
4653,64,255,274.547,1034.547
4654,26,255,438.500,1034.000
4655,93,255,619.414,1035.231
4656,29,255,986.052,1033.914
4657,43,255,1117.314,1035.407
4658,52,255,1422.423,1035.788
4659,133,255,1482.801,1038.267
4660,67,255,1511.336,1035.112
4661,66,255,603.409,1035.848
4662,58,255,998.638,1035.466
4663,24,255,1127.625,1034.583
4664,113,255,1275.686,1038.403
4665,41,255,494.793,1037.963
4666,59,255,722.415,1038.331
4667,74,255,902.514,1037.257
4668,50,255,919.160,1036.080
4669,109,255,1323.683,1037.261
4670,131,255,225.370,1039.569
4671,65,255,933.100,1038.208
4672,67,255,288.694,1040.276
4673,35,255,327.414,1038.186
4674,66,255,472.545,1038.712
4675,78,255,540.333,1039.038
4676,84,255,572.667,1040.024
4677,61,255,942.844,1040.533
4678,99,255,958.490,1040.379
4679,76,255,109.882,1039.658
4680,148,255,667.250,1042.230
4681,78,255,1507.038,1042.115
4682,54,255,1587.556,1039.500
4683,71,255,8.570,1041.838
4684,96,255,819.979,1042.625
4685,29,255,1011.879,1038.948
4686,67,255,343.485,1041.560
4687,36,255,868.000,1040.500
4688,37,255,880.419,1041.095
4689,47,255,1093.436,1041.287
4690,57,255,1229.605,1042.535
4691,31,255,1261.339,1041.565
4692,46,255,515.978,1041.848
4693,39,255,1023.936,1042.577
4694,46,255,1341.739,1041.935
4695,109,255,1570.014,1044.894
4696,22,255,97.591,1042.409
4697,40,255,194.825,1043.475
4698,30,255,989.133,1042.867
4699,92,255,1051.707,1043.402
4700,56,255,87.036,1045.036
4701,66,255,206.182,1043.894
4702,69,255,406.428,1046.196
4703,24,255,648.833,1043.375
4704,126,255,805.079,1047.595
4705,21,255,1373.738,1043.881
4706,38,255,249.711,1045.421
4707,48,255,382.188,1045.583
4708,155,255,782.223,1048.429
4709,40,255,1311.850,1045.100
4710,48,255,54.208,1047.354
4711,42,255,322.476,1046.214
4712,47,255,703.032,1046.223
4713,42,255,1183.143,1045.905
4714,62,255,143.790,1046.855
4715,27,255,1079.944,1046.574
4716,42,255,1106.571,1047.452
4717,36,255,1256.056,1047.972
4718,56,255,905.321,1048.054
4719,37,255,913.851,1048.419
4720,29,255,244.086,1049.362
4721,25,255,656.620,1049.060
4722,21,255,1086.500,1048.500
4723,55,255,1382.791,1050.500
4724,37,255,76.311,1049.743
4725,52,255,176.385,1050.173
4726,37,255,1033.662,1049.419
4727,43,255,1170.058,1049.942
4728,29,255,1267.224,1049.845
4729,54,255,65.722,1052.111
4730,50,255,311.740,1052.920
4731,54,255,637.259,1052.000
4732,56,255,1134.500,1051.000
4733,37,255,1458.797,1051.338
4734,53,255,1548.330,1051.311
4735,66,255,213.500,1054.515
4736,60,255,485.967,1054.350
4737,68,255,497.176,1054.088
4738,42,255,566.048,1052.143
4739,42,255,580.071,1052.024
4740,59,255,1201.551,1053.246
4741,85,255,1348.182,1054.029
4742,33,255,1390.500,1052.167
4743,26,255,1468.885,1052.962
4744,75,255,1521.833,1054.433
4745,60,255,14.500,1054.217
4746,68,255,90.544,1055.103
4747,53,255,126.274,1055.425
4748,42,255,1435.548,1054.024
4749,142,255,1582.761,1058.232
4750,41,255,196.744,1055.963
4751,26,255,289.231,1055.154
4752,30,255,419.667,1056.733
4753,28,255,867.214,1054.464
4754,42,255,1008.405,1054.857
4755,40,255,1274.350,1055.300
4756,35,255,1339.700,1057.614
4757,107,255,1449.369,1059.435
4758,93,255,615.844,1059.016
4759,108,255,1071.120,1059.917
4760,30,255,1214.800,1055.600
4761,63,255,1545.310,1058.278
4762,35,255,2.614,1057.414
4763,40,255,53.475,1057.425
4764,95,255,600.047,1059.805
4765,21,255,840.643,1056.500
4766,80,255,853.712,1058.763
4767,60,255,944.667,1059.333
4768,31,255,1255.823,1057.113
4769,58,255,1302.345,1057.552
4770,115,255,1374.500,1061.352
4771,58,255,141.172,1059.034
4772,152,255,434.947,1060.507
4773,58,255,659.621,1060.224
4774,152,255,973.046,1061.289
4775,50,255,1245.020,1057.900
4776,55,255,1315.864,1059.518
4777,51,255,296.049,1061.010
4778,32,255,1172.844,1058.656
4779,71,255,26.754,1061.261
4780,42,255,282.000,1060.357
4781,41,255,344.085,1059.939
4782,62,255,532.129,1060.661
4783,38,255,1485.711,1060.289
4784,79,255,79.070,1062.703
4785,77,255,330.305,1061.942
4786,43,255,876.081,1061.035
4787,36,255,1184.639,1061.694
4788,42,255,1429.024,1061.714
4789,44,255,1467.000,1061.000
4790,93,255,1495.199,1064.253
4791,79,255,189.285,1063.323
4792,65,255,549.346,1065.008
4793,59,255,1564.924,1063.161
4794,37,255,7.446,1063.608
4795,58,255,124.966,1063.586
4796,99,255,706.803,1065.106
4797,40,255,719.300,1065.050
4798,72,255,749.833,1064.833
4799,43,255,771.500,1064.174
4800,33,255,951.803,1063.742
4801,67,255,107.649,1065.022
4802,84,255,586.119,1065.738
4803,146,255,650.712,1067.445
4804,77,255,762.383,1067.539
4805,38,255,1056.579,1066.184
4806,35,255,1352.500,1064.129
4807,60,255,39.067,1065.950
4808,56,255,456.946,1065.321
4809,68,255,487.500,1065.765
4810,59,255,1395.449,1066.754
4811,34,255,1406.059,1065.971
4812,71,255,1509.486,1066.711
4813,63,255,64.960,1066.960
4814,30,255,468.467,1065.100
4815,31,255,816.048,1066.790
4816,44,255,992.295,1066.500
4817,26,255,1146.577,1065.885
4818,27,255,1461.315,1065.759
4819,21,255,255.310,1066.262
4820,28,255,261.607,1067.500
4821,93,255,358.909,1068.984
4822,152,255,802.375,1070.658
4823,41,255,95.354,1068.793
4824,86,255,566.721,1070.337
4825,64,255,629.875,1070.312
4826,44,255,862.341,1069.136
4827,115,255,878.691,1072.657
4828,49,255,26.765,1070.684
4829,35,255,425.157,1070.043
4830,154,255,534.649,1072.948
4831,145,255,665.362,1074.900
4832,27,255,1154.574,1069.907
4833,61,255,1538.582,1071.123
4834,67,255,1553.157,1071.560
4835,66,255,48.652,1071.773
4836,45,255,156.300,1071.211
4837,39,255,346.910,1071.987
4838,103,255,962.811,1073.752
4839,57,255,1473.237,1071.675
4840,53,255,212.217,1072.481
4841,54,255,1358.907,1072.204
4842,56,255,1425.696,1072.768
4843,24,255,250.833,1072.750
4844,60,255,467.183,1074.100
4845,43,255,1300.198,1073.779
4846,48,255,1438.875,1073.792
4847,32,255,186.562,1073.938
4848,35,255,288.529,1075.100
4849,95,255,580.637,1076.342
4850,27,255,678.352,1075.315
4851,42,255,1050.738,1073.905
4852,40,255,1260.675,1075.125
4853,40,255,108.325,1075.350
4854,142,255,423.099,1080.732
4855,56,255,444.464,1076.375
4856,73,255,983.034,1075.911
4857,34,255,1388.206,1075.000
4858,21,255,1001.500,1075.500
4859,129,255,1142.438,1078.035
4860,80,255,1566.562,1077.300
4861,143,255,318.255,1079.969
4862,24,255,597.292,1077.167
4863,63,255,1484.627,1078.389
4864,122,255,1523.295,1080.598
4865,61,255,131.287,1079.057
4866,110,255,821.045,1080.400
4867,71,255,1075.176,1078.641
4868,23,255,1105.065,1077.413
4869,24,255,1250.833,1077.250
4870,47,255,16.457,1080.181
4871,69,255,89.630,1081.152
4872,62,255,264.419,1079.387
4873,35,255,624.557,1078.814
4874,29,255,1169.017,1079.190
4875,27,255,1233.759,1078.648
4876,69,255,1322.616,1079.891
4877,41,255,1463.695,1079.159
4878,29,255,731.293,1079.707
4879,22,255,740.273,1078.909
4880,36,255,790.417,1080.750
4881,134,255,1031.246,1083.000
4882,97,255,1160.995,1084.139
4883,36,255,1216.222,1079.889
4884,39,255,297.526,1080.756
4885,46,255,1395.848,1082.043
4886,26,255,25.231,1082.654
4887,26,255,33.692,1081.692
4888,45,255,1275.144,1082.967
4889,28,255,1386.429,1082.393
4890,34,255,764.794,1082.853
4891,28,255,776.964,1082.107
4892,91,255,890.049,1085.687
4893,21,255,1011.024,1082.881
4894,29,255,1337.914,1082.914
4895,32,255,1454.656,1083.906
4896,36,255,191.194,1084.056
4897,111,255,335.185,1086.383
4898,56,255,491.607,1085.982
4899,22,255,1253.773,1084.045
4900,63,255,1444.135,1088.341
4901,156,255,383.571,1088.865
4902,22,255,601.955,1085.682
4903,44,255,745.886,1086.841
4904,66,255,1493.318,1087.727
4905,30,255,1.767,1088.667
4906,72,255,134.431,1089.333
4907,114,255,349.553,1090.132
4908,57,255,362.816,1088.482
4909,54,255,1361.611,1087.611
4910,32,255,1544.312,1087.250
4911,82,255,1588.573,1088.537
4912,40,255,103.550,1088.825
4913,32,255,628.250,1088.469
4914,86,255,1044.826,1090.326
4915,31,255,1103.242,1088.113
4916,30,255,1292.633,1088.033
4917,71,255,1475.063,1089.951
4918,25,255,10.140,1089.100
4919,125,255,782.780,1092.228
4920,44,255,80.750,1090.659
4921,130,255,267.785,1092.015
4922,71,255,285.190,1091.754
4923,26,255,1010.692,1090.192
4924,66,255,1059.121,1092.212
4925,78,255,1179.692,1092.923
4926,39,255,90.551,1092.910
4927,63,255,198.786,1093.183
4928,37,255,1265.878,1091.824
4929,64,255,1453.484,1093.953
4930,50,255,1523.860,1092.260
4931,44,255,1556.341,1091.682
4932,39,255,187.269,1093.910
4933,56,255,458.393,1093.482
4934,82,255,556.780,1094.110
4935,122,255,865.820,1095.057
4936,64,255,426.484,1094.203
4937,56,255,660.875,1095.982
4938,54,255,669.037,1095.537
4939,104,255,945.663,1096.067
4940,94,255,1075.053,1095.660
4941,46,255,111.652,1095.087
4942,63,255,163.119,1095.627
4943,40,255,504.675,1096.000
4944,21,255,1337.881,1093.738
4945,39,255,1486.474,1095.218
4946,28,255,52.464,1096.929
4947,44,255,542.523,1097.523
4948,78,255,815.628,1097.295
4949,68,255,918.824,1097.456
4950,34,255,38.735,1098.000
4951,35,255,127.500,1097.900
4952,24,255,588.375,1098.000
4953,47,255,1140.670,1097.755
4954,24,255,1554.083,1098.167
4955,36,255,740.500,1098.278
4956,44,255,1045.091,1098.136
4957,42,255,1236.381,1098.310
4958,34,255,1398.088,1098.294
4959,21,255,1522.119,1098.405
4960,21,255,1569.643,1098.310
4961,21,255,68.548,1098.595
