 ,Area,Mean,X,Y
1,46,255,1026.261,25.174
2,150,255,1230.873,30.413
3,80,255,989.913,31.038
4,117,255,1004.269,31.808
5,52,255,979.192,30.750
6,99,255,943.369,33.773
7,21,255,963.786,31.119
8,24,255,1482.375,30.125
9,49,255,1051.194,33.235
10,22,255,1392.500,31.864
11,26,255,1467.423,31.154
12,69,255,1160.283,34.210
13,78,255,1316.205,32.962
14,40,255,1449.250,33.625
15,60,255,1187.783,35.967
16,62,255,927.097,36.274
17,38,255,1039.289,35.421
18,37,255,1504.041,34.689
19,27,255,1091.685,37.019
20,27,255,1200.759,37.167
21,27,255,1259.722,36.944
22,37,255,1332.986,37.662
23,32,255,906.906,38.750
24,25,255,1144.340,37.700
25,49,255,768.092,38.888
26,27,255,1126.500,38.648
27,31,255,1365.532,38.952
28,22,255,879.000,40.000
29,38,255,1267.184,41.211
30,26,255,1550.346,40.154
31,41,255,1372.866,41.671
32,63,255,708.881,42.722
33,37,255,1000.554,42.743
34,23,255,1210.717,41.804
35,33,255,1229.015,42.106
36,42,255,1255.143,43.333
37,98,255,1584.153,45.357
38,36,255,1592.639,41.972
39,50,255,869.460,44.360
40,101,255,1242.718,47.421
41,176,255,755.131,47.142
42,51,255,1295.225,45.167
43,34,255,736.853,44.971
44,58,255,1307.534,45.517
45,34,255,1342.765,45.647
46,20,255,1014.800,45.800
47,25,255,1218.300,45.940
48,32,255,665.812,46.938
49,74,255,673.014,49.122
50,37,255,775.230,46.959
51,41,255,507.524,48.573
52,133,255,538.703,51.320
53,25,255,718.940,47.300
54,50,255,786.640,48.620
55,24,255,556.417,48.583
56,53,255,942.613,51.028
57,23,255,515.370,50.804
58,81,255,684.833,52.920
59,97,255,707.253,54.263
60,114,255,567.009,55.035
61,36,255,583.167,51.611
62,81,255,628.549,54.031
63,68,255,1511.794,54.176
64,44,255,478.864,53.295
65,28,255,1458.214,52.571
66,32,255,735.156,53.281
67,97,255,804.768,56.572
68,43,255,1312.012,55.756
69,37,255,1348.905,54.419
70,48,255,1597.062,55.979
71,24,255,596.625,54.500
72,52,255,613.923,55.327
73,50,255,661.080,54.960
74,25,255,1465.060,54.860
75,39,255,522.936,56.654
76,85,255,772.888,58.441
77,31,255,697.145,57.597
78,33,255,820.803,56.652
79,30,255,1174.033,56.367
80,42,255,583.952,58.143
81,22,255,452.091,58.182
82,50,255,1523.000,59.620
83,79,255,532.753,62.589
84,21,255,638.929,59.357
85,93,255,679.317,61.855
86,38,255,931.947,62.947
87,27,255,942.574,62.093
88,84,255,1367.405,64.464
89,23,255,443.283,63.543
90,35,255,1004.757,64.214
91,44,255,1053.864,63.523
92,26,255,635.115,65.115
93,34,255,1014.676,65.059
94,32,255,1300.531,65.281
95,58,255,515.259,67.241
96,59,255,667.195,68.415
97,32,255,826.031,65.594
98,42,255,1028.714,67.238
99,58,255,1265.966,67.241
100,24,255,418.625,67.167
101,28,255,451.643,66.786
102,70,255,560.629,68.643
103,21,255,1312.833,66.119
104,38,255,1508.737,67.316
105,20,255,1546.750,67.800
106,22,255,1598.091,67.773
107,44,255,408.136,69.545
108,25,255,936.100,68.540
109,22,255,1397.591,69.409
110,41,255,1538.841,70.646
111,47,255,1290.670,72.691
112,41,255,1583.646,71.476
113,44,255,387.614,73.205
114,54,255,830.000,72.111
115,27,255,986.093,71.426
116,38,255,912.711,74.211
117,45,255,698.944,74.256
118,24,255,974.292,74.292
119,46,255,1316.391,75.891
120,32,255,1443.625,74.500
121,28,255,364.000,76.071
122,71,255,1055.035,78.923
123,22,255,1108.409,75.591
124,21,255,1136.929,76.929
125,127,255,562.854,80.571
126,25,255,601.700,77.380
127,27,255,798.574,78.093
128,23,255,807.326,77.500
129,39,255,1026.474,79.115
130,54,255,1525.870,77.926
131,44,255,621.295,80.614
132,36,255,1205.972,80.861
133,26,255,766.038,81.038
134,44,255,1377.523,81.932
135,28,255,342.143,81.179
136,36,255,455.250,83.139
137,71,255,1006.951,84.500
138,30,255,1256.000,83.000
139,30,255,1266.800,83.000
140,21,255,1564.214,82.881
141,66,255,413.273,84.758
142,28,255,657.500,84.929
143,21,255,983.881,85.167
144,25,255,1225.740,84.580
145,31,255,1287.500,84.500
146,25,255,332.940,86.100
147,26,255,446.654,86.154
148,47,255,790.543,86.606
149,74,255,198.230,88.135
150,55,255,391.173,88.391
151,26,255,438.154,86.846
152,31,255,701.984,87.145
153,24,255,1533.833,86.958
154,27,255,969.315,87.796
155,40,255,1481.650,88.575
156,40,255,570.100,90.750
157,51,255,536.265,91.559
158,24,255,918.833,90.375
159,28,255,931.893,90.536
160,35,255,1468.100,92.786
161,32,255,1497.062,91.281
162,86,255,277.616,93.500
163,70,255,559.500,94.386
164,31,255,207.952,94.339
165,51,255,776.716,93.814
166,55,255,979.373,94.009
167,48,255,1207.083,94.521
168,27,255,1403.093,93.315
169,47,255,1422.266,95.011
170,39,255,520.449,96.551
171,22,255,1223.091,95.227
172,48,255,374.750,96.312
173,33,255,1321.803,96.318
174,61,255,305.287,99.500
175,53,255,579.462,98.066
176,41,255,1196.500,97.744
177,27,255,188.907,97.537
178,47,255,713.755,99.309
179,41,255,202.280,100.622
180,32,255,467.375,100.219
181,25,255,722.940,98.420
182,26,255,800.346,98.577
183,22,255,1038.000,99.182
184,43,255,419.547,101.570
185,50,255,1476.720,101.300
186,22,255,1290.727,101.045
187,111,255,166.212,105.500
188,23,255,1179.370,102.717
189,38,255,1012.921,104.895
190,44,255,1595.682,106.023
191,55,255,543.118,108.336
192,27,255,561.907,107.759
193,41,255,649.768,108.110
194,45,255,206.678,110.389
195,58,255,410.190,108.931
196,66,255,729.545,110.455
197,31,255,740.468,109.597
198,37,255,1413.905,110.257
199,38,255,473.289,109.579
200,28,255,1169.286,109.964
201,25,255,390.780,111.260
202,33,255,686.864,110.530
203,39,255,712.808,111.551
204,66,255,77.864,115.091
205,42,255,380.786,114.857
206,28,255,755.786,113.179
207,100,255,180.810,118.140
208,44,255,294.773,114.977
209,36,255,440.000,113.583
210,73,255,1479.363,115.760
211,35,255,920.814,114.757
212,49,255,1328.847,115.133
213,73,255,59.966,117.719
214,42,255,92.643,116.310
215,46,255,430.587,116.522
216,48,255,533.833,115.812
217,40,255,897.475,116.350
218,82,255,1000.402,118.390
219,53,255,1182.481,116.689
220,21,255,1292.357,116.929
221,32,255,1454.656,116.156
222,49,255,46.541,119.173
223,30,255,626.400,118.233
224,31,255,1226.500,118.500
225,59,255,417.754,119.263
226,43,255,466.826,119.314
227,25,255,580.100,118.980
228,23,255,600.109,118.891
229,34,255,947.353,119.529
230,53,255,31.575,121.613
231,56,255,549.250,122.714
232,92,255,881.880,122.739
233,30,255,21.667,121.300
234,61,255,746.484,124.270
235,45,255,1078.833,121.322
236,30,255,903.867,122.067
237,38,255,2.263,124.474
238,22,255,506.636,122.955
239,48,255,915.333,123.750
240,51,255,1039.598,123.833
241,40,255,1167.475,123.525
242,47,255,437.649,124.798
243,42,255,540.929,125.929
244,48,255,1490.125,124.396
245,25,255,757.180,124.900
246,43,255,1332.756,125.174
247,31,255,1344.306,125.048
248,22,255,343.545,125.227
249,25,255,632.700,125.620
250,20,255,834.750,125.750
251,53,255,1052.575,127.009
252,24,255,1470.083,127.083
253,34,255,288.706,129.588
254,28,255,457.143,126.786
255,41,255,487.159,127.744
256,52,255,522.788,127.231
257,31,255,654.661,128.016
258,47,255,852.670,127.564
259,24,255,1137.958,126.750
260,33,255,720.106,127.985
261,57,255,1155.658,128.833
262,43,255,1362.616,130.035
263,48,255,46.417,131.479
264,27,255,462.907,130.574
265,95,255,722.879,135.163
266,61,255,1187.369,133.549
267,43,255,1286.849,134.407
268,57,255,1449.360,134.325
269,79,255,1093.525,134.285
270,56,255,1249.982,134.143
271,60,255,425.150,135.033
272,58,255,748.000,134.500
273,59,255,1483.788,135.093
274,75,255,648.967,137.820
275,20,255,1598.250,135.200
276,28,255,847.000,136.000
277,31,255,1204.661,136.210
278,43,255,1303.267,138.012
279,52,255,1466.192,136.077
280,23,255,1566.326,135.500
281,23,255,394.543,136.717
282,25,255,468.660,137.340
283,55,255,549.445,139.300
284,57,255,966.553,138.395
285,57,255,873.307,139.237
286,36,255,1577.833,137.500
287,110,255,854.236,143.800
288,43,255,1049.616,138.849
289,39,255,1158.397,139.141
290,35,255,499.329,140.157
291,62,255,534.306,142.435
292,71,255,625.359,141.754
293,38,255,977.579,141.105
294,34,255,156.500,141.471
295,86,255,309.012,143.012
296,45,255,678.922,141.456
297,25,255,45.900,141.460
298,56,255,957.393,144.089
299,51,255,1064.696,142.127
300,53,255,1144.066,144.689
301,33,255,1191.197,142.409
302,28,255,458.786,143.893
303,29,255,138.086,143.638
304,82,255,707.341,146.768
305,65,255,827.208,146.054
306,45,255,1088.944,144.411
307,33,255,1333.500,145.167
308,31,255,1459.435,144.339
309,43,255,401.151,145.826
310,79,255,637.070,148.171
311,76,255,989.566,146.750
312,35,255,1241.957,145.729
313,133,255,1320.756,148.906
314,64,255,1381.250,146.062
315,22,255,7.591,146.455
316,42,255,182.500,147.000
317,30,255,433.367,145.700
318,63,255,1181.627,147.548
319,60,255,1417.400,147.200
320,48,255,1497.708,146.125
321,70,255,1528.557,149.471
322,141,255,1548.365,149.628
323,62,255,504.419,151.032
324,58,255,695.966,149.397
325,61,255,843.139,148.418
326,61,255,892.336,147.582
327,37,255,938.203,147.581
328,21,255,1234.881,146.786
329,37,255,197.392,149.311
330,61,255,881.090,149.697
331,53,255,923.349,149.443
332,36,255,952.167,149.306
333,48,255,1520.646,149.875
334,56,255,1593.304,148.446
335,75,255,378.700,151.393
336,54,255,574.463,150.167
337,83,255,1056.548,150.741
338,59,255,1267.822,149.636
339,66,255,1447.273,150.667
340,38,255,752.658,150.342
341,175,255,810.523,155.369
342,28,255,469.429,151.214
343,44,255,606.818,151.182
344,53,255,764.292,152.066
345,25,255,916.420,151.060
346,33,255,1021.136,150.833
347,44,255,1082.955,151.682
348,68,255,1114.059,152.456
349,59,255,588.669,153.703
350,65,255,672.685,154.162
351,78,255,1133.603,153.436
352,23,255,1228.109,152.109
353,44,255,1254.136,152.409
354,130,255,1396.146,156.008
355,52,255,1483.000,153.346
356,23,255,58.457,152.891
357,40,255,319.800,154.775
358,50,255,785.780,154.080
359,47,255,870.287,153.266
360,61,255,1034.008,153.582
361,36,255,169.139,154.056
362,26,255,247.038,153.192
363,28,255,774.321,154.786
364,49,255,1284.582,154.480
365,76,255,1345.605,155.684
366,25,255,1583.420,154.060
367,51,255,901.029,156.265
368,36,255,1378.389,155.000
369,32,255,1498.562,154.312
370,26,255,1512.500,155.000
371,30,255,81.267,156.033
372,64,255,1158.688,157.875
373,45,255,1193.411,156.522
374,49,255,1243.806,156.622
375,90,255,1569.056,157.333
376,100,255,745.240,160.230
377,64,255,1268.734,157.812
378,66,255,252.803,160.894
379,34,255,1368.500,158.000
380,65,255,625.792,160.485
381,52,255,1210.212,159.615
382,51,255,576.971,160.676
383,47,255,837.053,160.436
384,55,255,916.245,160.355
385,100,255,1456.930,163.610
386,72,255,143.361,164.375
387,43,255,387.105,161.407
388,54,255,485.778,162.907
389,65,255,602.531,162.238
390,25,255,655.740,160.620
391,72,255,1118.014,163.042
392,128,255,1185.930,164.977
393,107,255,1291.706,162.977
394,66,255,1356.152,163.652
395,84,255,709.655,164.071
396,43,255,1004.802,162.779
397,26,255,1020.154,162.154
398,51,255,1328.853,162.755
399,44,255,420.182,163.932
400,21,255,1257.357,162.500
401,38,255,75.947,164.132
402,29,255,127.052,164.259
403,23,255,157.587,163.978
404,137,255,560.347,168.967
405,69,255,775.152,164.964
406,87,255,1050.833,165.236
407,36,255,469.833,165.056
408,35,255,540.986,165.500
409,45,255,821.878,166.478
410,99,255,848.136,168.682
411,63,255,881.198,165.738
412,31,255,991.500,164.790
413,51,255,1238.873,166.324
414,36,255,1472.528,165.417
415,45,255,1203.856,167.144
416,58,255,1552.207,166.776
417,23,255,1558.848,166.848
418,78,255,610.859,170.192
419,128,255,803.758,170.664
420,52,255,1014.692,168.308
421,38,255,1094.737,167.526
422,45,255,1368.078,167.411
423,59,255,1428.771,168.025
424,52,255,1574.404,168.923
425,59,255,1338.805,169.347
426,36,255,1517.972,168.333
427,23,255,311.152,167.587
428,51,255,834.304,170.343
429,36,255,860.000,169.639
430,68,255,898.735,170.529
431,73,255,953.719,170.240
432,90,255,1223.344,171.967
433,59,255,1493.568,169.534
434,72,255,406.722,171.708
435,97,255,724.881,172.119
436,56,255,973.571,170.268
437,24,255,1087.583,169.417
438,69,255,1386.442,171.833
439,37,255,531.014,172.392
440,62,255,544.581,172.871
441,48,255,921.146,171.500
442,34,255,1066.000,171.382
443,31,255,1144.532,170.919
444,113,255,1164.429,172.615
445,46,255,1586.717,171.978
446,21,255,109.881,171.643
447,60,255,238.517,173.017
448,59,255,642.686,173.025
449,27,255,997.389,171.352
450,67,255,1033.007,173.157
451,76,255,1543.395,173.842
452,87,255,496.753,174.925
453,52,255,751.000,174.000
454,75,255,883.020,174.113
455,70,255,1077.843,175.286
456,67,255,1529.052,174.410
457,31,255,1597.855,174.565
458,47,255,426.032,174.117
459,68,255,677.279,175.824
460,86,255,1281.558,175.791
461,35,255,1510.643,174.357
462,23,255,188.022,174.891
463,20,255,379.950,174.600
464,88,255,1324.170,177.341
465,39,255,102.551,176.705
466,28,255,373.214,176.107
467,58,255,392.138,176.845
468,64,255,588.594,180.625
469,72,255,779.889,177.486
470,52,255,816.942,177.365
471,37,255,1107.176,177.257
472,51,255,1371.147,177.069
473,123,255,1444.061,178.890
474,69,255,1476.833,177.428
475,74,255,570.500,179.757
476,45,255,964.900,177.522
477,44,255,1309.750,177.614
478,41,255,352.963,177.207
479,41,255,516.256,178.427
480,77,255,703.604,179.201
481,38,255,829.395,178.211
482,55,255,1458.191,179.209
483,53,255,448.387,180.708
484,54,255,943.259,179.926
485,33,255,1231.955,179.712
486,110,255,1395.418,183.427
487,29,255,1406.086,179.224
488,41,255,436.061,180.134
489,125,255,660.852,183.052
490,87,255,862.523,183.086
491,62,255,989.339,181.581
492,78,255,1026.782,183.013
493,59,255,1180.568,180.839
494,80,255,1341.675,181.675
495,27,255,1356.648,179.759
496,62,255,1515.742,181.532
497,46,255,1291.935,182.065
498,75,255,1561.820,182.327
499,36,255,30.306,182.972
500,46,255,261.457,183.152
501,84,255,629.702,183.929
502,78,255,745.090,184.551
503,88,255,1058.239,184.045
504,113,255,1255.748,184.942
505,23,255,1362.022,182.283
506,109,255,1504.537,188.353
507,60,255,128.333,184.383
508,47,255,923.330,183.904
509,78,255,407.231,185.769
510,65,255,645.623,187.054
511,77,255,731.929,186.292
512,43,255,1220.221,184.244
513,21,255,1330.833,183.643
514,41,255,250.232,185.598
515,79,255,694.146,186.639
516,42,255,915.762,186.310
517,45,255,932.567,186.456
518,26,255,350.846,185.385
519,81,255,806.747,188.167
520,61,255,966.500,187.303
521,67,255,1123.769,189.321
522,55,255,1303.718,187.555
523,90,255,1531.667,187.933
524,37,255,192.581,187.203
525,21,255,533.500,186.500
526,93,255,1111.973,191.328
527,39,255,1147.962,187.782
528,49,255,1374.745,187.745
529,115,255,771.848,191.126
530,61,255,1163.893,189.221
531,70,255,1195.029,188.814
532,25,255,1598.260,188.860
533,65,255,490.392,190.700
534,71,255,502.852,191.007
535,80,255,613.025,191.700
536,39,255,1070.603,189.603
537,47,255,1408.585,189.798
538,35,255,69.586,190.071
539,27,255,366.167,189.759
540,50,255,475.040,190.660
541,131,255,712.095,194.553
542,102,255,1016.490,193.814
543,48,255,1213.146,191.000
544,72,255,1441.292,192.333
545,71,255,1489.063,192.514
546,110,255,551.100,195.564
547,43,255,577.081,192.477
548,42,255,831.024,192.238
549,65,255,843.654,193.300
550,121,255,1279.508,195.492
551,48,255,266.688,193.812
552,104,255,390.010,195.385
553,57,255,515.272,194.465
554,91,255,1094.148,194.731
555,29,255,133.155,194.224
556,126,255,790.595,198.040
557,55,255,876.755,195.209
558,30,255,1254.167,194.000
559,67,255,1315.873,195.440
560,80,255,1366.013,195.425
561,48,255,1222.625,196.083
562,34,255,1474.618,195.618
563,49,255,1572.929,195.541
564,70,255,570.900,199.271
565,38,255,911.474,196.789
566,29,255,975.397,196.672
567,141,255,990.550,198.876
568,130,255,1423.600,199.715
569,93,255,468.457,200.522
570,54,255,891.130,198.222
571,52,255,921.077,197.750
572,31,255,16.048,198.081
573,111,255,354.122,200.824
574,53,255,443.425,199.387
575,64,255,588.016,199.531
576,69,255,621.022,199.558
577,26,255,646.769,197.077
578,47,255,1036.734,199.074
579,122,255,1540.533,202.033
580,35,255,434.929,200.843
581,83,255,831.500,202.090
582,55,255,1407.209,199.282
583,60,255,1596.250,201.367
584,71,255,497.092,201.486
585,121,255,952.169,204.037
586,52,255,456.308,202.038
587,142,255,531.028,205.606
588,82,255,1069.488,203.500
589,25,255,379.060,202.380
590,63,255,516.500,203.548
591,56,255,1481.107,203.589
592,35,255,1519.871,202.071
593,43,255,406.686,203.105
594,26,255,666.692,203.577
595,72,255,676.444,205.375
596,57,255,905.026,204.868
597,50,255,1057.320,203.980
598,30,255,186.500,203.633
599,46,255,257.152,205.283
600,88,255,426.545,208.193
601,66,255,596.061,206.288
602,84,255,750.167,206.000
603,45,255,1570.700,204.967
604,103,255,1257.180,207.956
605,88,255,1435.614,207.125
606,96,255,646.917,208.469
607,72,255,563.056,208.972
608,78,255,604.910,209.551
609,61,255,1030.238,208.107
610,48,255,1087.792,211.271
611,25,255,149.260,207.620
612,21,255,930.690,207.643
613,37,255,1322.041,209.230
614,44,255,1340.000,208.864
615,44,255,1515.659,208.818
616,53,255,1386.368,210.443
617,75,255,1564.913,211.393
618,49,255,275.602,210.133
619,45,255,405.500,210.789
620,92,255,809.837,212.033
621,73,255,1217.527,212.253
622,82,255,578.366,214.024
623,65,255,780.300,212.731
624,49,255,1143.357,212.439
625,71,255,1347.444,212.683
626,42,255,1581.238,211.619
627,73,255,363.541,213.870
628,63,255,771.135,213.548
629,86,255,880.977,215.256
630,32,255,1161.344,211.875
631,60,255,1299.517,213.833
632,50,255,1397.440,212.640
633,37,255,16.743,213.473
634,71,255,448.387,214.725
635,75,255,1183.300,215.167
636,55,255,1468.991,213.773
637,48,255,249.917,215.083
638,54,255,322.370,215.833
639,37,255,658.365,215.014
640,30,255,849.567,214.833
641,100,255,922.040,217.810
642,65,255,1286.500,215.546
643,63,255,1452.024,215.135
644,46,255,1486.957,214.326
645,39,255,202.962,216.500
646,36,255,696.111,215.639
647,84,255,263.571,218.500
648,92,255,554.380,218.337
649,47,255,841.245,216.628
650,59,255,868.534,217.703
651,56,255,934.214,217.732
652,54,255,963.611,217.111
653,79,255,1310.525,218.690
654,70,255,1409.457,217.371
655,106,255,1527.585,219.311
656,49,255,634.153,217.847
657,66,255,720.515,218.864
658,76,255,1108.789,218.316
659,46,255,385.543,218.957
660,72,255,753.889,219.319
661,65,255,1032.254,219.854
662,137,255,1372.077,220.807
663,54,255,337.907,220.537
664,53,255,570.613,220.708
665,42,255,1057.548,219.571
666,48,255,711.188,220.729
667,40,255,794.275,220.475
668,56,255,1134.375,220.625
669,31,255,1156.403,219.952
670,30,255,1259.000,220.167
671,27,255,1398.463,219.574
672,58,255,1590.500,221.172
673,64,255,233.125,221.141
674,71,255,953.585,223.049
675,33,255,1232.136,221.409
676,25,255,1502.380,221.860
677,60,255,1546.817,221.917
678,110,255,479.082,226.136
679,60,255,499.033,223.200
680,96,255,735.917,223.979
681,38,255,814.079,222.211
682,100,255,832.190,224.740
683,69,255,400.964,224.558
684,100,255,529.520,226.230
685,50,255,885.800,223.800
686,58,255,1275.207,224.845
687,53,255,1464.066,224.047
688,63,255,1490.706,225.214
689,79,255,1561.285,224.500
690,69,255,358.355,226.007
691,52,255,413.077,225.269
692,82,255,517.378,226.780
693,55,255,626.845,225.482
694,87,255,682.707,226.707
695,30,255,903.300,223.500
696,112,255,984.848,225.938
697,82,255,1009.354,226.768
698,61,255,1148.959,225.008
699,55,255,1386.936,225.045
700,41,255,135.207,226.573
701,45,255,287.500,226.789
702,58,255,1162.034,226.466
703,92,255,1450.033,227.707
704,67,255,1510.694,226.739
705,93,255,301.661,228.349
706,64,255,616.266,227.922
707,61,255,1124.582,227.336
708,20,255,1202.750,225.550
709,20,255,1295.250,226.200
710,70,255,593.414,228.400
711,112,255,1102.571,229.938
712,37,255,154.284,228.176
713,91,255,1045.093,230.148
714,59,255,1085.432,229.025
715,56,255,339.000,230.232
716,90,255,426.344,231.356
717,78,255,446.051,231.615
718,35,255,9.157,230.357
719,49,255,465.071,230.418
720,60,255,501.600,231.583
721,98,255,580.173,233.092
722,74,255,668.392,232.595
723,122,255,1214.533,232.910
724,35,255,1243.700,230.843
725,53,255,124.217,233.255
726,65,255,1062.838,232.946
727,65,255,1593.423,232.715
728,89,255,908.781,233.792
729,69,255,1321.761,233.254
730,90,255,368.922,235.433
731,50,255,389.280,234.060
732,48,255,845.417,234.646
733,41,255,1271.451,232.573
734,121,255,1350.979,234.583
735,77,255,1412.058,234.643
736,68,255,273.471,235.559
737,139,255,699.090,239.421
738,122,255,719.320,236.984
739,75,255,758.247,235.580
740,114,255,1140.596,237.921
741,104,255,1250.731,237.904
742,78,255,651.372,237.192
743,58,255,951.448,236.810
744,62,255,1027.145,237.177
745,92,255,1544.087,237.152
746,124,255,327.105,239.702
747,98,255,809.531,238.561
748,75,255,853.140,240.367
749,61,255,988.484,237.320
750,82,255,1072.305,238.878
751,81,255,462.414,239.093
752,87,255,941.362,240.454
753,29,255,95.914,237.948
754,137,255,294.646,241.821
755,121,255,487.946,241.475
756,42,255,28.381,240.286
757,34,255,82.324,239.000
758,57,255,148.325,240.325
759,26,255,412.962,239.115
760,42,255,532.071,239.214
761,95,255,895.026,241.900
762,81,255,1010.735,240.759
763,59,255,1435.381,240.042
764,60,255,179.467,241.567
765,63,255,570.786,241.341
766,32,255,608.188,240.625
767,29,255,1154.914,240.086
768,37,255,1183.473,241.608
769,21,255,163.167,242.119
770,74,255,425.527,243.568
771,50,255,506.000,242.500
772,59,255,793.161,243.347
773,54,255,860.944,243.389
774,75,255,1338.940,243.620
775,21,255,1372.262,242.214
776,55,255,630.245,244.118
777,144,255,960.319,247.125
778,81,255,1401.870,244.759
779,39,255,366.115,244.654
780,126,255,561.992,248.310
781,77,255,1228.006,245.565
782,46,255,1594.804,245.109
783,26,255,169.269,245.423
784,86,255,212.279,246.640
785,84,255,545.143,247.429
786,75,255,683.820,248.607
787,74,255,1105.703,246.149
788,63,255,1275.230,246.738
789,70,255,1462.557,247.014
790,80,255,109.975,248.213
791,23,255,135.413,245.413
792,38,255,192.632,246.132
793,58,255,278.000,248.103
794,44,255,774.182,246.477
795,116,255,1375.207,250.836
796,99,255,1578.874,248.480
797,74,255,519.770,249.581
798,69,255,979.645,248.906
799,98,255,1172.327,249.592
800,23,255,1431.717,246.587
801,68,255,1491.500,249.485
802,126,255,381.468,251.730
803,51,255,406.755,248.657
804,138,255,596.000,252.630
805,68,255,619.294,250.441
806,128,255,757.375,252.578
807,32,255,1160.188,248.656
808,55,255,321.082,250.282
809,74,255,671.595,250.568
810,88,255,1012.443,251.830
811,106,255,1310.368,252.642
812,21,255,1416.310,249.833
813,104,255,1509.183,252.240
814,40,255,1540.525,249.175
815,75,255,306.473,251.100
816,31,255,475.081,250.790
817,60,255,504.783,251.167
818,109,255,265.812,253.931
819,61,255,430.746,252.172
820,81,255,457.907,253.043
821,62,255,1085.435,252.516
822,75,255,70.247,254.487
823,63,255,894.357,252.738
824,43,255,928.128,252.965
825,39,255,1069.962,251.731
826,49,255,1550.867,253.112
827,50,255,59.480,254.760
828,133,255,91.432,256.786
829,31,255,137.823,254.468
830,58,255,158.845,254.000
831,32,255,194.438,253.344
832,50,255,255.280,255.200
833,80,255,721.962,255.600
834,70,255,1030.614,255.214
835,105,255,1203.357,256.890
836,76,255,1336.882,254.303
837,71,255,352.754,255.739
838,112,255,851.679,255.741
839,41,255,170.988,255.085
840,45,255,185.678,255.633
841,64,255,344.656,257.125
842,44,255,1404.114,256.250
843,68,255,290.956,257.206
844,49,255,1139.541,257.071
845,98,255,1153.378,257.724
846,83,255,1240.211,258.042
847,61,255,830.910,257.877
848,87,255,914.948,259.534
849,43,255,1316.058,257.779
850,52,255,365.750,259.115
851,34,255,774.647,258.382
852,68,255,1123.132,259.485
853,73,255,1219.075,259.582
854,70,255,1526.871,259.829
855,55,255,33.355,260.845
856,43,255,109.035,259.779
857,39,255,305.038,259.192
858,73,255,331.048,261.363
859,62,255,485.323,260.032
860,84,255,712.369,263.417
861,45,255,738.344,260.789
862,75,255,991.993,261.260
863,69,255,1063.674,260.630
864,27,255,1076.907,258.574
865,113,255,1562.633,262.916
866,48,255,25.708,261.000
867,90,255,581.367,263.489
868,44,255,652.159,260.159
869,80,255,936.013,262.163
870,60,255,1586.617,260.783
871,68,255,240.529,263.000
872,50,255,422.400,261.660
873,49,255,123.908,262.704
874,146,255,142.158,267.733
875,68,255,228.338,263.235
876,52,255,680.000,263.000
877,60,255,690.783,263.667
878,26,255,698.500,262.154
879,64,255,1252.234,263.125
880,68,255,553.529,264.735
881,58,255,1461.086,264.207
882,160,255,455.962,268.694
883,111,255,11.446,268.104
884,47,255,534.755,266.713
885,57,255,1184.939,266.675
886,76,255,74.013,268.197
887,26,255,189.538,265.577
888,20,255,303.900,266.250
889,43,255,313.500,266.965
890,66,255,521.379,267.606
891,126,255,744.254,268.944
892,79,255,870.348,267.943
893,25,255,1228.740,268.540
894,44,255,1396.523,267.205
895,96,255,379.344,270.854
896,97,255,414.253,270.356
897,56,255,848.839,268.339
898,68,255,1488.000,268.500
899,92,255,474.663,271.033
900,92,255,1198.663,271.185
901,50,255,1265.700,269.600
902,58,255,1361.534,268.914
903,116,255,173.181,271.664
904,79,255,810.829,270.690
905,102,255,1130.618,271.186
906,78,255,1148.974,273.859
907,67,255,1281.769,270.590
908,71,255,1472.232,270.697
909,86,255,393.023,274.198
910,60,255,653.483,270.333
911,52,255,949.712,271.442
912,62,255,29.694,272.177
913,55,255,121.627,272.482
914,34,255,252.647,272.118
915,33,255,363.652,271.985
916,27,255,1379.944,270.574
917,98,255,51.827,274.531
918,63,255,633.452,274.135
919,45,255,666.522,273.433
920,58,255,829.397,272.897
921,54,255,1331.370,272.870
922,57,255,1443.570,273.500
923,113,255,560.013,276.465
924,77,255,939.760,275.318
925,43,255,1040.337,273.663
926,52,255,1351.038,274.154
927,93,255,285.554,275.597
928,69,255,597.036,275.616
929,73,255,757.459,275.829
930,36,255,915.194,274.833
931,66,255,1502.606,275.091
932,72,255,618.444,276.472
933,75,255,705.980,276.367
934,88,255,773.818,277.000
935,64,255,1169.297,276.875
936,35,255,1272.300,275.357
937,32,255,1552.062,276.094
938,33,255,130.682,277.015
939,45,255,329.189,277.456
940,86,255,497.756,279.337
941,74,255,506.662,277.905
942,36,255,790.528,276.667
943,97,255,891.510,278.613
944,59,255,923.941,277.737
945,54,255,1029.981,277.593
946,114,255,1067.211,279.307
947,76,255,153.184,280.526
948,65,255,163.223,278.869
949,94,255,202.309,280.213
950,28,255,242.000,278.536
951,54,255,524.611,278.296
952,68,255,879.324,278.956
953,53,255,1094.047,278.311
954,109,255,1214.922,280.005
955,81,255,1252.500,278.500
956,98,255,1530.000,279.000
957,130,255,263.123,283.138
958,63,255,432.754,279.643
959,62,255,652.710,279.000
960,105,255,726.319,281.110
961,62,255,957.855,279.694
962,111,255,989.851,280.491
963,56,255,320.089,280.429
964,71,255,1371.486,280.486
965,91,255,1573.203,280.610
966,47,255,188.245,281.160
967,72,255,366.486,281.736
968,82,255,578.159,282.012
969,83,255,676.777,282.139
970,21,255,845.310,279.643
971,52,255,1193.865,282.500
972,66,255,1307.758,282.258
973,41,255,37.720,283.085
974,84,255,104.607,284.357
975,96,255,231.344,286.208
976,41,255,635.378,283.012
977,51,255,88.127,284.127
978,119,255,416.340,286.038
979,42,255,624.476,283.357
980,76,255,744.066,285.105
981,82,255,1183.415,285.390
982,54,255,255.167,286.759
983,86,255,455.093,286.105
984,33,255,828.470,283.682
985,101,255,835.460,288.886
986,110,255,1283.364,286.136
987,74,255,1590.486,285.730
988,49,255,350.929,285.786
989,66,255,11.561,287.909
990,24,255,819.625,286.000
991,66,255,1448.182,287.394
992,74,255,76.135,289.757
993,133,255,395.102,291.816
994,44,255,431.773,287.568
995,44,255,1160.636,287.705
996,58,255,1390.397,289.276
997,68,255,64.456,291.368
998,35,255,292.471,288.900
999,74,255,519.878,289.973
1000,35,255,1096.586,287.700
1001,50,255,1104.280,289.740
1002,26,255,1171.423,288.077
1003,53,255,1361.991,289.104
1004,74,255,95.014,292.554
1005,72,255,142.819,292.333
1006,84,255,466.952,291.179
1007,40,255,529.350,289.850
1008,62,255,790.145,290.597
1009,40,255,868.000,289.200
1010,74,255,1246.838,291.405
1011,76,255,1513.000,290.605
1012,65,255,32.146,292.131
1013,68,255,215.706,291.147
1014,73,255,283.527,292.007
1015,112,255,319.330,292.027
1016,52,255,556.327,290.058
1017,95,255,593.742,291.911
1018,51,255,857.088,291.520
1019,69,255,1141.920,291.775
1020,78,255,1235.564,292.128
1021,64,255,1309.797,290.266
1022,46,255,569.000,291.435
1023,36,255,241.472,292.417
1024,25,255,608.060,291.700
1025,89,255,811.466,294.287
1026,53,255,925.670,293.349
1027,49,255,934.867,293.378
1028,96,255,1354.771,295.448
1029,62,255,1528.339,292.952
1030,35,255,1579.757,292.243
1031,94,255,895.319,295.468
1032,92,255,967.772,294.989
1033,63,255,1038.294,293.770
1034,120,255,1079.983,295.958
1035,46,255,116.609,294.870
1036,92,255,622.250,297.239
1037,58,255,1011.224,295.000
1038,89,255,1213.185,295.882
1039,96,255,1490.104,299.646
1040,45,255,183.389,296.389
1041,107,255,334.145,298.089
1042,25,255,377.500,294.500
1043,69,255,483.109,296.399
1044,137,255,715.748,297.347
1045,51,255,780.657,296.088
1046,85,255,873.982,297.465
1047,76,255,994.171,296.289
1048,82,255,8.610,297.122
1049,78,255,171.038,297.513
1050,61,255,1061.090,297.238
1051,95,255,1536.037,301.511
1052,59,255,760.127,298.805
1053,88,255,1129.386,299.818
1054,57,255,1262.254,299.377
1055,64,255,1295.078,299.891
1056,73,255,1414.473,299.514
1057,60,255,1590.650,299.683
1058,65,255,152.608,301.100
1059,69,255,215.964,299.732
1060,63,255,294.786,300.500
1061,77,255,352.240,301.097
1062,130,255,910.115,303.108
1063,84,255,1477.643,301.405
1064,95,255,39.153,302.942
1065,58,255,949.207,300.776
1066,59,255,1376.822,301.585
1067,83,255,1398.488,301.524
1068,71,255,367.796,303.430
1069,100,255,605.190,303.340
1070,50,255,668.220,301.760
1071,61,255,1116.221,302.648
1072,21,255,1250.548,300.690
1073,68,255,1577.044,302.015
1074,75,255,108.780,304.353
1075,81,255,588.747,303.920
1076,48,255,650.500,302.750
1077,30,255,832.167,302.167
1078,35,255,258.014,303.643
1079,82,255,427.305,305.732
1080,96,255,941.260,307.656
1081,72,255,1036.792,304.125
1082,35,255,774.814,304.129
1083,30,255,817.967,304.467
1084,66,255,1225.303,304.591
1085,84,255,236.607,307.000
1086,114,255,1195.026,307.675
1087,43,255,1254.593,306.058
1088,92,255,1282.446,307.272
1089,67,255,1565.604,306.157
1090,34,255,129.588,306.529
1091,55,255,472.064,306.573
1092,69,255,1163.152,307.761
1093,71,255,1501.063,307.655
1094,48,255,279.396,308.792
1095,66,255,848.848,308.667
1096,67,255,990.246,308.201
1097,22,255,1336.545,307.273
1098,60,255,185.300,310.433
1099,27,255,306.500,308.500
1100,55,255,672.500,309.245
1101,48,255,690.292,308.833
1102,66,255,1054.818,309.606
1103,45,255,1216.322,308.989
1104,65,255,1314.500,309.238
1105,81,255,91.883,311.327
1106,69,255,151.326,310.138
1107,177,255,392.534,315.590
1108,62,255,800.887,310.339
1109,53,255,975.179,310.085
1110,79,255,1433.297,310.728
1111,24,255,1.375,311.625
1112,49,255,454.704,310.908
1113,20,255,755.800,309.400
1114,54,255,927.111,311.111
1115,25,255,1237.660,310.140
1116,46,255,1306.500,311.261
1117,59,255,1329.195,311.178
1118,86,255,170.965,313.465
1119,66,255,496.227,312.470
1120,123,255,696.004,315.695
1121,78,255,711.051,313.436
1122,54,255,768.056,312.370
1123,92,255,724.750,313.337
1124,69,255,1228.036,313.572
1125,100,255,1516.530,314.500
1126,37,255,1558.986,312.635
1127,48,255,247.938,314.458
1128,55,255,965.955,315.064
1129,50,255,1110.960,314.240
1130,115,255,365.630,317.265
1131,112,255,788.080,317.545
1132,60,255,875.667,315.683
1133,62,255,1444.903,315.710
1134,67,255,1467.500,315.500
1135,56,255,274.964,316.768
1136,45,255,1027.500,315.500
1137,37,255,221.878,316.851
1138,50,255,333.220,316.980
1139,61,255,563.090,316.943
1140,103,255,614.053,319.490
1141,71,255,660.951,318.077
1142,107,255,1014.631,318.687
1143,52,255,1063.904,317.846
1144,91,255,1076.544,318.984
1145,84,255,1347.036,318.429
1146,85,255,202.218,319.476
1147,37,255,521.230,316.743
1148,62,255,537.242,319.258
1149,60,255,644.583,319.150
1150,64,255,815.297,318.016
1151,98,255,1547.622,319.092
1152,36,255,15.611,319.833
1153,69,255,117.964,320.152
1154,42,255,835.333,319.214
1155,116,255,889.448,320.948
1156,83,255,912.946,320.440
1157,62,255,1568.161,319.903
1158,57,255,7.886,320.061
1159,51,255,232.029,320.775
1160,68,255,1161.279,320.574
1161,110,255,1386.255,320.382
1162,63,255,67.135,321.595
1163,83,255,146.223,322.319
1164,144,255,293.903,325.396
1165,88,255,321.920,322.966
1166,65,255,994.931,320.962
1167,78,255,1125.103,321.500
1168,33,255,1192.136,320.439
1169,75,255,1531.513,321.980
1170,106,255,29.877,323.075
1171,68,255,162.132,323.176
1172,49,255,452.010,321.520
1173,99,255,490.298,324.530
1174,52,255,1051.019,322.154
1175,66,255,1427.818,322.697
1176,95,255,1458.300,323.111
1177,101,255,743.688,324.579
1178,65,255,1200.423,323.177
1179,51,255,1271.265,323.029
1180,98,255,86.520,325.929
1181,68,255,268.279,325.162
1182,71,255,519.697,325.092
1183,82,255,758.646,324.427
1184,67,255,811.381,325.843
1185,62,255,1145.387,324.097
1186,58,255,634.000,325.500
1187,50,255,860.880,324.640
1188,32,255,1113.250,325.062
1189,64,255,335.469,327.266
1190,96,255,725.708,328.792
1191,41,255,984.256,326.500
1192,64,255,1092.406,327.297
1193,127,255,1252.673,331.689
1194,61,255,1288.123,327.320
1195,62,255,1351.258,327.081
1196,72,255,558.292,329.264
1197,58,255,588.707,328.103
1198,60,255,1515.850,328.750
1199,79,255,222.158,330.576
1200,78,255,700.705,330.256
1201,20,255,713.000,328.000
1202,105,255,943.605,331.605
1203,64,255,1363.266,329.062
1204,34,255,1415.471,328.529
1205,29,255,58.707,329.190
1206,41,255,689.037,330.671
1207,80,255,1133.500,331.250
1208,74,255,1216.622,329.838
1209,65,255,1575.608,330.223
1210,124,255,1587.048,333.524
1211,52,255,679.442,331.558
1212,49,255,1297.378,331.194
1213,75,255,1406.100,332.153
1214,73,255,1558.610,330.788
1215,148,255,190.851,335.514
1216,89,255,476.590,333.848
1217,138,255,574.703,334.877
1218,95,255,20.963,334.953
1219,61,255,65.270,334.139
1220,84,255,433.190,335.369
1221,118,255,652.398,335.051
1222,53,255,789.066,333.028
1223,70,255,846.071,334.129
1224,74,255,862.189,333.689
1225,44,255,873.795,333.136
1226,31,255,913.145,332.242
1227,39,255,923.372,332.628
1228,41,255,995.402,332.305
1229,78,255,1172.667,333.731
1230,47,255,1329.500,333.500
1231,110,255,1496.591,335.982
1232,64,255,544.000,334.859
1233,40,255,1117.650,332.975
1234,110,255,36.291,336.855
1235,57,255,503.061,334.956
1236,85,255,765.100,337.535
1237,21,255,807.786,334.214
1238,53,255,1078.028,335.255
1239,87,255,1318.741,337.891
1240,67,255,151.649,338.187
1241,78,255,599.551,336.179
1242,101,255,1011.381,337.916
1243,77,255,1432.669,336.760
1244,46,255,1483.174,336.152
1245,88,255,1547.625,337.659
1246,48,255,328.562,337.292
1247,74,255,382.757,340.068
1248,81,255,454.895,338.858
1249,37,255,743.905,335.446
1250,90,255,970.744,338.433
1251,81,255,1307.944,339.265
1252,44,255,170.545,338.000
1253,87,255,1043.121,339.615
1254,58,255,1093.190,337.810
1255,31,255,1381.952,337.210
1256,61,255,53.631,339.926
1257,52,255,390.769,340.846
1258,22,255,959.591,337.409
1259,53,255,1360.821,339.481
1260,42,255,344.643,341.429
1261,26,255,611.308,340.500
1262,67,255,818.291,341.082
1263,109,255,1197.573,343.142
1264,65,255,1228.715,341.454
1265,58,255,1240.690,341.397
1266,25,255,1388.740,339.540
1267,42,255,93.429,342.286
1268,69,255,278.167,342.428
1269,47,255,335.734,343.479
1270,23,255,712.891,340.065
1271,74,255,1213.068,342.297
1272,91,255,1286.390,342.566
1273,53,255,1346.349,343.198
1274,137,255,495.135,347.237
1275,110,255,522.282,345.700
1276,50,255,546.740,343.640
1277,31,255,1000.629,341.661
1278,28,255,1065.250,341.964
1279,52,255,1265.788,343.212
1280,58,255,596.017,343.897
1281,60,255,901.200,344.533
1282,58,255,1456.845,345.793
1283,153,255,312.578,346.029
1284,68,255,730.794,345.618
1285,39,255,979.936,345.244
1286,87,255,244.833,347.270
1287,131,255,361.363,349.851
1288,88,255,563.580,347.580
1289,67,255,672.530,346.291
1290,51,255,743.873,346.618
1291,61,255,932.434,345.959
1292,21,255,1375.452,344.310
1293,79,255,1468.804,348.348
1294,45,255,130.167,347.033
1295,31,255,621.919,345.952
1296,117,255,635.056,348.406
1297,72,255,777.167,347.667
1298,67,255,833.381,348.321
1299,54,255,1498.796,347.056
1300,38,255,920.632,347.237
1301,25,255,1145.900,346.780
1302,50,255,1354.580,347.520
1303,30,255,1393.967,347.167
1304,125,255,115.572,349.556
1305,68,255,188.676,350.279
1306,124,255,226.516,352.766
1307,72,255,262.875,349.111
1308,131,255,534.599,352.431
1309,85,255,792.688,349.606
1310,30,255,1252.000,348.000
1311,68,255,296.956,351.118
1312,33,255,843.742,349.742
1313,47,255,852.926,350.394
1314,64,255,1056.625,350.766
1315,58,255,1116.431,349.983
1316,46,255,1164.891,349.717
1317,29,255,885.534,350.017
1318,61,255,1020.156,351.369
1319,46,255,1155.891,352.304
1320,55,255,1438.609,351.209
1321,27,255,1533.019,350.093
1322,50,255,1574.640,350.840
1323,73,255,88.253,352.705
1324,145,255,396.666,355.328
1325,64,255,1173.672,352.859
1326,65,255,1286.054,351.638
1327,44,255,1369.341,352.136
1328,50,255,1428.000,352.000
1329,55,255,1557.064,352.045
1330,74,255,25.595,354.081
1331,85,255,201.029,354.535
1332,51,255,483.735,353.147
1333,29,255,608.086,352.224
1334,69,255,819.051,352.891
1335,89,255,902.185,354.556
1336,67,255,993.545,353.366
1337,87,255,1305.213,353.075
1338,92,255,152.022,355.674
1339,107,255,462.369,355.631
1340,29,255,474.845,353.500
1341,150,255,654.947,359.553
1342,54,255,1125.444,354.833
1343,20,255,1147.900,352.600
1344,52,255,1593.423,353.692
1345,41,255,593.207,353.963
1346,54,255,922.130,354.704
1347,54,255,1096.278,355.352
1348,107,255,174.650,357.509
1349,62,255,618.500,356.677
1350,47,255,861.457,355.926
1351,98,255,966.837,358.592
1352,49,255,1582.051,356.133
1353,37,255,439.500,356.500
1354,140,255,710.250,358.014
1355,68,255,751.015,357.338
1356,65,255,946.531,357.592
1357,65,255,1087.962,357.885
1358,58,255,1449.103,357.259
1359,38,255,1481.263,356.053
1360,127,255,1525.406,358.886
1361,68,255,128.868,357.868
1362,62,255,1255.435,358.468
1363,65,255,52.438,358.392
1364,77,255,71.461,360.136
1365,135,255,551.552,361.774
1366,74,255,728.905,360.311
1367,79,255,872.057,360.184
1368,53,255,1031.821,358.915
1369,28,255,1.357,361.071
1370,37,255,8.635,360.851
1371,71,255,96.923,361.359
1372,32,255,217.719,359.500
1373,31,255,506.790,359.371
1374,117,255,775.936,363.004
1375,53,255,110.783,361.255
1376,79,255,681.373,360.234
1377,92,255,1043.033,363.337
1378,81,255,1141.500,364.611
1379,124,255,1233.306,365.097
1380,89,255,1279.208,363.781
1381,37,255,285.554,362.176
1382,65,255,381.885,364.023
1383,80,255,807.000,363.800
1384,63,255,1197.532,363.373
1385,56,255,1304.518,363.125
1386,44,255,1489.023,362.227
1387,127,255,40.350,366.398
1388,152,255,325.066,367.197
1389,48,255,565.792,364.000
1390,24,255,591.042,363.083
1391,72,255,1178.292,364.750
1392,52,255,1365.635,364.462
1393,61,255,261.303,365.500
1394,49,255,485.173,365.561
1395,67,255,845.724,365.530
1396,71,255,1322.401,365.401
1397,62,255,1335.677,365.806
1398,78,255,1348.718,366.128
1399,137,255,432.288,368.369
1400,58,255,474.586,367.138
1401,71,255,889.444,367.049
1402,108,255,996.167,367.722
1403,76,255,21.632,369.237
1404,44,255,211.682,366.773
1405,68,255,934.221,366.985
1406,51,255,1477.108,366.676
1407,48,255,1514.521,367.167
1408,45,255,1547.833,366.989
1409,34,255,299.794,367.529
1410,96,255,409.906,370.135
1411,36,255,531.806,367.778
1412,131,255,700.172,371.805
1413,99,255,1381.702,370.712
1414,77,255,307.851,370.903
1415,87,255,522.638,371.132
1416,108,255,638.889,370.333
1417,58,255,725.397,369.276
1418,92,255,905.957,371.522
1419,52,255,1208.442,368.615
1420,79,255,340.348,371.184
1421,90,255,363.778,371.311
1422,104,255,749.808,373.077
1423,66,255,1063.394,371.242
1424,56,255,1097.625,371.071
1425,65,255,863.608,372.115
1426,79,255,1493.475,374.184
1427,65,255,1506.223,372.454
1428,59,255,62.551,373.602
1429,100,255,136.170,374.530
1430,73,255,202.568,374.596
1431,86,255,246.558,375.733
1432,78,255,284.949,373.231
1433,62,255,1075.952,373.242
1434,39,255,1358.167,373.526
1435,88,255,1409.295,373.989
1436,21,255,1466.500,371.643
1437,140,255,98.400,378.993
1438,28,255,977.536,372.964
1439,78,255,1283.410,376.218
1440,25,255,1446.940,372.300
1441,113,255,1530.615,375.783
1442,21,255,211.881,373.786
1443,99,255,262.742,376.116
1444,76,255,390.026,375.737
1445,37,255,1424.689,374.905
1446,78,255,54.282,377.846
1447,87,255,231.776,379.523
1448,53,255,771.934,376.519
1449,49,255,1328.010,376.418
1450,38,255,1590.237,376.184
1451,60,255,626.583,377.867
1452,66,255,1034.652,377.485
1453,62,255,1168.210,377.597
1454,71,255,1250.049,377.627
1455,51,255,1452.912,377.696
1456,98,255,505.327,379.367
1457,109,255,597.940,380.518
1458,150,255,823.980,379.900
1459,51,255,948.873,377.676
1460,56,255,1128.000,378.000
1461,39,255,1178.346,378.013
1462,41,255,1194.744,377.841
1463,61,255,1308.172,378.123
1464,38,255,1392.605,377.289
1465,73,255,1434.486,379.938
1466,39,255,24.038,379.244
1467,65,255,928.515,379.192
1468,51,255,1148.598,378.912
1469,114,255,1270.728,380.430
1470,93,255,1346.446,381.435
1471,54,255,650.630,379.852
1472,26,255,762.615,379.000
1473,53,255,872.406,380.368
1474,50,255,989.780,379.620
1475,67,255,1018.291,380.485
1476,71,255,1103.148,381.049
1477,56,255,479.089,380.857
1478,72,255,721.722,381.764
1479,29,255,1577.638,379.983
1480,38,255,609.158,381.368
1481,81,255,1231.253,383.389
1482,41,255,1443.280,381.890
1483,144,255,72.854,387.757
1484,75,255,358.033,383.660
1485,61,255,551.516,383.189
1486,154,255,118.273,388.468
1487,26,255,379.538,382.769
1488,69,255,518.529,384.877
1489,109,255,671.894,384.766
1490,51,255,887.637,383.539
1491,36,255,970.611,383.000
1492,48,255,1085.083,383.896
1493,48,255,1388.167,384.271
1494,56,255,2.696,386.196
1495,56,255,619.393,385.768
1496,67,255,1420.097,385.664
1497,53,255,1504.368,384.594
1498,35,255,17.957,385.414
1499,58,255,562.328,387.328
1500,85,255,947.182,386.818
1501,58,255,1062.948,386.500
1502,31,255,1093.952,385.339
1503,39,255,1597.756,386.500
1504,35,255,182.386,386.014
1505,141,255,210.167,389.649
1506,52,255,761.981,387.654
1507,44,255,791.386,386.909
1508,50,255,396.980,388.340
1509,90,255,481.611,389.733
1510,23,255,500.413,387.283
1511,91,255,544.357,389.896
1512,140,255,579.736,391.521
1513,74,255,1137.865,389.851
1514,91,255,1314.247,389.676
1515,101,255,137.054,390.847
1516,81,255,342.586,390.833
1517,69,255,851.080,390.457
1518,117,255,1485.833,392.115
1519,100,255,157.970,391.510
1520,46,255,1007.696,389.370
1521,44,255,1212.750,389.955
1522,37,255,1400.338,389.257
1523,95,255,25.605,392.963
1524,58,255,839.569,391.655
1525,128,255,905.055,392.945
1526,44,255,931.364,390.477
1527,46,255,1575.043,390.457
1528,58,255,240.379,392.603
1529,71,255,305.810,392.641
1530,74,255,817.932,393.162
1531,61,255,860.746,392.730
1532,46,255,874.000,391.500
1533,51,255,1032.696,391.931
1534,55,255,1166.282,391.700
1535,74,255,1181.811,392.878
1536,78,255,1239.359,393.821
1537,75,255,459.100,394.647
1538,60,255,506.133,393.517
1539,45,255,643.678,392.900
1540,132,255,799.583,395.788
1541,50,255,1202.580,392.820
1542,118,255,1284.585,396.551
1543,50,255,36.740,393.500
1544,50,255,84.560,394.300
1545,115,255,732.039,396.717
1546,35,255,1328.043,393.586
1547,36,255,56.389,394.722
1548,54,255,746.426,395.278
1549,26,255,921.808,393.962
1550,122,255,1440.016,399.115
1551,69,255,1558.514,395.312
1552,72,255,377.181,396.750
1553,64,255,700.625,396.641
1554,52,255,769.423,396.615
1555,51,255,1092.892,395.794
1556,79,255,92.652,398.791
1557,87,255,323.052,398.431
1558,72,255,979.444,397.181
1559,102,255,1123.451,397.235
1560,141,255,1152.805,399.869
1561,33,255,1194.227,396.803
1562,75,255,1468.460,397.327
1563,30,255,1497.300,395.867
1564,54,255,1547.074,397.519
1565,49,255,601.133,397.276
1566,117,255,1069.859,398.671
1567,49,255,1338.459,397.724
1568,47,255,432.862,399.181
1569,46,255,683.413,398.500
1570,44,255,777.545,398.682
1571,31,255,888.177,398.274
1572,67,255,994.291,399.799
1573,56,255,1009.464,398.750
1574,44,255,1357.727,398.455
1575,70,255,1373.300,399.557
1576,41,255,1427.280,398.817
1577,70,255,1521.886,399.086
1578,61,255,966.664,400.746
1579,33,255,113.833,400.136
1580,72,255,350.875,401.833
1581,136,255,613.493,405.228
1582,53,255,832.028,401.198
1583,36,255,1139.194,400.000
1584,54,255,1300.259,401.167
1585,85,255,172.124,402.700
1586,92,255,421.065,403.717
1587,33,255,867.864,401.106
1588,60,255,1455.400,401.983
1589,33,255,531.833,402.439
1590,80,255,548.075,404.025
1591,106,255,947.858,404.415
1592,42,255,1052.452,402.286
1593,50,255,1250.200,402.700
1594,27,255,1275.389,402.019
1595,54,255,1502.630,402.889
1596,32,255,1565.594,402.656
1597,54,255,522.352,404.000
1598,90,255,565.522,405.144
1599,83,255,38.886,406.139
1600,43,255,75.384,404.384
1601,142,255,922.472,407.352
1602,42,255,982.952,405.762
1603,82,255,1260.854,406.793
1604,44,255,14.705,406.091
1605,81,255,186.796,407.265
1606,98,255,397.378,407.684
1607,103,255,584.461,409.879
1608,56,255,748.589,406.036
1609,40,255,1345.850,405.700
1610,70,255,236.843,408.514
1611,84,255,597.464,407.452
1612,80,255,706.300,407.275
1613,49,255,1081.969,407.276
1614,86,255,6.581,410.174
1615,71,255,357.134,409.049
1616,105,255,476.871,409.452
1617,35,255,675.614,407.186
1618,21,255,692.357,406.357
1619,42,255,737.762,408.071
1620,107,255,1320.425,409.173
1621,27,255,1392.463,406.389
1622,65,255,1535.054,408.946
1623,64,255,823.047,410.250
1624,55,255,1234.755,409.809
1625,41,255,1543.110,408.598
1626,43,255,103.453,410.384
1627,126,255,221.421,412.738
1628,88,255,377.830,410.739
1629,77,255,961.084,410.682
1630,70,255,1093.271,411.657
1631,65,255,1354.162,410.931
1632,65,255,1383.592,411.454
1633,54,255,124.204,411.611
1634,129,255,307.267,413.554
1635,84,255,325.048,411.583
1636,79,255,765.019,412.057
1637,60,255,894.600,410.750
1638,113,255,1101.465,414.164
1639,125,255,1122.636,414.572
1640,64,255,1246.078,411.047
1641,28,255,1047.893,410.786
1642,34,255,1400.735,411.324
1643,97,255,1575.273,414.356
1644,55,255,631.664,413.136
1645,42,255,1274.952,412.476
1646,55,255,1520.864,412.918
1647,82,255,517.646,415.098
1648,78,255,654.436,416.077
1649,44,255,850.523,414.205
1650,23,255,885.891,413.283
1651,83,255,29.777,416.584
1652,77,255,675.981,414.227
1653,44,255,716.455,414.841
1654,60,255,810.200,415.433
1655,52,255,1192.404,415.673
1656,25,255,168.420,414.940
1657,122,255,176.025,421.189
1658,73,255,200.363,417.007
1659,74,255,1183.905,416.878
1660,32,255,1559.500,415.000
1661,61,255,266.795,418.680
1662,70,255,419.571,417.286
1663,87,255,835.592,417.477
1664,92,255,1034.370,417.522
1665,48,255,1342.396,417.021
1666,56,255,1484.071,416.393
1667,28,255,801.500,417.214
1668,92,255,1000.391,418.772
1669,56,255,1416.768,419.018
1670,92,255,160.783,422.620
1671,51,255,349.892,419.559
1672,63,255,1012.865,419.548
1673,81,255,1205.920,419.673
1674,76,255,51.711,421.789
1675,53,255,360.274,420.953
1676,46,255,726.348,419.848
1677,30,255,739.267,419.200
1678,30,255,1046.133,419.567
1679,54,255,1293.056,420.463
1680,57,255,1426.816,420.096
1681,109,255,107.372,423.638
1682,82,255,437.280,422.073
1683,70,255,872.843,421.743
1684,95,255,1058.195,421.995
1685,76,255,1137.974,421.921
1686,41,255,1399.915,419.963
1687,69,255,1508.906,422.775
1688,127,255,85.295,424.035
1689,67,255,190.172,423.142
1690,32,255,277.125,421.844
1691,38,255,847.868,421.816
1692,69,255,910.746,423.065
1693,63,255,926.881,422.262
1694,52,255,1282.404,422.250
1695,36,255,1452.806,422.139
1696,53,255,393.368,423.236
1697,113,255,540.827,426.261
1698,50,255,580.300,422.780
1699,107,255,636.575,425.210
1700,33,255,1147.348,422.409
1701,85,255,1221.453,423.747
1702,30,255,1272.033,422.267
1703,69,255,1368.138,423.877
1704,61,255,61.172,427.074
1705,68,255,143.529,425.559
1706,50,255,665.420,425.040
1707,88,255,764.625,426.227
1708,77,255,779.201,426.357
1709,56,255,858.518,425.429
1710,42,255,947.286,425.190
1711,58,255,987.793,425.534
1712,36,255,1078.361,424.000
1713,64,255,1166.625,425.766
1714,56,255,1381.982,425.375
1715,56,255,1478.393,425.232
1716,85,255,249.394,426.876
1717,32,255,417.219,424.938
1718,53,255,566.066,425.613
1719,49,255,1253.745,425.908
1720,54,255,1522.963,425.704
1721,123,255,230.110,428.825
1722,85,255,320.806,427.982
1723,65,255,446.192,428.223
1724,66,255,490.106,427.348
1725,68,255,511.735,427.853
1726,86,255,616.895,429.686
1727,126,255,709.270,428.746
1728,74,255,798.162,427.324
1729,55,255,811.045,426.845
1730,23,255,1069.065,426.109
1731,54,255,1443.852,427.426
1732,33,255,1462.561,426.136
1733,42,255,1490.571,426.429
1734,66,255,69.833,429.636
1735,84,255,554.714,430.131
1736,20,255,597.100,426.350
1737,24,255,455.917,428.500
1738,65,255,959.192,430.531
1739,51,255,968.618,429.422
1740,55,255,1596.427,429.736
1741,51,255,678.853,429.794
1742,50,255,884.360,429.940
1743,50,255,1190.460,429.920
1744,83,255,1306.717,430.548
1745,81,255,1558.191,432.673
1746,56,255,127.161,431.857
1747,131,255,213.034,432.706
1748,121,255,287.442,433.178
1749,48,255,1260.312,431.188
1750,51,255,1399.971,430.931
1751,77,255,1539.981,431.812
1752,51,255,1580.578,430.578
1753,79,255,404.108,433.816
1754,59,255,995.483,432.873
1755,43,255,1053.012,432.012
1756,69,255,1125.007,432.935
1757,36,255,377.972,432.667
1758,62,255,388.935,433.500
1759,97,255,1114.067,435.562
1760,55,255,1353.591,433.773
1761,35,255,1514.586,432.186
1762,82,255,648.061,434.683
1763,69,255,311.196,436.529
1764,44,255,469.045,435.068
1765,43,255,479.384,434.384
1766,54,255,1014.352,435.593
1767,38,255,1176.500,434.000
1768,91,255,1279.357,437.632
1769,90,255,40.011,437.389
1770,51,255,749.049,436.422
1771,74,255,893.176,436.568
1772,123,255,1427.703,438.451
1773,91,255,95.665,438.720
1774,66,255,301.515,437.939
1775,43,255,487.151,437.547
1776,52,255,661.250,437.135
1777,64,255,853.469,436.828
1778,57,255,1100.325,437.482
1779,66,255,1475.591,436.879
1780,43,255,575.500,437.500
1781,69,255,737.572,438.645
1782,46,255,1085.435,438.130
1783,33,255,1460.985,436.833
1784,27,255,141.093,438.019
1785,32,255,585.938,438.219
1786,51,255,758.598,439.108
1787,97,255,1313.098,440.954
1788,61,255,1329.172,438.959
1789,53,255,1587.274,439.349
1790,37,255,415.473,438.878
1791,66,255,510.515,440.227
1792,48,255,723.458,440.188
1793,49,255,1205.847,439.786
1794,20,255,1367.250,438.450
1795,73,255,1569.130,440.733
1796,91,255,628.588,442.643
1797,59,255,1157.127,441.449
1798,52,255,1467.308,442.692
1799,63,255,1492.595,441.246
1800,179,255,545.947,446.444
1801,69,255,1059.399,442.616
1802,74,255,1217.054,443.338
1803,37,255,1416.473,441.878
1804,69,255,1528.094,443.949
1805,31,255,439.952,442.597
1806,38,255,1051.105,442.342
1807,76,255,1168.987,445.500
1808,45,255,1289.033,444.544
1809,52,255,350.577,444.596
1810,65,255,791.346,444.023
1811,44,255,802.182,443.841
1812,69,255,821.500,444.674
1813,54,255,1441.685,444.185
1814,47,255,1540.096,443.457
1815,27,255,1597.944,443.907
1816,93,255,26.704,448.360
1817,96,255,339.958,446.438
1818,68,255,775.897,445.397
1819,25,255,864.940,443.700
1820,20,255,1183.400,443.700
1821,76,255,1505.868,445.842
1822,145,255,119.914,449.790
1823,88,255,164.011,447.000
1824,34,255,184.647,444.588
1825,23,255,244.065,444.587
1826,84,255,261.321,448.107
1827,102,255,464.392,447.039
1828,52,255,648.404,445.385
1829,95,255,929.763,448.216
1830,52,255,1015.923,446.096
1831,118,255,1349.864,447.636
1832,94,255,1374.053,448.340
1833,81,255,275.525,447.944
1834,96,255,448.271,449.375
1835,69,255,480.471,448.196
1836,23,255,601.674,445.500
1837,49,255,1452.214,447.398
1838,78,255,12.526,449.436
1839,62,255,491.823,448.419
1840,71,255,585.894,448.246
1841,22,255,689.591,446.409
1842,28,255,920.393,447.214
1843,30,255,1005.933,447.200
1844,58,255,1240.345,448.172
1845,26,255,1519.423,447.923
1846,73,255,297.075,450.199
1847,58,255,317.224,449.190
1848,27,255,911.722,448.611
1849,45,255,965.211,448.367
1850,55,255,1388.755,448.755
1851,50,255,1401.420,448.520
1852,47,255,1555.926,449.181
1853,20,255,96.050,448.300
1854,53,255,561.519,450.274
1855,71,255,1075.993,450.415
1856,40,255,1494.075,449.750
1857,40,255,154.925,450.900
1858,88,255,211.818,452.125
1859,152,255,837.967,455.533
1860,43,255,978.942,451.291
1861,64,255,1254.734,451.469
1862,56,255,1296.768,451.536
1863,82,255,1478.817,451.659
1864,83,255,60.970,453.380
1865,76,255,366.053,453.645
1866,36,255,719.361,450.889
1867,42,255,45.452,452.524
1868,68,255,186.412,453.485
1869,102,255,231.186,456.206
1870,24,255,328.375,452.167
1871,143,255,379.283,458.346
1872,36,255,697.972,453.111
1873,46,255,900.913,452.739
1874,80,255,1188.325,454.938
1875,76,255,1324.000,452.816
1876,79,255,401.297,455.196
1877,73,255,754.870,454.267
1878,57,255,782.851,454.430
1879,44,255,892.636,454.023
1880,44,255,998.295,453.818
1881,58,255,1028.190,454.603
1882,52,255,1265.846,454.212
1883,92,255,96.043,457.761
1884,20,255,504.750,453.350
1885,81,255,988.636,457.574
1886,53,255,1059.594,454.840
1887,78,255,1130.192,455.782
1888,67,255,945.157,456.590
1889,87,255,1552.420,457.431
1890,72,255,74.583,458.319
1891,53,255,161.896,457.274
1892,62,255,463.274,456.774
1893,85,255,871.724,459.771
1894,82,255,960.927,456.793
1895,56,255,1395.161,457.875
1896,47,255,242.755,458.926
1897,43,255,356.477,458.244
1898,76,255,518.974,459.447
1899,57,255,577.728,458.377
1900,49,255,802.398,457.806
1901,42,255,882.905,458.571
1902,51,255,1406.245,457.873
1903,61,255,1441.057,458.811
1904,46,255,141.130,459.022
1905,64,255,252.172,459.719
1906,71,255,436.303,459.979
1907,79,255,1173.475,461.816
1908,151,255,605.407,462.361
1909,66,255,1095.773,460.530
1910,78,255,1117.756,462.295
1911,38,255,1419.579,460.158
1912,45,255,1470.322,459.656
1913,72,255,32.319,461.458
1914,56,255,392.893,461.714
1915,29,255,566.466,460.672
1916,48,255,659.229,460.688
1917,94,255,813.628,463.234
1918,112,255,1159.607,464.259
1919,83,255,1234.910,462.127
1920,47,255,83.351,462.670
1921,101,255,692.965,463.480
1922,77,255,709.747,462.500
1923,44,255,857.545,461.682
1924,83,255,1201.367,461.729
1925,42,255,1430.048,461.357
1926,67,255,10.978,463.724
1927,30,255,132.967,461.967
1928,94,255,346.138,464.574
1929,80,255,505.925,463.663
1930,79,255,677.475,463.766
1931,48,255,723.438,463.708
1932,24,255,40.292,463.000
1933,54,255,110.056,464.852
1934,54,255,1139.333,464.259
1935,40,255,1261.700,463.000
1936,89,255,290.275,466.287
1937,54,255,638.000,465.130
1938,77,255,767.006,465.747
1939,94,255,1034.851,467.606
1940,69,255,1500.341,464.978
1941,53,255,469.481,466.934
1942,59,255,477.534,466.500
1943,141,255,527.550,469.947
1944,39,255,894.500,465.910
1945,101,255,1329.817,468.252
1946,54,255,1369.778,465.870
1947,81,255,64.340,468.364
1948,34,255,301.176,467.147
1949,94,255,549.160,468.979
1950,98,255,585.867,468.296
1951,41,255,1148.890,467.280
1952,32,255,1219.250,466.125
1953,59,255,1291.381,466.754
1954,23,255,1342.196,466.239
1955,70,255,49.886,467.929
1956,54,255,424.019,468.296
1957,71,255,907.627,469.092
1958,53,255,955.236,467.783
1959,48,255,1125.125,468.438
1960,49,255,1353.908,467.806
1961,53,255,743.368,469.142
1962,36,255,1320.111,468.639
1963,89,255,269.725,473.185
1964,58,255,324.103,470.034
1965,52,255,629.788,470.192
1966,41,255,753.524,469.451
1967,102,255,1532.843,471.922
1968,61,255,158.533,472.008
1969,48,255,245.146,470.958
1970,122,255,492.680,474.180
1971,73,255,1077.610,472.144
1972,45,255,1209.722,471.189
1973,86,255,1227.244,473.616
1974,29,255,1309.155,469.603
1975,39,255,230.679,471.218
1976,47,255,919.330,472.202
1977,35,255,1428.414,470.700
1978,115,255,135.900,473.683
1979,44,255,414.318,473.000
1980,48,255,437.812,472.896
1981,103,255,979.568,474.364
1982,76,255,999.934,473.500
1983,54,255,1043.963,474.426
1984,67,255,1110.575,474.425
1985,44,255,358.455,474.386
1986,48,255,647.083,473.479
1987,43,255,786.430,474.058
1988,49,255,869.031,473.786
1989,46,255,80.196,475.283
1990,66,255,92.576,476.106
1991,117,255,853.774,476.209
1992,54,255,1054.685,474.741
1993,56,255,1482.661,474.518
1994,55,255,369.500,476.245
1995,119,255,388.517,477.147
1996,57,255,726.851,476.465
1997,93,255,799.274,477.403
1998,29,255,1065.500,474.741
1999,60,255,1269.583,475.883
2000,64,255,955.203,477.391
2001,95,255,1135.416,479.668
2002,46,255,1312.457,476.696
2003,88,255,1502.239,477.818
2004,20,255,1565.050,474.850
2005,65,255,3.177,479.838
2006,52,255,251.846,479.192
2007,37,255,895.986,476.905
2008,28,255,1468.214,477.286
2009,49,255,418.806,480.602
2010,30,255,467.867,478.467
2011,73,255,616.870,480.021
2012,39,255,706.321,478.013
2013,139,255,831.306,482.845
2014,137,255,1383.704,481.449
2015,92,255,1584.315,480.565
2016,46,255,116.457,479.848
2017,47,255,717.883,479.904
2018,44,255,1152.727,479.682
2019,34,255,1292.765,479.500
2020,26,255,1413.577,478.962
2021,59,255,1444.466,480.669
2022,67,255,1458.634,481.231
2023,136,255,19.618,483.574
2024,65,255,47.685,482.223
2025,57,255,70.675,481.202
2026,44,255,433.773,480.409
2027,38,255,578.974,482.368
2028,38,255,740.579,480.553
2029,76,255,1167.263,482.553
2030,49,255,1176.439,480.806
2031,22,255,1333.773,479.455
2032,55,255,1519.064,481.736
2033,22,255,236.500,480.773
2034,116,255,654.060,483.241
2035,54,255,869.352,481.278
2036,34,255,1476.324,481.765
2037,45,255,161.144,482.700
2038,37,255,347.554,482.770
2039,70,255,901.457,485.071
2040,83,255,1281.211,485.681
2041,43,255,181.965,484.291
2042,118,255,224.576,487.161
2043,57,255,630.500,484.202
2044,73,255,695.075,485.185
2045,42,255,1028.476,483.857
2046,74,255,1036.784,486.351
2047,85,255,1063.959,484.065
2048,99,255,1405.641,487.904
2049,74,255,128.757,486.054
2050,90,255,547.611,486.933
2051,88,255,923.375,487.420
2052,73,255,1223.747,485.418
2053,51,255,1356.794,484.245
2054,42,255,37.286,486.262
2055,50,255,100.340,486.380
2056,113,255,173.544,488.686
2057,29,255,564.431,485.017
2058,57,255,786.342,485.833
2059,76,255,884.408,486.632
2060,58,255,527.000,487.414
2061,38,255,603.105,487.263
2062,30,255,733.133,486.133
2063,180,255,756.228,490.967
2064,54,255,1001.333,486.259
2065,53,255,1110.179,486.274
2066,61,255,1184.861,487.533
2067,61,255,1326.221,487.500
2068,46,255,1341.848,487.196
2069,69,255,1552.268,489.254
2070,80,255,109.450,491.350
2071,84,255,453.786,491.536
2072,61,255,858.041,488.664
2073,44,255,1308.500,487.864
2074,112,255,1420.884,489.205
2075,46,255,92.804,489.109
2076,63,255,306.071,488.992
2077,44,255,680.182,489.182
2078,24,255,215.375,488.833
2079,58,255,474.172,490.638
2080,62,255,488.306,490.194
2081,38,255,944.132,490.632
2082,40,255,958.425,489.325
2083,68,255,1150.500,490.765
2084,54,255,336.667,491.352
2085,102,255,439.020,492.137
2086,36,255,774.639,491.389
2087,77,255,978.942,491.916
2088,74,255,1294.027,491.770
2089,122,255,279.525,493.016
2090,23,255,372.717,490.978
2091,44,255,382.091,491.682
2092,52,255,621.231,491.808
2093,131,255,711.630,495.240
2094,89,255,1443.882,491.871
2095,106,255,1576.538,493.472
2096,87,255,514.109,495.868
2097,59,255,665.449,493.653
2098,59,255,1194.890,493.653
2099,61,255,147.057,494.385
2100,24,255,1433.875,493.042
2101,112,255,240.438,497.696
2102,52,255,1160.654,495.000
2103,51,255,1266.284,494.225
2104,41,255,1378.549,494.622
2105,103,255,161.772,497.189
2106,25,255,346.740,494.460
2107,180,255,578.839,500.322
2108,42,255,1045.476,495.690
2109,30,255,481.867,496.667
2110,50,255,691.000,497.000
2111,91,255,737.610,499.060
2112,110,255,799.818,498.700
2113,62,255,840.581,497.177
2114,66,255,965.561,498.894
2115,49,255,1006.316,497.173
2116,67,255,1220.351,497.724
2117,38,255,403.184,497.184
2118,90,255,540.744,500.156
2119,22,255,599.773,496.364
2120,37,255,1056.608,497.392
2121,40,255,1085.725,497.425
2122,45,255,1095.056,498.367
2123,115,255,1236.883,499.996
2124,114,255,1541.263,500.325
2125,56,255,193.964,499.161
2126,30,255,365.467,500.467
2127,42,255,1074.238,498.857
2128,49,255,1105.459,498.929
2129,49,255,1470.765,498.786
2130,80,255,1519.850,500.212
2131,97,255,3.345,503.572
2132,49,255,215.827,498.990
2133,108,255,312.454,503.435
2134,31,255,523.694,499.661
2135,48,255,921.438,500.083
2136,29,255,1023.914,499.500
2137,126,255,1350.294,502.810
2138,56,255,89.089,501.107
2139,79,255,637.196,501.032
2140,66,255,658.788,500.939
2141,105,255,829.233,503.357
2142,63,255,996.976,501.992
2143,100,255,885.280,504.000
2144,40,255,1118.000,502.000
2145,76,255,33.658,504.579
2146,53,255,183.066,502.953
2147,61,255,255.074,503.320
2148,68,255,354.221,503.956
2149,81,255,672.796,505.401
2150,45,255,1014.478,503.256
2151,64,255,1202.469,503.688
2152,67,255,23.201,504.828
2153,56,255,73.089,504.946
2154,160,255,489.587,507.387
2155,43,255,593.826,503.779
2156,37,255,1064.446,503.770
2157,48,255,64.708,505.000
2158,53,255,1132.613,505.217
2159,91,255,1379.390,507.126
2160,92,255,50.250,507.870
2161,74,255,272.405,507.689
2162,89,255,506.219,509.455
2163,58,255,814.190,506.603
2164,75,255,1035.233,505.780
2165,97,255,1270.294,507.180
2166,53,255,1299.330,507.274
2167,55,255,909.918,507.282
2168,86,255,940.244,507.837
2169,81,255,1313.586,508.093
2170,87,255,1413.201,507.799
2171,35,255,1493.157,505.871
2172,151,255,116.440,513.772
2173,51,255,152.676,510.049
2174,28,255,644.893,507.786
2175,34,255,686.235,506.794
2176,142,255,782.789,511.655
2177,88,255,1560.750,509.250
2178,66,255,170.742,509.333
2179,32,255,399.688,507.969
2180,45,255,459.389,507.633
2181,64,255,523.172,510.094
2182,63,255,703.198,509.071
2183,33,255,1085.076,507.924
2184,27,255,1484.463,507.611
2185,131,255,332.775,512.775
2186,46,255,391.457,510.130
2187,95,255,597.816,511.953
2188,82,255,626.244,511.646
2189,111,255,863.410,511.509
2190,90,255,438.878,512.333
2191,97,255,471.160,514.036
2192,71,255,1067.021,512.007
2193,60,255,1100.333,510.817
2194,75,255,1190.300,511.940
2195,71,255,1326.655,511.500
2196,48,255,1426.604,510.833
2197,94,255,80.436,513.362
2198,74,255,101.176,512.743
2199,65,255,550.315,512.608
2200,47,255,569.564,512.606
2201,43,255,138.942,513.058
2202,94,255,288.245,514.394
2203,62,255,638.855,513.774
2204,51,255,751.833,512.833
2205,43,255,16.337,514.012
2206,53,255,131.575,514.764
2207,81,255,213.512,515.204
2208,86,255,423.872,515.872
2209,58,255,611.586,514.328
2210,62,255,927.532,514.565
2211,42,255,1243.571,513.738
2212,20,255,406.300,514.000
2213,40,255,463.575,516.275
2214,51,255,770.265,516.265
2215,84,255,888.048,517.131
2216,24,255,965.750,514.958
2217,70,255,1141.843,516.800
2218,51,255,1517.931,516.520
2219,48,255,821.854,516.812
2220,62,255,832.613,519.016
2221,54,255,999.315,516.833
2222,52,255,1130.481,517.596
2223,53,255,1225.953,516.519
2224,49,255,172.051,518.051
2225,99,255,229.753,517.843
2226,44,255,496.705,517.636
2227,55,255,560.082,518.791
2228,65,255,714.392,518.423
2229,88,255,912.159,518.670
2230,39,255,952.269,517.423
2231,68,255,978.118,518.074
2232,53,255,1152.028,518.726
2233,49,255,188.561,518.929
2234,95,255,275.311,521.584
2235,85,255,314.265,519.935
2236,141,255,356.642,523.365
2237,42,255,758.000,518.952
2238,33,255,1077.985,517.924
2239,95,255,1256.384,519.679
2240,82,255,1409.500,520.220
2241,43,255,150.826,519.942
2242,47,255,658.011,522.181
2243,67,255,850.112,519.993
2244,32,255,1117.875,519.656
2245,42,255,1444.095,519.738
2246,47,255,1455.521,519.585
2247,91,255,1104.159,523.577
2248,71,255,62.430,524.401
2249,46,255,242.283,523.457
2250,93,255,371.124,525.027
2251,83,255,391.982,524.139
2252,83,255,523.572,524.151
2253,59,255,745.466,522.941
2254,71,255,1395.317,523.796
2255,95,255,301.626,525.111
2256,48,255,546.396,523.396
2257,101,255,1292.995,526.114
2258,52,255,484.077,525.000
2259,48,255,569.479,524.854
2260,72,255,590.333,526.139
2261,80,255,640.362,525.438
2262,65,255,1033.700,525.346
2263,62,255,1049.887,525.516
2264,43,255,1080.709,524.314
2265,25,255,1174.620,523.980
2266,107,255,1185.752,527.603
2267,49,255,1236.214,525.704
2268,46,255,1484.565,524.391
2269,47,255,38.245,526.287
2270,30,255,163.867,525.133
2271,28,255,513.786,525.607
2272,66,255,603.500,526.394
2273,26,255,674.192,524.462
2274,64,255,778.688,525.672
2275,45,255,725.789,526.989
2276,60,255,809.367,527.583
2277,99,255,1062.742,528.187
2278,77,255,1221.136,527.201
2279,90,255,1351.900,530.589
2280,61,255,1458.713,526.926
2281,54,255,1125.519,528.111
2282,88,255,6.398,530.761
2283,37,255,231.068,527.878
2284,21,255,340.452,527.690
2285,34,255,763.794,528.000
2286,58,255,869.414,530.138
2287,91,255,1022.940,530.687
2288,44,255,1208.250,528.341
2289,82,255,1492.476,531.134
2290,47,255,1506.691,529.755
2291,120,255,1554.100,530.992
2292,136,255,1568.515,531.912
2293,111,255,427.239,531.869
2294,46,255,551.174,529.870
2295,30,255,862.033,529.500
2296,28,255,974.500,529.036
2297,59,255,1269.008,529.873
2298,72,255,48.056,531.639
2299,57,255,192.675,531.061
2300,52,255,801.865,531.865
2301,46,255,907.978,530.630
2302,80,255,1246.775,532.263
2303,63,255,30.389,532.865
2304,142,255,110.570,536.148
2305,41,255,321.622,531.598
2306,38,255,686.842,531.211
2307,51,255,825.225,531.853
2308,60,255,1085.850,532.817
2309,77,255,1384.136,533.084
2310,95,255,80.089,534.247
2311,79,255,95.272,533.943
2312,40,255,149.825,532.825
2313,41,255,1171.305,532.549
2314,72,255,1518.361,533.486
2315,52,255,479.000,534.000
2316,137,255,880.675,538.682
2317,53,255,1001.009,533.406
2318,60,255,1160.167,534.967
2319,73,255,1450.336,535.021
2320,54,255,584.926,535.167
2321,48,255,671.125,534.521
2322,60,255,736.167,535.617
2323,110,255,268.527,537.791
2324,22,255,749.591,534.409
2325,41,255,811.915,535.061
2326,119,255,137.979,538.735
2327,87,255,510.971,538.822
2328,38,255,857.342,536.658
2329,37,255,969.986,537.716
2330,58,255,1260.828,538.017
2331,44,255,210.318,538.091
2332,142,255,224.690,542.373
2333,66,255,335.924,537.636
2334,77,255,652.084,539.669
2335,43,255,1597.523,538.314
2336,42,255,290.381,538.476
2337,33,255,681.318,538.258
2338,45,255,160.811,540.211
2339,132,255,640.758,545.917
2340,51,255,1325.951,539.559
2341,58,255,710.517,540.914
2342,67,255,823.037,541.784
2343,56,255,838.357,541.429
2344,69,255,912.717,541.355
2345,47,255,947.160,540.989
2346,90,255,1136.578,541.978
2347,48,255,280.083,542.292
2348,72,255,403.611,542.819
2349,94,255,552.415,543.181
2350,61,255,777.303,543.713
2351,55,255,1586.609,543.082
2352,70,255,437.643,543.829
2353,101,255,450.490,545.302
2354,53,255,591.462,543.557
2355,62,255,671.484,543.210
2356,86,255,894.070,545.372
2357,65,255,1105.608,542.700
2358,57,255,1542.272,543.518
2359,51,255,564.912,545.382
2360,84,255,576.202,545.060
2361,55,255,694.900,544.373
2362,51,255,786.284,544.833
2363,110,255,1360.009,545.373
2364,45,255,1465.656,544.500
2365,38,255,358.184,544.342
2366,76,255,387.026,547.171
2367,105,255,618.557,546.814
2368,71,255,734.613,545.838
2369,58,255,806.500,545.466
2370,82,255,928.598,545.732
2371,69,255,999.833,545.268
2372,47,255,320.372,546.117
2373,60,255,520.467,546.617
2374,150,255,757.873,549.213
2375,61,255,1454.090,545.959
2376,103,255,241.267,548.733
2377,59,255,538.331,547.381
2378,62,255,720.581,547.452
2379,26,255,6.538,546.423
2380,88,255,306.227,550.045
2381,133,255,681.237,551.312
2382,77,255,1400.994,548.617
2383,91,255,1477.467,549.764
2384,127,255,45.413,551.602
2385,113,255,106.677,552.730
2386,81,255,190.364,550.278
2387,26,255,263.923,548.654
2388,69,255,470.167,549.819
2389,96,255,1304.000,553.833
2390,81,255,1341.722,549.907
2391,36,255,16.111,549.639
2392,79,255,1046.956,551.247
2393,82,255,1431.061,551.610
2394,59,255,64.822,552.432
2395,58,255,330.707,552.483
2396,65,255,346.469,553.023
2397,46,255,365.587,551.500
2398,63,255,426.532,552.706
2399,101,255,501.431,553.827
2400,128,255,130.305,556.156
2401,105,255,604.062,554.310
2402,53,255,712.708,553.425
2403,30,255,965.167,552.067
2404,67,255,1111.500,553.321
2405,52,255,1563.154,553.442
2406,45,255,179.678,553.967
2407,36,255,200.972,554.306
2408,93,255,404.919,554.091
2409,54,255,554.778,554.241
2410,49,255,1057.969,554.112
2411,40,255,1080.025,554.050
2412,121,255,1193.326,556.599
2413,21,255,1290.548,552.881
2414,57,255,574.132,554.956
2415,131,255,663.637,558.073
2416,46,255,828.957,555.630
2417,49,255,1441.092,556.704
2418,77,255,1070.981,557.552
2419,25,255,1379.700,555.540
2420,31,255,16.952,556.919
2421,57,255,522.991,558.202
2422,26,255,1598.269,558.000
2423,63,255,3.198,560.040
2424,90,255,922.011,560.611
2425,103,255,1179.432,561.830
2426,28,255,117.679,559.393
2427,124,255,762.089,562.573
2428,59,255,1088.483,560.025
2429,30,255,1402.567,558.433
2430,123,255,80.167,563.240
2431,77,255,219.188,562.526
2432,67,255,692.784,562.112
2433,48,255,870.354,559.917
2434,56,255,1527.393,561.143
2435,65,255,1583.515,561.808
2436,51,255,141.578,562.755
2437,56,255,379.339,562.893
2438,49,255,1221.704,561.316
2439,115,255,1288.822,564.657
2440,66,255,335.606,564.061
2441,55,255,365.973,563.191
2442,25,255,466.420,561.220
2443,46,255,509.522,562.478
2444,84,255,945.143,564.369
2445,57,255,1275.132,563.693
2446,59,255,545.822,563.907
2447,144,255,633.007,568.653
2448,68,255,702.368,565.779
2449,74,255,781.568,564.622
2450,21,255,893.024,562.881
2451,33,255,1013.530,563.106
2452,22,255,67.591,563.409
2453,83,255,735.524,566.584
2454,95,255,1139.553,565.963
2455,59,255,1167.229,565.771
2456,86,255,43.628,567.000
2457,26,255,828.769,564.115
2458,77,255,984.877,566.435
2459,49,255,1042.357,566.398
2460,72,255,1211.222,568.097
2461,113,255,1249.748,569.102
2462,76,255,1472.908,566.474
2463,111,255,1517.635,566.959
2464,43,255,577.314,566.756
2465,53,255,793.953,567.142
2466,53,255,1152.160,567.821
2467,26,255,474.538,567.385
2468,35,255,1441.500,566.986
2469,37,255,1563.959,566.770
2470,87,255,1003.029,570.052
2471,97,255,1057.139,570.036
2472,58,255,154.000,570.500
2473,44,255,259.136,569.591
2474,65,255,599.946,569.962
2475,53,255,1035.406,570.462
2476,67,255,370.112,571.007
2477,53,255,434.821,571.896
2478,85,255,511.629,572.488
2479,68,255,823.868,571.912
2480,65,255,876.192,571.331
2481,64,255,191.000,573.000
2482,51,255,299.402,572.657
2483,74,255,617.784,572.486
2484,69,255,647.514,572.587
2485,85,255,857.888,572.712
2486,63,255,915.024,573.595
2487,40,255,1306.825,571.575
2488,74,255,1325.405,572.703
2489,39,255,1424.013,571.731
2490,74,255,26.068,574.297
2491,89,255,133.242,574.230
2492,48,255,844.812,572.688
2493,55,255,1120.555,572.427
2494,27,255,1362.500,572.352
2495,63,255,1374.817,573.500
2496,58,255,251.259,574.328
2497,70,255,402.000,574.500
2498,33,255,740.409,573.591
2499,47,255,1023.181,573.691
2500,128,255,175.648,577.664
2501,94,255,978.681,577.989
2502,77,255,1199.383,576.162
2503,87,255,1235.534,575.592
2504,45,255,1596.944,574.478
2505,25,255,530.540,574.940
2506,71,255,539.810,577.542
2507,42,255,896.929,576.119
2508,69,255,33.877,578.761
2509,60,255,357.067,577.617
2510,128,255,572.539,578.648
2511,44,255,1301.045,576.068
2512,43,255,1417.570,576.919
2513,73,255,98.651,579.610
2514,72,255,268.847,579.389
2515,122,255,10.254,581.115
2516,85,255,55.441,581.853
2517,79,255,74.019,579.589
2518,66,255,306.561,580.288
2519,86,255,338.221,579.884
2520,35,255,428.843,578.129
2521,39,255,660.064,578.756
2522,48,255,1089.458,578.562
2523,31,255,198.210,579.694
2524,72,255,217.722,581.236
2525,119,255,380.584,582.651
2526,60,255,814.233,580.733
2527,42,255,1340.786,579.571
2528,49,255,1558.480,580.357
2529,35,255,926.386,579.586
2530,28,255,1277.143,580.143
2531,28,255,1397.286,580.429
2532,93,255,608.866,583.704
2533,69,255,803.297,583.529
2534,110,255,959.955,583.336
2535,66,255,1535.470,583.424
2536,61,255,475.385,582.975
2537,55,255,780.482,582.936
2538,34,255,1324.265,581.882
2539,74,255,1513.162,584.284
2540,75,255,393.207,585.580
2541,27,255,587.093,583.056
2542,100,255,844.130,583.720
2543,49,255,1154.541,584.092
2544,23,255,1220.587,582.717
2545,91,255,700.841,586.874
2546,117,255,722.312,586.654
2547,80,255,1430.925,585.288
2548,58,255,1477.017,585.103
2549,128,255,1577.820,588.766
2550,88,255,655.693,588.682
2551,83,255,765.657,588.669
2552,93,255,1019.715,589.102
2553,103,255,1211.180,588.684
2554,107,255,1462.621,589.313
2555,55,255,1597.518,589.518
2556,116,255,284.784,589.922
2557,51,255,527.990,587.500
2558,69,255,876.254,588.804
2559,124,255,1080.444,589.524
2560,61,255,1126.549,588.631
2561,75,255,1254.433,588.500
2562,162,255,936.735,593.846
2563,125,255,1050.924,590.852
2564,92,255,187.761,591.402
2565,36,255,471.083,590.583
2566,97,255,492.005,592.531
2567,70,255,900.271,590.414
2568,27,255,1348.056,589.167
2569,71,255,28.613,591.725
2570,127,255,328.720,593.571
2571,66,255,407.985,590.439
2572,83,255,257.295,593.440
2573,24,255,446.000,592.000
2574,66,255,569.652,592.500
2575,51,255,626.049,591.873
2576,116,255,733.931,593.974
2577,141,255,915.351,594.748
2578,76,255,1264.658,593.079
2579,126,255,119.746,594.714
2580,89,255,1109.792,594.039
2581,27,255,1294.574,591.463
2582,20,255,6.600,593.150
2583,142,255,786.035,595.993
2584,47,255,1134.457,594.202
2585,116,255,350.483,598.034
2586,111,255,1384.068,596.869
2587,143,255,87.654,598.479
2588,49,255,295.133,596.520
2589,27,255,955.426,594.944
2590,60,255,1010.983,597.800
2591,65,255,1152.885,596.208
2592,87,255,1360.086,597.236
2593,119,255,502.962,600.559
2594,134,255,611.873,599.575
2595,136,255,1037.441,599.103
2596,72,255,1399.486,597.819
2597,23,255,33.457,597.196
2598,115,255,67.117,600.587
2599,100,255,1303.880,599.980
2600,54,255,154.907,599.741
2601,70,255,227.457,599.557
2602,96,255,309.344,601.760
2603,141,255,584.940,601.188
2604,68,255,964.559,600.176
2605,106,255,1090.415,600.896
2606,27,255,1166.426,597.759
2607,40,255,1176.450,599.975
2608,63,255,166.833,601.405
2609,70,255,246.857,603.157
2610,62,255,850.097,600.387
2611,51,255,528.794,600.539
2612,56,255,1424.321,601.232
2613,67,255,1478.306,601.709
2614,112,255,205.598,604.188
2615,52,255,453.923,602.442
2616,88,255,827.114,603.045
2617,49,255,1218.378,601.929
2618,96,255,1248.833,603.490
2619,123,255,1334.760,605.476
2620,83,255,1533.090,604.054
2621,90,255,265.789,605.433
2622,37,255,560.014,603.581
2623,52,255,881.365,604.000
2624,54,255,906.148,604.130
2625,59,255,1230.093,604.110
2626,29,255,1284.983,602.914
2627,43,255,761.267,604.802
2628,40,255,869.975,605.125
2629,31,255,1197.629,605.242
2630,186,255,409.790,609.247
2631,52,255,621.904,606.654
2632,26,255,1469.500,605.615
2633,87,255,377.247,608.937
2634,44,255,442.091,606.932
2635,134,255,540.866,610.201
2636,112,255,674.446,608.795
2637,121,255,1110.558,608.599
2638,134,255,1442.037,609.948
2639,97,255,1497.170,609.335
2640,66,255,75.803,609.727
2641,81,255,326.019,609.562
2642,114,255,46.307,611.605
2643,161,255,601.978,612.798
2644,32,255,576.219,609.062
2645,82,255,714.073,611.793
2646,50,255,1073.500,609.700
2647,110,255,1264.927,611.282
2648,97,255,1357.098,610.923
2649,48,255,166.271,611.750
2650,100,255,689.360,612.770
2651,118,255,802.297,613.610
2652,116,255,981.914,613.474
2653,24,255,1487.208,609.792
2654,88,255,1560.125,612.898
2655,120,255,292.108,613.267
2656,29,255,862.431,611.052
2657,68,255,1000.559,612.632
2658,28,255,1202.143,611.607
2659,23,255,1226.804,610.717
2660,85,255,120.829,613.641
2661,28,255,226.750,612.071
2662,29,255,256.500,612.397
2663,58,255,932.103,613.103
2664,66,255,1288.833,613.485
2665,69,255,899.457,615.051
2666,26,255,1248.154,612.846
2667,86,255,11.047,616.942
2668,83,255,102.873,615.825
2669,42,255,151.310,614.500
2670,112,255,647.625,616.991
2671,41,255,881.085,613.963
2672,37,255,1373.338,614.257
2673,57,255,1408.640,615.184
2674,180,255,347.978,618.950
2675,66,255,388.652,616.561
2676,68,255,725.353,617.382
2677,113,255,131.916,619.951
2678,92,255,475.326,619.587
2679,49,255,706.153,617.173
2680,127,255,769.902,620.035
2681,44,255,1145.841,616.523
2682,48,255,1488.500,616.750
2683,43,255,1573.593,617.337
2684,62,255,205.855,618.661
2685,50,255,279.980,619.740
2686,80,255,318.650,621.300
2687,44,255,423.682,620.591
2688,129,255,489.198,623.717
2689,86,255,184.477,622.558
2690,27,255,226.352,620.204
2691,45,255,668.456,621.344
2692,99,255,787.247,622.449
2693,49,255,832.622,621.561
2694,93,255,870.769,622.962
2695,22,255,1022.955,619.636
2696,76,255,1123.224,622.368
2697,21,255,1224.119,619.071
2698,84,255,1396.762,622.393
2699,21,255,1517.500,618.500
2700,58,255,1555.603,621.086
2701,114,255,401.605,624.061
2702,80,255,1197.150,623.350
2703,109,255,1466.041,623.537
2704,72,255,88.889,624.833
2705,101,255,942.193,623.381
2706,44,255,1284.932,622.409
2707,57,255,1535.026,624.711
2708,79,255,112.728,625.348
2709,101,255,736.936,625.708
2710,91,255,1497.665,626.115
2711,92,255,150.967,627.076
2712,63,255,436.087,626.500
2713,51,255,880.382,625.186
2714,101,255,1038.827,626.391
2715,117,255,1303.594,626.449
2716,55,255,374.645,626.264
2717,48,255,627.833,625.729
2718,66,255,906.348,626.167
2719,73,255,997.760,627.651
2720,55,255,1150.591,626.409
2721,40,255,1243.700,625.825
2722,43,255,1140.337,626.942
2723,64,255,1322.672,627.406
2724,75,255,1450.940,628.153
2725,24,255,15.833,626.708
2726,106,255,163.726,630.132
2727,125,255,271.012,630.356
2728,39,255,293.526,627.372
2729,50,255,988.840,628.480
2730,43,255,1108.477,627.430
2731,38,255,1223.553,626.763
2732,113,255,1378.571,629.518
2733,34,255,1543.235,627.500
2734,96,255,759.781,631.406
2735,105,255,924.738,631.605
2736,107,255,968.005,630.995
2737,108,255,701.093,632.620
2738,214,255,810.009,633.743
2739,27,255,957.352,629.463
2740,129,255,1024.275,633.159
2741,74,255,1562.081,631.203
2742,45,255,892.922,631.633
2743,74,255,1063.514,631.865
2744,46,255,1165.239,630.717
2745,29,255,472.397,630.741
2746,60,255,689.700,633.000
2747,59,255,1099.076,632.737
2748,44,255,128.523,631.932
2749,102,255,1078.814,634.176
2750,121,255,1412.624,635.550
2751,38,255,386.632,633.211
2752,77,255,783.825,634.279
2753,146,255,859.733,636.260
2754,25,255,943.540,632.660
2755,55,255,458.409,635.627
2756,94,255,619.500,636.043
2757,50,255,676.280,635.340
2758,56,255,732.411,635.411
2759,148,255,1354.236,637.101
2760,65,255,1438.531,634.946
2761,74,255,44.405,636.486
2762,31,255,531.081,635.758
2763,103,255,1466.597,637.490
2764,42,255,117.619,637.143
2765,27,255,1538.500,635.722
2766,53,255,572.896,638.255
2767,25,255,1424.260,637.100
2768,45,255,190.522,638.922
2769,123,255,434.679,639.785
2770,135,255,555.937,643.552
2771,119,255,832.710,641.718
2772,102,255,1140.794,641.029
2773,103,255,57.908,642.655
2774,40,255,180.000,641.025
2775,24,255,480.583,638.458
2776,60,255,4.400,641.517
2777,29,255,226.914,639.948
2778,60,255,380.317,641.483
2779,88,255,910.830,642.261
2780,65,255,939.669,641.362
2781,56,255,1121.482,640.875
2782,91,255,1286.181,642.467
2783,49,255,294.561,642.051
2784,93,255,350.629,643.919
2785,95,255,581.174,644.753
2786,64,255,648.719,642.000
2787,67,255,746.231,642.291
2788,40,255,1104.775,641.575
2789,54,255,1183.000,641.574
2790,65,255,145.162,643.177
2791,104,255,404.798,645.087
2792,99,255,593.793,645.490
2793,75,255,706.620,645.233
2794,67,255,994.709,643.530
2795,60,255,1236.333,642.817
2796,83,255,1558.464,644.283
2797,59,255,102.229,644.534
2798,24,255,125.167,642.625
2799,68,255,363.353,645.309
2800,67,255,1056.560,645.216
2801,78,255,1205.128,645.615
2802,87,255,1489.029,646.339
2803,114,255,39.395,647.009
2804,66,255,245.758,645.652
2805,111,255,663.014,647.194
2806,126,255,977.198,645.754
2807,92,255,1034.565,647.011
2808,54,255,1538.352,644.278
2809,140,255,518.514,650.579
2810,121,255,606.525,649.360
2811,39,255,1150.218,645.500
2812,115,255,310.317,649.978
2813,47,255,325.394,647.245
2814,62,255,1077.581,646.726
2815,62,255,1094.145,647.161
2816,73,255,1255.226,647.281
2817,29,255,1297.534,646.879
2818,96,255,1309.917,648.250
2819,97,255,420.665,652.851
2820,85,255,475.276,648.771
2821,106,255,763.425,649.745
2822,106,255,1219.575,650.538
2823,52,255,1430.192,648.077
2824,46,255,691.174,649.500
2825,22,255,1576.273,648.273
2826,94,255,459.223,651.468
2827,77,255,1394.045,650.383
2828,67,255,1117.858,651.694
2829,71,255,1464.951,651.106
2830,90,255,532.833,653.411
2831,31,255,1324.048,651.081
2832,108,255,1340.907,654.602
2833,154,255,152.981,656.052
2834,24,255,433.625,651.458
2835,59,255,568.958,653.636
2836,141,255,896.904,658.167
2837,118,255,963.153,655.220
2838,81,255,1158.932,653.784
2839,46,255,1381.304,652.957
2840,41,255,1570.280,652.061
2841,42,255,216.524,653.929
2842,94,255,745.170,654.851
2843,111,255,819.491,656.104
2844,73,255,329.596,654.829
2845,82,255,679.768,656.768
2846,63,255,21.992,656.675
2847,49,255,367.194,655.908
2848,56,255,1269.714,655.161
2849,73,255,1060.870,658.158
2850,34,255,1094.824,655.412
2851,80,255,1237.213,658.462
2852,45,255,5.656,657.522
2853,48,255,86.000,657.500
2854,90,255,479.756,661.267
2855,44,255,715.591,658.023
2856,58,255,774.845,658.034
2857,87,255,836.443,659.707
2858,35,255,1191.357,656.700
2859,30,255,1532.167,658.500
2860,62,255,1557.774,660.532
2861,64,255,66.312,659.953
2862,51,255,117.069,658.971
2863,80,255,375.312,662.175
2864,89,255,492.320,660.736
2865,100,255,1125.280,660.670
2866,35,255,1597.386,658.586
2867,71,255,785.599,663.373
2868,91,255,922.654,663.115
2869,71,255,219.754,661.852
2870,93,255,271.532,662.296
2871,44,255,297.045,661.682
2872,48,255,630.500,660.646
2873,71,255,934.570,662.049
2874,84,255,1318.036,661.429
2875,44,255,1448.659,661.591
2876,131,255,176.607,665.019
2877,52,255,445.192,662.923
2878,69,255,501.123,664.312
2879,159,255,1145.796,665.657
2880,63,255,1198.548,663.532
2881,60,255,306.667,663.967
2882,158,255,552.475,665.785
2883,26,255,638.077,663.269
2884,60,255,872.733,664.783
2885,99,255,1374.581,665.076
2886,56,255,1258.000,664.643
2887,82,255,1480.585,668.878
2888,25,255,1546.820,664.940
2889,89,255,162.017,669.073
2890,113,255,653.668,667.783
2891,80,255,1048.900,666.950
2892,103,255,1088.306,666.782
2893,74,255,1438.203,667.000
2894,189,255,242.690,669.701
2895,23,255,1425.848,665.891
2896,55,255,52.609,669.336
2897,156,255,138.923,672.564
2898,24,255,192.042,669.542
2899,142,255,325.232,670.113
2900,53,255,436.179,668.519
2901,25,255,739.060,666.700
2902,105,255,764.700,671.319
2903,100,255,909.570,669.940
2904,40,255,520.300,668.000
2905,153,255,607.663,672.147
2906,22,255,943.545,667.591
2907,108,255,1287.843,670.741
2908,48,255,1356.250,668.500
2909,38,255,92.921,669.553
2910,34,255,864.147,669.471
2911,95,255,1109.911,670.384
2912,89,255,74.691,671.815
2913,176,255,410.159,673.562
2914,50,255,494.900,671.040
2915,108,255,1015.139,673.574
2916,24,255,1068.583,669.583
2917,56,255,1406.268,671.107
2918,29,255,621.707,670.466
2919,86,255,363.535,675.628
2920,57,255,822.640,673.518
2921,134,255,1001.179,678.366
2922,69,255,1169.833,673.529
2923,27,255,1183.685,672.130
2924,24,255,338.917,672.833
2925,99,255,681.551,675.551
2926,42,255,271.738,673.833
2927,69,255,459.370,674.486
2928,81,255,1539.031,677.117
2929,75,255,1589.353,675.820
2930,52,255,122.788,676.635
2931,23,255,562.891,674.587
2932,60,255,1194.333,676.067
2933,138,255,32.159,679.551
2934,50,255,202.480,677.180
2935,110,255,444.818,679.227
2936,47,255,699.138,676.819
2937,93,255,1217.532,678.113
2938,81,255,264.636,679.167
2939,42,255,426.238,677.976
2940,92,255,519.750,678.522
2941,52,255,780.731,677.731
2942,46,255,1349.587,677.935
2943,64,255,1573.469,678.250
2944,49,255,542.847,677.949
2945,98,255,849.949,681.378
2946,52,255,1061.596,678.346
2947,100,255,1257.590,680.080
2948,86,255,1458.465,680.733
2949,87,255,622.282,681.224
2950,66,255,649.909,679.833
2951,93,255,1329.102,683.145
2952,95,255,377.795,681.216
2953,71,255,933.683,681.232
2954,64,255,1173.016,681.141
2955,63,255,1551.960,681.802
2956,138,255,47.036,685.819
2957,104,255,114.962,685.231
2958,37,255,185.446,680.932
2959,71,255,581.993,682.134
2960,99,255,718.268,683.237
2961,126,255,948.405,683.913
2962,28,255,232.429,682.036
2963,31,255,1391.048,682.081
2964,53,255,161.651,684.972
2965,59,255,975.314,684.754
2966,86,255,1075.128,684.256
2967,21,255,1111.595,682.452
2968,50,255,1191.280,683.440
2969,40,255,1287.825,682.825
2970,55,255,87.227,684.682
2971,82,255,567.537,685.378
2972,106,255,748.660,687.528
2973,82,255,1346.622,687.829
2974,49,255,1383.173,685.398
2975,68,255,343.221,687.559
2976,54,255,772.889,686.111
2977,43,255,833.570,685.826
2978,68,255,1038.721,686.912
2979,69,255,1121.790,687.732
2980,36,255,1466.472,686.889
2981,55,255,2.645,688.245
2982,37,255,665.770,685.851
2983,32,255,691.500,686.781
2984,49,255,133.112,688.357
2985,71,255,354.162,689.585
2986,41,255,677.963,687.939
2987,44,255,1012.773,688.500
2988,21,255,1532.929,686.881
2989,27,255,169.130,688.241
2990,106,255,380.274,689.906
2991,28,255,603.571,687.571
2992,87,255,917.282,690.316
2993,53,255,1103.292,689.236
2994,55,255,1223.282,689.027
2995,52,255,626.769,689.673
2996,58,255,789.276,690.034
2997,123,255,872.386,693.321
2998,84,255,1590.762,689.560
2999,115,255,505.387,693.613
3000,32,255,216.375,692.344
3001,116,255,257.233,695.690
3002,77,255,302.734,693.032
3003,126,255,490.405,694.508
3004,73,255,524.664,693.089
3005,37,255,662.068,691.743
3006,115,255,810.248,693.378
3007,90,255,1177.922,693.311
3008,41,255,1233.817,691.915
3009,104,255,1285.933,692.202
3010,45,255,95.744,692.611
3011,52,255,151.115,692.923
3012,61,255,194.713,693.533
3013,97,255,275.005,694.634
3014,45,255,672.944,693.856
3015,56,255,1245.768,693.089
3016,55,255,1258.300,693.100
3017,29,255,1301.810,692.190
3018,59,255,1369.720,693.432
3019,43,255,406.058,694.430
3020,46,255,448.130,693.478
3021,41,255,1066.549,693.451
3022,100,255,1574.710,695.940
3023,103,255,397.626,698.286
3024,97,255,589.686,697.737
3025,57,255,683.254,696.307
3026,98,255,723.602,696.602
3027,98,255,899.224,696.704
3028,34,255,1398.824,693.853
3029,188,255,242.463,701.213
3030,58,255,989.155,696.448
3031,55,255,1078.627,695.700
3032,109,255,1454.931,696.995
3033,47,255,142.670,697.564
3034,25,255,955.700,696.580
3035,45,255,1004.456,696.922
3036,70,255,1203.171,697.757
3037,138,255,76.739,700.036
3038,72,255,186.986,700.389
3039,24,255,780.167,696.458
3040,50,255,888.480,699.160
3041,87,255,966.718,699.052
3042,76,255,1552.263,698.039
3043,83,255,6.825,700.849
3044,39,255,211.372,698.705
3045,50,255,704.600,699.000
3046,21,255,103.071,699.310
3047,48,255,743.333,699.521
3048,76,255,832.066,701.184
3049,38,255,1395.763,700.184
3050,55,255,1422.391,699.409
3051,38,255,1535.579,700.816
3052,31,255,799.887,700.242
3053,110,255,1360.655,703.282
3054,20,255,1376.400,699.100
3055,20,255,332.250,700.750
3056,174,255,553.862,705.103
3057,83,255,1122.271,703.054
3058,66,255,530.621,703.424
3059,105,255,775.957,706.862
3060,43,255,1063.733,703.174
3061,189,255,47.188,709.659
3062,50,255,133.700,703.960
3063,100,255,634.330,705.300
3064,53,255,864.198,704.387
3065,65,255,930.885,705.192
3066,52,255,995.577,704.500
3067,61,255,1162.434,703.975
3068,26,255,1412.500,703.000
3069,74,255,508.514,706.351
3070,101,255,573.965,705.827
3071,78,255,943.333,705.962
3072,59,255,1595.890,705.008
3073,57,255,24.342,706.658
3074,136,255,372.493,708.059
3075,64,255,602.000,707.609
3076,75,255,695.687,706.593
3077,70,255,909.771,707.386
3078,117,255,1190.996,708.355
3079,83,255,1242.054,706.765
3080,73,255,522.322,709.582
3081,68,255,851.382,707.603
3082,61,255,1076.041,707.402
3083,64,255,1280.500,707.250
3084,20,255,1425.300,706.000
3085,84,255,219.857,708.214
3086,156,255,410.974,712.256
3087,52,255,478.481,707.769
3088,26,255,663.038,707.038
3089,39,255,1108.628,707.731
3090,79,255,1335.133,709.019
3091,154,255,1439.948,710.214
3092,67,255,1473.948,710.082
3093,76,255,121.513,710.263
3094,117,255,201.774,712.030
3095,54,255,289.333,710.352
3096,71,255,619.866,709.880
3097,114,255,793.649,710.939
3098,127,255,1041.059,710.705
3099,122,255,13.631,714.369
3100,28,255,742.821,710.786
3101,45,255,1311.900,710.678
3102,62,255,1011.081,712.097
3103,46,255,1061.522,711.174
3104,44,255,1292.727,711.545
3105,61,255,1403.418,712.008
3106,68,255,1482.721,715.882
3107,58,255,188.310,712.655
3108,89,255,276.185,715.556
3109,91,255,1090.313,714.291
3110,49,255,68.398,713.500
3111,67,255,642.590,714.545
3112,84,255,876.417,714.750
3113,86,255,1585.837,716.581
3114,77,255,323.253,715.305
3115,65,255,492.685,715.038
3116,53,255,813.632,714.406
3117,40,255,1180.675,714.900
3118,62,255,1545.371,715.452
3119,38,255,1597.237,714.737
3120,98,255,160.449,718.357
3121,55,255,586.864,716.336
3122,41,255,727.427,715.305
3123,30,255,918.800,715.133
3124,82,255,1386.317,719.683
3125,90,255,106.489,718.744
3126,69,255,526.746,718.210
3127,105,255,1370.586,719.424
3128,83,255,624.175,718.163
3129,61,255,893.139,717.959
3130,28,255,994.857,717.036
3131,44,255,129.227,718.500
3132,89,255,259.882,720.365
3133,71,255,356.768,719.345
3134,24,255,478.375,717.292
3135,60,255,757.950,719.100
3136,78,255,825.321,719.910
3137,81,255,1076.019,719.611
3138,115,255,1112.004,721.248
3139,74,255,1209.176,720.041
3140,52,255,1228.038,718.962
3141,28,255,1277.143,717.857
3142,67,255,716.500,720.515
3143,81,255,908.463,721.302
3144,34,255,938.382,719.324
3145,75,255,1132.033,721.153
3146,67,255,1161.933,721.649
3147,76,255,685.382,722.434
3148,66,255,1017.167,722.015
3149,61,255,1312.156,721.418
3150,94,255,1334.223,723.074
3151,48,255,1419.646,721.312
3152,120,255,332.475,726.292
3153,49,255,419.276,723.541
3154,43,255,944.733,722.802
3155,60,255,1056.783,723.367
3156,22,255,1358.545,721.227
3157,76,255,547.987,724.579
3158,56,255,809.393,724.232
3159,34,255,859.618,723.000
3160,54,255,980.111,723.889
3161,86,255,4.384,726.558
3162,69,255,461.094,726.529
3163,70,255,560.914,725.486
3164,61,255,749.910,726.484
3165,66,255,1266.379,725.182
3166,23,255,1529.717,724.196
3167,130,255,74.438,729.215
3168,107,255,171.136,728.164
3169,22,255,474.500,724.682
3170,122,255,1030.902,726.607
3171,142,255,46.021,730.070
3172,46,255,121.391,726.870
3173,24,255,288.292,725.750
3174,63,255,661.833,726.373
3175,61,255,1182.795,726.533
3176,76,255,140.092,731.434
3177,41,255,241.744,727.329
3178,58,255,275.828,728.172
3179,128,255,365.195,731.422
3180,119,255,504.811,729.542
3181,48,255,1455.938,727.958
3182,71,255,1560.711,728.838
3183,73,255,208.404,729.610
3184,30,255,1491.833,727.933
3185,75,255,348.300,731.127
3186,70,255,393.386,729.400
3187,43,255,632.221,728.826
3188,49,255,1144.235,729.541
3189,44,255,1235.023,728.886
3190,26,255,1358.308,728.577
3191,65,255,1406.223,730.562
3192,71,255,925.261,732.232
3193,38,255,1326.026,729.974
3194,43,255,1573.663,730.174
3195,134,255,1586.530,734.396
3196,58,255,452.172,730.776
3197,77,255,828.604,732.461
3198,114,255,1049.825,733.395
3199,47,255,1298.968,733.096
3200,33,255,157.076,733.439
3201,104,255,256.279,736.058
3202,42,255,1104.929,734.167
3203,80,255,1158.025,734.400
3204,49,255,1308.378,734.357
3205,32,255,1384.250,732.781
3206,20,255,1477.200,733.300
3207,60,255,25.050,735.150
3208,48,255,600.688,734.000
3209,60,255,814.583,735.300
3210,53,255,898.991,734.915
3211,48,255,1279.917,735.125
3212,94,255,194.340,737.840
3213,73,255,550.432,736.267
3214,73,255,765.473,737.130
3215,50,255,874.380,735.820
3216,49,255,1342.031,737.337
3217,48,255,1426.521,735.333
3218,45,255,1466.700,735.256
3219,81,255,724.043,738.130
3220,61,255,1352.500,737.648
3221,119,255,1487.643,739.878
3222,27,255,614.537,736.611
3223,134,255,95.978,741.381
3224,75,255,317.327,740.087
3225,32,255,415.344,737.875
3226,56,255,705.625,738.643
3227,64,255,744.375,739.438
3228,159,255,884.594,744.204
3229,53,255,1221.443,739.406
3230,72,255,1235.069,739.236
3231,52,255,1247.981,739.288
3232,26,255,1514.962,738.654
3233,99,255,62.934,742.470
3234,56,255,963.625,740.304
3235,77,255,459.188,740.786
3236,75,255,563.313,742.033
3237,69,255,583.630,741.688
3238,52,255,1144.423,740.231
3239,99,255,1195.520,742.348
3240,69,255,1436.630,741.080
3241,43,255,1506.756,740.384
3242,67,255,492.037,742.784
3243,121,255,270.136,745.426
3244,36,255,369.694,742.833
3245,103,255,394.160,744.587
3246,55,255,502.191,744.264
3247,63,255,783.294,743.024
3248,51,255,906.578,743.716
3249,41,255,236.793,744.061
3250,83,255,681.572,745.283
3251,59,255,795.771,744.449
3252,26,255,927.423,743.192
3253,68,255,135.368,746.250
3254,48,255,171.500,745.000
3255,60,255,220.617,744.567
3256,65,255,1059.562,744.469
3257,27,255,1166.389,744.315
3258,66,255,1178.015,745.424
3259,31,255,1260.403,743.629
3260,55,255,1393.664,744.427
3261,129,255,1451.926,747.903
3262,59,255,14.941,746.212
3263,39,255,824.859,745.397
3264,87,255,970.397,748.305
3265,52,255,1099.308,745.712
3266,25,255,1534.420,744.620
3267,51,255,1561.069,745.402
3268,120,255,665.525,749.683
3269,23,255,1005.152,744.978
3270,88,255,696.227,749.318
3271,34,255,813.647,747.088
3272,20,255,74.550,747.400
3273,58,255,147.310,749.138
3274,61,255,899.549,749.795
3275,82,255,1128.488,750.512
3276,56,255,209.464,751.643
3277,78,255,252.987,752.692
3278,120,255,404.500,752.433
3279,39,255,1140.090,750.244
3280,107,255,299.407,752.977
3281,54,255,355.981,751.111
3282,52,255,370.077,750.769
3283,37,255,1043.338,750.257
3284,49,255,1377.847,750.337
3285,77,255,1577.006,751.760
3286,46,255,55.609,752.130
3287,81,255,516.080,753.623
3288,66,255,1026.333,752.061
3289,56,255,273.375,753.518
3290,30,255,601.167,751.700
3291,48,255,933.333,753.604
3292,74,255,945.541,753.608
3293,88,255,73.807,755.193
3294,51,255,344.069,754.206
3295,26,255,984.846,752.731
3296,31,255,1065.500,753.081
3297,44,255,1302.500,754.045
3298,55,255,1424.082,753.227
3299,53,255,21.934,754.934
3300,82,255,106.451,756.878
3301,152,255,186.671,758.461
3302,49,255,244.704,755.316
3303,43,255,336.314,755.593
3304,107,255,469.818,756.556
3305,55,255,576.718,755.591
3306,68,255,614.368,755.544
3307,51,255,769.147,753.873
3308,79,255,1003.348,755.120
3309,91,255,1230.621,756.049
3310,35,255,1406.586,753.929
3311,62,255,1470.145,754.629
3312,37,255,153.743,755.392
3313,36,255,433.444,755.667
3314,159,255,643.519,760.462
3315,107,255,1246.182,757.846
3316,55,255,1327.355,755.500
3317,59,255,1538.314,756.517
3318,52,255,419.885,757.038
3319,43,255,527.430,757.105
3320,32,255,565.844,756.750
3321,37,255,957.203,756.176
3322,60,255,990.367,757.783
3323,66,255,1176.682,756.727
3324,66,255,95.182,759.045
3325,55,255,221.227,757.882
3326,80,255,861.962,758.538
3327,62,255,1194.871,758.306
3328,44,255,1259.409,757.091
3329,54,255,326.407,759.000
3330,68,255,723.265,759.618
3331,57,255,1054.482,758.535
3332,59,255,32.381,762.076
3333,74,255,234.365,762.149
3334,51,255,287.167,761.265
3335,22,255,364.409,759.591
3336,65,255,1134.131,761.223
3337,52,255,1271.635,761.096
3338,87,255,1350.500,761.408
3339,62,255,1370.597,761.774
3340,150,255,1590.300,763.720
3341,76,255,13.842,763.605
3342,28,255,171.179,760.929
3343,35,255,533.157,760.929
3344,67,255,744.425,762.187
3345,89,255,896.601,764.770
3346,45,255,1311.144,761.767
3347,61,255,1391.418,762.746
3348,83,255,1414.295,762.416
3349,67,255,70.067,763.351
3350,48,255,319.500,764.625
3351,68,255,440.397,765.029
3352,62,255,452.629,764.258
3353,87,255,499.144,764.994
3354,54,255,774.167,762.333
3355,32,255,1453.812,762.031
3356,55,255,549.882,764.682
3357,66,255,846.636,764.773
3358,57,255,1295.728,763.184
3359,66,255,1522.455,763.955
3360,46,255,709.174,764.848
3361,61,255,1151.008,764.730
3362,20,255,1337.300,763.950
3363,64,255,1443.188,765.703
3364,112,255,377.991,768.188
3365,48,255,622.333,766.229
3366,30,255,825.767,765.067
3367,28,255,909.250,765.250
3368,62,255,921.000,766.806
3369,32,255,1383.469,765.188
3370,104,255,1479.250,767.385
3371,78,255,1560.026,766.564
3372,21,255,251.119,764.929
3373,23,255,406.413,765.065
3374,87,255,1180.316,769.052
3375,28,255,477.643,767.071
3376,56,255,1080.268,770.143
3377,50,255,1538.180,767.480
3378,146,255,200.459,773.288
3379,108,255,304.806,770.843
3380,58,255,950.207,768.707
3381,80,255,1066.312,769.788
3382,34,255,1228.882,768.529
3383,43,255,1282.663,768.407
3384,24,255,1576.583,767.583
3385,68,255,102.559,770.529
3386,35,255,276.557,769.557
3387,45,255,541.389,770.433
3388,58,255,1108.759,770.052
3389,54,255,1196.167,769.611
3390,72,255,1328.611,771.139
3391,62,255,54.097,771.532
3392,20,255,175.550,769.400
3393,59,255,337.229,770.890
3394,63,255,980.167,770.881
3395,69,255,1041.703,770.920
3396,81,255,266.315,773.549
3397,81,255,401.809,772.636
3398,92,255,607.685,774.000
3399,70,255,674.629,772.686
3400,70,255,930.371,773.329
3401,88,255,1022.250,773.284
3402,48,255,1130.646,771.750
3403,49,255,1218.296,772.337
3404,60,255,120.583,773.000
3405,57,255,715.746,774.658
3406,47,255,749.521,773.074
3407,98,255,1503.653,775.449
3408,22,255,5.000,773.000
3409,42,255,689.571,773.310
3410,45,255,705.233,773.789
3411,66,255,1100.515,775.091
3412,59,255,1370.669,774.144
3413,61,255,1408.418,775.156
3414,71,255,163.627,775.120
3415,48,255,247.146,777.792
3416,53,255,285.670,775.198
3417,80,255,364.962,776.125
3418,37,255,420.095,774.176
3419,30,255,431.567,774.567
3420,60,255,661.583,775.067
3421,72,255,816.681,775.722
3422,106,255,1002.217,775.274
3423,28,255,1089.679,774.857
3424,24,255,1269.958,774.000
3425,43,255,1530.942,773.919
3426,86,255,27.419,777.244
3427,65,255,572.838,777.054
3428,47,255,592.798,775.947
3429,75,255,642.980,776.287
3430,70,255,761.757,776.286
3431,45,255,1247.900,775.678
3432,58,255,1348.517,775.655
3433,66,255,1489.303,776.364
3434,29,255,131.638,776.086
3435,22,255,413.182,775.636
3436,71,255,534.035,778.782
3437,41,255,352.695,778.256
3438,66,255,1571.485,778.136
3439,113,255,143.367,781.580
3440,40,255,1198.425,778.600
3441,56,255,1447.536,779.286
3442,89,255,221.803,782.601
3443,36,255,290.972,780.306
3444,42,255,450.833,779.619
3445,45,255,843.722,780.211
3446,45,255,1054.322,779.389
3447,80,255,1229.950,782.163
3448,48,255,682.229,780.896
3449,60,255,871.283,781.700
3450,96,255,1158.135,781.281
3451,136,255,1434.882,785.610
3452,121,255,791.475,784.343
3453,31,255,1238.661,781.887
3454,121,255,1274.244,783.062
3455,89,255,1552.534,783.601
3456,103,255,466.199,784.277
3457,68,255,550.132,783.750
3458,73,255,727.459,783.418
3459,96,255,1174.792,784.875
3460,58,255,1340.500,783.466
3461,59,255,1513.890,783.110
3462,35,255,114.471,783.043
3463,52,255,1124.615,783.885
3464,41,255,1324.915,783.793
3465,68,255,1386.103,783.897
3466,36,255,1412.722,783.222
3467,106,255,181.642,786.330
3468,97,255,230.077,789.428
3469,39,255,306.885,783.833
3470,60,255,340.383,785.100
3471,48,255,386.250,783.896
3472,125,255,698.716,786.476
3473,24,255,739.583,783.583
3474,64,255,882.297,785.688
3475,69,255,960.949,784.891
3476,75,255,406.633,788.193
3477,55,255,500.627,785.864
3478,72,255,567.833,786.472
3479,70,255,659.086,786.529
3480,50,255,975.860,785.840
3481,36,255,998.583,785.139
3482,100,255,1246.420,789.780
3483,30,255,1302.800,785.700
3484,62,255,1368.694,786.048
3485,47,255,986.053,787.372
3486,66,255,1310.545,787.621
3487,41,255,1405.451,786.793
3488,29,255,1526.293,785.948
3489,80,255,42.763,789.000
3490,64,255,854.906,789.906
3491,52,255,1098.327,788.115
3492,28,255,1496.714,786.321
3493,53,255,610.085,788.726
3494,142,255,1034.718,792.204
3495,49,255,1462.827,788.276
3496,35,255,356.986,788.786
3497,38,255,423.711,789.605
3498,73,255,673.993,790.322
3499,42,255,772.000,790.000
3500,83,255,1195.066,791.066
3501,98,255,14.633,792.643
3502,115,255,89.743,793.300
3503,83,255,167.114,792.235
3504,77,255,311.643,792.058
3505,40,255,1068.450,790.550
3506,23,255,2.674,790.935
3507,74,255,115.000,792.541
3508,120,255,1053.817,794.142
3509,105,255,1113.938,792.805
3510,37,255,1130.959,791.041
3511,46,255,1143.239,791.130
3512,73,255,1218.610,792.500
3513,24,255,1456.208,791.292
3514,76,255,384.882,792.895
3515,74,255,641.527,793.730
3516,42,255,761.095,792.190
3517,84,255,1333.726,793.929
3518,44,255,1516.727,792.477
3519,63,255,1591.960,792.849
3520,37,255,686.851,793.149
3521,54,255,815.259,794.148
3522,35,255,897.671,793.871
3523,100,255,1256.320,797.390
3524,74,255,1540.689,795.189
3525,77,255,54.279,795.942
3526,79,255,487.627,795.715
3527,32,255,517.125,794.688
3528,68,255,597.309,795.868
3529,26,255,882.577,795.115
3530,166,255,203.831,801.199
3531,35,255,254.529,796.386
3532,104,255,440.279,799.788
3533,103,255,740.898,797.772
3534,31,255,905.758,795.984
3535,45,255,923.411,796.033
3536,33,255,1152.924,796.167
3537,53,255,1268.802,797.009
3538,89,255,1280.635,799.084
3539,92,255,1509.739,799.739
3540,74,255,725.230,798.378
3541,51,255,1099.245,797.324
3542,50,255,332.080,798.620
3543,72,255,583.708,799.667
3544,61,255,956.008,799.762
3545,60,255,1131.017,799.050
3546,87,255,1389.799,800.178
3547,70,255,1575.329,799.286
3548,33,255,303.470,799.470
3549,83,255,574.127,801.705
3550,33,255,692.258,799.682
3551,105,255,970.433,801.719
3552,54,255,1460.556,799.926
3553,74,255,1474.392,801.865
3554,64,255,346.000,801.000
3555,98,255,363.367,802.224
3556,59,255,467.415,801.144
3557,34,255,1370.147,800.000
3558,115,255,1416.787,803.039
3559,28,255,1483.393,800.607
3560,42,255,476.571,801.810
3561,63,255,517.024,801.706
3562,61,255,535.385,802.713
3563,25,255,820.020,801.300
3564,58,255,1525.845,801.224
3565,77,255,260.773,803.669
3566,46,255,603.565,802.435
3567,93,255,660.511,805.188
3568,77,255,801.149,803.682
3569,52,255,1022.385,803.519
3570,40,255,1079.150,802.625
3571,34,255,1292.088,802.000
3572,66,255,118.152,804.985
3573,127,255,416.098,807.004
3574,51,255,1008.755,803.480
3575,34,255,1435.500,803.000
3576,30,255,310.133,804.133
3577,101,255,787.015,806.569
3578,56,255,881.357,804.875
3579,64,255,935.812,805.062
3580,32,255,1090.500,804.406
3581,36,255,1208.778,804.278
3582,67,255,1234.291,805.142
3583,59,255,1345.585,804.873
3584,57,255,1591.763,804.447
3585,55,255,93.482,806.209
3586,44,255,128.068,806.636
3587,69,255,176.761,807.935
3588,71,255,379.232,807.937
3589,109,255,902.766,810.289
3590,38,255,1035.789,806.237
3591,130,255,1553.815,810.408
3592,96,255,23.719,808.354
3593,50,255,47.180,810.020
3594,101,255,158.550,808.688
3595,55,255,219.845,807.718
3596,109,255,328.197,811.362
3597,43,255,689.593,807.709
3598,46,255,1057.957,807.674
3599,46,255,1338.087,808.261
3600,64,255,492.328,809.438
3601,71,255,558.979,809.162
3602,117,255,731.594,810.218
3603,64,255,826.391,808.938
3604,49,255,477.031,809.684
3605,50,255,867.120,810.080
3606,71,255,1158.585,810.754
3607,54,255,1191.796,809.704
3608,52,255,1219.904,810.538
3609,48,255,73.083,811.292
3610,52,255,503.577,810.750
3611,36,255,614.639,809.889
3612,48,255,853.979,810.396
3613,52,255,1363.865,811.577
3614,44,255,1291.386,811.000
3615,62,255,1574.758,811.984
3616,53,255,59.972,813.009
3617,77,255,1487.656,813.253
3618,44,255,929.182,813.159
3619,103,255,1122.500,816.956
3620,49,255,1209.520,814.337
3621,63,255,300.532,815.310
3622,70,255,605.000,815.429
3623,69,255,749.920,815.138
3624,47,255,838.436,814.223
3625,39,255,918.321,814.859
3626,47,255,1278.862,814.840
3627,101,255,1375.134,817.530
3628,115,255,1447.726,817.813
3629,106,255,1461.491,817.330
3630,63,255,90.675,816.595
3631,51,255,443.755,815.324
3632,55,255,683.045,816.664
3633,20,255,707.000,815.000
3634,28,255,773.179,816.357
3635,52,255,807.327,815.385
3636,62,255,1070.516,816.565
3637,47,255,1346.649,815.309
3638,52,255,1585.846,815.538
3639,97,255,222.356,818.634
3640,86,255,646.884,817.593
3641,66,255,667.000,817.152
3642,82,255,879.317,818.293
3643,45,255,1001.678,816.522
3644,58,255,1057.845,816.448
3645,46,255,1524.826,816.913
3646,103,255,34.471,819.840
3647,62,255,564.613,818.452
3648,62,255,1014.419,818.452
3649,68,255,1267.647,818.559
3650,79,255,517.728,819.829
3651,65,255,1028.162,820.131
3652,94,255,1090.404,819.149
3653,90,255,1325.467,819.744
3654,43,255,237.616,819.616
3655,114,255,427.991,822.149
3656,22,255,623.318,819.000
3657,112,255,1045.839,823.429
3658,84,255,1107.845,823.238
3659,45,255,1133.211,819.856
3660,68,255,1295.500,820.000
3661,35,255,22.043,820.271
3662,139,255,110.097,824.723
3663,88,255,1146.568,821.943
3664,46,255,1427.500,820.174
3665,112,255,537.759,823.884
3666,50,255,552.360,821.740
3667,24,255,1.875,822.042
3668,36,255,75.500,822.306
3669,65,255,394.500,823.746
3670,71,255,588.937,823.401
3671,31,255,726.952,821.790
3672,67,255,786.157,823.201
3673,44,255,948.136,822.341
3674,70,255,960.086,823.886
3675,77,255,972.799,823.019
3676,21,255,1254.881,821.976
3677,44,255,61.364,824.114
3678,88,255,163.864,825.648
3679,46,255,631.717,823.891
3680,48,255,736.771,823.750
3681,31,255,843.242,822.952
3682,26,255,856.308,823.308
3683,97,255,1393.057,826.397
3684,56,255,1410.125,823.536
3685,56,255,1484.071,823.500
3686,103,255,142.704,826.500
3687,44,255,277.932,825.682
3688,80,255,336.875,826.450
3689,50,255,931.180,824.480
3690,61,255,1186.041,824.549
3691,53,255,1208.330,824.991
3692,38,255,1531.947,824.237
3693,47,255,262.649,826.053
3694,81,255,493.105,826.846
3695,52,255,1226.558,825.442
3696,24,255,153.458,826.833
3697,30,255,698.667,826.567
3698,26,255,97.308,826.500
3699,49,255,638.561,827.663
3700,30,255,665.400,826.200
3701,133,255,324.613,834.560
3702,96,255,348.542,831.385
3703,128,255,685.484,830.586
3704,45,255,1501.211,828.411
3705,77,255,199.279,830.461
3706,111,255,362.932,832.149
3707,67,255,568.933,831.022
3708,66,255,616.530,829.939
3709,38,255,712.289,829.605
3710,20,255,820.000,828.100
3711,68,255,877.882,830.088
3712,95,255,1077.616,830.742
3713,52,255,1347.673,829.615
3714,22,255,1370.318,828.000
3715,43,255,1544.640,828.919
3716,84,255,1560.548,830.512
3717,65,255,989.208,830.977
3718,90,255,1244.822,832.244
3719,75,255,1306.567,831.260
3720,52,255,1581.173,830.827
3721,46,255,1593.761,830.696
3722,109,255,216.839,834.362
3723,61,255,463.992,832.008
3724,24,255,798.833,830.500
3725,99,255,831.500,834.187
3726,117,255,941.902,834.491
3727,64,255,1119.812,832.359
3728,46,255,1420.348,832.022
3729,48,255,1429.521,832.604
3730,29,255,1490.190,831.052
3731,70,255,45.614,833.743
3732,44,255,284.977,832.182
3733,42,255,376.214,833.000
3734,118,255,549.195,836.644
3735,45,255,722.811,832.544
3736,33,255,911.167,831.985
3737,47,255,976.202,832.457
3738,58,255,1266.431,832.931
3739,22,255,1448.591,831.409
3740,64,255,1529.594,833.047
3741,63,255,383.849,834.675
3742,125,255,594.892,835.980
3743,49,255,921.929,833.561
3744,73,255,1278.062,835.527
3745,50,255,1474.720,833.660
3746,23,255,10.630,834.283
3747,101,255,647.510,836.728
3748,36,255,900.917,834.194
3749,45,255,1155.811,834.544
3750,46,255,1168.109,834.848
3751,53,255,1362.387,834.481
3752,20,255,1440.550,833.750
3753,59,255,1463.042,834.602
3754,67,255,21.679,836.500
3755,38,255,89.132,835.237
3756,70,255,524.743,837.414
3757,73,255,769.240,837.007
3758,39,255,814.808,835.269
3759,30,255,1372.867,834.333
3760,91,255,1021.335,838.918
3761,52,255,1098.654,837.327
3762,30,255,1177.767,835.833
3763,23,255,153.891,836.717
3764,71,255,167.373,838.570
3765,28,255,264.714,836.679
3766,71,255,422.627,838.951
3767,35,255,514.129,837.729
3768,34,255,754.912,836.529
3769,33,255,1216.894,836.985
3770,57,255,661.588,838.693
3771,33,255,865.167,838.742
3772,55,255,1545.264,839.009
3773,52,255,407.558,839.615
3774,68,255,1321.221,840.456
3775,43,255,1511.826,839.453
3776,29,255,1571.810,838.914
3777,35,255,98.871,840.329
3778,114,255,239.640,843.211
3779,23,255,281.109,839.283
3780,47,255,956.926,840.819
3781,58,255,1038.155,840.483
3782,51,255,1559.951,840.147
3783,61,255,186.680,841.926
3784,78,255,338.218,843.372
3785,48,255,466.312,841.938
3786,51,255,532.010,842.167
3787,63,255,728.484,842.071
3788,48,255,760.292,844.271
3789,27,255,788.611,841.574
3790,59,255,900.924,841.534
3791,60,255,966.983,842.233
3792,57,255,1084.781,841.904
3793,161,255,613.407,846.780
3794,39,255,1122.654,842.603
3795,58,255,1188.845,842.586
3796,29,255,1583.328,841.672
3797,83,255,260.380,845.163
3798,46,255,504.413,843.696
3799,106,255,1207.198,846.811
3800,53,255,1429.632,843.689
3801,57,255,1447.079,843.360
3802,121,255,140.293,848.459
3803,68,255,196.191,846.500
3804,34,255,978.706,844.412
3805,54,255,988.815,844.981
3806,88,255,1244.682,845.807
3807,68,255,1462.868,845.059
3808,139,255,117.644,848.493
3809,52,255,474.750,846.346
3810,36,255,912.556,845.417
3811,46,255,1168.609,845.522
3812,81,255,1267.451,847.414
3813,31,255,375.435,845.855
3814,37,255,383.932,846.392
3815,63,255,629.722,847.738
3816,56,255,813.946,847.482
3817,64,255,846.641,847.141
3818,136,255,1287.449,847.684
3819,70,255,1519.614,847.671
3820,56,255,286.696,848.250
3821,78,255,748.154,848.821
3822,117,255,797.637,849.731
3823,97,255,1144.778,849.768
3824,42,255,1500.524,847.167
3825,66,255,308.621,849.621
3826,38,255,590.526,847.868
3827,93,255,664.532,850.608
3828,134,255,1047.112,851.873
3829,39,255,1072.628,847.859
3830,33,255,1399.348,847.621
3831,36,255,65.000,849.000
3832,77,255,222.396,850.682
3833,57,255,832.500,850.746
3834,23,255,1384.109,848.152
3835,69,255,1409.790,851.297
3836,64,255,1547.031,849.891
3837,78,255,1576.987,851.090
3838,64,255,51.547,851.734
3839,58,255,1102.776,851.017
3840,54,255,1131.537,850.630
3841,123,255,1338.167,852.923
3842,62,255,1425.581,852.548
3843,27,255,84.907,850.574
3844,79,255,553.373,852.272
3845,70,255,718.757,852.057
3846,37,255,820.041,851.581
3847,76,255,1217.947,853.276
3848,48,255,1232.125,852.292
3849,63,255,695.548,853.373
3850,64,255,779.219,853.250
3851,94,255,859.574,855.149
3852,46,255,1089.152,852.457
3853,45,255,1153.211,852.656
3854,60,255,180.483,853.400
3855,107,255,367.958,855.771
3856,69,255,459.428,853.993
3857,53,255,893.594,853.670
3858,45,255,996.078,853.944
3859,51,255,1003.814,853.657
3860,65,255,1186.208,854.838
3861,31,255,1447.371,853.532
3862,54,255,69.000,855.000
3863,101,255,325.807,855.530
3864,55,255,383.191,855.373
3865,38,255,493.316,854.079
3866,53,255,878.387,854.594
3867,47,255,1299.840,855.351
3868,71,255,1472.838,855.345
3869,65,255,242.577,856.531
3870,54,255,278.889,855.889
3871,28,255,293.821,855.071
3872,75,255,407.327,856.367
3873,50,255,654.060,856.560
3874,45,255,907.211,855.322
3875,49,255,915.929,855.459
3876,38,255,933.289,856.053
3877,63,255,1170.056,855.659
3878,50,255,435.240,856.960
3879,40,255,517.050,855.775
3880,81,255,1025.895,857.932
3881,30,255,1482.033,855.833
3882,48,255,265.521,858.125
3883,60,255,571.883,857.900
3884,48,255,591.979,857.542
3885,114,255,962.289,860.447
3886,39,255,1531.474,857.346
3887,46,255,201.370,859.022
3888,31,255,233.339,858.952
3889,185,255,347.030,861.603
3890,33,255,986.530,858.318
3891,35,255,1132.443,857.929
3892,53,255,1272.462,860.217
3893,45,255,1309.256,859.522
3894,37,255,1594.176,858.392
3895,46,255,313.783,860.348
3896,25,255,580.540,858.900
3897,57,255,91.974,861.886
3898,51,255,641.637,860.461
3899,91,255,755.852,861.577
3900,58,255,799.362,861.190
3901,52,255,1099.808,861.385
3902,23,255,1160.717,859.630
3903,54,255,1284.981,860.204
3904,54,255,1417.648,861.852
3905,39,255,510.885,863.192
3906,60,255,529.433,863.550
3907,74,255,548.446,864.122
3908,39,255,1088.577,862.064
3909,59,255,1113.059,862.449
3910,29,255,1125.190,861.741
3911,84,255,1263.226,864.214
3912,58,255,1375.638,863.138
3913,52,255,6.250,864.019
3914,71,255,115.232,863.838
3915,166,255,133.145,867.940
3916,49,255,145.806,863.847
3917,110,255,174.809,864.336
3918,62,255,770.952,863.903
3919,42,255,1350.857,862.905
3920,43,255,1536.523,863.360
3921,71,255,209.021,865.697
3922,57,255,477.623,864.588
3923,47,255,683.670,864.628
3924,83,255,739.693,866.440
3925,37,255,1065.689,864.365
3926,51,255,1075.951,865.147
3927,54,255,1202.648,864.963
3928,40,255,1235.000,864.825
3929,136,255,1457.566,867.934
3930,118,255,1506.873,867.559
3931,70,255,295.486,867.129
3932,51,255,412.716,866.245
3933,47,255,456.479,865.798
3934,110,255,696.445,867.991
3935,53,255,873.594,866.368
3936,25,255,923.300,864.020
3937,63,255,1173.802,865.643
3938,61,255,1548.861,865.713
3939,63,255,39.198,868.087
3940,81,255,442.586,868.204
3941,57,255,560.061,868.009
3942,85,255,914.171,868.865
3943,31,255,980.597,865.823
3944,72,255,1147.208,867.181
3945,96,255,1218.000,869.125
3946,50,255,64.480,868.180
3947,61,255,424.254,868.893
3948,44,255,660.023,867.636
3949,162,255,829.481,870.852
3950,37,255,993.608,867.284
3951,60,255,1331.683,867.817
3952,53,255,1487.764,866.934
3953,38,255,1562.868,867.132
3954,96,255,157.479,871.490
3955,37,255,575.392,868.095
3956,110,255,590.482,869.300
3957,94,255,846.553,871.255
3958,30,255,884.933,868.433
3959,27,255,928.611,868.130
3960,34,255,1365.765,868.147
3961,71,255,1439.458,869.373
3962,75,255,1524.380,871.073
3963,77,255,311.422,870.045
3964,64,255,392.656,870.125
3965,62,255,626.952,869.935
3966,98,255,77.316,872.357
3967,108,255,271.139,872.426
3968,62,255,672.129,871.532
3969,145,255,942.652,874.893
3970,96,255,245.167,874.510
3971,76,255,610.592,871.829
3972,50,255,641.220,871.820
3973,36,255,718.000,871.639
3974,53,255,804.972,871.934
3975,39,255,1123.372,870.321
3976,26,255,1423.808,870.885
3977,46,255,1571.087,871.239
3978,69,255,1590.036,872.326
3979,79,255,19.437,874.411
3980,71,255,233.725,875.021
3981,65,255,329.392,873.623
3982,80,255,543.163,874.312
3983,46,255,772.804,872.543
3984,27,255,858.796,872.056
3985,116,255,1033.190,876.733
3986,45,255,1087.278,872.033
3987,32,255,1344.469,871.250
3988,95,255,367.458,875.405
3989,61,255,492.549,873.746
3990,70,255,755.714,874.186
3991,39,255,381.859,874.346
3992,46,255,473.630,874.413
3993,26,255,663.154,873.654
3994,62,255,1135.452,874.548
3995,50,255,1275.800,874.740
3996,51,255,1287.833,874.559
3997,73,255,1307.500,875.815
3998,65,255,1478.746,875.300
3999,35,255,144.271,876.214
4000,48,255,201.000,875.708
4001,46,255,454.630,875.457
4002,55,255,506.373,875.409
4003,40,255,735.475,875.825
4004,56,255,1049.518,875.518
4005,68,255,1187.206,878.426
4006,48,255,895.792,877.125
4007,40,255,1060.375,876.625
4008,88,255,216.898,880.261
4009,55,255,408.809,879.155
4010,61,255,1384.221,878.402
4011,97,255,1410.655,880.356
4012,53,255,286.236,880.085
4013,39,255,293.603,880.141
4014,31,255,680.952,878.790
4015,94,255,693.234,882.383
4016,36,255,764.000,879.389
4017,87,255,998.580,882.121
4018,25,255,1319.900,878.860
4019,59,255,1450.297,879.924
4020,55,255,1578.027,879.991
4021,142,255,564.331,884.338
4022,44,255,789.500,880.068
4023,30,255,919.433,879.700
4024,59,255,984.669,881.246
4025,63,255,1123.849,881.230
4026,58,255,1166.414,880.741
4027,76,255,1210.618,880.408
4028,43,255,1337.314,881.012
4029,63,255,1359.690,881.659
4030,63,255,1427.802,881.421
4031,67,255,96.500,882.560
4032,53,255,395.085,881.821
4033,38,255,960.395,880.553
4034,86,255,1345.453,883.407
4035,48,255,1557.292,881.250
4036,44,255,625.591,882.932
4037,58,255,636.879,883.017
4038,48,255,1011.125,882.667
4039,61,255,1507.074,882.598
4040,71,255,379.486,883.979
4041,59,255,715.500,883.500
4042,54,255,5.963,884.870
4043,75,255,458.567,887.020
4044,55,255,775.391,884.882
4045,67,255,1307.082,884.978
4046,32,255,323.844,884.719
4047,60,255,508.017,885.517
4048,36,255,727.250,885.083
4049,32,255,862.812,884.625
4050,71,255,889.866,885.697
4051,58,255,1075.190,886.138
4052,110,255,1466.882,888.164
4053,52,255,249.115,888.327
4054,37,255,495.257,886.527
4055,35,255,529.614,886.357
4056,41,255,550.573,887.110
4057,51,255,827.245,886.186
4058,76,255,1051.303,887.053
4059,58,255,1111.845,886.362
4060,40,255,1276.525,886.425
4061,60,255,1537.567,887.917
4062,76,255,186.303,890.829
4063,25,255,346.740,886.460
4064,139,255,431.896,889.968
4065,38,255,605.974,886.711
4066,130,255,47.277,891.638
4067,30,255,837.867,888.000
4068,24,255,1288.000,887.750
4069,41,255,1567.866,888.622
4070,94,255,167.926,892.553
4071,55,255,673.936,890.045
4072,100,255,921.000,890.070
4073,52,255,1163.596,889.923
4074,51,255,1547.912,890.324
4075,76,255,33.592,892.684
4076,81,255,73.957,892.117
4077,57,255,198.325,891.482
4078,29,255,447.500,890.293
4079,71,255,659.599,892.401
4080,40,255,684.625,890.550
4081,68,255,806.794,892.132
4082,49,255,1264.337,890.378
4083,105,255,1321.548,892.329
4084,45,255,1579.189,890.233
4085,40,255,1594.700,890.500
4086,69,255,211.181,892.659
4087,47,255,288.096,891.649
4088,37,255,734.716,892.581
4089,39,255,1004.808,892.192
4090,60,255,1201.917,892.700
4091,102,255,1400.608,893.559
4092,55,255,365.482,893.755
4093,54,255,398.463,894.056
4094,44,255,793.909,893.659
4095,77,255,903.864,894.422
4096,70,255,949.429,894.486
4097,94,255,979.287,896.404
4098,59,255,1225.381,893.703
4099,72,255,1356.917,892.847
4100,101,255,317.629,898.658
4101,70,255,351.714,895.014
4102,47,255,506.500,894.223
4103,76,255,699.500,895.803
4104,33,255,720.924,894.258
4105,41,255,783.476,894.720
4106,109,255,1150.904,896.032
4107,79,255,1245.867,895.361
4108,57,255,1275.325,894.518
4109,46,255,1383.935,894.109
4110,65,255,1420.146,895.238
4111,54,255,1500.556,894.926
4112,84,255,7.476,897.988
4113,70,255,890.014,896.943
4114,54,255,934.704,895.833
4115,71,255,1018.937,895.739
4116,65,255,1051.962,896.146
4117,79,255,1109.184,897.943
4118,132,255,274.591,898.727
4119,64,255,333.484,897.516
4120,62,255,473.516,897.145
4121,63,255,525.897,897.198
4122,75,255,540.047,897.447
4123,48,255,612.104,896.250
4124,60,255,1084.067,896.467
4125,20,255,707.900,896.750
4126,57,255,746.430,897.851
4127,40,255,1096.000,897.075
4128,97,255,87.366,900.407
4129,82,255,176.805,901.390
4130,96,255,301.427,901.021
4131,50,255,994.800,899.180
4132,25,255,1376.380,898.420
4133,34,255,126.088,900.294
4134,96,255,250.094,901.260
4135,20,255,571.000,898.000
4136,91,255,96.786,903.324
4137,36,255,483.194,900.694
4138,38,255,728.000,900.342
4139,131,255,870.492,901.462
4140,40,255,1518.050,900.225
4141,78,255,623.205,902.179
4142,104,255,640.288,903.827
4143,59,255,667.958,901.449
4144,98,255,848.000,902.724
4145,32,255,1036.000,901.906
4146,49,255,1227.724,901.480
4147,73,255,1354.541,902.993
4148,20,255,1454.550,901.050
4149,46,255,937.630,902.652
4150,59,255,1014.890,903.585
4151,66,255,1213.697,904.561
4152,61,255,1330.730,904.057
4153,79,255,1544.880,904.880
4154,38,255,1584.658,902.921
4155,138,255,383.174,909.275
4156,50,255,652.180,905.320
4157,64,255,692.016,908.219
4158,35,255,777.214,904.729
4159,107,255,1188.678,908.033
4160,36,255,1299.500,905.000
4161,83,255,1461.223,908.620
4162,101,255,135.658,909.728
4163,52,255,200.173,907.115
4164,69,255,571.920,907.514
4165,75,255,914.780,907.020
4166,51,255,1123.637,906.284
4167,56,255,1272.964,907.339
4168,74,255,1289.459,907.432
4169,87,255,554.201,908.615
4170,43,255,681.500,907.500
4171,45,255,800.567,907.989
4172,50,255,887.720,908.480
4173,55,255,1145.082,908.318
4174,25,255,1389.700,906.380
4175,53,255,1417.594,909.274
4176,28,255,64.321,907.857
4177,58,255,230.966,909.138
4178,58,255,511.966,909.845
4179,85,255,706.747,908.229
4180,45,255,1081.589,908.144
4181,101,255,1566.272,911.847
4182,63,255,220.516,911.056
4183,41,255,341.841,909.354
4184,64,255,368.547,910.547
4185,35,255,396.786,909.243
4186,103,255,444.189,911.209
4187,59,255,1231.347,909.178
4188,47,255,57.479,910.926
4189,60,255,811.333,911.200
4190,45,255,1251.656,909.900
4191,91,255,1508.731,913.313
4192,70,255,464.386,912.786
4193,93,255,997.317,913.876
4194,58,255,1590.241,912.603
4195,79,255,353.513,913.627
4196,40,255,1401.800,912.675
4197,146,255,1530.267,916.199
4198,65,255,429.946,914.931
4199,45,255,752.611,913.633
4200,34,255,792.853,912.912
4201,34,255,945.676,913.000
4202,26,255,1057.885,913.731
4203,35,255,1378.814,912.843
4204,46,255,1497.609,913.848
4205,98,255,45.000,916.000
4206,64,255,250.125,914.906
4207,55,255,603.736,915.736
4208,28,255,1111.786,913.429
4209,43,255,1264.895,914.174
4210,45,255,1473.344,914.611
4211,42,255,1552.310,914.333
4212,88,255,29.148,917.125
4213,75,255,118.140,917.127
4214,53,255,192.783,915.896
4215,59,255,481.941,915.551
4216,26,255,3.385,915.808
4217,91,255,319.236,917.368
4218,58,255,520.207,917.397
4219,80,255,588.763,916.987
4220,46,255,956.435,917.109
4221,102,255,78.794,921.284
4222,83,255,335.620,919.295
4223,48,255,723.333,917.979
4224,30,255,1229.467,916.900
4225,111,255,94.185,920.392
4226,29,255,410.672,917.362
4227,92,255,566.609,920.228
4228,113,255,742.004,921.102
4229,50,255,911.840,917.920
4230,61,255,928.959,918.451
4231,52,255,1236.808,918.923
4232,70,255,1208.100,919.286
4233,48,255,143.354,921.604
4234,68,255,177.426,921.838
4235,26,255,399.615,920.000
4236,91,255,659.324,922.060
4237,40,255,801.300,920.475
4238,47,255,887.606,919.989
4239,20,255,1082.150,919.150
4240,27,255,1177.648,919.167
4241,103,255,1308.413,921.684
4242,76,255,1333.921,920.855
4243,39,255,151.372,921.603
4244,64,255,199.438,922.531
4245,127,255,302.539,923.579
4246,73,255,630.870,922.212
4247,117,255,778.013,924.816
4248,48,255,1369.500,921.896
4249,62,255,272.758,923.161
4250,68,255,550.309,923.132
4251,80,255,691.962,923.938
4252,24,255,1103.292,921.375
4253,54,255,16.630,924.111
4254,49,255,407.316,924.929
4255,75,255,421.687,925.020
4256,64,255,533.750,923.953
4257,137,255,810.142,927.996
4258,24,255,1165.792,923.333
4259,42,255,1197.357,923.810
4260,62,255,1452.419,923.452
4261,35,255,63.443,924.071
4262,97,255,245.253,927.098
4263,23,255,764.674,923.804
4264,166,255,870.289,930.380
4265,65,255,966.592,924.500
4266,58,255,982.759,924.466
4267,133,255,1013.267,926.643
4268,31,255,1134.919,924.597
4269,57,255,1148.623,924.307
4270,78,255,1224.026,924.910
4271,39,255,1377.551,924.808
4272,31,255,391.145,926.016
4273,40,255,847.950,925.650
4274,84,255,1293.774,927.619
4275,34,255,1349.382,924.882
4276,76,255,1545.882,925.908
4277,63,255,463.278,927.913
4278,28,255,1030.214,925.393
4279,76,255,1082.645,927.105
4280,40,255,48.525,927.825
4281,81,255,224.870,928.167
4282,75,255,280.647,928.807
4283,58,255,642.500,929.000
4284,51,255,1097.657,928.422
4285,89,255,1119.871,928.882
4286,123,255,1178.362,930.500
4287,92,255,704.620,930.370
4288,83,255,828.849,929.982
4289,93,255,28.565,932.113
4290,57,255,441.325,930.377
4291,39,255,516.090,931.090
4292,50,255,588.780,930.840
4293,23,255,859.413,929.717
4294,53,255,1251.991,930.538
4295,42,255,1506.167,929.857
4296,71,255,172.754,932.796
4297,105,255,329.386,933.919
4298,55,255,371.100,932.518
4299,86,255,1154.756,933.047
4300,20,255,1328.800,929.850
4301,78,255,1553.705,933.090
4302,42,255,1586.476,930.429
4303,38,255,2.237,933.395
4304,116,255,490.267,935.172
4305,57,255,555.763,933.360
4306,71,255,892.669,933.162
4307,56,255,962.089,932.696
4308,33,255,1414.348,932.015
4309,24,255,1423.500,931.875
4310,77,255,1571.474,933.630
4311,66,255,206.576,934.424
4312,73,255,341.596,935.486
4313,52,255,752.154,933.904
4314,108,255,934.426,934.630
4315,27,255,312.352,933.759
4316,32,255,597.719,934.562
4317,43,255,1106.081,935.337
4318,25,255,1226.980,933.820
4319,41,255,1407.793,934.451
4320,32,255,1544.000,934.000
4321,22,255,793.364,933.955
4322,159,255,992.456,938.890
4323,52,255,1263.673,936.154
4324,26,255,1439.692,936.231
4325,45,255,294.900,935.989
4326,78,255,617.231,937.295
4327,62,255,1315.290,937.000
4328,93,255,527.962,939.382
4329,52,255,737.404,937.865
4330,67,255,1091.231,938.679
4331,33,255,1598.258,939.076
4332,43,255,226.942,937.942
4333,91,255,541.654,940.621
4334,39,255,654.372,938.141
4335,94,255,668.383,940.191
4336,59,255,725.110,938.975
4337,59,255,1035.110,938.720
4338,71,255,1221.937,939.768
4339,153,255,1284.618,943.337
4340,42,255,1330.643,938.214
4341,46,255,1433.130,938.391
4342,85,255,153.206,942.347
4343,102,255,269.314,941.314
4344,44,255,432.864,939.341
4345,44,255,469.114,939.159
4346,29,255,812.259,939.293
4347,43,255,1376.128,939.779
4348,44,255,1452.545,939.750
4349,50,255,1587.660,939.200
4350,43,255,184.035,941.407
4351,24,255,853.833,939.375
4352,96,255,912.021,942.156
4353,37,255,1080.581,939.959
4354,70,255,1245.400,942.686
4355,63,255,108.929,941.817
4356,23,255,251.891,940.457
4357,98,255,513.684,943.367
4358,44,255,681.341,941.977
4359,70,255,956.200,942.586
4360,45,255,1014.344,942.100
4361,52,255,1069.846,942.385
4362,40,255,1420.000,941.500
4363,26,255,31.077,941.654
4364,63,255,205.452,943.389
4365,119,255,457.693,945.559
4366,56,255,789.304,943.125
4367,32,255,1537.219,942.000
4368,55,255,406.627,943.809
4369,34,255,439.324,943.294
4370,60,255,583.650,944.583
4371,60,255,599.883,943.700
4372,57,255,819.219,943.904
4373,71,255,896.458,944.908
4374,27,255,1507.093,941.944
4375,108,255,1045.806,948.139
4376,40,255,1341.925,945.900
4377,50,255,1463.600,944.920
4378,155,255,86.687,947.726
4379,98,255,389.490,948.633
4380,32,255,941.844,945.344
4381,35,255,1138.186,945.586
4382,40,255,1317.425,944.000
4383,51,255,1389.618,946.088
4384,42,255,1494.000,945.452
4385,22,255,656.864,946.364
4386,28,255,65.714,947.821
4387,32,255,102.344,947.750
4388,88,255,123.023,948.443
4389,67,255,327.425,948.321
4390,41,255,572.598,948.037
4391,45,255,735.411,947.611
4392,29,255,1471.293,946.534
4393,69,255,617.543,948.457
4394,29,255,1058.776,947.914
4395,75,255,23.807,951.340
4396,35,255,646.471,948.929
4397,44,255,1076.386,949.682
4398,45,255,1126.056,949.211
4399,57,255,1559.342,949.833
4400,66,255,222.818,951.788
4401,53,255,311.708,950.877
4402,53,255,502.292,951.028
4403,66,255,682.909,951.000
4404,73,255,918.171,951.623
4405,39,255,982.167,949.603
4406,25,255,1377.180,949.140
4407,28,255,1504.607,949.536
4408,29,255,1.983,951.914
4409,95,255,293.247,953.321
4410,170,255,367.818,954.553
4411,38,255,1153.947,952.447
4412,36,255,1549.583,951.028
4413,52,255,134.385,953.615
4414,118,255,716.492,954.771
4415,37,255,746.446,952.608
4416,79,255,765.563,953.158
4417,63,255,777.929,953.881
4418,66,255,883.212,953.227
4419,43,255,1307.709,952.105
4420,62,255,934.613,953.016
4421,41,255,1116.915,953.256
4422,131,255,177.019,955.492
4423,56,255,494.125,955.911
4424,69,255,809.268,955.457
4425,58,255,1086.138,954.552
4426,35,255,1422.100,953.957
4427,27,255,1526.648,953.389
4428,77,255,274.032,957.058
4429,48,255,600.583,955.646
4430,31,255,904.500,954.855
4431,62,255,1100.048,955.435
4432,52,255,1205.596,956.250
4433,68,255,1217.147,956.706
4434,41,255,1475.012,955.695
4435,62,255,200.403,957.677
4436,52,255,351.212,957.154
4437,62,255,624.484,956.597
4438,32,255,819.938,955.812
4439,44,255,1382.614,956.750
4440,93,255,1457.801,959.511
4441,51,255,1519.833,958.049
4442,125,255,434.980,959.324
4443,86,255,520.779,958.965
4444,31,255,1032.500,957.661
4445,26,255,1163.192,957.000
4446,42,255,1365.714,958.000
4447,54,255,83.963,958.444
4448,32,255,752.781,958.188
4449,53,255,1018.406,958.613
4450,35,255,981.100,958.443
4451,80,255,1184.237,960.075
4452,120,255,1284.600,962.975
4453,74,255,118.797,961.149
4454,40,255,229.175,960.775
4455,110,255,261.782,963.264
4456,27,255,1043.759,959.796
4457,28,255,1058.607,959.321
4458,55,255,1136.591,960.009
4459,54,255,1154.685,960.852
4460,22,255,1492.182,959.318
4461,74,255,247.946,962.797
4462,79,255,571.006,962.120
4463,76,255,786.961,962.697
4464,51,255,901.049,961.049
4465,52,255,1116.731,961.135
4466,49,255,1409.031,961.663
4467,36,255,1576.583,960.750
4468,106,255,30.085,965.443
4469,50,255,108.360,963.640
4470,91,255,150.775,965.368
4471,65,255,948.746,963.085
4472,42,255,1427.833,961.333
4473,37,255,398.689,963.257
4474,48,255,1332.042,963.750
4475,88,255,42.125,966.989
4476,35,255,139.186,964.443
4477,71,255,209.711,967.585
4478,41,255,661.598,964.085
4479,43,255,673.965,964.105
4480,37,255,716.554,963.932
4481,30,255,1089.600,963.433
4482,20,255,1529.750,963.050
4483,99,255,6.995,967.864
4484,66,255,69.197,966.303
4485,50,255,164.900,966.280
4486,96,255,479.167,966.292
4487,64,255,513.656,966.062
4488,121,255,696.244,967.955
4489,41,255,732.427,965.963
4490,42,255,923.643,965.714
4491,63,255,996.278,965.643
4492,34,255,1561.382,964.500
4493,79,255,1219.222,968.044
4494,54,255,236.741,968.019
4495,29,255,372.638,966.810
4496,74,255,749.378,967.838
4497,49,255,836.276,968.296
4498,32,255,1060.875,966.219
4499,26,255,1304.154,966.346
4500,68,255,1316.015,967.794
4501,59,255,126.924,969.720
4502,34,255,183.118,968.324
4503,41,255,382.085,969.671
4504,53,255,766.745,968.858
4505,54,255,1169.278,968.611
4506,70,255,82.143,971.843
4507,96,255,351.865,972.354
4508,30,255,446.133,969.133
4509,120,255,634.967,970.542
4510,31,255,1239.468,968.629
4511,25,255,1249.700,968.540
4512,65,255,318.146,974.608
4513,43,255,417.360,971.105
4514,64,255,816.750,970.812
4515,49,255,894.357,969.990
4516,49,255,1096.786,970.663
4517,97,255,1194.737,972.603
4518,21,255,1430.929,969.167
4519,68,255,93.618,973.029
4520,61,255,466.615,973.385
4521,50,255,1081.460,971.440
4522,37,255,57.122,972.473
4523,26,255,570.000,972.000
4524,82,255,595.841,973.585
4525,24,255,1007.542,970.875
4526,49,255,1324.663,973.010
4527,39,255,1408.603,972.474
4528,23,255,1450.978,971.891
4529,61,255,1493.598,972.811
4530,44,255,1543.841,971.636
4531,78,255,1575.500,973.064
4532,46,255,334.848,973.696
4533,47,255,673.032,973.117
4534,70,255,712.957,974.543
4535,32,255,1257.625,972.125
4536,26,255,1377.231,972.154
4537,61,255,1476.484,973.598
4538,28,255,195.000,974.000
4539,97,255,298.840,975.974
4540,95,255,411.353,976.721
4541,64,255,558.344,975.969
4542,24,255,963.458,974.708
4543,21,255,984.786,972.548
4544,48,255,1397.333,973.646
4545,57,255,1425.465,974.833
4546,34,255,1530.500,974.000
4547,26,255,1597.500,974.269
4548,134,255,536.896,978.537
4549,20,255,1270.350,973.450
4550,55,255,1018.318,977.500
4551,81,255,1340.759,976.611
4552,21,255,1108.357,976.500
4553,61,255,1226.500,977.500
4554,38,255,1510.053,977.500
4555,92,255,273.576,979.826
4556,141,255,427.599,982.486
4557,58,255,510.879,978.828
4558,53,255,1007.764,979.066
4559,37,255,1044.257,977.878
4560,71,255,1064.317,978.641
4561,79,255,146.209,980.627
4562,49,255,1357.867,979.378
4563,29,255,4.293,980.603
4564,59,255,202.347,980.347
4565,67,255,253.769,982.157
4566,86,255,632.453,982.686
4567,40,255,1036.650,980.925
4568,105,255,65.357,983.795
4569,84,255,176.381,983.643
4570,43,255,235.314,981.500
4571,34,255,381.059,980.471
4572,31,255,945.887,981.306
4573,49,255,998.663,981.561
4574,79,255,1375.475,983.766
4575,30,255,1406.000,980.000
4576,33,255,224.924,982.076
4577,123,255,521.817,986.232
4578,54,255,820.630,982.407
4579,27,255,1517.981,981.907
4580,57,255,329.816,983.728
4581,67,255,570.425,984.187
4582,36,255,675.750,982.972
4583,46,255,720.565,984.065
4584,55,255,1543.755,982.918
4585,56,255,12.268,985.125
4586,46,255,783.130,983.435
4587,61,255,858.795,984.041
4588,24,255,903.708,982.792
4589,43,255,49.267,985.895
4590,69,255,189.775,986.384
4591,120,255,241.942,988.625
4592,31,255,1050.306,985.145
4593,58,255,1068.241,986.517
4594,29,255,1558.328,984.397
4595,57,255,1595.219,987.307
4596,41,255,99.037,987.451
4597,53,255,366.538,987.519
4598,64,255,485.672,987.953
4599,108,255,605.917,988.722
4600,53,255,1199.255,986.142
4601,32,255,1491.594,985.438
4602,22,255,312.318,986.773
4603,57,255,706.763,988.114
4604,55,255,877.936,987.464
4605,51,255,1175.775,989.441
4606,61,255,1235.811,986.910
4607,26,255,1307.654,985.538
4608,24,255,1322.000,985.833
4609,46,255,1506.500,987.000
4610,33,255,1566.833,986.864
4611,110,255,293.864,991.091
4612,176,255,407.517,992.739
4613,54,255,894.000,988.648
4614,30,255,926.200,987.700
4615,54,255,938.741,989.111
4616,41,255,1220.354,988.134
4617,23,255,1290.413,986.848
4618,39,255,1341.321,987.423
4619,45,255,1425.700,988.211
4620,144,255,162.688,992.951
4621,47,255,265.266,989.968
4622,42,255,664.571,989.833
4623,55,255,1266.718,988.991
4624,26,255,1404.192,989.077
4625,39,255,1462.269,988.167
4626,76,255,694.513,991.974
4627,72,255,1113.778,990.306
4628,93,255,34.952,993.360
4629,69,255,143.891,992.355
4630,107,255,460.621,992.977
4631,50,255,504.360,991.460
4632,96,255,551.708,992.615
4633,59,255,836.822,991.398
4634,29,255,1044.672,990.603
4635,136,255,389.434,996.412
4636,44,255,859.750,992.023
4637,32,255,1096.312,991.406
4638,84,255,1188.690,994.107
4639,61,255,48.090,994.074
4640,71,255,578.739,994.613
4641,77,255,733.487,994.604
4642,45,255,745.989,992.967
4643,32,255,1133.500,991.812
4644,90,255,329.867,994.822
4645,30,255,371.167,993.967
4646,62,255,926.339,995.484
4647,63,255,186.500,996.833
4648,32,255,652.844,994.406
4649,87,255,78.546,997.925
4650,71,255,439.303,996.923
4651,147,255,1290.520,997.854
4652,66,255,6.348,998.394
4653,27,255,61.611,996.981
4654,54,255,106.056,998.352
4655,135,255,314.811,1002.115
4656,37,255,898.257,997.635
4657,70,255,1063.614,997.986
4658,31,255,1087.952,996.500
4659,119,255,1311.601,999.231
4660,62,255,200.694,998.984
4661,82,255,359.707,1000.000
4662,49,255,721.724,998.827
4663,42,255,710.619,999.810
4664,66,255,816.939,1000.061
4665,117,255,873.286,1003.252
4666,37,255,888.392,998.716
4667,29,255,426.534,1000.293
4668,116,255,496.793,1003.371
4669,56,255,946.357,1000.196
4670,28,255,1046.179,999.500
4671,101,255,1255.213,1002.757
4672,52,255,1269.904,1000.885
4673,32,255,263.938,1001.562
4674,62,255,1024.565,1001.871
4675,40,255,1447.350,1001.150
4676,64,255,234.391,1003.406
4677,52,255,243.635,1003.058
4678,80,255,558.663,1002.700
4679,41,255,1237.915,1002.280
4680,25,255,1424.260,1001.900
4681,90,255,603.956,1003.789
4682,20,255,918.000,1003.000
4683,80,255,981.800,1004.200
4684,58,255,1004.672,1003.862
4685,49,255,1225.929,1004.643
4686,104,255,1550.500,1006.019
4687,100,255,294.450,1006.740
4688,62,255,477.032,1005.726
4689,47,255,805.968,1004.543
4690,45,255,848.189,1003.633
4691,90,255,1144.300,1006.211
4692,35,255,1167.214,1003.643
4693,35,255,1175.414,1003.700
4694,110,255,275.645,1006.509
4695,33,255,581.530,1004.985
4696,49,255,651.337,1005.173
4697,33,255,1157.500,1005.500
4698,34,255,151.000,1006.500
4699,88,255,193.659,1008.000
4700,89,255,459.320,1009.107
4701,66,255,905.833,1006.803
4702,30,255,995.833,1006.000
4703,49,255,1466.847,1006.500
4704,42,255,18.738,1008.048
4705,33,255,784.106,1006.682
4706,28,255,965.179,1006.821
4707,67,255,412.724,1008.933
4708,47,255,858.585,1008.032
4709,36,255,57.389,1009.361
4710,42,255,795.310,1009.405
4711,46,255,1597.326,1010.348
4712,27,255,88.574,1010.500
4713,142,255,364.331,1013.613
4714,79,255,546.538,1011.475
4715,44,255,932.659,1009.114
4716,26,255,953.154,1009.500
4717,132,255,128.598,1013.561
4718,73,255,432.966,1012.719
4719,45,255,615.478,1011.256
4720,73,255,752.870,1012.993
4721,33,255,840.409,1010.833
4722,29,255,1517.879,1010.534
4723,131,255,10.034,1017.821
4724,84,255,96.833,1014.893
4725,86,255,447.244,1014.581
4726,38,255,637.763,1011.842
4727,62,255,683.081,1014.242
4728,41,255,1000.476,1013.305
4729,28,255,1105.786,1012.714
4730,116,255,725.810,1017.578
4731,45,255,1273.500,1014.500
4732,95,255,65.995,1018.458
4733,48,255,78.333,1015.875
4734,194,255,171.510,1019.144
4735,79,255,1299.399,1017.968
4736,113,255,267.527,1018.562
4737,53,255,471.557,1017.047
4738,24,255,587.167,1015.375
4739,127,255,970.949,1016.933
4740,59,255,1249.178,1018.805
4741,35,255,1262.814,1016.071
4742,25,255,403.580,1017.060
4743,112,255,577.366,1019.509
4744,48,255,933.229,1016.312
4745,27,255,1037.463,1017.833
4746,103,255,238.762,1020.277
4747,21,255,649.548,1017.310
4748,40,255,1405.125,1017.900
4749,47,255,1420.053,1019.160
4750,59,255,196.873,1020.093
4751,40,255,415.550,1019.425
4752,87,255,521.213,1019.914
4753,94,255,904.723,1019.926
4754,50,255,1376.020,1019.740
4755,51,255,214.578,1022.010
4756,28,255,740.286,1019.679
4757,85,255,1220.641,1022.053
4758,58,255,151.466,1022.259
4759,65,255,226.146,1022.731
4760,37,255,941.338,1020.689
4761,29,255,1151.086,1020.948
4762,48,255,1582.896,1021.500
4763,32,255,561.375,1021.781
4764,27,255,598.685,1021.537
4765,45,255,1323.233,1022.478
4766,62,255,1346.306,1023.032
4767,41,255,1435.720,1022.963
4768,35,255,629.729,1023.929
4769,83,255,888.476,1024.066
4770,29,255,993.397,1021.776
4771,61,255,1488.730,1024.844
4772,92,255,856.457,1026.043
4773,33,255,1056.530,1024.076
4774,69,255,1086.572,1025.732
4775,99,255,1180.591,1026.389
4776,46,255,1286.609,1025.043
4777,24,255,357.417,1024.333
4778,35,255,870.157,1024.729
4779,23,255,1256.978,1024.935
4780,32,255,325.125,1026.562
4781,29,255,377.776,1025.879
4782,56,255,922.321,1027.196
4783,48,255,1504.042,1026.083
4784,71,255,128.190,1028.261
4785,26,255,188.769,1026.962
4786,71,255,541.923,1028.021
4787,48,255,676.125,1027.396
4788,28,255,840.214,1026.536
4789,36,255,966.028,1026.444
4790,42,255,74.405,1028.524
4791,47,255,340.926,1028.330
4792,62,255,280.419,1030.177
4793,60,255,315.583,1030.400
4794,50,255,411.760,1029.920
4795,85,255,824.276,1031.547
4796,72,255,392.125,1030.194
4797,47,255,934.585,1029.840
4798,51,255,810.500,1030.755
4799,60,255,1323.883,1031.983
4800,41,255,1449.598,1031.232
4801,158,255,23.259,1035.285
4802,20,255,171.800,1031.150
4803,56,255,204.036,1032.982
4804,51,255,796.990,1032.304
4805,36,255,845.528,1032.222
4806,35,255,951.129,1032.414
4807,39,255,1164.628,1032.628
4808,27,255,1352.648,1031.833
4809,26,255,1523.192,1031.692
4810,76,255,1554.803,1033.803
4811,41,255,148.988,1033.232
4812,43,255,1034.686,1034.663
4813,31,255,1363.274,1033.081
4814,63,255,87.865,1036.246
4815,70,255,237.786,1035.729
4816,70,255,384.614,1036.986
4817,62,255,627.823,1036.081
4818,40,255,67.600,1035.725
4819,59,255,111.568,1036.076
4820,29,255,191.672,1034.603
4821,32,255,645.281,1034.781
4822,32,255,669.219,1035.156
4823,51,255,686.539,1035.382
4824,43,255,697.430,1035.081
4825,34,255,887.735,1033.853
4826,36,255,978.750,1035.167
4827,31,255,1311.532,1035.048
4828,23,255,1584.109,1034.848
4829,51,255,503.618,1035.971
4830,31,255,960.919,1036.081
4831,63,255,1481.040,1037.056
4832,70,255,96.529,1038.743
4833,47,255,911.777,1037.351
4834,25,255,941.060,1036.420
4835,49,255,1135.051,1036.888
4836,39,255,1156.013,1037.423
4837,76,255,3.026,1043.329
4838,86,255,259.767,1039.779
4839,20,255,324.700,1037.000
4840,78,255,1109.103,1040.385
4841,48,255,1416.354,1037.667
4842,20,255,861.700,1039.200
4843,55,255,927.264,1039.664
4844,28,255,967.500,1039.571
4845,65,255,1240.069,1043.054
4846,42,255,200.857,1041.024
4847,54,255,223.019,1040.241
4848,47,255,291.564,1040.649
4849,48,255,522.229,1042.000
4850,53,255,610.613,1040.821
4851,83,255,780.958,1043.464
4852,95,255,813.732,1041.963
4853,67,255,1069.873,1041.037
4854,30,255,1267.867,1040.133
4855,21,255,1445.929,1039.262
4856,53,255,342.142,1041.632
4857,47,255,592.096,1041.500
4858,50,255,1044.880,1041.400
4859,23,255,1393.022,1041.326
4860,93,255,156.102,1044.629
4861,76,255,277.500,1043.000
4862,47,255,365.564,1043.862
4863,28,255,743.536,1042.179
4864,106,255,997.792,1045.557
4865,163,255,50.604,1048.672
4866,86,255,405.453,1044.907
4867,30,255,503.400,1042.467
4868,25,255,130.340,1044.300
4869,84,255,477.119,1046.750
4870,102,255,546.147,1046.657
4871,43,255,892.942,1044.151
4872,98,255,1292.214,1046.357
4873,32,255,299.969,1045.094
4874,48,255,904.875,1044.854
4875,61,255,1083.910,1046.254
4876,24,255,1135.167,1044.375
4877,50,255,1346.580,1045.520
4878,22,255,837.227,1045.045
4879,30,255,1176.600,1046.367
4880,42,255,1276.595,1046.095
4881,37,255,1384.797,1046.500
4882,56,255,1431.893,1047.375
4883,28,255,945.714,1046.786
4884,54,255,1198.815,1047.259
4885,46,255,1533.783,1047.000
4886,60,255,114.517,1049.850
4887,61,255,528.123,1049.189
4888,49,255,685.255,1048.806
4889,63,255,1315.754,1048.944
4890,22,255,143.409,1048.409
4891,78,255,448.936,1050.449
4892,103,255,509.413,1052.937
4893,56,255,1125.911,1049.554
4894,53,255,1466.292,1050.311
4895,29,255,77.638,1050.466
4896,116,255,176.431,1053.302
4897,68,255,260.103,1051.015
4898,29,255,494.914,1050.086
4899,44,255,597.295,1050.545
4900,67,255,617.724,1051.187
4901,117,255,750.192,1053.902
4902,43,255,30.826,1051.849
4903,60,255,97.600,1051.983
4904,69,255,203.746,1052.370
4905,44,255,235.841,1052.318
4906,50,255,355.180,1051.000
4907,41,255,723.402,1052.427
4908,71,255,938.246,1052.768
4909,83,255,1486.331,1052.753
4910,57,255,336.009,1054.219
4911,39,255,792.423,1051.295
4912,34,255,845.147,1052.235
4913,22,255,1028.318,1052.500
4914,118,255,18.686,1056.466
4915,60,255,649.450,1055.300
4916,47,255,735.968,1053.840
4917,92,255,810.859,1053.685
4918,86,255,1099.209,1054.977
4919,29,255,1235.879,1053.431
4920,80,255,226.338,1056.362
4921,34,255,402.147,1053.500
4922,91,255,415.973,1057.203
4923,117,255,857.209,1057.850
4924,37,255,876.365,1054.203
4925,61,255,1019.500,1054.943
4926,44,255,1274.682,1054.750
4927,31,255,1357.339,1053.435
4928,39,255,1393.808,1054.192
4929,20,255,582.100,1055.000
4930,42,255,1554.952,1055.214
4931,37,255,1571.554,1055.176
4932,65,255,296.177,1056.762
4933,33,255,484.955,1056.318
4934,74,255,666.149,1058.351
4935,21,255,568.690,1056.548
4936,32,255,631.875,1056.688
4937,65,255,699.700,1058.654
4938,27,255,970.907,1056.426
4939,20,255,42.450,1057.750
4940,58,255,148.448,1059.293
4941,78,255,276.333,1058.641
4942,82,255,678.659,1059.927
4943,46,255,1079.435,1058.848
4944,30,255,1191.300,1058.933
4945,21,255,1314.214,1058.262
4946,78,255,7.090,1062.821
4947,46,255,124.152,1060.413
4948,35,255,196.500,1061.071
4949,33,255,357.106,1060.439
4950,92,255,794.641,1061.598
4951,66,255,891.030,1061.500
4952,53,255,1006.009,1060.349
4953,31,255,1200.306,1060.048
4954,39,255,1425.628,1060.192
4955,97,255,63.613,1063.180
4956,82,255,471.744,1062.232
4957,45,255,986.900,1060.944
4958,60,255,115.433,1063.733
4959,35,255,169.014,1061.986
4960,55,255,312.591,1062.718
4961,57,255,712.588,1063.465
4962,55,255,1118.045,1062.645
4963,68,255,90.750,1065.029
4964,58,255,378.586,1064.569
4965,73,255,934.815,1067.130
4966,50,255,945.720,1064.900
4967,112,255,1449.973,1069.045
4968,38,255,648.658,1065.105
4969,75,255,758.313,1068.927
4970,90,255,916.822,1066.244
4971,85,255,1131.535,1066.394
4972,38,255,1308.026,1064.658
4973,70,255,211.957,1067.071
4974,35,255,1042.471,1065.529
4975,25,255,1143.740,1066.340
4976,31,255,1156.468,1065.919
4977,43,255,1474.570,1065.942
4978,67,255,430.381,1067.634
4979,39,255,768.167,1067.064
4980,30,255,458.367,1068.833
4981,115,255,513.657,1071.326
4982,39,255,1298.885,1068.064
4983,68,255,359.368,1070.662
4984,47,255,484.585,1069.862
4985,43,255,777.058,1070.221
4986,86,255,871.953,1072.163
4987,22,255,1114.909,1068.682
4988,76,255,1037.158,1072.395
4989,29,255,384.190,1071.155
4990,24,255,452.167,1070.750
4991,44,255,981.750,1071.409
4992,23,255,218.587,1072.152
4993,49,255,683.908,1072.561
4994,34,255,811.265,1072.324
4995,85,255,826.429,1073.359
4996,26,255,1502.500,1072.000
4997,29,255,691.500,1072.259
4998,46,255,738.478,1073.652
4999,71,255,182.401,1075.190
5000,52,255,330.462,1075.327
5001,51,255,236.402,1076.775
5002,57,255,666.868,1075.360
5003,71,255,19.134,1077.824
5004,98,255,190.112,1080.480
5005,64,255,278.500,1077.188
5006,42,255,499.214,1076.595
5007,53,255,558.670,1077.009
5008,42,255,1008.786,1076.143
5009,58,255,1023.690,1077.155
5010,63,255,1097.087,1077.119
5011,20,255,30.050,1076.400
5012,98,255,68.439,1079.786
5013,66,255,470.091,1078.515
5014,97,255,574.149,1080.912
5015,33,255,629.742,1077.682
5016,47,255,640.394,1077.564
5017,55,255,1191.027,1079.591
5018,41,255,1486.573,1079.037
5019,67,255,115.560,1079.246
5020,40,255,267.000,1079.125
5021,44,255,590.773,1079.614
5022,39,255,782.423,1078.269
5023,52,255,802.904,1079.673
5024,70,255,842.029,1080.700
5025,128,255,147.117,1081.742
5026,30,255,488.367,1078.500
5027,100,255,547.770,1082.710
5028,59,255,614.822,1082.229
5029,63,255,814.659,1079.960
5030,45,255,943.167,1079.367
5031,42,255,1286.738,1079.952
5032,85,255,315.629,1083.688
5033,47,255,412.415,1080.053
5034,73,255,454.377,1082.185
5035,60,255,884.100,1081.067
5036,25,255,1260.300,1079.380
5037,88,255,1464.580,1083.966
5038,37,255,981.446,1080.932
5039,80,255,769.325,1084.250
5040,46,255,968.783,1081.891
5041,123,255,1012.524,1086.541
5042,92,255,168.587,1085.163
5043,73,255,221.336,1084.610
5044,52,255,1112.673,1083.462
5045,47,255,1176.670,1083.500
5046,77,255,86.331,1085.513
5047,45,255,123.033,1084.633
5048,43,255,638.105,1084.291
5049,34,255,699.618,1084.118
5050,64,255,712.812,1085.578
5051,57,255,935.781,1085.781
5052,50,255,1080.240,1084.540
5053,25,255,1590.820,1084.060
5054,49,255,345.561,1085.622
5055,45,255,394.544,1086.722
5056,73,255,435.897,1085.199
5057,38,255,563.184,1084.711
5058,105,255,729.414,1089.081
5059,134,255,1398.978,1089.687
5060,110,255,29.027,1088.764
5061,34,255,334.206,1086.735
5062,26,255,1476.654,1087.038
5063,105,255,98.195,1090.890
5064,76,255,274.671,1090.355
5065,48,255,374.646,1088.542
5066,154,255,516.610,1091.039
5067,118,255,789.610,1091.441
5068,66,255,872.121,1089.212
5069,73,255,1204.034,1089.610
5070,44,255,299.864,1089.614
5071,41,255,325.817,1091.183
5072,37,255,1095.743,1089.473
5073,36,255,3.194,1090.556
5074,44,255,361.545,1090.841
5075,54,255,650.148,1089.926
5076,64,255,826.469,1090.859
5077,50,255,861.740,1091.040
5078,61,255,915.959,1090.451
5079,45,255,259.944,1091.256
5080,50,255,288.380,1091.620
5081,27,255,500.648,1091.093
5082,49,255,753.112,1091.378
5083,50,255,891.720,1091.260
5084,44,255,927.750,1092.886
5085,83,255,45.428,1094.271
5086,72,255,63.792,1093.181
5087,36,255,692.556,1091.528
5088,34,255,881.118,1092.824
5089,33,255,1150.803,1092.591
5090,29,255,1180.155,1092.224
5091,59,255,478.653,1095.788
5092,76,255,573.474,1095.237
5093,84,255,989.631,1096.000
5094,49,255,674.745,1095.092
5095,29,255,1110.293,1095.121
5096,39,255,249.321,1096.577
5097,37,255,82.257,1097.527
5098,37,255,1169.257,1097.527
5099,31,255,622.371,1097.952
5100,41,255,847.671,1097.671
5101,45,255,1031.278,1097.789
5102,38,255,1080.947,1097.711
5103,20,255,148.500,1098.300
5104,31,255,225.790,1098.210
5105,30,255,304.000,1098.367
5106,27,255,451.648,1098.167
5107,28,255,548.786,1098.179
5108,21,255,595.452,1098.405
5109,23,255,659.413,1098.239
5110,29,255,744.431,1098.293
5111,22,255,1066.773,1098.364
5112,20,255,1437.450,1098.150
