 ,Area,Mean,X,Y
1,45,255,459.811,4.256
2,31,255,524.855,1.694
3,21,255,591.548,1.405
4,42,255,610.071,1.762
5,27,255,988.204,2.315
6,34,255,1146.000,2.206
7,55,255,1168.064,2.318
8,62,255,1187.919,2.903
9,31,255,1202.887,2.210
10,28,255,1322.786,1.821
11,25,255,1342.580,2.900
12,59,255,393.958,5.585
13,22,255,416.318,3.682
14,40,255,431.350,5.625
15,43,255,1129.384,5.477
16,99,255,1373.722,7.126
17,50,255,444.640,8.000
18,30,255,734.467,6.400
19,48,255,1027.646,5.917
20,21,255,1226.214,5.357
21,41,255,1351.427,6.256
22,35,255,1361.271,6.614
23,32,255,615.812,7.875
24,39,255,597.577,8.731
25,35,255,375.986,11.729
26,41,255,975.427,9.646
27,59,255,1156.483,10.144
28,50,255,1386.100,10.960
29,58,255,1325.879,11.276
30,42,255,365.810,12.881
31,36,255,693.722,12.389
32,33,255,1057.500,14.318
33,41,255,332.915,15.427
34,36,255,531.750,14.361
35,40,255,1145.000,15.275
36,74,255,1398.878,17.000
37,66,255,1418.955,15.212
38,39,255,954.577,15.936
39,61,255,623.828,18.582
40,33,255,707.742,16.682
41,74,255,352.568,18.649
42,37,255,717.905,18.554
43,27,255,1022.389,18.981
44,46,255,1484.239,19.413
45,46,255,749.717,20.000
46,32,255,968.844,20.344
47,38,255,568.158,22.105
48,204,255,1471.534,27.029
49,29,255,333.121,23.224
50,69,255,893.123,25.804
51,45,255,1110.922,22.944
52,24,255,508.167,23.375
53,22,255,1245.182,25.455
54,39,255,1318.346,25.474
55,35,255,1328.557,25.329
56,41,255,1412.671,27.085
57,54,255,1424.037,27.574
58,87,255,1446.569,28.500
59,42,255,1492.381,26.643
60,56,255,1392.089,27.696
61,53,255,344.443,29.142
62,52,255,691.538,28.481
63,40,255,705.925,28.250
64,48,255,962.708,27.979
65,47,255,312.074,29.266
66,30,255,555.200,29.033
67,59,255,581.873,29.280
68,29,255,269.914,30.086
69,106,255,602.472,33.745
70,20,255,1238.800,28.900
71,29,255,485.638,31.052
72,36,255,1567.889,31.361
73,24,255,240.667,32.083
74,36,255,753.056,31.556
75,32,255,927.938,31.469
76,53,255,1351.594,32.500
77,43,255,431.872,32.593
78,30,255,988.233,32.267
79,46,255,1335.804,33.217
80,20,255,1580.450,32.100
81,31,255,882.565,33.823
82,47,255,1379.564,34.606
83,67,255,374.410,35.201
84,50,255,411.740,34.800
85,45,255,572.433,35.122
86,32,255,764.438,35.406
87,39,255,1108.500,36.397
88,24,255,1451.167,35.625
89,23,255,465.935,36.326
90,20,255,638.900,36.650
91,43,255,999.895,38.523
92,47,255,526.394,39.032
93,23,255,1077.457,37.891
94,51,255,353.578,39.951
95,50,255,546.660,41.580
96,74,255,618.500,41.473
97,49,255,1310.418,41.031
98,59,255,826.619,43.347
99,24,255,916.750,42.250
100,45,255,331.922,42.678
101,39,255,375.628,43.269
102,74,255,196.568,48.243
103,34,255,386.500,43.765
104,21,255,976.548,43.310
105,20,255,1190.200,44.250
106,21,255,221.500,45.643
107,43,255,438.058,47.012
108,22,255,894.818,45.591
109,47,255,397.245,48.287
110,48,255,572.417,48.271
111,61,255,704.762,48.598
112,42,255,1542.857,47.095
113,93,255,156.780,52.543
114,58,255,311.138,48.172
115,43,255,1100.826,48.453
116,34,255,581.059,50.235
117,43,255,411.012,50.407
118,63,255,538.611,51.833
119,39,255,1215.038,50.064
120,56,255,1323.554,51.107
121,174,255,181.155,55.575
122,25,255,1129.740,51.540
123,24,255,1372.625,51.708
124,48,255,141.500,53.188
125,81,255,553.648,54.475
126,57,255,69.693,56.360
127,27,255,1426.759,55.537
128,26,255,106.154,56.692
129,35,255,200.071,56.414
130,22,255,1543.909,55.273
131,31,255,49.500,56.823
132,40,255,315.600,57.000
133,60,255,468.100,57.650
134,65,255,740.623,59.038
135,35,255,891.471,56.900
136,20,255,260.250,57.750
137,37,255,806.419,58.635
138,35,255,1575.557,57.643
139,22,255,419.227,58.000
140,37,255,130.959,61.716
141,36,255,904.917,60.361
142,24,255,1532.083,59.208
143,46,255,122.696,62.261
144,30,255,234.233,61.033
145,61,255,486.402,62.615
146,24,255,507.625,60.458
147,57,255,829.149,62.482
148,95,255,984.353,64.047
149,45,255,1025.167,63.056
150,51,255,147.422,62.343
151,25,255,252.700,62.020
152,55,255,1376.591,62.427
153,62,255,192.097,64.839
154,38,255,746.947,63.605
155,65,255,1350.808,65.269
156,108,255,622.361,68.093
157,34,255,791.618,63.676
158,63,255,1000.214,65.183
159,27,255,542.389,64.981
160,50,255,513.740,67.120
161,20,255,1094.050,65.150
162,27,255,262.056,66.278
163,58,255,933.345,69.483
164,30,255,1390.067,66.700
165,48,255,811.208,69.458
166,95,255,1325.953,70.342
167,41,255,701.061,69.866
168,65,255,532.300,73.346
169,26,255,1398.423,73.115
170,95,255,180.437,75.721
171,33,255,562.379,74.652
172,48,255,409.438,75.292
173,43,255,1384.453,76.291
174,54,255,736.222,76.704
175,60,255,825.483,76.333
176,29,255,1335.466,77.259
177,64,255,151.016,78.594
178,24,255,437.500,76.000
179,80,255,543.038,81.525
180,49,255,601.684,77.602
181,57,255,518.412,81.377
182,31,255,620.500,80.500
183,34,255,669.559,81.588
184,99,255,1007.278,81.975
185,21,255,1245.500,79.500
186,41,255,51.598,80.720
187,61,255,720.648,81.467
188,30,255,62.233,82.067
189,49,255,253.418,82.439
190,76,255,637.487,83.684
191,113,255,1099.509,85.013
192,40,255,1200.050,82.525
193,25,255,310.580,82.620
194,35,255,579.414,83.043
195,68,255,780.603,84.441
196,43,255,989.919,83.942
197,27,255,1213.944,83.907
198,42,255,1374.190,83.619
199,24,255,321.792,83.708
200,30,255,440.500,84.300
201,83,255,501.789,85.958
202,74,255,563.892,85.095
203,62,255,690.016,85.226
204,37,255,871.284,85.527
205,28,255,1180.893,83.214
206,25,255,1117.300,84.540
207,27,255,388.019,86.056
208,45,255,1316.678,86.500
209,37,255,175.689,86.635
210,20,255,492.250,87.200
211,75,255,739.167,88.447
212,27,255,920.685,86.463
213,22,255,1487.227,86.591
214,67,255,300.843,90.978
215,54,255,410.315,88.796
216,40,255,397.275,89.800
217,92,255,767.348,92.250
218,68,255,1223.397,90.809
219,65,255,537.838,93.162
220,66,255,707.712,92.091
221,67,255,795.157,91.903
222,40,255,814.150,91.975
223,23,255,1464.543,90.587
224,76,255,659.697,94.684
225,49,255,1002.582,92.745
226,56,255,1250.946,92.321
227,103,255,647.956,96.471
228,46,255,1143.370,93.543
229,80,255,1267.500,96.638
230,44,255,494.909,95.727
231,22,255,715.000,95.227
232,32,255,1366.688,94.625
233,38,255,520.921,97.026
234,37,255,909.284,96.419
235,76,255,1304.461,97.618
236,62,255,1318.565,98.565
237,52,255,435.327,97.423
238,37,255,590.203,96.500
239,52,255,621.019,98.019
240,39,255,190.167,98.526
241,87,255,466.121,101.098
242,46,255,632.391,99.239
243,56,255,868.214,99.179
244,70,255,1277.029,99.643
245,40,255,426.575,100.250
246,63,255,786.611,99.944
247,106,255,889.613,102.934
248,23,255,934.717,98.370
249,51,255,1202.755,99.520
250,137,255,401.252,104.047
251,52,255,707.558,100.615
252,54,255,1238.630,100.981
253,60,255,1454.067,101.350
254,59,255,570.025,103.212
255,31,255,534.306,104.952
256,26,255,578.962,103.692
257,124,255,608.492,105.879
258,64,255,675.891,103.672
259,31,255,799.726,103.758
260,90,255,1053.611,105.722
261,74,255,1116.365,104.851
262,117,255,489.449,108.286
263,92,255,759.870,106.380
264,118,255,1130.915,107.695
265,74,255,1308.311,106.270
266,47,255,329.606,105.926
267,97,255,728.418,107.861
268,37,255,836.689,105.554
269,72,255,1440.347,107.472
270,126,255,590.722,110.857
271,45,255,626.278,106.989
272,62,255,1343.016,108.613
273,58,255,516.466,107.914
274,83,255,1167.416,108.934
275,71,255,848.148,109.528
276,84,255,1295.310,110.548
277,37,255,59.392,109.662
278,48,255,196.917,111.062
279,170,255,376.176,112.253
280,84,255,440.060,112.345
281,79,255,551.576,110.956
282,57,255,901.219,110.342
283,52,255,355.519,111.019
284,29,255,860.362,110.776
285,80,255,877.163,111.912
286,52,255,1025.538,111.192
287,119,255,1149.626,113.550
288,70,255,1184.000,111.000
289,64,255,1351.984,113.016
290,39,255,1422.500,110.090
291,28,255,1595.250,110.893
292,46,255,770.739,112.913
293,84,255,742.000,114.262
294,69,255,1390.572,113.384
295,68,255,299.265,113.250
296,115,255,675.265,116.370
297,107,255,1452.687,117.089
298,73,255,114.993,114.445
299,110,255,698.855,117.391
300,21,255,1537.595,113.310
301,100,255,646.210,117.280
302,47,255,687.968,117.691
303,81,255,1245.352,117.821
304,54,255,1269.426,115.537
305,24,255,25.167,115.375
306,37,255,470.176,116.500
307,150,255,913.400,119.733
308,95,255,1307.595,118.774
309,99,255,1553.379,120.126
310,21,255,214.357,116.881
311,70,255,429.600,118.857
312,78,255,662.846,120.769
313,67,255,754.784,118.634
314,84,255,799.464,120.202
315,55,255,836.973,119.173
316,98,255,1285.980,119.918
317,103,255,1369.519,117.694
318,98,255,322.878,120.551
319,87,255,632.580,120.603
320,57,255,714.430,119.675
321,121,255,1066.996,121.186
322,116,255,414.836,121.224
323,68,255,984.882,121.265
324,75,255,1465.940,120.527
325,65,255,1496.638,119.854
326,99,255,1209.843,123.066
327,86,255,1254.000,122.337
328,72,255,1435.986,122.389
329,40,255,162.200,122.250
330,49,255,456.316,122.398
331,75,255,276.553,122.900
332,99,255,353.934,124.955
333,84,255,396.012,124.119
334,88,255,515.932,125.466
335,61,255,531.697,123.172
336,82,255,560.561,124.378
337,84,255,723.690,125.250
338,54,255,766.056,123.685
339,21,255,172.357,122.500
340,84,255,296.202,123.845
341,95,255,780.647,125.921
342,48,255,818.062,124.146
343,149,255,867.601,127.648
344,47,255,1299.819,124.606
345,105,255,255.605,127.652
346,61,255,1316.811,126.008
347,104,255,1344.615,127.250
348,51,255,598.265,126.461
349,85,255,974.747,127.771
350,89,255,1228.983,127.511
351,44,255,130.409,125.977
352,78,255,376.333,128.141
353,105,255,469.205,129.671
354,81,255,545.056,127.698
355,59,255,1512.212,126.873
356,75,255,120.780,129.513
357,43,255,481.942,128.081
358,75,255,579.300,130.420
359,68,255,606.971,129.471
360,131,255,1084.202,130.691
361,25,255,1133.060,126.700
362,44,255,1547.341,127.227
363,66,255,1372.000,129.591
364,29,255,365.741,129.500
365,145,255,1167.769,131.997
366,76,255,492.289,132.171
367,65,255,881.792,132.746
368,65,255,934.192,131.408
369,49,255,1182.378,131.643
370,25,255,1422.700,129.940
371,73,255,946.705,132.486
372,30,255,245.767,132.633
373,31,255,271.113,132.016
374,71,255,293.894,136.697
375,121,255,326.979,135.616
376,54,255,588.278,133.926
377,63,255,651.389,133.214
378,122,255,800.557,135.811
379,71,255,962.345,133.218
380,103,255,1460.325,135.073
381,82,255,1486.037,134.585
382,20,255,92.400,132.050
383,94,255,163.745,134.298
384,90,255,306.044,134.678
385,45,255,453.767,133.633
386,65,255,890.577,135.146
387,97,255,1120.541,134.500
388,72,255,340.194,136.306
389,121,255,527.037,137.012
390,125,255,687.148,137.780
391,109,255,744.775,136.326
392,40,255,986.625,134.300
393,28,255,1061.393,133.357
394,73,255,1106.527,136.308
395,119,255,1144.693,137.349
396,52,255,1417.308,135.615
397,144,255,1499.174,138.264
398,38,255,1531.395,134.711
399,78,255,113.256,141.013
400,67,255,773.843,137.187
401,104,255,907.385,136.990
402,33,255,1023.500,134.803
403,67,255,1336.455,137.142
404,42,255,719.690,137.000
405,71,255,1237.725,137.669
406,44,255,1256.318,136.545
407,35,255,218.500,136.557
408,149,255,441.634,142.708
409,37,255,700.365,137.527
410,43,255,822.756,137.291
411,73,255,842.349,139.281
412,134,255,1313.351,142.351
413,54,255,1562.889,138.815
414,121,255,509.864,143.236
415,66,255,830.727,142.288
416,56,255,282.589,139.536
417,79,255,402.487,140.373
418,49,255,419.765,140.153
419,50,255,1363.200,140.600
420,125,255,236.924,145.572
421,24,255,244.917,139.667
422,62,255,358.887,141.468
423,24,255,369.458,140.167
424,65,255,978.746,142.085
425,66,255,1004.030,141.076
426,105,255,1228.757,143.662
427,136,255,1276.456,143.706
428,76,255,1376.921,142.316
429,147,255,1085.582,147.425
430,24,255,1157.625,141.167
431,41,255,223.720,143.354
432,104,255,458.606,145.769
433,71,255,564.556,143.261
434,84,255,710.095,143.821
435,62,255,762.710,143.855
436,88,255,861.443,143.898
437,68,255,1176.485,144.132
438,113,255,126.695,147.686
439,60,255,264.750,143.450
440,63,255,992.675,144.659
441,98,255,1067.459,145.357
442,75,255,1538.447,145.327
443,108,255,65.157,147.491
444,63,255,646.532,144.119
445,93,255,1016.070,146.866
446,150,255,1034.193,147.787
447,103,255,1328.354,146.170
448,46,255,658.196,146.717
449,22,255,936.227,144.500
450,157,255,953.691,148.099
451,47,255,148.798,146.564
452,69,255,489.297,148.167
453,43,255,596.291,146.942
454,23,255,1104.022,145.283
455,83,255,1466.211,148.042
456,59,255,1551.975,147.568
457,64,255,532.125,149.094
458,108,255,92.685,150.926
459,56,255,420.768,149.000
460,92,255,633.489,151.761
461,72,255,1116.847,150.792
462,54,255,1212.889,150.926
463,53,255,286.500,150.066
464,74,255,730.919,151.095
465,70,255,340.086,151.243
466,41,255,366.085,150.159
467,116,255,546.293,154.672
468,77,255,1187.162,151.019
469,88,255,1439.898,153.409
470,55,255,1451.827,151.445
471,45,255,971.033,151.767
472,74,255,1051.784,152.676
473,111,255,1255.059,154.185
474,115,255,1349.726,153.465
475,67,255,1522.843,153.754
476,35,255,1577.129,151.443
477,105,255,265.462,155.900
478,104,255,328.548,155.221
479,61,255,389.762,154.844
480,85,255,698.288,153.265
481,69,255,839.500,153.500
482,94,255,905.596,154.000
483,66,255,1491.318,153.379
484,64,255,174.438,154.469
485,63,255,218.373,154.198
486,60,255,499.450,155.267
487,76,255,722.947,155.671
488,96,255,1004.302,157.292
489,51,255,137.755,154.559
490,72,255,381.889,156.097
491,34,255,562.206,154.676
492,173,255,681.425,160.431
493,149,255,799.574,159.191
494,109,255,1146.812,157.904
495,109,255,1167.014,158.849
496,78,255,105.564,157.038
497,22,255,187.227,155.091
498,53,255,252.877,155.670
499,126,255,308.556,157.937
500,98,255,588.816,157.510
501,177,255,986.438,161.319
502,27,255,1106.315,155.056
503,61,255,154.303,156.566
504,64,255,420.359,156.641
505,50,255,926.640,156.380
506,101,255,1133.807,158.569
507,74,255,1224.324,157.838
508,39,255,527.090,157.551
509,58,255,776.828,158.655
510,96,255,864.583,160.198
511,67,255,884.903,158.634
512,78,255,940.526,158.013
513,67,255,1199.784,160.381
514,44,255,1247.409,159.205
515,64,255,207.438,159.734
516,38,255,371.632,160.526
517,72,255,1070.667,160.583
518,39,255,65.295,159.987
519,74,255,453.716,161.797
520,63,255,510.246,161.468
521,102,255,651.392,163.314
522,26,255,41.654,162.115
523,58,255,226.103,163.259
524,90,255,242.656,165.333
525,67,255,343.649,163.530
526,102,255,662.637,166.255
527,144,255,782.472,169.076
528,68,255,1233.853,164.088
529,56,255,1387.625,162.696
530,55,255,1454.227,163.264
531,84,255,1533.917,164.464
532,35,255,72.386,164.329
533,23,255,123.935,162.848
534,80,255,164.512,164.287
535,101,255,195.322,165.094
536,127,255,473.713,165.492
537,89,255,615.129,165.646
538,153,255,1339.428,167.768
539,55,255,1464.209,165.300
540,37,255,1503.365,164.068
541,69,255,180.051,165.732
542,40,255,521.225,164.575
543,90,255,600.800,166.922
544,58,255,1363.759,165.259
545,158,255,1478.443,167.791
546,28,255,49.857,164.964
547,75,255,413.380,167.140
548,80,255,565.575,166.925
549,42,255,632.357,166.119
550,100,255,1104.230,165.960
551,40,255,1253.050,166.200
552,42,255,1283.333,165.595
553,93,255,1298.640,167.328
554,99,255,1596.995,170.652
555,21,255,254.071,165.690
556,81,255,824.883,167.228
557,96,255,907.854,168.750
558,93,255,738.640,169.016
559,44,255,942.205,167.045
560,70,255,1494.543,169.386
561,130,255,274.954,172.854
562,43,255,487.570,169.035
563,101,255,1030.312,170.975
564,43,255,1161.919,168.477
565,65,255,1510.715,170.500
566,122,255,5.500,175.238
567,133,255,116.665,175.387
568,54,255,369.037,169.907
569,76,255,1003.658,170.355
570,60,255,1054.100,170.167
571,47,255,82.734,170.670
572,60,255,137.217,170.583
573,29,255,290.086,170.052
574,91,255,716.445,172.852
575,35,255,34.100,172.014
576,32,255,894.969,171.750
577,107,255,1196.033,174.762
578,42,255,1313.857,170.905
579,59,255,46.093,173.144
580,60,255,210.167,172.967
581,54,255,874.074,172.741
582,118,255,1068.059,175.322
583,163,255,1377.187,174.285
584,63,255,24.563,175.056
585,130,255,67.515,177.169
586,42,255,129.810,174.548
587,72,255,223.625,174.681
588,51,255,585.912,174.010
589,63,255,686.976,174.659
590,81,255,1441.895,173.944
591,146,255,1548.562,176.692
592,98,255,543.061,176.857
593,73,255,628.404,175.541
594,58,255,708.017,175.793
595,60,255,842.050,174.817
596,41,255,951.085,174.963
597,24,255,1182.792,173.917
598,120,255,1264.992,177.983
599,48,255,1581.146,175.625
600,44,255,556.568,175.455
601,74,255,759.757,177.068
602,63,255,806.944,178.008
603,88,255,1216.295,176.920
604,60,255,1570.350,177.000
605,157,255,250.646,178.487
606,82,255,308.780,178.305
607,99,255,322.086,179.500
608,68,255,817.574,178.691
609,69,255,1016.457,176.442
610,87,255,1427.592,178.293
611,120,255,341.233,180.842
612,111,255,641.698,183.248
613,74,255,856.541,178.743
614,140,255,1119.721,181.986
615,78,255,1297.795,179.205
616,120,255,434.400,183.250
617,57,255,596.325,179.816
618,30,255,912.767,178.533
619,48,255,965.542,180.938
620,49,255,1132.439,179.867
621,20,255,1454.000,178.950
622,38,255,139.605,179.632
623,89,255,170.421,182.848
624,63,255,289.817,181.040
625,45,255,399.544,180.833
626,64,255,581.219,182.984
627,60,255,935.250,182.067
628,71,255,1043.176,181.246
629,106,255,1529.396,182.368
630,50,255,204.020,181.160
631,80,255,881.237,182.750
632,72,255,1102.833,181.806
633,50,255,1155.660,182.380
634,38,255,1516.158,182.632
635,89,255,388.287,184.534
636,77,255,513.968,184.643
637,84,255,1056.071,185.631
638,67,255,1331.903,183.918
639,54,255,181.685,183.981
640,20,255,700.250,182.450
641,63,255,1173.500,184.262
642,166,255,1404.331,187.331
643,47,255,463.968,185.287
644,28,255,372.893,185.321
645,60,255,675.550,187.167
646,95,255,832.700,187.247
647,61,255,1146.107,186.533
648,65,255,1391.654,188.515
649,41,255,618.646,186.012
650,144,255,1234.826,190.299
651,113,255,30.376,189.261
652,81,255,296.883,191.031
653,36,255,630.417,187.139
654,77,255,739.968,188.409
655,53,255,803.160,188.764
656,91,255,941.302,191.984
657,141,255,137.294,190.770
658,132,255,450.402,191.636
659,77,255,704.292,190.279
660,74,255,895.662,190.095
661,75,255,1218.487,190.087
662,30,255,597.600,188.700
663,123,255,1259.061,191.744
664,162,255,1280.858,192.216
665,48,255,1323.854,190.438
666,32,255,1435.375,189.062
667,79,255,1479.513,191.323
668,79,255,1564.601,190.348
669,36,255,2.306,191.167
670,75,255,72.900,191.500
671,86,255,93.907,191.791
672,62,255,204.661,190.371
673,68,255,347.426,191.691
674,121,255,687.095,194.417
675,68,255,847.324,191.706
676,50,255,864.680,190.300
677,61,255,989.041,190.926
678,89,255,274.511,193.410
679,70,255,324.986,192.243
680,41,255,1164.744,191.280
681,134,255,1447.545,195.761
682,155,255,311.274,198.216
683,91,255,365.434,194.126
684,88,255,566.000,194.773
685,98,255,957.296,193.500
686,85,255,107.794,196.265
687,135,255,123.596,197.500
688,135,255,763.707,199.085
689,104,255,779.856,197.144
690,57,255,1464.167,195.061
691,99,255,170.793,196.884
692,123,255,406.768,197.866
693,36,255,542.194,196.056
694,87,255,794.810,197.718
695,84,255,1153.095,196.690
696,71,255,1304.711,196.585
697,92,255,1503.163,197.652
698,93,255,382.081,198.855
699,72,255,422.333,197.681
700,59,255,996.653,197.398
701,117,255,1090.671,198.688
702,83,255,1354.030,198.283
703,84,255,1553.607,198.357
704,31,255,1011.919,196.952
705,54,255,1123.741,198.130
706,103,255,204.160,198.752
707,87,255,480.466,199.891
708,80,255,1068.925,198.725
709,87,255,1135.408,200.489
710,96,255,53.615,201.083
711,46,255,81.435,200.391
712,101,255,229.708,200.351
713,26,255,259.962,199.538
714,42,255,534.786,200.643
715,43,255,552.314,200.035
716,91,255,879.049,201.533
717,67,255,1053.261,201.231
718,117,255,1427.004,203.944
719,99,255,1574.793,202.136
720,42,255,39.833,201.333
721,113,255,581.385,203.066
722,84,255,665.036,203.774
723,51,255,973.382,201.578
724,50,255,1034.480,201.880
725,28,255,1239.607,201.179
726,144,255,336.125,205.757
727,64,255,731.516,204.375
728,57,255,1045.272,202.974
729,83,255,1179.596,203.259
730,32,255,518.625,201.656
731,94,255,806.479,205.096
732,87,255,1366.626,204.132
733,119,255,897.391,206.836
734,89,255,1224.601,205.084
735,57,255,496.746,206.061
736,32,255,746.094,204.938
737,62,255,1408.258,204.790
738,92,255,9.902,207.239
739,78,255,444.192,206.872
740,62,255,464.177,206.677
741,28,255,911.000,205.286
742,44,255,1336.682,206.091
743,92,255,24.989,208.478
744,68,255,87.676,207.368
745,64,255,189.141,207.250
746,104,255,254.827,209.529
747,57,255,397.833,207.605
748,44,255,556.773,207.000
749,43,255,595.314,207.035
750,140,255,630.107,210.743
751,85,255,656.665,209.429
752,59,255,675.314,208.314
753,84,255,1075.738,207.750
754,71,255,1465.345,207.570
755,112,255,1526.491,207.964
756,30,255,486.300,207.867
757,133,255,960.921,211.470
758,42,255,1397.357,208.238
759,44,255,1191.795,209.114
760,120,255,1305.058,211.433
761,83,255,39.030,211.343
762,47,255,512.926,210.245
763,83,255,522.958,210.295
764,65,255,704.500,210.454
765,82,255,934.817,210.683
766,80,255,1126.763,211.900
767,65,255,1386.592,210.638
768,36,255,1456.972,209.917
769,21,255,69.214,209.452
770,132,255,375.356,213.667
771,73,255,822.555,212.336
772,120,255,1480.850,213.750
773,89,255,1504.983,212.826
774,58,255,150.293,212.293
775,81,255,1015.735,212.352
776,75,255,1206.007,212.327
777,92,255,425.087,215.152
778,40,255,601.975,212.850
779,86,255,643.709,213.791
780,99,255,691.884,214.106
781,69,255,1256.862,213.949
782,108,255,116.454,215.426
783,49,255,270.276,213.888
784,76,255,290.776,214.724
785,77,255,479.721,214.591
786,59,255,715.890,215.110
787,69,255,785.457,214.442
788,114,255,1035.281,216.351
789,67,255,217.799,215.455
790,61,255,504.959,216.664
791,137,255,738.653,219.099
792,71,255,751.401,216.852
793,21,255,1591.310,213.452
794,118,255,193.042,218.585
795,119,255,437.340,219.937
796,47,255,1164.628,216.223
797,50,255,1240.800,216.840
798,107,255,1332.070,220.154
799,69,255,1444.688,217.428
800,56,255,73.554,219.268
801,73,255,299.938,219.925
802,67,255,456.410,218.754
803,139,255,1051.457,221.097
804,78,255,1070.295,219.308
805,85,255,1316.582,219.971
806,59,255,321.110,220.364
807,90,255,611.644,221.056
808,51,255,1083.382,219.147
809,68,255,1187.750,220.412
810,85,255,169.394,220.959
811,29,255,495.603,219.328
812,48,255,595.875,219.938
813,83,255,979.596,220.753
814,25,255,1279.420,219.060
815,44,255,1423.455,219.318
816,125,255,1520.388,220.500
817,74,255,1560.419,220.432
818,33,255,1111.864,220.773
819,118,255,1543.975,223.831
820,86,255,1576.256,223.349
821,86,255,19.593,222.814
822,81,255,66.019,223.994
823,127,255,142.681,224.728
824,42,255,241.571,221.548
825,125,255,348.380,224.316
826,44,255,413.614,221.705
827,81,255,545.772,222.895
828,56,255,583.625,221.929
829,74,255,1379.568,221.797
830,43,255,157.895,223.640
831,58,255,888.466,223.362
832,38,255,1233.947,222.579
833,105,255,1405.224,224.833
834,72,255,1589.500,223.694
835,60,255,48.467,224.867
836,71,255,97.190,223.852
837,36,255,132.111,223.750
838,119,255,255.693,226.651
839,71,255,313.528,225.049
840,21,255,392.262,223.214
841,67,255,764.440,224.754
842,75,255,837.313,225.460
843,57,255,486.763,225.307
844,42,255,512.643,226.571
845,20,255,692.000,223.000
846,120,255,794.992,225.625
847,64,255,824.922,225.250
848,47,255,1194.606,225.862
849,95,255,1294.679,226.321
850,77,255,522.032,228.253
851,70,255,847.400,226.814
852,87,255,900.247,227.603
853,114,255,1458.114,228.079
854,97,255,283.861,229.490
855,86,255,623.512,228.337
856,33,255,660.833,225.621
857,66,255,915.667,227.530
858,83,255,1104.151,228.572
859,62,255,1246.258,226.500
860,104,255,31.500,230.490
861,98,255,84.990,230.929
862,104,255,119.317,229.779
863,39,255,218.244,226.936
864,168,255,780.565,232.762
865,100,255,1145.780,228.960
866,94,255,1439.085,231.553
867,86,255,400.256,230.640
868,67,255,683.037,228.799
869,70,255,1563.214,228.671
870,21,255,176.881,228.452
871,74,255,454.730,231.703
872,42,255,1114.524,230.500
873,73,255,1269.185,230.432
874,84,255,1381.202,229.964
875,32,255,577.188,230.750
876,104,255,1336.731,233.423
877,91,255,1363.544,232.720
878,94,255,1475.617,232.670
879,82,255,1494.756,231.988
880,31,255,444.242,231.758
881,43,255,875.965,231.756
882,85,255,1010.441,232.971
883,88,255,1084.523,232.875
884,49,255,274.561,233.194
885,85,255,418.865,234.735
886,70,255,562.543,233.971
887,24,255,589.375,231.333
888,40,255,753.475,232.425
889,118,255,1029.364,236.186
890,33,255,536.227,233.258
891,59,255,907.008,235.517
892,120,255,1207.275,236.617
893,51,255,54.225,234.971
894,109,255,385.069,236.151
895,65,255,817.069,235.500
896,64,255,966.875,235.172
897,101,255,990.173,236.074
898,95,255,241.489,237.089
899,74,255,331.716,236.919
900,39,255,362.526,235.910
901,49,255,428.990,237.969
902,80,255,309.988,237.675
903,107,255,202.621,240.070
904,78,255,216.218,238.487
905,61,255,1184.254,238.451
906,53,255,1429.821,238.198
907,58,255,709.086,239.517
908,144,255,12.910,242.326
909,41,255,158.744,239.354
910,51,255,342.147,240.696
911,93,255,663.027,241.694
912,60,255,841.750,239.917
913,33,255,1192.773,239.136
914,36,255,1458.889,239.250
915,61,255,1517.156,240.582
916,93,255,44.027,242.317
917,170,255,182.906,243.624
918,132,255,544.879,243.962
919,28,255,579.214,239.357
920,82,255,646.610,242.610
921,51,255,1309.598,241.206
922,119,255,111.601,242.458
923,89,255,268.039,243.253
924,67,255,519.948,242.336
925,92,255,929.783,243.185
926,127,255,1048.791,245.201
927,38,255,1295.553,241.658
928,87,255,1416.534,243.328
929,58,255,351.948,243.931
930,105,255,487.376,245.043
931,83,255,1257.717,244.307
932,93,255,77.231,245.435
933,76,255,1101.711,244.526
934,56,255,1234.464,244.589
935,69,255,1395.326,245.036
936,110,255,600.627,248.891
937,40,255,717.500,245.525
938,168,255,1168.083,249.173
939,127,255,638.075,249.122
940,47,255,727.330,245.926
941,66,255,869.939,245.409
942,32,255,880.688,244.656
943,68,255,1082.721,246.912
944,42,255,1501.548,246.310
945,106,255,748.755,248.830
946,65,255,763.515,247.362
947,123,255,898.085,248.963
948,65,255,1198.454,247.685
949,85,255,1531.994,248.853
950,36,255,258.889,248.278
951,76,255,293.500,248.882
952,122,255,318.279,251.590
953,61,255,476.008,249.205
954,78,255,56.462,250.141
955,159,255,160.594,251.708
956,62,255,574.387,250.565
957,84,255,1274.179,249.857
958,91,255,1576.665,252.027
959,88,255,803.227,251.841
960,51,255,814.422,250.520
961,83,255,1244.970,251.199
962,50,255,1290.260,250.000
963,57,255,1587.921,251.833
964,88,255,95.636,252.352
965,109,255,231.115,253.702
966,84,255,585.202,252.786
967,69,255,707.326,251.978
968,55,255,1027.391,250.300
969,83,255,1367.681,251.440
970,115,255,1492.013,254.943
971,70,255,37.786,252.286
972,74,255,676.351,253.176
973,61,255,695.713,252.467
974,69,255,828.167,252.572
975,86,255,970.000,251.721
976,127,255,1121.752,254.516
977,78,255,1338.128,253.090
978,97,255,74.366,254.294
979,89,255,250.264,254.983
980,49,255,339.255,252.010
981,43,255,203.012,253.221
982,58,255,280.690,254.293
983,64,255,685.859,257.281
984,82,255,1091.061,255.244
985,75,255,1185.153,254.447
986,80,255,3.263,257.625
987,107,255,135.687,256.341
988,101,255,454.500,257.035
989,74,255,857.432,255.676
990,89,255,1512.039,256.051
991,109,255,1560.968,256.417
992,65,255,615.023,255.792
993,72,255,763.028,257.292
994,124,255,875.815,259.460
995,105,255,1003.852,258.643
996,31,255,1155.274,256.371
997,28,255,1319.286,255.000
998,111,255,1470.122,257.950
999,140,255,415.871,260.357
1000,50,255,524.360,256.440
1001,76,255,728.605,257.684
1002,50,255,1379.740,256.540
1003,62,255,25.194,259.710
1004,56,255,371.500,259.536
1005,71,255,435.669,258.683
1006,122,255,907.656,261.049
1007,41,255,927.915,257.622
1008,83,255,1143.560,259.030
1009,139,255,1206.327,260.147
1010,60,255,1297.567,258.050
1011,63,255,359.913,260.389
1012,67,255,1070.485,259.396
1013,117,255,1410.167,261.543
1014,24,255,1545.125,258.542
1015,84,255,195.702,261.595
1016,68,255,470.397,260.441
1017,71,255,787.683,261.613
1018,62,255,819.161,261.645
1019,52,255,979.538,259.942
1020,20,255,1044.750,258.500
1021,102,255,1446.304,262.245
1022,136,255,179.412,263.515
1023,63,255,344.468,261.214
1024,64,255,381.406,261.406
1025,31,255,564.952,259.919
1026,50,255,938.120,260.920
1027,80,255,1055.075,261.538
1028,48,255,1309.896,260.583
1029,58,255,1394.931,260.879
1030,25,255,54.580,260.140
1031,71,255,121.232,262.697
1032,33,255,223.470,261.318
1033,56,255,1237.750,263.518
1034,109,255,1533.656,263.775
1035,41,255,35.817,262.817
1036,59,255,841.958,263.449
1037,67,255,714.619,265.634
1038,64,255,1030.688,266.000
1039,87,255,1178.718,265.879
1040,70,255,1267.057,265.729
1041,55,255,1352.518,265.155
1042,32,255,246.656,265.156
1043,65,255,403.300,266.654
1044,137,255,583.142,269.106
1045,175,255,657.734,268.329
1046,48,255,920.875,265.792
1047,56,255,1228.607,266.018
1048,51,255,1580.578,265.735
1049,60,255,97.033,266.750
1050,57,255,148.675,266.693
1051,85,255,310.218,268.524
1052,107,255,631.322,267.687
1053,34,255,1039.912,267.118
1054,87,255,1102.511,268.316
1055,65,255,1162.808,267.315
1056,45,255,134.589,267.767
1057,149,255,453.829,273.419
1058,53,255,480.802,268.217
1059,129,255,539.779,268.740
1060,33,255,1065.591,267.136
1061,75,255,492.393,269.967
1062,56,255,691.196,269.625
1063,56,255,932.446,269.071
1064,82,255,957.280,269.171
1065,29,255,1365.534,267.293
1066,76,255,231.974,270.579
1067,83,255,615.476,271.596
1068,97,255,1002.541,270.789
1069,42,255,1259.571,270.071
1070,73,255,166.747,271.308
1071,64,255,377.266,271.953
1072,112,255,1135.491,272.527
1073,128,255,288.844,273.180
1074,81,255,341.981,272.673
1075,38,255,772.974,271.184
1076,38,255,851.368,271.526
1077,74,255,1153.622,273.703
1078,69,255,1273.355,273.268
1079,89,255,1308.253,273.522
1080,51,255,26.324,273.010
1081,39,255,60.731,272.167
1082,30,255,422.433,271.767
1083,125,255,752.732,274.788
1084,58,255,968.466,273.879
1085,48,255,567.958,274.104
1086,65,255,825.515,274.823
1087,56,255,1336.750,274.643
1088,73,255,97.130,275.349
1089,93,255,199.661,276.984
1090,52,255,263.558,274.846
1091,50,255,324.100,275.640
1092,52,255,552.231,275.615
1093,90,255,893.611,277.156
1094,71,255,1320.035,277.148
1095,81,255,1586.142,277.031
1096,48,255,74.896,276.438
1097,53,255,213.953,276.708
1098,40,255,514.825,276.375
1099,134,255,726.701,280.545
1100,57,255,993.325,275.939
1101,93,255,1483.382,277.210
1102,65,255,427.731,278.238
1103,104,255,642.990,280.538
1104,47,255,668.372,276.670
1105,124,255,798.960,277.258
1106,61,255,863.467,277.238
1107,87,255,1349.132,278.017
1108,39,255,173.987,278.397
1109,59,255,408.263,278.602
1110,56,255,714.464,277.875
1111,74,255,909.041,278.595
1112,99,255,1370.965,280.712
1113,61,255,1400.680,278.074
1114,108,255,123.250,280.898
1115,69,255,136.659,280.746
1116,60,255,479.150,279.767
1117,61,255,629.270,278.828
1118,86,255,355.302,281.988
1119,141,255,682.238,283.826
1120,46,255,771.000,279.413
1121,42,255,854.381,279.333
1122,68,255,163.103,281.721
1123,62,255,317.500,282.274
1124,61,255,525.352,281.402
1125,21,255,540.786,279.643
1126,60,255,562.117,282.100
1127,96,255,932.469,282.760
1128,33,255,1293.712,280.045
1129,39,255,62.859,281.423
1130,37,255,108.338,281.176
1131,114,255,1016.491,284.342
1132,42,255,1052.452,281.571
1133,108,255,1386.528,283.648
1134,143,255,48.080,285.290
1135,79,255,270.791,284.209
1136,64,255,364.703,283.938
1137,58,255,599.603,282.810
1138,45,255,1095.567,282.767
1139,32,255,1177.875,281.875
1140,30,255,1331.000,282.633
1141,74,255,298.770,284.878
1142,64,255,1198.703,284.625
1143,87,255,1448.374,285.109
1144,37,255,1546.500,283.500
1145,104,255,784.856,286.173
1146,64,255,1106.562,285.391
1147,48,255,509.292,285.875
1148,87,255,1035.454,288.247
1149,43,255,1238.570,286.221
1150,47,255,329.117,286.670
1151,99,255,389.793,288.571
1152,158,255,1072.215,291.892
1153,84,255,1506.238,287.381
1154,64,255,14.094,288.141
1155,36,255,456.472,287.583
1156,76,255,881.408,288.355
1157,72,255,1414.028,288.819
1158,100,255,74.140,292.720
1159,70,255,402.686,290.300
1160,59,255,441.703,289.720
1161,81,255,1141.154,289.858
1162,90,255,1282.056,289.989
1163,43,255,116.105,289.686
1164,101,255,214.856,292.312
1165,62,255,524.468,289.790
1166,66,255,603.379,290.470
1167,77,255,750.942,290.461
1168,97,255,1319.572,291.036
1169,74,255,1562.270,290.689
1170,95,255,24.974,293.289
1171,78,255,91.808,292.179
1172,86,255,277.047,292.047
1173,76,255,828.803,291.000
1174,61,255,966.861,290.254
1175,62,255,1085.339,291.516
1176,27,255,1370.981,289.907
1177,80,255,501.675,294.562
1178,42,255,567.429,291.238
1179,108,255,697.648,294.537
1180,42,255,719.214,292.500
1181,49,255,735.704,292.459
1182,85,255,1205.418,293.112
1183,70,255,1527.043,293.457
1184,56,255,64.500,295.107
1185,118,255,237.127,295.085
1186,53,255,432.708,293.028
1187,41,255,468.573,292.622
1188,72,255,851.847,293.264
1189,21,255,935.690,291.262
1190,25,255,946.380,292.300
1191,78,255,1115.538,293.962
1192,80,255,1352.987,292.675
1193,64,255,1431.312,294.094
1194,27,255,1310.537,293.278
1195,101,255,105.134,296.381
1196,110,255,907.973,296.182
1197,49,255,957.745,295.194
1198,74,255,1169.486,295.770
1199,120,255,1381.833,298.317
1200,43,255,331.105,295.267
1201,50,255,594.920,296.060
1202,101,255,990.599,297.896
1203,165,255,1057.361,298.288
1204,58,255,1179.172,296.103
1205,64,255,1417.328,296.203
1206,25,255,1442.420,294.940
1207,39,255,144.244,297.782
1208,74,255,264.068,298.432
1209,76,255,583.329,297.855
1210,77,255,643.279,296.708
1211,74,255,812.000,297.811
1212,64,255,1538.859,297.516
1213,71,255,369.021,298.894
1214,38,255,1487.474,297.842
1215,72,255,1570.125,298.736
1216,35,255,51.214,297.586
1217,85,255,154.971,299.947
1218,23,255,445.500,297.326
1219,77,255,1252.786,299.617
1220,33,255,1518.955,299.621
1221,41,255,42.939,300.451
1222,108,255,172.185,300.778
1223,74,255,303.905,300.581
1224,36,255,379.972,299.861
1225,55,255,418.245,300.427
1226,24,255,455.000,299.000
1227,36,255,836.250,299.917
1228,64,255,1267.453,299.547
1229,27,255,1494.722,298.537
1230,82,255,1593.537,301.110
1231,57,255,3.009,302.079
1232,107,255,135.799,302.808
1233,153,255,473.618,305.565
1234,139,255,542.061,305.147
1235,26,255,562.038,299.654
1236,44,255,703.591,301.205
1237,54,255,1014.944,300.833
1238,79,255,1027.892,304.158
1239,56,255,1126.464,302.768
1240,112,255,1146.286,303.670
1241,104,255,1196.106,302.788
1242,96,255,635.458,306.719
1243,30,255,711.867,301.867
1244,61,255,898.238,303.779
1245,81,255,1092.500,303.722
1246,82,255,187.049,305.134
1247,21,255,342.071,302.071
1248,59,255,437.347,304.127
1249,27,255,740.907,302.463
1250,50,255,858.600,303.880
1251,50,255,869.520,303.700
1252,36,255,51.056,304.556
1253,88,255,413.000,308.136
1254,89,255,488.680,306.376
1255,99,255,674.399,305.621
1256,46,255,766.370,304.413
1257,28,255,1431.786,303.000
1258,83,255,26.440,306.861
1259,44,255,982.318,305.977
1260,50,255,1132.520,306.760
1261,152,255,76.053,310.171
1262,161,255,655.177,310.866
1263,63,255,1369.516,307.929
1264,20,255,1511.400,305.400
1265,77,255,271.448,309.149
1266,68,255,289.838,309.485
1267,96,255,619.323,309.719
1268,67,255,750.888,309.291
1269,59,255,1250.958,307.500
1270,137,255,1460.179,311.252
1271,109,255,390.748,310.280
1272,39,255,516.859,308.500
1273,88,255,526.261,310.659
1274,59,255,965.636,309.042
1275,86,255,1219.663,310.174
1276,148,255,809.986,313.074
1277,35,255,921.186,309.157
1278,78,255,1571.474,310.038
1279,116,255,786.784,313.207
1280,91,255,953.467,314.115
1281,88,255,1444.773,312.716
1282,73,255,1550.527,311.459
1283,84,255,350.429,312.690
1284,29,255,372.914,310.638
1285,53,255,563.198,312.217
1286,85,255,1165.876,315.771
1287,66,255,1286.727,312.773
1288,154,255,99.552,314.812
1289,60,255,331.983,312.950
1290,52,255,363.288,313.808
1291,53,255,602.179,313.085
1292,42,255,878.690,311.857
1293,73,255,894.130,313.514
1294,63,255,1206.484,313.532
1295,70,255,257.357,315.971
1296,56,255,456.214,314.000
1297,66,255,694.652,314.439
1298,58,255,1153.362,314.241
1299,39,255,1185.782,313.449
1300,74,255,1298.676,315.162
1301,88,255,1586.943,315.761
1302,41,255,168.915,314.793
1303,101,255,496.074,317.054
1304,46,255,719.087,314.413
1305,71,255,937.401,315.458
1306,70,255,1117.271,315.729
1307,59,255,210.517,316.059
1308,33,255,380.045,315.773
1309,36,255,467.889,315.639
1310,78,255,1016.154,316.218
1311,83,255,1317.753,316.066
1312,87,255,1483.822,316.960
1313,65,255,1514.223,316.931
1314,133,255,138.560,318.395
1315,61,255,225.123,317.221
1316,75,255,296.727,318.247
1317,65,255,1031.500,319.008
1318,49,255,3.357,318.378
1319,99,255,234.439,321.338
1320,40,255,680.600,317.250
1321,94,255,1274.096,322.085
1322,23,255,1492.761,316.935
1323,134,255,312.433,320.828
1324,34,255,590.735,318.882
1325,62,255,863.468,319.532
1326,59,255,980.466,318.771
1327,90,255,1042.078,322.867
1328,48,255,1393.542,318.979
1329,96,255,52.656,321.094
1330,47,255,557.032,320.266
1331,75,255,1338.887,320.327
1332,59,255,570.856,321.636
1333,37,255,674.122,321.527
1334,37,255,706.743,320.716
1335,36,255,908.111,320.361
1336,70,255,1077.186,321.300
1337,56,255,1263.161,321.607
1338,66,255,1383.682,321.591
1339,69,255,401.616,323.297
1340,70,255,606.114,322.386
1341,92,255,1058.739,323.543
1342,26,255,214.308,322.192
1343,38,255,394.579,323.474
1344,73,255,619.445,323.966
1345,152,255,345.428,327.816
1346,78,255,427.115,325.526
1347,96,255,544.344,326.896
1348,123,255,635.744,326.077
1349,56,255,740.250,324.411
1350,49,255,1502.378,324.255
1351,69,255,195.645,325.326
1352,62,255,748.903,325.613
1353,63,255,964.214,324.817
1354,108,255,1104.565,327.213
1355,64,255,1187.922,323.969
1356,67,255,1289.410,325.410
1357,59,255,1408.432,325.212
1358,47,255,489.670,326.521
1359,96,255,1229.542,327.427
1360,56,255,1456.625,325.857
1361,52,255,5.365,327.019
1362,61,255,328.959,327.795
1363,60,255,388.233,327.700
1364,54,255,476.574,326.278
1365,70,255,514.000,328.771
1366,107,255,763.033,327.762
1367,97,255,996.026,326.809
1368,70,255,1072.300,328.729
1369,72,255,1123.722,328.111
1370,21,255,262.024,327.167
1371,56,255,271.304,328.321
1372,48,255,787.333,327.875
1373,92,255,1091.163,329.130
1374,50,255,1492.100,327.500
1375,88,255,26.216,329.330
1376,34,255,207.176,328.824
1377,107,255,855.827,330.967
1378,57,255,1140.412,328.746
1379,107,255,1200.435,331.724
1380,73,255,1213.623,329.432
1381,107,255,1428.790,332.201
1382,132,255,71.955,332.826
1383,67,255,93.231,330.664
1384,52,255,146.885,330.212
1385,40,255,676.275,329.275
1386,22,255,842.318,328.682
1387,52,255,873.250,330.212
1388,54,255,1170.278,329.630
1389,34,255,1590.529,329.059
1390,46,255,320.543,330.783
1391,91,255,598.016,332.456
1392,32,255,976.438,330.281
1393,60,255,1371.633,331.233
1394,61,255,1466.795,331.172
1395,60,255,1526.683,330.900
1396,165,255,651.870,336.415
1397,48,255,697.604,332.729
1398,25,255,834.540,330.900
1399,68,255,924.632,332.794
1400,128,255,1552.086,332.883
1401,46,255,115.630,332.870
1402,119,255,173.559,334.609
1403,64,255,189.609,333.422
1404,58,255,255.069,333.810
1405,44,255,442.705,332.955
1406,96,255,468.333,334.354
1407,53,255,883.028,333.104
1408,97,255,938.603,334.541
1409,80,255,1252.737,333.637
1410,91,255,1316.819,334.016
1411,47,255,1335.755,334.181
1412,68,255,39.426,334.206
1413,68,255,131.441,335.206
1414,119,255,300.601,335.080
1415,41,255,411.720,333.988
1416,63,255,507.690,335.008
1417,45,255,59.056,335.078
1418,241,255,571.222,340.334
1419,48,255,803.104,333.875
1420,48,255,1002.771,335.083
1421,50,255,1185.980,334.760
1422,70,255,435.614,337.514
1423,31,255,455.274,334.984
1424,27,255,483.278,334.759
1425,81,255,627.117,337.130
1426,64,255,720.812,336.172
1427,108,255,770.130,337.843
1428,58,255,1148.845,336.207
1429,74,255,1442.878,336.662
1430,26,255,638.500,336.615
1431,83,255,744.030,339.572
1432,39,255,792.115,337.244
1433,85,255,956.818,337.688
1434,169,255,1032.145,342.790
1435,23,255,266.326,336.500
1436,125,255,553.668,341.588
1437,118,255,665.127,341.856
1438,38,255,706.921,337.500
1439,130,255,902.369,341.138
1440,44,255,1411.818,337.341
1441,91,255,1590.379,340.258
1442,78,255,109.949,339.692
1443,75,255,419.153,340.153
1444,110,255,524.527,339.645
1445,55,255,846.045,339.427
1446,90,255,1166.289,339.011
1447,40,255,1347.850,337.975
1448,58,255,1519.638,339.379
1449,120,255,329.375,342.008
1450,71,255,809.725,341.599
1451,114,255,826.789,341.228
1452,137,255,1118.434,342.777
1453,80,255,1278.450,340.462
1454,76,255,1294.842,341.250
1455,46,255,1492.717,340.457
1456,63,255,1535.500,341.151
1457,126,255,24.611,343.413
1458,39,255,157.397,340.192
1459,40,255,384.150,341.525
1460,61,255,451.697,342.238
1461,33,255,784.530,342.318
1462,88,255,869.455,342.989
1463,70,255,1388.843,341.557
1464,46,255,498.000,341.500
1465,25,255,975.500,340.300
1466,65,255,1455.408,342.885
1467,66,255,229.788,344.076
1468,42,255,735.405,342.738
1469,69,255,1376.601,344.022
1470,24,255,1598.417,343.167
1471,40,255,296.000,343.000
1472,48,255,393.042,344.938
1473,59,255,1181.958,343.534
1474,44,255,1232.727,343.932
1475,85,255,1473.900,344.841
1476,68,255,214.059,344.912
1477,63,255,360.357,345.389
1478,79,255,374.297,346.361
1479,58,255,476.224,346.259
1480,67,255,676.813,345.843
1481,72,255,1012.750,345.292
1482,95,255,1563.637,346.163
1483,58,255,145.948,345.379
1484,56,255,464.732,346.536
1485,33,255,600.076,345.742
1486,70,255,1058.329,346.829
1487,109,255,179.830,348.528
1488,50,255,240.380,346.340
1489,34,255,507.500,346.324
1490,29,255,986.948,346.017
1491,77,255,1215.539,347.604
1492,138,255,46.384,351.326
1493,107,255,196.500,352.014
1494,39,255,205.192,349.628
1495,131,255,279.630,352.630
1496,91,255,440.522,350.291
1497,55,255,753.991,349.809
1498,100,255,853.860,351.050
1499,41,255,120.305,349.378
1500,103,255,263.286,351.529
1501,78,255,403.051,351.295
1502,44,255,591.545,349.545
1503,55,255,699.445,350.282
1504,42,255,777.048,350.524
1505,61,255,1140.139,350.484
1506,71,255,1520.373,350.570
1507,106,255,155.368,352.943
1508,40,255,348.975,350.325
1509,33,255,495.621,350.348
1510,42,255,688.262,350.548
1511,40,255,1109.850,350.275
1512,75,255,1250.327,350.793
1513,41,255,1411.866,350.110
1514,66,255,1504.545,351.424
1515,65,255,98.085,351.638
1516,58,255,535.172,352.138
1517,46,255,546.261,352.174
1518,116,255,920.172,354.172
1519,48,255,82.250,352.500
1520,62,255,608.871,353.177
1521,27,255,643.315,352.278
1522,50,255,1067.700,353.160
1523,57,255,1551.939,353.395
1524,69,255,133.471,354.399
1525,24,255,311.583,353.000
1526,76,255,712.776,355.013
1527,48,255,721.375,354.062
1528,49,255,745.173,353.398
1529,30,255,806.133,352.867
1530,75,255,876.660,354.873
1531,133,255,1161.974,358.996
1532,46,255,1326.761,353.870
1533,122,255,67.418,357.902
1534,123,255,247.533,357.093
1535,165,255,790.621,359.785
1536,30,255,817.967,353.667
1537,50,255,831.540,355.160
1538,64,255,1096.438,355.531
1539,64,255,1455.797,355.062
1540,25,255,1479.860,354.900
1541,20,255,13.750,354.550
1542,90,255,413.678,358.833
1543,111,255,510.995,357.860
1544,60,255,902.200,355.700
1545,37,255,979.797,354.959
1546,43,255,1003.221,355.058
1547,51,255,1338.931,356.676
1548,86,255,1591.023,357.395
1549,26,255,469.154,355.846
1550,52,255,650.731,358.000
1551,85,255,937.688,358.029
1552,34,255,1224.853,356.235
1553,107,255,1235.537,359.481
1554,39,255,1388.141,355.372
1555,31,255,333.919,356.984
1556,103,255,372.112,359.422
1557,48,255,422.250,357.625
1558,86,255,733.128,359.791
1559,39,255,958.372,357.654
1560,98,255,1126.653,359.643
1561,70,255,1436.286,359.357
1562,91,255,1566.005,359.478
1563,80,255,103.275,359.312
1564,60,255,291.683,359.417
1565,64,255,478.641,359.516
1566,77,255,842.032,359.643
1567,62,255,992.629,360.016
1568,123,255,1075.931,362.419
1569,58,255,591.793,359.707
1570,42,255,763.857,359.643
1571,82,255,886.878,361.793
1572,42,255,1348.929,359.976
1573,62,255,1396.790,361.226
1574,77,255,1578.500,360.500
1575,69,255,567.138,361.399
1576,94,255,622.723,364.638
1577,107,255,662.911,362.164
1578,56,255,815.268,360.536
1579,93,255,945.059,363.478
1580,29,255,1029.328,360.086
1581,83,255,1200.837,361.536
1582,37,255,1260.203,360.041
1583,62,255,1275.516,360.516
1584,67,255,37.963,361.948
1585,53,255,224.406,362.632
1586,32,255,345.406,360.562
1587,44,255,391.386,362.091
1588,74,255,457.230,362.757
1589,110,255,969.855,364.191
1590,99,255,1496.833,364.096
1591,68,255,1542.338,362.676
1592,105,255,88.490,365.043
1593,89,255,213.478,365.848
1594,51,255,550.088,362.108
1595,51,255,773.637,363.676
1596,75,255,1110.447,363.593
1597,84,255,308.786,363.810
1598,90,255,532.133,366.011
1599,61,255,676.303,364.467
1600,44,255,756.159,364.909
1601,75,255,1053.407,364.767
1602,53,255,1428.387,364.142
1603,60,255,148.300,365.167
1604,51,255,357.716,364.735
1605,49,255,1530.786,365.602
1606,102,255,272.951,368.853
1607,47,255,281.521,365.755
1608,113,255,331.509,366.650
1609,58,255,707.534,366.207
1610,89,255,1006.983,367.118
1611,51,255,1037.618,365.324
1612,29,255,1151.086,365.086
1613,53,255,1218.236,365.557
1614,47,255,1408.777,365.649
1615,73,255,1516.048,365.979
1616,152,255,129.053,369.546
1617,85,255,172.959,368.629
1618,44,255,500.841,367.682
1619,57,255,428.430,368.904
1620,61,255,585.385,369.680
1621,57,255,689.202,368.167
1622,37,255,765.311,368.473
1623,66,255,824.742,368.015
1624,67,255,522.455,369.933
1625,75,255,745.153,370.487
1626,56,255,920.786,369.375
1627,69,255,1380.935,369.036
1628,38,255,1467.132,369.026
1629,40,255,190.950,369.750
1630,63,255,16.452,371.135
1631,64,255,199.797,371.062
1632,86,255,350.035,371.744
1633,139,255,410.291,375.011
1634,64,255,853.672,371.547
1635,86,255,636.163,373.291
1636,108,255,1291.102,373.963
1637,69,255,1578.268,372.746
1638,50,255,47.160,372.680
1639,44,255,256.818,372.659
1640,103,255,1024.005,374.985
1641,79,255,1254.538,373.323
1642,43,255,1339.523,372.919
1643,79,255,304.196,374.373
1644,72,255,488.264,375.917
1645,53,255,731.047,374.142
1646,69,255,1180.297,374.688
1647,36,255,1188.750,373.361
1648,40,255,1310.775,372.675
1649,52,255,163.442,375.558
1650,116,255,785.853,377.638
1651,65,255,841.085,375.838
1652,51,255,888.735,374.245
1653,81,255,927.920,376.907
1654,30,255,1062.333,374.300
1655,40,255,286.350,376.350
1656,71,255,962.387,376.317
1657,55,255,1081.791,375.736
1658,66,255,1163.894,375.970
1659,108,255,1353.907,378.093
1660,30,255,2.100,376.633
1661,120,255,74.258,381.450
1662,26,255,144.192,376.000
1663,55,255,188.791,377.973
1664,38,255,514.579,376.553
1665,108,255,818.574,377.944
1666,35,255,1407.557,375.729
1667,64,255,1465.625,376.672
1668,68,255,1511.485,377.794
1669,72,255,37.889,380.028
1670,26,255,330.731,376.769
1671,38,255,880.158,377.632
1672,42,255,939.571,377.690
1673,71,255,1073.556,380.331
1674,36,255,197.667,378.528
1675,48,255,318.479,378.146
1676,144,255,391.674,382.264
1677,67,255,462.381,379.366
1678,31,255,717.790,377.952
1679,53,255,750.840,378.915
1680,60,255,1392.650,378.817
1681,45,255,27.367,380.056
1682,79,255,59.627,380.335
1683,137,255,443.055,383.974
1684,69,255,589.543,379.833
1685,110,255,690.964,382.364
1686,60,255,1055.900,380.783
1687,65,255,1311.977,379.900
1688,25,255,217.220,379.420
1689,38,255,427.658,380.289
1690,54,255,803.111,380.981
1691,26,255,983.269,379.808
1692,56,255,1196.964,380.946
1693,52,255,1375.712,380.577
1694,87,255,1518.868,383.224
1695,84,255,106.369,383.071
1696,61,255,353.713,382.844
1697,128,255,554.188,384.734
1698,132,255,864.265,384.227
1699,29,255,1276.328,380.397
1700,88,255,86.807,386.091
1701,80,255,126.125,383.550
1702,97,255,479.840,385.593
1703,70,255,534.643,383.229
1704,79,255,1098.133,383.538
1705,52,255,1334.788,382.250
1706,73,255,1438.377,383.596
1707,57,255,335.325,384.781
1708,51,255,999.951,385.088
1709,64,255,1209.672,384.297
1710,103,255,1230.665,385.053
1711,45,255,13.833,385.478
1712,22,255,224.091,383.318
1713,81,255,566.315,386.648
1714,35,255,779.614,384.671
1715,69,255,975.196,386.167
1716,24,255,1407.167,383.375
1717,63,255,153.913,385.849
1718,99,255,253.136,388.106
1719,44,255,766.273,385.591
1720,48,255,1245.604,385.542
1721,30,255,1537.133,385.333
1722,55,255,366.482,387.573
1723,44,255,466.023,387.091
1724,67,255,505.963,386.948
1725,51,255,624.794,386.696
1726,117,255,668.457,387.466
1727,21,255,679.881,385.452
1728,42,255,1140.190,386.476
1729,25,255,1366.420,385.940
1730,61,255,232.975,388.156
1731,86,255,716.384,388.826
1732,103,255,894.490,390.801
1733,47,255,1186.032,388.160
1734,85,255,1461.171,389.512
1735,72,255,271.472,390.514
1736,64,255,281.984,389.875
1737,110,255,421.336,390.573
1738,73,255,846.308,389.774
1739,145,255,1023.831,391.652
1740,67,255,1177.664,388.858
1741,59,255,1565.669,388.669
1742,57,255,138.658,390.132
1743,62,255,616.823,390.806
1744,57,255,649.377,390.307
1745,54,255,1396.963,389.463
1746,82,255,1423.232,391.610
1747,43,255,23.314,390.849
1748,85,255,179.453,392.147
1749,34,255,199.176,390.559
1750,41,255,955.207,390.354
1751,35,255,1259.414,389.814
1752,47,255,1356.585,389.862
1753,64,255,594.875,393.234
1754,26,255,639.500,390.500
1755,59,255,1374.466,391.941
1756,23,255,1509.500,391.630
1757,56,255,704.179,392.375
1758,25,255,905.820,392.180
1759,65,255,1163.269,393.454
1760,70,255,206.657,394.457
1761,52,255,313.712,393.865
1762,51,255,360.010,394.265
1763,55,255,539.336,393.591
1764,70,255,582.414,395.914
1765,70,255,921.514,394.357
1766,76,255,1109.868,395.526
1767,38,255,1122.342,393.553
1768,23,255,1134.152,392.935
1769,61,255,606.926,395.713
1770,39,255,684.551,394.449
1771,91,255,80.038,397.247
1772,56,255,156.839,395.571
1773,48,255,630.083,396.188
1774,46,255,985.130,396.174
1775,43,255,1326.616,395.616
1776,58,255,1575.724,395.897
1777,58,255,1044.414,396.500
1778,107,255,1273.612,397.967
1779,27,255,1318.944,396.352
1780,26,255,1591.923,395.654
1781,90,255,494.533,398.967
1782,62,255,744.984,397.968
1783,123,255,790.565,400.882
1784,40,255,1068.950,397.150
1785,68,255,1433.132,398.059
1786,38,255,1551.763,396.921
1787,88,255,447.261,400.875
1788,79,255,849.259,400.968
1789,33,255,876.076,398.076
1790,44,255,930.318,399.432
1791,77,255,1482.032,399.448
1792,51,255,1505.324,399.343
1793,64,255,263.328,400.328
1794,51,255,298.500,399.931
1795,50,255,474.660,400.040
1796,53,255,664.802,400.066
1797,61,255,817.484,399.680
1798,168,255,967.399,401.857
1799,39,255,996.833,398.756
1800,30,255,1131.567,399.433
1801,69,255,1188.152,400.283
1802,25,255,1253.460,398.740
1803,102,255,1337.716,402.980
1804,33,255,1393.258,399.167
1805,60,255,39.317,401.117
1806,48,255,350.292,400.354
1807,94,255,776.202,402.021
1808,35,255,1139.843,401.500
1809,37,255,1203.905,400.851
1810,61,255,19.713,401.811
1811,109,255,230.784,404.188
1812,81,255,311.253,403.154
1813,28,255,523.786,401.143
1814,21,255,554.976,401.833
1815,66,255,764.152,403.318
1816,54,255,905.167,402.685
1817,53,255,913.443,402.840
1818,23,255,1011.978,401.630
1819,56,255,1286.089,402.232
1820,38,255,55.395,402.711
1821,56,255,465.321,403.714
1822,31,255,683.565,402.016
1823,37,255,1074.878,402.419
1824,39,255,1097.192,402.423
1825,50,255,1260.500,403.620
1826,26,255,1401.077,403.192
1827,46,255,1539.652,403.087
1828,50,255,102.640,403.980
1829,70,255,513.971,404.514
1830,41,255,1497.500,403.598
1831,115,255,566.126,407.152
1832,38,255,620.658,404.711
1833,110,255,641.573,406.509
1834,39,255,737.987,404.859
1835,50,255,1386.000,405.200
1836,83,255,6.066,407.512
1837,58,255,184.500,406.052
1838,71,255,388.641,407.894
1839,151,255,535.076,410.209
1840,55,255,689.645,406.809
1841,42,255,859.976,406.214
1842,107,255,1024.248,408.098
1843,27,255,1321.352,405.315
1844,60,255,119.617,406.783
1845,80,255,143.562,407.375
1846,30,255,160.967,406.133
1847,103,255,208.228,408.296
1848,113,255,429.668,408.792
1849,47,255,722.840,407.181
1850,76,255,1150.750,407.908
1851,54,255,1354.259,406.778
1852,48,255,501.896,408.521
1853,91,255,1002.995,409.676
1854,70,255,1060.357,408.014
1855,55,255,1558.827,408.300
1856,63,255,1596.373,408.325
1857,76,255,33.921,409.395
1858,33,255,274.227,407.833
1859,64,255,371.562,409.531
1860,90,255,949.511,411.244
1861,34,255,1310.500,408.824
1862,35,255,548.643,409.071
1863,41,255,631.037,410.207
1864,109,255,750.555,412.674
1865,74,255,896.851,410.568
1866,50,255,1210.660,409.080
1867,82,255,1233.280,411.207
1868,57,255,1419.675,410.693
1869,38,255,1436.553,409.158
1870,74,255,1463.000,410.500
1871,45,255,1570.011,410.900
1872,30,255,75.400,409.533
1873,75,255,698.740,411.993
1874,124,255,815.879,414.718
1875,83,255,986.078,412.223
1876,58,255,1187.276,410.431
1877,75,255,1480.473,411.540
1878,72,255,93.014,412.806
1879,65,255,251.408,412.915
1880,39,255,330.859,411.679
1881,27,255,1406.944,411.241
1882,52,255,1448.558,411.808
1883,149,255,177.507,416.104
1884,65,255,259.608,414.269
1885,40,255,733.050,412.400
1886,75,255,927.580,413.887
1887,82,255,1046.317,414.500
1888,27,255,1087.352,411.389
1889,58,255,1358.379,413.862
1890,54,255,1512.444,412.630
1891,114,255,609.263,415.930
1892,26,255,668.500,413.000
1893,60,255,783.000,413.633
1894,49,255,1134.847,413.765
1895,64,255,1222.578,416.188
1896,86,255,1288.721,414.477
1897,89,255,50.500,416.208
1898,57,255,139.044,416.570
1899,59,255,195.975,415.432
1900,52,255,799.135,414.577
1901,41,255,963.232,414.354
1902,63,255,1259.278,414.643
1903,69,255,1500.341,415.746
1904,38,255,63.868,415.711
1905,55,255,102.682,416.227
1906,35,255,128.500,415.814
1907,67,255,153.694,417.619
1908,26,255,350.500,415.000
1909,53,255,510.575,416.028
1910,77,255,12.994,418.266
1911,61,255,235.844,418.041
1912,74,255,303.095,419.108
1913,36,255,853.111,416.361
1914,97,255,877.356,418.057
1915,39,255,1033.628,417.551
1916,44,255,1095.205,417.409
1917,21,255,1302.500,415.500
1918,72,255,1346.583,417.556
1919,109,255,1583.729,419.894
1920,63,255,445.516,418.421
1921,95,255,553.984,419.742
1922,41,255,580.500,417.817
1923,40,255,863.000,417.650
1924,112,255,468.179,420.393
1925,35,255,685.643,418.100
1926,112,255,714.607,421.420
1927,45,255,843.144,419.322
1928,117,255,1165.910,421.303
1929,64,255,1248.562,419.547
1930,72,255,1453.222,418.694
1931,22,255,499.500,418.636
1932,85,255,1380.124,421.124
1933,74,255,314.459,422.622
1934,41,255,915.598,421.500
1935,114,255,1203.456,423.289
1936,42,255,1415.357,419.952
1937,63,255,72.738,425.611
1938,109,255,116.739,424.931
1939,38,255,650.316,421.447
1940,46,255,890.522,421.087
1941,64,255,1484.766,422.594
1942,37,255,1552.014,421.338
1943,47,255,219.798,422.755
1944,21,255,336.738,422.310
1945,43,255,417.035,422.942
1946,41,255,679.598,423.305
1947,20,255,1114.900,420.900
1948,57,255,1395.465,422.904
1949,114,255,1518.474,425.202
1950,21,255,280.548,422.786
1951,30,255,394.567,423.433
1952,116,255,402.276,428.724
1953,35,255,492.929,423.729
1954,65,255,586.438,425.131
1955,40,255,629.375,423.425
1956,129,255,1184.585,425.283
1957,80,255,1535.075,424.075
1958,52,255,1562.788,423.981
1959,38,255,289.868,424.632
1960,92,255,374.391,427.326
1961,48,255,482.771,426.062
1962,76,255,637.908,425.592
1963,65,255,736.931,426.377
1964,90,255,800.889,425.322
1965,41,255,1134.134,423.695
1966,69,255,1233.109,424.906
1967,45,255,1408.900,424.967
1968,54,255,42.389,425.963
1969,105,255,256.071,426.729
1970,67,255,905.843,426.978
1971,47,255,1054.819,426.606
1972,55,255,29.045,427.300
1973,88,255,86.193,427.693
1974,65,255,229.392,428.654
1975,140,255,979.907,430.021
1976,74,255,997.608,427.608
1977,32,255,1099.156,425.594
1978,120,255,1291.433,428.425
1979,61,255,1334.008,427.926
1980,27,255,98.685,426.685
1981,62,255,427.000,428.339
1982,43,255,770.523,428.081
1983,35,255,957.071,426.929
1984,85,255,1022.171,428.429
1985,121,255,1357.583,431.558
1986,85,255,1439.641,429.112
1987,39,255,1544.321,428.013
1988,64,255,271.266,429.172
1989,59,255,448.720,429.839
1990,49,255,474.867,429.541
1991,200,255,828.765,432.955
1992,47,255,850.819,429.181
1993,29,255,1317.638,429.224
1994,55,255,1215.155,430.045
1995,70,255,1463.871,431.271
1996,49,255,201.255,431.622
1997,50,255,327.620,431.480
1998,30,255,543.133,431.100
1999,33,255,691.712,429.409
2000,70,255,890.629,431.543
2001,46,255,1127.109,430.348
2002,51,255,1307.735,430.892
2003,37,255,414.446,430.932
2004,126,255,947.421,433.429
2005,57,255,1113.377,433.763
2006,59,255,110.025,433.432
2007,44,255,129.182,432.705
2008,45,255,298.433,432.789
2009,99,255,920.096,434.460
2010,67,255,1084.425,433.813
2011,42,255,1556.667,432.548
2012,54,255,560.556,433.519
2013,48,255,603.812,433.708
2014,102,255,698.637,436.049
2015,84,255,856.845,435.583
2016,64,255,1389.547,435.250
2017,86,255,1590.930,433.605
2018,57,255,50.009,435.096
2019,67,255,193.366,435.530
2020,34,255,387.471,434.059
2021,31,255,490.984,435.629
2022,47,255,505.330,435.649
2023,46,255,515.239,435.522
2024,68,255,764.015,436.779
2025,46,255,1034.370,434.457
2026,81,255,1267.636,435.414
2027,48,255,291.500,436.000
2028,42,255,338.143,436.786
2029,64,255,641.562,436.484
2030,65,255,658.377,437.808
2031,76,255,715.842,437.026
2032,63,255,1379.040,437.563
2033,52,255,138.423,438.000
2034,102,255,351.275,439.461
2035,65,255,436.531,438.454
2036,65,255,571.869,437.823
2037,54,255,1482.500,437.000
2038,133,255,27.169,440.771
2039,48,255,150.667,437.812
2040,52,255,317.404,437.654
2041,63,255,552.770,439.103
2042,25,255,1154.500,437.020
2043,86,255,1304.733,439.198
2044,53,255,1574.858,438.292
2045,72,255,582.861,439.653
2046,50,255,597.380,438.660
2047,26,255,666.769,438.962
2048,29,255,984.052,438.293
2049,75,255,1162.913,440.273
2050,72,255,1186.125,440.083
2051,78,255,1427.923,439.731
2052,155,255,163.461,450.713
2053,67,255,732.291,441.201
2054,132,255,1049.568,442.758
2055,31,255,1122.145,439.694
2056,52,255,1144.692,440.077
2057,117,255,1326.397,443.577
2058,120,255,1515.967,442.950
2059,56,255,418.143,440.054
2060,50,255,674.740,441.780
2061,68,255,684.309,441.735
2062,29,255,773.983,440.155
2063,68,255,1077.279,441.588
2064,87,255,1202.040,441.580
2065,73,255,1224.801,441.623
2066,85,255,1413.171,442.582
2067,66,255,125.924,442.606
2068,25,255,241.780,440.580
2069,29,255,446.017,441.397
2070,67,255,844.828,442.888
2071,58,255,1132.845,442.690
2072,34,255,1454.882,441.353
2073,73,255,1547.938,442.363
2074,50,255,74.860,443.000
2075,40,255,167.850,442.400
2076,72,255,219.597,443.778
2077,78,255,48.897,444.564
2078,51,255,329.971,444.265
2079,108,255,363.491,444.694
2080,62,255,385.177,443.597
2081,51,255,460.578,444.363
2082,70,255,909.571,444.914
2083,66,255,1028.000,444.379
2084,27,255,1466.167,443.204
2085,45,255,1563.256,443.633
2086,78,255,471.474,447.885
2087,29,255,481.879,444.466
2088,49,255,500.847,445.745
2089,39,255,535.526,446.038
2090,60,255,180.000,447.500
2091,94,255,208.255,448.511
2092,94,255,864.872,448.234
2093,116,255,1275.491,450.121
2094,33,255,187.621,447.197
2095,22,255,273.000,446.773
2096,49,255,630.908,447.847
2097,36,255,990.111,447.528
2098,44,255,1251.932,447.136
2099,58,255,1314.724,448.172
2100,63,255,1483.341,447.944
2101,63,255,86.690,449.611
2102,29,255,376.466,448.672
2103,41,255,522.524,448.915
2104,64,255,744.688,449.125
2105,80,255,882.075,448.913
2106,39,255,1338.987,448.474
2107,28,255,18.464,449.071
2108,69,255,150.065,450.833
2109,92,255,562.554,453.870
2110,44,255,578.341,449.773
2111,77,255,757.669,450.435
2112,135,255,800.041,454.263
2113,64,255,964.000,450.109
2114,99,255,980.318,452.348
2115,64,255,1062.703,451.078
2116,87,255,1151.948,451.190
2117,51,255,1347.971,450.794
2118,41,255,621.793,451.232
2119,78,255,660.692,451.885
2120,128,255,711.016,454.320
2121,89,255,1165.478,452.871
2122,72,255,1244.083,453.347
2123,60,255,1262.417,451.483
2124,82,255,1502.780,452.512
2125,53,255,1589.726,451.613
2126,83,255,320.367,454.705
2127,35,255,554.100,451.757
2128,71,255,1005.782,451.725
2129,90,255,1089.844,452.933
2130,59,255,1387.924,451.754
2131,47,255,1581.287,451.564
2132,54,255,292.370,453.444
2133,44,255,547.568,452.545
2134,87,255,1402.063,454.534
2135,43,255,1460.895,451.988
2136,106,255,98.491,455.906
2137,48,255,495.021,453.917
2138,32,255,514.250,453.062
2139,130,255,816.454,456.108
2140,43,255,902.035,453.756
2141,64,255,1115.906,455.172
2142,94,255,1125.926,456.000
2143,78,255,65.962,457.269
2144,90,255,116.400,455.756
2145,58,255,141.414,456.121
2146,84,255,283.762,457.607
2147,85,255,613.100,457.676
2148,112,255,923.607,457.152
2149,36,255,188.556,455.194
2150,53,255,260.028,455.632
2151,51,255,720.794,456.951
2152,38,255,33.447,456.368
2153,103,255,44.316,459.180
2154,38,255,197.816,456.816
2155,140,255,425.100,461.750
2156,44,255,435.114,457.705
2157,70,255,937.371,457.171
2158,40,255,1335.450,456.600
2159,79,255,1531.133,457.690
2160,57,255,1563.868,457.167
2161,124,255,27.056,462.210
2162,58,255,398.207,458.052
2163,47,255,485.926,457.734
2164,37,255,1422.338,456.824
2165,53,255,332.425,458.538
2166,35,255,535.471,457.986
2167,65,255,594.900,458.915
2168,99,255,689.672,460.217
2169,82,255,736.500,460.329
2170,117,255,774.474,461.517
2171,44,255,785.477,459.227
2172,66,255,508.485,460.712
2173,63,255,1004.897,459.897
2174,40,255,1015.775,459.950
2175,64,255,1258.531,459.531
2176,47,255,1321.266,459.926
2177,68,255,1365.985,461.706
2178,93,255,1572.543,461.844
2179,71,255,369.120,461.500
2180,65,255,381.100,461.669
2181,125,255,576.524,462.756
2182,50,255,623.060,461.660
2183,74,255,673.054,462.378
2184,43,255,1217.826,461.081
2185,77,255,1284.617,461.747
2186,52,255,1344.269,461.154
2187,79,255,1548.259,461.449
2188,67,255,79.619,462.634
2189,119,255,222.718,464.189
2190,73,255,307.938,462.541
2191,46,255,408.630,461.739
2192,136,255,460.640,466.353
2193,56,255,522.036,463.161
2194,61,255,966.336,461.943
2195,32,255,530.531,462.875
2196,66,255,1041.470,464.091
2197,52,255,1200.135,463.288
2198,51,255,1211.147,463.873
2199,28,255,602.571,462.750
2200,35,255,857.814,463.671
2201,27,255,945.093,462.722
2202,64,255,1081.812,464.172
2203,73,255,1486.116,464.541
2204,43,255,121.733,464.360
2205,20,255,392.750,464.200
2206,127,255,546.004,467.783
2207,93,255,835.317,465.758
2208,56,255,871.286,464.589
2209,66,255,902.091,466.061
2210,57,255,1386.219,465.430
2211,37,255,2.716,465.446
2212,70,255,1183.300,466.329
2213,60,255,1228.750,466.300
2214,40,255,1404.225,465.225
2215,71,255,1423.317,466.261
2216,74,255,1435.716,466.351
2217,102,255,101.716,468.108
2218,30,255,209.300,467.067
2219,42,255,349.714,467.524
2220,89,255,595.893,468.287
2221,64,255,791.688,468.719
2222,68,255,812.471,468.265
2223,25,255,1458.500,467.860
2224,116,255,175.164,470.776
2225,122,255,662.393,470.926
2226,50,255,1066.420,468.600
2227,68,255,1336.824,469.162
2228,107,255,148.818,471.257
2229,33,255,296.955,469.591
2230,119,255,890.752,472.021
2231,87,255,1021.247,470.925
2232,117,255,51.406,472.167
2233,37,255,131.068,470.446
2234,75,255,396.780,472.127
2235,48,255,416.542,471.938
2236,31,255,651.210,470.210
2237,95,255,913.795,472.468
2238,52,255,998.327,470.712
2239,49,255,1262.969,470.276
2240,42,255,1324.286,472.357
2241,75,255,1447.380,471.780
2242,122,255,954.107,474.156
2243,25,255,1151.940,471.620
2244,60,255,1520.550,472.400
2245,30,255,1598.233,472.500
2246,56,255,237.893,473.036
2247,94,255,316.245,474.170
2248,83,255,379.717,472.934
2249,65,255,489.515,473.192
2250,120,255,637.617,476.325
2251,81,255,824.463,473.747
2252,67,255,1143.187,474.545
2253,58,255,1217.931,472.500
2254,93,255,1075.263,475.866
2255,101,255,1499.312,475.391
2256,67,255,1529.276,474.321
2257,55,255,184.136,475.955
2258,101,255,195.441,477.163
2259,48,255,438.646,476.062
2260,79,255,693.095,475.627
2261,79,255,724.677,477.791
2262,97,255,745.686,477.758
2263,83,255,1115.789,476.994
2264,78,255,1245.859,476.359
2265,67,255,1483.172,476.515
2266,30,255,9.333,475.700
2267,51,255,121.069,476.539
2268,83,255,215.259,478.392
2269,35,255,227.071,476.271
2270,31,255,770.565,477.081
2271,75,255,1034.327,477.367
2272,139,255,1091.147,480.320
2273,139,255,1161.306,478.996
2274,43,255,1471.384,476.244
2275,135,255,23.419,480.544
2276,117,255,75.474,481.355
2277,38,255,287.053,476.947
2278,51,255,305.265,478.029
2279,85,255,1288.029,478.747
2280,98,255,1346.480,479.051
2281,82,255,1378.183,479.146
2282,55,255,1561.355,477.736
2283,118,255,91.398,480.203
2284,76,255,409.263,480.816
2285,63,255,678.008,479.437
2286,36,255,702.861,478.944
2287,54,255,857.759,479.093
2288,82,255,939.622,480.524
2289,146,255,367.349,481.253
2290,139,255,616.457,481.975
2291,66,255,2.864,483.030
2292,28,255,145.321,479.893
2293,47,255,428.011,480.585
2294,34,255,503.941,480.441
2295,54,255,735.130,481.907
2296,88,255,1014.773,482.523
2297,46,255,1492.913,481.348
2298,68,255,263.618,484.941
2299,58,255,273.017,482.086
2300,99,255,575.924,482.955
2301,33,255,632.197,481.742
2302,84,255,799.381,482.417
2303,50,255,1135.020,482.180
2304,62,255,553.581,483.645
2305,32,255,931.375,482.188
2306,49,255,964.888,483.276
2307,94,255,991.777,484.372
2308,54,255,1313.759,483.130
2309,81,255,1422.401,483.340
2310,70,255,1438.343,483.500
2311,53,255,1583.047,483.104
2312,61,255,38.811,485.156
2313,83,255,172.717,485.151
2314,74,255,454.892,484.689
2315,21,255,468.262,483.024
2316,65,255,862.346,485.623
2317,83,255,1184.946,485.102
2318,49,255,1467.622,485.031
2319,94,255,1552.223,486.064
2320,260,255,55.896,491.404
2321,58,255,252.103,484.897
2322,82,255,321.195,487.134
2323,48,255,475.125,485.146
2324,43,255,518.384,484.523
2325,62,255,709.242,484.968
2326,86,255,1044.756,486.465
2327,56,255,443.446,486.071
2328,65,255,654.762,486.423
2329,39,255,1594.859,485.449
2330,96,255,292.906,488.625
2331,30,255,420.700,486.067
2332,54,255,885.074,486.796
2333,127,255,763.382,493.705
2334,111,255,1240.734,490.257
2335,79,255,1299.462,488.285
2336,25,255,1538.580,486.940
2337,63,255,241.024,490.722
2338,61,255,483.975,490.467
2339,40,255,789.900,489.025
2340,58,255,975.879,489.293
2341,89,255,1529.376,491.264
2342,73,255,191.130,490.267
2343,143,255,593.948,493.395
2344,107,255,1260.238,492.285
2345,115,255,1279.039,492.761
2346,72,255,118.750,491.125
2347,56,255,523.839,491.339
2348,132,255,679.356,493.667
2349,82,255,776.573,491.195
2350,60,255,845.033,490.883
2351,76,255,1334.461,491.395
2352,41,255,398.622,491.476
2353,53,255,496.368,491.406
2354,85,255,542.100,492.935
2355,53,255,892.972,492.425
2356,46,255,1218.130,492.500
2357,98,255,1385.398,494.214
2358,83,255,1510.355,492.873
2359,24,255,85.667,491.958
2360,87,255,226.994,494.879
2361,64,255,345.828,493.734
2362,39,255,415.372,491.628
2363,59,255,465.686,493.415
2364,39,255,827.192,493.038
2365,20,255,941.600,491.050
2366,150,255,1135.860,496.427
2367,41,255,1459.744,493.110
2368,40,255,1570.200,493.900
2369,76,255,331.658,495.329
2370,71,255,555.880,494.979
2371,70,255,575.729,494.943
2372,70,255,642.329,495.800
2373,64,255,1592.797,495.438
2374,34,255,77.618,495.706
2375,51,255,247.127,496.382
2376,132,255,367.318,498.318
2377,52,255,510.442,496.827
2378,37,255,616.662,494.500
2379,84,255,817.000,497.286
2380,69,255,910.978,495.688
2381,56,255,4.411,499.429
2382,55,255,450.773,497.991
2383,40,255,629.700,497.125
2384,49,255,723.255,497.133
2385,69,255,935.428,498.022
2386,71,255,1403.472,498.542
2387,39,255,1541.346,497.346
2388,121,255,121.483,501.583
2389,94,255,208.553,500.479
2390,51,255,306.324,498.873
2391,22,255,353.500,498.136
2392,85,255,414.665,500.429
2393,35,255,441.300,498.586
2394,24,255,804.792,498.083
2395,101,255,1051.084,500.163
2396,46,255,1207.239,498.674
2397,44,255,1524.295,499.182
2398,26,255,169.231,499.038
2399,34,255,297.971,498.941
2400,45,255,488.433,500.700
2401,67,255,1030.799,500.291
2402,45,255,1066.967,499.233
2403,20,255,1343.200,498.550
2404,66,255,476.045,501.318
2405,84,255,868.714,502.202
2406,98,255,1163.276,502.480
2407,43,255,15.500,501.616
2408,111,255,396.176,504.581
2409,81,255,665.290,503.957
2410,97,255,753.686,504.345
2411,36,255,896.222,501.639
2412,128,255,1108.406,503.875
2413,203,255,1431.219,504.978
2414,55,255,1562.991,501.736
2415,47,255,259.947,502.500
2416,150,255,532.133,505.907
2417,77,255,84.630,505.409
2418,172,255,101.203,508.157
2419,75,255,1180.633,505.260
2420,149,255,175.896,510.151
2421,48,255,268.625,504.854
2422,68,255,279.412,505.618
2423,70,255,505.986,506.643
2424,58,255,689.638,504.931
2425,45,255,385.833,505.633
2426,44,255,597.886,506.091
2427,59,255,609.144,506.127
2428,63,255,648.992,505.849
2429,43,255,853.547,505.291
2430,45,255,927.900,505.900
2431,154,255,1016.422,509.799
2432,124,255,1355.831,508.871
2433,47,255,625.436,507.947
2434,62,255,904.500,507.452
2435,69,255,912.993,508.819
2436,36,255,1289.333,506.444
2437,78,255,1301.295,507.897
2438,41,255,1457.061,505.793
2439,99,255,1497.884,508.641
2440,29,255,65.672,507.569
2441,36,255,336.528,506.972
2442,112,255,437.589,510.241
2443,93,255,985.091,510.823
2444,30,255,1080.433,506.333
2445,56,255,252.643,509.982
2446,74,255,349.959,509.419
2447,65,255,562.762,509.438
2448,58,255,701.241,508.552
2449,59,255,941.059,508.534
2450,85,255,1142.594,510.124
2451,29,255,1339.293,508.259
2452,43,255,241.244,509.709
2453,76,255,286.382,512.658
2454,89,255,842.826,511.017
2455,60,255,1470.000,510.500
2456,52,255,374.846,510.538
2457,29,255,1219.845,510.224
2458,34,255,51.735,511.618
2459,113,255,201.013,513.881
2460,45,255,643.478,512.656
2461,80,255,1376.838,512.413
2462,42,255,78.310,512.738
2463,73,255,310.678,513.116
2464,44,255,632.523,513.182
2465,76,255,785.408,513.000
2466,58,255,964.759,513.034
2467,91,255,1061.852,514.291
2468,71,255,1093.007,513.824
2469,46,255,1333.261,512.261
2470,95,255,1565.616,513.711
2471,39,255,499.833,513.859
2472,80,255,555.163,515.837
2473,73,255,870.582,514.610
2474,81,255,1397.772,514.179
2475,82,255,769.317,516.232
2476,83,255,950.645,516.994
2477,144,255,1000.618,519.410
2478,87,255,14.224,518.086
2479,49,255,24.990,515.602
2480,55,255,248.027,516.391
2481,116,255,387.672,519.043
2482,117,255,467.141,518.141
2483,61,255,883.057,516.025
2484,93,255,325.468,519.091
2485,166,255,339.199,522.060
2486,68,255,724.647,517.206
2487,115,255,810.509,519.013
2488,117,255,1077.483,519.346
2489,22,255,1364.773,515.727
2490,139,255,87.946,521.629
2491,55,255,231.064,518.536
2492,85,255,367.359,519.265
2493,26,255,652.231,515.885
2494,91,255,155.698,520.225
2495,72,255,425.083,519.514
2496,64,255,741.047,520.156
2497,67,255,750.694,519.799
2498,65,255,974.746,519.392
2499,59,255,1129.398,519.347
2500,22,255,1247.364,517.500
2501,81,255,1267.167,521.278
2502,99,255,32.247,523.793
2503,91,255,124.489,521.753
2504,125,255,455.052,523.660
2505,80,255,582.825,520.938
2506,98,255,1173.306,520.673
2507,72,255,1310.986,521.333
2508,59,255,1428.280,519.907
2509,112,255,1513.107,521.562
2510,116,255,1531.603,522.457
2511,66,255,1596.621,521.848
2512,99,255,64.621,523.621
2513,54,255,216.000,520.870
2514,55,255,706.282,521.700
2515,49,255,1491.827,519.724
2516,87,255,46.534,522.178
2517,37,255,306.068,522.068
2518,40,255,1378.625,521.950
2519,82,255,693.549,523.537
2520,109,255,895.839,524.683
2521,82,255,1225.878,524.293
2522,63,255,1408.595,522.230
2523,68,255,828.529,523.868
2524,90,255,1114.867,524.422
2525,30,255,1329.533,523.200
2526,44,255,168.591,524.091
2527,82,255,663.707,526.073
2528,66,255,1345.167,525.727
2529,98,255,1365.367,527.776
2530,98,255,151.551,529.796
2531,119,255,237.870,530.063
2532,128,255,120.711,530.367
2533,79,255,201.019,527.943
2534,49,255,543.296,527.500
2535,31,255,849.919,527.016
2536,26,255,176.769,527.962
2537,72,255,556.444,530.069
2538,39,255,2.244,530.372
2539,74,255,45.824,530.554
2540,58,255,272.655,530.190
2541,70,255,288.414,531.257
2542,68,255,403.574,530.471
2543,28,255,421.464,528.821
2544,92,255,727.674,531.065
2545,112,255,629.286,531.116
2546,63,255,1412.738,532.008
2547,101,255,1572.401,532.500
2548,73,255,387.993,532.856
2549,21,255,1207.595,530.452
2550,69,255,583.891,533.196
2551,92,255,656.304,534.315
2552,52,255,789.154,532.462
2553,74,255,1022.432,533.378
2554,130,255,1069.492,535.715
2555,62,255,1549.306,533.887
2556,107,255,1588.864,534.397
2557,56,255,607.446,534.571
2558,92,255,1097.315,535.565
2559,72,255,216.500,535.833
2560,109,255,417.986,536.491
2561,90,255,484.833,536.844
2562,29,255,596.948,534.879
2563,42,255,779.167,534.881
2564,78,255,864.705,535.859
2565,140,255,352.529,538.414
2566,63,255,694.675,535.516
2567,100,255,924.660,538.010
2568,34,255,978.382,534.912
2569,90,255,1224.156,537.067
2570,39,255,1259.526,535.987
2571,31,255,1267.629,536.048
2572,76,255,1503.329,536.645
2573,101,255,327.441,538.322
2574,73,255,372.815,538.363
2575,64,255,1037.766,538.312
2576,50,255,1049.080,536.380
2577,70,255,1453.357,537.843
2578,97,255,179.325,540.644
2579,57,255,882.798,539.886
2580,84,255,544.167,540.417
2581,69,255,736.022,540.529
2582,61,255,872.582,542.287
2583,41,255,972.061,539.939
2584,40,255,1151.675,539.800
2585,30,255,1445.867,539.233
2586,40,255,192.125,541.100
2587,141,255,760.656,543.585
2588,52,255,985.115,540.750
2589,31,255,1357.435,539.855
2590,22,255,1365.909,539.318
2591,56,255,688.429,542.446
2592,93,255,1079.844,543.909
2593,28,255,1481.571,540.357
2594,83,255,7.873,543.898
2595,155,255,64.242,546.990
2596,42,255,809.476,543.214
2597,63,255,397.960,543.849
2598,64,255,673.625,545.484
2599,70,255,834.157,545.300
2600,33,255,1006.591,542.985
2601,21,255,1046.119,543.024
2602,53,255,26.802,544.896
2603,88,255,42.852,546.477
2604,39,255,220.654,545.372
2605,63,255,259.246,544.881
2606,82,255,508.780,545.341
2607,71,255,636.148,545.246
2608,61,255,1019.713,545.861
2609,51,255,1495.520,545.755
2610,120,255,521.942,549.408
2611,70,255,626.786,546.743
2612,41,255,1303.061,545.915
2613,57,255,1328.956,545.342
2614,58,255,112.793,547.138
2615,109,255,565.372,550.683
2616,35,255,578.586,545.957
2617,86,255,1377.721,547.802
2618,52,255,1473.096,546.000
2619,23,255,103.935,546.413
2620,37,255,345.041,546.905
2621,60,255,427.817,548.850
2622,74,255,1216.757,549.014
2623,58,255,1591.552,547.655
2624,176,255,88.085,552.688
2625,129,255,153.965,552.671
2626,78,255,468.295,549.628
2627,34,255,857.441,548.118
2628,105,255,892.157,551.376
2629,29,255,1143.155,548.224
2630,100,255,1285.950,551.770
2631,85,255,1361.241,549.900
2632,92,255,193.337,551.272
2633,105,255,439.452,553.224
2634,28,255,481.000,549.000
2635,51,255,750.206,550.520
2636,61,255,910.287,550.369
2637,94,255,1151.564,555.043
2638,94,255,1229.426,551.585
2639,26,255,232.962,550.962
2640,102,255,662.196,553.647
2641,64,255,1246.000,551.641
2642,77,255,168.890,553.292
2643,78,255,245.962,553.705
2644,104,255,260.990,553.000
2645,55,255,1443.518,552.900
2646,80,255,141.175,554.600
2647,129,255,379.601,557.267
2648,40,255,390.475,552.575
2649,45,255,537.678,552.789
2650,80,255,741.200,555.350
2651,53,255,774.292,554.292
2652,44,255,996.318,552.000
2653,108,255,1310.880,554.722
2654,80,255,1428.263,553.163
2655,51,255,102.559,555.010
2656,75,255,213.487,553.993
2657,31,255,1468.242,552.984
2658,58,255,1544.069,554.190
2659,48,255,1327.271,554.375
2660,63,255,123.659,556.659
2661,85,255,547.747,558.382
2662,64,255,819.516,555.891
2663,57,255,849.430,556.096
2664,78,255,953.026,556.244
2665,89,255,279.669,558.725
2666,72,255,489.097,558.083
2667,109,255,1383.683,558.454
2668,52,255,1475.192,557.077
2669,41,255,1130.159,557.354
2670,55,255,499.373,559.809
2671,82,255,933.110,559.488
2672,59,255,1100.449,558.178
2673,23,255,234.239,558.457
2674,79,255,296.184,560.791
2675,88,255,397.648,561.011
2676,83,255,710.813,560.801
2677,72,255,764.194,561.125
2678,95,255,827.184,561.637
2679,86,255,917.407,561.244
2680,78,255,985.487,560.551
2681,86,255,1409.814,560.279
2682,60,255,1513.633,560.983
2683,46,255,1524.304,560.370
2684,59,255,4.737,561.381
2685,51,255,41.520,560.402
2686,84,255,360.321,562.000
2687,102,255,600.216,562.804
2688,109,255,790.216,562.904
2689,83,255,859.982,562.813
2690,138,255,1068.986,563.616
2691,106,255,1274.330,562.396
2692,41,255,428.183,560.841
2693,39,255,580.064,561.064
2694,58,255,1033.034,562.138
2695,32,255,1349.500,560.938
2696,127,255,55.382,566.185
2697,50,255,1012.420,562.520
2698,118,255,72.381,565.424
2699,27,255,217.759,563.315
2700,114,255,627.377,567.088
2701,93,255,1188.866,566.984
2702,53,255,1566.783,565.142
2703,55,255,129.718,565.136
2704,73,255,199.719,565.692
2705,29,255,310.569,564.121
2706,63,255,645.770,565.754
2707,70,255,731.800,565.186
2708,107,255,960.827,566.706
2709,89,255,1163.657,565.410
2710,68,255,186.441,566.529
2711,121,255,255.475,568.310
2712,27,255,510.315,564.907
2713,84,255,847.357,567.702
2714,63,255,904.024,566.437
2715,36,255,1045.361,565.111
2716,34,255,1284.794,566.500
2717,64,255,1292.672,568.188
2718,29,255,329.603,565.810
2719,45,255,479.789,566.989
2720,52,255,113.231,567.827
2721,75,255,417.820,569.060
2722,79,255,532.766,568.930
2723,63,255,1588.992,568.738
2724,20,255,89.050,566.850
2725,55,255,456.245,569.536
2726,72,255,466.000,568.833
2727,50,255,929.880,568.000
2728,38,255,1000.553,568.263
2729,69,255,1213.993,569.761
2730,39,255,1399.910,568.218
2731,67,255,1501.679,568.321
2732,23,255,290.978,568.891
2733,71,255,320.387,570.894
2734,71,255,720.528,570.134
2735,54,255,804.407,570.667
2736,42,255,1360.595,569.000
2737,31,255,243.597,571.403
2738,114,255,387.298,572.851
2739,41,255,695.744,570.744
2740,82,255,1235.512,573.390
2741,57,255,1440.886,571.202
2742,90,255,1454.500,572.700
2743,46,255,336.565,572.043
2744,67,255,1084.082,571.649
2745,105,255,1144.071,575.348
2746,42,255,1255.833,571.571
2747,95,255,1331.016,573.279
2748,51,255,8.520,572.343
2749,44,255,504.864,572.750
2750,100,255,876.130,575.560
2751,52,255,1205.923,573.327
2752,35,255,1245.186,572.414
2753,100,255,1382.490,576.470
2754,128,255,1535.086,575.234
2755,32,255,1522.625,573.312
2756,60,255,306.600,575.167
2757,123,255,888.606,579.012
2758,63,255,950.595,575.167
2759,104,255,1307.183,576.029
2760,52,255,1340.827,575.500
2761,25,255,97.660,574.780
2762,80,255,177.050,576.425
2763,57,255,424.360,575.991
2764,59,255,1017.856,576.415
2765,23,255,1074.543,574.891
2766,73,255,1194.979,577.637
2767,55,255,1416.645,575.827
2768,101,255,1473.243,577.282
2769,56,255,127.946,577.143
2770,123,255,162.337,579.346
2771,103,255,194.801,577.888
2772,79,255,351.829,577.538
2773,58,255,514.190,578.172
2774,116,255,756.526,579.198
2775,72,255,676.278,578.875
2776,62,255,1428.823,579.194
2777,74,255,1560.770,578.554
2778,60,255,621.233,579.117
2779,117,255,656.056,580.679
2780,92,255,912.228,580.522
2781,92,255,982.946,580.207
2782,67,255,84.634,581.276
2783,130,255,582.669,581.692
2784,121,255,1029.946,582.045
2785,77,255,1394.942,580.526
2786,94,255,206.585,583.468
2787,133,255,782.523,584.357
2788,33,255,1086.682,579.652
2789,64,255,9.172,582.438
2790,66,255,331.848,581.924
2791,60,255,464.283,583.317
2792,45,255,494.344,581.656
2793,81,255,811.191,583.340
2794,39,255,1208.038,581.423
2795,41,255,431.793,582.451
2796,66,255,927.515,583.439
2797,67,255,1070.112,584.500
2798,61,255,478.877,584.680
2799,60,255,550.583,584.100
2800,43,255,562.988,584.500
2801,99,255,1103.561,584.611
2802,55,255,55.191,585.064
2803,32,255,73.844,583.844
2804,123,255,271.752,586.232
2805,90,255,412.000,586.000
2806,71,255,529.852,585.514
2807,82,255,642.183,586.256
2808,103,255,726.587,586.917
2809,47,255,822.160,585.160
2810,84,255,1571.274,585.940
2811,41,255,832.256,585.500
2812,52,255,1236.442,586.038
2813,45,255,1265.433,587.456
2814,93,255,1545.511,587.059
2815,78,255,1054.077,587.372
2816,107,255,1119.621,588.930
2817,48,255,1404.979,586.604
2818,73,255,1416.116,588.240
2819,94,255,100.245,590.745
2820,47,255,144.564,587.649
2821,34,255,1217.088,587.353
2822,66,255,113.318,589.591
2823,39,255,181.474,588.756
2824,72,255,972.903,589.472
2825,39,255,1184.013,588.346
2826,64,255,322.188,590.234
2827,104,255,446.990,592.808
2828,67,255,1585.291,590.470
2829,36,255,39.361,590.167
2830,42,255,625.571,590.810
2831,103,255,843.820,593.141
2832,54,255,857.259,590.111
2833,83,255,1176.560,593.898
2834,68,255,1438.162,592.044
2835,22,255,616.182,591.455
2836,87,255,1329.603,593.190
2837,135,255,299.848,594.011
2838,79,255,475.019,595.006
2839,59,255,499.517,593.246
2840,99,255,568.914,594.288
2841,23,255,432.022,592.587
2842,61,255,1203.385,594.303
2843,52,255,1390.115,594.308
2844,84,255,1561.345,595.393
2845,113,255,83.341,596.810
2846,77,255,131.604,595.357
2847,83,255,957.319,595.560
2848,53,255,1007.179,595.330
2849,114,255,1029.746,596.842
2850,69,255,240.080,596.616
2851,78,255,527.859,596.231
2852,92,255,545.391,597.196
2853,74,255,826.392,595.932
2854,93,255,1158.038,596.973
2855,60,255,340.017,597.417
2856,40,255,348.550,596.075
2857,40,255,640.225,596.075
2858,60,255,668.300,598.333
2859,25,255,792.740,596.460
2860,62,255,1054.097,599.452
2861,60,255,1083.350,597.133
2862,64,255,396.953,599.078
2863,126,255,593.849,600.246
2864,131,255,749.187,600.149
2865,48,255,919.292,598.292
2866,50,255,1108.980,597.360
2867,163,255,1229.383,601.868
2868,42,255,15.000,598.357
2869,33,255,557.136,598.379
2870,65,255,652.915,598.746
2871,58,255,717.983,598.431
2872,82,255,1138.000,599.000
2873,48,255,1459.521,598.000
2874,82,255,163.378,600.537
2875,55,255,254.864,599.755
2876,88,255,432.398,600.386
2877,144,255,683.312,602.590
2878,131,255,989.569,601.798
2879,20,255,1373.050,597.850
2880,109,255,69.610,602.839
2881,72,255,212.597,603.264
2882,58,255,375.707,601.690
2883,37,255,509.824,599.635
2884,101,255,1314.361,603.530
2885,86,255,1361.186,602.395
2886,55,255,1510.664,600.864
2887,36,255,34.722,601.417
2888,75,255,223.287,604.713
2889,37,255,265.446,602.176
2890,66,255,409.712,604.288
2891,49,255,628.255,602.031
2892,102,255,937.539,603.392
2893,97,255,333.809,606.057
2894,45,255,359.789,602.633
2895,47,255,568.564,602.862
2896,78,255,1377.962,604.756
2897,119,255,732.021,607.651
2898,36,255,1091.722,604.222
2899,82,255,318.195,607.841
2900,56,255,420.268,607.107
2901,31,255,1466.758,604.403
2902,88,255,1527.841,605.841
2903,68,255,1546.647,606.515
2904,68,255,452.441,607.544
2905,84,255,828.679,607.214
2906,45,255,908.922,606.544
2907,41,255,1564.402,608.939
2908,80,255,309.125,610.700
2909,49,255,1145.520,607.929
2910,80,255,1575.250,609.612
2911,54,255,96.741,608.315
2912,55,255,196.664,609.336
2913,74,255,286.581,610.649
2914,55,255,755.755,609.209
2915,79,255,784.120,609.816
2916,77,255,888.864,611.175
2917,96,255,1070.521,610.448
2918,122,255,1399.115,611.918
2919,67,255,474.112,611.619
2920,76,255,639.882,611.355
2921,80,255,800.888,611.175
2922,100,255,1132.100,612.310
2923,54,255,1437.778,608.815
2924,23,255,1502.674,608.370
2925,75,255,46.020,613.860
2926,25,255,145.660,609.660
2927,85,255,976.429,611.653
2928,35,255,1347.557,610.500
2929,106,255,23.123,613.877
2930,40,255,294.925,612.000
2931,51,255,382.284,612.520
2932,73,255,1102.884,612.226
2933,80,255,1169.963,613.087
2934,132,255,124.273,615.038
2935,78,255,357.026,613.654
2936,52,255,540.865,612.442
2937,82,255,1022.780,614.024
2938,114,255,1196.026,614.500
2939,163,255,1275.991,616.574
2940,64,255,1451.609,613.109
2941,74,255,36.649,615.149
2942,82,255,246.573,615.134
2943,32,255,564.156,614.312
2944,131,255,847.050,616.859
2945,83,255,916.090,616.801
2946,44,255,1092.159,614.386
2947,103,255,1156.316,617.335
2948,71,255,1466.345,613.669
2949,26,255,520.885,613.654
2950,102,255,1007.343,616.588
2951,77,255,1057.084,615.357
2952,73,255,152.390,617.048
2953,90,255,1318.822,616.867
2954,99,255,588.237,618.722
2955,39,255,904.962,616.756
2956,42,255,1592.786,616.643
2957,89,255,277.118,619.815
2958,92,255,700.076,619.228
2959,122,255,716.082,621.098
2960,45,255,1213.700,617.967
2961,72,255,1429.931,618.236
2962,61,255,679.910,619.402
2963,148,255,1415.378,622.655
2964,105,255,416.405,620.776
2965,61,255,621.385,619.418
2966,47,255,669.904,620.202
2967,91,255,810.423,621.379
2968,70,255,1038.357,620.457
2969,115,255,55.639,623.630
2970,74,255,177.851,622.311
2971,86,255,195.907,621.547
2972,101,255,226.847,622.916
2973,65,255,386.608,621.838
2974,96,255,455.365,623.240
2975,52,255,571.000,621.365
2976,69,255,778.341,620.688
2977,65,255,947.531,620.746
2978,71,255,81.190,623.458
2979,77,255,437.110,623.214
2980,90,255,514.422,624.578
2981,101,255,526.975,624.431
2982,40,255,1239.725,622.100
2983,50,255,1458.680,621.660
2984,65,255,1549.546,622.792
2985,93,255,333.973,623.866
2986,116,255,600.638,625.845
2987,27,255,1511.315,621.907
2988,40,255,1519.900,623.675
2989,36,255,1535.417,623.917
2990,117,255,10.944,625.902
2991,77,255,300.955,623.851
2992,55,255,372.082,625.845
2993,53,255,1247.160,624.255
2994,60,255,1479.983,623.733
2995,49,255,38.684,624.439
2996,28,255,317.071,623.214
2997,60,255,756.867,624.233
2998,131,255,929.683,627.225
2999,80,255,1016.013,627.450
3000,59,255,25.822,626.144
3001,106,255,92.547,629.689
3002,70,255,106.186,627.157
3003,45,255,261.367,626.278
3004,72,255,873.931,626.875
3005,90,255,1186.067,626.978
3006,99,255,161.268,628.601
3007,159,255,245.783,630.487
3008,83,255,652.801,628.331
3009,56,255,828.429,627.304
3010,34,255,1335.500,625.765
3011,46,255,123.870,627.413
3012,100,255,496.100,629.400
3013,56,255,1288.143,627.946
3014,31,255,290.306,628.403
3015,55,255,842.827,628.555
3016,64,255,908.391,629.625
3017,28,255,1067.357,627.071
3018,34,255,1448.059,627.765
3019,62,255,1501.565,628.468
3020,23,255,381.413,628.978
3021,100,255,560.820,630.930
3022,35,255,665.557,629.243
3023,35,255,1004.071,629.129
3024,68,255,1106.618,630.118
3025,66,255,1207.000,630.318
3026,61,255,1574.172,630.664
3027,28,255,325.929,629.893
3028,100,255,781.150,632.270
3029,32,255,1529.219,630.125
3030,57,255,764.518,632.132
3031,139,255,796.450,635.766
3032,36,255,1343.389,631.306
3033,60,255,1434.083,631.850
3034,84,255,73.167,635.167
3035,100,255,733.670,635.410
3036,98,255,855.122,634.520
3037,95,255,1043.742,634.921
3038,64,255,1219.750,633.562
3039,82,255,1324.549,634.110
3040,25,255,387.460,632.420
3041,36,255,629.278,633.306
3042,130,255,692.192,636.369
3043,48,255,191.917,634.812
3044,59,255,638.144,636.449
3045,26,255,715.346,634.731
3046,29,255,1273.328,633.603
3047,143,255,1303.822,636.934
3048,47,255,1365.628,635.394
3049,94,255,1454.011,637.074
3050,46,255,1597.761,636.435
3051,165,255,413.591,637.609
3052,30,255,622.400,635.833
3053,41,255,751.232,634.988
3054,55,255,973.173,635.936
3055,44,255,1135.818,635.909
3056,84,255,131.845,638.345
3057,117,255,205.833,640.568
3058,141,255,899.074,639.805
3059,99,255,1087.662,638.712
3060,54,255,1247.519,636.685
3061,109,255,1474.436,638.592
3062,64,255,102.031,639.328
3063,126,255,570.810,641.325
3064,90,255,1148.300,640.133
3065,55,255,1173.227,639.282
3066,58,255,1237.914,638.793
3067,93,255,455.758,640.995
3068,71,255,836.937,639.951
3069,52,255,51.481,642.058
3070,109,255,118.674,643.683
3071,37,255,388.635,640.365
3072,98,255,589.378,642.755
3073,38,255,1025.447,640.579
3074,75,255,1067.727,641.180
3075,85,255,1376.206,641.782
3076,65,255,1533.131,640.254
3077,66,255,317.258,642.318
3078,80,255,657.175,641.263
3079,52,255,713.712,641.923
3080,73,255,961.240,642.870
3081,72,255,1013.347,642.069
3082,55,255,1353.409,643.264
3083,106,255,1418.519,644.245
3084,61,255,537.697,642.451
3085,54,255,610.204,642.852
3086,51,255,884.029,643.324
3087,116,255,1497.698,646.647
3088,91,255,1117.632,646.973
3089,71,255,1201.782,644.866
3090,138,255,12.036,646.928
3091,46,255,224.435,645.130
3092,78,255,242.718,645.231
3093,49,255,400.173,645.031
3094,78,255,755.654,647.705
3095,27,255,808.611,643.981
3096,63,255,847.849,645.437
3097,42,255,1130.238,644.548
3098,56,255,1179.464,644.804
3099,100,255,1283.290,648.370
3100,44,255,1443.682,645.205
3101,49,255,27.867,645.643
3102,116,255,362.336,648.250
3103,124,255,430.089,648.952
3104,44,255,444.750,645.636
3105,101,255,1332.005,647.569
3106,143,255,814.773,652.458
3107,43,255,1099.686,646.663
3108,58,255,1164.328,647.276
3109,26,255,765.846,646.615
3110,45,255,1509.589,648.344
3111,125,255,185.228,650.940
3112,81,255,293.710,651.031
3113,103,255,349.112,651.917
3114,52,255,494.019,650.404
3115,32,255,1562.281,647.094
3116,26,255,1579.269,647.423
3117,102,255,730.176,651.020
3118,68,255,943.618,650.706
3119,69,255,1399.601,651.399
3120,35,255,1409.271,650.786
3121,97,255,330.706,652.284
3122,116,255,410.164,653.069
3123,92,255,621.293,652.370
3124,54,255,1041.630,650.444
3125,35,255,862.957,651.586
3126,21,255,1091.500,650.643
3127,126,255,1226.508,654.889
3128,92,255,127.283,654.467
3129,79,255,265.804,653.171
3130,37,255,1212.554,652.338
3131,74,255,157.014,655.068
3132,65,255,237.300,655.238
3133,59,255,317.602,655.449
3134,56,255,523.196,655.518
3135,73,255,654.007,656.185
3136,33,255,929.864,654.197
3137,91,255,1068.577,656.896
3138,108,255,1301.361,657.111
3139,71,255,1578.627,656.106
3140,82,255,1013.598,657.085
3141,163,255,1150.506,658.960
3142,63,255,1537.214,656.563
3143,90,255,108.767,657.644
3144,59,255,216.246,657.127
3145,73,255,480.801,657.856
3146,35,255,662.500,656.186
3147,65,255,768.269,656.685
3148,38,255,96.000,658.395
3149,62,255,144.968,659.097
3150,23,255,701.891,656.978
3151,83,255,717.404,659.367
3152,22,255,834.364,657.273
3153,55,255,1053.936,658.045
3154,106,255,1195.387,660.000
3155,72,255,1040.889,658.681
3156,107,255,1261.229,661.799
3157,45,255,1361.456,658.811
3158,79,255,1434.956,659.070
3159,145,255,271.921,664.983
3160,58,255,684.190,660.603
3161,83,255,826.620,661.681
3162,62,255,1343.290,660.194
3163,84,255,191.476,663.417
3164,86,255,441.942,661.744
3165,107,255,703.397,666.911
3166,104,255,947.875,661.971
3167,50,255,962.980,660.280
3168,52,255,1100.115,661.000
3169,86,255,1473.965,664.233
3170,60,255,36.533,661.883
3171,22,255,246.000,660.591
3172,61,255,861.795,662.107
3173,82,255,908.293,663.195
3174,70,255,996.300,662.643
3175,79,255,1415.044,664.487
3176,102,255,1459.196,663.775
3177,49,255,1547.316,662.806
3178,91,255,361.599,663.566
3179,68,255,5.221,664.971
3180,100,255,48.810,665.200
3181,37,255,169.068,663.068
3182,57,255,204.377,663.412
3183,113,255,297.013,665.509
3184,39,255,323.987,662.474
3185,90,255,594.233,665.267
3186,42,255,872.452,663.571
3187,82,255,1333.549,665.341
3188,65,255,897.162,665.623
3189,61,255,425.123,666.680
3190,58,255,525.828,666.224
3191,145,255,637.631,670.038
3192,124,255,78.250,669.105
3193,45,255,479.500,667.411
3194,60,255,503.867,666.583
3195,68,255,663.574,667.074
3196,138,255,231.406,670.942
3197,63,255,651.421,668.357
3198,81,255,728.623,668.488
3199,24,255,796.833,666.375
3200,58,255,884.310,666.948
3201,82,255,1024.854,669.866
3202,53,255,1404.217,668.443
3203,77,255,1506.123,668.110
3204,55,255,1596.627,668.027
3205,77,255,109.110,669.591
3206,58,255,345.138,669.448
3207,66,255,387.258,669.182
3208,57,255,490.798,669.096
3209,82,255,568.110,670.146
3210,60,255,675.633,669.867
3211,85,255,967.229,669.806
3212,57,255,1207.640,670.184
3213,47,255,458.181,673.202
3214,94,255,469.117,672.872
3215,64,255,826.062,671.266
3216,40,255,945.025,671.625
3217,49,255,1154.969,671.112
3218,45,255,1384.878,670.544
3219,68,255,1560.809,672.426
3220,28,255,617.179,671.071
3221,112,255,1177.938,675.884
3222,83,255,64.958,673.669
3223,53,255,983.726,672.594
3224,73,255,1067.705,673.212
3225,40,255,1527.075,673.300
3226,42,255,533.190,673.690
3227,70,255,216.171,675.714
3228,36,255,596.611,674.222
3229,77,255,1197.630,676.058
3230,89,255,1296.421,677.511
3231,113,255,288.748,678.819
3232,86,255,585.488,677.512
3233,78,255,812.295,677.256
3234,61,255,925.893,675.107
3235,34,255,1016.000,675.500
3236,39,255,145.269,676.295
3237,62,255,310.742,676.774
3238,30,255,358.800,676.233
3239,125,255,403.524,678.348
3240,67,255,752.410,677.560
3241,85,255,784.653,678.065
3242,66,255,1127.773,676.864
3243,42,255,54.119,677.476
3244,53,255,168.538,678.085
3245,73,255,373.774,678.678
3246,114,255,687.579,679.158
3247,56,255,998.607,677.964
3248,100,255,1277.760,680.540
3249,108,255,1381.843,680.065
3250,123,255,1444.980,681.289
3251,115,255,1481.917,678.883
3252,78,255,1577.654,679.154
3253,94,255,112.064,680.223
3254,103,255,1084.947,680.286
3255,40,255,1116.525,679.100
3256,57,255,773.026,681.412
3257,82,255,876.183,680.012
3258,80,255,1213.838,680.350
3259,37,255,1228.608,680.068
3260,148,255,24.568,682.892
3261,29,255,138.810,681.259
3262,42,255,548.810,680.357
3263,54,255,703.019,680.926
3264,54,255,739.259,682.019
3265,49,255,961.582,681.194
3266,89,255,1347.118,682.691
3267,75,255,1561.753,682.473
3268,44,255,1598.250,684.568
3269,78,255,331.667,685.026
3270,36,255,342.667,681.972
3271,48,255,525.792,683.104
3272,37,255,1468.932,682.851
3273,50,255,1524.440,682.320
3274,70,255,4.543,685.014
3275,86,255,564.593,684.512
3276,57,255,654.833,684.114
3277,79,255,825.614,685.462
3278,106,255,1048.670,686.245
3279,79,255,428.082,685.665
3280,67,255,906.067,684.873
3281,59,255,925.297,684.110
3282,44,255,1245.205,684.386
3283,63,255,1415.532,685.389
3284,111,255,1496.662,687.950
3285,66,255,240.576,686.758
3286,57,255,258.535,686.289
3287,64,255,446.141,686.156
3288,33,255,539.924,685.530
3289,34,255,1109.500,685.382
3290,110,255,1317.809,689.682
3291,143,255,51.948,688.990
3292,50,255,145.840,687.220
3293,59,255,598.568,687.195
3294,61,255,616.074,686.467
3295,67,255,726.067,686.903
3296,120,255,849.425,689.300
3297,59,255,1226.127,687.144
3298,99,255,1427.561,688.753
3299,74,255,347.459,689.108
3300,58,255,946.310,688.034
3301,73,255,1539.623,688.363
3302,42,255,1589.595,687.976
3303,97,255,84.479,691.046
3304,24,255,134.583,687.417
3305,39,255,169.474,687.397
3306,45,255,759.856,689.589
3307,49,255,917.276,689.418
3308,57,255,981.061,688.956
3309,62,255,1140.419,688.629
3310,82,255,1303.695,689.268
3311,74,255,1396.014,689.446
3312,56,255,70.696,690.000
3313,52,255,472.288,689.731
3314,75,255,713.873,690.767
3315,92,255,749.685,692.511
3316,57,255,788.430,689.360
3317,27,255,1022.204,689.759
3318,63,255,1265.310,689.802
3319,50,255,1484.000,689.400
3320,21,255,360.595,689.690
3321,33,255,930.833,690.258
3322,87,255,1069.247,692.684
3323,65,255,1373.885,691.208
3324,69,255,1554.457,691.138
3325,56,255,676.536,692.125
3326,69,255,808.616,692.268
3327,38,255,156.026,692.158
3328,101,255,500.658,695.698
3329,40,255,529.925,692.050
3330,72,255,991.236,693.931
3331,116,255,193.397,696.388
3332,40,255,215.725,693.950
3333,54,255,415.296,693.444
3334,60,255,1091.500,694.000
3335,130,255,1330.369,697.408
3336,73,255,251.555,695.692
3337,72,255,447.417,694.875
3338,69,255,479.225,696.196
3339,47,255,593.585,695.436
3340,74,255,651.581,694.959
3341,106,255,1150.849,695.840
3342,107,255,293.799,697.621
3343,47,255,491.585,696.351
3344,23,255,893.761,694.457
3345,31,255,963.919,694.758
3346,33,255,1077.379,695.500
3347,22,255,1233.364,694.909
3348,77,255,1274.669,696.552
3349,61,255,1345.664,695.484
3350,42,255,232.595,696.476
3351,67,255,274.530,697.142
3352,102,255,374.157,697.137
3353,30,255,517.733,696.400
3354,93,255,610.683,698.113
3355,80,255,797.538,697.675
3356,93,255,861.274,697.489
3357,75,255,1241.967,697.753
3358,63,255,1292.405,696.452
3359,119,255,1444.643,698.727
3360,37,255,327.365,697.554
3361,21,255,335.929,697.119
3362,137,255,562.172,701.179
3363,124,255,1105.210,701.089
3364,51,255,13.775,699.559
3365,88,255,682.170,699.750
3366,64,255,822.812,698.828
3367,71,255,1037.077,699.134
3368,135,255,114.693,702.367
3369,62,255,636.484,699.742
3370,122,255,1208.369,704.369
3371,57,255,1467.202,700.325
3372,31,255,1593.113,698.661
3373,116,255,316.172,703.517
3374,53,255,536.538,701.368
3375,32,255,888.406,699.531
3376,113,255,923.757,703.544
3377,48,255,978.792,700.604
3378,103,255,1127.325,701.587
3379,65,255,1364.900,700.700
3380,83,255,1394.681,701.873
3381,49,255,1483.622,700.010
3382,93,255,386.124,703.038
3383,129,255,426.484,704.012
3384,157,255,958.073,705.602
3385,129,255,76.314,706.221
3386,125,255,150.780,704.228
3387,79,255,242.044,704.184
3388,26,255,877.808,701.654
3389,84,255,1217.429,705.369
3390,124,255,1254.355,705.782
3391,36,255,1424.889,702.694
3392,68,255,1550.603,702.897
3393,54,255,5.333,705.370
3394,35,255,165.957,703.729
3395,57,255,1004.991,704.816
3396,57,255,1511.605,704.254
3397,107,255,62.145,707.678
3398,51,255,1406.343,706.794
3399,76,255,1524.671,707.526
3400,23,255,269.283,705.413
3401,70,255,335.314,707.271
3402,75,255,714.580,707.100
3403,43,255,943.384,706.384
3404,65,255,1489.915,708.054
3405,215,255,36.342,711.672
3406,86,255,506.140,709.233
3407,123,255,814.394,709.972
3408,64,255,1014.359,709.250
3409,117,255,130.372,710.509
3410,30,255,252.567,708.200
3411,55,255,480.573,709.045
3412,51,255,886.049,707.794
3413,55,255,1061.973,708.373
3414,29,255,1293.397,707.155
3415,43,255,275.453,709.756
3416,21,255,1169.405,708.690
3417,121,255,212.302,713.211
3418,29,255,290.397,709.259
3419,57,255,365.149,710.640
3420,73,255,753.788,711.774
3421,117,255,447.150,714.064
3422,108,255,671.407,714.769
3423,82,255,783.659,712.171
3424,91,255,980.434,712.786
3425,95,255,1158.342,712.995
3426,58,255,1243.190,712.207
3427,39,255,1365.167,711.577
3428,23,255,1385.717,711.196
3429,20,255,1498.600,710.550
3430,62,255,172.129,712.758
3431,52,255,196.327,712.538
3432,20,255,408.150,712.250
3433,81,255,528.117,713.364
3434,42,255,660.095,713.143
3435,121,255,727.409,714.508
3436,116,255,1140.871,714.957
3437,60,255,1553.250,714.117
3438,58,255,1562.655,713.828
3439,51,255,1596.931,713.755
3440,130,255,609.092,716.208
3441,49,255,683.418,714.153
3442,41,255,805.549,714.378
3443,23,255,1093.978,712.804
3444,88,255,159.057,716.955
3445,72,255,235.625,715.722
3446,77,255,310.032,716.175
3447,90,255,576.678,716.300
3448,66,255,591.379,714.924
3449,68,255,858.412,715.603
3450,134,255,1312.776,718.149
3451,39,255,487.449,715.808
3452,38,255,692.368,715.789
3453,51,255,1067.206,716.069
3454,35,255,1193.786,714.729
3455,20,255,1396.350,713.550
3456,92,255,1575.935,716.793
3457,76,255,9.921,717.487
3458,118,255,142.619,720.034
3459,42,255,270.048,716.048
3460,77,255,339.162,717.721
3461,34,255,398.235,717.500
3462,58,255,471.431,718.000
3463,157,255,1334.309,721.169
3464,82,255,291.549,719.207
3465,36,255,1057.833,720.139
3466,59,255,175.873,719.754
3467,138,255,554.283,723.123
3468,137,255,766.529,721.865
3469,52,255,885.038,719.308
3470,102,255,919.745,722.461
3471,22,255,117.409,720.545
3472,42,255,319.000,721.833
3473,42,255,411.643,721.548
3474,110,255,869.027,724.227
3475,56,255,1086.768,721.839
3476,27,255,1365.130,720.389
3477,108,255,647.250,725.102
3478,65,255,942.408,723.362
3479,71,255,1469.585,723.768
3480,76,255,184.276,725.776
3481,26,255,532.538,722.577
3482,52,255,1241.981,723.442
3483,54,255,1302.648,725.685
3484,126,255,1395.563,725.968
3485,51,255,352.735,724.049
3486,117,255,1160.141,727.483
3487,75,255,1485.073,725.980
3488,116,255,479.526,728.310
3489,58,255,690.638,725.655
3490,82,255,797.634,726.610
3491,59,255,1597.314,728.415
3492,59,255,215.398,727.364
3493,90,255,279.311,727.822
3494,98,255,704.561,728.214
3495,133,255,729.056,728.102
3496,85,255,831.076,728.876
3497,75,255,993.793,726.980
3498,35,255,1260.586,726.043
3499,133,255,253.132,729.741
3500,46,255,663.000,727.848
3501,60,255,857.533,729.317
3502,84,255,1097.262,729.440
3503,76,255,1117.447,728.355
3504,34,255,1521.412,726.941
3505,75,255,445.380,729.047
3506,67,255,580.500,729.321
3507,33,255,627.621,728.227
3508,85,255,1368.300,728.971
3509,65,255,1530.223,729.577
3510,115,255,1546.770,734.135
3511,61,255,49.910,730.205
3512,80,255,105.737,730.325
3513,67,255,536.754,730.410
3514,68,255,1279.250,729.897
3515,76,255,324.724,731.579
3516,78,255,906.667,732.551
3517,110,255,1225.518,732.927
3518,105,255,1439.081,732.357
3519,135,255,31.456,734.507
3520,109,255,196.950,733.821
3521,43,255,360.244,730.849
3522,52,255,752.904,732.635
3523,47,255,842.096,731.628
3524,70,255,890.571,732.043
3525,71,255,134.303,732.669
3526,65,255,504.869,732.900
3527,119,255,779.122,735.903
3528,145,255,1191.693,734.748
3529,49,255,1207.235,734.296
3530,53,255,15.085,735.840
3531,96,255,158.875,736.927
3532,48,255,640.688,734.708
3533,65,255,1510.962,736.223
3534,122,255,1563.328,739.221
3535,69,255,452.138,738.486
3536,79,255,464.348,738.614
3537,59,255,554.076,736.347
3538,94,255,601.436,737.574
3539,99,255,1139.035,738.843
3540,65,255,1478.900,737.946
3541,35,255,4.671,737.786
3542,38,255,55.211,737.895
3543,43,255,293.430,738.151
3544,82,255,683.805,738.305
3545,65,255,698.131,738.854
3546,60,255,1068.983,738.867
3547,67,255,1079.037,738.127
3548,62,255,1119.210,738.532
3549,46,255,1293.196,738.283
3550,45,255,1394.056,737.367
3551,42,255,1414.929,737.738
3552,72,255,1457.000,737.542
3553,155,255,387.410,741.706
3554,76,255,1029.855,741.434
3555,91,255,1329.170,740.060
3556,109,255,1427.408,741.005
3557,89,255,215.185,742.039
3558,62,255,401.758,740.210
3559,67,255,938.948,740.172
3560,120,255,116.525,743.775
3561,34,255,286.000,740.353
3562,111,255,357.392,744.950
3563,35,255,799.414,740.071
3564,74,255,1038.865,742.595
3565,69,255,1524.181,741.341
3566,72,255,1594.014,742.597
3567,49,255,97.031,741.929
3568,59,255,253.144,741.551
3569,154,255,724.792,745.643
3570,71,255,1000.993,742.838
3571,42,255,244.738,742.714
3572,88,255,331.966,743.648
3573,73,255,760.199,743.911
3574,74,255,845.405,743.919
3575,55,255,1315.791,742.355
3576,80,255,1577.362,743.600
3577,31,255,513.048,742.919
3578,129,255,642.740,745.221
3579,170,255,614.565,749.053
3580,90,255,667.822,746.589
3581,93,255,785.349,746.704
3582,56,255,836.946,745.929
3583,86,255,948.837,746.209
3584,147,255,1259.799,747.418
3585,162,255,1366.364,748.821
3586,45,255,1446.189,744.411
3587,81,255,61.191,745.377
3588,50,255,81.740,745.780
3589,55,255,553.391,745.882
3590,40,255,1206.000,746.150
3591,32,255,171.750,746.469
3592,37,255,233.095,745.446
3593,46,255,1010.087,747.174
3594,40,255,1053.425,746.550
3595,58,255,1163.793,746.483
3596,83,255,522.934,748.873
3597,84,255,807.560,750.905
3598,82,255,1243.768,749.366
3599,65,255,204.377,749.531
3600,38,255,281.421,748.158
3601,82,255,572.049,749.890
3602,104,255,888.337,751.269
3603,69,255,909.833,749.138
3604,92,255,1351.130,750.500
3605,68,255,1455.162,750.176
3606,67,255,12.634,750.455
3607,33,255,32.470,748.924
3608,64,255,272.703,750.266
3609,41,255,428.963,749.817
3610,44,255,457.659,748.909
3611,103,255,500.189,751.568
3612,20,255,687.700,749.250
3613,48,255,815.458,750.396
3614,57,255,828.605,750.623
3615,54,255,1546.333,750.741
3616,35,255,415.614,750.471
3617,36,255,586.778,750.889
3618,145,255,858.479,753.652
3619,52,255,875.442,751.904
3620,52,255,1193.904,750.404
3621,73,255,1230.445,751.500
3622,57,255,1408.570,750.939
3623,36,255,1476.139,750.833
3624,75,255,224.353,752.633
3625,44,255,397.341,751.750
3626,53,255,445.160,752.142
3627,55,255,487.591,751.609
3628,25,255,1063.260,751.100
3629,63,255,1109.310,753.262
3630,59,255,1394.890,753.144
3631,48,255,1420.771,752.271
3632,57,255,51.886,753.781
3633,44,255,195.000,755.409
3634,79,255,250.095,753.880
3635,76,255,925.066,754.500
3636,74,255,324.068,756.122
3637,37,255,800.392,755.284
3638,80,255,1310.138,755.513
3639,85,255,1326.418,755.559
3640,46,255,1512.674,755.196
3641,121,255,163.880,758.880
3642,49,255,1205.214,756.990
3643,54,255,378.185,756.981
3644,44,255,416.432,757.386
3645,47,255,789.947,757.330
3646,61,255,1179.352,758.123
3647,120,255,998.658,760.283
3648,66,255,1023.591,759.197
3649,48,255,1149.000,758.625
3650,33,255,1298.379,758.439
3651,71,255,287.838,760.176
3652,66,255,518.818,760.076
3653,68,255,564.750,760.632
3654,102,255,761.608,760.735
3655,141,255,842.266,762.174
3656,72,255,1135.306,760.847
3657,82,255,129.598,761.756
3658,73,255,429.582,761.651
3659,79,255,462.854,761.715
3660,104,255,688.933,763.433
3661,51,255,742.755,760.676
3662,59,255,973.703,761.364
3663,88,255,1161.307,761.886
3664,42,255,1197.333,760.095
3665,46,255,310.826,761.435
3666,77,255,398.760,762.292
3667,122,255,725.172,763.148
3668,56,255,1034.018,761.964
3669,86,255,1076.209,762.744
3670,99,255,1508.995,763.399
3671,90,255,41.078,764.033
3672,144,255,109.826,766.431
3673,57,255,182.465,762.939
3674,80,255,548.925,764.450
3675,97,255,610.129,763.892
3676,131,255,665.607,765.897
3677,51,255,1103.735,763.324
3678,82,255,1274.049,763.902
3679,121,255,1345.004,765.583
3680,22,255,699.500,764.000
3681,133,255,1419.357,766.650
3682,76,255,1444.079,766.447
3683,53,255,73.236,766.349
3684,159,255,229.739,768.852
3685,69,255,301.355,765.529
3686,89,255,639.758,765.624
3687,79,255,709.627,766.361
3688,58,255,910.828,764.897
3689,81,255,939.056,767.265
3690,66,255,1323.424,764.894
3691,114,255,7.246,770.614
3692,70,255,483.629,766.457
3693,57,255,873.605,765.763
3694,62,255,1042.855,766.661
3695,85,255,1120.571,767.241
3696,83,255,1563.187,766.464
3697,73,255,246.993,767.445
3698,62,255,275.919,768.242
3699,65,255,343.977,766.838
3700,144,255,498.424,770.465
3701,32,255,882.094,766.938
3702,31,255,929.500,766.661
3703,60,255,1148.433,767.683
3704,118,255,1538.076,767.322
3705,72,255,1581.208,767.514
3706,96,255,146.740,771.615
3707,33,255,196.076,767.409
3708,51,255,1303.127,767.147
3709,65,255,1457.254,768.838
3710,57,255,375.412,768.939
3711,63,255,519.135,769.071
3712,44,255,652.705,769.318
3713,89,255,1188.455,770.500
3714,22,255,1288.545,767.500
3715,152,255,23.447,772.217
3716,38,255,327.842,769.211
3717,33,255,573.652,769.258
3718,104,255,865.731,772.538
3719,51,255,964.775,771.657
3720,42,255,1199.643,769.786
3721,65,255,386.623,771.023
3722,83,255,1235.139,770.994
3723,106,255,540.547,774.538
3724,51,255,759.265,771.676
3725,84,255,787.274,772.310
3726,75,255,1054.113,773.313
3727,81,255,59.043,774.142
3728,60,255,461.817,772.833
3729,48,255,1223.896,773.312
3730,25,255,1598.300,773.340
3731,25,255,530.820,774.020
3732,91,255,599.280,775.148
3733,127,255,974.634,778.610
3734,67,255,1360.440,774.709
3735,60,255,555.900,775.617
3736,41,255,744.329,774.720
3737,114,255,996.175,780.070
3738,73,255,1030.048,775.212
3739,88,255,1212.455,777.159
3740,64,255,1371.812,775.500
3741,23,255,312.457,774.283
3742,47,255,989.202,776.138
3743,40,255,1269.100,774.650
3744,62,255,1386.419,775.887
3745,132,255,206.023,778.886
3746,107,255,251.864,780.659
3747,56,255,366.821,776.946
3748,88,255,438.227,778.341
3749,78,255,1079.731,777.423
3750,102,255,285.078,780.255
3751,82,255,423.695,779.098
3752,87,255,1063.339,779.741
3753,64,255,1095.641,778.266
3754,77,255,1303.331,778.890
3755,58,255,263.879,779.552
3756,99,255,317.884,781.096
3757,119,255,408.693,781.088
3758,81,255,624.451,780.340
3759,20,255,956.100,778.000
3760,61,255,1340.828,778.648
3761,113,255,1435.217,781.535
3762,62,255,115.274,780.113
3763,55,255,640.936,781.155
3764,54,255,656.074,779.907
3765,141,255,807.521,782.940
3766,126,255,1473.302,782.135
3767,73,255,1510.116,780.582
3768,114,255,1569.684,782.404
3769,60,255,340.050,781.533
3770,70,255,350.214,781.614
3771,82,255,467.646,781.829
3772,141,255,718.259,784.238
3773,44,255,756.205,780.295
3774,53,255,906.425,781.387
3775,84,255,1019.774,782.643
3776,125,255,1109.916,784.076
3777,53,255,1548.255,780.972
3778,65,255,154.331,782.685
3779,54,255,1196.833,781.556
3780,70,255,1488.414,782.857
3781,21,255,228.357,780.976
3782,72,255,677.389,783.403
3783,67,255,791.813,783.813
3784,77,255,882.968,784.292
3785,70,255,895.829,783.629
3786,62,255,947.339,783.677
3787,54,255,1528.074,783.519
3788,76,255,168.197,784.105
3789,65,255,389.023,784.392
3790,105,255,834.024,784.729
3791,83,255,1272.898,784.452
3792,45,255,429.522,785.811
3793,58,255,736.069,785.034
3794,125,255,919.892,786.004
3795,90,255,1128.589,785.889
3796,74,255,1537.041,787.189
3797,92,255,6.326,788.283
3798,143,255,83.444,788.990
3799,71,255,128.289,786.852
3800,96,255,857.896,787.917
3801,73,255,1143.212,786.158
3802,68,255,607.971,786.368
3803,106,255,1032.840,789.660
3804,31,255,1204.500,786.887
3805,83,255,1286.006,787.910
3806,70,255,1343.057,787.443
3807,66,255,66.212,788.727
3808,70,255,136.900,790.214
3809,100,255,524.390,789.130
3810,34,255,26.324,787.588
3811,63,255,1051.579,789.897
3812,28,255,1183.500,787.821
3813,157,255,1391.099,792.831
3814,53,255,1413.991,789.575
3815,26,255,178.192,788.692
3816,72,255,236.444,790.597
3817,50,255,457.820,790.580
3818,46,255,752.696,789.457
3819,59,255,41.771,790.771
3820,53,255,215.670,791.500
3821,22,255,223.909,790.273
3822,33,255,271.106,789.924
3823,25,255,398.860,789.220
3824,73,255,478.664,791.418
3825,47,255,560.181,790.543
3826,72,255,696.889,791.597
3827,61,255,1373.418,791.156
3828,50,255,52.420,792.420
3829,72,255,101.569,793.250
3830,80,255,115.438,793.288
3831,29,255,204.224,791.362
3832,44,255,502.386,791.682
3833,36,255,633.306,791.139
3834,53,255,1162.821,792.387
3835,78,255,1231.410,792.641
3836,26,255,1362.654,791.154
3837,89,255,348.938,794.006
3838,74,255,493.649,794.662
3839,51,255,685.480,793.088
3840,138,255,1067.058,795.667
3841,62,255,1178.726,795.290
3842,72,255,1495.292,793.458
3843,50,255,657.160,793.540
3844,84,255,740.821,795.036
3845,50,255,1151.920,794.640
3846,154,255,1264.091,797.630
3847,111,255,298.779,796.806
3848,89,255,335.174,796.646
3849,25,255,365.060,793.820
3850,40,255,599.075,795.300
3851,57,255,622.430,795.518
3852,72,255,871.750,795.222
3853,68,255,906.985,795.765
3854,67,255,953.187,795.575
3855,103,255,1566.578,797.947
3856,34,255,174.500,796.382
3857,67,255,789.201,796.246
3858,73,255,186.349,798.678
3859,28,255,195.464,795.893
3860,76,255,268.711,798.013
3861,61,255,383.287,798.549
3862,71,255,391.655,798.683
3863,85,255,758.029,797.618
3864,43,255,994.384,797.058
3865,33,255,1082.955,795.348
3866,66,255,1208.348,797.030
3867,58,255,1292.552,797.293
3868,24,255,1426.958,795.625
3869,87,255,22.626,798.661
3870,36,255,373.389,797.083
3871,56,255,409.768,797.446
3872,44,255,819.045,797.932
3873,83,255,966.211,798.910
3874,48,255,1119.854,797.646
3875,69,255,1473.225,797.862
3876,56,255,35.143,799.804
3877,67,255,59.963,799.560
3878,42,255,532.405,798.667
3879,90,255,806.522,800.111
3880,59,255,1093.975,799.517
3881,116,255,1343.500,801.345
3882,69,255,480.413,799.587
3883,23,255,827.717,799.196
3884,77,255,924.305,802.175
3885,76,255,1005.224,800.803
3886,89,255,1109.421,801.669
3887,54,255,1309.333,800.315
3888,100,255,1408.600,800.740
3889,35,255,1535.614,799.186
3890,80,255,1579.688,800.788
3891,62,255,286.581,801.952
3892,47,255,419.202,801.457
3893,45,255,464.967,801.389
3894,111,255,509.410,803.635
3895,59,255,702.992,801.229
3896,64,255,936.797,801.406
3897,38,255,452.842,801.132
3898,49,255,661.704,801.847
3899,48,255,725.000,801.625
3900,55,255,891.845,802.482
3901,85,255,985.112,803.229
3902,66,255,1024.015,801.727
3903,31,255,1282.952,801.629
3904,32,255,3.344,802.438
3905,87,255,159.144,804.040
3906,47,255,554.223,803.585
3907,40,255,672.300,802.625
3908,67,255,1437.709,803.784
3909,42,255,137.881,803.595
3910,44,255,1052.000,804.000
3911,95,255,1325.068,805.437
3912,39,255,45.910,805.013
3913,53,255,244.066,805.047
3914,116,255,636.612,807.121
3915,66,255,1356.773,805.364
3916,37,255,1428.797,804.770
3917,101,255,1504.084,806.045
3918,31,255,1598.177,805.403
3919,110,255,113.845,808.900
3920,35,255,356.814,804.586
3921,46,255,429.870,805.391
3922,80,255,565.250,806.500
3923,87,255,683.466,806.638
3924,65,255,1181.685,806.592
3925,88,255,1459.557,806.864
3926,73,255,882.158,807.445
3927,56,255,905.500,807.000
3928,97,255,540.139,808.500
3929,34,255,625.088,807.382
3930,121,255,771.326,809.938
3931,114,255,861.921,811.079
3932,116,255,1134.388,810.000
3933,53,255,1210.613,808.142
3934,148,255,1224.426,810.669
3935,136,255,196.926,810.868
3936,63,255,520.738,809.738
3937,35,255,18.614,809.071
3938,90,255,96.200,810.911
3939,40,255,651.950,809.475
3940,86,255,998.337,811.163
3941,121,255,1379.533,812.169
3942,70,255,265.971,810.514
3943,64,255,318.844,811.781
3944,98,255,605.612,812.398
3945,58,255,743.517,810.931
3946,91,255,826.533,812.115
3947,92,255,943.348,811.924
3948,61,255,1118.992,811.533
3949,71,255,1475.669,811.599
3950,107,255,1488.079,812.472
3951,73,255,134.171,812.459
3952,114,255,478.921,813.939
3953,41,255,721.085,811.159
3954,134,255,1029.463,816.500
3955,31,255,1063.113,810.855
3956,112,255,1152.304,812.866
3957,47,255,1306.585,811.138
3958,71,255,1578.458,812.401
3959,109,255,214.206,814.344
3960,21,255,280.071,812.595
3961,65,255,290.608,812.500
3962,86,255,336.209,813.570
3963,72,255,421.792,814.306
3964,53,255,870.877,813.255
3965,42,255,1253.381,812.905
3966,69,255,1529.833,813.428
3967,66,255,80.515,814.136
3968,89,255,236.826,816.579
3969,50,255,1267.060,814.020
3970,118,255,1284.305,816.212
3971,100,255,1394.020,816.830
3972,43,255,1404.058,814.477
3973,35,255,353.043,814.586
3974,58,255,362.983,815.931
3975,73,255,451.473,816.199
3976,73,255,657.377,815.651
3977,76,255,920.618,815.592
3978,49,255,246.337,815.929
3979,27,255,371.796,815.389
3980,76,255,670.000,816.408
3981,35,255,762.671,815.529
3982,29,255,1197.431,815.534
3983,106,255,1351.509,819.481
3984,43,255,1411.942,815.988
3985,39,255,582.449,816.859
3986,68,255,976.324,817.426
3987,45,255,1235.922,817.122
3988,158,255,154.741,821.962
3989,159,255,392.204,821.292
3990,69,255,595.065,818.761
3991,45,255,1014.589,817.011
3992,40,255,1552.950,817.600
3993,47,255,265.564,817.947
3994,46,255,1541.609,818.174
3995,79,255,636.804,820.601
3996,62,255,909.065,820.242
3997,45,255,1058.144,818.944
3998,97,255,1262.180,822.242
3999,97,255,704.356,821.552
4000,98,255,721.745,822.071
4001,65,255,737.300,821.346
4002,71,255,885.824,821.077
4003,35,255,1363.929,820.586
4004,71,255,1508.148,820.782
4005,114,255,1566.807,822.333
4006,83,255,170.608,823.307
4007,98,255,516.990,823.214
4008,58,255,556.224,822.000
4009,33,255,1300.591,820.955
4010,84,255,1447.571,823.321
4011,34,255,198.500,821.853
4012,83,255,542.886,822.729
4013,71,255,1043.486,823.218
4014,47,255,1214.926,823.181
4015,55,255,1246.627,822.264
4016,24,255,1342.708,821.375
4017,109,255,317.784,825.317
4018,23,255,434.761,822.891
4019,36,255,826.806,822.806
4020,77,255,850.162,825.136
4021,77,255,1097.552,824.409
4022,41,255,1199.768,823.866
4023,52,255,45.000,824.500
4024,58,255,581.534,825.086
4025,37,255,815.878,824.122
4026,53,255,939.500,824.821
4027,76,255,1155.868,825.500
4028,21,255,1181.167,823.214
4029,41,255,1327.524,824.232
4030,44,255,70.818,825.659
4031,42,255,490.905,825.857
4032,70,255,504.629,826.629
4033,31,255,765.726,824.435
4034,96,255,1086.156,828.562
4035,84,255,1473.440,828.940
4036,74,255,984.581,828.797
4037,83,255,1114.018,827.873
4038,63,255,1415.659,827.294
4039,111,255,460.140,830.572
4040,129,255,1062.802,831.174
4041,55,255,1481.882,828.445
4042,114,255,7.956,830.667
4043,78,255,28.269,830.179
4044,141,255,218.032,831.557
4045,53,255,347.066,830.274
4046,56,255,475.321,829.500
4047,79,255,667.816,830.323
4048,34,255,686.500,827.765
4049,104,255,1284.077,830.423
4050,25,255,1555.060,827.540
4051,33,255,62.561,828.318
4052,133,255,120.951,832.763
4053,133,255,194.214,831.650
4054,57,255,238.518,829.746
4055,49,255,281.929,830.173
4056,122,255,956.279,832.049
4057,64,255,1236.984,830.938
4058,86,255,1304.814,831.872
4059,65,255,1436.869,831.315
4060,95,255,92.247,831.774
4061,63,255,360.008,831.754
4062,59,255,627.517,830.839
4063,77,255,831.773,831.422
4064,70,255,1023.843,831.500
4065,66,255,1391.636,830.848
4066,26,255,992.654,831.077
4067,53,255,1506.783,831.330
4068,210,255,427.024,836.562
4069,72,255,807.778,832.972
4070,101,255,1180.936,835.876
4071,64,255,1193.484,834.312
4072,29,255,1329.224,832.017
4073,165,255,1342.136,835.312
4074,53,255,1404.557,833.085
4075,57,255,539.833,834.272
4076,96,255,567.656,835.573
4077,35,255,604.500,833.271
4078,40,255,639.775,833.500
4079,59,255,678.364,834.720
4080,158,255,723.000,837.943
4081,75,255,784.553,834.367
4082,65,255,1007.623,834.346
4083,53,255,1539.387,833.311
4084,53,255,43.387,834.915
4085,125,255,176.836,839.916
4086,47,255,271.160,834.968
4087,65,255,371.331,836.331
4088,103,255,408.053,836.723
4089,54,255,589.685,834.833
4090,42,255,695.571,834.429
4091,155,255,855.642,838.629
4092,104,255,895.837,836.356
4093,83,255,1208.114,835.765
4094,76,255,1586.118,835.934
4095,158,255,1133.367,839.399
4096,37,255,1370.986,834.662
4097,80,255,155.938,837.650
4098,77,255,533.461,840.565
4099,111,255,768.185,838.707
4100,46,255,883.826,836.978
4101,72,255,1221.778,837.069
4102,36,255,1564.167,835.750
4103,50,255,25.900,837.880
4104,62,255,318.403,838.387
4105,34,255,390.324,837.676
4106,53,255,510.745,837.896
4107,87,255,1083.086,839.397
4108,25,255,1.740,839.540
4109,104,255,142.077,841.567
4110,102,255,258.078,840.686
4111,134,255,913.813,841.194
4112,57,255,1030.167,839.693
4113,36,255,1293.500,838.528
4114,55,255,1466.191,839.136
4115,111,255,445.959,841.761
4116,53,255,1315.538,840.028
4117,27,255,1381.574,839.056
4118,66,255,1529.894,840.212
4119,66,255,128.348,841.803
4120,112,255,299.089,843.982
4121,53,255,486.840,841.179
4122,76,255,629.355,841.395
4123,49,255,658.316,840.745
4124,40,255,991.550,840.325
4125,69,255,1147.442,841.601
4126,77,255,1259.344,841.123
4127,79,255,1497.310,842.234
4128,101,255,244.114,843.906
4129,96,255,281.646,843.479
4130,39,255,381.500,841.577
4131,85,255,1116.359,842.971
4132,115,255,599.204,845.535
4133,64,255,1356.703,844.484
4134,86,255,1367.698,845.442
4135,38,255,1391.000,842.237
4136,34,255,1517.941,842.324
4137,40,255,333.950,842.950
4138,83,255,364.175,844.994
4139,48,255,747.292,844.042
4140,144,255,793.903,851.514
4141,28,255,935.214,842.429
4142,94,255,1541.840,847.702
4143,85,255,49.241,846.029
4144,50,255,342.420,844.640
4145,93,255,949.618,846.210
4146,104,255,1018.962,848.596
4147,90,255,1052.922,846.389
4148,58,255,1297.897,845.931
4149,32,255,1577.344,843.875
4150,160,255,83.925,848.744
4151,44,255,559.432,845.591
4152,67,255,584.201,846.246
4153,50,255,804.280,846.540
4154,32,255,876.625,844.969
4155,97,255,964.943,847.139
4156,148,255,65.635,848.973
4157,64,255,399.016,846.500
4158,49,255,524.929,847.541
4159,34,255,1226.412,847.647
4160,31,255,1246.210,847.048
4161,74,255,264.730,850.365
4162,94,255,508.500,850.894
4163,61,255,552.484,850.090
4164,130,255,705.162,849.569
4165,81,255,1007.340,853.130
4166,25,255,1209.220,847.420
4167,59,255,684.975,850.195
4168,111,255,985.158,852.212
4169,46,255,1258.196,849.000
4170,124,255,1332.492,852.145
4171,20,255,1461.000,848.000
4172,43,255,36.616,850.686
4173,59,255,186.771,851.025
4174,33,255,1169.742,851.682
4175,48,255,1236.208,851.354
4176,97,255,1317.851,852.222
4177,123,255,1393.768,853.093
4178,83,255,1551.982,852.006
4179,47,255,108.670,851.372
4180,105,255,225.662,853.348
4181,49,255,461.724,852.276
4182,100,255,666.120,853.810
4183,120,255,737.983,853.108
4184,49,255,838.582,851.969
4185,51,255,855.225,852.461
4186,61,255,1155.779,851.975
4187,28,255,1427.714,850.321
4188,64,255,871.234,855.922
4189,57,255,891.974,853.061
4190,61,255,1032.074,852.877
4191,115,255,1076.317,854.700
4192,111,255,1181.293,855.095
4193,30,255,1447.300,852.400
4194,94,255,1587.489,855.543
4195,32,255,201.406,852.781
4196,31,255,274.435,853.145
4197,38,255,1484.553,853.658
4198,63,255,1500.341,854.246
4199,149,255,1522.104,856.037
4200,189,255,26.034,859.860
4201,37,255,1269.338,855.014
4202,23,255,1415.674,854.065
4203,73,255,336.240,856.856
4204,51,255,600.363,855.225
4205,67,255,637.381,856.903
4206,26,255,776.192,855.038
4207,147,255,931.820,859.241
4208,48,255,1053.021,855.542
4209,73,255,1128.267,856.390
4210,26,255,1218.115,855.154
4211,21,255,210.833,856.167
4212,109,255,306.078,860.060
4213,84,255,324.214,858.440
4214,59,255,404.975,857.788
4215,81,255,440.636,858.895
4216,44,255,449.455,856.568
4217,94,255,915.191,858.074
4218,42,255,45.690,857.952
4219,45,255,140.344,857.411
4220,76,255,165.618,857.829
4221,62,255,291.887,858.290
4222,51,255,647.951,857.559
4223,57,255,816.746,858.342
4224,70,255,1304.000,858.071
4225,52,255,7.827,858.423
4226,88,255,351.364,859.386
4227,88,255,364.614,861.295
4228,42,255,950.214,858.143
4229,90,255,964.311,859.678
4230,170,255,1357.382,863.394
4231,89,255,1576.713,860.758
4232,136,255,240.728,862.463
4233,93,255,1112.984,861.726
4234,48,255,119.750,860.875
4235,123,255,701.793,862.581
4236,42,255,1063.738,861.119
4237,83,255,1102.006,864.030
4238,44,255,1340.523,861.409
4239,38,255,55.789,861.895
4240,68,255,277.176,862.897
4241,60,255,393.000,861.500
4242,117,255,680.919,863.714
4243,41,255,731.695,861.695
4244,122,255,1429.730,864.197
4245,66,255,1489.106,862.212
4246,74,255,66.446,863.459
4247,56,255,101.161,863.839
4248,40,255,199.400,863.525
4249,61,255,427.533,863.057
4250,61,255,525.205,862.861
4251,58,255,898.914,862.414
4252,129,255,1446.787,865.043
4253,21,255,621.738,862.548
4254,57,255,666.272,863.868
4255,63,255,839.246,865.325
4256,111,255,853.050,864.887
4257,20,255,886.850,863.100
4258,47,255,513.564,865.351
4259,107,255,544.509,867.332
4260,66,255,558.364,865.682
4261,84,255,597.071,866.774
4262,40,255,608.725,865.175
4263,35,255,830.329,864.071
4264,53,255,1165.500,864.575
4265,99,255,1218.167,866.621
4266,52,255,1380.692,864.904
4267,46,255,140.674,865.500
4268,49,255,532.622,866.255
4269,177,255,569.438,870.771
4270,32,255,1047.656,864.656
4271,30,255,1.600,868.433
4272,107,255,214.500,869.322
4273,49,255,1024.153,865.786
4274,72,255,1140.653,867.736
4275,95,255,1246.226,869.079
4276,92,255,1293.043,869.543
4277,56,255,111.911,869.411
4278,60,255,489.050,869.033
4279,40,255,866.875,867.000
4280,30,255,1205.767,866.667
4281,130,255,988.238,871.477
4282,44,255,1233.205,868.386
4283,40,255,50.550,869.600
4284,92,255,409.533,871.457
4285,28,255,446.179,868.571
4286,118,255,638.034,871.339
4287,90,255,1266.767,870.567
4288,70,255,1302.629,871.129
4289,48,255,1366.750,870.396
4290,125,255,178.836,873.372
4291,85,255,266.629,871.924
4292,30,255,284.467,870.133
4293,92,255,462.370,873.467
4294,92,255,917.696,873.391
4295,108,255,1466.287,872.500
4296,50,255,585.020,871.480
4297,84,255,776.762,872.357
4298,63,255,1015.151,872.706
4299,127,255,320.020,873.854
4300,57,255,1161.956,872.553
4301,23,255,1189.674,872.065
4302,60,255,90.617,874.417
4303,55,255,391.991,873.373
4304,32,255,507.875,873.281
4305,71,255,718.021,874.500
4306,66,255,41.939,875.848
4307,146,255,153.041,876.932
4308,55,255,189.645,875.118
4309,61,255,202.861,875.320
4310,90,255,232.000,875.833
4311,128,255,430.727,878.234
4312,20,255,877.500,873.000
4313,31,255,1089.726,873.694
4314,56,255,1200.857,874.196
4315,51,255,1339.775,874.343
4316,25,255,1530.140,874.140
4317,44,255,1546.705,874.773
4318,63,255,1558.738,875.437
4319,40,255,135.650,876.375
4320,76,255,735.289,876.368
4321,39,255,891.654,875.833
4322,55,255,1063.245,875.482
4323,54,255,1496.574,876.056
4324,40,255,1506.425,876.500
4325,100,255,252.960,878.650
4326,120,255,800.575,879.058
4327,79,255,941.652,879.335
4328,27,255,1025.019,875.648
4329,33,255,1122.652,876.652
4330,72,255,1387.417,876.806
4331,38,255,655.184,877.289
4332,82,255,687.695,880.573
4333,30,255,768.067,876.733
4334,54,255,784.444,877.741
4335,59,255,951.212,877.839
4336,35,255,1211.586,877.271
4337,36,255,831.500,878.139
4338,63,255,850.944,878.278
4339,36,255,303.000,879.111
4340,128,255,594.711,883.602
4341,102,255,1002.775,881.941
4342,38,255,75.842,881.289
4343,62,255,332.984,881.581
4344,58,255,879.483,880.448
4345,70,255,929.086,881.257
4346,75,255,963.553,882.873
4347,83,255,1106.596,881.873
4348,76,255,1137.658,882.039
4349,121,255,1434.864,884.136
4350,64,255,58.219,882.516
4351,22,255,1310.773,880.455
4352,44,255,1513.955,881.750
4353,71,255,10.880,883.232
4354,63,255,396.944,882.786
4355,114,255,1171.289,885.711
4356,47,255,1448.330,881.777
4357,72,255,1485.194,883.917
4358,74,255,384.365,885.527
4359,51,255,501.833,883.775
4360,85,255,1085.194,884.147
4361,40,255,1297.700,883.000
4362,109,255,97.206,888.564
4363,73,255,824.500,887.021
4364,37,255,1070.527,883.716
4365,148,255,1191.655,886.486
4366,56,255,1470.268,884.339
4367,54,255,24.389,885.870
4368,130,255,274.746,888.869
4369,65,255,291.515,886.515
4370,100,255,309.650,887.220
4371,117,255,487.662,888.466
4372,70,255,615.857,888.457
4373,101,255,657.837,886.470
4374,128,255,763.734,888.664
4375,60,255,1329.283,886.050
4376,97,255,1341.675,888.222
4377,107,255,1525.668,887.145
4378,96,255,1573.646,886.240
4379,58,255,107.276,887.414
4380,39,255,207.192,886.115
4381,154,255,369.110,889.753
4382,64,255,530.453,887.375
4383,110,255,547.418,887.982
4384,92,255,408.370,890.750
4385,36,255,471.222,887.694
4386,110,255,517.827,890.891
4387,69,255,638.152,888.196
4388,50,255,701.440,887.160
4389,99,255,1221.530,889.470
4390,76,255,1258.987,888.263
4391,116,255,1387.724,892.078
4392,39,255,34.449,888.679
4393,191,255,51.291,893.243
4394,146,255,186.041,890.425
4395,65,255,249.515,887.962
4396,63,255,974.484,889.595
4397,106,255,1057.387,890.877
4398,53,255,1278.651,888.500
4399,115,255,1400.717,891.117
4400,138,255,452.551,891.442
4401,51,255,1311.755,888.951
4402,57,255,116.956,890.781
4403,74,255,134.324,891.622
4404,147,255,231.337,895.085
4405,82,255,795.902,891.134
4406,44,255,815.455,891.159
4407,48,255,1457.375,892.229
4408,30,255,72.967,890.867
4409,99,255,348.429,892.146
4410,63,255,1355.881,892.262
4411,29,255,417.776,892.121
4412,56,255,435.482,892.714
4413,74,255,728.216,893.459
4414,81,255,914.957,892.957
4415,63,255,1088.929,892.230
4416,78,255,15.603,896.090
4417,29,255,160.603,893.500
4418,60,255,891.633,894.117
4419,108,255,953.167,895.343
4420,28,255,1206.500,892.000
4421,41,255,1249.305,893.768
4422,43,255,1370.128,892.919
4423,66,255,168.485,895.182
4424,122,255,667.098,897.574
4425,28,255,737.179,894.000
4426,31,255,745.919,893.758
4427,64,255,1101.766,895.062
4428,42,255,78.810,897.571
4429,30,255,299.300,895.800
4430,101,255,1131.153,897.579
4431,98,255,1152.847,899.898
4432,20,255,1590.200,894.600
4433,118,255,706.466,899.093
4434,43,255,1326.895,895.616
4435,143,255,1423.472,898.066
4436,88,255,1514.102,897.989
4437,24,255,391.167,896.625
4438,55,255,1015.427,896.845
4439,70,255,1037.557,897.957
4440,71,255,1258.261,898.021
4441,43,255,1284.081,896.942
4442,97,255,1450.242,899.985
4443,121,255,1468.872,899.938
4444,66,255,1539.061,897.773
4445,21,255,1566.786,896.786
4446,54,255,1597.315,899.315
4447,117,255,208.261,900.825
4448,23,255,289.413,897.543
4449,45,255,621.300,897.967
4450,31,255,637.694,897.403
4451,99,255,772.631,901.540
4452,31,255,807.887,899.242
4453,77,255,254.877,900.539
4454,55,255,318.118,900.227
4455,62,255,328.355,900.306
4456,77,255,583.487,899.864
4457,65,255,794.392,899.408
4458,46,255,875.609,899.870
4459,82,255,1165.512,901.854
4460,20,255,1299.400,898.550
4461,82,255,273.171,901.341
4462,54,255,608.426,900.537
4463,105,255,1074.729,902.129
4464,125,255,1181.692,903.396
4465,46,255,1409.130,901.348
4466,61,255,1491.910,901.730
4467,73,255,106.979,903.459
4468,177,255,121.579,905.568
4469,99,255,466.783,904.530
4470,87,255,551.201,902.718
4471,58,255,571.500,903.414
4472,31,255,1232.887,901.565
4473,60,255,1360.250,902.600
4474,52,255,1053.288,902.558
4475,44,255,1351.545,902.795
4476,54,255,1551.130,902.574
4477,65,255,159.177,905.085
4478,43,255,402.430,903.849
4479,83,255,486.452,904.922
4480,47,255,684.074,903.245
4481,44,255,725.068,903.273
4482,63,255,816.151,903.992
4483,74,255,976.297,904.608
4484,93,255,988.973,906.027
4485,67,255,1309.799,903.978
4486,79,255,64.513,906.209
4487,46,255,340.565,904.717
4488,40,255,412.275,904.950
4489,84,255,446.917,904.976
4490,72,255,855.819,905.458
4491,47,255,867.543,906.053
4492,44,255,891.773,904.523
4493,56,255,1202.804,903.911
4494,73,255,182.966,906.747
4495,29,255,311.569,905.155
4496,154,255,526.786,908.325
4497,76,255,594.921,906.395
4498,39,255,627.090,905.167
4499,109,255,1123.463,907.638
4500,32,255,1290.031,904.219
4501,87,255,1330.753,906.626
4502,60,255,391.433,908.083
4503,43,255,425.453,906.430
4504,49,255,436.010,906.908
4505,31,255,1393.145,905.145
4506,86,255,1509.616,908.326
4507,58,255,2.948,909.345
4508,119,255,234.777,910.853
4509,26,255,844.692,907.308
4510,70,255,901.129,908.057
4511,72,255,924.639,907.944
4512,63,255,1014.913,907.976
4513,123,255,81.476,910.427
4514,31,255,288.306,907.758
4515,65,255,499.838,909.008
4516,62,255,1240.194,908.581
4517,39,255,1439.731,908.244
4518,57,255,1481.781,908.711
4519,60,255,1570.717,909.133
4520,33,255,837.258,908.833
4521,80,255,1102.213,910.700
4522,63,255,1220.849,909.976
4523,45,255,1272.633,908.989
4524,53,255,1460.481,909.858
4525,45,255,149.233,911.322
4526,75,255,165.220,912.860
4527,62,255,219.403,910.919
4528,55,255,349.464,910.645
4529,57,255,673.009,910.500
4530,77,255,1583.240,911.760
4531,75,255,137.460,912.820
4532,39,255,295.244,911.577
4533,71,255,737.063,913.697
4534,134,255,38.896,915.910
4535,35,255,277.557,911.986
4536,82,255,577.841,913.317
4537,81,255,1171.735,913.784
4538,130,255,792.077,914.969
4539,163,255,1068.144,918.414
4540,60,255,1089.250,913.400
4541,106,255,1367.528,917.189
4542,63,255,1398.183,913.675
4543,84,255,1533.310,914.048
4544,43,255,1593.965,913.919
4545,29,255,551.224,914.155
4546,91,255,1038.104,916.335
4547,65,255,1194.038,915.331
4548,112,255,55.688,917.500
4549,99,255,253.106,916.561
4550,81,255,370.673,916.290
4551,53,255,428.349,915.406
4552,68,255,724.779,916.529
4553,89,255,1204.084,918.815
4554,67,255,1232.784,916.649
4555,23,255,1314.283,914.587
4556,40,255,1452.425,915.525
4557,72,255,648.264,916.333
4558,97,255,908.830,917.552
4559,80,255,960.400,917.562
4560,133,255,935.342,923.102
4561,46,255,982.283,917.587
4562,57,255,1329.307,917.956
4563,66,255,204.879,918.742
4564,36,255,286.250,918.639
4565,49,255,353.541,918.847
4566,28,255,490.929,917.500
4567,70,255,514.971,918.900
4568,73,255,609.582,918.952
4569,119,255,696.794,920.357
4570,56,255,1276.393,920.875
4571,96,255,1484.354,920.740
4572,96,255,863.135,921.167
4573,50,255,928.240,920.260
4574,72,255,1439.222,920.972
4575,32,255,294.812,920.000
4576,45,255,498.367,920.678
4577,41,255,626.256,920.500
4578,53,255,662.217,920.915
4579,72,255,889.083,922.403
4580,107,255,1051.313,922.472
4581,58,255,1305.569,921.310
4582,84,255,190.310,923.274
4583,111,255,330.752,923.788
4584,99,255,421.348,923.672
4585,79,255,848.500,922.766
4586,28,255,1224.321,921.214
4587,52,255,1408.327,922.192
4588,58,255,100.638,923.207
4589,69,255,262.341,923.906
4590,77,255,304.214,923.461
4591,51,255,384.108,921.971
4592,92,255,1344.098,925.663
4593,82,255,670.671,925.841
4594,108,255,770.787,926.472
4595,72,255,1082.931,923.875
4596,43,255,1140.012,922.965
4597,85,255,125.971,925.794
4598,37,255,341.770,924.500
4599,49,255,563.847,924.133
4600,39,255,574.551,924.295
4601,158,255,819.734,927.614
4602,84,255,1527.869,926.024
4603,56,255,1596.536,925.964
4604,64,255,7.625,925.953
4605,56,255,84.143,925.500
4606,137,255,404.150,928.763
4607,54,255,461.796,925.556
4608,50,255,802.840,927.900
4609,28,255,1571.571,924.214
4610,31,255,394.274,925.855
4611,114,255,751.061,930.044
4612,105,255,949.395,930.833
4613,21,255,970.310,925.262
4614,27,255,1290.093,924.944
4615,42,255,1452.357,925.190
4616,24,255,294.833,927.125
4617,66,255,446.758,928.030
4618,62,255,1502.565,928.452
4619,28,255,73.429,928.214
4620,57,255,530.447,928.640
4621,105,255,724.024,930.624
4622,65,255,737.515,930.115
4623,41,255,785.232,928.427
4624,102,255,837.206,930.088
4625,90,255,881.600,930.100
4626,86,255,904.884,930.512
4627,132,255,1016.144,931.265
4628,71,255,1174.232,929.824
4629,26,255,1258.615,927.846
4630,33,255,1323.045,927.652
4631,58,255,1360.397,928.672
4632,108,255,1423.000,929.583
4633,101,255,249.530,931.906
4634,53,255,471.877,929.726
4635,45,255,511.767,928.544
4636,65,255,628.485,930.792
4637,96,255,979.271,931.688
4638,103,255,1190.403,931.316
4639,31,255,1309.081,928.629
4640,58,255,58.259,931.914
4641,110,255,147.618,932.345
4642,39,255,662.423,930.269
4643,111,255,996.860,931.779
4644,58,255,1239.103,930.983
4645,32,255,1539.562,931.062
4646,64,255,269.141,932.109
4647,25,255,283.100,930.460
4648,73,255,488.856,932.514
4649,31,255,612.500,930.500
4650,43,255,692.570,930.802
4651,93,255,965.124,933.511
4652,110,255,1032.655,933.882
4653,147,255,1124.180,933.582
4654,94,255,1143.447,934.170
4655,63,255,1251.913,932.437
4656,44,255,193.727,932.795
4657,69,255,580.500,932.993
4658,33,255,856.833,933.258
4659,95,255,1228.932,936.342
4660,29,255,1352.397,933.224
4661,46,255,1490.609,933.978
4662,131,255,1512.385,935.332
4663,70,255,348.371,935.086
4664,44,255,1440.364,934.045
4665,93,255,1569.253,934.876
4666,25,255,180.580,934.900
4667,109,255,209.656,938.151
4668,77,255,555.877,935.864
4669,25,255,896.100,934.540
4670,75,255,1160.473,936.513
4671,70,255,166.171,937.171
4672,58,255,536.948,937.586
4673,53,255,812.198,938.670
4674,81,255,1069.586,939.302
4675,50,255,1081.460,938.540
4676,134,255,76.336,942.052
4677,91,255,432.522,939.907
4678,82,255,506.927,939.012
4679,58,255,800.086,938.259
4680,75,255,1203.913,939.633
4681,55,255,1266.609,938.682
4682,123,255,24.289,942.492
4683,111,255,456.176,941.059
4684,82,255,518.280,942.366
4685,43,255,669.430,939.035
4686,56,255,933.250,941.304
4687,62,255,1341.113,940.177
4688,25,255,1381.820,939.060
4689,69,255,108.703,940.862
4690,59,255,298.636,940.771
4691,93,255,325.070,941.511
4692,87,255,365.477,942.075
4693,81,255,607.562,941.883
4694,103,255,823.383,943.296
4695,40,255,1421.675,939.150
4696,71,255,771.345,943.218
4697,84,255,1469.881,941.726
4698,100,255,93.560,943.870
4699,90,255,278.533,942.822
4700,40,255,403.575,942.425
4701,39,255,419.192,942.244
4702,90,255,696.200,943.778
4703,105,255,838.729,946.300
4704,25,255,240.060,942.580
4705,63,255,580.325,944.103
4706,78,255,1540.333,945.474
4707,97,255,1596.119,947.696
4708,57,255,143.096,945.289
4709,92,255,389.120,947.359
4710,72,255,552.292,944.694
4711,56,255,619.839,947.429
4712,56,255,924.607,946.214
4713,51,255,1321.598,943.520
4714,42,255,1393.571,944.690
4715,51,255,50.010,946.520
4716,25,255,708.300,945.260
4717,21,255,748.500,944.500
4718,59,255,1074.703,946.534
4719,37,255,1125.122,944.824
4720,59,255,1411.093,946.042
4721,47,255,1574.777,945.500
4722,106,255,650.925,950.264
4723,79,255,1222.310,948.006
4724,56,255,1505.875,946.661
4725,61,255,160.041,947.975
4726,89,255,184.129,949.062
4727,47,255,199.500,947.713
4728,44,255,741.364,948.477
4729,86,255,1257.605,948.326
4730,48,255,1291.458,947.833
4731,54,255,1564.815,948.333
4732,57,255,119.833,949.202
4733,75,255,301.193,949.673
4734,82,255,359.024,951.195
4735,39,255,863.192,948.705
4736,81,255,1301.043,950.340
4737,81,255,332.957,950.327
4738,22,255,756.636,948.773
4739,75,255,990.033,949.993
4740,69,255,1007.862,949.964
4741,38,255,1246.132,949.526
4742,66,255,1480.894,950.939
4743,33,255,211.621,950.106
4744,50,255,313.960,951.240
4745,65,255,887.054,951.546
4746,25,255,936.900,949.540
4747,32,255,1063.062,949.625
4748,69,255,1190.486,951.355
4749,84,255,1359.905,952.107
4750,100,255,59.080,953.700
4751,88,255,1468.250,952.443
4752,62,255,1550.484,952.855
4753,38,255,530.026,952.763
4754,23,255,764.543,952.109
4755,38,255,850.895,952.684
4756,84,255,1088.095,954.107
4757,75,255,1201.100,953.433
4758,75,255,1446.020,953.593
4759,88,255,907.375,954.920
4760,33,255,972.318,953.197
4761,158,255,107.139,957.797
4762,79,255,148.310,955.791
4763,70,255,576.186,954.429
4764,60,255,803.033,954.550
4765,67,255,1042.918,955.724
4766,81,255,1368.488,956.475
4767,54,255,163.685,955.500
4768,75,255,399.940,955.553
4769,22,255,548.409,954.409
4770,39,255,1139.628,955.372
4771,98,255,1415.694,959.020
4772,112,255,40.098,957.839
4773,23,255,90.109,955.413
4774,63,255,126.976,957.167
4775,110,255,204.782,958.936
4776,28,255,279.929,955.643
4777,50,255,488.860,956.860
4778,38,255,539.789,956.105
4779,74,255,682.649,957.527
4780,62,255,1115.581,957.048
4781,88,255,1156.136,957.341
4782,72,255,1325.347,957.958
4783,30,255,1396.633,955.367
4784,27,255,1458.093,956.056
4785,59,255,1507.669,956.059
4786,76,255,591.592,957.711
4787,49,255,777.969,958.133
4788,60,255,1285.550,958.683
4789,34,255,17.000,958.324
4790,27,255,325.574,957.870
4791,67,255,370.575,959.276
4792,40,255,428.975,959.100
4793,32,255,1023.594,958.344
4794,55,255,1055.245,958.500
4795,21,255,1212.262,957.214
4796,77,255,1314.695,960.084
4797,45,255,755.900,960.100
4798,31,255,765.145,958.855
4799,68,255,1101.147,960.559
4800,57,255,1525.956,959.974
4801,51,255,1535.265,959.265
4802,96,255,451.333,962.656
4803,95,255,641.995,962.658
4804,86,255,1072.849,962.081
4805,47,255,1399.372,962.032
4806,26,255,134.077,962.269
4807,56,255,524.696,963.125
4808,48,255,741.708,963.750
4809,27,255,1519.352,963.167
4810,61,255,511.664,963.484
4811,242,255,298.136,970.595
4812,59,255,953.619,965.280
4813,49,255,1549.316,965.500
4814,48,255,1566.667,964.479
4815,76,255,52.329,966.855
4816,37,255,324.284,964.824
4817,45,255,344.011,965.922
4818,68,255,357.412,967.721
4819,42,255,438.167,965.476
4820,45,255,1113.411,965.078
4821,37,255,1350.068,965.554
4822,62,255,537.113,966.581
4823,48,255,592.500,966.688
4824,52,255,816.327,966.654
4825,55,255,970.373,967.100
4826,49,255,981.480,967.194
4827,108,255,1213.306,968.704
4828,115,255,1494.109,968.065
4829,37,255,24.392,967.014
4830,54,255,629.000,969.333
4831,52,255,907.962,967.500
4832,35,255,919.471,966.786
4833,49,255,1147.786,966.867
4834,130,255,1176.715,971.869
4835,32,255,173.406,968.031
4836,64,255,378.812,968.594
4837,86,255,1367.140,970.581
4838,44,255,11.250,969.614
4839,59,255,1052.415,968.720
4840,40,255,1334.725,968.925
4841,71,255,1383.331,971.570
4842,85,255,163.982,972.324
4843,44,255,189.000,970.500
4844,40,255,794.875,970.850
4845,34,255,805.000,969.853
4846,25,255,1313.060,969.620
4847,60,255,1595.433,971.717
4848,203,255,85.579,974.431
4849,159,255,111.821,973.399
4850,44,255,943.455,971.705
4851,86,255,1354.581,974.337
4852,53,255,1533.538,971.575
4853,60,255,609.483,972.017
4854,98,255,651.378,973.378
4855,30,255,827.367,972.600
4856,83,255,1097.114,975.837
4857,100,255,1304.190,977.100
4858,60,255,1453.033,973.450
4859,50,255,1483.160,974.220
4860,59,255,925.907,974.161
4861,71,255,521.641,976.739
4862,34,255,1237.912,975.088
4863,54,255,1543.889,975.630
4864,92,255,62.891,977.554
4865,107,255,179.995,978.061
4866,24,255,687.000,975.500
4867,21,255,1475.167,976.071
4868,166,255,1574.428,979.627
4869,35,255,25.586,977.500
4870,76,255,404.974,978.829
4871,68,255,548.706,977.456
4872,22,255,636.227,977.227
4873,23,255,881.413,975.935
4874,33,255,1429.258,976.955
4875,36,255,1466.667,977.889
4876,52,255,8.712,978.635
4877,140,255,137.264,982.221
4878,144,255,205.062,981.924
4879,27,255,323.833,977.685
4880,63,255,564.770,979.056
4881,59,255,1032.585,978.110
4882,102,255,227.539,981.137
4883,42,255,504.095,979.429
4884,46,255,582.065,978.304
4885,45,255,724.189,979.256
4886,56,255,892.679,980.125
4887,34,255,937.412,979.529
4888,47,255,1084.223,979.606
4889,47,255,1261.691,980.713
4890,48,255,1270.625,980.083
4891,68,255,1327.897,980.721
4892,66,255,1500.530,979.333
4893,102,255,371.059,980.853
4894,52,255,462.115,980.288
4895,34,255,947.588,980.000
4896,80,255,1197.237,981.125
4897,96,255,1390.479,981.062
4898,89,255,1448.388,983.455
4899,88,255,35.125,983.136
4900,29,255,389.121,981.017
4901,28,255,484.214,979.893
4902,52,255,534.481,981.442
4903,150,255,832.313,984.340
4904,61,255,908.566,982.041
4905,61,255,963.287,982.779
4906,94,255,1282.787,983.904
4907,37,255,1413.689,981.149
4908,72,255,1515.500,981.806
4909,54,255,1597.019,983.148
4910,43,255,152.267,982.198
4911,84,255,316.345,985.107
4912,31,255,492.694,981.952
4913,21,255,867.976,981.738
4914,56,255,1369.857,984.196
4915,35,255,1530.129,981.300
4916,52,255,161.327,983.462
4917,35,255,650.071,982.214
4918,51,255,998.245,983.088
4919,47,255,1154.032,984.202
4920,35,255,326.414,983.700
4921,71,255,845.796,986.063
4922,61,255,878.205,984.516
4923,82,255,304.768,988.195
4924,42,255,691.357,985.643
4925,67,255,861.709,986.843
4926,68,255,1074.059,985.588
4927,111,255,1226.599,986.050
4928,68,255,674.426,986.412
4929,36,255,810.667,986.639
4930,23,255,926.848,985.413
4931,57,255,1536.482,986.939
4932,53,255,14.708,987.330
4933,142,255,101.465,993.338
4934,54,255,616.667,986.833
4935,37,255,796.635,987.203
4936,23,255,1553.891,986.935
4937,72,255,434.264,989.472
4938,61,255,471.631,988.828
4939,63,255,502.770,988.151
4940,63,255,559.722,987.817
4941,33,255,1342.258,987.803
4942,42,255,1404.286,988.476
4943,58,255,390.190,989.362
4944,47,255,458.074,989.457
4945,52,255,517.481,989.615
4946,43,255,545.547,988.523
4947,44,255,594.000,989.500
4948,68,255,1181.456,989.691
4949,108,255,1501.398,990.741
4950,46,255,149.283,989.630
4951,51,255,485.716,990.578
4952,27,255,527.426,989.907
4953,35,255,1413.757,989.786
4954,87,255,59.822,992.902
4955,32,255,225.500,991.750
4956,95,255,368.805,991.868
4957,44,255,424.773,992.977
4958,47,255,446.883,991.713
4959,21,255,535.690,990.452
4960,24,255,650.250,990.333
4961,41,255,1202.768,990.671
4962,57,255,1360.219,992.570
4963,61,255,1474.451,992.648
4964,30,255,198.933,992.167
4965,105,255,725.414,995.814
4966,26,255,905.500,991.885
4967,42,255,1118.643,992.619
4968,75,255,168.820,995.540
4969,43,255,210.244,994.105
4970,50,255,1323.140,994.220
4971,55,255,1335.664,995.064
4972,49,255,1427.173,994.459
4973,66,255,1588.197,994.773
4974,21,255,926.214,994.500
4975,116,255,1087.026,997.888
4976,77,255,1104.994,995.773
4977,143,255,1380.829,999.227
4978,65,255,126.900,996.777
4979,64,255,188.328,997.359
4980,58,255,664.000,998.552
4981,76,255,883.434,997.184
4982,83,255,944.464,998.813
4983,100,255,1156.300,997.320
4984,50,255,1393.780,996.840
4985,32,255,79.344,996.906
4986,75,255,402.140,997.927
4987,28,255,565.286,996.929
4988,131,255,832.599,1000.240
4989,66,255,970.712,997.621
4990,41,255,1555.378,997.695
4991,124,255,1570.379,1000.831
4992,38,255,675.789,998.553
4993,25,255,952.340,998.540
4994,46,255,1058.043,998.217
4995,70,255,1350.786,999.771
4996,76,255,1468.605,999.671
4997,57,255,1542.588,998.693
4998,56,255,41.464,1000.250
4999,23,255,112.500,998.500
5000,51,255,635.755,1000.951
5001,72,255,849.403,1001.833
5002,27,255,1017.722,998.241
5003,69,255,1249.848,999.138
5004,44,255,312.727,999.750
5005,57,255,383.816,1000.395
5006,37,255,521.743,1000.068
5007,54,255,1043.778,1001.093
5008,103,255,1176.083,1001.937
5009,167,255,1196.931,1002.123
5010,70,255,1529.757,1000.857
5011,37,255,470.257,1000.716
5012,57,255,622.939,1001.868
5013,40,255,647.475,1001.925
5014,95,255,794.974,1002.858
5015,58,255,1124.172,1002.121
5016,75,255,1501.273,1001.793
5017,41,255,462.793,1002.451
5018,88,255,577.864,1004.136
5019,59,255,592.602,1003.025
5020,65,255,867.854,1003.715
5021,117,255,904.748,1005.500
5022,36,255,1322.889,1002.250
5023,25,255,1598.100,1002.700
5024,74,255,84.338,1004.027
5025,55,255,330.664,1003.591
5026,29,255,431.155,1003.293
5027,63,255,207.214,1004.627
5028,31,255,265.887,1003.790
5029,53,255,1030.689,1005.406
5030,51,255,1258.618,1004.382
5031,51,255,30.088,1006.029
5032,48,255,318.375,1005.354
5033,31,255,512.823,1005.565
5034,23,255,1371.283,1005.196
5035,33,255,345.591,1006.318
5036,24,255,919.000,1006.292
5037,84,255,929.524,1009.190
5038,56,255,1054.161,1006.554
5039,85,255,1234.724,1007.547
5040,38,255,156.211,1007.132
5041,32,255,1016.531,1005.906
5042,53,255,1269.821,1007.858
5043,32,255,138.344,1008.625
5044,21,255,299.024,1007.167
5045,33,255,358.924,1007.439
5046,53,255,506.802,1009.255
5047,86,255,1296.058,1010.221
5048,32,255,1442.062,1008.875
5049,92,255,1550.315,1009.304
5050,36,255,487.139,1009.111
5051,25,255,951.020,1008.260
5052,71,255,1494.218,1010.289
5053,57,255,404.342,1010.272
5054,38,255,1307.579,1010.053
5055,33,255,1450.591,1010.258
5056,29,255,1525.914,1010.466
5057,45,255,1535.500,1010.500
5058,47,255,200.287,1011.691
5059,61,255,565.074,1012.713
5060,97,255,966.160,1013.644
5061,42,255,996.643,1011.119
5062,63,255,1279.468,1012.627
5063,144,255,1400.194,1016.472
5064,80,255,1582.425,1012.538
5065,91,255,128.533,1014.159
5066,35,255,285.129,1012.386
5067,58,255,384.793,1011.879
5068,53,255,844.519,1013.330
5069,69,255,980.370,1013.732
5070,38,255,1217.316,1011.474
5071,84,255,1345.226,1013.214
5072,96,255,1596.406,1015.948
5073,119,255,185.979,1016.475
5074,45,255,466.856,1014.856
5075,51,255,1070.363,1013.284
5076,42,255,118.429,1014.357
5077,77,255,150.773,1015.227
5078,50,255,168.760,1013.880
5079,25,255,274.860,1013.660
5080,20,255,293.250,1013.200
5081,118,255,731.042,1018.415
5082,37,255,1005.419,1014.365
5083,92,255,1156.989,1015.891
5084,50,255,1432.780,1014.780
5085,31,255,865.661,1014.726
5086,38,255,1093.500,1015.474
5087,103,255,1318.684,1017.519
5088,55,255,1458.009,1016.500
5089,95,255,11.089,1018.405
5090,88,255,1115.557,1018.523
5091,63,255,1423.087,1017.786
5092,34,255,359.206,1016.676
5093,66,255,625.591,1017.682
5094,65,255,881.808,1018.131
5095,31,255,1104.048,1016.790
5096,77,255,320.968,1020.188
5097,65,255,441.977,1020.931
5098,28,255,894.250,1017.643
5099,62,255,1013.161,1019.613
5100,24,255,1361.417,1017.083
5101,38,255,308.658,1018.921
5102,47,255,334.521,1019.926
5103,37,255,389.068,1020.041
5104,38,255,420.211,1020.158
5105,26,255,429.231,1020.000
5106,38,255,673.737,1018.632
5107,50,255,1046.740,1019.280
5108,48,255,1371.000,1019.500
5109,54,255,1495.926,1019.574
5110,37,255,1521.338,1018.905
5111,25,255,232.100,1019.540
5112,26,255,297.231,1019.269
5113,32,255,346.969,1019.031
5114,100,255,645.390,1023.110
5115,56,255,754.732,1020.732
5116,63,255,775.262,1021.087
5117,34,255,951.000,1020.500
5118,48,255,73.604,1021.042
5119,26,255,219.154,1021.154
5120,36,255,592.056,1020.972
5121,41,255,1177.280,1022.744
5122,62,255,1449.968,1021.742
5123,61,255,1548.041,1022.730
5124,46,255,1564.587,1021.652
5125,58,255,88.293,1022.414
5126,74,255,1185.581,1024.608
5127,42,255,1236.786,1022.929
5128,58,255,369.293,1023.500
5129,23,255,547.109,1022.413
5130,54,255,686.426,1025.000
5131,43,255,697.988,1023.221
5132,38,255,846.684,1024.789
5133,32,255,914.406,1023.188
5134,58,255,1471.724,1023.552
5135,47,255,1531.202,1023.606
5136,20,255,922.800,1023.650
5137,45,255,1095.322,1025.344
5138,64,255,1333.719,1024.734
5139,38,255,137.658,1024.895
5140,64,255,994.500,1026.578
5141,71,255,1061.134,1025.246
5142,39,255,1229.551,1025.372
5143,49,255,1247.194,1026.112
5144,67,255,1260.590,1026.112
5145,54,255,102.463,1026.074
5146,63,255,670.468,1026.817
5147,42,255,944.381,1026.143
5148,50,255,1344.760,1026.480
5149,66,255,298.545,1027.318
5150,126,255,348.063,1028.833
5151,43,255,556.035,1027.640
5152,22,255,620.455,1026.591
5153,36,255,763.472,1027.194
5154,49,255,898.908,1027.337
5155,34,255,1573.353,1027.559
5156,27,255,454.833,1028.167
5157,109,255,504.372,1031.096
5158,58,255,525.759,1030.069
5159,55,255,584.773,1029.245
5160,52,255,973.404,1028.577
5161,75,255,1030.447,1029.873
5162,92,255,1439.022,1029.717
5163,26,255,68.846,1028.346
5164,23,255,210.587,1028.413
5165,52,255,328.481,1029.692
5166,43,255,478.919,1029.523
5167,20,255,659.750,1028.750
5168,61,255,1482.779,1030.254
5169,23,255,392.065,1029.065
5170,30,255,1113.367,1029.200
5171,58,255,1412.897,1030.690
5172,34,255,202.912,1030.471
5173,33,255,444.530,1030.924
5174,73,255,812.705,1032.007
5175,44,255,868.818,1031.341
5176,89,255,1379.702,1031.848
5177,43,255,1454.663,1031.709
5178,92,255,1467.217,1033.620
5179,43,255,1581.663,1032.663
5180,41,255,32.183,1031.915
5181,35,255,375.071,1031.557
5182,48,255,541.438,1032.208
5183,58,255,1046.741,1032.707
5184,58,255,1563.862,1032.552
5185,97,255,1591.191,1035.149
5186,44,255,183.250,1033.386
5187,57,255,315.798,1033.851
5188,52,255,24.077,1035.288
5189,47,255,59.798,1034.372
5190,53,255,134.538,1033.651
5191,97,255,1317.397,1037.057
5192,35,255,48.500,1035.414
5193,34,255,590.382,1036.353
5194,42,255,760.071,1035.762
5195,42,255,897.500,1035.571
5196,27,255,947.685,1034.722
5197,32,255,1020.938,1035.656
5198,44,255,1111.545,1035.341
5199,54,255,40.130,1037.963
5200,87,255,82.293,1039.351
5201,53,255,153.726,1036.368
5202,43,255,171.430,1036.756
5203,28,255,217.214,1035.036
5204,20,255,621.350,1035.250
5205,44,255,1394.000,1036.000
5206,41,255,860.451,1037.354
5207,53,255,1307.519,1038.500
5208,54,255,1507.389,1037.000
5209,29,255,259.672,1037.397
5210,52,255,270.212,1039.615
5211,49,255,1028.235,1038.990
5212,53,255,1487.104,1038.387
5213,72,255,249.000,1040.861
5214,40,255,339.250,1039.175
5215,38,255,493.632,1039.526
5216,50,255,658.540,1039.300
5217,27,255,724.537,1038.685
5218,43,255,1013.244,1040.314
5219,42,255,1056.929,1039.381
5220,48,255,1143.938,1040.062
5221,36,255,1162.722,1040.250
5222,36,255,1276.750,1040.389
5223,27,255,1328.759,1038.759
5224,58,255,442.190,1041.810
5225,34,255,604.853,1040.088
5226,39,255,685.679,1040.346
5227,25,255,694.300,1040.060
5228,52,255,1106.596,1041.327
5229,33,255,118.591,1041.712
5230,36,255,562.417,1040.694
5231,46,255,781.543,1040.826
5232,58,255,994.517,1042.362
5233,25,255,63.740,1041.740
5234,40,255,138.725,1041.275
5235,88,255,613.739,1045.261
5236,38,255,738.895,1041.605
5237,52,255,944.154,1042.442
5238,118,255,1083.941,1047.153
5239,30,255,1338.467,1041.800
5240,46,255,1543.326,1041.957
5241,95,255,536.784,1044.216
5242,83,255,1351.741,1045.548
5243,46,255,1498.870,1043.370
5244,21,255,219.452,1043.595
5245,58,255,368.845,1045.259
5246,51,255,391.637,1044.539
5247,32,255,520.781,1044.406
5248,42,255,973.071,1044.310
5249,27,255,1290.019,1044.093
5250,52,255,298.327,1046.269
5251,47,255,330.394,1045.819
5252,44,255,380.545,1045.568
5253,21,255,569.690,1044.452
5254,51,255,596.676,1047.225
5255,107,255,807.687,1048.014
5256,29,255,1474.879,1045.190
5257,46,255,1523.761,1045.804
5258,43,255,240.105,1047.384
5259,67,255,259.216,1047.276
5260,50,255,411.160,1046.080
5261,32,255,577.000,1046.000
5262,53,255,870.858,1046.217
5263,64,255,911.719,1046.719
5264,47,255,927.883,1046.649
5265,92,255,1039.500,1047.685
5266,39,255,1133.423,1046.269
5267,76,255,1441.816,1047.066
5268,26,255,2.654,1046.885
5269,38,255,53.184,1046.553
5270,24,255,103.000,1046.500
5271,32,255,132.125,1046.969
5272,62,255,1121.855,1048.516
5273,65,255,1154.146,1049.054
5274,28,255,1481.893,1046.679
5275,54,255,1585.315,1047.333
5276,85,255,206.700,1049.335
5277,46,255,557.000,1049.196
5278,43,255,1071.453,1049.616
5279,49,255,1181.357,1050.051
5280,77,255,1317.097,1050.760
5281,21,255,1325.643,1048.595
5282,70,255,1401.800,1049.614
5283,38,255,1492.632,1049.289
5284,20,255,246.150,1050.350
5285,76,255,471.632,1051.526
5286,41,255,724.841,1050.110
5287,57,255,981.202,1052.675
5288,23,255,1366.891,1049.543
5289,65,255,1513.962,1051.238
5290,78,255,101.013,1054.410
5291,40,255,114.575,1050.750
5292,54,255,965.389,1052.296
5293,28,255,1097.893,1051.714
5294,37,255,1336.176,1051.716
5295,59,255,1537.839,1051.805
5296,64,255,456.906,1053.094
5297,38,255,525.474,1051.895
5298,36,255,656.750,1052.361
5299,163,255,179.696,1055.690
5300,46,255,430.326,1054.065
5301,35,255,1138.843,1053.271
5302,69,255,316.964,1055.312
5303,115,255,158.230,1059.465
5304,46,255,283.978,1055.587
5305,22,255,700.409,1054.409
5306,65,255,1034.469,1057.008
5307,35,255,144.757,1055.729
5308,75,255,363.367,1059.060
5309,34,255,874.206,1056.000
5310,34,255,1550.000,1056.000
5311,60,255,1581.167,1057.467
5312,29,255,2.466,1058.155
5313,38,255,23.316,1057.237
5314,27,255,136.426,1058.056
5315,41,255,400.817,1058.232
5316,21,255,765.929,1057.405
5317,120,255,1199.433,1061.400
5318,51,255,125.833,1058.873
5319,91,255,565.093,1062.104
5320,20,255,589.350,1058.250
5321,63,255,824.230,1060.579
5322,86,255,1237.070,1063.093
5323,91,255,1458.247,1061.621
5324,65,255,69.762,1059.946
5325,82,255,381.841,1061.317
5326,47,255,1136.287,1060.691
5327,44,255,1524.318,1060.250
5328,66,255,42.258,1061.182
5329,34,255,581.147,1062.000
5330,38,255,1439.368,1062.763
5331,48,255,1538.958,1061.896
5332,53,255,23.104,1063.632
5333,53,255,534.972,1063.085
5334,80,255,839.200,1064.300
5335,41,255,991.598,1064.183
5336,42,255,1091.167,1062.810
5337,53,255,1398.085,1064.179
5338,34,255,783.324,1063.853
5339,66,255,1446.106,1066.182
5340,73,255,1471.610,1066.336
5341,82,255,96.402,1066.000
5342,31,255,146.274,1064.952
5343,76,255,1424.329,1065.974
5344,38,255,202.184,1065.895
5345,51,255,596.755,1066.892
5346,30,255,1024.333,1066.767
5347,43,255,1515.919,1066.244
5348,145,255,1559.197,1069.831
5349,36,255,263.639,1066.889
5350,37,255,282.986,1067.365
5351,39,255,1409.885,1067.577
5352,50,255,1596.260,1068.360
5353,70,255,402.443,1068.771
5354,90,255,894.544,1073.178
5355,37,255,1129.689,1068.554
5356,22,255,64.864,1068.182
5357,39,255,129.603,1069.731
5358,54,255,523.370,1074.185
5359,44,255,1505.955,1069.886
5360,52,255,110.904,1070.231
5361,54,255,516.593,1071.833
5362,35,255,1483.329,1069.929
5363,44,255,301.250,1071.295
5364,68,255,1119.588,1072.132
5365,37,255,1229.608,1071.608
5366,105,255,1375.490,1074.881
5367,50,255,70.340,1072.820
5368,27,255,316.981,1071.611
5369,48,255,253.188,1073.188
5370,63,255,1034.167,1073.992
5371,36,255,1212.056,1073.583
5372,54,255,1268.259,1074.463
5373,29,255,1387.776,1073.672
5374,28,255,169.464,1073.286
5375,38,255,195.447,1073.921
5376,59,255,438.246,1074.161
5377,47,255,545.096,1074.223
5378,106,255,48.358,1076.915
5379,38,255,208.184,1075.579
5380,36,255,487.806,1076.306
5381,20,255,910.000,1075.000
5382,30,255,618.500,1076.000
5383,34,255,1401.235,1076.765
5384,54,255,23.981,1077.315
5385,38,255,380.105,1078.500
5386,40,255,534.050,1078.775
5387,43,255,1284.919,1078.942
5388,39,255,1348.833,1078.449
5389,26,255,469.308,1078.462
5390,41,255,1491.329,1079.378
5391,39,255,9.013,1080.064
5392,31,255,415.500,1079.500
5393,49,255,1178.929,1080.929
5394,49,255,1572.500,1080.786
5395,42,255,1584.000,1080.000
5396,24,255,171.625,1080.292
5397,33,255,163.015,1082.894
5398,52,255,1118.500,1083.212
5399,38,255,1512.605,1082.395
5400,51,255,1541.716,1082.696
5401,38,255,984.026,1083.447
5402,21,255,1020.881,1082.071
5403,73,255,1427.377,1085.897
5404,47,255,80.032,1084.564
5405,23,255,471.326,1085.630
5406,58,255,90.793,1088.362
5407,21,255,147.738,1085.167
5408,31,255,849.984,1086.145
5409,32,255,1098.844,1085.281
5410,38,255,1266.500,1085.895
5411,35,255,243.300,1086.329
5412,44,255,294.795,1086.750
5413,45,255,937.211,1087.189
5414,84,255,1209.298,1089.238
5415,69,255,1232.775,1089.312
5416,30,255,1340.133,1086.867
5417,27,255,1401.944,1086.722
5418,30,255,1436.933,1087.733
5419,35,255,1519.671,1087.100
5420,68,255,1532.279,1089.015
5421,42,255,68.452,1087.810
5422,91,255,679.181,1089.753
5423,44,255,968.864,1088.886
5424,78,255,1380.115,1090.628
5425,61,255,1443.107,1091.107
5426,53,255,586.406,1090.066
5427,57,255,1319.816,1090.026
5428,46,255,103.739,1090.413
5429,49,255,524.990,1091.398
5430,43,255,570.942,1090.058
5431,31,255,623.532,1089.855
5432,64,255,899.250,1090.797
5433,60,255,1116.233,1091.617
5434,29,255,1597.431,1090.086
5435,37,255,8.419,1092.959
5436,34,255,191.441,1091.000
5437,35,255,795.929,1090.443
5438,31,255,1169.145,1094.242
5439,28,255,1.821,1092.786
5440,49,255,59.724,1092.418
5441,38,255,134.921,1091.526
5442,55,255,157.027,1091.355
5443,36,255,354.667,1091.750
5444,38,255,538.947,1092.868
5445,39,255,1276.321,1092.141
5446,36,255,319.500,1093.111
5447,27,255,441.648,1092.241
5448,36,255,863.583,1093.556
5449,27,255,1543.685,1092.537
5450,28,255,1362.214,1094.214
5451,94,255,1491.096,1095.968
5452,61,255,1568.828,1094.107
5453,79,255,693.563,1096.348
5454,51,255,737.618,1095.245
5455,27,255,987.093,1095.574
5456,48,255,247.062,1097.333
5457,30,255,435.000,1097.667
5458,49,255,649.582,1096.765
5459,43,255,1352.709,1097.407
5460,31,255,1399.661,1097.726
5461,48,255,1507.354,1097.896
5462,35,255,1550.157,1097.843
5463,33,255,1584.621,1097.803
5464,41,255,186.622,1098.378
5465,32,255,422.000,1098.312
5466,22,255,670.000,1098.136
5467,39,255,889.423,1098.449
5468,21,255,963.452,1098.405
5469,21,255,31.167,1098.595
