 ,Area,Mean,X,Y
1,72,255,829.083,24.861
2,123,255,578.581,30.516
3,64,255,615.250,27.766
4,57,255,773.377,29.728
5,91,255,1211.016,31.478
6,95,255,893.268,33.100
7,55,255,568.009,32.282
8,78,255,903.372,36.474
9,43,255,912.081,30.895
10,57,255,947.061,31.956
11,48,255,1139.062,31.792
12,26,255,1159.077,30.538
13,29,255,1169.224,31.397
14,90,255,1226.144,33.344
15,36,255,1201.250,31.833
16,107,255,670.967,37.322
17,74,255,713.419,34.014
18,23,255,750.326,32.848
19,20,255,1182.800,32.350
20,20,255,632.200,33.150
21,39,255,761.705,34.500
22,67,255,858.903,34.515
23,109,255,1248.555,36.445
24,148,255,596.020,40.399
25,49,255,964.582,35.418
26,44,255,1005.523,34.773
27,32,255,1133.062,35.625
28,113,255,1306.288,38.323
29,117,255,1102.551,39.756
30,30,255,872.433,37.567
31,88,255,1289.773,38.500
32,34,255,638.353,37.971
33,127,255,653.996,40.618
34,73,255,804.295,39.171
35,67,255,850.769,42.440
36,38,255,913.421,37.921
37,68,255,1170.485,38.132
38,81,255,1335.093,40.241
39,37,255,679.689,40.149
40,37,255,824.122,38.905
41,30,255,991.100,39.533
42,69,255,999.094,41.355
43,29,255,1046.500,38.845
44,84,255,1270.060,40.440
45,51,255,1362.833,39.284
46,35,255,881.671,40.814
47,49,255,1060.112,40.337
48,36,255,1379.111,40.167
49,23,255,550.978,40.283
50,189,255,620.653,47.098
51,107,255,1086.453,44.752
52,32,255,1230.188,41.375
53,36,255,702.417,43.417
54,35,255,862.900,42.843
55,24,255,1142.167,42.500
56,27,255,538.019,44.796
57,46,255,1374.043,45.435
58,65,255,1465.454,46.546
59,81,255,752.488,48.660
60,56,255,1068.179,47.571
61,39,255,1444.808,46.269
62,64,255,797.781,48.078
63,60,255,1206.050,48.100
64,49,255,1302.602,47.847
65,49,255,944.480,48.235
66,23,255,1056.761,47.543
67,70,255,551.171,50.471
68,71,255,576.937,52.035
69,37,255,969.392,48.878
70,60,255,1220.550,50.583
71,23,255,1263.109,49.022
72,26,255,1454.808,49.615
73,80,255,1473.112,51.075
74,72,255,666.042,51.250
75,54,255,812.148,50.556
76,50,255,1336.900,50.640
77,52,255,1012.442,52.827
78,29,255,1278.466,51.121
79,53,255,642.538,53.198
80,36,255,1269.528,52.222
81,25,255,835.500,52.820
82,66,255,595.576,55.561
83,58,255,825.655,55.431
84,39,255,1392.038,54.064
85,30,255,979.367,54.533
86,81,255,1322.401,57.253
87,75,255,1123.687,58.593
88,57,255,564.623,60.833
89,47,255,1449.521,59.032
90,25,255,368.500,56.780
91,21,255,382.357,57.881
92,27,255,428.611,58.870
93,48,255,1046.125,60.250
94,51,255,438.794,62.833
95,21,255,544.643,58.786
96,139,255,629.795,65.349
97,100,255,1367.650,62.330
98,49,255,1506.071,60.051
99,73,255,316.911,63.459
100,35,255,359.500,61.500
101,49,255,485.031,62.480
102,75,255,518.687,62.753
103,23,255,638.761,60.935
104,38,255,343.816,61.395
105,44,255,1071.455,62.568
106,51,255,1518.147,63.578
107,72,255,452.278,66.778
108,84,255,530.190,68.286
109,50,255,815.200,64.020
110,68,255,899.397,65.456
111,54,255,1392.556,64.574
112,22,255,908.909,65.727
113,67,255,1549.858,67.634
114,39,255,429.628,66.628
115,26,255,1021.192,66.115
116,22,255,414.500,66.682
117,52,255,931.808,67.712
118,73,255,1115.240,69.514
119,79,255,305.842,70.601
120,43,255,497.733,68.105
121,91,255,747.918,70.236
122,36,255,799.333,69.222
123,44,255,870.364,67.795
124,40,255,1044.675,67.650
125,24,255,1533.917,67.792
126,122,255,548.770,75.434
127,21,255,1002.262,69.119
128,43,255,1067.826,68.895
129,154,255,1565.526,71.974
130,38,255,695.447,70.211
131,34,255,1279.794,70.794
132,39,255,1406.910,70.038
133,29,255,460.879,70.534
134,64,255,1352.312,72.750
135,35,255,342.729,71.871
136,91,255,605.621,74.335
137,50,255,389.020,73.580
138,92,255,483.870,74.478
139,43,255,538.686,74.453
140,45,255,774.722,73.678
141,42,255,1260.429,73.571
142,41,255,688.329,76.500
143,50,255,716.920,75.340
144,55,255,1481.882,77.209
145,67,255,329.306,77.993
146,55,255,1166.700,76.536
147,21,255,279.310,77.167
148,69,255,373.775,79.413
149,34,255,1312.088,78.324
150,24,255,1186.667,78.917
151,55,255,1397.718,80.518
152,36,255,1579.167,78.722
153,53,255,384.972,81.066
154,80,255,903.225,80.650
155,56,255,1456.929,81.143
156,31,255,1470.210,79.952
157,53,255,294.236,82.821
158,96,255,446.948,83.083
159,21,255,619.786,80.452
160,42,255,1146.190,81.714
161,55,255,1365.445,82.700
162,59,255,880.737,82.449
163,68,255,1036.485,84.544
164,41,255,1065.939,82.573
165,31,255,1194.694,82.210
166,168,255,363.613,87.875
167,82,255,429.110,84.561
168,27,255,787.241,83.574
169,35,255,1536.671,83.329
170,87,255,570.466,87.615
171,41,255,739.402,83.500
172,26,255,1527.769,83.846
173,21,255,824.833,84.357
174,41,255,1108.451,85.500
175,53,255,1249.425,86.274
176,57,255,1390.377,85.395
177,89,255,635.331,89.579
178,65,255,412.808,87.485
179,30,255,1442.500,86.500
180,22,255,1463.591,86.409
181,128,255,467.414,90.828
182,37,255,579.284,88.176
183,34,255,1213.676,88.176
184,36,255,1481.750,87.889
185,91,255,499.808,91.676
186,54,255,817.148,90.352
187,61,255,605.516,91.057
188,38,255,650.421,90.632
189,35,255,1571.557,90.814
190,35,255,989.643,90.471
191,49,255,1171.704,92.276
192,61,255,387.008,92.205
193,58,255,1310.707,93.328
194,21,255,1434.405,91.500
195,55,255,514.155,93.700
196,101,255,618.312,96.520
197,67,255,1137.381,93.739
198,22,255,941.500,93.136
199,46,255,124.391,96.000
200,54,255,198.315,95.685
201,67,255,443.724,97.336
202,54,255,543.926,96.630
203,22,255,717.182,95.136
204,27,255,1258.907,94.426
205,101,255,137.708,99.163
206,155,255,151.874,100.461
207,29,255,555.569,95.638
208,36,255,707.361,96.167
209,52,255,789.096,97.115
210,58,255,1180.914,97.655
211,24,255,1490.125,95.542
212,72,255,90.694,98.194
213,78,255,177.359,99.359
214,23,255,1050.891,96.935
215,24,255,1234.917,96.417
216,86,255,102.105,101.291
217,38,255,454.395,99.000
218,44,255,844.955,99.545
219,118,255,72.712,101.805
220,43,255,415.128,99.686
221,49,255,646.194,99.561
222,31,255,1198.048,99.081
223,63,255,869.246,101.437
224,69,255,1041.457,102.514
225,62,255,350.823,103.032
226,33,255,517.136,100.621
227,49,255,998.990,102.276
228,54,255,1389.278,103.000
229,24,255,1503.958,100.292
230,44,255,293.045,103.000
231,30,255,359.633,101.700
232,27,255,476.759,101.685
233,43,255,904.360,103.151
234,36,255,1305.806,101.472
235,36,255,224.639,103.139
236,43,255,974.733,102.965
237,42,255,1481.167,103.024
238,144,255,23.292,109.889
239,66,255,600.227,106.515
240,58,255,731.293,105.672
241,26,255,915.385,104.846
242,45,255,284.122,107.300
243,126,255,41.921,110.865
244,45,255,110.878,107.656
245,99,255,167.015,109.763
246,53,255,585.764,107.594
247,44,255,624.364,108.614
248,41,255,787.963,107.427
249,52,255,885.327,106.712
250,47,255,1522.500,106.500
251,27,255,6.907,107.426
252,52,255,51.635,108.981
253,59,255,186.195,108.856
254,70,255,321.357,108.971
255,62,255,1186.081,109.597
256,87,255,1198.224,109.661
257,48,255,1542.125,108.917
258,94,255,84.000,111.223
259,142,255,132.028,112.458
260,55,255,231.373,110.609
261,23,255,433.413,108.543
262,48,255,537.188,109.479
263,57,255,1143.974,110.096
264,144,255,63.438,114.375
265,78,255,201.885,112.192
266,79,255,301.816,112.209
267,59,255,427.585,112.686
268,32,255,553.625,110.031
269,35,255,655.871,110.071
270,61,255,612.566,112.025
271,38,255,980.921,111.421
272,47,255,1248.479,111.160
273,40,255,760.575,112.650
274,45,255,970.789,113.300
275,30,255,543.867,113.967
276,43,255,573.244,115.640
277,30,255,1294.967,116.300
278,47,255,102.351,116.309
279,44,255,814.523,117.250
280,38,255,1217.184,116.368
281,57,255,1549.746,118.430
282,76,255,33.013,121.289
283,101,255,156.054,120.916
284,65,255,247.977,118.792
285,32,255,310.656,118.562
286,44,255,1116.364,118.227
287,52,255,1166.788,118.673
288,51,255,1354.245,120.441
289,55,255,1498.373,119.191
290,51,255,669.696,120.735
291,135,255,1323.952,124.996
292,127,255,78.524,122.453
293,20,255,803.000,120.000
294,52,255,1148.500,121.692
295,74,255,888.878,122.297
296,49,255,1076.724,121.031
297,84,255,1178.429,122.738
298,42,255,1241.929,121.905
299,20,255,13.200,121.250
300,23,255,109.065,121.543
301,75,255,120.873,124.140
302,102,255,141.549,124.412
303,74,255,618.149,123.176
304,102,255,985.745,124.373
305,45,255,1030.922,122.456
306,83,255,1157.283,125.657
307,50,255,259.980,123.860
308,35,255,423.043,123.900
309,72,255,751.833,125.903
310,31,255,832.403,123.145
311,164,255,843.049,129.488
312,29,255,1540.431,123.052
313,74,255,225.730,126.243
314,26,255,503.000,123.500
315,67,255,554.664,125.022
316,58,255,906.483,124.828
317,57,255,169.395,125.658
318,62,255,1011.500,126.452
319,36,255,1189.444,126.972
320,69,255,1210.196,127.486
321,102,255,98.569,129.000
322,38,255,325.789,126.974
323,27,255,333.130,126.759
324,55,255,925.100,127.336
325,26,255,1398.692,127.615
326,110,255,954.691,130.436
327,101,255,1446.975,132.847
328,87,255,21.994,132.523
329,135,255,810.196,133.270
330,107,255,824.967,131.360
331,68,255,1087.265,130.397
332,43,255,1418.407,129.942
333,49,255,212.724,130.622
334,48,255,459.542,129.958
335,55,255,1072.318,132.136
336,52,255,1335.192,131.077
337,29,255,273.914,131.086
338,50,255,436.460,131.560
339,83,255,517.247,134.006
340,66,255,870.818,132.636
341,118,255,1293.441,133.297
342,49,255,33.561,132.173
343,24,255,372.583,131.667
344,32,255,526.000,133.000
345,94,255,1170.904,135.426
346,75,255,1250.020,134.940
347,48,255,350.458,134.792
348,110,255,720.709,137.691
349,84,255,593.810,136.405
350,38,255,765.026,134.789
351,71,255,930.387,136.486
352,68,255,991.735,136.265
353,69,255,1232.428,136.746
354,57,255,3.640,137.061
355,42,255,200.286,135.333
356,36,255,393.472,135.861
357,41,255,1460.524,135.402
358,76,255,608.921,138.921
359,50,255,863.060,138.580
360,26,255,374.000,137.615
361,42,255,894.905,139.024
362,61,255,1002.598,140.238
363,28,255,276.000,138.821
364,75,255,705.527,140.527
365,193,255,749.329,142.961
366,65,255,1148.500,140.438
367,40,255,104.000,140.000
368,71,255,253.641,141.641
369,63,255,943.754,141.738
370,65,255,1194.500,141.315
371,25,255,651.740,141.180
372,83,255,877.620,144.982
373,29,255,1124.259,141.638
374,73,255,1345.390,142.568
375,51,255,1418.422,141.284
376,84,255,575.643,146.345
377,102,255,780.706,145.853
378,114,255,1273.623,145.719
379,74,255,1309.405,143.459
380,27,255,222.611,143.685
381,64,255,887.281,145.344
382,63,255,922.976,145.468
383,73,255,1181.240,145.459
384,83,255,340.199,145.476
385,116,255,630.060,147.250
386,42,255,697.119,144.905
387,31,255,1038.790,143.952
388,63,255,765.659,147.198
389,97,255,830.294,147.675
390,65,255,937.038,147.038
391,90,255,958.000,146.500
392,36,255,1172.222,145.278
393,78,255,1234.128,145.590
394,62,255,1401.871,146.548
395,37,255,1496.527,146.743
396,79,255,27.842,147.411
397,87,255,1251.810,148.201
398,29,255,1489.534,145.569
399,44,255,6.773,147.545
400,85,255,1020.994,148.994
401,66,255,1083.303,149.000
402,77,255,537.786,149.578
403,84,255,561.679,149.631
404,58,255,588.000,148.328
405,102,255,1099.304,150.235
406,79,255,1289.576,150.462
407,67,255,253.157,150.455
408,68,255,517.162,149.721
409,88,255,797.227,153.352
410,78,255,1432.654,151.000
411,83,255,359.259,152.018
412,68,255,373.559,151.265
413,126,255,729.365,155.302
414,61,255,1044.352,151.434
415,69,255,1315.746,152.167
416,50,255,1413.980,150.380
417,41,255,92.963,151.183
418,107,255,189.276,152.734
419,66,255,805.500,153.212
420,102,255,1005.775,153.637
421,85,255,1330.865,153.253
422,78,255,389.154,154.821
423,35,255,705.186,151.957
424,78,255,1110.474,154.821
425,76,255,1300.579,155.342
426,53,255,970.198,153.821
427,70,255,1121.586,155.257
428,37,255,1242.041,153.770
429,61,255,46.221,156.254
430,66,255,616.788,154.970
431,104,255,1152.240,156.702
432,73,255,1359.281,156.158
433,74,255,171.554,157.865
434,63,255,402.976,156.008
435,44,255,946.455,156.455
436,29,255,159.259,156.017
437,74,255,580.662,158.230
438,97,255,815.943,159.211
439,94,255,1138.649,158.564
440,62,255,1393.161,157.387
441,53,255,433.217,157.745
442,25,255,444.140,156.300
443,97,255,483.325,160.655
444,89,255,646.230,159.197
445,98,255,850.673,158.031
446,98,255,697.459,161.194
447,66,255,717.515,158.636
448,53,255,994.085,158.896
449,40,255,1037.625,158.850
450,101,255,1169.579,160.421
451,61,255,365.893,159.959
452,79,255,518.462,159.968
453,75,255,566.873,161.007
454,42,255,783.929,159.500
455,55,255,908.736,160.318
456,113,255,1405.969,162.650
457,71,255,1468.993,161.430
458,69,255,679.022,161.790
459,53,255,878.972,160.387
460,138,255,1082.377,164.435
461,101,255,1215.005,162.342
462,42,255,622.548,161.762
463,59,255,832.907,162.585
464,80,255,1478.987,164.037
465,40,255,307.050,164.425
466,81,255,657.278,164.451
467,105,255,770.890,165.576
468,48,255,1024.521,163.750
469,112,255,1421.741,164.482
470,38,255,259.342,162.947
471,71,255,447.303,164.993
472,63,255,710.516,164.579
473,58,255,918.552,164.569
474,35,255,1065.957,164.757
475,55,255,1333.900,164.064
476,28,255,1526.393,163.179
477,130,255,107.754,167.500
478,76,255,146.539,165.658
479,53,255,183.217,165.028
480,91,255,394.313,166.038
481,90,255,469.800,166.111
482,116,255,507.319,166.526
483,95,255,739.742,166.721
484,163,255,974.310,168.948
485,79,255,1053.196,165.968
486,74,255,1308.500,165.946
487,20,255,1.500,165.800
488,45,255,11.989,165.900
489,85,255,425.253,167.276
490,62,255,689.774,166.500
491,94,255,1232.149,166.936
492,97,255,1253.593,167.562
493,70,255,1270.357,167.229
494,70,255,212.671,168.929
495,72,255,224.472,167.375
496,130,255,544.100,169.831
497,88,255,993.455,167.545
498,57,255,43.412,167.325
499,120,255,1016.367,171.558
500,135,255,1203.833,170.604
501,59,255,356.466,169.059
502,62,255,797.177,169.468
503,71,255,806.317,169.500
504,52,255,901.788,169.385
505,39,255,1389.115,167.910
506,83,255,370.801,170.404
507,67,255,925.709,170.619
508,52,255,248.962,170.885
509,67,255,627.500,171.500
510,74,255,1351.203,171.635
511,53,255,55.349,171.896
512,63,255,174.246,172.833
513,54,255,281.167,172.167
514,48,255,833.854,171.958
515,42,255,852.476,171.143
516,72,255,882.792,173.347
517,100,255,938.850,173.930
518,100,255,1040.390,173.900
519,92,255,1285.500,173.054
520,53,255,614.726,172.557
521,91,255,1218.863,175.863
522,66,255,1417.667,173.364
523,147,255,1455.527,176.827
524,103,255,330.723,175.985
525,58,255,892.207,175.241
526,74,255,953.851,175.973
527,113,255,1068.447,177.872
528,83,255,1111.175,175.127
529,53,255,1469.160,173.991
530,46,255,1531.239,173.522
531,45,255,1590.722,174.389
532,68,255,299.779,175.279
533,91,255,706.973,176.676
534,42,255,1430.905,175.310
535,62,255,1441.435,176.613
536,77,255,1561.773,175.942
537,89,255,260.174,177.028
538,54,255,482.370,176.519
539,63,255,728.325,176.389
540,136,255,1129.912,177.382
541,49,255,1158.480,176.051
542,71,255,1269.472,177.092
543,54,255,1338.370,176.111
544,128,255,10.328,178.016
545,54,255,119.889,177.093
546,133,255,151.124,178.620
547,83,255,387.488,177.886
548,48,255,607.250,177.146
549,53,255,656.689,176.726
550,41,255,762.427,177.256
551,75,255,845.193,177.700
552,205,255,1182.183,181.993
553,76,255,1374.803,178.276
554,100,255,35.360,179.610
555,51,255,221.951,176.951
556,49,255,496.867,177.153
557,173,255,558.118,180.991
558,87,255,692.006,179.937
559,57,255,1229.570,178.570
560,95,255,579.753,180.468
561,126,255,645.254,182.468
562,56,255,857.929,179.161
563,35,255,1148.671,178.243
564,149,255,1246.077,180.393
565,92,255,1398.924,179.370
566,62,255,1537.855,180.919
567,60,255,130.250,180.917
568,159,255,430.789,185.255
569,57,255,513.921,180.325
570,76,255,593.789,181.158
571,25,255,780.260,178.780
572,119,255,905.618,180.979
573,45,255,1010.078,180.033
574,51,255,1097.049,180.010
575,20,255,440.150,179.800
576,88,255,964.466,182.398
577,148,255,982.865,186.939
578,60,255,995.617,181.667
579,92,255,242.152,183.478
580,70,255,350.600,183.643
581,104,255,466.500,183.663
582,129,255,669.578,182.686
583,75,255,1076.327,184.220
584,94,255,1298.277,183.660
585,73,255,86.349,184.089
586,65,255,318.500,184.023
587,70,255,451.329,183.557
588,82,255,750.415,183.963
589,22,255,827.273,181.773
590,53,255,882.783,182.425
591,74,255,1028.392,183.676
592,83,255,1142.934,185.018
593,205,255,1318.251,186.124
594,61,255,1348.549,183.008
595,146,255,1515.027,185.473
596,87,255,338.638,187.017
597,71,255,362.415,184.725
598,72,255,521.639,184.972
599,55,255,626.282,184.245
600,85,255,923.853,185.912
601,84,255,1044.464,187.524
602,64,255,1119.547,186.047
603,62,255,1409.548,186.435
604,51,255,1597.284,185.637
605,42,255,301.833,185.690
606,65,255,1202.977,186.115
607,60,255,21.450,187.400
608,59,255,802.229,186.975
609,92,255,1434.315,187.435
610,153,255,140.657,191.997
611,91,255,416.742,189.830
612,118,255,787.890,190.297
613,201,255,541.381,192.371
614,75,255,567.500,189.913
615,36,255,1086.417,188.750
616,100,255,1576.190,190.040
617,51,255,220.735,191.324
618,85,255,838.147,191.029
619,27,255,850.907,188.574
620,57,255,395.974,191.167
621,70,255,494.271,192.257
622,57,255,1108.605,192.640
623,99,255,168.742,193.662
624,57,255,275.167,191.939
625,59,255,602.686,192.873
626,73,255,699.130,192.473
627,145,255,1478.907,195.541
628,53,255,482.802,192.708
629,100,255,1387.670,195.080
630,60,255,287.383,194.100
631,21,255,714.405,192.786
632,81,255,757.549,194.957
633,101,255,808.173,197.094
634,67,255,863.112,194.799
635,121,255,883.384,196.070
636,105,255,1006.776,195.262
637,77,255,1091.383,195.474
638,88,255,1419.307,195.136
639,50,255,1495.900,194.280
640,33,255,1504.409,193.015
641,75,255,367.127,196.273
642,73,255,379.897,195.884
643,128,255,627.031,198.609
644,65,255,1030.500,194.992
645,154,255,1235.682,198.058
646,80,255,1343.713,195.425
647,96,255,1562.885,196.885
648,39,255,45.833,195.346
649,227,255,447.597,200.976
650,99,255,767.914,199.197
651,74,255,1127.230,197.230
652,208,255,1204.851,200.356
653,67,255,689.112,198.172
654,38,255,947.711,196.000
655,93,255,1268.898,198.263
656,55,255,1292.555,196.882
657,33,255,298.652,198.106
658,62,255,477.210,199.048
659,36,255,505.639,196.889
660,37,255,852.230,197.554
661,54,255,972.370,197.722
662,115,255,1070.170,198.857
663,86,255,1183.977,198.233
664,74,255,1373.324,198.716
665,131,255,1452.813,200.187
666,54,255,325.630,198.593
667,78,255,464.513,200.090
668,90,255,669.944,200.344
669,24,255,738.250,197.625
670,98,255,901.143,201.327
671,58,255,929.121,199.397
672,70,255,1256.314,200.171
673,28,255,241.000,199.214
674,142,255,341.458,203.380
675,80,255,1302.688,201.262
676,186,255,1326.059,203.930
677,29,255,184.741,199.845
678,104,255,390.519,203.077
679,187,255,654.398,204.543
680,87,255,913.190,202.638
681,80,255,1052.950,202.312
682,80,255,1578.013,202.475
683,82,255,21.390,202.561
684,67,255,152.978,202.769
685,101,255,1533.223,203.946
686,98,255,273.204,206.071
687,75,255,563.967,203.553
688,20,255,938.750,202.500
689,126,255,1170.825,206.063
690,47,255,1506.521,203.074
691,48,255,50.792,204.625
692,107,255,69.593,206.014
693,72,255,173.333,204.569
694,77,255,260.500,205.071
695,71,255,486.106,204.500
696,79,255,954.171,205.639
697,80,255,1590.575,204.700
698,85,255,37.629,206.394
699,146,255,417.541,210.075
700,35,255,838.986,203.814
701,96,255,1545.531,207.208
702,34,255,290.824,205.088
703,74,255,500.432,207.176
704,67,255,833.231,208.246
705,113,255,1357.783,208.553
706,120,255,213.533,207.983
707,82,255,405.537,208.744
708,85,255,615.359,208.288
709,72,255,638.806,208.014
710,76,255,1434.158,208.711
711,66,255,322.591,209.833
712,102,255,1060.216,211.412
713,158,255,1149.899,211.633
714,34,255,1478.206,208.059
715,56,255,372.304,210.446
716,65,255,580.777,210.485
717,112,255,885.161,212.170
718,99,255,966.621,211.581
719,140,255,1338.350,214.114
720,51,255,236.735,211.010
721,67,255,361.724,211.903
722,77,255,430.461,211.773
723,89,255,552.478,212.522
724,110,255,1002.445,213.100
725,66,255,1076.227,211.515
726,84,255,1102.095,212.393
727,91,255,1113.412,212.819
728,84,255,1183.821,212.726
729,127,255,100.988,214.634
730,75,255,245.007,213.167
731,96,255,850.656,213.271
732,144,255,866.694,214.528
733,156,255,1412.006,214.821
734,129,255,309.903,214.857
735,90,255,542.600,214.756
736,44,255,678.295,212.841
737,32,255,689.406,212.844
738,63,255,799.865,213.563
739,43,255,1310.919,213.477
740,75,255,1592.940,213.487
741,45,255,727.567,213.544
742,67,255,1129.201,214.963
743,36,255,1292.833,213.306
744,59,255,1398.025,214.568
745,27,255,1443.315,213.537
746,122,255,1453.598,215.623
747,62,255,1519.887,214.161
748,35,255,812.300,214.586
749,67,255,820.157,216.097
750,29,255,945.603,213.983
751,116,255,1258.060,216.397
752,81,255,138.117,216.772
753,71,255,293.345,217.162
754,43,255,750.151,216.709
755,32,255,767.438,215.406
756,55,255,1033.609,215.936
757,117,255,1298.714,218.910
758,112,255,907.196,219.170
759,90,255,1235.856,219.633
760,44,255,1502.068,217.341
761,85,255,66.124,219.676
762,75,255,671.087,219.047
763,113,255,783.217,220.712
764,90,255,1483.178,218.978
765,67,255,634.500,219.739
766,103,255,922.704,220.684
767,127,255,1204.531,221.461
768,72,255,1514.194,222.319
769,38,255,2.789,219.605
770,88,255,21.136,221.784
771,77,255,230.942,220.864
772,92,255,327.870,221.685
773,108,255,505.389,221.269
774,158,255,528.418,222.070
775,92,255,593.576,221.326
776,126,255,709.429,223.405
777,108,255,936.380,222.417
778,123,255,1086.427,223.118
779,43,255,1140.360,220.407
780,61,255,1222.303,220.615
781,75,255,1362.327,220.820
782,89,255,274.556,221.803
783,80,255,466.750,222.562
784,112,255,831.848,223.411
785,68,255,1175.603,221.750
786,63,255,1351.325,221.659
787,116,255,1573.578,223.526
788,73,255,381.267,221.486
789,87,255,398.845,223.385
790,78,255,951.577,222.641
791,50,255,1030.200,222.780
792,50,255,1271.040,221.960
793,107,255,1325.491,223.902
794,75,255,216.553,223.580
795,82,255,254.622,223.817
796,138,255,353.609,225.275
797,48,255,793.354,223.458
798,76,255,1376.855,223.842
799,57,255,1524.974,223.079
800,70,255,1557.643,224.243
801,69,255,178.036,224.442
802,144,255,188.312,228.771
803,30,255,457.200,223.967
804,69,255,555.138,224.717
805,34,255,658.559,223.382
806,55,255,1015.882,224.191
807,64,255,373.234,226.516
808,67,255,1426.843,225.724
809,72,255,91.778,226.819
810,110,255,1048.545,227.664
811,114,255,34.649,229.132
812,27,255,77.352,226.722
813,131,255,109.615,230.263
814,96,255,1001.375,229.792
815,88,255,290.045,229.534
816,71,255,448.514,229.007
817,33,255,497.500,227.500
818,102,255,726.500,230.108
819,106,255,889.415,229.481
820,143,255,576.556,230.311
821,58,255,767.534,228.793
822,133,255,852.207,230.357
823,73,255,1095.199,229.966
824,70,255,1498.200,229.586
825,68,255,45.103,231.250
826,75,255,340.300,231.540
827,30,255,863.267,229.233
828,66,255,1245.455,230.455
829,91,255,1433.544,233.577
830,199,255,1473.239,233.269
831,91,255,122.577,232.896
832,102,255,750.157,232.431
833,111,255,816.095,233.716
834,106,255,966.104,232.226
835,87,255,1137.569,232.098
836,102,255,1190.216,232.765
837,101,255,645.312,234.035
838,65,255,1223.531,232.700
839,82,255,1278.537,233.293
840,71,255,1382.275,233.458
841,105,255,1396.005,233.900
842,31,255,1598.210,232.629
843,78,255,489.141,233.795
844,87,255,552.603,234.213
845,44,255,1115.523,232.841
846,90,255,1291.378,235.800
847,93,255,246.543,234.823
848,20,255,456.600,232.400
849,83,255,775.657,236.380
850,20,255,1026.350,233.050
851,25,255,1153.740,233.220
852,97,255,1259.180,235.479
853,69,255,67.210,235.761
854,106,255,320.858,236.434
855,107,255,417.182,237.033
856,90,255,520.456,235.833
857,87,255,694.420,237.029
858,47,255,910.564,235.500
859,113,255,1342.898,236.712
860,96,255,224.354,237.333
861,107,255,1010.986,240.836
862,51,255,1409.853,236.441
863,87,255,202.534,238.121
864,161,255,265.457,241.214
865,105,255,613.252,238.595
866,92,255,629.065,238.902
867,61,255,935.221,237.238
868,155,255,1058.281,240.661
869,30,255,1517.800,236.200
870,84,255,11.202,238.786
871,29,255,85.224,237.155
872,77,255,160.461,238.994
873,87,255,173.489,240.029
874,118,255,1200.475,240.042
875,75,255,1555.087,238.287
876,67,255,593.500,239.724
877,60,255,867.850,238.933
878,48,255,1169.375,238.958
879,141,255,1103.968,241.805
880,146,255,1506.459,242.527
881,114,255,1535.912,242.965
882,159,255,24.682,244.368
883,74,255,95.581,242.919
884,23,255,401.152,240.196
885,79,255,916.601,242.323
886,90,255,975.778,242.856
887,61,255,1073.303,241.270
888,125,255,1360.388,242.164
889,41,255,1149.646,241.573
890,36,255,135.833,242.111
891,81,255,676.364,244.265
892,86,255,898.477,244.360
893,33,255,297.409,243.106
894,30,255,466.733,243.633
895,98,255,656.092,246.327
896,71,255,928.162,245.401
897,94,255,489.787,245.543
898,70,255,1220.914,246.200
899,148,255,1236.250,249.378
900,78,255,1396.923,245.179
901,54,255,1439.296,245.500
902,50,255,73.260,246.240
903,148,255,346.122,250.399
904,127,255,452.988,248.374
905,54,255,803.333,246.167
906,90,255,827.100,247.022
907,125,255,58.276,249.420
908,54,255,240.000,246.981
909,28,255,363.286,246.429
910,101,255,715.153,248.569
911,92,255,782.022,248.598
912,119,255,949.660,249.601
913,75,255,1291.193,248.833
914,55,255,1424.845,246.409
915,114,255,3.158,254.640
916,100,255,38.390,249.420
917,41,255,1377.061,247.232
918,70,255,1544.414,248.614
919,101,255,107.292,249.530
920,90,255,183.033,251.200
921,55,255,205.045,249.682
922,71,255,287.063,249.275
923,92,255,532.630,251.598
924,86,255,545.035,250.198
925,89,255,871.669,250.174
926,115,255,218.178,252.248
927,52,255,301.846,249.692
928,58,255,319.017,249.948
929,98,255,1038.551,251.490
930,77,255,1090.266,251.097
931,96,255,1138.729,251.969
932,114,255,1160.088,252.298
933,87,255,1520.695,251.822
934,104,255,1576.260,251.356
935,114,255,509.860,254.211
936,78,255,966.051,252.487
937,76,255,1213.250,252.566
938,47,255,85.330,251.479
939,98,255,124.551,254.163
940,150,255,1002.727,255.580
941,106,255,1331.934,254.245
942,79,255,158.930,254.804
943,72,255,170.611,254.514
944,137,255,401.566,255.478
945,106,255,1448.387,255.302
946,90,255,562.556,255.000
947,45,255,624.033,253.078
948,64,255,1124.594,255.281
949,62,255,1426.823,253.839
950,63,255,1490.579,254.659
951,81,255,143.302,256.389
952,55,255,480.555,255.773
953,79,255,688.627,256.741
954,72,255,198.264,257.028
955,32,255,232.250,255.312
956,91,255,469.687,257.456
957,76,255,675.303,256.316
958,45,255,746.722,256.344
959,67,255,18.530,257.784
960,85,255,372.124,258.124
961,80,255,639.562,258.087
962,79,255,757.829,258.715
963,97,255,901.572,258.562
964,25,255,1297.780,256.740
965,62,255,1534.694,256.629
966,55,255,982.555,258.155
967,56,255,1250.518,259.143
968,49,255,260.357,258.337
969,92,255,496.913,260.848
970,82,255,618.024,260.817
971,73,255,1309.842,261.021
972,134,255,1472.448,260.590
973,154,255,109.149,264.825
974,23,255,1074.283,259.239
975,68,255,1222.235,262.147
976,54,255,1377.185,261.315
977,89,255,45.230,262.421
978,51,255,1086.284,261.461
979,57,255,1510.535,261.482
980,73,255,66.979,262.377
981,104,255,719.029,263.240
982,111,255,852.131,263.761
983,90,255,1021.000,263.278
984,76,255,1196.671,264.066
985,68,255,1528.368,263.324
986,100,255,83.680,264.750
987,49,255,320.051,262.786
988,92,255,694.620,265.217
989,112,255,1059.804,264.571
990,85,255,1430.453,266.006
991,100,255,1496.120,263.870
992,93,255,1554.962,264.457
993,39,255,443.859,263.885
994,50,255,627.640,264.320
995,174,255,928.966,268.195
996,135,255,1591.167,268.063
997,40,255,224.325,264.925
998,137,255,578.880,268.412
999,93,255,798.285,266.683
1000,89,255,823.084,268.129
1001,72,255,886.903,265.528
1002,89,255,1171.298,266.770
1003,99,255,160.157,266.914
1004,80,255,234.650,267.175
1005,27,255,1079.722,265.056
1006,141,255,1110.216,268.294
1007,118,255,249.508,269.797
1008,76,255,272.855,268.197
1009,62,255,328.500,267.323
1010,75,255,560.673,267.220
1011,73,255,652.089,267.103
1012,74,255,1411.054,268.541
1013,64,255,452.953,268.625
1014,141,255,671.677,270.429
1015,68,255,1359.632,269.706
1016,87,255,18.787,269.787
1017,53,255,311.858,268.443
1018,38,255,349.737,268.658
1019,49,255,394.582,269.153
1020,62,255,405.677,270.226
1021,35,255,522.157,268.557
1022,73,255,773.418,269.295
1023,107,255,976.640,272.752
1024,86,255,989.895,269.872
1025,47,255,1388.926,268.479
1026,73,255,129.678,271.048
1027,85,255,146.029,271.112
1028,137,255,598.478,272.281
1029,104,255,878.346,274.635
1030,22,255,1029.409,268.591
1031,30,255,1214.267,268.633
1032,100,255,1341.080,271.060
1033,87,255,207.075,273.236
1034,67,255,471.007,271.679
1035,62,255,727.968,273.548
1036,92,255,1185.000,272.761
1037,41,255,1420.573,271.500
1038,91,255,286.456,273.544
1039,107,255,641.706,274.528
1040,46,255,813.174,272.000
1041,40,255,944.725,271.500
1042,54,255,1237.556,271.611
1043,113,255,368.412,275.412
1044,73,255,834.925,273.514
1045,97,255,892.881,275.593
1046,80,255,1484.250,273.887
1047,29,255,1519.086,271.914
1048,120,255,549.150,277.892
1049,95,255,1274.721,275.111
1050,54,255,1217.519,276.241
1051,90,255,915.500,277.222
1052,125,255,1304.412,279.532
1053,97,255,1376.428,277.284
1054,126,255,301.905,281.444
1055,89,255,567.860,277.972
1056,138,255,759.870,280.638
1057,38,255,1062.632,276.237
1058,58,255,1119.966,277.603
1059,26,255,1207.577,276.462
1060,166,255,1259.139,280.855
1061,48,255,332.375,278.375
1062,41,255,391.232,277.915
1063,98,255,482.449,279.694
1064,50,255,1049.520,277.360
1065,97,255,1569.242,279.479
1066,99,255,190.197,280.955
1067,119,255,420.601,281.391
1068,62,255,518.194,279.855
1069,70,255,956.500,279.429
1070,72,255,996.153,280.514
1071,33,255,1007.530,278.894
1072,43,255,1086.570,278.360
1073,30,255,608.667,280.100
1074,137,255,616.763,285.653
1075,57,255,697.746,280.254
1076,57,255,3.675,281.342
1077,47,255,260.011,281.585
1078,87,255,353.718,281.948
1079,68,255,434.809,280.971
1080,88,255,455.625,282.602
1081,111,255,714.428,283.239
1082,34,255,1202.471,280.471
1083,116,255,1449.733,283.509
1084,92,255,1466.217,282.196
1085,97,255,47.077,283.232
1086,77,255,109.279,283.097
1087,105,255,163.929,283.538
1088,30,255,293.933,281.433
1089,102,255,783.059,283.225
1090,72,255,803.889,282.042
1091,78,255,863.000,283.000
1092,62,255,1028.177,281.323
1093,79,255,1100.943,282.462
1094,141,255,1171.876,285.465
1095,26,255,201.577,282.077
1096,65,255,338.838,283.500
1097,90,255,506.967,284.589
1098,103,255,903.617,284.646
1099,78,255,1281.167,284.244
1100,141,255,1322.720,290.195
1101,72,255,67.347,284.125
1102,152,255,145.526,286.211
1103,28,255,213.536,282.893
1104,40,255,826.175,283.175
1105,80,255,1077.713,285.488
1106,74,255,1125.311,284.392
1107,126,255,1550.032,286.595
1108,114,255,230.974,286.842
1109,56,255,599.536,285.804
1110,25,255,945.540,283.940
1111,119,255,1434.702,286.803
1112,76,255,406.711,287.263
1113,87,255,961.925,287.316
1114,100,255,1063.590,287.130
1115,59,255,1209.653,286.229
1116,35,255,1366.871,285.614
1117,154,255,23.630,288.045
1118,115,255,655.952,289.491
1119,85,255,667.006,287.935
1120,97,255,1410.995,288.613
1121,100,255,82.270,289.370
1122,68,255,539.882,288.750
1123,104,255,1498.087,289.317
1124,21,255,205.500,287.500
1125,63,255,1014.389,289.532
1126,159,255,1231.947,293.060
1127,76,255,1512.329,290.066
1128,71,255,389.373,290.528
1129,48,255,694.354,289.938
1130,34,255,254.529,290.412
1131,88,255,557.307,291.898
1132,77,255,1037.097,291.851
1133,96,255,1135.469,292.969
1134,44,255,1292.591,290.682
1135,80,255,1463.463,295.125
1136,49,255,55.745,292.888
1137,141,255,634.082,295.074
1138,28,255,794.607,290.929
1139,52,255,520.827,292.885
1140,80,255,870.337,293.825
1141,60,255,1148.933,293.300
1142,100,255,39.580,295.440
1143,80,255,195.512,294.275
1144,93,255,441.317,294.941
1145,102,255,936.118,294.402
1146,119,255,976.853,295.811
1147,76,255,1360.500,294.882
1148,101,255,1523.480,295.480
1149,70,255,265.943,295.600
1150,84,255,353.905,296.476
1151,79,255,688.108,296.842
1152,96,255,726.604,296.177
1153,64,255,860.734,296.281
1154,72,255,65.667,296.944
1155,174,255,168.356,301.201
1156,86,255,570.779,296.826
1157,113,255,1120.111,298.199
1158,73,255,1274.870,296.815
1159,93,255,1386.898,297.263
1160,37,255,180.662,296.554
1161,73,255,251.130,298.212
1162,41,255,416.500,296.500
1163,45,255,536.300,297.322
1164,81,255,1012.167,297.586
1165,48,255,1077.125,296.292
1166,73,255,1348.829,299.445
1167,85,255,1560.159,298.606
1168,114,255,755.035,299.754
1169,28,255,1289.179,297.179
1170,82,255,1573.098,298.902
1171,62,255,118.371,299.774
1172,140,255,829.893,301.664
1173,91,255,964.137,301.632
1174,77,255,1243.695,300.331
1175,53,255,131.066,299.991
1176,88,255,474.080,301.398
1177,89,255,488.837,300.949
1178,92,255,500.391,301.717
1179,60,255,920.617,300.067
1180,52,255,1408.673,299.788
1181,116,255,107.147,302.207
1182,101,255,308.569,302.243
1183,80,255,455.275,301.675
1184,61,255,769.549,301.500
1185,83,255,1043.946,301.729
1186,134,255,1442.731,302.724
1187,65,255,143.438,303.438
1188,55,255,800.518,302.409
1189,48,255,382.438,302.833
1190,93,255,403.500,305.478
1191,73,255,583.692,303.856
1192,68,255,813.353,303.882
1193,93,255,886.683,304.747
1194,56,255,1067.750,302.964
1195,80,255,1300.787,304.462
1196,109,255,1334.206,304.087
1197,70,255,1583.814,304.114
1198,76,255,648.908,305.013
1199,61,255,1199.615,305.500
1200,24,255,1597.917,303.000
1201,126,255,16.762,307.659
1202,89,255,222.961,306.208
1203,84,255,595.929,305.905
1204,59,255,44.754,306.398
1205,78,255,555.141,307.449
1206,23,255,701.065,305.239
1207,70,255,932.100,306.614
1208,78,255,850.949,308.179
1209,130,255,1151.492,309.092
1210,32,255,1289.562,306.406
1211,27,255,564.093,306.685
1212,45,255,974.122,307.967
1213,79,255,1003.829,309.665
1214,22,255,1547.409,306.409
1215,32,255,148.938,308.219
1216,83,255,991.428,310.560
1217,35,255,1255.414,308.100
1218,41,255,185.988,310.549
1219,29,255,390.052,309.328
1220,71,255,860.077,310.232
1221,81,255,902.352,311.525
1222,50,255,922.000,310.140
1223,77,255,1125.227,310.708
1224,80,255,1537.612,310.700
1225,64,255,656.141,311.828
1226,46,255,706.587,310.630
1227,51,255,833.225,310.324
1228,79,255,1099.335,311.930
1229,150,255,1497.840,314.767
1230,124,255,29.161,316.597
1231,105,255,618.748,313.671
1232,94,255,957.404,314.074
1233,128,255,1040.438,313.484
1234,136,255,362.368,316.125
1235,108,255,533.676,317.222
1236,87,255,731.374,313.684
1237,104,255,1109.625,315.769
1238,77,255,1236.474,313.942
1239,45,255,1455.567,313.100
1240,85,255,194.700,315.500
1241,71,255,298.261,314.444
1242,81,255,346.883,314.969
1243,33,255,565.742,313.318
1244,83,255,695.994,314.982
1245,118,255,757.042,315.763
1246,56,255,1057.321,313.804
1247,137,255,1181.011,317.398
1248,66,255,114.788,314.000
1249,96,255,674.083,316.500
1250,38,255,791.947,313.421
1251,62,255,1249.081,316.177
1252,133,255,278.831,317.613
1253,30,255,337.267,315.433
1254,27,255,385.426,315.167
1255,30,255,545.767,314.467
1256,88,255,1214.011,317.125
1257,64,255,1266.266,316.672
1258,106,255,1384.075,317.500
1259,90,255,1439.256,316.778
1260,133,255,86.192,317.816
1261,89,255,246.399,318.949
1262,83,255,411.958,317.958
1263,36,255,426.444,317.306
1264,82,255,911.573,318.390
1265,75,255,1015.500,317.647
1266,55,255,1304.664,316.882
1267,78,255,1549.577,318.038
1268,37,255,103.662,318.716
1269,39,255,234.141,317.449
1270,106,255,743.425,320.236
1271,78,255,1073.308,318.026
1272,131,255,58.210,322.752
1273,64,255,127.047,319.328
1274,62,255,480.355,319.145
1275,66,255,579.621,319.348
1276,94,255,889.074,320.691
1277,126,255,1089.429,322.421
1278,56,255,1334.179,319.196
1279,81,255,1422.401,320.389
1280,86,255,1593.512,320.779
1281,128,255,179.219,323.203
1282,124,255,1512.226,323.016
1283,190,255,323.458,323.905
1284,94,255,440.202,321.894
1285,47,255,606.287,321.649
1286,86,255,816.291,322.395
1287,99,255,1366.530,322.419
1288,83,255,510.295,323.042
1289,84,255,521.619,324.488
1290,63,255,657.833,322.484
1291,47,255,831.606,321.202
1292,36,255,1295.083,321.556
1293,40,255,2.400,323.200
1294,54,255,43.537,323.889
1295,72,255,453.819,323.569
1296,143,255,1459.339,327.248
1297,132,255,1481.038,326.311
1298,84,255,1568.179,324.714
1299,103,255,373.607,328.325
1300,35,255,680.614,324.557
1301,79,255,950.449,324.639
1302,77,255,1126.188,325.240
1303,82,255,1207.951,327.061
1304,135,255,217.426,328.485
1305,87,255,852.707,326.397
1306,58,255,1020.534,324.793
1307,44,255,1101.318,324.682
1308,66,255,1323.742,325.545
1309,49,255,76.214,326.153
1310,105,255,132.081,328.890
1311,33,255,471.833,325.439
1312,63,255,1159.262,326.373
1313,61,255,1048.566,327.041
1314,67,255,205.888,328.694
1315,34,255,863.088,328.412
1316,30,255,966.767,327.367
1317,24,255,34.625,328.167
1318,80,255,264.587,329.900
1319,47,255,351.223,328.074
1320,90,255,419.278,329.900
1321,62,255,429.032,329.468
1322,124,255,553.992,330.024
1323,86,255,1003.477,331.116
1324,72,255,1169.972,330.139
1325,73,255,911.500,331.432
1326,94,255,1075.447,331.213
1327,94,255,485.904,332.638
1328,59,255,647.686,331.432
1329,67,255,673.321,331.575
1330,47,255,703.245,330.883
1331,63,255,715.024,330.675
1332,129,255,937.159,333.709
1333,32,255,4.594,330.750
1334,101,255,309.450,333.629
1335,45,255,498.033,331.567
1336,69,255,566.949,333.283
1337,62,255,765.290,332.306
1338,57,255,820.377,332.026
1339,22,255,831.818,330.545
1340,131,255,991.981,335.905
1341,65,255,1016.300,331.854
1342,147,255,1403.003,334.139
1343,156,255,1537.814,336.468
1344,77,255,1561.253,332.721
1345,86,255,84.581,334.291
1346,80,255,250.600,334.087
1347,45,255,471.544,332.278
1348,196,255,1241.781,339.005
1349,24,255,1340.500,331.625
1350,98,255,1497.306,335.429
1351,64,255,578.969,334.219
1352,53,255,920.311,333.632
1353,46,255,972.239,334.217
1354,64,255,96.297,336.047
1355,59,255,108.076,334.839
1356,58,255,162.500,335.638
1357,55,255,1150.627,334.736
1358,28,255,1198.286,334.536
1359,75,255,47.060,336.980
1360,75,255,145.273,336.220
1361,152,255,184.993,338.441
1362,37,255,776.581,335.392
1363,64,255,1258.000,336.719
1364,99,255,59.490,340.641
1365,127,255,437.272,340.776
1366,55,255,612.482,336.936
1367,97,255,752.644,338.479
1368,52,255,799.000,337.000
1369,104,255,1034.894,338.942
1370,48,255,1435.667,336.500
1371,92,255,390.739,339.696
1372,65,255,662.238,338.838
1373,78,255,1050.372,339.115
1374,90,255,1508.878,340.922
1375,59,255,637.585,340.619
1376,69,255,650.051,339.790
1377,70,255,720.457,339.714
1378,135,255,1097.359,341.930
1379,116,255,1138.681,340.931
1380,98,255,1383.388,340.520
1381,87,255,624.626,341.833
1382,109,255,694.812,341.188
1383,208,255,1584.346,344.889
1384,86,255,455.047,342.267
1385,142,255,529.176,343.063
1386,99,255,547.894,342.490
1387,131,255,736.011,344.462
1388,163,255,843.463,345.414
1389,68,255,1209.868,341.338
1390,52,255,1320.423,341.365
1391,107,255,1524.360,342.509
1392,124,255,29.548,345.032
1393,48,255,222.729,341.812
1394,105,255,282.700,343.995
1395,40,255,864.425,341.650
1396,90,255,1018.356,342.956
1397,86,255,1189.965,343.349
1398,97,255,10.366,344.562
1399,34,255,235.147,341.941
1400,58,255,477.397,342.966
1401,61,255,1157.762,343.500
1402,96,255,1555.552,343.844
1403,119,255,109.651,347.550
1404,65,255,135.762,344.854
1405,72,255,498.375,346.333
1406,70,255,670.800,344.871
1407,89,255,1167.287,345.949
1408,93,255,1264.091,344.167
1409,94,255,377.532,346.617
1410,75,255,590.553,346.140
1411,88,255,785.193,346.580
1412,116,255,915.655,345.871
1413,81,255,248.710,346.883
1414,55,255,396.845,346.500
1415,82,255,577.207,346.890
1416,97,255,511.696,348.479
1417,103,255,1225.306,348.461
1418,65,255,1361.469,348.608
1419,167,255,1440.452,351.320
1420,57,255,466.921,348.588
1421,86,255,484.256,349.535
1422,67,255,710.306,348.679
1423,49,255,1413.643,348.439
1424,85,255,80.747,350.041
1425,150,255,159.487,352.607
1426,92,255,952.022,351.120
1427,119,255,1039.046,349.912
1428,93,255,1129.317,349.887
1429,112,255,1471.777,350.929
1430,90,255,325.400,350.911
1431,34,255,558.882,350.324
1432,67,255,607.993,350.634
1433,93,255,300.640,351.952
1434,100,255,356.000,351.090
1435,114,255,1114.281,352.342
1436,56,255,1311.500,351.107
1437,60,255,1353.283,352.100
1438,78,255,92.051,353.103
1439,29,255,198.259,350.672
1440,125,255,816.292,354.396
1441,61,255,1592.730,352.500
1442,37,255,2.176,353.446
1443,20,255,411.650,351.450
1444,58,255,599.534,353.345
1445,57,255,677.711,353.658
1446,68,255,688.265,353.471
1447,99,255,973.086,354.965
1448,51,255,1071.245,353.147
1449,67,255,1299.754,353.201
1450,112,255,64.554,354.973
1451,153,255,184.637,356.454
1452,107,255,269.509,355.631
1453,67,255,444.888,354.604
1454,39,255,570.936,353.577
1455,67,255,622.410,354.485
1456,125,255,1276.788,355.540
1457,86,255,1495.616,354.988
1458,94,255,133.213,356.649
1459,88,255,405.114,358.114
1460,46,255,1234.283,355.304
1461,134,255,1392.336,358.172
1462,71,255,746.923,356.796
1463,70,255,761.771,356.800
1464,69,255,913.051,355.949
1465,71,255,1186.697,357.176
1466,73,255,1453.911,356.938
1467,36,255,1329.361,355.889
1468,61,255,1554.730,356.631
1469,122,255,120.131,362.795
1470,34,255,216.206,357.676
1471,78,255,369.256,358.487
1472,105,255,525.205,359.614
1473,100,255,934.850,359.360
1474,115,255,1256.735,360.657
1475,55,255,1514.736,357.827
1476,107,255,988.453,360.790
1477,151,255,1082.328,361.930
1478,102,255,1482.363,361.412
1479,80,255,72.225,362.125
1480,84,255,329.107,360.083
1481,97,255,420.943,361.541
1482,113,255,587.058,362.544
1483,31,255,236.597,360.661
1484,71,255,315.838,361.627
1485,127,255,351.335,361.815
1486,83,255,640.620,361.006
1487,97,255,702.490,362.655
1488,85,255,726.818,362.112
1489,51,255,1029.108,361.461
1490,135,255,1043.796,364.648
1491,79,255,102.892,363.386
1492,33,255,226.045,361.682
1493,71,255,435.894,363.754
1494,139,255,825.586,365.140
1495,23,255,1054.543,360.761
1496,69,255,1064.993,362.167
1497,169,255,1172.180,367.417
1498,55,255,1291.955,362.064
1499,63,255,1315.897,364.262
1500,120,255,1425.525,363.717
1501,30,255,1540.067,362.300
1502,87,255,1571.489,364.420
1503,88,255,152.932,365.602
1504,57,255,482.044,364.026
1505,68,255,1526.691,365.132
1506,46,255,952.696,365.000
1507,73,255,1142.336,366.089
1508,53,255,1351.557,364.783
1509,37,255,763.473,365.662
1510,59,255,964.263,365.958
1511,53,255,1093.425,366.934
1512,107,255,248.584,367.818
1513,89,255,443.949,368.961
1514,120,255,542.392,368.992
1515,109,255,663.546,368.142
1516,46,255,889.391,366.913
1517,96,255,1128.177,367.427
1518,120,255,1377.133,368.058
1519,53,255,216.783,368.594
1520,154,255,282.247,372.058
1521,46,255,366.674,367.848
1522,65,255,493.377,368.577
1523,53,255,750.217,368.066
1524,44,255,1113.727,367.523
1525,56,255,1245.268,368.464
1526,86,255,1504.965,369.419
1527,83,255,9.681,371.910
1528,52,255,377.077,369.192
1529,46,255,850.000,369.022
1530,83,255,876.416,369.331
1531,55,255,1225.445,368.955
1532,39,255,1536.474,369.321
1533,98,255,176.653,371.306
1534,73,255,473.144,371.664
1535,171,255,600.102,374.482
1536,40,255,1399.850,370.225
1537,98,255,194.010,371.908
1538,88,255,507.330,371.920
1539,59,255,803.720,371.975
1540,61,255,1275.041,370.992
1541,35,255,1441.557,370.071
1542,22,255,1.864,371.364
1543,105,255,570.033,374.671
1544,108,255,1456.759,372.815
1545,75,255,1517.247,372.913
1546,20,255,811.650,371.500
1547,47,255,896.223,373.202
1548,78,255,904.923,374.936
1549,44,255,922.614,373.477
1550,76,255,943.066,373.921
1551,64,255,1150.250,374.344
1552,111,255,1191.473,374.698
1553,83,255,1298.512,374.777
1554,87,255,386.259,375.362
1555,73,255,406.459,375.048
1556,99,255,556.621,376.914
1557,139,255,641.946,377.097
1558,117,255,1407.346,377.859
1559,20,255,1554.550,372.750
1560,124,255,18.145,379.871
1561,108,255,261.537,377.065
1562,86,255,619.326,376.535
1563,65,255,932.146,375.638
1564,45,255,1032.367,374.944
1565,149,255,1060.252,376.346
1566,39,255,1158.141,375.397
1567,91,255,43.390,377.698
1568,83,255,103.464,377.380
1569,102,255,138.539,378.098
1570,43,255,224.547,375.663
1571,74,255,309.135,376.986
1572,42,255,484.357,376.262
1573,130,255,676.515,378.754
1574,131,255,971.469,377.607
1575,64,255,1209.766,376.797
1576,63,255,1469.230,376.135
1577,60,255,54.617,378.067
1578,53,255,533.689,376.783
1579,80,255,585.925,378.012
1580,105,255,741.119,378.652
1581,104,255,850.077,378.337
1582,103,255,1235.869,377.888
1583,60,255,657.517,377.967
1584,75,255,718.140,378.620
1585,48,255,1002.375,378.271
1586,66,255,1106.045,378.848
1587,44,255,419.886,379.341
1588,85,255,1182.724,380.829
1589,97,255,1284.098,381.253
1590,76,255,29.697,381.382
1591,20,255,115.550,378.750
1592,119,255,826.080,382.870
1593,56,255,1120.071,379.982
1594,43,255,243.547,381.128
1595,93,255,354.457,382.715
1596,112,255,776.170,383.616
1597,61,255,879.434,381.041
1598,30,255,914.967,380.700
1599,147,255,1135.622,383.548
1600,111,255,1356.230,382.239
1601,37,255,1393.338,380.905
1602,63,255,1438.500,380.802
1603,65,255,1499.638,381.331
1604,75,255,697.007,382.913
1605,66,255,71.576,383.636
1606,39,255,367.346,382.141
1607,93,255,1455.403,385.898
1608,61,255,1571.697,383.533
1609,45,255,167.167,383.856
1610,59,255,218.110,384.703
1611,63,255,757.198,383.913
1612,62,255,1096.887,385.242
1613,138,255,1553.399,387.486
1614,35,255,233.357,385.614
1615,59,255,988.229,385.602
1616,62,255,1343.129,385.548
1617,129,255,1492.872,388.663
1618,64,255,1593.281,385.391
1619,148,255,300.236,388.419
1620,100,255,396.430,388.280
1621,121,255,1039.054,388.517
1622,78,255,346.026,389.244
1623,81,255,495.994,390.784
1624,47,255,807.713,387.415
1625,41,255,862.451,386.524
1626,107,255,1215.836,387.435
1627,47,255,315.372,388.011
1628,53,255,431.236,388.594
1629,113,255,508.624,391.305
1630,92,255,279.761,390.152
1631,90,255,1070.289,390.911
1632,60,255,1584.967,389.200
1633,102,255,323.892,391.794
1634,72,255,656.000,390.972
1635,47,255,1024.883,390.309
1636,58,255,1169.914,391.224
1637,85,255,1248.982,391.194
1638,91,255,116.027,392.720
1639,108,255,374.926,392.583
1640,126,255,547.373,392.675
1641,76,255,1315.592,391.000
1642,59,255,631.669,392.415
1643,74,255,667.257,393.514
1644,144,255,723.368,394.868
1645,79,255,933.677,392.728
1646,57,255,992.833,391.974
1647,89,255,1414.624,394.522
1648,83,255,1527.259,392.765
1649,102,255,95.520,395.235
1650,62,255,156.452,394.339
1651,76,255,208.658,393.803
1652,40,255,260.600,392.350
1653,81,255,456.315,393.821
1654,97,255,588.242,395.232
1655,129,255,682.826,393.283
1656,83,255,1147.958,393.958
1657,57,255,1234.325,392.939
1658,139,255,480.356,397.191
1659,93,255,605.769,395.478
1660,26,255,765.885,392.654
1661,116,255,780.759,398.914
1662,115,255,966.857,395.857
1663,42,255,186.667,393.881
1664,34,255,414.412,394.176
1665,64,255,1003.953,395.828
1666,56,255,1106.679,395.196
1667,83,255,1190.259,396.283
1668,32,255,1285.375,394.250
1669,111,255,1345.059,396.752
1670,74,255,1385.959,395.676
1671,77,255,1540.565,395.916
1672,61,255,433.139,396.664
1673,36,255,464.778,395.639
1674,121,255,796.930,398.054
1675,76,255,1256.289,397.526
1676,66,255,1474.318,397.470
1677,27,255,57.870,397.648
1678,48,255,222.542,397.292
1679,41,255,250.085,396.963
1680,66,255,840.364,398.106
1681,106,255,858.877,400.047
1682,87,255,177.534,402.259
1683,64,255,288.453,399.641
1684,72,255,532.083,399.958
1685,114,255,703.132,400.781
1686,53,255,745.708,398.934
1687,83,255,1426.970,401.837
1688,27,255,1446.093,397.574
1689,49,255,393.765,400.173
1690,72,255,948.375,400.250
1691,87,255,1270.971,401.006
1692,96,255,1317.427,403.875
1693,42,255,1572.143,400.310
1694,38,255,4.132,400.289
1695,60,255,342.517,400.867
1696,91,255,1053.698,403.555
1697,40,255,1309.800,401.225
1698,103,255,1392.762,403.218
1699,90,255,18.333,403.522
1700,60,255,810.717,402.533
1701,54,255,875.852,401.648
1702,60,255,975.450,402.800
1703,70,255,1127.671,402.543
1704,102,255,1583.480,403.745
1705,108,255,40.500,406.759
1706,64,255,65.484,403.672
1707,126,255,359.119,405.341
1708,41,255,156.134,403.671
1709,145,255,227.617,405.617
1710,67,255,827.575,404.604
1711,61,255,926.533,404.320
1712,81,255,1033.167,404.414
1713,104,255,1072.327,406.231
1714,99,255,1234.399,405.237
1715,81,255,1469.846,405.401
1716,60,255,203.767,405.700
1717,137,255,448.230,407.500
1718,95,255,630.468,406.700
1719,57,255,913.061,406.132
1720,97,255,991.789,406.098
1721,119,255,1211.206,406.349
1722,85,255,1295.582,406.618
1723,85,255,1507.535,406.371
1724,87,255,1526.546,406.144
1725,121,255,407.764,406.773
1726,90,255,1111.822,407.700
1727,92,255,550.848,408.054
1728,70,255,599.729,408.057
1729,142,255,842.768,408.577
1730,65,255,1005.315,407.346
1731,50,255,1168.000,407.000
1732,53,255,1442.670,407.198
1733,119,255,145.113,410.004
1734,97,255,293.912,409.552
1735,148,255,514.561,411.966
1736,63,255,572.754,408.087
1737,111,255,263.482,410.797
1738,107,255,888.995,411.416
1739,127,255,941.925,412.508
1740,86,255,1151.023,410.593
1741,123,255,1352.898,412.654
1742,104,255,430.577,413.000
1743,95,255,755.132,409.858
1744,88,255,1083.875,413.023
1745,51,255,1374.206,409.539
1746,45,255,1420.700,409.967
1747,23,255,1562.978,408.761
1748,67,255,3.694,412.112
1749,150,255,737.713,414.280
1750,79,255,803.247,412.778
1751,63,255,978.389,411.786
1752,57,255,1093.342,411.518
1753,75,255,1260.753,412.340
1754,134,255,101.657,414.836
1755,93,255,189.704,413.124
1756,114,255,529.991,413.658
1757,73,255,564.445,413.568
1758,58,255,1059.190,412.000
1759,64,255,926.734,412.922
1760,47,255,89.287,413.713
1761,54,255,304.796,414.278
1762,74,255,380.378,415.568
1763,132,255,483.720,417.485
1764,67,255,1402.634,414.739
1765,47,255,1412.840,414.521
1766,74,255,1587.703,414.649
1767,114,255,467.474,418.096
1768,116,255,616.612,416.517
1769,64,255,638.406,416.500
1770,61,255,722.451,415.697
1771,71,255,1435.430,415.923
1772,86,255,1549.070,416.686
1773,139,255,498.514,420.342
1774,99,255,782.944,418.035
1775,81,255,1328.981,417.426
1776,131,255,122.202,417.981
1777,78,255,213.141,418.000
1778,70,255,332.329,417.914
1779,160,255,709.631,422.319
1780,105,255,1012.271,418.519
1781,68,255,1036.000,417.500
1782,92,255,1221.402,417.641
1783,50,255,1366.040,416.860
1784,108,255,1485.824,418.861
1785,110,255,173.791,420.300
1786,23,255,361.717,417.457
1787,40,255,793.875,418.575
1788,112,255,1177.330,419.393
1789,57,255,1207.623,417.412
1790,52,255,1473.635,418.596
1791,61,255,1520.385,418.844
1792,62,255,1578.823,420.161
1793,53,255,33.632,419.764
1794,44,255,412.432,418.545
1795,85,255,686.276,419.488
1796,150,255,899.893,422.500
1797,57,255,1245.518,419.237
1798,75,255,1267.327,420.913
1799,50,255,1535.920,419.880
1800,68,255,21.441,420.529
1801,94,255,57.628,421.553
1802,136,255,242.309,424.346
1803,36,255,271.639,419.500
1804,111,255,1051.554,423.329
1805,40,255,1376.125,420.325
1806,63,255,1562.802,422.008
1807,75,255,83.473,423.140
1808,42,255,350.595,421.667
1809,53,255,983.613,421.783
1810,44,255,1125.523,421.977
1811,101,255,229.342,425.926
1812,72,255,448.528,422.931
1813,73,255,590.664,424.582
1814,25,255,602.140,422.060
1815,89,255,764.646,423.994
1816,42,255,916.500,423.000
1817,91,255,1508.357,423.742
1818,28,255,387.786,422.964
1819,118,255,958.856,425.941
1820,88,255,817.580,425.864
1821,74,255,845.122,425.500
1822,116,255,936.233,428.034
1823,136,255,1148.765,426.816
1824,41,255,1251.939,425.378
1825,44,255,1387.182,424.318
1826,88,255,188.398,426.102
1827,37,255,402.446,425.554
1828,37,255,552.581,424.959
1829,118,255,860.059,428.729
1830,51,255,697.304,426.794
1831,70,255,971.614,428.029
1832,70,255,1331.157,427.400
1833,32,255,1362.500,426.000
1834,111,255,1449.500,429.023
1835,74,255,1525.581,427.811
1836,157,255,45.061,430.296
1837,79,255,146.513,428.981
1838,154,255,168.364,434.942
1839,61,255,286.779,428.369
1840,40,255,541.500,427.775
1841,23,255,611.109,426.717
1842,167,255,670.967,432.129
1843,122,255,738.008,431.172
1844,73,255,529.719,429.336
1845,51,255,1187.794,429.343
1846,90,255,1306.644,429.278
1847,95,255,1380.205,430.500
1848,71,255,273.035,430.232
1849,85,255,1473.359,431.018
1850,39,255,1597.962,431.474
1851,60,255,9.983,431.483
1852,26,255,334.231,430.231
1853,44,255,654.545,430.455
1854,51,255,986.559,430.912
1855,83,255,1165.440,432.307
1856,60,255,1353.067,431.133
1857,44,255,358.295,432.159
1858,69,255,516.848,432.935
1859,81,255,572.747,433.340
1860,70,255,686.257,432.671
1861,54,255,881.833,432.648
1862,70,255,1044.614,432.543
1863,62,255,1205.726,432.645
1864,81,255,1292.673,433.340
1865,73,255,321.062,433.363
1866,67,255,374.366,434.440
1867,89,255,724.096,434.140
1868,150,255,1023.513,436.793
1869,53,255,1089.330,433.349
1870,76,255,1425.487,434.724
1871,44,255,1569.295,432.409
1872,115,255,1583.439,434.004
1873,41,255,364.939,434.061
1874,85,255,452.147,434.912
1875,61,255,561.451,434.959
1876,178,255,201.680,441.298
1877,61,255,390.779,435.975
1878,123,255,432.272,437.256
1879,114,255,634.816,436.877
1880,74,255,1544.365,435.851
1881,84,255,76.893,437.119
1882,95,255,129.753,437.500
1883,28,255,780.464,435.893
1884,87,255,802.914,436.856
1885,64,255,1483.422,437.016
1886,28,255,2.821,435.786
1887,20,255,86.350,436.150
1888,81,255,215.500,437.772
1889,124,255,308.774,441.605
1890,158,255,489.538,439.709
1891,69,255,504.514,438.196
1892,29,255,600.086,436.052
1893,89,255,621.331,438.781
1894,109,255,1075.573,439.399
1895,168,255,1128.292,441.560
1896,60,255,1251.983,436.950
1897,126,255,153.119,441.500
1898,109,255,248.959,440.500
1899,33,255,587.409,436.530
1900,38,255,770.053,439.342
1901,115,255,1108.230,438.683
1902,132,255,1177.985,443.288
1903,82,255,1398.171,438.963
1904,172,255,1453.953,442.762
1905,30,255,1557.533,436.967
1906,48,255,27.854,439.042
1907,86,255,113.651,440.256
1908,149,255,183.540,442.379
1909,88,255,708.148,440.466
1910,26,255,1188.346,437.962
1911,103,255,835.073,442.005
1912,41,255,1303.280,439.280
1913,69,255,648.080,441.645
1914,60,255,691.950,441.367
1915,119,255,980.433,442.895
1916,72,255,1361.097,441.417
1917,96,255,36.406,444.188
1918,31,255,381.597,441.887
1919,88,255,761.148,444.068
1920,143,255,1232.129,445.528
1921,53,255,1406.481,443.009
1922,79,255,1499.310,443.361
1923,77,255,905.240,443.526
1924,71,255,925.275,443.599
1925,60,255,1093.733,443.017
1926,53,255,1198.689,443.274
1927,67,255,1218.410,443.604
1928,58,255,1417.293,442.810
1929,45,255,1513.478,442.878
1930,56,255,1564.679,443.929
1931,110,255,231.655,444.473
1932,43,255,532.221,443.267
1933,45,255,788.589,443.878
1934,48,255,1043.938,444.375
1935,105,255,1148.805,445.852
1936,46,255,92.565,445.826
1937,113,255,266.827,446.898
1938,115,255,281.222,447.917
1939,116,255,863.207,447.293
1940,40,255,1267.475,444.500
1941,43,255,1314.709,445.547
1942,121,255,1332.550,447.021
1943,79,255,342.019,447.348
1944,59,255,360.636,446.076
1945,42,255,389.881,445.881
1946,74,255,724.176,445.878
1947,38,255,883.000,445.000
1948,48,255,1372.417,446.688
1949,49,255,298.173,446.704
1950,96,255,453.208,449.094
1951,134,255,554.642,449.119
1952,84,255,101.560,449.381
1953,49,255,118.357,448.602
1954,92,255,463.554,449.326
1955,96,255,673.167,448.833
1956,68,255,1015.676,449.044
1957,58,255,1346.328,448.224
1958,57,255,1523.763,448.535
1959,72,255,1576.111,448.444
1960,31,255,1597.726,447.661
1961,80,255,135.387,450.438
1962,34,255,417.794,448.000
1963,77,255,589.383,448.422
1964,87,255,969.753,451.799
1965,44,255,1305.500,450.068
1966,104,255,1384.481,451.365
1967,49,255,1427.500,448.663
1968,80,255,325.175,451.087
1969,26,255,428.385,448.769
1970,105,255,477.890,452.071
1971,23,255,514.717,449.022
1972,70,255,743.371,450.543
1973,45,255,776.478,449.300
1974,57,255,887.307,454.026
1975,55,255,1005.627,450.409
1976,63,255,1098.563,450.325
1977,75,255,1476.407,450.753
1978,53,255,540.368,452.255
1979,33,255,1157.439,452.288
1980,83,255,72.476,454.958
1981,36,255,395.639,452.833
1982,140,255,607.193,456.543
1983,86,255,798.256,453.977
1984,69,255,1365.312,454.167
1985,134,255,1535.216,456.388
1986,59,255,222.636,454.280
1987,246,255,250.354,458.089
1988,115,255,576.900,455.630
1989,43,255,837.291,453.988
1990,83,255,42.633,456.404
1991,21,255,872.500,453.500
1992,71,255,994.965,455.261
1993,74,255,1122.000,455.622
1994,50,255,1559.520,454.360
1995,40,255,124.925,456.425
1996,111,255,411.203,457.806
1997,102,255,433.265,457.824
1998,86,255,691.581,456.860
1999,27,255,820.056,455.204
2000,33,255,897.955,455.682
2001,121,255,1069.888,457.393
2002,54,255,1374.537,456.611
2003,73,255,1486.842,456.336
2004,102,255,83.618,460.676
2005,23,255,90.370,455.239
2006,72,255,1053.361,457.500
2007,76,255,1415.947,458.368
2008,57,255,341.658,457.904
2009,56,255,768.214,458.911
2010,27,255,1087.093,457.019
2011,77,255,1192.838,458.786
2012,64,255,1250.516,459.078
2013,133,255,1431.222,460.861
2014,72,255,1459.083,457.736
2015,110,255,1550.191,459.973
2016,100,255,1590.570,460.300
2017,167,255,374.159,463.254
2018,117,255,563.816,462.483
2019,62,255,1024.532,460.435
2020,88,255,1174.250,461.909
2021,97,255,1314.644,461.284
2022,69,255,1346.080,459.920
2023,85,255,231.418,462.182
2024,101,255,620.629,464.658
2025,74,255,741.662,461.838
2026,73,255,1232.089,461.349
2027,128,255,1280.945,464.305
2028,86,255,1298.047,462.500
2029,41,255,1391.232,462.329
2030,48,255,1577.667,461.125
2031,22,255,17.000,460.000
2032,145,255,137.272,465.500
2033,127,255,153.209,465.083
2034,114,255,642.649,464.009
2035,21,255,1148.881,460.119
2036,138,255,1508.870,462.572
2037,42,255,630.190,463.810
2038,63,255,676.135,463.548
2039,32,255,806.938,462.906
2040,52,255,979.673,463.115
2041,34,255,1268.059,462.559
2042,79,255,108.538,465.006
2043,47,255,179.351,464.585
2044,81,255,473.302,466.352
2045,110,255,533.291,467.736
2046,138,255,660.174,467.601
2047,95,255,277.332,466.111
2048,36,255,593.167,463.944
2049,29,255,785.672,463.603
2050,51,255,911.049,464.363
2051,124,255,201.565,466.798
2052,72,255,484.667,467.125
2053,89,255,701.601,466.534
2054,111,255,816.320,468.302
2055,114,255,839.667,467.623
2056,142,255,855.873,469.465
2057,100,255,1126.840,467.000
2058,109,255,1473.720,466.702
2059,54,255,18.556,467.111
2060,89,255,50.230,468.152
2061,74,255,752.189,467.014
2062,113,255,872.580,469.058
2063,79,255,1042.310,467.981
2064,68,255,1199.471,468.118
2065,55,255,1243.155,467.318
2066,78,255,1445.077,468.628
2067,86,255,1566.407,467.988
2068,84,255,327.762,469.250
2069,125,255,963.620,468.572
2070,93,255,389.522,470.844
2071,42,255,507.905,469.262
2072,35,255,996.186,468.586
2073,69,255,1060.167,469.196
2074,78,255,1209.346,470.205
2075,81,255,1353.204,470.019
2076,50,255,171.720,470.860
2077,21,255,407.690,468.357
2078,26,255,601.385,469.462
2079,120,255,908.100,472.767
2080,58,255,1030.241,470.603
2081,85,255,1084.747,471.629
2082,40,255,1263.800,469.350
2083,91,255,1333.434,472.841
2084,71,255,71.669,471.796
2085,118,255,293.636,471.593
2086,88,255,436.773,472.352
2087,62,255,496.726,471.548
2088,59,255,517.890,471.297
2089,42,255,588.690,470.548
2090,87,255,768.190,473.868
2091,130,255,1529.300,473.162
2092,65,255,216.654,472.423
2093,37,255,398.959,471.581
2094,84,255,783.036,472.274
2095,45,255,105.100,472.767
2096,68,255,545.000,473.559
2097,34,255,927.265,472.324
2098,56,255,980.679,472.536
2099,31,255,9.855,473.177
2100,50,255,572.460,473.900
2101,82,255,1464.280,474.976
2102,47,255,2.436,476.309
2103,108,255,268.389,477.713
2104,90,255,460.078,476.678
2105,42,255,710.881,474.881
2106,87,255,1007.121,476.006
2107,20,255,1073.250,473.700
2108,103,255,1108.083,477.034
2109,65,255,1220.562,476.238
2110,61,255,1421.467,475.697
2111,113,255,42.332,477.845
2112,117,255,196.765,478.021
2113,63,255,252.071,476.548
2114,68,255,447.838,476.691
2115,75,255,642.113,477.260
2116,101,255,1578.045,477.391
2117,152,255,683.967,477.928
2118,96,255,724.312,481.000
2119,76,255,1096.382,478.566
2120,54,255,1137.074,477.204
2121,64,255,1168.312,477.844
2122,81,255,1504.438,478.019
2123,39,255,182.321,476.859
2124,89,255,420.140,479.354
2125,77,255,1272.539,478.981
2126,69,255,25.761,480.051
2127,73,255,62.295,480.692
2128,115,255,230.004,480.909
2129,56,255,343.054,479.482
2130,72,255,354.222,480.389
2131,79,255,378.108,480.791
2132,73,255,1058.979,479.500
2133,24,255,137.417,479.083
2134,56,255,401.250,480.464
2135,31,255,754.048,479.081
2136,41,255,832.939,479.085
2137,29,255,946.086,479.052
2138,76,255,1178.447,482.474
2139,73,255,1592.610,481.267
2140,35,255,125.386,481.243
2141,71,255,605.303,481.810
2142,86,255,887.698,482.430
2143,40,255,993.725,480.650
2144,61,255,1125.648,481.156
2145,65,255,1156.992,482.392
2146,142,255,1561.155,482.901
2147,90,255,927.756,483.678
2148,129,255,960.151,483.709
2149,47,255,983.245,481.862
2150,50,255,1279.520,482.280
2151,78,255,1449.846,483.064
2152,67,255,72.321,484.007
2153,77,255,286.942,484.578
2154,62,255,561.919,482.887
2155,74,255,1341.189,483.919
2156,104,255,96.087,485.346
2157,121,255,158.996,485.302
2158,69,255,369.152,485.167
2159,70,255,391.671,484.429
2160,43,255,656.895,484.872
2161,75,255,250.780,485.207
2162,36,255,483.444,484.889
2163,82,255,541.756,485.439
2164,81,255,1239.204,485.673
2165,120,255,1392.417,487.608
2166,62,255,112.032,486.468
2167,111,255,818.230,488.221
2168,125,255,1485.772,487.564
2169,28,255,134.214,486.286
2170,125,255,712.708,490.236
2171,49,255,761.847,486.337
2172,88,255,799.352,488.580
2173,117,255,836.585,489.560
2174,152,255,1047.164,489.316
2175,54,255,414.519,487.963
2176,133,255,735.199,491.440
2177,83,255,1406.066,489.476
2178,25,255,949.620,488.180
2179,78,255,1081.987,489.667
2180,57,255,214.728,491.570
2181,128,255,280.023,493.227
2182,24,255,1005.500,488.000
2183,56,255,1114.946,490.375
2184,69,255,1140.630,491.935
2185,123,255,27.199,491.882
2186,96,255,298.667,492.427
2187,37,255,510.122,490.743
2188,92,255,520.761,492.511
2189,23,255,1023.152,489.500
2190,96,255,1324.823,493.458
2191,85,255,1439.724,492.253
2192,151,255,194.573,496.281
2193,34,255,262.324,490.735
2194,33,255,334.561,491.591
2195,76,255,568.816,492.908
2196,64,255,885.203,492.594
2197,26,255,1186.615,491.154
2198,81,255,143.833,493.969
2199,71,255,343.092,494.134
2200,89,255,441.388,494.084
2201,105,255,602.738,495.881
2202,92,255,626.674,493.891
2203,47,255,1219.436,492.947
2204,32,255,1414.438,493.031
2205,63,255,1472.405,493.468
2206,60,255,7.833,494.833
2207,106,255,499.472,498.274
2208,110,255,588.655,495.845
2209,100,255,48.340,496.640
2210,53,255,686.538,494.840
2211,115,255,918.239,498.743
2212,60,255,1279.817,495.400
2213,77,255,1510.162,496.214
2214,161,255,1523.525,498.997
2215,150,255,1543.327,497.420
2216,55,255,470.682,496.500
2217,47,255,640.330,496.053
2218,109,255,769.665,498.261
2219,132,255,1157.068,498.667
2220,97,255,1267.531,496.954
2221,160,255,1306.987,499.875
2222,128,255,1456.703,497.812
2223,120,255,1109.575,499.983
2224,41,255,1371.159,496.768
2225,110,255,1381.582,498.745
2226,36,255,1567.306,496.778
2227,84,255,1593.893,498.036
2228,99,255,73.702,500.641
2229,142,255,118.141,501.718
2230,89,255,985.972,498.904
2231,60,255,269.433,499.400
2232,77,255,555.188,501.643
2233,53,255,877.443,499.349
2234,60,255,182.067,500.433
2235,54,255,327.333,500.963
2236,36,255,389.222,499.389
2237,118,255,1035.941,501.915
2238,103,255,1202.694,501.189
2239,59,255,1345.619,500.500
2240,164,255,1482.378,503.640
2241,99,255,101.662,503.318
2242,128,255,246.805,502.898
2243,29,255,453.879,499.672
2244,59,255,622.500,501.297
2245,59,255,648.415,501.025
2246,84,255,668.643,502.786
2247,74,255,939.405,501.919
2248,76,255,1081.316,500.697
2249,71,255,1335.232,503.359
2250,25,255,694.140,502.540
2251,23,255,727.543,500.891
2252,21,255,1135.738,500.595
2253,109,255,86.748,505.280
2254,93,255,163.167,505.210
2255,70,255,205.000,503.671
2256,30,255,758.267,502.367
2257,111,255,894.617,504.887
2258,95,255,1251.100,504.058
2259,66,255,1291.485,503.258
2260,97,255,379.510,505.005
2261,50,255,825.080,504.320
2262,109,255,844.794,504.821
2263,65,255,860.192,503.838
2264,74,255,62.838,506.446
2265,37,255,394.068,504.122
2266,20,255,535.000,503.300
2267,74,255,1093.757,506.054
2268,91,255,1555.632,506.489
2269,83,255,45.054,506.090
2270,22,255,223.091,504.318
2271,118,255,704.669,509.415
2272,22,255,740.636,504.955
2273,125,255,799.636,508.732
2274,68,255,10.632,507.353
2275,44,255,25.523,507.159
2276,116,255,565.328,510.388
2277,109,255,150.372,508.904
2278,78,255,233.000,510.808
2279,49,255,316.949,507.888
2280,180,255,451.328,511.678
2281,65,255,524.592,508.485
2282,134,255,949.231,512.470
2283,86,255,1001.023,510.035
2284,141,255,1187.124,509.911
2285,46,255,1231.152,507.500
2286,58,255,1324.034,508.172
2287,91,255,1374.720,509.324
2288,75,255,1409.060,509.247
2289,85,255,1427.982,508.806
2290,123,255,1128.923,510.419
2291,80,255,1359.062,510.200
2292,47,255,369.266,510.287
2293,38,255,756.921,508.921
2294,99,255,1012.611,513.389
2295,68,255,1059.735,510.926
2296,76,255,411.237,511.882
2297,81,255,467.080,512.228
2298,233,255,507.633,516.006
2299,46,255,582.870,510.696
2300,94,255,1542.191,512.181
2301,110,255,307.745,515.027
2302,94,255,332.106,513.543
2303,73,255,358.582,513.240
2304,29,255,433.845,511.121
2305,77,255,769.357,513.188
2306,135,255,131.544,514.241
2307,44,255,1159.636,512.909
2308,103,255,1389.587,514.558
2309,23,255,191.413,512.370
2310,79,255,477.310,515.348
2311,64,255,715.297,514.750
2312,68,255,790.485,515.485
2313,41,255,1067.744,515.402
2314,40,255,1247.900,514.025
2315,110,255,1260.709,516.091
2316,104,255,1587.837,515.673
2317,153,255,620.716,516.408
2318,44,255,975.023,514.659
2319,68,255,258.809,516.529
2320,26,255,738.538,515.192
2321,69,255,842.949,516.196
2322,50,255,1020.440,516.580
2323,28,255,1418.393,515.214
2324,60,255,1314.000,517.900
2325,70,255,1511.714,517.629
2326,64,255,1562.594,517.734
2327,155,255,40.887,522.113
2328,46,255,58.217,517.783
2329,77,255,113.136,518.747
2330,101,255,166.144,520.252
2331,24,255,272.000,515.875
2332,55,255,1103.791,518.391
2333,60,255,16.717,519.283
2334,92,255,209.152,521.500
2335,95,255,343.426,520.553
2336,56,255,577.589,519.125
2337,41,255,688.939,517.988
2338,62,255,727.726,519.129
2339,46,255,884.848,519.587
2340,52,255,965.519,519.827
2341,77,255,1091.955,519.695
2342,83,255,1200.030,519.416
2343,151,255,1233.235,522.089
2344,36,255,1459.639,519.000
2345,97,255,321.253,522.665
2346,107,255,553.416,522.836
2347,26,255,666.654,519.423
2348,62,255,776.274,522.435
2349,47,255,817.223,520.585
2350,50,255,936.800,520.160
2351,87,255,1031.994,520.362
2352,47,255,1452.691,520.181
2353,87,255,240.247,522.385
2354,36,255,636.111,520.361
2355,21,255,1052.500,519.500
2356,31,255,1080.790,519.952
2357,75,255,1470.940,521.367
2358,40,255,218.875,521.550
2359,26,255,378.962,520.885
2360,62,255,589.452,522.452
2361,98,255,1133.163,522.714
2362,53,255,1367.198,521.802
2363,86,255,1549.756,523.337
2364,74,255,8.878,525.162
2365,61,255,978.680,522.730
2366,46,255,1170.109,523.217
2367,99,255,1180.076,525.258
2368,54,255,1376.167,522.519
2369,74,255,1409.595,524.149
2370,43,255,537.919,523.291
2371,60,255,1424.717,524.117
2372,43,255,283.802,524.919
2373,59,255,293.449,525.161
2374,81,255,567.599,525.809
2375,45,255,611.433,524.367
2376,52,255,760.327,525.750
2377,59,255,824.636,525.212
2378,85,255,1059.641,525.888
2379,106,255,1329.283,526.245
2380,105,255,252.890,528.595
2381,51,255,362.971,525.931
2382,37,255,402.608,526.500
2383,70,255,736.614,527.971
2384,149,255,1522.862,530.520
2385,38,255,1598.000,528.316
2386,61,255,654.467,528.090
2387,66,255,838.652,528.061
2388,22,255,1573.682,526.818
2389,62,255,154.081,530.242
2390,43,255,274.826,529.151
2391,111,255,598.392,531.635
2392,25,255,861.740,527.540
2393,60,255,1006.250,529.083
2394,110,255,1344.927,530.373
2395,45,255,1588.722,529.389
2396,80,255,108.575,531.138
2397,89,255,124.051,530.972
2398,28,255,499.929,529.571
2399,20,255,917.550,528.750
2400,54,255,1292.963,530.852
2401,69,255,80.833,532.384
2402,63,255,393.595,531.278
2403,59,255,1213.449,531.229
2404,171,255,1489.693,534.985
2405,87,255,522.833,533.741
2406,99,255,1439.934,533.823
2407,27,255,1467.315,530.685
2408,103,255,1563.160,534.694
2409,50,255,138.120,534.200
2410,70,255,205.114,533.871
2411,205,255,478.837,538.744
2412,140,255,749.207,535.079
2413,127,255,1021.776,535.350
2414,98,255,1379.816,533.796
2415,81,255,66.821,535.438
2416,53,255,428.538,533.462
2417,54,255,611.056,533.444
2418,67,255,1130.858,533.604
2419,65,255,1246.162,534.177
2420,60,255,167.667,535.900
2421,75,255,188.593,535.060
2422,111,255,264.059,536.437
2423,174,255,321.851,539.328
2424,119,255,1170.004,536.290
2425,146,255,1223.377,538.390
2426,81,255,1330.648,535.981
2427,81,255,452.105,538.105
2428,103,255,582.947,537.917
2429,73,255,667.281,537.116
2430,141,255,1195.096,539.266
2431,46,255,178.891,537.652
2432,56,255,352.732,536.893
2433,54,255,382.315,537.093
2434,62,255,644.968,537.339
2435,36,255,653.972,536.417
2436,62,255,680.290,537.710
2437,34,255,688.147,537.147
2438,83,255,892.343,538.777
2439,92,255,905.739,538.565
2440,32,255,928.906,536.844
2441,80,255,1411.862,537.400
2442,105,255,1536.071,539.471
2443,51,255,365.225,537.559
2444,112,255,496.679,542.696
2445,116,255,798.905,539.621
2446,55,255,816.118,537.864
2447,74,255,917.527,539.405
2448,46,255,2.804,539.826
2449,152,255,52.592,541.888
2450,29,255,230.466,538.845
2451,141,255,297.557,542.082
2452,109,255,397.702,541.326
2453,20,255,758.900,537.800
2454,110,255,34.336,542.709
2455,101,255,549.866,542.520
2456,68,255,633.868,541.324
2457,96,255,704.458,541.927
2458,128,255,862.477,543.133
2459,44,255,990.841,539.523
2460,31,255,1008.048,539.081
2461,129,255,1426.585,542.275
2462,32,255,436.000,540.281
2463,137,255,460.960,545.894
2464,83,255,881.765,542.958
2465,77,255,1275.916,542.240
2466,49,255,1106.378,541.867
2467,118,255,1458.949,543.839
2468,89,255,1510.242,543.815
2469,74,255,144.932,544.689
2470,74,255,524.527,542.541
2471,136,255,614.779,545.824
2472,160,255,1288.606,547.419
2473,46,255,1390.935,542.609
2474,104,255,81.423,546.692
2475,88,255,113.795,546.705
2476,177,255,340.325,547.895
2477,39,255,690.654,544.295
2478,145,255,718.817,546.638
2479,41,255,765.695,543.671
2480,70,255,1125.114,545.743
2481,42,255,123.833,544.548
2482,113,255,538.376,548.553
2483,66,255,827.182,547.864
2484,59,255,1025.195,544.771
2485,155,255,1068.590,548.913
2486,74,255,1159.730,545.622
2487,101,255,1475.411,546.639
2488,20,255,157.000,544.500
2489,86,255,412.698,546.791
2490,70,255,1049.871,549.086
2491,59,255,1251.585,546.025
2492,61,255,1263.631,546.369
2493,35,255,133.643,546.957
2494,66,255,212.136,547.485
2495,40,255,819.575,547.150
2496,77,255,969.578,547.565
2497,49,255,172.214,548.561
2498,86,255,242.756,548.988
2499,68,255,379.044,548.750
2500,40,255,773.900,547.675
2501,66,255,106.848,551.030
2502,38,255,1213.500,549.237
2503,63,255,1591.278,550.833
2504,128,255,365.844,552.375
2505,141,255,430.067,552.209
2506,61,255,755.008,550.123
2507,67,255,939.410,550.246
2508,44,255,1202.205,549.932
2509,44,255,305.227,552.136
2510,45,255,315.411,551.011
2511,27,255,657.796,549.722
2512,95,255,1149.647,552.774
2513,118,255,1561.695,553.093
2514,45,255,158.167,551.456
2515,212,255,227.080,556.995
2516,89,255,563.601,553.208
2517,62,255,276.435,553.419
2518,96,255,589.500,553.917
2519,65,255,767.008,553.869
2520,76,255,1005.934,553.737
2521,138,255,1372.362,554.761
2522,96,255,838.833,555.333
2523,117,255,994.679,557.098
2524,99,255,1337.056,556.308
2525,46,255,2.348,555.826
2526,127,255,48.965,557.665
2527,73,255,64.938,555.911
2528,81,255,524.512,556.117
2529,146,255,672.548,558.253
2530,57,255,781.693,555.096
2531,77,255,1238.916,555.786
2532,101,255,1321.856,556.262
2533,22,255,406.227,554.682
2534,29,255,698.569,554.672
2535,66,255,953.955,556.591
2536,77,255,1248.357,557.097
2537,74,255,1299.622,557.486
2538,35,255,1395.900,555.014
2539,57,255,507.570,557.009
2540,26,255,1207.077,556.269
2541,137,255,282.274,561.055
2542,54,255,353.074,558.333
2543,40,255,446.000,557.500
2544,82,255,818.037,559.195
2545,116,255,1511.267,559.664
2546,67,255,16.619,559.306
2547,20,255,89.550,556.900
2548,142,255,210.951,561.979
2549,108,255,1538.481,559.537
2550,126,255,261.373,562.413
2551,73,255,300.459,560.103
2552,80,255,556.812,560.825
2553,63,255,614.119,559.675
2554,121,255,1113.070,563.004
2555,30,255,1100.933,560.567
2556,64,255,1551.469,562.797
2557,71,255,584.134,563.697
2558,37,255,683.527,562.851
2559,46,255,195.957,564.174
2560,57,255,241.588,564.535
2561,94,255,403.351,564.372
2562,143,255,641.570,566.479
2563,42,255,771.357,563.310
2564,84,255,974.786,564.798
2565,102,255,1222.373,565.676
2566,113,255,1259.872,565.111
2567,86,255,1355.802,565.256
2568,94,255,477.085,565.819
2569,113,255,496.518,568.049
2570,108,255,599.991,566.278
2571,112,255,692.527,567.562
2572,106,255,940.953,566.925
2573,117,255,1524.697,567.560
2574,121,255,26.897,568.277
2575,40,255,91.400,565.350
2576,24,255,373.917,564.333
2577,76,255,389.184,566.842
2578,48,255,538.000,566.000
2579,80,255,784.337,567.075
2580,64,255,1069.766,566.438
2581,50,255,1330.480,565.860
2582,93,255,188.661,569.640
2583,75,255,726.593,568.567
2584,58,255,1038.552,567.017
2585,164,255,1090.573,570.256
2586,126,255,1472.302,569.302
2587,63,255,419.929,568.595
2588,80,255,621.925,568.925
2589,111,255,1151.716,570.113
2590,20,255,1162.400,566.550
2591,96,255,1203.812,569.948
2592,209,255,56.256,574.385
2593,131,255,76.302,571.714
2594,74,255,158.568,570.149
2595,92,255,248.967,570.902
2596,90,255,445.667,569.989
2597,125,255,747.812,571.644
2598,97,255,899.222,570.273
2599,116,255,1182.172,570.966
2600,119,255,351.122,572.105
2601,36,255,957.889,568.722
2602,134,255,1313.299,572.694
2603,49,255,1434.194,569.071
2604,55,255,336.518,571.609
2605,130,255,833.485,572.923
2606,142,255,1417.669,575.324
2607,75,255,544.967,572.860
2608,113,255,559.403,574.049
2609,23,255,707.500,571.326
2610,57,255,714.921,573.132
2611,101,255,877.094,573.015
2612,85,255,1052.441,573.594
2613,39,255,1138.321,571.936
2614,65,255,316.808,573.362
2615,107,255,814.220,574.612
2616,31,255,1244.081,572.048
2617,55,255,1298.227,573.155
2618,83,255,1454.741,574.404
2619,46,255,8.000,573.761
2620,149,255,370.185,575.628
2621,39,255,458.372,573.628
2622,38,255,521.158,573.421
2623,105,255,862.405,575.643
2624,106,255,1344.972,575.415
2625,94,255,1574.500,577.362
2626,98,255,119.031,576.847
2627,46,255,148.326,574.652
2628,94,255,774.394,576.277
2629,57,255,1031.149,574.868
2630,110,255,1588.073,577.655
2631,73,255,107.062,577.651
2632,64,255,207.141,576.422
2633,40,255,302.950,576.675
2634,88,255,672.136,577.091
2635,23,255,680.413,574.935
2636,81,255,734.673,577.253
2637,112,255,920.312,577.536
2638,103,255,1007.888,578.316
2639,73,255,1501.842,576.514
2640,58,255,227.379,576.621
2641,95,255,294.089,579.616
2642,60,255,659.783,578.100
2643,93,255,958.973,578.995
2644,104,255,1266.115,578.077
2645,86,255,1363.826,577.977
2646,23,255,196.935,577.848
2647,21,255,1557.976,576.119
2648,169,255,217.997,585.891
2649,45,255,904.100,578.900
2650,56,255,948.232,579.571
2651,89,255,1060.871,580.826
2652,132,255,1128.068,581.689
2653,81,255,1234.265,579.265
2654,71,255,28.035,580.711
2655,72,255,758.583,580.542
2656,130,255,1293.800,582.838
2657,113,255,1379.367,581.925
2658,82,255,513.817,580.890
2659,53,255,1332.953,581.142
2660,65,255,140.377,582.423
2661,84,255,315.548,583.190
2662,186,255,575.382,586.484
2663,96,255,1508.448,583.646
2664,21,255,154.214,581.071
2665,73,255,281.103,583.349
2666,52,255,429.788,583.000
2667,63,255,616.246,582.500
2668,88,255,1250.193,583.602
2669,46,255,1323.261,582.935
2670,30,255,2.467,583.600
2671,65,255,267.685,584.777
2672,70,255,590.900,585.114
2673,62,255,717.129,583.613
2674,76,255,1169.526,584.855
2675,21,255,1225.500,582.929
2676,113,255,1461.243,585.757
2677,58,255,178.724,585.603
2678,88,255,257.489,587.443
2679,43,255,682.012,586.081
2680,112,255,937.241,588.036
2681,81,255,1027.377,586.500
2682,115,255,1091.030,587.917
2683,38,255,1156.158,584.500
2684,77,255,1490.383,587.331
2685,32,255,77.875,586.344
2686,67,255,663.560,587.440
2687,101,255,983.797,589.045
2688,69,255,1278.022,588.297
2689,93,255,1401.887,588.435
2690,68,255,18.574,589.103
2691,84,255,164.536,590.024
2692,103,255,345.383,589.073
2693,59,255,807.314,587.568
2694,64,255,1266.594,588.969
2695,102,255,1386.627,590.559
2696,84,255,1518.083,589.952
2697,81,255,129.512,591.253
2698,58,255,390.621,590.224
2699,83,255,503.958,590.006
2700,85,255,612.041,590.218
2701,85,255,704.547,590.206
2702,114,255,880.404,589.009
2703,61,255,45.336,590.566
2704,56,255,232.161,591.357
2705,69,255,379.152,590.645
2706,54,255,815.093,591.389
2707,73,255,899.281,590.596
2708,72,255,1069.556,590.764
2709,76,255,1108.803,591.316
2710,115,255,1414.057,592.291
2711,102,255,1447.706,591.451
2712,69,255,1546.717,590.601
2713,60,255,55.400,591.000
2714,73,255,204.349,591.774
2715,95,255,1534.237,591.984
2716,60,255,9.233,592.600
2717,111,255,478.617,593.941
2718,89,255,971.006,594.770
2719,183,255,1286.314,598.385
2720,176,255,92.972,597.778
2721,72,255,1150.042,593.403
2722,102,255,1334.078,594.716
2723,91,255,864.533,594.984
2724,49,255,276.684,594.643
2725,140,255,404.543,596.529
2726,71,255,516.514,595.387
2727,66,255,718.924,595.000
2728,114,255,1019.289,596.640
2729,108,255,1136.102,597.287
2730,45,255,1203.589,594.789
2731,44,255,1343.795,594.864
2732,83,255,72.524,596.524
2733,78,255,117.077,596.782
2734,86,255,328.453,597.570
2735,55,255,420.755,595.882
2736,80,255,801.112,597.025
2737,167,255,836.913,599.332
2738,139,255,1228.716,599.255
2739,55,255,35.318,598.918
2740,23,255,191.152,595.457
2741,109,255,441.995,598.693
2742,40,255,463.875,596.125
2743,68,255,1001.206,597.059
2744,67,255,1167.963,597.470
2745,118,255,1309.153,599.686
2746,145,255,310.286,600.900
2747,49,255,385.704,597.622
2748,62,255,552.306,598.823
2749,36,255,732.361,597.639
2750,33,255,888.682,597.167
2751,159,255,1435.569,602.909
2752,78,255,1593.077,601.667
2753,87,255,241.328,599.868
2754,42,255,681.667,598.976
2755,123,255,911.386,601.533
2756,173,255,344.945,604.887
2757,74,255,561.635,601.500
2758,70,255,754.286,600.129
2759,93,255,1063.274,601.694
2760,61,255,1529.434,600.107
2761,113,255,191.084,607.827
2762,116,255,291.405,602.543
2763,49,255,617.765,600.929
2764,32,255,705.156,599.406
2765,98,255,1089.582,603.173
2766,98,255,1240.990,603.408
2767,88,255,1508.420,601.932
2768,51,255,1579.186,600.500
2769,49,255,135.520,602.173
2770,37,255,588.446,602.257
2771,112,255,1178.670,603.616
2772,37,255,44.743,602.770
2773,38,255,1495.026,603.184
2774,67,255,485.127,604.366
2775,104,255,575.471,605.990
2776,25,255,55.740,603.460
2777,104,255,152.010,607.663
2778,81,255,255.932,605.352
2779,26,255,372.923,604.269
2780,21,255,393.310,603.548
2781,51,255,874.873,604.461
2782,79,255,1361.386,606.741
2783,157,255,1388.959,607.742
2784,93,255,632.478,606.833
2785,60,255,770.983,607.000
2786,133,255,789.305,609.335
2787,35,255,937.500,605.129
2788,86,255,1034.512,607.337
2789,90,255,1371.600,608.567
2790,66,255,218.197,607.742
2791,30,255,864.033,607.067
2792,29,255,1045.397,606.328
2793,56,255,1131.911,608.196
2794,60,255,1261.900,607.117
2795,72,255,1346.764,607.000
2796,168,255,1565.220,610.065
2797,74,255,75.243,608.541
2798,30,255,379.400,606.567
2799,57,255,469.149,607.693
2800,155,255,548.274,611.016
2801,118,255,1197.746,609.983
2802,38,255,270.711,608.342
2803,80,255,324.800,609.400
2804,53,255,758.274,609.689
2805,93,255,1427.220,612.930
2806,67,255,86.530,611.784
2807,71,255,106.683,610.951
2808,62,255,992.581,610.016
2809,56,255,1022.179,610.107
2810,131,255,59.706,613.607
2811,66,255,244.833,611.485
2812,50,255,524.840,611.240
2813,36,255,711.667,611.750
2814,72,255,870.833,612.389
2815,81,255,899.660,611.389
2816,46,255,1270.000,611.478
2817,55,255,34.264,611.336
2818,64,255,281.562,613.844
2819,80,255,425.975,612.275
2820,42,255,585.833,611.262
2821,115,255,646.735,613.648
2822,87,255,748.374,612.960
2823,37,255,1141.689,611.797
2824,67,255,115.769,613.694
2825,94,255,608.128,614.202
2826,74,255,797.986,614.284
2827,62,255,134.419,613.694
2828,113,255,456.279,618.535
2829,20,255,676.650,611.850
2830,44,255,735.682,613.455
2831,77,255,1329.877,614.747
2832,33,255,1480.985,612.985
2833,38,255,1589.658,612.921
2834,80,255,163.875,616.913
2835,112,255,178.116,616.446
2836,93,255,299.403,616.392
2837,105,255,498.719,616.443
2838,116,255,514.595,618.474
2839,95,255,962.047,617.247
2840,74,255,999.270,615.554
2841,48,255,1490.146,614.562
2842,61,255,364.402,616.566
2843,81,255,485.179,616.660
2844,103,255,826.811,617.529
2845,85,255,1014.759,617.441
2846,76,255,1058.658,615.842
2847,110,255,1170.409,617.655
2848,54,255,1183.778,616.593
2849,33,255,1204.439,615.621
2850,139,255,1454.126,618.406
2851,69,255,12.819,617.645
2852,100,255,23.360,620.350
2853,131,255,353.172,619.821
2854,170,255,624.741,621.076
2855,28,255,1091.000,615.500
2856,84,255,1108.702,618.310
2857,40,255,2.225,619.175
2858,84,255,127.524,620.702
2859,57,255,932.588,619.044
2860,46,255,1284.043,617.457
2861,58,255,214.690,618.741
2862,123,255,1152.988,621.215
2863,78,255,1546.744,621.026
2864,100,255,385.570,621.020
2865,51,255,952.147,620.206
2866,47,255,1067.181,621.372
2867,46,255,1268.000,620.304
2868,94,255,1359.926,620.915
2869,44,255,1597.205,620.136
2870,88,255,37.909,621.807
2871,52,255,227.750,621.346
2872,30,255,667.300,620.000
2873,33,255,810.924,620.985
2874,87,255,860.121,622.328
2875,156,255,879.071,624.737
2876,78,255,974.474,622.115
2877,111,255,1075.959,624.113
2878,64,255,1537.906,622.484
2879,129,255,1573.671,623.198
2880,58,255,56.259,622.655
2881,37,255,584.986,621.608
2882,82,255,707.610,621.963
2883,54,255,759.259,622.833
2884,99,255,84.096,625.399
2885,81,255,422.944,624.278
2886,40,255,817.225,623.375
2887,55,255,1218.936,623.282
2888,75,255,1260.673,624.620
2889,39,255,1303.551,622.731
2890,68,255,237.868,625.441
2891,101,255,653.916,625.213
2892,128,255,1315.773,626.180
2893,82,255,475.024,625.549
2894,171,255,403.471,630.295
2895,45,255,596.478,625.678
2896,57,255,767.781,625.939
2897,36,255,987.417,625.556
2898,102,255,1049.657,627.784
2899,45,255,1497.922,625.233
2900,77,255,848.266,627.474
2901,100,255,1001.820,630.320
2902,101,255,200.589,629.777
2903,49,255,221.806,627.745
2904,110,255,320.600,630.273
2905,27,255,363.019,627.093
2906,58,255,373.397,628.741
2907,103,255,1096.170,629.801
2908,40,255,68.075,628.250
2909,71,255,565.894,629.908
2910,46,255,732.478,629.022
2911,66,255,805.955,629.273
2912,84,255,906.405,630.548
2913,129,255,921.919,630.771
2914,172,255,1292.523,632.686
2915,140,255,1467.521,631.243
2916,69,255,446.268,631.312
2917,99,255,549.187,631.652
2918,133,255,832.635,632.207
2919,128,255,258.852,633.391
2920,135,255,462.122,636.219
2921,113,255,133.022,633.757
2922,76,255,665.553,633.053
2923,122,255,736.549,635.648
2924,131,255,949.721,633.439
2925,111,255,1175.680,634.743
2926,112,255,1245.902,634.098
2927,47,255,1408.202,631.713
2928,37,255,1491.581,631.338
2929,187,255,283.195,635.206
2930,104,255,634.317,634.481
2931,88,255,775.830,635.250
2932,88,255,1156.170,633.761
2933,141,255,1445.273,636.677
2934,80,255,1592.338,634.225
2935,22,255,103.455,633.000
2936,157,255,754.946,636.576
2937,56,255,965.607,634.732
2938,38,255,1226.500,633.421
2939,81,255,1335.179,635.191
2940,59,255,417.619,635.619
2941,42,255,590.524,636.571
2942,45,255,1396.433,635.056
2943,54,255,72.519,636.444
2944,54,255,304.926,636.537
2945,142,255,1205.585,638.366
2946,74,255,1275.108,637.811
2947,60,255,1314.100,635.983
2948,23,255,1387.065,635.109
2949,136,255,45.750,640.588
2950,82,255,113.878,638.707
2951,46,255,235.174,636.543
2952,79,255,479.551,637.475
2953,31,255,1539.855,636.210
2954,37,255,152.392,637.473
2955,38,255,520.237,638.921
2956,44,255,598.682,638.295
2957,139,255,682.558,638.817
2958,115,255,1375.091,640.970
2959,118,255,344.500,640.178
2960,31,255,581.048,638.081
2961,129,255,1114.841,643.950
2962,151,255,1424.493,642.242
2963,70,255,388.443,640.543
2964,119,255,1047.013,641.828
2965,83,255,1125.139,641.331
2966,45,255,1343.811,640.611
2967,50,255,895.760,640.840
2968,152,255,1141.487,644.612
2969,46,255,1494.435,640.000
2970,165,255,27.694,646.658
2971,76,255,60.539,643.303
2972,77,255,568.968,642.552
2973,65,255,873.469,642.900
2974,56,255,945.786,642.000
2975,85,255,1354.465,643.524
2976,96,255,10.062,644.021
2977,98,255,97.949,643.847
2978,71,255,860.176,643.261
2979,72,255,1027.042,643.528
2980,109,255,203.995,644.592
2981,39,255,1099.910,643.500
2982,37,255,1157.797,645.284
2983,81,255,1318.204,645.426
2984,155,255,1069.139,647.919
2985,54,255,1511.407,645.574
2986,115,255,132.796,647.326
2987,49,255,697.378,645.582
2988,68,255,885.118,646.544
2989,60,255,967.700,645.467
2990,21,255,1037.786,644.881
2991,40,255,1415.725,647.450
2992,75,255,1563.220,647.153
2993,105,255,635.443,647.919
2994,74,255,1293.135,646.878
2995,40,255,1543.325,646.150
2996,141,255,177.124,651.656
2997,84,255,320.690,648.512
2998,132,255,465.939,649.568
2999,96,255,481.542,649.896
3000,128,255,586.719,650.297
3001,127,255,652.004,650.736
3002,50,255,1577.420,648.000
3003,22,255,145.500,648.000
3004,110,255,921.827,650.555
3005,81,255,1006.648,650.130
3006,51,255,1302.265,650.775
3007,95,255,1502.426,652.311
3008,60,255,664.850,651.250
3009,63,255,755.056,651.040
3010,167,255,1277.332,654.159
3011,60,255,301.600,651.800
3012,43,255,336.477,650.640
3013,231,255,1174.335,658.193
3014,125,255,1259.276,652.820
3015,80,255,1486.812,652.163
3016,57,255,520.447,652.482
3017,23,255,1198.283,650.891
3018,119,255,1530.794,653.693
3019,161,255,546.357,656.432
3020,61,255,1451.008,652.828
3021,121,255,1590.946,655.525
3022,24,255,243.125,653.708
3023,112,255,564.179,655.527
3024,138,255,680.507,659.377
3025,63,255,800.643,654.310
3026,102,255,989.147,655.265
3027,93,255,1045.747,655.715
3028,37,255,1106.392,654.338
3029,39,255,1339.474,653.141
3030,89,255,1375.051,654.815
3031,158,255,1437.589,658.146
3032,117,255,491.850,657.671
3033,74,255,693.838,655.108
3034,168,255,829.440,658.071
3035,95,255,901.637,656.542
3036,51,255,969.402,654.676
3037,54,255,1558.926,655.852
3038,85,255,58.947,657.241
3039,41,255,204.037,654.939
3040,121,255,266.897,658.244
3041,69,255,766.935,656.384
3042,30,255,848.700,655.200
3043,104,255,1134.692,657.769
3044,28,255,1418.786,655.214
3045,193,255,287.785,663.117
3046,111,255,324.932,658.419
3047,23,255,1315.500,655.326
3048,34,255,2.088,658.088
3049,23,255,213.109,656.891
3050,76,255,807.066,659.276
3051,86,255,1224.849,660.709
3052,41,255,1568.524,658.305
3053,58,255,13.741,659.707
3054,92,255,86.609,660.957
3055,127,255,105.587,661.508
3056,51,255,529.814,659.186
3057,59,255,737.568,659.822
3058,110,255,630.745,661.609
3059,71,255,870.007,660.655
3060,38,255,1212.000,658.605
3061,41,255,1306.427,659.866
3062,87,255,517.121,661.776
3063,138,255,1187.449,665.348
3064,70,255,1521.257,662.586
3065,83,255,310.910,663.705
3066,114,255,452.798,663.412
3067,76,255,607.803,663.197
3068,74,255,773.946,662.419
3069,89,255,965.893,663.152
3070,38,255,1063.553,661.079
3071,111,255,1342.482,663.905
3072,68,255,618.162,664.324
3073,79,255,918.677,663.462
3074,93,255,942.833,663.866
3075,51,255,1079.029,662.402
3076,81,255,1235.759,663.883
3077,73,255,373.541,663.897
3078,62,255,468.516,664.645
3079,46,255,730.283,664.413
3080,98,255,884.959,665.296
3081,41,255,1262.012,663.012
3082,72,255,49.819,666.500
3083,99,255,715.530,665.975
3084,89,255,794.478,666.938
3085,81,255,1474.031,665.944
3086,100,255,334.190,668.520
3087,75,255,693.273,666.820
3088,130,255,1211.215,667.954
3089,106,255,66.670,668.877
3090,53,255,442.349,667.481
3091,78,255,814.577,668.564
3092,77,255,1158.305,668.058
3093,59,255,1329.788,668.517
3094,90,255,1548.244,668.633
3095,151,255,123.970,670.778
3096,65,255,345.792,668.977
3097,79,255,390.285,668.791
3098,40,255,548.675,666.750
3099,144,255,1088.646,671.333
3100,118,255,1141.305,670.186
3101,50,255,1589.380,668.300
3102,42,255,246.905,669.619
3103,42,255,490.714,667.833
3104,101,255,1029.926,670.015
3105,77,255,1361.240,670.383
3106,48,255,1502.875,668.604
3107,66,255,580.773,669.848
3108,101,255,1283.847,670.757
3109,169,255,1487.654,673.950
3110,111,255,188.950,674.599
3111,130,255,267.554,673.723
3112,48,255,526.062,673.438
3113,84,255,647.595,671.619
3114,86,255,954.302,672.221
3115,115,255,1314.257,674.222
3116,38,255,79.974,671.658
3117,58,255,408.672,672.086
3118,52,255,535.654,673.115
3119,107,255,599.313,676.014
3120,37,255,661.203,671.365
3121,65,255,156.438,674.315
3122,120,255,299.625,676.017
3123,99,255,362.025,675.167
3124,142,255,718.739,676.127
3125,24,255,972.000,672.833
3126,121,255,1112.178,676.178
3127,89,255,472.185,676.949
3128,72,255,753.111,676.556
3129,89,255,23.646,677.466
3130,64,255,87.766,677.797
3131,85,255,542.653,679.476
3132,31,255,589.855,676.887
3133,123,255,766.744,679.240
3134,101,255,984.708,679.292
3135,78,255,1526.231,678.103
3136,82,255,1552.610,678.232
3137,51,255,1595.127,678.304
3138,124,255,854.629,679.460
3139,93,255,891.199,679.102
3140,66,255,1164.727,678.364
3141,139,255,1349.255,680.313
3142,91,255,1466.203,679.137
3143,88,255,425.977,680.648
3144,122,255,449.844,680.582
3145,35,255,841.671,677.814
3146,112,255,1224.366,680.518
3147,57,255,1256.781,678.746
3148,100,255,1566.820,680.320
3149,68,255,1585.529,680.515
3150,44,255,871.864,679.636
3151,119,255,169.239,684.424
3152,60,255,344.567,680.400
3153,73,255,571.349,681.322
3154,98,255,1300.520,683.153
3155,102,255,15.353,684.961
3156,169,255,277.589,685.269
3157,121,255,914.764,683.508
3158,108,255,1020.324,683.583
3159,75,255,1034.660,683.727
3160,116,255,1515.034,684.940
3161,142,255,41.669,685.479
3162,36,255,367.417,683.361
3163,71,255,398.979,683.570
3164,60,255,488.417,682.483
3165,37,255,499.851,682.581
3166,57,255,965.325,683.184
3167,116,255,1427.500,684.853
3168,76,255,1454.671,684.395
3169,62,255,582.177,685.032
3170,103,255,663.228,685.451
3171,114,255,802.351,685.307
3172,42,255,149.690,684.214
3173,60,255,736.400,685.333
3174,134,255,777.828,688.873
3175,160,255,944.156,689.225
3176,61,255,391.156,688.680
3177,126,255,529.881,689.500
3178,100,255,435.190,689.440
3179,85,255,554.641,687.735
3180,93,255,620.855,687.919
3181,35,255,1237.186,686.557
3182,39,255,1260.679,686.808
3183,92,255,55.946,689.228
3184,53,255,380.783,689.557
3185,61,255,1139.598,687.500
3186,37,255,322.095,687.932
3187,54,255,681.889,688.648
3188,59,255,752.483,689.025
3189,96,255,1248.698,690.229
3190,73,255,1319.418,689.007
3191,131,255,1541.790,694.927
3192,24,255,90.333,689.042
3193,84,255,478.226,691.964
3194,27,255,518.019,690.130
3195,79,255,651.968,691.247
3196,73,255,990.486,690.733
3197,127,255,1096.453,691.091
3198,47,255,1392.777,689.713
3199,66,255,1531.652,690.439
3200,79,255,80.171,691.842
3201,62,255,115.790,692.097
3202,107,255,140.930,693.799
3203,34,255,191.794,690.000
3204,116,255,296.172,694.069
3205,57,255,842.342,690.465
3206,145,255,868.341,694.114
3207,43,255,1006.244,690.128
3208,20,255,1166.650,689.750
3209,155,255,1282.100,693.526
3210,172,255,1496.465,693.000
3211,89,255,418.062,692.680
3212,96,255,707.229,693.500
3213,37,255,509.716,692.176
3214,71,255,1358.021,693.894
3215,65,255,326.577,694.346
3216,55,255,588.064,694.918
3217,73,255,813.637,694.637
3218,99,255,1119.288,695.500
3219,64,255,1383.781,695.312
3220,38,255,150.789,694.632
3221,49,255,1049.316,694.459
3222,99,255,1227.460,696.167
3223,91,255,1458.687,696.456
3224,84,255,364.310,696.702
3225,133,255,689.643,701.289
3226,70,255,1061.371,695.771
3227,109,255,1433.151,697.693
3228,55,255,1588.664,696.027
3229,50,255,338.420,696.520
3230,40,255,832.925,697.100
3231,60,255,980.700,696.500
3232,84,255,1154.512,697.429
3233,96,255,1170.844,698.490
3234,103,255,1474.364,698.374
3235,94,255,129.362,699.894
3236,92,255,186.348,700.130
3237,43,255,316.942,698.128
3238,79,255,406.930,699.703
3239,43,255,662.616,697.802
3240,33,255,682.288,697.409
3241,71,255,761.120,698.401
3242,60,255,1080.417,698.967
3243,26,255,1300.385,696.192
3244,42,255,1345.595,697.714
3245,63,255,1560.976,697.690
3246,90,255,999.056,702.922
3247,115,255,66.057,703.561
3248,44,255,450.182,699.818
3249,74,255,565.811,702.095
3250,89,255,1321.612,700.455
3251,22,255,73.909,700.727
3252,46,255,94.935,701.174
3253,92,255,506.022,701.685
3254,52,255,910.865,701.385
3255,173,255,1208.344,703.910
3256,90,255,463.533,703.456
3257,76,255,715.053,702.921
3258,41,255,748.720,701.280
3259,93,255,843.995,702.812
3260,110,255,1020.800,704.955
3261,45,255,1244.811,702.211
3262,71,255,1442.303,703.176
3263,50,255,533.800,702.360
3264,84,255,639.667,703.310
3265,105,255,667.624,705.014
3266,52,255,898.462,703.173
3267,72,255,1136.389,703.583
3268,47,255,114.032,703.479
3269,67,255,256.142,703.649
3270,125,255,304.340,706.452
3271,71,255,1354.725,705.317
3272,125,255,17.012,707.180
3273,24,255,80.958,703.917
3274,45,255,617.411,705.344
3275,138,255,925.862,707.196
3276,60,255,1010.100,706.200
3277,67,255,430.037,707.276
3278,28,255,454.679,705.786
3279,76,255,959.329,706.776
3280,30,255,1373.867,704.867
3281,43,255,1493.081,705.267
3282,70,255,46.829,708.214
3283,85,255,1050.535,707.476
3284,66,255,1157.000,706.318
3285,58,255,1516.552,707.293
3286,147,255,275.078,710.241
3287,138,255,729.355,710.196
3288,86,255,773.849,708.291
3289,82,255,881.561,710.098
3290,129,255,1411.446,710.298
3291,39,255,123.808,708.500
3292,139,255,355.435,712.147
3293,39,255,403.372,709.038
3294,156,255,1179.006,712.269
3295,58,255,1596.655,710.138
3296,20,255,542.050,708.550
3297,35,255,584.443,709.471
3298,75,255,594.047,710.660
3299,116,255,626.879,713.664
3300,114,255,817.596,711.553
3301,48,255,1274.354,709.312
3302,91,255,1142.302,712.247
3303,96,255,1390.917,713.615
3304,75,255,1468.673,711.220
3305,75,255,1561.847,712.687
3306,30,255,1582.500,709.533
3307,75,255,79.940,712.313
3308,68,255,324.853,712.426
3309,44,255,752.000,711.568
3310,46,255,1257.783,711.761
3311,89,255,55.871,714.567
3312,74,255,93.203,713.932
3313,86,255,185.407,714.965
3314,58,255,982.500,713.328
3315,79,255,1081.475,713.589
3316,168,255,486.190,718.565
3317,86,255,529.267,714.907
3318,98,255,609.327,716.000
3319,110,255,1198.936,715.509
3320,103,255,1221.413,715.481
3321,49,255,1440.602,713.133
3322,77,255,1500.929,714.786
3323,65,255,151.485,714.992
3324,84,255,859.738,715.512
3325,91,255,1315.478,715.951
3326,127,255,1426.469,716.783
3327,27,255,1492.426,714.093
3328,76,255,942.487,716.329
3329,66,255,971.652,716.576
3330,69,255,1398.123,717.703
3331,34,255,1483.324,715.971
3332,47,255,26.117,717.011
3333,28,255,444.000,715.893
3334,84,255,452.321,718.262
3335,47,255,560.266,717.011
3336,116,255,712.164,719.569
3337,49,255,784.255,716.194
3338,93,255,1042.360,718.306
3339,96,255,1268.208,719.094
3340,84,255,365.798,719.202
3341,104,255,418.683,719.183
3342,159,255,166.097,721.129
3343,89,255,684.264,719.545
3344,75,255,738.153,720.727
3345,138,255,911.043,721.862
3346,75,255,1016.367,719.287
3347,108,255,126.731,719.898
3348,125,255,304.012,722.436
3349,71,255,992.683,719.965
3350,20,255,1112.900,718.950
3351,73,255,8.349,722.678
3352,46,255,509.087,720.239
3353,138,255,768.239,722.819
3354,66,255,1152.530,721.939
3355,84,255,1248.417,721.464
3356,67,255,1463.097,721.201
3357,47,255,247.394,722.755
3358,143,255,386.738,726.633
3359,51,255,588.324,721.324
3360,150,255,1285.367,723.447
3361,81,255,336.377,723.327
3362,62,255,869.726,723.597
3363,178,255,1342.433,726.893
3364,96,255,1362.167,724.333
3365,79,255,1578.070,724.424
3366,68,255,84.985,725.265
3367,77,255,436.136,724.799
3368,71,255,577.246,725.500
3369,73,255,522.925,727.185
3370,105,255,1085.557,726.710
3371,122,255,1450.820,727.680
3372,47,255,1526.585,723.436
3373,89,255,828.545,727.096
3374,77,255,288.825,727.656
3375,21,255,650.881,724.929
3376,83,255,1102.175,727.777
3377,49,255,1123.684,726.459
3378,39,255,1184.346,726.551
3379,99,255,1324.045,727.904
3380,116,255,109.095,729.810
3381,113,255,187.049,730.155
3382,84,255,553.774,728.964
3383,88,255,842.409,728.841
3384,72,255,1220.194,727.931
3385,65,255,1501.762,728.731
3386,70,255,53.129,729.171
3387,132,255,271.674,730.621
3388,50,255,325.300,728.960
3389,98,255,410.582,729.806
3390,111,255,790.644,731.896
3391,135,255,1067.930,731.152
3392,85,255,1162.147,730.359
3393,52,255,15.135,729.750
3394,127,255,29.776,732.382
3395,50,255,197.720,730.080
3396,64,255,454.547,730.047
3397,88,255,535.205,731.227
3398,86,255,614.802,731.116
3399,72,255,813.736,730.111
3400,72,255,970.528,729.986
3401,132,255,154.629,733.538
3402,46,255,343.196,731.370
3403,21,255,586.357,729.833
3404,53,255,659.745,731.349
3405,68,255,671.191,731.985
3406,97,255,880.418,732.490
3407,94,255,941.011,732.032
3408,78,255,1113.603,732.038
3409,130,255,1131.992,734.046
3410,78,255,463.910,734.423
3411,96,255,475.906,733.094
3412,51,255,1532.657,731.127
3413,81,255,127.833,736.500
3414,65,255,174.054,734.546
3415,104,255,510.288,735.635
3416,69,255,648.833,734.413
3417,66,255,1047.076,733.788
3418,72,255,1200.444,735.250
3419,31,255,1302.435,733.210
3420,77,255,1372.890,734.383
3421,100,255,1435.070,736.660
3422,39,255,6.192,734.654
3423,64,255,779.906,735.156
3424,80,255,1475.463,735.362
3425,114,255,1577.456,737.096
3426,88,255,682.170,736.761
3427,63,255,758.754,735.786
3428,75,255,996.567,735.873
3429,122,255,1392.623,739.156
3430,135,255,1418.804,737.863
3431,124,255,137.903,740.855
3432,126,255,311.849,740.738
3433,54,255,335.463,737.796
3434,124,255,917.476,738.315
3435,24,255,1185.500,735.625
3436,182,255,1262.780,739.374
3437,43,255,88.733,737.849
3438,42,255,582.857,736.905
3439,62,255,745.355,737.887
3440,86,255,1032.919,739.581
3441,26,255,1152.423,736.731
3442,59,255,1293.008,738.195
3443,71,255,1451.880,738.458
3444,120,255,206.942,742.100
3445,55,255,695.482,738.845
3446,82,255,727.939,740.146
3447,21,255,1158.500,737.500
3448,33,255,1178.288,738.682
3449,93,255,1313.145,739.597
3450,61,255,1361.008,739.254
3451,74,255,1524.081,739.338
3452,95,255,70.005,740.911
3453,28,255,195.250,739.107
3454,137,255,225.099,742.515
3455,32,255,632.938,738.625
3456,97,255,832.716,741.139
3457,44,255,978.909,739.636
3458,122,255,54.156,743.066
3459,54,255,259.833,741.315
3460,69,255,401.312,741.558
3461,69,255,857.355,741.283
3462,107,255,363.864,743.014
3463,81,255,804.438,742.858
3464,116,255,890.319,743.466
3465,71,255,1050.754,742.373
3466,86,255,246.837,743.070
3467,96,255,446.844,744.250
3468,84,255,1208.607,743.893
3469,125,255,1555.532,746.468
3470,92,255,1229.652,744.848
3471,48,255,1512.146,744.125
3472,69,255,266.978,745.848
3473,91,255,291.203,746.830
3474,35,255,597.586,744.329
3475,78,255,849.115,746.936
3476,175,255,1099.723,748.814
3477,75,255,1242.633,745.753
3478,81,255,1335.759,747.191
3479,53,255,1490.821,745.198
3480,60,255,709.100,746.417
3481,49,255,784.439,744.867
3482,121,255,82.310,748.888
3483,59,255,150.907,747.924
3484,63,255,170.563,747.357
3485,71,255,481.077,748.303
3486,85,255,573.453,748.288
3487,59,255,669.432,746.975
3488,102,255,949.980,749.980
3489,54,255,996.500,746.315
3490,70,255,610.529,748.786
3491,75,255,732.740,748.940
3492,61,255,1523.238,748.287
3493,137,255,1185.901,752.777
3494,72,255,1290.000,749.597
3495,73,255,633.925,750.144
3496,127,255,762.130,751.469
3497,64,255,191.641,751.281
3498,67,255,337.858,753.978
3499,135,255,822.381,752.611
3500,61,255,913.910,751.172
3501,98,255,972.020,752.745
3502,56,255,1309.875,750.518
3503,109,255,1502.564,753.417
3504,61,255,115.648,752.418
3505,92,255,508.457,754.033
3506,63,255,520.643,753.595
3507,33,255,990.591,752.227
3508,43,255,1461.965,751.244
3509,66,255,1477.364,752.636
3510,114,255,274.096,755.368
3511,59,255,359.229,752.754
3512,81,255,389.093,753.611
3513,85,255,583.912,755.418
3514,68,255,624.147,754.647
3515,77,255,745.513,753.435
3516,79,255,1020.867,753.538
3517,130,255,1131.908,754.069
3518,57,255,346.798,755.149
3519,32,255,677.781,753.594
3520,113,255,901.332,756.279
3521,22,255,1598.318,753.500
3522,50,255,140.300,754.240
3523,55,255,327.936,754.973
3524,84,255,856.226,756.571
3525,23,255,939.543,754.239
3526,82,255,1056.659,755.451
3527,97,255,446.799,757.005
3528,41,255,537.671,755.671
3529,30,255,1165.700,755.000
3530,147,255,176.058,762.697
3531,57,255,212.044,756.746
3532,90,255,249.156,758.733
3533,122,255,306.107,758.484
3534,60,255,654.817,757.083
3535,67,255,784.963,756.948
3536,191,255,999.662,760.725
3537,46,255,1155.435,757.174
3538,88,255,1329.364,757.898
3539,69,255,1362.819,756.065
3540,48,255,2.521,758.833
3541,53,255,558.198,758.594
3542,37,255,682.959,757.824
3543,84,255,1038.893,759.333
3544,42,255,1147.452,757.500
3545,65,255,1380.423,757.869
3546,72,255,127.069,759.292
3547,45,255,527.989,759.256
3548,88,255,548.523,760.750
3549,91,255,797.511,760.940
3550,87,255,919.408,760.040
3551,38,255,1083.368,757.895
3552,50,255,1254.820,759.120
3553,63,255,1515.690,758.643
3554,48,255,1562.021,758.271
3555,53,255,37.047,759.934
3556,73,255,595.432,760.116
3557,92,255,640.674,761.609
3558,66,255,890.515,760.182
3559,82,255,1523.085,762.878
3560,88,255,87.818,762.523
3561,80,255,199.838,761.750
3562,102,255,484.529,761.951
3563,81,255,707.068,761.019
3564,90,255,1229.911,761.489
3565,41,255,1429.378,760.841
3566,92,255,667.772,763.533
3567,91,255,840.269,763.522
3568,60,255,1071.267,761.850
3569,141,255,869.401,764.699
3570,63,255,1163.817,764.294
3571,86,255,1294.442,764.174
3572,81,255,1358.870,764.019
3573,99,255,372.601,765.682
3574,68,255,1092.338,764.250
3575,67,255,1596.381,765.157
3576,43,255,139.151,763.593
3577,93,255,220.274,765.016
3578,136,255,1468.265,766.132
3579,115,255,618.822,767.909
3580,64,255,974.281,766.250
3581,49,255,1340.092,766.357
3582,60,255,1375.733,765.533
3583,28,255,1451.821,765.071
3584,72,255,1569.431,766.264
3585,33,255,97.076,766.530
3586,67,255,410.366,767.560
3587,48,255,426.500,767.521
3588,77,255,746.357,768.916
3589,127,255,1274.390,769.122
3590,97,255,65.263,769.232
3591,51,255,329.755,768.147
3592,80,255,761.050,768.175
3593,88,255,1181.114,769.341
3594,32,255,1419.656,766.875
3595,35,255,121.071,768.100
3596,72,255,602.681,770.014
3597,29,255,635.017,768.155
3598,64,255,651.453,769.625
3599,73,255,694.034,769.171
3600,112,255,819.482,770.911
3601,52,255,954.288,769.019
3602,52,255,964.135,769.442
3603,135,255,1209.137,770.226
3604,127,255,1312.823,771.602
3605,37,255,43.068,769.743
3606,48,255,906.771,769.812
3607,52,255,1065.615,770.212
3608,65,255,1105.915,770.146
3609,32,255,1125.031,768.688
3610,29,255,1301.086,768.914
3611,57,255,54.658,773.307
3612,23,255,192.370,770.196
3613,68,255,457.132,770.868
3614,43,255,486.500,770.500
3615,44,255,573.318,770.318
3616,49,255,1146.929,770.092
3617,44,255,1190.545,771.023
3618,153,255,1245.585,776.382
3619,47,255,507.862,771.691
3620,49,255,563.337,771.929
3621,59,255,724.992,771.839
3622,25,255,916.540,770.580
3623,92,255,1017.033,773.891
3624,89,255,1053.264,772.320
3625,59,255,129.636,773.144
3626,76,255,304.079,773.513
3627,90,255,469.500,774.278
3628,53,255,552.255,773.575
3629,62,255,1092.903,772.887
3630,24,255,7.167,772.625
3631,73,255,29.527,774.103
3632,41,255,149.159,773.524
3633,33,255,418.712,773.227
3634,60,255,671.917,775.350
3635,70,255,845.829,773.471
3636,62,255,928.984,773.903
3637,28,255,1169.786,773.393
3638,85,255,201.782,777.194
3639,88,255,713.307,776.307
3640,152,255,218.954,778.546
3641,49,255,245.500,776.255
3642,53,255,402.594,775.858
3643,56,255,585.500,775.482
3644,95,255,1131.521,777.763
3645,95,255,1330.132,777.921
3646,79,255,1352.184,776.146
3647,50,255,47.360,776.380
3648,78,255,161.718,777.359
3649,41,255,233.085,776.963
3650,134,255,270.037,778.149
3651,37,255,293.419,776.527
3652,102,255,335.284,778.667
3653,43,255,859.058,776.151
3654,32,255,1295.938,775.531
3655,53,255,1374.858,776.594
3656,68,255,1393.265,777.412
3657,109,255,1521.537,777.904
3658,138,255,1540.087,778.065
3659,23,255,1565.283,775.630
3660,74,255,1109.446,779.338
3661,62,255,1160.565,778.306
3662,52,255,1473.000,776.846
3663,81,255,374.327,779.722
3664,58,255,450.655,778.741
3665,77,255,679.799,780.058
3666,71,255,773.627,779.387
3667,50,255,890.120,779.780
3668,38,255,990.237,777.974
3669,47,255,1082.585,779.223
3670,76,255,359.539,781.105
3671,69,255,754.080,780.152
3672,55,255,1036.555,780.227
3673,72,255,1147.139,780.681
3674,95,255,1265.521,781.447
3675,36,255,1338.861,779.528
3676,100,255,34.150,782.940
3677,63,255,500.897,782.516
3678,56,255,556.161,780.571
3679,87,255,696.029,782.132
3680,74,255,841.149,781.000
3681,100,255,879.590,783.710
3682,34,255,899.588,780.412
3683,67,255,908.634,781.097
3684,22,255,1223.500,780.000
3685,89,255,632.152,782.163
3686,22,255,783.818,780.455
3687,51,255,1458.814,781.676
3688,54,255,420.278,782.537
3689,81,255,603.488,783.315
3690,42,255,722.429,781.357
3691,41,255,1122.402,782.500
3692,74,255,1573.554,783.473
3693,137,255,115.967,786.996
3694,69,255,479.036,785.601
3695,20,255,545.250,782.750
3696,77,255,801.838,784.175
3697,73,255,969.664,783.897
3698,24,255,586.500,783.833
3699,182,255,1047.808,790.121
3700,135,255,1281.907,786.633
3701,43,255,1510.035,785.407
3702,113,255,86.119,787.925
3703,133,255,458.312,790.523
3704,104,255,865.144,787.962
3705,95,255,1090.784,785.942
3706,34,255,1206.118,785.235
3707,66,255,1309.061,786.667
3708,83,255,1381.488,787.596
3709,33,255,1562.561,784.985
3710,115,255,50.709,787.787
3711,92,255,576.054,788.109
3712,116,255,1024.922,789.767
3713,66,255,1349.591,786.379
3714,83,255,1406.922,789.669
3715,51,255,96.147,787.833
3716,62,255,146.774,788.710
3717,179,255,395.578,793.461
3718,53,255,654.783,787.745
3719,99,255,1419.520,789.813
3720,79,255,1452.652,790.614
3721,50,255,1497.000,786.940
3722,35,255,644.671,788.529
3723,41,255,958.524,788.378
3724,79,255,1365.665,789.500
3725,78,255,1392.423,791.167
3726,36,255,1597.889,789.611
3727,76,255,266.763,789.947
3728,82,255,426.732,790.524
3729,60,255,666.283,790.633
3730,86,255,936.186,790.826
3731,85,255,1165.712,790.900
3732,82,255,1484.024,790.988
3733,52,255,912.096,790.538
3734,60,255,1068.383,790.933
3735,40,255,1130.475,790.225
3736,88,255,1301.489,792.273
3737,23,255,1465.413,790.457
3738,109,255,749.821,793.500
3739,95,255,985.574,793.658
3740,76,255,1143.105,792.158
3741,76,255,215.513,793.105
3742,68,255,349.765,793.250
3743,64,255,486.250,794.812
3744,123,255,529.142,795.614
3745,45,255,895.411,792.033
3746,95,255,1544.426,794.405
3747,37,255,596.311,793.419
3748,95,255,606.553,794.900
3749,98,255,690.571,796.408
3750,109,255,1213.757,794.518
3751,105,255,320.157,796.167
3752,67,255,412.187,796.321
3753,65,255,1558.331,795.177
3754,137,255,173.332,797.989
3755,57,255,359.132,795.342
3756,82,255,638.073,796.793
3757,53,255,656.877,796.274
3758,69,255,733.123,796.587
3759,85,255,769.418,796.724
3760,66,255,1195.970,796.091
3761,35,255,59.014,796.157
3762,44,255,447.795,796.773
3763,87,255,701.259,798.086
3764,44,255,956.750,796.045
3765,30,255,284.767,796.667
3766,89,255,337.770,799.590
3767,61,255,568.041,797.795
3768,57,255,945.658,798.798
3769,99,255,1123.207,799.621
3770,98,255,125.235,799.561
3771,89,255,187.556,800.140
3772,63,255,492.579,800.421
3773,63,255,543.929,798.452
3774,104,255,718.894,800.346
3775,44,255,820.886,798.205
3776,134,255,1359.910,802.694
3777,24,255,1444.083,797.792
3778,23,255,1577.978,797.761
3779,135,255,103.863,803.048
3780,45,255,261.589,799.011
3781,109,255,305.353,801.179
3782,85,255,905.053,800.782
3783,86,255,921.267,801.058
3784,64,255,441.031,801.875
3785,76,255,797.408,801.842
3786,93,255,868.382,801.844
3787,73,255,1080.500,801.021
3788,80,255,1101.075,801.737
3789,74,255,1282.257,800.770
3790,177,255,1326.811,805.105
3791,57,255,1463.991,801.114
3792,47,255,839.053,803.117
3793,42,255,935.643,801.690
3794,96,255,1005.396,803.021
3795,46,255,1060.609,801.522
3796,80,255,1410.362,802.300
3797,60,255,1475.000,802.583
3798,64,255,786.359,803.828
3799,53,255,1070.500,803.934
3800,70,255,1236.114,803.286
3801,76,255,1257.789,803.026
3802,58,255,245.828,804.034
3803,50,255,745.700,803.720
3804,22,255,829.545,802.545
3805,72,255,964.611,803.889
3806,68,255,1028.265,804.559
3807,51,255,1160.873,804.147
3808,38,255,1542.789,802.553
3809,101,255,18.411,806.460
3810,114,255,84.851,806.649
3811,91,255,234.346,805.236
3812,21,255,573.643,803.500
3813,52,255,595.904,804.250
3814,46,255,1017.739,804.826
3815,41,255,1145.110,803.915
3816,97,255,1503.985,806.593
3817,90,255,1592.256,806.178
3818,83,255,281.127,806.271
3819,156,255,351.545,809.327
3820,53,255,1199.934,805.708
3821,51,255,1294.578,805.971
3822,67,255,500.709,807.470
3823,50,255,680.200,807.220
3824,37,255,846.365,807.257
3825,29,255,1174.086,806.017
3826,104,255,148.519,811.625
3827,25,255,367.100,807.100
3828,50,255,461.740,807.900
3829,124,255,769.355,809.573
3830,55,255,1220.755,808.973
3831,92,255,1308.185,808.500
3832,57,255,257.816,808.447
3833,33,255,534.227,808.136
3834,81,255,889.981,810.019
3835,92,255,1187.674,811.446
3836,89,255,1398.500,809.388
3837,67,255,1426.187,808.933
3838,43,255,1441.291,808.942
3839,74,255,1549.324,809.405
3840,35,255,197.386,809.671
3841,38,255,586.342,809.789
3842,94,255,620.213,810.447
3843,77,255,727.630,810.487
3844,106,255,1375.623,812.321
3845,104,255,292.096,812.500
3846,102,255,315.314,811.765
3847,43,255,377.872,810.965
3848,67,255,815.112,811.366
3849,57,255,1104.851,811.272
3850,103,255,1135.170,812.519
3851,52,255,545.635,813.808
3852,186,255,565.151,815.065
3853,87,255,973.925,812.132
3854,29,255,1240.052,811.121
3855,28,255,1352.571,811.607
3856,101,255,402.530,813.619
3857,171,255,694.611,816.728
3858,43,255,754.779,813.174
3859,109,255,909.188,815.445
3860,57,255,1084.711,812.465
3861,42,255,1229.310,812.452
3862,89,255,1452.972,813.455
3863,49,255,1535.010,812.520
3864,24,255,491.917,813.083
3865,72,255,649.361,814.764
3866,32,255,834.875,812.844
3867,92,255,1050.989,814.967
3868,76,255,1252.461,814.553
3869,114,255,1470.351,816.316
3870,52,255,218.423,815.923
3871,106,255,261.821,817.236
3872,48,255,449.146,814.458
3873,55,255,524.245,814.791
3874,52,255,825.654,815.404
3875,47,255,1576.457,814.798
3876,64,255,365.188,816.219
3877,70,255,659.557,816.829
3878,44,255,849.023,816.500
3879,40,255,1597.400,817.050
3880,116,255,51.879,819.293
3881,31,255,204.468,816.823
3882,128,255,1484.844,821.578
3883,55,255,124.555,818.645
3884,93,255,229.941,819.876
3885,99,255,382.793,821.561
3886,125,255,533.636,823.292
3887,76,255,792.750,819.132
3888,22,255,859.636,817.682
3889,41,255,899.110,819.232
3890,50,255,1148.940,818.620
3891,96,255,1175.615,821.281
3892,51,255,1275.284,819.618
3893,67,255,1539.634,819.276
3894,105,255,105.233,821.567
3895,67,255,139.843,820.470
3896,28,255,463.893,819.321
3897,86,255,707.523,821.023
3898,91,255,881.379,821.665
3899,38,255,1001.368,819.395
3900,108,255,1212.519,822.176
3901,46,255,1570.043,819.304
3902,88,255,160.432,821.591
3903,131,255,183.263,824.424
3904,40,255,279.800,820.275
3905,61,255,939.500,820.844
3906,61,255,1034.959,820.451
3907,72,255,1321.750,822.056
3908,61,255,1332.221,820.877
3909,68,255,598.191,821.985
3910,63,255,621.865,821.563
3911,69,255,919.442,822.993
3912,68,255,1193.235,821.897
3913,52,255,1284.192,822.269
3914,73,255,1308.938,822.582
3915,45,255,1415.300,821.700
3916,55,255,1559.227,822.445
3917,38,255,29.053,822.921
3918,51,255,472.912,822.814
3919,67,255,730.396,822.799
3920,33,255,1122.045,823.167
3921,51,255,1299.402,823.814
3922,35,255,1403.786,822.271
3923,119,255,1517.702,826.920
3924,82,255,69.341,826.012
3925,163,255,311.899,826.199
3926,57,255,333.798,824.061
3927,33,255,873.439,823.924
3928,43,255,949.291,824.407
3929,28,255,1353.750,822.643
3930,96,255,1428.344,825.417
3931,57,255,89.132,824.781
3932,51,255,760.363,824.304
3933,52,255,929.096,825.635
3934,84,255,991.679,826.048
3935,59,255,1019.568,825.127
3936,97,255,1098.222,826.129
3937,85,255,1503.429,826.065
3938,45,255,208.011,825.789
3939,50,255,357.820,826.000
3940,88,255,517.386,827.364
3941,33,255,842.106,824.985
3942,72,255,1075.653,825.889
3943,96,255,11.906,828.156
3944,81,255,118.685,827.377
3945,51,255,638.363,826.951
3946,99,255,770.409,828.116
3947,57,255,856.711,827.465
3948,58,255,1232.448,826.707
3949,74,255,1445.162,829.581
3950,97,255,1577.789,829.057
3951,95,255,40.353,830.721
3952,109,255,370.170,830.546
3953,156,255,742.628,831.321
3954,50,255,1035.060,828.340
3955,70,255,1055.300,828.757
3956,38,255,1467.684,828.316
3957,128,255,1531.133,833.617
3958,64,255,553.875,829.828
3959,76,255,573.553,830.618
3960,72,255,969.736,830.208
3961,145,255,197.272,835.272
3962,67,255,214.978,831.052
3963,54,255,290.963,830.759
3964,194,255,441.763,833.711
3965,104,255,488.135,831.510
3966,62,255,597.016,830.952
3967,121,255,677.335,832.376
3968,39,255,795.679,830.449
3969,59,255,1454.856,832.941
3970,73,255,420.623,832.651
3971,98,255,826.480,831.929
3972,33,255,866.318,831.045
3973,47,255,1151.862,831.968
3974,92,255,1349.663,832.935
3975,99,255,22.490,834.712
3976,71,255,505.768,833.669
3977,51,255,845.696,832.676
3978,100,255,1141.900,836.690
3979,60,255,1544.717,834.633
3980,94,255,236.660,835.691
3981,136,255,404.456,836.434
3982,84,255,654.667,835.774
3983,75,255,907.447,835.420
3984,68,255,936.265,834.912
3985,135,255,1221.804,836.730
3986,54,255,1273.852,834.759
3987,132,255,1285.924,839.000
3988,53,255,1561.198,834.877
3989,75,255,474.260,838.807
3990,78,255,729.833,839.833
3991,128,255,989.039,837.008
3992,108,255,1069.537,838.583
3993,188,255,134.186,841.851
3994,47,255,147.926,836.266
3995,51,255,882.578,837.402
3996,164,255,951.213,840.872
3997,74,255,1125.554,837.527
3998,66,255,63.530,838.242
3999,74,255,584.041,838.797
4000,49,255,898.663,838.439
4001,74,255,1016.108,838.311
4002,142,255,1096.641,840.345
4003,62,255,1329.419,838.000
4004,52,255,629.769,840.269
4005,50,255,861.420,838.580
4006,67,255,1033.933,839.843
4007,103,255,1160.947,840.364
4008,73,255,1174.582,839.651
4009,90,255,1240.522,840.356
4010,107,255,1259.687,840.313
4011,67,255,1392.828,839.634
4012,39,255,352.474,839.346
4013,21,255,833.929,838.738
4014,65,255,972.700,840.331
4015,62,255,1581.726,839.726
4016,73,255,119.158,841.404
4017,65,255,307.331,840.931
4018,140,255,534.214,844.914
4019,48,255,548.583,840.354
4020,87,255,756.672,840.833
4021,36,255,1055.778,840.278
4022,118,255,1408.085,842.059
4023,85,255,266.324,842.971
4024,102,255,283.471,844.794
4025,133,255,559.575,845.462
4026,70,255,592.943,842.357
4027,44,255,638.455,841.545
4028,118,255,780.864,843.975
4029,99,255,801.682,843.763
4030,58,255,847.345,841.776
4031,20,255,1110.250,840.450
4032,88,255,1187.170,843.375
4033,46,255,2.543,843.522
4034,62,255,69.371,843.694
4035,190,255,333.242,847.758
4036,101,255,708.668,845.173
4037,81,255,1474.759,843.698
4038,42,255,370.357,843.310
4039,127,255,384.445,845.295
4040,81,255,1433.340,845.006
4041,47,255,491.713,844.032
4042,40,255,500.450,844.750
4043,115,255,666.474,848.404
4044,59,255,292.195,846.093
4045,111,255,693.770,847.392
4046,32,255,720.062,845.438
4047,88,255,929.523,846.898
4048,93,255,1210.715,846.704
4049,49,255,1464.051,845.724
4050,81,255,97.784,847.735
4051,67,255,220.619,846.590
4052,77,255,1305.812,848.305
4053,120,255,249.042,849.058
4054,40,255,445.000,847.000
4055,86,255,744.012,849.616
4056,88,255,1419.966,849.523
4057,80,255,12.512,850.225
4058,142,255,36.613,851.437
4059,56,255,187.018,849.750
4060,47,255,361.479,848.926
4061,82,255,420.171,849.683
4062,95,255,435.342,852.332
4063,51,255,677.500,848.559
4064,34,255,768.000,848.618
4065,62,255,916.919,849.484
4066,33,255,1035.500,847.379
4067,115,255,1527.804,849.917
4068,35,255,120.700,848.957
4069,123,255,455.508,851.915
4070,47,255,649.564,849.074
4071,104,255,904.962,852.394
4072,43,255,992.570,849.151
4073,26,255,1019.308,848.346
4074,91,255,1492.379,851.115
4075,77,255,515.591,850.851
4076,30,255,896.367,849.967
4077,90,255,963.389,851.767
4078,68,255,979.074,851.353
4079,89,255,1112.725,851.713
4080,46,255,1134.130,850.609
4081,55,255,1150.518,850.591
4082,46,255,1223.130,850.261
4083,102,255,1506.059,852.706
4084,55,255,196.064,852.082
4085,71,255,232.669,852.444
4086,104,255,791.894,855.433
4087,190,255,1255.279,857.132
4088,86,255,1385.477,853.977
4089,27,255,1598.056,851.611
4090,62,255,483.323,852.468
4091,36,255,754.361,852.111
4092,76,255,1066.553,852.461
4093,56,255,1583.536,852.911
4094,96,255,613.542,856.240
4095,40,255,842.650,853.750
4096,29,255,858.741,852.983
4097,28,255,1336.286,853.071
4098,65,255,49.346,855.685
4099,53,255,148.858,855.406
4100,65,255,394.546,854.469
4101,51,255,598.657,854.735
4102,59,255,814.907,854.347
4103,54,255,870.815,854.870
4104,106,255,1090.962,856.802
4105,52,255,1362.038,857.308
4106,75,255,173.047,856.380
4107,56,255,212.250,855.554
4108,106,255,318.670,857.613
4109,36,255,368.278,855.667
4110,44,255,831.318,856.159
4111,59,255,1199.619,856.178
4112,56,255,1376.464,856.679
4113,96,255,1555.938,857.677
4114,42,255,84.190,855.476
4115,98,255,158.582,859.378
4116,33,255,351.045,856.076
4117,37,255,531.176,855.878
4118,58,255,626.207,857.138
4119,36,255,999.333,857.306
4120,84,255,1024.083,856.405
4121,55,255,1040.936,856.282
4122,48,255,1167.896,856.875
4123,58,255,1271.741,857.466
4124,76,255,1455.421,857.645
4125,78,255,1538.833,857.641
4126,62,255,555.339,857.935
4127,37,255,134.797,858.365
4128,125,255,294.108,860.204
4129,92,255,499.837,860.826
4130,80,255,1179.612,862.888
4131,65,255,1432.592,858.669
4132,55,255,1465.009,859.173
4133,94,255,1127.117,862.489
4134,43,255,1150.407,859.640
4135,39,255,1187.244,859.782
4136,36,255,1313.111,859.778
4137,96,255,1398.896,862.625
4138,63,255,583.262,861.341
4139,92,255,657.043,861.543
4140,54,255,775.944,860.722
4141,42,255,1229.667,860.452
4142,68,255,35.176,862.603
4143,36,255,358.639,861.111
4144,104,255,751.875,862.962
4145,96,255,847.583,861.521
4146,34,255,969.676,860.824
4147,50,255,1301.400,861.800
4148,36,255,1319.944,861.444
4149,46,255,1572.130,861.348
4150,64,255,3.672,864.078
4151,69,255,67.007,863.500
4152,100,255,333.080,864.120
4153,131,255,381.660,866.378
4154,169,255,636.429,867.388
4155,81,255,955.401,863.327
4156,22,255,991.773,862.227
4157,62,255,1286.565,863.210
4158,26,255,1444.154,862.154
4159,80,255,479.450,864.600
4160,82,255,536.817,865.024
4161,68,255,1409.176,864.735
4162,98,255,1485.857,865.051
4163,61,255,79.631,864.648
4164,115,255,397.700,866.196
4165,119,255,459.197,867.618
4166,119,255,557.113,865.466
4167,182,255,676.896,867.484
4168,29,255,694.776,863.914
4169,63,255,706.802,864.516
4170,23,255,811.109,862.935
4171,36,255,1337.306,864.444
4172,62,255,53.290,866.161
4173,68,255,268.059,866.324
4174,79,255,862.424,866.006
4175,69,255,939.804,865.804
4176,26,255,983.808,864.577
4177,107,255,1017.332,867.790
4178,51,255,1043.225,865.304
4179,118,255,1586.364,869.797
4180,84,255,113.143,867.869
4181,25,255,604.300,865.940
4182,78,255,907.359,867.821
4183,86,255,1351.547,870.721
4184,153,255,1513.369,869.232
4185,48,255,797.938,867.708
4186,85,255,1071.747,869.218
4187,58,255,1564.707,868.500
4188,71,255,204.796,868.951
4189,58,255,305.276,869.414
4190,83,255,350.801,869.392
4191,56,255,367.161,869.250
4192,105,255,424.833,870.833
4193,51,255,435.637,869.108
4194,44,255,448.864,869.250
4195,48,255,874.875,868.333
4196,70,255,917.057,869.943
4197,127,255,1105.768,871.768
4198,52,255,1378.519,868.558
4199,82,255,224.671,871.159
4200,63,255,888.802,869.817
4201,44,255,1239.886,869.295
4202,47,255,1365.734,869.819
4203,52,255,42.481,870.827
4204,58,255,85.793,871.086
4205,52,255,100.596,871.308
4206,72,255,724.458,871.194
4207,25,255,1055.740,870.500
4208,70,255,1093.943,872.943
4209,52,255,131.731,870.750
4210,28,255,582.214,870.393
4211,57,255,777.763,870.605
4212,36,255,929.444,871.250
4213,51,255,1572.873,871.873
4214,48,255,245.125,873.021
4215,30,255,258.067,872.167
4216,58,255,1198.466,873.379
4217,80,255,1455.900,873.462
4218,64,255,620.688,873.969
4219,78,255,833.487,875.462
4220,45,255,851.522,873.878
4221,33,255,951.864,872.864
4222,30,255,1156.567,872.433
4223,46,255,1212.087,874.130
4224,70,255,508.571,875.343
4225,37,255,860.257,874.068
4226,73,255,1007.473,876.664
4227,58,255,1046.052,874.810
4228,22,255,1062.364,873.545
4229,68,255,68.088,876.971
4230,98,255,141.031,877.184
4231,68,255,331.000,876.088
4232,59,255,409.144,876.008
4233,34,255,664.206,874.529
4234,66,255,1142.182,876.242
4235,27,255,1176.352,874.574
4236,31,255,1252.984,875.758
4237,83,255,1263.608,877.175
4238,132,255,1277.462,877.439
4239,29,255,32.776,876.155
4240,63,255,984.357,877.056
4241,111,255,1524.527,878.851
4242,78,255,159.013,878.577
4243,47,255,294.883,877.713
4244,62,255,543.452,877.774
4245,157,255,809.500,881.220
4246,68,255,1416.221,878.265
4247,52,255,1427.923,878.115
4248,84,255,1442.202,879.107
4249,93,255,308.102,880.124
4250,48,255,715.875,879.125
4251,57,255,926.360,879.693
4252,190,255,1542.616,881.837
4253,73,255,498.610,880.116
4254,160,255,699.288,881.994
4255,22,255,883.000,878.136
4256,63,255,1149.024,880.833
4257,67,255,284.694,882.112
4258,37,255,602.041,880.581
4259,109,255,778.656,881.803
4260,174,255,1323.356,882.874
4261,41,255,522.207,881.720
4262,127,255,574.878,884.594
4263,192,255,671.964,885.672
4264,117,255,907.705,887.620
4265,118,255,1187.661,883.076
4266,79,255,1403.829,882.437
4267,69,255,1464.283,883.123
4268,47,255,1476.330,882.117
4269,94,255,111.074,884.234
4270,34,255,274.294,882.794
4271,55,255,379.682,882.718
4272,36,255,417.389,882.528
4273,35,255,591.329,882.014
4274,134,255,741.724,884.343
4275,45,255,843.189,882.833
4276,44,255,889.705,883.386
4277,120,255,1228.050,885.100
4278,110,255,448.064,887.109
4279,102,255,554.931,885.500
4280,158,255,763.873,887.589
4281,24,255,1113.500,883.292
4282,42,255,1561.881,884.548
4283,22,255,96.364,882.773
4284,105,255,257.662,886.281
4285,34,255,388.000,884.382
4286,91,255,479.313,884.687
4287,101,255,822.005,887.371
4288,78,255,857.910,884.654
4289,53,255,1059.104,885.160
4290,118,255,1127.136,885.898
4291,139,255,1206.004,886.464
4292,133,255,1361.485,888.102
4293,114,255,1377.754,888.333
4294,33,255,333.136,885.136
4295,50,255,371.260,887.300
4296,177,255,949.590,889.743
4297,93,255,1082.780,887.909
4298,95,255,1101.805,888.963
4299,102,255,39.069,888.216
4300,103,255,79.180,889.121
4301,91,255,355.632,887.863
4302,27,255,404.870,885.500
4303,49,255,459.806,886.786
4304,119,255,633.710,889.735
4305,42,255,1347.857,886.738
4306,26,255,67.000,886.500
4307,78,255,235.641,889.103
4308,81,255,509.549,888.586
4309,75,255,530.167,889.007
4310,109,255,655.078,890.179
4311,56,255,1248.679,887.464
4312,49,255,1337.582,888.929
4313,25,255,1574.300,887.380
4314,112,255,194.991,891.848
4315,54,255,621.796,888.556
4316,69,255,1008.572,889.471
4317,72,255,1022.056,889.278
4318,76,255,1592.605,889.368
4319,45,255,436.633,890.167
4320,62,255,1036.790,889.339
4321,45,255,1501.056,889.611
4322,65,255,162.577,890.808
4323,40,255,341.975,890.600
4324,41,255,423.183,890.232
4325,123,255,1431.346,891.305
4326,76,255,210.000,892.395
4327,105,255,601.081,891.500
4328,113,255,880.288,894.217
4329,68,255,1049.794,892.471
4330,26,255,1065.000,891.000
4331,38,255,1300.132,890.763
4332,62,255,1393.484,892.242
4333,57,255,151.623,893.447
4334,60,255,225.400,893.633
4335,78,255,714.333,892.551
4336,67,255,727.694,894.336
4337,70,255,1150.743,892.714
4338,45,255,1237.322,892.811
4339,149,255,1518.279,897.124
4340,89,255,784.815,895.107
4341,56,255,983.464,893.250
4342,56,255,1114.571,893.768
4343,119,255,1168.374,896.769
4344,66,255,1454.712,895.227
4345,59,255,139.924,895.483
4346,79,255,274.791,898.918
4347,89,255,303.444,895.781
4348,45,255,392.700,894.722
4349,110,255,499.327,896.818
4350,26,255,896.000,894.346
4351,83,255,925.572,895.645
4352,61,255,1278.107,894.434
4353,32,255,1444.031,894.344
4354,39,255,460.474,895.526
4355,87,255,484.626,898.477
4356,51,255,740.029,895.324
4357,67,255,856.425,895.978
4358,52,255,1140.192,896.173
4359,58,255,1181.000,896.224
4360,53,255,1193.406,895.311
4361,43,255,1315.826,895.291
4362,49,255,1401.153,896.153
4363,65,255,66.362,896.915
4364,49,255,410.255,897.092
4365,42,255,470.119,896.762
4366,63,255,571.865,897.198
4367,56,255,1468.714,897.143
4368,97,255,289.995,900.284
4369,76,255,423.066,898.474
4370,38,255,701.316,897.079
4371,87,255,972.960,898.971
4372,78,255,758.423,899.282
4373,96,255,813.271,899.490
4374,39,255,1353.577,898.115
4375,53,255,684.764,901.481
4376,25,255,774.060,898.820
4377,20,255,1507.750,898.750
4378,50,255,1584.980,899.680
4379,115,255,128.317,902.804
4380,183,255,163.270,904.544
4381,77,255,249.630,901.110
4382,53,255,265.066,900.953
4383,137,255,377.398,902.763
4384,144,255,545.722,902.438
4385,43,255,1016.547,900.407
4386,84,255,1031.274,901.464
4387,85,255,1244.982,904.688
4388,27,255,1254.500,900.537
4389,81,255,1292.488,902.932
4390,114,255,1329.886,902.254
4391,37,255,649.797,901.122
4392,57,255,662.237,902.026
4393,116,255,992.474,903.336
4394,67,255,1092.172,901.799
4395,83,255,1376.343,902.982
4396,67,255,72.873,903.455
4397,72,255,400.375,903.208
4398,174,255,586.201,907.557
4399,60,255,624.100,903.267
4400,74,255,779.959,904.324
4401,114,255,842.035,904.018
4402,38,255,1227.553,902.526
4403,41,255,1363.329,902.793
4404,25,255,46.060,902.700
4405,94,255,230.096,904.319
4406,34,255,1057.176,903.206
4407,49,255,1271.643,903.561
4408,54,255,1412.833,903.519
4409,122,255,1441.869,905.164
4410,83,255,1545.608,904.801
4411,57,255,181.026,905.307
4412,59,255,192.754,904.839
4413,49,255,1080.929,904.827
4414,107,255,1481.500,906.500
4415,86,255,445.233,906.709
4416,21,255,879.024,904.452
4417,66,255,1393.985,905.167
4418,42,255,205.929,906.762
4419,33,255,339.591,906.197
4420,50,255,464.180,905.980
4421,27,255,635.870,906.278
4422,25,255,673.460,905.900
4423,65,255,709.977,906.946
4424,109,255,727.060,908.766
4425,151,255,894.917,908.579
4426,40,255,1073.525,906.625
4427,28,255,1159.000,906.143
4428,40,255,300.325,907.250
4429,33,255,496.652,906.652
4430,56,255,943.107,910.107
4431,158,255,1501.139,909.759
4432,60,255,81.600,910.733
4433,33,255,691.470,909.379
4434,76,255,812.566,909.961
4435,45,255,1181.500,909.500
4436,72,255,1198.806,910.458
4437,35,255,1305.443,909.014
4438,105,255,1579.062,911.605
4439,120,255,9.283,913.325
4440,68,255,479.779,910.824
4441,78,255,797.769,910.833
4442,53,255,1169.481,910.217
4443,68,255,1405.118,912.676
4444,44,255,273.977,911.295
4445,24,255,328.375,910.500
4446,81,255,503.907,913.080
4447,39,255,1019.628,911.628
4448,55,255,1209.700,911.609
4449,83,255,23.681,914.211
4450,70,255,398.000,912.571
4451,59,255,432.839,912.754
4452,62,255,568.613,912.903
4453,49,255,622.786,913.235
4454,34,255,651.441,912.147
4455,114,255,983.509,916.254
4456,118,255,1470.898,916.119
4457,77,255,46.773,914.344
4458,72,255,309.972,914.250
4459,55,255,378.445,913.573
4460,107,255,929.079,916.136
4461,40,255,1001.075,912.375
4462,59,255,1253.025,914.873
4463,128,255,1262.469,919.094
4464,122,255,1311.730,915.672
4465,128,255,1539.766,916.406
4466,70,255,220.900,916.014
4467,144,255,256.715,916.479
4468,55,255,681.355,914.900
4469,95,255,1045.753,915.858
4470,80,255,1382.537,915.350
4471,77,255,1515.305,915.422
4472,83,255,358.175,916.645
4473,79,255,845.943,916.095
4474,100,255,864.120,917.540
4475,102,255,1128.314,917.343
4476,44,255,1229.455,916.000
4477,68,255,87.324,917.368
4478,166,255,149.687,918.512
4479,30,255,339.233,915.400
4480,107,255,414.481,918.724
4481,81,255,556.278,917.735
4482,55,255,595.191,917.427
4483,59,255,752.754,917.297
4484,23,255,1416.587,915.239
4485,47,255,1597.479,918.202
4486,72,255,58.083,918.722
4487,115,255,236.917,919.291
4488,96,255,537.823,918.740
4489,41,255,738.841,917.110
4490,44,255,1339.614,917.705
4491,26,255,1427.385,916.500
4492,86,255,972.291,919.977
4493,104,255,1150.760,920.962
4494,40,255,1213.375,918.350
4495,37,255,1569.527,918.473
4496,46,255,449.761,919.326
4497,27,255,485.019,918.833
4498,29,255,616.328,918.879
4499,60,255,1355.667,919.583
4500,60,255,1409.850,919.950
4501,96,255,205.125,922.229
4502,66,255,433.318,921.455
4503,110,255,460.900,924.173
4504,70,255,1000.529,920.843
4505,38,255,1117.632,920.711
4506,81,255,521.093,922.253
4507,63,255,547.595,922.675
4508,89,255,707.758,923.017
4509,77,255,1085.370,923.006
4510,112,255,1556.804,922.500
4511,58,255,39.414,923.121
4512,34,255,76.500,922.235
4513,72,255,315.694,923.153
4514,136,255,806.676,923.794
4515,87,255,1100.144,923.580
4516,89,255,1283.669,923.163
4517,89,255,1499.601,923.579
4518,52,255,166.846,923.269
4519,37,255,270.932,923.257
4520,83,255,944.946,924.247
4521,62,255,1330.258,924.484
4522,107,255,340.650,926.425
4523,85,255,397.124,926.206
4524,51,255,777.755,924.716
4525,53,255,828.613,924.387
4526,23,255,1039.587,923.935
4527,42,255,1363.333,924.286
4528,125,255,735.436,927.052
4529,59,255,850.263,926.008
4530,57,255,1381.325,925.114
4531,44,255,1580.818,924.886
4532,55,255,222.445,926.555
4533,65,255,592.623,926.946
4534,76,255,663.158,926.513
4535,68,255,1049.015,926.912
4536,75,255,1132.100,926.727
4537,74,255,1230.000,926.608
4538,108,255,95.481,931.167
4539,62,255,370.452,927.677
4540,77,255,757.474,927.448
4541,30,255,862.900,926.767
4542,94,255,888.223,929.074
4543,130,255,1019.546,932.608
4544,78,255,29.872,929.269
4545,62,255,292.613,929.629
4546,144,255,564.701,931.743
4547,124,255,1268.323,932.234
4548,95,255,1345.037,929.637
4549,137,255,176.113,933.544
4550,129,255,190.702,933.229
4551,32,255,259.875,929.344
4552,42,255,413.548,929.262
4553,37,255,499.743,929.392
4554,80,255,626.312,931.050
4555,108,255,686.981,930.204
4556,167,255,1211.692,930.997
4557,51,255,1249.951,930.520
4558,79,255,1404.133,930.184
4559,68,255,1441.824,930.426
4560,86,255,7.581,932.314
4561,89,255,791.567,932.006
4562,122,255,836.672,932.451
4563,33,255,1030.561,929.924
4564,83,255,1171.380,931.295
4565,96,255,1426.312,933.240
4566,161,255,1473.202,933.960
4567,45,255,77.078,932.522
4568,78,255,302.718,934.410
4569,76,255,476.237,933.737
4570,108,255,1513.407,933.991
4571,23,255,332.326,933.065
4572,27,255,547.537,932.352
4573,79,255,705.386,934.867
4574,61,255,61.057,934.893
4575,98,255,271.673,938.082
4576,48,255,539.000,934.000
4577,39,255,1284.244,933.397
4578,70,255,1496.229,934.971
4579,73,255,1528.144,935.349
4580,33,255,138.803,935.227
4581,23,255,490.500,934.500
4582,76,255,644.934,936.184
4583,76,255,665.250,935.579
4584,47,255,767.798,934.904
4585,33,255,1361.924,934.924
4586,75,255,1457.060,936.687
4587,23,255,219.109,935.413
4588,51,255,252.225,937.225
4589,22,255,441.955,934.636
4590,43,255,896.453,936.500
4591,30,255,285.333,936.700
4592,129,255,369.081,941.655
4593,50,255,919.260,939.000
4594,82,255,987.329,938.671
4595,91,255,1309.819,938.984
4596,80,255,401.875,940.263
4597,66,255,456.273,938.742
4598,36,255,754.667,937.944
4599,73,255,812.295,939.459
4600,160,255,933.194,943.381
4601,62,255,1052.677,938.565
4602,49,255,1287.418,939.582
4603,42,255,1321.643,938.524
4604,68,255,313.956,940.632
4605,23,255,411.326,938.500
4606,23,255,511.717,938.370
4607,29,255,746.879,938.914
4608,155,255,1194.706,942.926
4609,73,255,1296.377,940.377
4610,48,255,1335.000,939.500
4611,27,255,1563.722,937.907
4612,67,255,630.575,941.022
4613,126,255,685.524,940.873
4614,54,255,972.204,940.630
4615,142,255,1581.408,941.711
4616,43,255,44.756,941.570
4617,45,255,906.100,941.678
4618,44,255,1548.773,941.841
4619,43,255,54.709,942.686
4620,115,255,116.535,944.065
4621,84,255,569.679,943.607
4622,68,255,1097.132,943.765
4623,99,255,228.985,945.369
4624,28,255,442.250,942.464
4625,119,255,713.256,947.340
4626,110,255,1118.464,945.473
4627,77,255,1273.877,944.747
4628,45,255,1363.433,943.078
4629,95,255,333.521,945.479
4630,73,255,352.555,945.733
4631,67,255,649.157,945.112
4632,90,255,841.511,946.144
4633,74,255,1261.000,945.500
4634,30,255,1326.300,943.967
4635,90,255,1511.078,944.456
4636,86,255,1534.791,945.698
4637,74,255,97.811,946.500
4638,117,255,468.244,948.004
4639,54,255,607.722,945.278
4640,89,255,663.489,946.927
4641,64,255,740.766,947.734
4642,55,255,1596.864,946.391
4643,34,255,292.500,945.824
4644,90,255,1020.056,948.878
4645,38,255,1085.789,946.658
4646,54,255,1140.537,946.963
4647,62,255,1555.710,946.565
4648,73,255,251.842,948.158
4649,22,255,380.000,946.409
4650,129,255,412.888,952.050
4651,50,255,524.580,947.660
4652,39,255,589.218,948.731
4653,101,255,1425.936,948.856
4654,49,255,62.337,948.908
4655,87,255,133.787,948.408
4656,21,255,268.643,947.167
4657,52,255,277.538,949.308
4658,28,255,548.107,947.679
4659,70,255,769.957,949.829
4660,63,255,1247.262,949.167
4661,83,255,1468.994,949.139
4662,67,255,158.948,950.112
4663,72,255,193.042,950.681
4664,132,255,436.470,950.682
4665,60,255,961.317,949.833
4666,53,255,1386.368,949.406
4667,67,255,600.575,952.216
4668,79,255,1356.525,951.310
4669,62,255,1485.065,952.839
4670,75,255,1401.887,952.167
4671,53,255,1524.255,953.085
4672,69,255,1571.225,951.978
4673,88,255,25.886,954.068
4674,130,255,206.862,957.746
4675,64,255,290.891,953.234
4676,56,255,505.107,952.661
4677,56,255,1004.768,953.000
4678,58,255,1338.207,953.052
4679,106,255,11.226,956.311
4680,57,255,610.781,953.693
4681,54,255,813.093,953.074
4682,30,255,949.567,952.567
4683,39,255,1186.090,953.141
4684,78,255,1308.359,954.038
4685,63,255,490.786,955.802
4686,43,255,1175.337,954.198
4687,101,255,367.995,957.955
4688,56,255,388.804,955.196
4689,90,255,539.811,956.944
4690,116,255,796.853,957.457
4691,78,255,987.782,956.308
4692,68,255,1290.265,956.265
4693,63,255,1376.516,956.611
4694,38,255,116.105,956.711
4695,51,255,332.480,956.147
4696,47,255,576.138,957.436
4697,34,255,1047.265,956.647
4698,53,255,1120.575,956.443
4699,82,255,1442.707,957.451
4700,46,255,1451.652,956.739
4701,52,255,40.385,958.192
4702,68,255,225.456,958.176
4703,99,255,563.015,958.722
4704,29,255,1157.155,957.224
4705,61,255,1242.057,957.877
4706,74,255,1549.189,958.541
4707,77,255,183.279,958.734
4708,53,255,453.858,960.028
4709,60,255,678.400,959.667
4710,78,255,931.885,958.795
4711,65,255,1534.885,958.854
4712,97,255,237.077,961.418
4713,26,255,256.115,959.154
4714,74,255,322.473,959.959
4715,61,255,1092.811,958.910
4716,55,255,1315.355,960.300
4717,50,255,1462.540,960.200
4718,80,255,1572.662,960.525
4719,60,255,84.883,961.283
4720,115,255,525.352,962.161
4721,71,255,659.754,960.965
4722,51,255,867.480,960.618
4723,75,255,913.233,961.473
4724,54,255,1262.130,959.704
4725,101,255,1411.124,962.064
4726,71,255,1473.627,960.824
4727,54,255,1560.333,961.481
4728,118,255,153.729,964.237
4729,40,255,165.675,961.725
4730,88,255,961.318,961.500
4731,88,255,1074.920,962.114
4732,96,255,1513.615,962.490
4733,67,255,70.157,962.858
4734,62,255,428.048,962.403
4735,69,255,736.167,962.572
4736,42,255,856.357,963.214
4737,74,255,1145.703,963.486
4738,123,255,291.671,966.695
4739,57,255,896.518,964.412
4740,98,255,340.980,967.898
4741,47,255,377.223,964.394
4742,46,255,387.609,964.087
4743,65,255,604.900,965.946
4744,65,255,822.469,965.592
4745,54,255,1190.241,963.648
4746,73,255,403.911,965.610
4747,104,255,488.981,967.317
4748,20,255,1539.600,964.550
4749,54,255,104.278,967.352
4750,61,255,264.762,967.189
4751,33,255,513.318,965.773
4752,38,255,761.211,965.421
4753,60,255,1364.667,967.383
4754,50,255,31.080,968.400
4755,64,255,42.000,968.000
4756,50,255,277.120,967.680
4757,50,255,698.440,967.460
4758,63,255,1091.722,967.484
4759,37,255,1352.662,966.689
4760,44,255,1376.182,967.341
4761,110,255,134.300,969.727
4762,49,255,167.847,968.745
4763,47,255,881.734,968.436
4764,63,255,1020.643,969.167
4765,27,255,1249.907,967.426
4766,73,255,1421.281,969.884
4767,39,255,61.526,969.910
4768,45,255,548.211,969.567
4769,48,255,688.500,970.375
4770,52,255,1032.365,970.154
4771,84,255,1500.869,970.762
4772,62,255,1596.016,969.823
4773,111,255,112.563,975.302
4774,45,255,426.567,970.322
4775,73,255,460.363,971.938
4776,28,255,652.250,970.107
4777,31,255,922.790,970.016
4778,104,255,981.712,973.067
4779,53,255,997.726,970.028
4780,113,255,1047.350,972.704
4781,81,255,87.710,972.673
4782,35,255,808.871,970.186
4783,25,255,1078.260,970.540
4784,72,255,1164.917,971.292
4785,118,255,1335.441,974.644
4786,45,255,1473.278,970.944
4787,24,255,70.708,971.083
4788,83,255,193.476,974.211
4789,63,255,245.532,972.643
4790,67,255,317.843,973.142
4791,83,255,474.416,973.199
4792,97,255,875.397,975.149
4793,37,255,962.338,973.527
4794,42,255,1185.857,971.405
4795,21,255,1195.119,970.929
4796,47,255,5.181,974.117
4797,67,255,225.410,973.858
4798,84,255,1206.298,974.881
4799,38,255,1406.684,972.500
4800,106,255,301.594,976.745
4801,97,255,373.747,977.294
4802,57,255,435.237,975.693
4803,53,255,660.991,974.443
4804,72,255,757.250,974.472
4805,64,255,398.000,976.812
4806,93,255,643.511,979.478
4807,65,255,1465.454,976.038
4808,51,255,1553.696,975.127
4809,97,255,720.149,978.716
4810,56,255,942.321,976.446
4811,73,255,1154.637,979.774
4812,49,255,1237.194,977.092
4813,76,255,1322.566,979.447
4814,30,255,1349.133,975.967
4815,145,255,1428.445,979.797
4816,28,255,452.214,977.536
4817,21,255,1227.643,976.643
4818,62,255,1249.355,977.129
4819,58,255,1395.103,978.431
4820,54,255,66.870,978.685
4821,82,255,562.549,979.256
4822,22,255,1220.455,977.455
4823,36,255,1297.722,977.528
4824,48,255,36.125,979.271
4825,28,255,256.036,979.500
4826,90,255,519.267,980.000
4827,37,255,593.824,978.851
4828,69,255,813.935,979.297
4829,34,255,895.588,978.794
4830,69,255,20.935,981.283
4831,65,255,341.515,983.285
4832,68,255,1453.721,981.779
4833,106,255,329.698,983.472
4834,107,255,685.668,981.995
4835,61,255,1490.467,981.943
4836,91,255,1546.522,982.973
4837,53,255,1562.745,982.311
4838,74,255,199.851,983.432
4839,150,255,418.200,987.833
4840,63,255,281.024,983.548
4841,33,255,792.530,982.167
4842,57,255,1132.658,984.746
4843,54,255,1474.056,984.407
4844,52,255,1501.115,983.288
4845,33,255,48.076,983.924
4846,101,255,236.144,986.153
4847,41,255,740.110,983.988
4848,47,255,1124.117,985.160
4849,60,255,1168.100,984.600
4850,24,255,1382.292,983.792
4851,120,255,1591.842,989.350
4852,72,255,4.097,986.458
4853,63,255,507.135,986.976
4854,24,255,1411.417,984.083
4855,71,255,167.599,986.613
4856,102,255,351.343,990.588
4857,101,255,950.510,989.609
4858,92,255,1295.011,989.043
4859,40,255,264.175,986.525
4860,56,255,654.000,988.357
4861,51,255,762.539,988.422
4862,45,255,996.989,987.256
4863,105,255,1019.252,989.986
4864,87,255,1089.500,988.511
4865,44,255,1206.591,986.545
4866,102,255,33.127,991.020
4867,49,255,66.602,988.337
4868,126,255,98.675,991.817
4869,125,255,139.004,990.588
4870,85,255,211.324,989.724
4871,29,255,364.155,988.328
4872,177,255,862.986,992.720
4873,33,255,875.197,987.833
4874,95,255,889.953,991.616
4875,68,255,1035.691,989.500
4876,31,255,1061.919,987.855
4877,72,255,1101.986,990.542
4878,68,255,1185.515,988.985
4879,52,255,1271.135,989.385
4880,66,255,1312.803,989.788
4881,20,255,1401.900,987.200
4882,50,255,180.800,989.720
4883,57,255,751.307,992.833
4884,85,255,1048.112,991.300
4885,47,255,1228.904,988.543
4886,33,255,1512.621,989.379
4887,93,255,1566.726,992.317
4888,29,255,454.397,989.259
4889,38,255,56.395,991.711
4890,77,255,589.786,991.864
4891,75,255,834.420,991.913
4892,49,255,1005.990,993.439
4893,32,255,1215.469,990.625
4894,57,255,1333.640,991.465
4895,35,255,1359.614,990.271
4896,80,255,1385.925,994.712
4897,44,255,985.250,991.659
4898,29,255,1321.397,991.879
4899,53,255,1372.028,992.670
4900,99,255,1485.662,993.197
4901,75,255,315.500,993.873
4902,65,255,436.315,993.485
4903,57,255,633.447,993.798
4904,63,255,693.437,992.944
4905,99,255,818.763,994.662
4906,35,255,1137.357,993.386
4907,112,255,1153.268,996.696
4908,95,255,1257.700,995.111
4909,56,255,1543.250,994.429
4910,52,255,477.077,995.308
4911,165,255,733.191,997.252
4912,22,255,1172.773,993.045
4913,72,255,1435.056,994.236
4914,53,255,10.538,995.934
4915,25,255,122.940,995.100
4916,76,255,199.118,997.184
4917,36,255,806.694,995.056
4918,27,255,1180.056,994.722
4919,69,255,1204.746,1000.370
4920,58,255,264.379,996.569
4921,67,255,387.276,997.560
4922,28,255,1126.500,995.107
4923,62,255,713.645,998.032
4924,80,255,771.688,999.175
4925,53,255,784.594,998.481
4926,52,255,1226.788,997.308
4927,27,255,1456.574,996.352
4928,57,255,1519.763,998.167
4929,41,255,1584.890,997.768
4930,42,255,171.381,999.000
4931,67,255,241.649,998.978
4932,66,255,468.955,999.652
4933,34,255,25.794,998.706
4934,77,255,62.084,1000.344
4935,30,255,276.833,999.033
4936,53,255,618.500,999.953
4937,90,255,358.744,1001.322
4938,64,255,699.188,1001.562
4939,26,255,943.000,999.500
4940,33,255,282.742,1001.561
4941,27,255,572.093,1000.130
4942,59,255,932.534,1003.212
4943,44,255,1084.977,1001.136
4944,51,255,1364.775,1004.108
4945,41,255,1449.817,1001.159
4946,54,255,1504.963,1001.611
4947,83,255,1557.283,1002.512
4948,46,255,186.087,1002.174
4949,63,255,218.595,1003.278
4950,77,255,303.539,1004.123
4951,59,255,457.144,1002.347
4952,55,255,756.773,1004.027
4953,44,255,849.432,1002.909
4954,41,255,1267.500,1003.256
4955,60,255,1572.667,1003.383
4956,40,255,271.575,1003.750
4957,70,255,322.871,1004.757
4958,64,255,689.453,1004.438
4959,39,255,718.244,1003.372
4960,63,255,1017.310,1005.944
4961,28,255,1319.679,1002.214
4962,95,255,41.574,1007.058
4963,84,255,252.631,1005.964
4964,93,255,675.220,1006.038
4965,64,255,800.547,1004.938
4966,78,255,917.756,1005.679
4967,52,255,1103.904,1005.327
4968,122,255,1236.164,1007.172
4969,73,255,292.158,1007.212
4970,56,255,1032.179,1006.929
4971,72,255,1378.708,1007.181
4972,39,255,1540.500,1004.603
4973,93,255,118.156,1007.866
4974,68,255,135.926,1009.235
4975,75,255,437.580,1007.647
4976,53,255,506.953,1005.708
4977,32,255,727.125,1006.812
4978,45,255,977.656,1006.922
4979,55,255,1117.627,1007.100
4980,69,255,1306.558,1007.848
4981,84,255,1467.298,1006.500
4982,75,255,423.287,1008.353
4983,108,255,825.694,1010.630
4984,31,255,868.887,1006.694
4985,21,255,1150.357,1005.690
4986,86,255,1280.651,1009.709
4987,61,255,26.074,1008.189
4988,36,255,52.889,1008.250
4989,140,255,96.121,1011.143
4990,54,255,180.759,1008.981
4991,63,255,192.294,1009.817
4992,25,255,710.180,1007.060
4993,60,255,1493.500,1009.467
4994,53,255,334.575,1009.255
4995,60,255,491.817,1009.283
4996,82,255,625.561,1011.049
4997,79,255,1072.690,1011.930
4998,70,255,1092.314,1010.743
4999,65,255,1185.085,1010.500
5000,49,255,1393.500,1008.561
5001,35,255,210.443,1010.071
5002,78,255,386.641,1011.103
5003,53,255,525.349,1011.255
5004,52,255,639.962,1010.635
5005,58,255,1052.690,1011.569
5006,46,255,1142.087,1011.000
5007,114,255,608.211,1013.026
5008,79,255,734.424,1013.285
5009,40,255,770.850,1011.625
5010,66,255,1330.515,1012.273
5011,52,255,1346.250,1011.288
5012,72,255,1508.431,1011.139
5013,107,255,408.565,1014.472
5014,26,255,746.038,1012.115
5015,26,255,762.615,1012.423
5016,28,255,1037.643,1011.929
5017,37,255,1429.797,1011.824
5018,21,255,1443.071,1010.833
5019,75,255,450.353,1014.193
5020,94,255,588.213,1016.809
5021,51,255,871.029,1013.657
5022,85,255,223.594,1017.182
5023,48,255,967.833,1014.896
5024,50,255,1007.640,1014.740
5025,20,255,1211.550,1013.600
5026,80,255,1353.537,1016.025
5027,39,255,374.500,1015.090
5028,24,255,518.333,1014.792
5029,50,255,364.980,1017.500
5030,20,255,750.600,1015.650
5031,46,255,1146.522,1016.717
5032,33,255,1222.348,1016.439
5033,55,255,1263.664,1017.209
5034,49,255,1311.500,1015.990
5035,56,255,1543.250,1018.071
5036,56,255,248.821,1017.536
5037,179,255,568.131,1019.729
5038,32,255,655.156,1016.656
5039,35,255,844.357,1017.929
5040,76,255,1027.829,1020.276
5041,102,255,19.912,1019.235
5042,120,255,53.708,1019.800
5043,65,255,321.623,1019.700
5044,86,255,682.733,1020.058
5045,69,255,1171.471,1019.051
5046,31,255,1283.887,1017.694
5047,44,255,1376.568,1018.455
5048,25,255,1477.860,1017.380
5049,70,255,74.200,1020.229
5050,67,255,902.306,1020.201
5051,49,255,972.929,1020.133
5052,56,255,1045.321,1019.804
5053,53,255,1246.217,1020.689
5054,57,255,1552.395,1020.132
5055,122,255,534.033,1023.598
5056,161,255,636.960,1025.202
5057,62,255,1092.435,1021.371
5058,54,255,1488.815,1020.204
5059,34,255,240.559,1020.971
5060,81,255,266.698,1022.167
5061,58,255,354.603,1022.707
5062,56,255,466.964,1021.250
5063,73,255,1427.418,1021.664
5064,40,255,1507.325,1019.725
5065,22,255,212.591,1021.591
5066,60,255,385.183,1022.250
5067,65,255,618.162,1023.531
5068,143,255,701.563,1024.689
5069,42,255,1413.024,1021.524
5070,25,255,1455.100,1021.420
5071,42,255,1472.929,1023.048
5072,118,255,938.500,1025.831
5073,34,255,1.971,1025.412
5074,28,255,10.893,1024.464
5075,73,255,310.610,1025.623
5076,48,255,1007.021,1024.646
5077,29,255,1400.672,1023.603
5078,77,255,127.721,1025.968
5079,26,255,553.154,1024.346
5080,37,255,1223.554,1025.068
5081,83,255,1326.367,1026.548
5082,32,255,1357.562,1025.406
5083,151,255,151.030,1029.202
5084,120,255,176.975,1027.358
5085,114,255,205.386,1030.175
5086,34,255,295.824,1026.471
5087,64,255,412.453,1026.625
5088,48,255,730.792,1027.146
5089,26,255,890.769,1025.846
5090,46,255,872.500,1028.413
5091,67,255,1114.575,1028.470
5092,60,255,1504.300,1026.667
5093,42,255,772.786,1028.357
5094,70,255,801.314,1029.900
5095,109,255,824.427,1031.032
5096,75,255,1436.820,1029.847
5097,33,255,1491.379,1028.288
5098,68,255,103.176,1030.691
5099,42,255,329.048,1028.762
5100,125,255,430.844,1034.116
5101,44,255,444.068,1029.045
5102,93,255,482.263,1031.349
5103,22,255,763.500,1028.500
5104,62,255,842.468,1029.452
5105,98,255,909.235,1030.980
5106,23,255,1454.065,1028.022
5107,117,255,71.551,1031.526
5108,84,255,220.405,1032.310
5109,24,255,1250.792,1030.208
5110,70,255,1520.986,1030.000
5111,64,255,387.125,1030.859
5112,94,255,754.851,1034.617
5113,50,255,985.580,1032.920
5114,55,255,1143.809,1031.718
5115,52,255,1343.923,1031.269
5116,62,255,1364.790,1032.823
5117,30,255,302.433,1031.433
5118,83,255,603.114,1033.789
5119,46,255,1199.913,1032.826
5120,105,255,1418.386,1034.671
5121,75,255,561.593,1033.940
5122,109,255,663.839,1035.170
5123,31,255,1560.629,1032.500
5124,53,255,587.915,1035.292
5125,67,255,1029.948,1035.545
5126,64,255,1225.281,1034.984
5127,36,255,282.667,1035.361
5128,56,255,292.589,1036.232
5129,44,255,402.477,1035.545
5130,49,255,453.296,1036.173
5131,85,255,680.876,1037.124
5132,84,255,776.452,1035.488
5133,41,255,1005.159,1035.085
5134,34,255,1165.176,1034.412
5135,40,255,1271.675,1035.600
5136,24,255,572.625,1036.000
5137,26,255,1074.538,1035.577
5138,38,255,1123.263,1035.763
5139,68,255,1259.059,1037.574
5140,112,255,1388.161,1038.821
5141,62,255,58.452,1039.274
5142,106,255,113.179,1038.481
5143,100,255,253.410,1038.490
5144,74,255,931.108,1038.676
5145,24,255,133.250,1037.042
5146,71,255,179.261,1039.796
5147,158,255,1181.968,1042.443
5148,34,255,1307.912,1037.353
5149,52,255,1490.115,1039.577
5150,44,255,1502.523,1037.909
5151,70,255,47.400,1041.571
5152,22,255,508.955,1038.955
5153,103,255,997.811,1042.044
5154,61,255,1055.221,1041.074
5155,23,255,1109.370,1039.717
5156,34,255,1357.147,1040.529
5157,25,255,1558.940,1039.660
5158,56,255,6.946,1042.054
5159,120,255,275.125,1045.583
5160,58,255,302.310,1041.948
5161,34,255,1299.559,1042.294
5162,35,255,1432.214,1042.786
5163,42,255,411.595,1043.167
5164,79,255,795.538,1042.918
5165,168,255,970.714,1046.161
5166,50,255,1034.360,1042.380
5167,56,255,1314.964,1043.982
5168,58,255,1508.655,1043.017
5169,63,255,1523.405,1045.532
5170,35,255,146.329,1043.471
5171,77,255,154.058,1045.435
5172,58,255,473.948,1044.362
5173,58,255,536.931,1044.483
5174,78,255,644.179,1044.295
5175,76,255,724.868,1044.316
5176,64,255,1088.188,1043.844
5177,45,255,1550.833,1043.256
5178,63,255,31.246,1044.437
5179,77,255,351.279,1044.500
5180,87,255,624.293,1045.305
5181,54,255,1119.185,1045.370
5182,33,255,1130.227,1044.106
5183,65,255,1342.854,1044.638
5184,55,255,1476.500,1044.936
5185,32,255,1597.375,1044.938
5186,49,255,16.643,1046.520
5187,53,255,834.481,1046.349
5188,94,255,1244.670,1046.691
5189,117,255,84.842,1048.697
5190,60,255,168.167,1047.083
5191,49,255,608.357,1047.316
5192,47,255,1422.160,1045.926
5193,30,255,223.633,1048.033
5194,51,255,382.559,1048.990
5195,80,255,550.850,1049.162
5196,61,255,881.172,1048.238
5197,43,255,1142.872,1047.314
5198,60,255,134.017,1049.800
5199,69,255,396.094,1048.775
5200,42,255,509.143,1048.095
5201,126,255,765.373,1050.159
5202,88,255,1286.364,1049.602
5203,37,255,1449.878,1048.176
5204,93,255,233.812,1051.500
5205,57,255,288.921,1050.482
5206,104,255,686.317,1051.990
5207,76,255,1270.355,1052.316
5208,48,255,95.708,1050.896
5209,21,255,858.500,1049.500
5210,93,255,1076.328,1052.930
5211,67,255,1536.455,1051.888
5212,144,255,43.889,1054.750
5213,28,255,250.143,1050.536
5214,72,255,591.639,1052.083
5215,62,255,823.290,1051.855
5216,21,255,1479.833,1050.643
5217,100,255,1493.820,1053.980
5218,48,255,1574.729,1051.333
5219,31,255,1583.500,1050.242
5220,76,255,353.145,1053.053
5221,39,255,368.859,1052.167
5222,48,255,436.000,1052.500
5223,45,255,525.456,1052.567
5224,87,255,790.626,1052.615
5225,40,255,1064.525,1052.275
5226,55,255,1213.336,1052.227
5227,22,255,1.682,1053.500
5228,89,255,948.051,1055.489
5229,31,255,1131.339,1053.435
5230,118,255,1229.746,1057.059
5231,97,255,335.139,1057.407
5232,54,255,482.074,1054.778
5233,78,255,936.949,1056.410
5234,124,255,1002.137,1057.137
5235,93,255,1017.898,1055.134
5236,57,255,1160.500,1054.254
5237,51,255,1559.578,1053.873
5238,45,255,16.522,1055.144
5239,82,255,61.000,1056.720
5240,66,255,106.788,1056.591
5241,97,255,447.376,1057.799
5242,41,255,959.354,1055.939
5243,88,255,213.420,1057.568
5244,34,255,409.971,1055.529
5245,114,255,744.386,1059.491
5246,126,255,917.040,1059.270
5247,111,255,1121.284,1058.635
5248,179,255,1248.595,1062.025
5249,46,255,513.326,1058.348
5250,68,255,893.941,1058.456
5251,24,255,1105.542,1056.917
5252,26,255,1520.231,1056.077
5253,49,255,197.643,1058.561
5254,104,255,671.702,1060.558
5255,88,255,1183.943,1059.932
5256,57,255,1289.781,1059.974
5257,35,255,1362.443,1057.586
5258,47,255,243.096,1059.585
5259,21,255,279.976,1059.214
5260,86,255,704.465,1060.465
5261,62,255,1098.661,1061.903
5262,50,255,1479.060,1059.340
5263,24,255,1529.417,1058.625
5264,28,255,26.464,1059.536
5265,44,255,185.068,1060.614
5266,60,255,311.533,1060.800
5267,30,255,326.033,1060.067
5268,52,255,630.327,1059.865
5269,64,255,734.109,1061.391
5270,82,255,777.329,1061.537
5271,136,255,1204.684,1064.868
5272,59,255,1280.449,1061.568
5273,36,255,1375.333,1060.778
5274,57,255,423.430,1062.061
5275,27,255,602.093,1060.574
5276,121,255,1059.450,1063.624
5277,41,255,1453.110,1061.476
5278,51,255,1596.598,1063.127
5279,40,255,382.825,1062.650
5280,71,255,463.176,1065.077
5281,60,255,6.233,1065.633
5282,54,255,170.296,1063.667
5283,79,255,293.981,1065.867
5284,77,255,689.981,1066.019
5285,52,255,970.288,1065.154
5286,82,255,1382.293,1067.280
5287,88,255,1576.182,1064.602
5288,59,255,355.924,1065.466
5289,29,255,981.397,1065.328
5290,86,255,1327.686,1066.256
5291,25,255,1337.580,1064.940
5292,73,255,1504.445,1067.007
5293,46,255,70.630,1067.543
5294,25,255,1011.180,1066.180
5295,36,255,1266.972,1066.778
5296,38,255,1369.605,1066.421
5297,42,255,1409.738,1065.952
5298,81,255,1441.315,1067.549
5299,37,255,28.932,1066.878
5300,72,255,534.806,1069.097
5301,21,255,547.643,1067.071
5302,64,255,625.188,1068.453
5303,130,255,1084.915,1070.300
5304,55,255,712.955,1069.118
5305,57,255,723.237,1069.623
5306,31,255,899.016,1067.468
5307,67,255,1350.545,1069.142
5308,68,255,1492.618,1070.029
5309,88,255,1556.057,1069.750
5310,89,255,576.882,1070.624
5311,68,255,1187.088,1071.971
5312,40,255,49.825,1070.250
5313,22,255,283.318,1071.364
5314,35,255,319.414,1070.071
5315,53,255,587.972,1071.198
5316,125,255,1158.236,1073.028
5317,56,255,1308.089,1071.089
5318,56,255,1463.393,1070.411
5319,98,255,19.235,1074.643
5320,89,255,151.815,1073.758
5321,158,255,253.646,1074.399
5322,58,255,401.931,1072.397
5323,64,255,482.359,1073.906
5324,78,255,704.526,1072.667
5325,58,255,336.172,1073.224
5326,37,255,566.392,1073.338
5327,92,255,739.272,1073.652
5328,106,255,846.726,1076.142
5329,71,255,860.444,1076.035
5330,72,255,1018.903,1073.208
5331,59,255,1046.873,1074.161
5332,117,255,1121.252,1074.594
5333,43,255,968.477,1072.686
5334,51,255,1527.127,1074.167
5335,35,255,32.414,1073.986
5336,53,255,514.387,1074.802
5337,100,255,608.480,1075.830
5338,104,255,654.163,1075.740
5339,44,255,755.977,1074.636
5340,71,255,935.162,1075.655
5341,33,255,1299.894,1074.106
5342,20,255,135.000,1074.450
5343,23,255,8.109,1075.326
5344,93,255,264.038,1078.511
5345,23,255,308.891,1075.717
5346,104,255,554.894,1078.183
5347,39,255,1036.731,1076.603
5348,43,255,1193.849,1076.570
5349,33,255,129.924,1077.833
5350,71,255,210.401,1079.190
5351,40,255,239.925,1078.200
5352,60,255,382.283,1078.517
5353,41,255,472.256,1077.427
5354,116,255,523.802,1081.647
5355,54,255,1270.259,1077.241
5356,90,255,1407.500,1079.367
5357,66,255,1519.167,1079.500
5358,53,255,193.311,1078.557
5359,25,255,232.300,1077.820
5360,64,255,449.484,1079.922
5361,59,255,1051.788,1081.161
5362,50,255,1249.000,1078.800
5363,94,255,961.298,1082.585
5364,52,255,79.923,1080.808
5365,61,255,350.352,1081.090
5366,20,255,816.800,1080.250
5367,103,255,834.383,1082.597
5368,118,255,1216.576,1085.161
5369,43,255,1570.151,1080.640
5370,120,255,687.567,1083.600
5371,68,255,1278.868,1083.000
5372,64,255,1324.984,1082.312
5373,73,255,173.979,1082.404
5374,75,255,589.793,1083.180
5375,134,255,1176.582,1085.269
5376,57,255,1447.254,1083.289
5377,45,255,1483.189,1082.100
5378,57,255,398.886,1083.219
5379,204,255,751.873,1088.819
5380,101,255,807.252,1086.144
5381,134,255,921.030,1086.254
5382,79,255,1061.968,1085.449
5383,99,255,1427.439,1084.732
5384,80,255,1533.000,1084.838
5385,63,255,1589.167,1084.452
5386,25,255,99.740,1083.460
5387,50,255,311.620,1085.960
5388,40,255,739.300,1086.200
5389,72,255,1260.931,1085.653
5390,141,255,417.301,1088.812
5391,107,255,434.107,1087.706
5392,106,255,1079.887,1087.274
5393,81,255,1114.302,1086.685
5394,49,255,1239.990,1086.010
5395,46,255,1371.130,1085.522
5396,64,255,1391.344,1086.156
5397,28,255,93.071,1085.714
5398,65,255,111.162,1085.931
5399,56,255,717.625,1087.196
5400,41,255,729.524,1086.744
5401,129,255,945.919,1089.570
5402,70,255,1129.129,1087.543
5403,65,255,1198.315,1088.700
5404,79,255,613.171,1089.310
5405,119,255,651.567,1092.777
5406,87,255,1503.592,1090.764
5407,48,255,1572.333,1088.625
5408,30,255,1598.267,1089.433
5409,68,255,34.265,1090.515
5410,65,255,192.131,1090.700
5411,73,255,601.582,1091.267
5412,40,255,663.450,1090.425
5413,35,255,1543.071,1090.043
5414,35,255,182.357,1091.214
5415,46,255,218.326,1090.826
5416,94,255,297.266,1094.298
5417,62,255,633.597,1091.161
5418,22,255,675.818,1089.318
5419,49,255,779.316,1091.316
5420,41,255,866.110,1091.744
5421,52,255,50.385,1090.519
5422,65,255,81.823,1091.838
5423,57,255,349.167,1092.219
5424,27,255,572.796,1090.500
5425,111,255,793.437,1093.221
5426,80,255,1478.400,1093.125
5427,72,255,366.111,1094.153
5428,85,255,1307.865,1093.841
5429,51,255,1187.971,1094.343
5430,34,255,1289.412,1093.147
5431,21,255,1416.310,1092.595
5432,26,255,1492.423,1093.269
5433,32,255,227.750,1094.219
5434,94,255,533.862,1096.043
5435,31,255,1460.435,1094.081
5436,83,255,392.331,1096.657
5437,46,255,523.239,1096.391
5438,87,255,1100.925,1096.626
5439,67,255,1133.172,1096.709
5440,46,255,16.609,1096.761
5441,62,255,505.435,1097.226
5442,48,255,875.042,1097.250
5443,27,255,1339.574,1096.352
5444,66,255,1007.591,1097.470
5445,55,255,1236.082,1097.482
5446,48,255,464.104,1098.042
5447,51,255,584.892,1097.775
5448,61,255,682.107,1097.730
5449,47,255,989.904,1097.606
5450,25,255,118.580,1098.180
5451,26,255,152.000,1098.346
5452,31,255,270.597,1098.177
5453,24,255,970.000,1098.417
5454,35,255,1059.300,1098.186
5455,30,255,1164.933,1098.200
5456,36,255,1218.917,1098.306
5457,24,255,1377.708,1098.208
5458,22,255,1400.500,1098.318
5459,30,255,106.200,1098.767
