 ,Area,Mean,X,Y
1,116,255,893.819,30.302
2,31,255,832.339,28.758
3,28,255,859.214,27.607
4,49,255,941.112,27.969
5,20,255,975.950,27.250
6,47,255,717.606,29.926
7,38,255,729.132,28.868
8,80,255,756.538,30.575
9,55,255,821.591,29.464
10,87,255,1297.983,30.397
11,46,255,1315.152,29.348
12,28,255,870.143,29.929
13,44,255,1234.773,32.091
14,34,255,1284.206,30.882
15,38,255,703.342,32.579
16,78,255,798.897,35.769
17,49,255,642.622,33.643
18,31,255,782.565,34.113
19,21,255,1193.976,32.690
20,119,255,1047.458,37.710
21,32,255,1543.000,35.000
22,37,255,1563.311,36.446
23,40,255,906.950,37.050
24,46,255,1391.630,37.174
25,40,255,1399.975,37.250
26,65,255,1469.208,36.562
27,24,255,1287.500,37.125
28,46,255,579.826,37.761
29,89,255,1093.455,38.927
30,42,255,1492.048,37.262
31,66,255,1528.030,38.530
32,20,255,1584.650,37.300
33,23,255,523.804,39.674
34,42,255,538.286,40.286
35,56,255,1272.357,40.554
36,38,255,715.211,42.211
37,50,255,871.520,41.100
38,20,255,1175.000,40.000
39,60,255,1452.600,41.917
40,29,255,782.845,42.121
41,26,255,1107.346,41.923
42,63,255,1306.817,44.214
43,42,255,1068.857,44.286
44,23,255,1123.326,43.935
45,24,255,1086.417,45.417
46,22,255,1112.000,45.545
47,56,255,722.000,48.589
48,58,255,436.224,50.310
49,43,255,1188.826,49.035
50,56,255,1579.786,50.232
51,23,255,1411.674,48.978
52,32,255,1443.094,49.656
53,67,255,1529.799,50.381
54,60,255,1295.967,51.650
55,51,255,316.931,53.186
56,64,255,625.547,53.547
57,21,255,832.738,54.310
58,95,255,1080.837,56.384
59,34,255,1424.853,55.824
60,48,255,360.146,57.438
61,55,255,552.900,56.536
62,61,255,1463.205,58.221
63,54,255,348.389,59.667
64,40,255,655.075,57.725
65,39,255,936.372,61.859
66,51,255,947.225,60.912
67,80,255,1401.175,61.562
68,21,255,430.881,58.929
69,30,255,1516.667,59.667
70,55,255,339.609,62.736
71,22,255,762.818,61.091
72,35,255,1336.071,63.129
73,47,255,328.223,64.415
74,36,255,603.167,64.778
75,31,255,718.984,63.468
76,65,255,1546.238,64.485
77,110,255,302.200,69.191
78,42,255,514.190,65.119
79,32,255,590.094,65.406
80,51,255,292.696,67.225
81,37,255,457.689,66.392
82,42,255,495.310,66.548
83,37,255,469.311,68.365
84,27,255,535.130,67.796
85,31,255,435.887,68.468
86,28,255,1301.143,70.143
87,43,255,1417.616,71.384
88,20,255,1014.800,71.600
89,40,255,1565.850,72.550
90,40,255,453.500,73.150
91,45,255,509.300,73.144
92,26,255,1104.577,73.308
93,58,255,214.293,74.052
94,34,255,1093.824,73.588
95,40,255,1523.325,73.950
96,21,255,541.405,74.786
97,42,255,1429.333,74.786
98,170,255,187.724,78.535
99,67,255,325.799,77.948
100,32,255,638.875,76.281
101,30,255,1589.900,76.633
102,30,255,1175.400,76.300
103,23,255,225.326,77.935
104,69,255,243.964,79.457
105,39,255,519.064,78.679
106,27,255,1372.944,77.759
107,52,255,616.212,78.423
108,41,255,600.768,79.939
109,27,255,1024.907,79.426
110,31,255,230.726,83.887
111,31,255,945.113,82.339
112,29,255,1476.672,81.845
113,71,255,214.444,83.669
114,56,255,984.286,83.804
115,33,255,1377.500,83.409
116,36,255,482.444,83.444
117,20,255,779.250,84.200
118,29,255,1048.086,84.052
119,22,255,358.000,84.773
120,48,255,509.583,88.042
121,26,255,1065.038,85.692
122,37,255,1529.878,86.176
123,40,255,315.500,89.150
124,20,255,1057.350,87.200
125,54,255,1399.278,88.833
126,34,255,187.353,87.765
127,69,255,300.283,89.833
128,20,255,597.950,87.850
129,42,255,1357.143,88.905
130,29,255,1221.328,89.259
131,53,255,248.066,91.500
132,26,255,456.269,91.808
133,23,255,1413.370,92.978
134,47,255,591.245,94.309
135,31,255,631.048,94.016
136,27,255,1431.574,93.907
137,53,255,33.594,95.368
138,37,255,141.176,99.473
139,31,255,578.016,96.500
140,48,255,609.625,97.312
141,39,255,1301.628,96.782
142,31,255,25.919,97.048
143,27,255,307.722,97.463
144,37,255,513.770,97.311
145,32,255,737.625,97.688
146,28,255,698.679,99.679
147,21,255,1230.738,100.548
148,45,255,1279.278,101.389
149,29,255,6.948,100.638
150,46,255,436.717,101.239
151,34,255,946.971,102.206
152,46,255,293.913,102.500
153,20,255,762.750,101.250
154,22,255,1054.636,100.864
155,49,255,1219.276,102.765
156,47,255,1293.862,104.372
157,48,255,1351.562,105.396
158,31,255,312.565,104.242
159,32,255,1075.844,104.719
160,31,255,1182.403,108.016
161,58,255,1196.000,107.500
162,20,255,1375.150,105.600
163,33,255,506.712,108.439
164,35,255,588.957,108.243
165,24,255,855.000,108.500
166,57,255,234.939,110.465
167,59,255,273.720,111.280
168,38,255,315.763,110.684
169,25,255,1311.940,108.580
170,39,255,214.936,110.397
171,33,255,298.348,110.197
172,38,255,521.684,110.895
173,21,255,1051.833,109.595
174,21,255,1470.262,109.881
175,46,255,36.239,111.348
176,49,255,706.888,112.949
177,69,255,1354.819,113.210
178,81,255,583.809,115.191
179,50,255,1252.600,118.120
180,20,255,396.950,113.600
181,30,255,495.533,115.467
182,20,255,1111.600,114.250
183,54,255,1283.130,115.519
184,54,255,1460.926,115.667
185,49,255,649.684,115.541
186,49,255,739.357,116.378
187,48,255,1445.000,116.375
188,29,255,65.190,116.190
189,27,255,555.500,115.500
190,58,255,757.707,116.810
191,34,255,153.882,116.706
192,87,255,607.443,119.213
193,78,255,725.526,120.526
194,38,255,769.526,117.579
195,50,255,1303.700,118.080
196,27,255,175.241,118.167
197,22,255,1048.500,117.682
198,50,255,20.140,121.520
199,33,255,384.015,119.409
200,50,255,441.660,119.780
201,26,255,333.808,119.577
202,104,255,689.106,123.365
203,85,255,868.088,123.641
204,23,255,1206.978,119.804
205,34,255,1432.000,120.353
206,51,255,712.167,121.775
207,52,255,880.327,121.865
208,27,255,1034.204,120.389
209,49,255,943.847,122.663
210,41,255,1100.768,121.939
211,41,255,1125.183,123.159
212,34,255,1370.765,123.382
213,93,255,572.801,128.328
214,131,255,1199.034,128.286
215,27,255,1343.241,124.685
216,63,255,67.246,127.437
217,46,255,285.522,125.609
218,43,255,840.430,127.407
219,44,255,902.159,126.114
220,47,255,1268.543,127.074
221,30,255,1516.767,127.167
222,38,255,252.421,127.895
223,42,255,465.000,127.429
224,63,255,746.659,128.341
225,55,255,918.209,128.936
226,46,255,1217.913,127.783
227,35,255,1391.100,128.014
228,60,255,1476.683,128.417
229,85,255,1581.512,129.265
230,40,255,215.175,127.300
231,66,255,581.742,130.485
232,41,255,601.622,129.646
233,28,255,735.679,128.107
234,26,255,827.500,128.000
235,32,255,1242.531,129.156
236,25,255,56.060,128.420
237,68,255,308.191,128.647
238,45,255,768.144,130.744
239,52,255,1293.288,130.769
240,32,255,1505.281,129.094
241,65,255,678.254,133.577
242,58,255,1085.034,130.776
243,53,255,1452.689,130.915
244,48,255,709.479,131.562
245,65,255,882.854,132.531
246,50,255,1014.400,131.640
247,61,255,1099.238,131.467
248,42,255,1384.190,132.619
249,39,255,1000.372,132.628
250,43,255,1037.151,132.942
251,50,255,1126.460,133.100
252,36,255,81.278,133.167
253,85,255,653.406,134.571
254,47,255,926.394,134.245
255,156,255,1229.340,137.308
256,54,255,1534.611,135.278
257,45,255,1545.833,133.322
258,75,255,418.420,136.247
259,29,255,559.190,133.776
260,22,255,1598.682,135.091
261,29,255,232.500,135.052
262,76,255,267.289,136.934
263,31,255,430.952,136.145
264,45,255,872.233,136.389
265,48,255,1428.396,135.854
266,68,255,742.735,136.794
267,88,255,936.591,140.443
268,45,255,1110.411,136.789
269,86,255,1152.302,137.953
270,43,255,1166.151,138.547
271,56,255,1279.125,137.482
272,47,255,58.479,136.904
273,79,255,786.639,139.120
274,43,255,865.105,138.221
275,28,255,1269.714,137.500
276,64,255,1589.297,138.156
277,37,255,636.878,138.095
278,54,255,948.667,139.111
279,53,255,698.443,140.066
280,42,255,814.452,140.000
281,50,255,70.120,140.600
282,23,255,224.109,139.283
283,106,255,529.160,142.981
284,46,255,666.913,141.043
285,47,255,721.798,141.457
286,75,255,763.833,141.793
287,124,255,1133.008,143.677
288,57,255,251.272,142.886
289,90,255,515.644,144.944
290,96,255,569.896,145.354
291,67,255,1247.933,142.993
292,21,255,1263.738,141.643
293,43,255,1495.895,141.895
294,87,255,365.948,144.534
295,35,255,707.900,142.414
296,73,255,796.404,144.527
297,87,255,1015.178,143.672
298,38,255,42.000,144.000
299,49,255,439.888,144.031
300,94,255,582.500,144.936
301,41,255,1348.768,143.061
302,44,255,1385.455,143.273
303,72,255,1417.208,143.667
304,41,255,80.598,145.573
305,67,255,283.590,144.410
306,21,255,115.881,143.929
307,62,255,385.613,145.903
308,64,255,478.000,147.328
309,54,255,685.667,146.204
310,42,255,318.643,146.024
311,20,255,735.650,146.350
312,96,255,1334.083,147.719
313,96,255,450.948,150.000
314,78,255,462.808,151.218
315,35,255,562.100,147.843
316,34,255,642.500,147.088
317,75,255,753.527,149.087
318,33,255,983.288,146.985
319,29,255,1116.776,147.293
320,101,255,1316.490,149.757
321,42,255,1488.643,149.357
322,46,255,61.935,149.043
323,73,255,729.295,150.596
324,71,255,820.035,149.739
325,92,255,883.533,151.098
326,79,255,1220.032,150.589
327,38,255,1456.763,147.658
328,48,255,205.083,150.354
329,99,255,662.662,152.490
330,111,255,1352.068,150.635
331,53,255,1367.104,150.670
332,102,255,1397.255,153.804
333,34,255,1511.059,149.559
334,116,255,1555.741,151.897
335,57,255,1573.202,151.465
336,48,255,341.979,150.104
337,62,255,1000.806,150.823
338,75,255,1539.433,151.993
339,68,255,1146.338,151.971
340,88,255,1590.068,153.034
341,97,255,403.603,154.057
342,42,255,438.500,152.929
343,21,255,633.405,153.167
344,95,255,1088.289,154.647
345,20,255,1265.100,150.750
346,49,255,1408.235,153.010
347,58,255,1426.621,152.569
348,89,255,1476.500,154.365
349,53,255,1499.311,153.142
350,37,255,114.824,154.446
351,40,255,220.175,153.650
352,60,255,875.833,155.117
353,72,255,1281.278,154.472
354,58,255,127.034,155.517
355,121,255,611.434,157.128
356,84,255,897.952,155.988
357,50,255,1515.880,155.540
358,55,255,586.955,156.155
359,81,255,1101.586,157.130
360,38,255,6.342,156.342
361,56,255,536.750,157.286
362,73,255,625.884,158.404
363,54,255,785.796,156.741
364,81,255,1382.043,157.623
365,36,255,1440.361,156.111
366,44,255,1454.295,156.614
367,63,255,299.802,158.024
368,70,255,950.100,158.186
369,43,255,1022.128,157.151
370,71,255,1168.655,158.627
371,26,255,1269.654,157.231
372,32,255,562.000,158.406
373,42,255,826.714,158.595
374,49,255,911.663,159.071
375,42,255,1015.357,159.333
376,100,255,1190.360,162.490
377,37,255,1423.554,159.662
378,72,255,1569.347,160.903
379,60,255,255.400,160.900
380,108,255,642.972,164.556
381,130,255,930.062,162.538
382,76,255,966.066,162.303
383,66,255,1073.485,162.379
384,78,255,1118.910,161.769
385,135,255,334.448,164.633
386,37,255,495.311,161.257
387,37,255,993.959,161.905
388,52,255,1004.538,162.077
389,145,255,1149.279,166.052
390,59,255,1526.907,164.076
391,53,255,1539.500,162.726
392,75,255,519.873,162.993
393,115,255,546.648,165.683
394,27,255,867.574,162.241
395,65,255,1212.962,162.946
396,103,255,1242.345,164.141
397,82,255,1288.244,164.622
398,80,255,1319.138,167.438
399,141,255,443.337,168.457
400,24,255,597.500,163.125
401,90,255,709.156,165.411
402,65,255,1030.300,164.654
403,68,255,1058.544,164.397
404,35,255,247.386,164.357
405,59,255,571.619,165.839
406,91,255,777.390,166.929
407,49,255,896.745,165.235
408,48,255,1496.542,164.250
409,65,255,284.762,166.377
410,23,255,295.978,165.543
411,68,255,365.485,167.456
412,122,255,409.410,168.344
413,55,255,531.173,167.609
414,57,255,1131.465,167.430
415,51,255,1270.480,167.480
416,65,255,1473.638,167.838
417,69,255,678.283,169.152
418,92,255,729.250,169.011
419,152,255,807.855,171.434
420,82,255,1508.756,169.098
421,35,255,305.900,168.500
422,44,255,633.295,169.432
423,87,255,663.121,170.247
424,46,255,986.304,170.087
425,81,255,1352.994,170.093
426,43,255,317.570,170.267
427,68,255,491.529,171.265
428,65,255,686.746,171.115
429,71,255,766.599,171.331
430,74,255,830.351,171.081
431,71,255,950.683,170.401
432,47,255,1049.691,170.947
433,29,255,1341.603,169.190
434,154,255,1394.013,174.136
435,35,255,68.271,171.214
436,55,255,393.045,171.064
437,78,255,475.667,172.205
438,77,255,505.383,171.825
439,94,255,792.968,173.904
440,61,255,970.402,172.270
441,72,255,1037.875,173.958
442,62,255,1332.903,171.323
443,82,255,1580.244,171.890
444,87,255,456.879,173.282
445,21,255,1206.167,170.643
446,28,255,1538.429,170.357
447,20,255,223.750,172.200
448,30,255,234.867,172.000
449,80,255,376.212,173.938
450,53,255,426.991,173.425
451,42,255,843.167,173.310
452,104,255,865.471,174.029
453,64,255,264.844,173.797
454,43,255,299.826,173.756
455,58,255,592.983,175.086
456,112,255,622.571,174.946
457,110,255,741.900,177.045
458,37,255,1017.905,172.824
459,74,255,1370.243,175.108
460,50,255,350.420,175.040
461,76,255,1105.316,175.605
462,83,255,603.428,177.693
463,32,255,852.594,176.312
464,115,255,1220.517,178.926
465,106,255,1414.594,177.415
466,72,255,273.472,178.431
467,59,255,708.449,177.466
468,38,255,1084.158,176.974
469,69,255,1293.413,177.949
470,59,255,753.856,178.958
471,80,255,909.850,178.988
472,92,255,1262.261,179.370
473,71,255,251.951,179.472
474,51,255,340.069,179.029
475,58,255,360.845,179.690
476,129,255,580.058,181.957
477,91,255,386.027,183.181
478,50,255,509.920,179.700
479,58,255,543.259,179.707
480,53,255,929.538,179.406
481,109,255,1135.518,183.876
482,106,255,1466.151,183.321
483,70,255,481.614,182.843
484,111,255,1184.806,183.923
485,45,255,1304.056,181.633
486,50,255,1319.580,182.900
487,72,255,566.542,184.125
488,84,255,720.179,184.095
489,87,255,945.557,185.236
490,70,255,963.243,183.786
491,74,255,1059.284,184.203
492,117,255,824.953,185.192
493,64,255,874.672,184.859
494,62,255,300.613,184.903
495,52,255,786.788,184.981
496,108,255,1272.204,187.157
497,81,255,322.735,188.377
498,29,255,330.362,184.638
499,29,255,835.603,185.672
500,48,255,999.521,186.729
501,27,255,1079.611,185.019
502,65,255,1570.731,186.577
503,24,255,552.667,185.625
504,81,255,1041.475,187.228
505,46,255,1344.435,185.717
506,58,255,1484.224,187.914
507,83,255,611.151,188.849
508,76,255,762.079,189.026
509,33,255,808.833,186.924
510,101,255,1166.312,189.926
511,58,255,222.552,188.983
512,34,255,367.824,188.353
513,43,255,527.663,188.547
514,147,255,681.031,192.010
515,74,255,934.595,190.824
516,80,255,1012.975,190.075
517,62,255,1070.435,189.871
518,72,255,1525.944,190.028
519,58,255,515.086,190.879
520,60,255,258.950,191.483
521,49,255,436.990,190.745
522,52,255,501.115,190.885
523,65,255,703.915,191.454
524,86,255,958.756,194.314
525,73,255,1389.568,191.253
526,41,255,1441.061,191.378
527,61,255,1451.844,191.418
528,54,255,1547.667,191.481
529,72,255,1590.708,192.278
530,22,255,97.636,191.136
531,49,255,1367.010,191.582
532,70,255,1499.600,193.129
533,30,255,59.267,192.033
534,53,255,425.217,193.179
535,41,255,457.037,192.817
536,76,255,1310.250,195.842
537,37,255,1125.905,193.608
538,42,255,1302.167,194.333
539,28,255,270.071,193.571
540,81,255,284.414,195.488
541,68,255,633.971,196.485
542,97,255,648.304,196.222
543,39,255,695.064,195.064
544,49,255,1404.745,195.806
545,66,255,1577.348,195.530
546,27,255,768.315,195.315
547,59,255,1321.686,196.805
548,52,255,115.327,197.269
549,27,255,168.019,196.093
550,69,255,407.877,197.529
551,38,255,743.947,196.263
552,20,255,806.950,194.850
553,96,255,1341.323,198.427
554,75,255,1357.207,197.553
555,58,255,196.741,197.483
556,58,255,352.000,198.569
557,68,255,362.912,199.676
558,64,255,532.625,198.859
559,41,255,910.695,197.939
560,64,255,1040.031,197.984
561,35,255,1111.929,197.729
562,54,255,312.111,199.407
563,137,255,333.712,202.047
564,37,255,1120.959,199.446
565,114,255,1192.596,201.500
566,73,255,1218.212,199.733
567,27,255,1481.093,197.907
568,20,255,92.100,198.700
569,50,255,223.140,199.880
570,76,255,250.553,200.539
571,50,255,566.900,199.580
572,87,255,733.753,201.799
573,64,255,441.125,201.438
574,33,255,865.924,201.712
575,84,255,994.762,201.893
576,60,255,1022.567,200.867
577,38,255,1332.237,200.816
578,65,255,1414.238,201.762
579,77,255,1427.084,204.058
580,75,255,878.060,203.100
581,61,255,270.615,203.074
582,52,255,465.788,203.154
583,27,255,478.056,202.093
584,34,255,489.912,202.176
585,78,255,1389.782,203.269
586,52,255,1520.538,202.750
587,27,255,53.426,203.093
588,118,255,822.347,207.127
589,57,255,917.956,204.781
590,60,255,186.250,205.400
591,71,255,807.303,205.246
592,98,255,1093.061,205.959
593,83,255,1150.380,205.886
594,31,255,1242.274,204.113
595,44,255,168.886,205.955
596,118,255,384.449,209.263
597,119,255,602.761,209.475
598,69,255,977.529,207.761
599,75,255,1012.407,206.513
600,116,255,1205.310,209.345
601,105,255,1469.148,207.738
602,38,255,1287.737,206.474
603,88,255,1581.466,207.557
604,86,255,305.919,209.581
605,74,255,1066.838,208.919
606,55,255,1078.191,209.264
607,194,255,1504.990,213.639
608,24,255,16.708,207.958
609,35,255,295.729,209.214
610,67,255,428.560,210.022
611,126,255,518.262,212.048
612,65,255,840.546,209.900
613,27,255,1338.648,207.611
614,33,255,176.864,209.773
615,39,255,898.987,209.731
616,68,255,1532.603,210.279
617,92,255,1552.826,211.065
618,59,255,935.483,211.415
619,34,255,965.824,211.029
620,44,255,986.659,210.932
621,42,255,1257.714,210.810
622,99,255,75.328,213.571
623,81,255,200.401,212.870
624,67,255,246.201,212.858
625,88,255,755.307,213.807
626,50,255,284.140,213.280
627,162,255,452.673,217.340
628,40,255,732.550,212.325
629,79,255,785.082,214.044
630,97,255,947.933,215.046
631,45,255,1043.656,212.678
632,80,255,1314.188,213.912
633,86,255,257.570,215.942
634,113,255,575.465,215.580
635,92,255,768.207,215.576
636,94,255,888.213,215.383
637,72,255,1246.042,215.306
638,83,255,1265.596,215.018
639,30,255,1358.167,212.800
640,68,255,468.000,216.000
641,57,255,551.693,215.781
642,82,255,624.988,217.305
643,43,255,873.570,215.779
644,84,255,1160.976,216.679
645,36,255,1294.111,215.361
646,54,255,1527.259,216.685
647,69,255,319.167,217.529
648,79,255,695.614,217.943
649,70,255,1122.457,217.557
650,20,255,10.950,216.600
651,64,255,19.766,220.172
652,66,255,63.364,218.409
653,44,255,226.205,217.636
654,86,255,1019.651,219.942
655,86,255,1430.233,219.198
656,47,255,97.777,220.032
657,69,255,674.094,219.717
658,65,255,718.746,219.346
659,42,255,797.238,218.690
660,151,255,846.798,222.043
661,72,255,1278.208,222.111
662,54,255,82.370,220.370
663,43,255,105.058,219.663
664,77,255,160.318,221.500
665,45,255,614.122,220.278
666,68,255,902.721,220.574
667,50,255,1590.780,220.940
668,97,255,133.490,223.160
669,64,255,151.000,221.375
670,54,255,208.611,221.241
671,61,255,271.844,221.648
672,57,255,290.833,221.272
673,35,255,365.071,220.871
674,109,255,410.757,222.069
675,60,255,826.000,221.000
676,93,255,983.403,222.425
677,61,255,1133.123,221.172
678,40,255,1285.700,220.750
679,46,255,1398.696,220.674
680,76,255,1442.934,222.987
681,57,255,235.588,222.816
682,38,255,542.132,221.763
683,77,255,1334.487,221.864
684,49,255,1353.745,221.071
685,23,255,1417.717,220.891
686,107,255,499.304,224.967
687,83,255,587.235,223.886
688,73,255,1028.103,224.253
689,88,255,342.330,226.068
690,40,255,553.875,223.500
691,74,255,791.000,225.419
692,37,255,929.662,223.176
693,67,255,1060.366,225.007
694,67,255,1173.276,224.201
695,109,255,485.546,226.858
696,107,255,868.220,227.089
697,37,255,1157.365,224.230
698,49,255,1247.847,224.316
699,74,255,1469.284,225.270
700,74,255,1559.392,227.392
701,87,255,176.144,226.247
702,53,255,520.349,226.330
703,39,255,806.397,225.859
704,53,255,1195.915,225.481
705,80,255,1227.850,226.900
706,45,255,119.722,227.211
707,57,255,388.061,227.535
708,34,255,936.676,227.588
709,75,255,1099.327,228.247
710,73,255,1408.048,227.705
711,69,255,1520.355,228.065
712,50,255,219.060,227.700
713,39,255,259.679,226.577
714,84,255,725.702,229.560
715,61,255,919.533,228.418
716,68,255,68.456,231.015
717,30,255,430.267,228.400
718,96,255,895.771,230.302
719,62,255,77.403,229.903
720,74,255,196.108,230.622
721,59,255,737.195,230.534
722,24,255,1508.375,229.167
723,109,255,35.959,232.931
724,92,255,55.380,232.837
725,127,255,537.028,234.776
726,74,255,1073.108,231.324
727,66,255,112.773,232.606
728,52,255,660.769,231.865
729,96,255,759.656,233.906
730,145,255,1213.155,236.093
731,33,255,1326.712,231.712
732,37,255,1386.257,231.770
733,77,255,1492.149,233.318
734,92,255,1530.804,235.370
735,57,255,140.202,232.974
736,143,255,230.843,235.752
737,69,255,302.804,233.862
738,60,255,441.567,233.683
739,121,255,821.955,235.880
740,50,255,101.900,233.620
741,56,255,187.214,235.643
742,46,255,206.978,234.587
743,55,255,415.336,234.355
744,64,255,1120.125,233.828
745,70,255,1427.014,234.386
746,53,255,1583.670,234.349
747,103,255,994.937,236.539
748,61,255,1136.467,235.025
749,104,255,1297.462,236.538
750,111,255,1338.149,238.752
751,65,255,650.562,236.238
752,41,255,714.549,235.085
753,111,255,1044.104,237.473
754,88,255,4.557,238.523
755,34,255,517.500,235.765
756,56,255,698.571,236.607
757,130,255,1260.785,239.669
758,112,255,262.750,239.830
759,48,255,346.708,237.562
760,45,255,780.767,238.300
761,76,255,282.500,239.776
762,59,255,404.364,239.669
763,71,255,389.570,240.866
764,92,255,616.446,243.152
765,32,255,670.000,239.000
766,53,255,874.406,240.368
767,44,255,1063.295,239.500
768,72,255,770.667,242.375
769,118,255,864.788,244.856
770,44,255,944.864,240.386
771,59,255,964.025,240.890
772,128,255,1240.773,242.859
773,105,255,1445.957,242.471
774,96,255,87.031,242.969
775,30,255,454.667,241.567
776,74,255,492.541,242.662
777,57,255,975.202,243.184
778,98,255,1571.163,243.898
779,91,255,154.533,244.456
780,37,255,721.014,242.635
781,125,255,845.764,244.460
782,123,255,1087.435,246.321
783,84,255,1099.286,244.845
784,51,255,1501.676,242.716
785,89,255,197.242,245.489
786,66,255,380.894,245.636
787,57,255,630.640,245.184
788,28,255,748.000,242.500
789,82,255,1172.427,244.646
790,42,255,115.405,244.738
791,65,255,649.838,244.885
792,39,255,935.218,244.885
793,32,255,1135.781,243.656
794,67,255,294.127,246.575
795,50,255,792.420,246.740
796,72,255,993.181,245.764
797,60,255,1073.083,246.583
798,117,255,1154.910,248.064
799,98,255,20.561,249.296
800,91,255,897.324,248.786
801,77,255,1483.526,247.734
802,60,255,78.133,249.067
803,44,255,366.182,248.273
804,108,255,433.556,249.731
805,80,255,313.587,249.688
806,80,255,347.288,249.900
807,113,255,478.261,251.093
808,63,255,730.881,249.849
809,69,255,1036.920,249.225
810,115,255,1360.057,251.317
811,142,255,1459.070,251.803
812,74,255,40.770,250.311
813,107,255,165.883,253.463
814,39,255,224.218,249.269
815,146,255,678.760,253.260
816,54,255,799.259,251.241
817,48,255,941.833,249.562
818,33,255,1006.773,249.712
819,89,255,1067.017,252.152
820,26,255,1111.731,249.923
821,55,255,1127.991,250.900
822,114,255,1275.000,251.588
823,106,255,406.123,252.660
824,79,255,506.854,251.538
825,71,255,718.345,250.866
826,113,255,1021.004,253.084
827,119,255,1317.231,252.643
828,81,255,1377.735,251.969
829,89,255,1390.713,252.376
830,28,255,359.071,252.036
831,116,255,549.784,255.543
832,106,255,604.972,254.472
833,93,255,928.167,253.425
834,26,255,57.962,252.385
835,108,255,65.870,257.602
836,95,255,138.847,253.795
837,86,255,701.698,254.058
838,65,255,766.854,253.377
839,82,255,1187.244,253.415
840,93,255,1589.532,254.833
841,78,255,99.795,254.872
842,97,255,273.995,256.789
843,84,255,531.310,254.988
844,27,255,584.685,252.685
845,39,255,780.500,253.500
846,30,255,1227.033,253.633
847,55,255,1296.082,254.136
848,66,255,1404.364,254.636
849,99,255,1561.601,255.328
850,73,255,3.144,256.856
851,84,255,122.083,256.512
852,65,255,181.177,256.177
853,72,255,214.694,255.556
854,23,255,569.500,253.500
855,91,255,748.170,256.060
856,69,255,516.587,257.384
857,50,255,1211.140,255.340
858,20,255,85.900,256.200
859,40,255,613.175,257.425
860,64,255,628.859,257.141
861,72,255,907.083,257.528
862,75,255,1439.447,257.727
863,57,255,288.763,257.325
864,45,255,576.433,258.544
865,27,255,834.907,256.426
866,60,255,1332.900,258.183
867,77,255,1536.006,258.617
868,42,255,641.452,258.667
869,53,255,811.821,259.858
870,57,255,825.096,259.553
871,53,255,950.009,259.425
872,65,255,589.531,261.392
873,95,255,1493.079,260.595
874,70,255,247.029,260.943
875,65,255,856.423,261.992
876,101,255,43.163,263.500
877,23,255,565.500,260.500
878,36,255,1255.444,262.944
879,124,255,188.468,266.782
880,79,255,328.437,263.500
881,117,255,659.115,265.038
882,55,255,716.536,263.136
883,53,255,790.726,262.594
884,153,255,1041.408,263.938
885,98,255,1218.163,264.571
886,65,255,1243.438,263.992
887,73,255,1473.582,264.062
888,106,255,144.047,265.170
889,69,255,264.399,265.601
890,69,255,460.210,264.486
891,53,255,1120.387,263.953
892,73,255,1396.801,264.979
893,65,255,501.346,265.377
894,66,255,780.773,265.727
895,115,255,935.004,266.257
896,63,255,1106.611,264.929
897,87,255,340.523,268.868
898,72,255,357.056,267.139
899,21,255,1522.500,264.500
900,70,255,117.971,267.529
901,59,255,157.873,268.449
902,58,255,411.448,267.862
903,82,255,883.878,267.366
904,62,255,1064.306,266.597
905,38,255,1544.789,266.342
906,85,255,747.147,269.559
907,114,255,965.149,270.211
908,63,255,1024.976,268.341
909,108,255,1304.843,270.222
910,110,255,1422.764,270.564
911,31,255,1574.048,267.339
912,27,255,1598.204,267.907
913,27,255,847.241,268.241
914,79,255,906.361,269.120
915,24,255,1232.167,267.625
916,110,255,1288.991,272.118
917,21,255,94.071,269.119
918,23,255,101.630,269.152
919,99,255,241.884,271.702
920,176,255,477.807,274.761
921,75,255,542.393,270.980
922,59,255,574.025,270.229
923,71,255,806.415,270.993
924,43,255,61.942,270.570
925,27,255,1504.981,269.611
926,60,255,793.350,272.683
927,74,255,866.135,272.392
928,62,255,1080.435,272.516
929,78,255,1483.256,273.205
930,76,255,1517.803,273.737
931,81,255,216.698,273.944
932,148,255,437.014,276.730
933,66,255,559.045,273.318
934,65,255,629.177,274.254
935,133,255,686.447,274.357
936,83,255,729.512,273.633
937,84,255,949.179,273.905
938,50,255,1101.300,272.860
939,137,255,1190.821,277.142
940,68,255,1466.662,273.426
941,79,255,1550.361,275.070
942,97,255,385.985,274.840
943,45,255,640.300,273.544
944,83,255,822.476,275.018
945,65,255,1333.792,273.869
946,71,255,1355.627,275.261
947,36,255,226.306,275.083
948,27,255,534.759,273.907
949,136,255,1000.522,278.574
950,88,255,1575.398,276.750
951,51,255,27.029,276.069
952,59,255,304.890,275.975
953,37,255,981.203,275.662
954,105,255,1172.129,277.786
955,28,255,1432.643,276.536
956,74,255,3.486,278.541
957,69,255,45.471,277.370
958,120,255,327.217,281.467
959,44,255,605.182,276.909
960,105,255,717.176,280.433
961,55,255,455.027,278.282
962,104,255,1016.683,282.135
963,44,255,1070.500,278.000
964,53,255,594.311,279.179
965,55,255,932.536,278.955
966,118,255,1454.483,280.585
967,57,255,143.921,280.079
968,66,255,498.409,280.742
969,70,255,770.514,280.486
970,77,255,1033.357,280.383
971,116,255,1135.440,281.207
972,82,255,1258.012,280.256
973,33,255,828.803,280.955
974,86,255,1120.198,281.733
975,54,255,1213.204,281.537
976,50,255,1326.680,282.300
977,47,255,286.840,281.798
978,47,255,314.628,282.351
979,47,255,394.160,282.138
980,52,255,551.885,282.096
981,82,255,751.390,282.732
982,33,255,903.712,280.530
983,83,255,1406.404,282.572
984,96,255,86.042,284.448
985,101,255,153.559,286.035
986,92,255,418.413,283.793
987,89,255,614.331,284.197
988,76,255,894.763,284.618
989,104,255,1101.971,284.567
990,75,255,1338.273,283.873
991,128,255,1370.086,286.875
992,142,255,178.444,287.239
993,53,255,702.670,284.009
994,64,255,868.250,284.172
995,125,255,211.140,287.068
996,22,255,531.000,283.500
997,37,255,541.419,284.041
998,36,255,649.889,284.972
999,60,255,808.950,285.867
1000,64,255,940.625,285.953
1001,75,255,976.780,286.247
1002,31,255,1078.694,284.145
1003,89,255,1305.287,285.399
1004,20,255,346.750,284.050
1005,78,255,689.859,286.487
1006,66,255,856.091,286.773
1007,49,255,28.337,286.582
1008,131,255,114.141,289.798
1009,53,255,277.160,287.670
1010,55,255,659.027,287.100
1011,80,255,952.125,290.312
1012,90,255,1232.167,287.644
1013,77,255,1567.279,288.643
1014,54,255,100.370,287.870
1015,126,255,1158.683,289.397
1016,45,255,1205.522,287.433
1017,40,255,17.550,288.650
1018,76,255,567.868,290.421
1019,60,255,763.217,290.250
1020,74,255,918.932,289.892
1021,54,255,1280.796,289.204
1022,161,255,1392.314,292.960
1023,55,255,1498.755,288.936
1024,56,255,1557.071,289.929
1025,81,255,1592.290,290.080
1026,37,255,261.527,289.257
1027,75,255,377.953,290.673
1028,86,255,734.291,291.395
1029,50,255,1534.840,289.440
1030,65,255,349.162,291.592
1031,87,255,1526.063,292.868
1032,104,255,237.635,293.538
1033,95,255,290.521,293.900
1034,103,255,1188.451,293.626
1035,56,255,1291.482,292.143
1036,21,255,1582.310,291.262
1037,70,255,518.986,295.029
1038,102,255,840.549,294.284
1039,52,255,966.365,294.192
1040,43,255,1215.849,292.872
1041,106,255,451.849,297.774
1042,79,255,582.019,294.487
1043,79,255,602.386,295.044
1044,32,255,1070.500,293.500
1045,35,255,1083.214,293.500
1046,66,255,74.379,296.136
1047,27,255,268.870,293.981
1048,75,255,558.233,296.820
1049,70,255,42.843,297.129
1050,41,255,138.402,295.988
1051,135,255,165.441,299.456
1052,112,255,364.768,298.661
1053,85,255,507.053,297.029
1054,57,255,630.658,295.640
1055,44,255,908.386,295.864
1056,55,255,1093.845,296.118
1057,37,255,1169.068,296.581
1058,92,255,1240.467,297.717
1059,24,255,1261.542,297.042
1060,57,255,1313.623,295.886
1061,82,255,22.061,298.366
1062,61,255,529.025,298.090
1063,49,255,645.296,297.010
1064,31,255,1028.016,296.887
1065,89,255,1466.882,297.860
1066,62,255,657.823,298.500
1067,68,255,1333.706,298.426
1068,42,255,34.143,299.071
1069,63,255,474.452,300.548
1070,158,255,791.184,301.241
1071,107,255,897.687,302.453
1072,40,255,1252.225,300.425
1073,76,255,1454.039,300.461
1074,22,255,378.773,298.273
1075,75,255,486.740,301.287
1076,98,255,618.510,303.408
1077,86,255,977.663,301.070
1078,39,255,1176.500,301.064
1079,31,255,1419.500,299.500
1080,133,255,815.748,302.838
1081,118,255,1506.432,302.525
1082,49,255,198.112,302.133
1083,83,255,261.681,302.922
1084,79,255,307.032,302.778
1085,70,255,1049.300,303.757
1086,97,255,1408.304,305.222
1087,76,255,140.039,304.237
1088,33,255,884.833,303.076
1089,48,255,210.542,305.229
1090,58,255,287.276,305.190
1091,97,255,329.263,305.758
1092,81,255,351.204,305.698
1093,58,255,576.397,305.086
1094,68,255,698.794,305.956
1095,84,255,726.250,306.381
1096,61,255,769.172,305.434
1097,88,255,1014.591,306.080
1098,52,255,1083.212,304.981
1099,87,255,1429.638,306.385
1100,65,255,438.838,306.285
1101,122,255,1275.164,309.451
1102,48,255,1487.312,305.875
1103,64,255,416.250,307.234
1104,103,255,1063.345,307.587
1105,118,255,1095.737,309.271
1106,27,255,1362.611,306.352
1107,40,255,34.700,307.925
1108,20,255,116.400,306.450
1109,105,255,97.252,310.586
1110,99,255,397.581,310.237
1111,58,255,509.362,308.534
1112,71,255,1158.683,310.655
1113,45,255,1327.967,308.433
1114,134,255,1573.351,312.769
1115,70,255,852.314,311.200
1116,37,255,994.446,308.932
1117,92,255,1110.228,312.630
1118,93,255,1547.091,311.349
1119,67,255,1593.664,310.948
1120,92,255,185.620,312.315
1121,89,255,372.444,312.354
1122,93,255,927.618,312.651
1123,101,255,1233.569,313.361
1124,81,255,1374.401,311.809
1125,72,255,50.292,312.972
1126,57,255,961.851,312.430
1127,88,255,1171.841,313.523
1128,84,255,6.690,314.333
1129,50,255,203.400,313.360
1130,97,255,862.892,315.160
1131,67,255,126.560,315.037
1132,36,255,343.889,313.361
1133,33,255,429.712,314.318
1134,46,255,740.739,314.370
1135,84,255,911.643,315.381
1136,78,255,1220.372,315.051
1137,71,255,1254.148,314.796
1138,63,255,236.119,314.992
1139,35,255,717.586,314.300
1140,76,255,942.737,316.171
1141,76,255,1075.132,316.132
1142,137,255,1130.011,316.755
1143,72,255,1440.028,315.389
1144,85,255,1496.159,316.665
1145,63,255,497.548,316.135
1146,114,255,673.904,321.377
1147,73,255,1482.418,317.527
1148,110,255,692.245,317.691
1149,119,255,1038.567,321.592
1150,105,255,1358.005,319.338
1151,101,255,17.777,320.094
1152,108,255,146.472,319.444
1153,78,255,445.436,320.526
1154,56,255,582.179,318.018
1155,101,255,1286.470,321.520
1156,135,255,273.411,321.744
1157,34,255,420.147,318.176
1158,72,255,638.403,319.667
1159,61,255,652.287,318.893
1160,58,255,747.879,318.948
1161,84,255,1002.643,319.702
1162,40,255,1297.425,318.850
1163,78,255,1394.154,320.436
1164,71,255,515.937,320.725
1165,33,255,1158.106,319.742
1166,103,255,1186.500,321.500
1167,108,255,1339.167,321.500
1168,58,255,1417.741,320.138
1169,79,255,1534.513,321.373
1170,46,255,571.739,321.717
1171,102,255,840.186,323.020
1172,34,255,1243.118,320.735
1173,109,255,1521.390,323.417
1174,99,255,82.025,322.672
1175,87,255,881.799,322.948
1176,66,255,232.530,324.485
1177,55,255,244.100,323.864
1178,45,255,560.611,322.367
1179,61,255,799.549,324.303
1180,44,255,1026.568,323.159
1181,37,255,1151.635,322.878
1182,115,255,618.787,326.822
1183,59,255,807.602,325.178
1184,70,255,994.729,325.114
1185,64,255,1472.250,326.016
1186,103,255,1548.199,325.471
1187,30,255,119.867,323.867
1188,39,255,156.910,325.064
1189,74,255,757.068,325.851
1190,67,255,1582.888,326.187
1191,76,255,183.000,325.421
1192,110,255,289.836,327.627
1193,92,255,331.152,327.207
1194,46,255,702.174,327.109
1195,116,255,782.569,327.767
1196,81,255,219.944,327.463
1197,55,255,466.627,328.464
1198,49,255,495.031,327.051
1199,32,255,542.781,326.938
1200,66,255,654.500,326.712
1201,43,255,711.430,327.756
1202,112,255,966.938,327.777
1203,45,255,58.900,328.367
1204,29,255,197.948,327.845
1205,75,255,207.380,329.220
1206,45,255,404.433,327.900
1207,36,255,475.806,328.000
1208,42,255,583.929,327.929
1209,56,255,595.839,328.250
1210,42,255,684.190,327.810
1211,53,255,940.142,327.708
1212,54,255,1059.074,327.611
1213,89,255,1225.758,330.028
1214,67,255,1303.440,329.291
1215,24,255,1573.625,327.167
1216,76,255,168.684,329.447
1217,46,255,414.152,329.783
1218,59,255,424.856,329.449
1219,105,255,823.357,330.567
1220,48,255,98.583,330.271
1221,56,255,139.304,330.339
1222,60,255,1211.533,331.050
1223,74,255,1276.027,330.392
1224,30,255,1370.400,329.000
1225,99,255,305.520,333.803
1226,53,255,483.764,333.085
1227,67,255,733.948,331.097
1228,77,255,353.383,333.253
1229,55,255,520.809,331.627
1230,63,255,533.881,332.230
1231,116,255,554.483,333.543
1232,59,255,947.314,333.466
1233,100,255,1410.610,333.440
1234,58,255,371.500,332.879
1235,61,255,630.549,333.451
1236,32,255,433.812,333.438
1237,48,255,719.438,334.104
1238,45,255,913.233,334.078
1239,105,255,1089.386,335.786
1240,72,255,1157.542,334.972
1241,102,255,1322.804,335.588
1242,66,255,1385.424,334.061
1243,76,255,36.408,335.645
1244,61,255,76.336,336.877
1245,64,255,185.000,334.844
1246,66,255,316.000,335.485
1247,31,255,978.597,334.016
1248,81,255,1006.611,335.981
1249,113,255,642.323,338.942
1250,28,255,799.857,334.857
1251,91,255,898.929,336.599
1252,154,255,1103.532,340.766
1253,21,255,1176.881,334.071
1254,110,255,123.818,338.855
1255,97,255,605.366,338.222
1256,63,255,836.960,337.563
1257,52,255,1236.712,336.558
1258,38,255,1480.658,336.789
1259,120,255,258.675,339.308
1260,40,255,885.525,337.525
1261,66,255,274.667,339.742
1262,84,255,382.071,340.583
1263,70,255,583.586,339.800
1264,62,255,698.806,339.274
1265,52,255,736.135,339.327
1266,54,255,1369.296,340.778
1267,74,255,1018.392,342.054
1268,142,255,1337.577,345.275
1269,93,255,97.640,343.371
1270,104,255,397.337,345.385
1271,37,255,427.743,341.338
1272,45,255,516.656,341.300
1273,43,255,545.453,342.151
1274,118,255,680.466,343.034
1275,76,255,810.342,342.961
1276,72,255,1029.819,343.208
1277,145,255,1050.493,343.976
1278,73,255,1066.733,343.103
1279,108,255,1193.676,342.991
1280,56,255,1246.929,342.375
1281,98,255,224.163,344.061
1282,26,255,411.846,341.385
1283,53,255,761.462,342.406
1284,82,255,1359.378,343.854
1285,139,255,1460.219,344.291
1286,85,255,1574.641,343.900
1287,57,255,354.974,343.816
1288,64,255,862.922,344.125
1289,68,255,1115.426,345.250
1290,121,255,1440.814,346.236
1291,78,255,1592.244,344.897
1292,40,255,161.125,344.925
1293,67,255,509.410,345.888
1294,33,255,1135.258,343.591
1295,24,255,1176.750,343.375
1296,106,255,1295.811,347.057
1297,35,255,1389.957,344.014
1298,75,255,22.527,347.540
1299,87,255,530.339,347.937
1300,55,255,879.118,345.791
1301,130,255,997.677,349.254
1302,63,255,330.833,346.563
1303,67,255,419.545,348.455
1304,110,255,470.673,349.736
1305,53,255,947.104,347.613
1306,69,255,965.065,347.355
1307,76,255,1405.026,347.605
1308,113,255,1480.996,349.438
1309,64,255,1511.359,347.516
1310,94,255,9.681,349.096
1311,72,255,443.111,348.556
1312,53,255,722.236,347.066
1313,47,255,1258.904,348.351
1314,88,255,1538.409,348.841
1315,149,255,61.211,352.406
1316,31,255,746.339,348.274
1317,50,255,820.580,349.460
1318,33,255,1157.742,348.197
1319,78,255,1496.667,349.782
1320,54,255,30.352,350.926
1321,69,255,365.384,350.384
1322,84,255,706.190,352.298
1323,67,255,1272.052,350.828
1324,97,255,1517.820,353.304
1325,37,255,140.014,350.338
1326,90,255,249.644,354.200
1327,143,255,295.038,354.598
1328,63,255,796.389,353.563
1329,42,255,855.048,350.857
1330,86,255,1558.826,353.756
1331,54,255,238.315,352.370
1332,34,255,713.912,351.824
1333,56,255,773.268,351.893
1334,91,255,841.181,353.214
1335,40,255,904.075,351.675
1336,42,255,260.381,353.143
1337,121,255,485.351,355.773
1338,65,255,1170.931,353.900
1339,98,255,375.602,357.204
1340,54,255,1023.537,353.815
1341,31,255,1220.855,353.371
1342,80,255,42.062,357.012
1343,72,255,159.694,355.417
1344,73,255,277.979,355.349
1345,81,255,598.068,355.920
1346,106,255,879.311,356.123
1347,96,255,928.510,356.073
1348,41,255,1571.061,354.598
1349,71,255,567.246,356.725
1350,92,255,656.261,357.500
1351,30,255,970.300,355.867
1352,52,255,1131.558,356.058
1353,39,255,1368.449,355.808
1354,85,255,1413.088,357.688
1355,59,255,1467.059,356.534
1356,79,255,134.310,357.146
1357,172,255,194.459,362.233
1358,44,255,312.795,357.523
1359,102,255,737.088,359.275
1360,53,255,811.236,359.802
1361,113,255,1146.412,358.668
1362,54,255,1227.500,357.056
1363,67,255,1588.201,358.276
1364,135,255,56.567,363.374
1365,66,255,208.152,359.000
1366,54,255,644.407,358.833
1367,39,255,409.654,358.423
1368,64,255,962.359,358.906
1369,80,255,1321.275,360.125
1370,80,255,1387.013,359.925
1371,84,255,220.833,360.893
1372,40,255,503.125,360.600
1373,64,255,610.469,360.750
1374,55,255,1245.573,360.682
1375,76,255,1360.118,361.145
1376,88,255,169.636,362.477
1377,61,255,852.910,361.320
1378,37,255,1041.554,360.122
1379,39,255,1121.705,360.269
1380,102,255,1545.363,362.618
1381,117,255,83.885,364.047
1382,77,255,584.292,362.968
1383,85,255,945.476,363.088
1384,52,255,1022.519,361.769
1385,72,255,1201.486,363.208
1386,80,255,1296.250,362.438
1387,33,255,1348.258,361.833
1388,93,255,326.339,363.446
1389,85,255,805.700,365.982
1390,23,255,1261.152,361.587
1391,46,255,453.000,363.652
1392,111,255,633.491,367.185
1393,136,255,762.368,367.794
1394,86,255,1217.535,366.047
1395,115,255,240.161,367.830
1396,58,255,560.638,365.793
1397,103,255,1075.519,366.684
1398,95,255,1090.805,366.521
1399,88,255,1104.784,366.784
1400,44,255,1448.909,365.136
1401,81,255,1475.870,366.414
1402,71,255,283.852,366.458
1403,57,255,445.447,366.868
1404,48,255,680.104,365.521
1405,31,255,1598.177,366.597
1406,48,255,1179.750,366.771
1407,65,255,1276.238,367.808
1408,109,255,28.546,370.683
1409,75,255,142.300,369.153
1410,71,255,158.387,368.641
1411,97,255,423.397,370.902
1412,26,255,1116.500,367.269
1413,61,255,1499.336,368.713
1414,42,255,1567.167,367.167
1415,58,255,694.155,369.397
1416,83,255,1003.717,370.404
1417,109,255,1046.592,373.518
1418,105,255,1398.510,371.157
1419,35,255,112.300,369.414
1420,41,255,910.061,369.768
1421,113,255,6.350,375.872
1422,32,255,318.344,371.406
1423,106,255,520.538,371.906
1424,70,255,620.714,372.129
1425,107,255,793.285,374.958
1426,61,255,986.451,371.074
1427,79,255,1344.285,372.373
1428,61,255,1559.943,371.877
1429,75,255,123.460,373.580
1430,57,255,550.342,372.412
1431,100,255,716.510,372.790
1432,67,255,837.679,373.500
1433,69,255,1014.514,374.558
1434,44,255,1264.568,371.432
1435,51,255,270.500,373.500
1436,225,255,375.016,378.331
1437,108,255,456.676,375.093
1438,26,255,539.192,372.269
1439,53,255,612.104,372.613
1440,58,255,701.569,373.207
1441,93,255,848.403,375.575
1442,35,255,869.757,372.214
1443,102,255,898.667,375.078
1444,128,255,1167.984,375.000
1445,48,255,337.729,374.708
1446,106,255,402.377,377.019
1447,66,255,477.348,374.742
1448,67,255,500.485,374.769
1449,142,255,674.127,376.887
1450,80,255,922.525,375.675
1451,72,255,1243.708,375.111
1452,65,255,215.315,375.177
1453,75,255,824.007,375.340
1454,82,255,947.768,376.634
1455,59,255,654.246,377.076
1456,87,255,1300.753,376.879
1457,60,255,1364.817,376.400
1458,65,255,1415.192,376.623
1459,57,255,1438.412,376.184
1460,26,255,1530.808,374.538
1461,35,255,253.186,376.900
1462,77,255,329.214,377.630
1463,52,255,433.538,377.519
1464,86,255,490.267,378.395
1465,33,255,1066.045,376.773
1466,78,255,1354.346,379.564
1467,58,255,1496.724,377.672
1468,37,255,71.041,378.905
1469,73,255,111.171,378.897
1470,78,255,200.026,379.923
1471,121,255,279.814,382.855
1472,69,255,572.341,379.949
1473,38,255,589.711,378.342
1474,55,255,732.755,380.373
1475,109,255,1138.170,382.005
1476,70,255,1428.300,380.943
1477,95,255,1510.689,379.984
1478,44,255,468.500,380.091
1479,30,255,689.300,379.467
1480,46,255,812.087,379.848
1481,44,255,876.750,379.682
1482,91,255,961.060,382.335
1483,33,255,1073.985,379.894
1484,83,255,1091.837,382.596
1485,53,255,1099.462,380.311
1486,84,255,1476.107,380.845
1487,90,255,158.700,383.033
1488,33,255,262.470,379.924
1489,71,255,389.880,381.415
1490,63,255,769.802,381.437
1491,45,255,1030.922,380.544
1492,126,255,1230.421,384.484
1493,100,255,1575.320,383.800
1494,72,255,34.028,384.111
1495,36,255,416.222,382.111
1496,82,255,743.671,385.378
1497,37,255,868.014,382.608
1498,96,255,94.844,386.615
1499,99,255,983.298,386.157
1500,43,255,1205.267,383.616
1501,58,255,1261.138,383.466
1502,59,255,1529.534,383.771
1503,54,255,523.574,385.241
1504,37,255,538.932,385.068
1505,99,255,644.864,386.106
1506,83,255,1119.861,385.620
1507,93,255,1194.220,386.887
1508,112,255,1327.161,387.062
1509,139,255,142.032,388.759
1510,50,255,218.840,385.780
1511,64,255,694.172,386.109
1512,47,255,858.606,386.904
1513,45,255,1050.100,385.322
1514,58,255,1382.983,386.638
1515,34,255,1406.029,385.353
1516,70,255,1566.357,387.086
1517,62,255,820.161,388.113
1518,59,255,840.415,387.297
1519,42,255,1556.024,387.381
1520,86,255,313.523,389.372
1521,50,255,592.480,387.760
1522,56,255,668.411,387.893
1523,68,255,1503.971,389.132
1524,76,255,64.250,389.921
1525,62,255,610.403,389.516
1526,59,255,894.534,388.941
1527,28,255,1273.143,388.107
1528,27,255,1423.093,388.278
1529,84,255,207.000,391.381
1530,30,255,253.000,388.700
1531,79,255,442.057,390.829
1532,104,255,766.962,392.433
1533,59,255,1022.771,390.025
1534,71,255,1245.782,391.570
1535,86,255,1369.337,391.663
1536,68,255,229.235,390.721
1537,77,255,361.253,390.656
1538,72,255,1038.931,392.153
1539,86,255,1153.919,392.686
1540,52,255,191.885,392.173
1541,37,255,680.419,390.959
1542,46,255,727.370,392.000
1543,24,255,1060.042,390.708
1544,23,255,1205.196,390.674
1545,60,255,1352.283,391.533
1546,92,255,1392.043,395.663
1547,115,255,1440.343,394.517
1548,21,255,1459.690,390.738
1549,59,255,1587.059,392.958
1550,138,255,714.833,395.000
1551,36,255,926.861,392.278
1552,168,255,175.643,398.857
1553,50,255,244.480,394.220
1554,103,255,473.675,396.636
1555,56,255,505.304,394.661
1556,73,255,574.582,395.500
1557,82,255,1080.293,395.098
1558,90,255,1255.522,396.644
1559,63,255,46.437,395.040
1560,111,255,108.923,395.545
1561,29,255,521.500,393.638
1562,37,255,632.149,394.041
1563,79,255,786.816,396.551
1564,66,255,917.000,396.379
1565,51,255,1004.265,395.029
1566,124,255,1180.758,398.605
1567,54,255,1307.944,395.611
1568,30,255,1516.100,394.533
1569,44,255,403.773,396.273
1570,170,255,800.547,399.312
1571,70,255,328.371,397.529
1572,71,255,432.739,398.768
1573,36,255,991.194,396.639
1574,77,255,1093.682,397.552
1575,50,255,1166.420,397.500
1576,70,255,1420.157,397.314
1577,105,255,87.605,400.233
1578,75,255,538.793,398.473
1579,70,255,1108.529,399.057
1580,88,255,264.875,400.909
1581,27,255,395.981,399.278
1582,71,255,495.049,399.979
1583,53,255,826.236,398.085
1584,73,255,881.842,399.664
1585,30,255,1578.133,397.900
1586,77,255,63.799,400.682
1587,90,255,129.200,400.978
1588,37,255,422.176,399.716
1589,47,255,586.734,399.691
1590,45,255,606.922,399.944
1591,132,255,641.818,400.758
1592,64,255,672.875,401.344
1593,51,255,968.873,400.049
1594,114,255,1530.991,403.175
1595,51,255,1568.912,399.971
1596,75,255,17.887,402.207
1597,39,255,356.782,400.449
1598,70,255,757.614,401.529
1599,25,255,1206.900,400.460
1600,84,255,1494.726,402.167
1601,31,255,1597.726,400.661
1602,89,255,290.511,403.242
1603,130,255,899.869,405.200
1604,48,255,1271.875,402.062
1605,74,255,1287.973,402.824
1606,82,255,1469.146,403.988
1607,62,255,378.645,403.323
1608,52,255,1299.442,403.558
1609,66,255,336.773,404.985
1610,88,255,694.591,405.080
1611,94,255,866.223,405.394
1612,71,255,1029.599,404.599
1613,79,255,1449.019,405.892
1614,62,255,1460.274,405.226
1615,65,255,157.285,405.454
1616,42,255,565.381,404.381
1617,86,255,707.314,406.547
1618,91,255,842.643,406.258
1619,66,255,365.773,408.182
1620,80,255,1044.862,407.250
1621,66,255,1238.288,406.545
1622,50,255,235.520,407.300
1623,115,255,614.222,410.709
1624,96,255,735.135,407.396
1625,86,255,1339.814,409.570
1626,65,255,109.238,408.054
1627,70,255,315.614,408.729
1628,84,255,573.417,411.202
1629,57,255,937.781,407.798
1630,64,255,989.000,408.500
1631,76,255,1281.461,409.539
1632,118,255,1483.051,410.966
1633,28,255,1580.536,407.607
1634,94,255,33.883,410.170
1635,141,255,196.011,412.110
1636,46,255,458.239,408.696
1637,42,255,466.167,408.524
1638,73,255,591.144,409.432
1639,80,255,768.763,409.750
1640,130,255,821.454,412.862
1641,64,255,977.031,409.703
1642,43,255,1134.128,408.849
1643,77,255,1320.981,410.357
1644,41,255,272.890,410.061
1645,100,255,423.970,412.090
1646,63,255,674.817,410.611
1647,86,255,1505.395,413.047
1648,43,255,77.105,411.384
1649,49,255,121.663,411.092
1650,25,255,144.700,409.740
1651,118,255,391.653,411.373
1652,47,255,505.670,411.564
1653,27,255,917.019,410.093
1654,67,255,347.396,413.112
1655,40,255,639.000,411.050
1656,52,255,752.077,411.827
1657,42,255,927.405,412.214
1658,121,255,1020.244,415.236
1659,69,255,1257.007,412.167
1660,112,255,218.438,415.080
1661,69,255,240.775,413.514
1662,33,255,514.470,413.773
1663,83,255,525.922,413.910
1664,38,255,538.579,412.553
1665,58,255,1052.534,412.845
1666,72,255,1356.583,413.361
1667,47,255,22.649,414.160
1668,52,255,493.615,414.442
1669,55,255,561.827,414.064
1670,68,255,837.471,414.647
1671,107,255,1166.612,416.893
1672,39,255,1177.782,414.090
1673,109,255,68.968,417.289
1674,79,255,783.386,416.576
1675,72,255,1066.625,415.792
1676,105,255,1115.243,416.129
1677,87,255,1399.144,415.833
1678,70,255,262.186,416.571
1679,59,255,953.534,415.941
1680,47,255,358.819,416.734
1681,41,255,630.841,417.500
1682,37,255,686.311,416.770
1683,90,255,706.144,418.989
1684,55,255,1201.845,416.955
1685,42,255,278.857,418.429
1686,46,255,758.696,417.652
1687,44,255,1034.545,417.682
1688,94,255,1235.117,418.383
1689,40,255,1332.050,418.250
1690,68,255,1432.647,418.912
1691,50,255,175.940,419.420
1692,52,255,303.462,419.423
1693,39,255,913.808,418.038
1694,83,255,1543.801,419.849
1695,29,255,1598.121,419.397
1696,37,255,433.419,419.743
1697,101,255,444.708,422.332
1698,24,255,646.833,418.417
1699,56,255,895.589,419.589
1700,115,255,1086.917,423.491
1701,29,255,1262.603,419.224
1702,81,255,1467.019,421.562
1703,48,255,9.604,421.146
1704,99,255,407.803,421.490
1705,69,255,462.442,422.239
1706,24,255,499.833,419.625
1707,63,255,1581.881,421.754
1708,93,255,47.435,423.371
1709,20,255,107.050,420.750
1710,72,255,314.597,423.069
1711,72,255,657.431,422.431
1712,64,255,673.469,421.719
1713,39,255,719.038,422.013
1714,77,255,1443.643,423.604
1715,83,255,89.693,423.717
1716,119,255,234.592,425.920
1717,58,255,389.672,422.172
1718,66,255,790.924,425.682
1719,104,255,883.721,424.087
1720,61,255,971.385,424.697
1721,23,255,1324.109,421.978
1722,44,255,558.000,423.000
1723,59,255,732.280,424.212
1724,36,255,772.500,422.750
1725,20,255,961.750,423.100
1726,100,255,1358.680,425.170
1727,40,255,644.550,424.775
1728,50,255,688.040,424.900
1729,104,255,993.942,427.462
1730,85,255,1218.335,425.947
1731,24,255,28.375,425.167
1732,115,255,188.926,428.987
1733,61,255,362.549,426.500
1734,70,255,853.386,426.614
1735,27,255,1009.722,425.352
1736,62,255,1196.581,425.145
1737,97,255,1588.985,428.531
1738,45,255,831.656,426.633
1739,40,255,941.850,426.775
1740,77,255,1400.253,427.136
1741,59,255,1453.432,428.347
1742,51,255,1517.990,426.833
1743,44,255,1557.545,426.614
1744,77,255,137.097,428.513
1745,50,255,375.220,428.160
1746,20,255,589.550,425.900
1747,67,255,614.709,428.515
1748,36,255,680.306,427.722
1749,76,255,1041.921,428.921
1750,60,255,1181.900,428.433
1751,31,255,1239.790,427.145
1752,49,255,1425.459,428.929
1753,55,255,4.427,430.009
1754,159,255,492.154,430.959
1755,109,255,914.913,430.775
1756,52,255,1127.442,429.096
1757,97,255,1291.851,431.242
1758,53,255,1532.991,428.953
1759,91,255,153.060,431.885
1760,84,255,281.250,432.643
1761,100,255,1316.590,432.410
1762,34,255,76.882,430.000
1763,55,255,536.227,432.773
1764,54,255,598.778,431.463
1765,50,255,1371.520,432.460
1766,89,255,1382.230,432.612
1767,88,255,120.239,433.682
1768,72,255,296.458,432.806
1769,56,255,545.679,432.554
1770,68,255,705.632,431.926
1771,114,255,740.158,434.649
1772,31,255,840.726,431.468
1773,61,255,871.041,432.205
1774,144,255,1013.847,434.306
1775,87,255,257.029,433.787
1776,35,255,556.414,431.700
1777,51,255,754.520,432.853
1778,139,255,1067.371,436.133
1779,51,255,1570.676,433.225
1780,125,255,1103.396,436.348
1781,74,255,1255.541,434.149
1782,34,255,1283.412,433.912
1783,60,255,1303.900,434.750
1784,40,255,1344.875,433.500
1785,60,255,1159.367,435.017
1786,40,255,1413.575,434.450
1787,39,255,244.526,435.577
1788,68,255,1480.044,437.368
1789,35,255,1522.814,435.100
1790,108,255,214.250,437.093
1791,130,255,322.677,440.092
1792,40,255,523.900,436.925
1793,82,255,937.390,438.390
1794,36,255,1423.306,436.722
1795,53,255,1459.142,437.425
1796,56,255,133.857,438.804
1797,124,255,166.645,441.032
1798,46,255,372.000,438.435
1799,90,255,398.978,441.600
1800,66,255,580.955,439.803
1801,49,255,792.071,439.214
1802,62,255,1146.403,439.274
1803,38,255,1213.158,437.947
1804,39,255,201.731,440.372
1805,77,255,347.201,441.032
1806,39,255,1115.987,440.115
1807,60,255,1204.750,440.817
1808,125,255,1560.964,441.548
1809,106,255,7.349,442.887
1810,107,255,79.771,444.005
1811,61,255,448.418,442.451
1812,47,255,954.691,441.840
1813,88,255,426.295,443.307
1814,111,255,510.014,443.833
1815,22,255,1184.773,440.273
1816,95,255,93.374,443.889
1817,33,255,121.621,442.227
1818,71,255,386.458,443.697
1819,40,255,412.425,442.975
1820,118,255,593.102,445.653
1821,69,255,609.355,443.442
1822,92,255,659.413,444.315
1823,33,255,721.561,442.167
1824,78,255,871.103,444.282
1825,58,255,1028.534,442.793
1826,87,255,1261.546,442.891
1827,33,255,1276.924,442.076
1828,67,255,1324.918,443.754
1829,55,255,191.391,443.973
1830,61,255,247.287,444.648
1831,73,255,459.048,445.253
1832,34,255,649.382,443.912
1833,97,255,754.335,445.737
1834,70,255,772.971,445.029
1835,34,255,1090.412,443.353
1836,79,255,1497.715,445.234
1837,73,255,1530.870,445.815
1838,107,255,1126.509,448.397
1839,67,255,1356.172,445.769
1840,68,255,1404.632,445.721
1841,85,255,1590.041,446.724
1842,38,255,378.026,445.737
1843,73,255,567.089,446.445
1844,50,255,287.040,447.040
1845,90,255,484.478,448.167
1846,61,255,781.844,447.926
1847,48,255,913.625,447.167
1848,68,255,927.412,448.044
1849,64,255,1008.453,448.062
1850,61,255,1311.844,447.500
1851,90,255,1340.811,448.756
1852,43,255,153.477,447.709
1853,81,255,435.735,450.167
1854,66,255,896.818,448.818
1855,30,255,1052.767,446.667
1856,64,255,1145.891,448.875
1857,60,255,1546.250,447.900
1858,63,255,277.262,450.738
1859,84,255,530.500,450.321
1860,51,255,990.637,449.422
1861,98,255,1170.745,451.786
1862,86,255,1441.174,450.163
1863,71,255,300.246,450.824
1864,38,255,792.842,449.789
1865,69,255,69.630,451.717
1866,77,255,367.799,452.240
1867,65,255,548.423,452.146
1868,41,255,721.183,450.427
1869,75,255,978.700,452.033
1870,22,255,1215.000,449.136
1871,62,255,1429.403,451.839
1872,62,255,176.242,453.113
1873,61,255,623.959,452.795
1874,33,255,1066.955,451.197
1875,57,255,193.096,453.114
1876,53,255,226.255,452.877
1877,64,255,316.812,453.344
1878,53,255,358.311,453.425
1879,115,255,685.891,455.196
1880,58,255,1415.828,453.810
1881,41,255,1465.280,452.549
1882,80,255,34.087,455.663
1883,78,255,704.359,455.449
1884,75,255,1032.180,455.247
1885,58,255,1106.603,454.086
1886,59,255,1352.331,454.347
1887,66,255,20.000,455.652
1888,124,255,220.242,458.653
1889,80,255,402.375,456.000
1890,61,255,768.943,455.730
1891,51,255,1160.873,454.814
1892,108,255,1575.380,457.546
1893,61,255,671.123,455.975
1894,86,255,822.047,457.174
1895,71,255,1050.373,455.683
1896,109,255,1294.610,457.894
1897,64,255,1376.812,456.359
1898,54,255,55.648,457.778
1899,36,255,109.500,456.000
1900,30,255,206.233,456.800
1901,70,255,612.343,457.429
1902,47,255,810.202,458.053
1903,57,255,934.640,457.026
1904,81,255,1245.537,457.846
1905,36,255,1457.667,456.194
1906,71,255,635.500,458.444
1907,51,255,1210.892,457.676
1908,23,255,340.500,458.500
1909,65,255,460.623,459.838
1910,59,255,515.229,459.398
1911,38,255,743.816,458.789
1912,55,255,864.827,459.082
1913,68,255,967.118,460.265
1914,68,255,1327.412,459.662
1915,48,255,1438.396,458.875
1916,83,255,1541.042,460.042
1917,24,255,242.042,460.458
1918,60,255,350.817,460.900
1919,104,255,574.538,461.125
1920,89,255,838.478,460.983
1921,50,255,891.920,459.800
1922,66,255,1065.712,460.364
1923,73,255,1084.267,460.719
1924,66,255,1256.318,461.121
1925,85,255,1481.029,461.441
1926,61,255,152.992,461.795
1927,74,255,383.595,461.797
1928,94,255,910.702,462.340
1929,63,255,1184.706,461.183
1930,58,255,1588.845,461.000
1931,64,255,269.156,462.766
1932,54,255,326.667,462.370
1933,26,255,552.615,459.462
1934,88,255,726.852,463.080
1935,68,255,799.368,462.412
1936,80,255,874.350,464.062
1937,60,255,250.733,463.700
1938,22,255,529.591,461.409
1939,56,255,1042.679,463.839
1940,20,255,1222.000,461.300
1941,55,255,69.664,463.827
1942,31,255,144.532,463.371
1943,73,255,371.979,465.815
1944,74,255,640.649,465.419
1945,101,255,428.351,466.916
1946,28,255,477.036,463.321
1947,33,255,538.439,464.076
1948,98,255,785.500,466.296
1949,70,255,1115.857,465.357
1950,66,255,1276.348,465.561
1951,52,255,1401.212,464.654
1952,96,255,101.177,469.240
1953,41,255,111.622,465.256
1954,79,255,195.614,466.171
1955,225,255,402.833,472.176
1956,38,255,900.632,466.500
1957,29,255,8.155,466.224
1958,24,255,124.000,465.083
1959,56,255,183.625,467.964
1960,55,255,490.955,466.645
1961,68,255,559.500,467.603
1962,43,255,695.477,467.081
1963,69,255,711.283,468.384
1964,70,255,1421.557,467.543
1965,87,255,1456.638,467.776
1966,81,255,287.821,469.265
1967,65,255,508.423,468.392
1968,83,255,748.777,469.259
1969,64,255,770.234,467.875
1970,79,255,819.576,469.108
1971,30,255,857.200,467.133
1972,48,255,929.938,469.104
1973,57,255,937.868,468.096
1974,97,255,1174.335,470.211
1975,85,255,1550.982,469.700
1976,124,255,315.258,470.371
1977,94,255,336.649,470.596
1978,32,255,30.000,469.500
1979,79,255,47.576,471.399
1980,69,255,59.920,470.370
1981,31,255,215.984,469.145
1982,109,255,654.206,471.216
1983,20,255,1107.100,469.450
1984,115,255,587.935,473.961
1985,58,255,849.845,471.241
1986,33,255,1346.470,470.015
1987,32,255,1058.438,471.281
1988,98,255,1129.276,473.173
1989,59,255,148.992,473.076
1990,62,255,832.694,473.226
1991,95,255,1076.995,474.721
1992,84,255,1287.452,473.786
1993,47,255,1318.372,472.904
1994,39,255,140.808,473.910
1995,53,255,385.915,474.179
1996,46,255,482.087,473.978
1997,138,255,962.123,476.652
1998,61,255,979.238,473.992
1999,67,255,1035.440,474.097
2000,68,255,1241.029,475.221
2001,77,255,363.448,475.838
2002,101,255,1391.371,476.718
2003,44,255,1596.591,474.682
2004,71,255,515.810,476.782
2005,33,255,1337.227,476.076
2006,86,255,1411.593,476.965
2007,77,255,1472.136,476.461
2008,89,255,87.410,479.826
2009,75,255,117.927,477.807
2010,59,255,203.602,477.805
2011,47,255,543.649,476.606
2012,98,255,698.204,477.827
2013,37,255,762.716,476.554
2014,41,255,1184.598,477.573
2015,103,255,1230.102,479.102
2016,68,255,1504.515,476.103
2017,59,255,2.534,481.110
2018,86,255,239.058,482.012
2019,56,255,350.357,478.036
2020,98,255,171.571,480.541
2021,54,255,418.815,479.463
2022,36,255,533.194,479.306
2023,49,255,1194.622,479.459
2024,66,255,1275.803,480.045
2025,111,255,222.635,480.383
2026,45,255,1250.789,478.767
2027,71,255,248.232,482.261
2028,49,255,715.888,480.704
2029,84,255,744.905,481.821
2030,46,255,860.196,481.348
2031,55,255,1118.591,481.409
2032,100,255,37.820,483.120
2033,149,255,665.547,487.064
2034,111,255,69.023,486.455
2035,104,255,500.096,483.942
2036,66,255,980.924,482.955
2037,64,255,1213.000,483.500
2038,30,255,1264.600,482.267
2039,108,255,1490.704,485.130
2040,63,255,1573.579,482.357
2041,49,255,262.153,483.663
2042,48,255,604.000,485.000
2043,85,255,790.665,484.524
2044,38,255,811.658,483.605
2045,64,255,850.734,484.219
2046,60,255,921.500,484.000
2047,96,255,1524.083,485.021
2048,70,255,149.900,485.386
2049,51,255,397.284,485.265
2050,45,255,594.922,485.144
2051,84,255,1005.583,487.071
2052,83,255,1062.994,486.259
2053,88,255,1377.398,486.477
2054,29,255,1292.879,484.983
2055,56,255,286.625,486.804
2056,63,255,540.722,487.103
2057,97,255,577.675,488.747
2058,65,255,878.515,487.192
2059,58,255,936.845,487.034
2060,26,255,1042.615,486.154
2061,54,255,1190.204,486.981
2062,35,255,428.814,487.586
2063,100,255,680.610,489.440
2064,43,255,1017.105,487.430
2065,60,255,1437.550,487.967
2066,78,255,339.692,490.026
2067,99,255,470.601,490.601
2068,43,255,651.058,488.151
2069,60,255,821.717,488.867
2070,129,255,1078.833,494.484
2071,73,255,1086.596,489.966
2072,139,255,1319.637,492.421
2073,155,255,1339.519,491.752
2074,29,255,1426.224,488.155
2075,99,255,1450.793,489.894
2076,98,255,438.388,492.827
2077,43,255,732.012,490.430
2078,30,255,190.800,490.633
2079,68,255,1165.471,491.838
2080,82,255,1400.610,492.415
2081,59,255,1542.788,491.653
2082,86,255,21.477,493.279
2083,78,255,53.218,492.436
2084,83,255,129.873,493.090
2085,72,255,199.458,492.694
2086,26,255,270.346,491.692
2087,77,255,514.526,493.734
2088,67,255,718.963,492.590
2089,90,255,959.078,493.411
2090,74,255,1589.865,493.419
2091,86,255,303.116,494.384
2092,26,255,903.154,491.346
2093,102,255,1242.147,493.912
2094,51,255,278.971,494.265
2095,42,255,597.381,493.048
2096,55,255,1103.118,494.845
2097,58,255,1137.328,494.466
2098,95,255,1252.647,495.953
2099,48,255,100.583,494.500
2100,111,255,164.212,497.833
2101,112,255,844.545,497.339
2102,42,255,330.548,495.667
2103,61,255,653.270,496.156
2104,31,255,1060.726,495.726
2105,46,255,291.239,496.630
2106,65,255,419.238,497.608
2107,96,255,488.312,498.781
2108,81,255,1130.389,500.080
2109,78,255,1359.526,498.179
2110,78,255,151.692,499.628
2111,82,255,544.524,498.549
2112,37,255,815.284,497.365
2113,109,255,1524.812,500.243
2114,27,255,1570.352,497.722
2115,39,255,181.628,498.628
2116,44,255,317.273,498.614
2117,39,255,619.244,498.038
2118,74,255,633.541,499.851
2119,124,255,1027.419,501.960
2120,64,255,1217.828,499.312
2121,71,255,1513.106,500.866
2122,56,255,1556.446,500.304
2123,53,255,1579.085,499.575
2124,92,255,251.109,503.630
2125,50,255,879.120,499.480
2126,59,255,936.771,500.398
2127,88,255,1442.205,501.795
2128,114,255,1477.070,502.070
2129,66,255,397.621,501.545
2130,54,255,750.315,500.852
2131,60,255,832.133,501.300
2132,52,255,899.077,500.827
2133,70,255,1204.500,501.686
2134,114,255,1372.167,503.842
2135,59,255,522.517,502.364
2136,95,255,702.426,503.142
2137,98,255,798.551,502.429
2138,62,255,1542.000,501.339
2139,37,255,222.770,502.284
2140,36,255,235.667,502.778
2141,56,255,311.571,503.821
2142,59,255,354.195,503.449
2143,56,255,458.214,503.000
2144,59,255,569.975,505.246
2145,62,255,580.306,503.145
2146,60,255,670.350,503.183
2147,43,255,741.733,502.477
2148,40,255,926.275,502.825
2149,82,255,106.549,504.293
2150,46,255,191.087,504.804
2151,58,255,912.431,504.103
2152,85,255,1305.947,506.041
2153,27,255,1563.426,503.093
2154,68,255,44.221,506.515
2155,51,255,603.990,505.304
2156,53,255,758.594,504.594
2157,44,255,1402.614,504.432
2158,63,255,341.389,506.341
2159,43,255,979.826,505.430
2160,68,255,1411.559,506.456
2161,96,255,25.448,508.958
2162,163,255,127.347,509.451
2163,69,255,368.877,507.964
2164,42,255,691.524,507.071
2165,62,255,771.661,507.774
2166,129,255,879.841,509.671
2167,74,255,1187.270,507.689
2168,53,255,283.368,507.594
2169,104,255,422.663,509.519
2170,84,255,815.595,510.833
2171,99,255,1108.025,510.268
2172,63,255,1281.627,508.262
2173,106,255,79.896,509.443
2174,41,255,142.476,508.695
2175,90,255,510.756,510.411
2176,61,255,619.172,509.385
2177,116,255,946.474,510.819
2178,69,255,178.370,511.225
2179,44,255,217.636,509.705
2180,82,255,444.549,510.293
2181,88,255,997.409,513.307
2182,97,255,1229.974,511.634
2183,85,255,1487.665,511.147
2184,69,255,1521.254,510.355
2185,69,255,380.225,511.688
2186,38,255,988.868,510.868
2187,73,255,1210.747,512.473
2188,111,255,1336.275,512.896
2189,103,255,1173.413,513.976
2190,70,255,1506.429,513.386
2191,70,255,1596.500,513.457
2192,38,255,167.789,512.342
2193,125,255,304.412,515.516
2194,101,255,483.777,513.035
2195,48,255,846.896,512.646
2196,134,255,902.933,515.530
2197,46,255,921.370,513.022
2198,53,255,1062.821,512.991
2199,57,255,149.658,514.132
2200,42,255,549.857,513.810
2201,56,255,582.357,514.179
2202,71,255,858.176,514.655
2203,29,255,1052.155,513.672
2204,86,255,1086.000,515.105
2205,50,255,1461.740,513.780
2206,95,255,526.605,517.532
2207,77,255,536.773,516.201
2208,44,255,710.205,514.295
2209,62,255,781.710,515.065
2210,24,255,1531.958,515.083
2211,30,255,352.133,514.867
2212,74,255,968.973,516.676
2213,41,255,500.354,517.183
2214,49,255,734.929,517.092
2215,71,255,1220.585,520.190
2216,138,255,1254.377,519.572
2217,41,255,1582.549,517.890
2218,49,255,341.235,517.337
2219,61,255,404.943,517.762
2220,64,255,604.188,519.422
2221,63,255,665.659,518.262
2222,42,255,677.952,518.024
2223,45,255,1017.456,517.833
2224,50,255,1289.280,517.900
2225,99,255,1427.641,519.914
2226,71,255,462.514,520.359
2227,97,255,560.387,520.768
2228,85,255,752.912,519.324
2229,117,255,1123.526,520.808
2230,101,255,1382.579,521.351
2231,70,255,186.400,520.500
2232,40,255,694.025,519.750
2233,69,255,1238.543,521.514
2234,102,255,1494.461,522.029
2235,104,255,55.346,523.202
2236,57,255,200.728,521.272
2237,28,255,220.000,519.714
2238,107,255,250.790,522.098
2239,68,255,271.735,521.529
2240,43,255,593.291,521.198
2241,63,255,764.992,521.786
2242,80,255,982.150,522.712
2243,65,255,1358.546,521.608
2244,55,255,1466.809,520.627
2245,81,255,1556.759,521.932
2246,92,255,71.772,522.641
2247,61,255,1064.648,521.615
2248,34,255,1303.000,521.000
2249,93,255,1415.446,524.038
2250,98,255,211.337,526.388
2251,86,255,376.686,524.047
2252,62,255,443.790,522.935
2253,95,255,636.584,524.384
2254,61,255,1277.893,523.779
2255,85,255,1393.406,525.441
2256,82,255,104.634,524.293
2257,21,255,132.500,522.500
2258,103,255,395.189,525.694
2259,71,255,683.627,524.894
2260,58,255,793.448,524.017
2261,41,255,335.866,524.451
2262,65,255,410.408,525.900
2263,60,255,654.300,526.733
2264,93,255,836.812,527.726
2265,84,255,1047.881,525.310
2266,32,255,1141.469,523.812
2267,118,255,291.381,529.475
2268,78,255,781.051,526.936
2269,138,255,864.971,530.051
2270,112,255,944.607,528.259
2271,40,255,1001.250,525.550
2272,53,255,1438.009,526.085
2273,112,255,1451.054,528.812
2274,137,255,233.208,528.814
2275,59,255,668.280,527.703
2276,125,255,919.524,529.372
2277,38,255,18.526,527.105
2278,74,255,258.959,530.338
2279,45,255,348.167,527.700
2280,73,255,622.390,529.623
2281,111,255,424.716,530.554
2282,73,255,593.705,530.103
2283,47,255,727.372,528.500
2284,71,255,1349.486,529.838
2285,87,255,169.730,530.362
2286,57,255,441.693,531.447
2287,89,255,478.871,531.478
2288,102,255,818.373,531.471
2289,76,255,1019.421,530.816
2290,68,255,326.324,531.500
2291,62,255,581.742,533.323
2292,61,255,800.762,531.484
2293,92,255,1300.815,532.402
2294,62,255,28.484,532.597
2295,69,255,183.862,531.862
2296,68,255,611.574,532.147
2297,30,255,745.600,531.800
2298,61,255,1260.238,532.533
2299,58,255,91.707,533.483
2300,110,255,309.227,534.309
2301,36,255,380.389,532.278
2302,73,255,1039.938,534.459
2303,83,255,151.295,534.645
2304,99,255,540.126,534.955
2305,76,255,1567.197,534.658
2306,31,255,196.306,534.371
2307,46,255,713.000,534.587
2308,77,255,956.253,536.591
2309,120,255,1105.867,536.858
2310,29,255,1360.086,534.845
2311,79,255,1536.361,536.209
2312,38,255,271.816,534.632
2313,29,255,391.017,533.983
2314,44,255,880.227,535.318
2315,84,255,971.381,538.179
2316,84,255,363.167,538.488
2317,28,255,467.286,536.000
2318,36,255,553.667,536.639
2319,98,255,889.092,538.643
2320,91,255,1157.038,537.764
2321,142,255,1214.014,540.092
2322,109,255,9.839,539.151
2323,72,255,75.264,538.514
2324,94,255,452.170,539.160
2325,96,255,498.271,541.375
2326,64,255,640.578,538.641
2327,37,255,1188.878,536.041
2328,70,255,56.843,539.500
2329,49,255,114.235,538.622
2330,58,255,328.534,539.414
2331,120,255,511.958,541.283
2332,68,255,564.221,539.824
2333,107,255,735.472,540.276
2334,75,255,1370.887,539.620
2335,61,255,43.156,541.123
2336,44,255,161.523,539.614
2337,75,255,652.193,541.113
2338,59,255,707.788,540.805
2339,83,255,829.416,541.343
2340,64,255,1593.328,542.125
2341,50,255,98.740,541.820
2342,164,255,1062.780,545.902
2343,65,255,1082.238,541.377
2344,61,255,1332.648,542.467
2345,63,255,844.294,542.341
2346,68,255,1145.515,543.647
2347,30,255,1179.433,541.333
2348,74,255,1584.027,543.230
2349,41,255,33.110,542.573
2350,37,255,226.635,542.257
2351,84,255,346.988,543.905
2352,100,255,764.120,545.150
2353,151,255,1170.977,546.666
2354,53,255,153.708,544.745
2355,64,255,912.000,544.609
2356,52,255,1263.673,543.462
2357,40,255,1274.700,543.900
2358,161,255,1559.084,547.258
2359,46,255,184.130,544.391
2360,82,255,199.256,546.354
2361,88,255,802.341,546.466
2362,86,255,859.570,546.163
2363,58,255,1286.552,544.362
2364,122,255,125.311,547.918
2365,28,255,145.429,544.714
2366,62,255,219.403,546.581
2367,25,255,603.500,544.500
2368,26,255,876.538,545.385
2369,89,255,937.725,548.073
2370,87,255,1197.029,548.845
2371,157,255,1229.997,549.519
2372,115,255,1386.909,547.952
2373,74,255,1466.351,548.541
2374,57,255,104.114,549.202
2375,84,255,384.619,551.131
2376,96,255,549.333,551.375
2377,118,255,659.619,553.068
2378,102,255,958.667,550.304
2379,79,255,1114.867,549.968
2380,105,255,1423.357,550.700
2381,45,255,36.522,549.700
2382,44,255,82.750,550.000
2383,44,255,210.273,551.341
2384,38,255,443.816,548.789
2385,100,255,627.330,551.360
2386,71,255,780.472,551.063
2387,32,255,921.719,549.750
2388,45,255,1300.233,549.900
2389,98,255,1453.582,553.878
2390,123,255,248.500,556.313
2391,63,255,1277.405,551.865
2392,56,255,372.929,553.196
2393,58,255,332.638,554.552
2394,46,255,481.239,554.391
2395,88,255,559.580,556.080
2396,93,255,687.134,555.887
2397,39,255,1103.218,553.731
2398,98,255,1255.561,555.949
2399,29,255,1531.776,552.500
2400,93,255,53.683,555.919
2401,53,255,411.802,555.255
2402,42,255,534.762,554.595
2403,83,255,606.898,556.283
2404,130,255,1002.262,558.754
2405,34,255,1489.235,554.500
2406,23,255,1498.326,553.500
2407,111,255,1512.770,557.491
2408,126,255,20.302,558.730
2409,126,255,170.841,559.175
2410,106,255,1185.528,557.972
2411,79,255,1412.386,557.222
2412,95,255,293.689,558.353
2413,72,255,594.458,558.472
2414,41,255,1332.817,557.037
2415,92,255,195.011,559.217
2416,98,255,317.551,559.480
2417,77,255,345.773,558.903
2418,45,255,581.233,557.833
2419,48,255,1121.312,558.208
2420,44,255,1469.045,558.136
2421,66,255,145.803,559.333
2422,105,255,456.319,561.433
2423,60,255,1552.850,559.450
2424,79,255,1595.854,560.234
2425,98,255,406.418,563.133
2426,47,255,818.032,559.606
2427,152,255,910.237,562.829
2428,27,255,1243.574,559.500
2429,38,255,829.158,560.316
2430,31,255,10.726,561.855
2431,105,255,717.414,563.567
2432,121,255,739.136,563.624
2433,44,255,895.750,561.659
2434,100,255,983.380,564.170
2435,31,255,1046.532,562.597
2436,48,255,1301.521,563.438
2437,75,255,1395.647,563.607
2438,46,255,1532.739,562.152
2439,69,255,70.935,563.964
2440,91,255,80.181,564.676
2441,144,255,771.500,567.375
2442,122,255,1267.787,565.189
2443,84,255,1288.179,564.131
2444,106,255,529.623,565.500
2445,57,255,943.149,564.061
2446,130,255,99.823,566.600
2447,65,255,124.177,564.946
2448,127,255,628.201,567.319
2449,66,255,1055.197,566.227
2450,50,255,1238.500,565.000
2451,83,255,233.428,566.741
2452,25,255,381.940,564.820
2453,33,255,548.500,565.045
2454,98,255,1197.602,567.418
2455,37,255,159.203,567.284
2456,44,255,755.432,566.864
2457,109,255,950.968,569.151
2458,128,255,1342.656,570.023
2459,92,255,190.761,569.609
2460,70,255,211.371,569.914
2461,121,255,442.607,570.888
2462,83,255,792.946,569.717
2463,48,255,1116.833,568.042
2464,69,255,46.268,572.775
2465,70,255,1251.629,570.829
2466,95,255,1498.479,571.889
2467,90,255,30.833,572.522
2468,65,255,141.700,571.469
2469,97,255,331.067,572.397
2470,40,255,827.750,569.625
2471,84,255,295.429,573.655
2472,44,255,881.682,571.318
2473,116,255,972.500,573.888
2474,22,255,1409.364,570.727
2475,32,255,577.812,572.781
2476,82,255,679.146,574.244
2477,89,255,916.590,574.680
2478,115,255,1173.691,574.257
2479,55,255,851.936,574.045
2480,118,255,1222.297,575.881
2481,53,255,1591.915,574.179
2482,44,255,460.705,574.977
2483,81,255,472.784,575.611
2484,114,255,871.588,576.114
2485,23,255,1037.500,573.500
2486,119,255,1083.021,577.223
2487,153,255,1134.670,577.716
2488,42,255,1510.643,575.738
2489,53,255,125.613,575.953
2490,162,255,547.278,580.735
2491,35,255,670.014,576.100
2492,148,255,802.581,579.750
2493,33,255,837.348,575.379
2494,31,255,1331.790,575.371
2495,137,255,1401.062,579.953
2496,39,255,7.372,576.551
2497,111,255,87.671,579.455
2498,47,255,267.734,577.202
2499,47,255,427.436,577.691
2500,47,255,816.053,576.436
2501,102,255,1152.657,579.392
2502,52,255,1186.038,577.423
2503,45,255,1287.167,576.322
2504,185,255,1450.657,582.835
2505,119,255,709.424,581.366
2506,43,255,378.128,578.872
2507,37,255,566.554,578.068
2508,104,255,608.894,582.154
2509,84,255,779.310,580.429
2510,76,255,1475.342,581.513
2511,29,255,217.534,578.948
2512,32,255,244.625,579.219
2513,58,255,1269.207,580.155
2514,89,255,1545.399,580.579
2515,70,255,253.086,580.957
2516,37,255,487.041,580.581
2517,51,255,507.794,581.147
2518,67,255,931.440,581.664
2519,116,255,1000.621,582.466
2520,48,255,21.312,582.188
2521,94,255,103.160,583.351
2522,96,255,695.333,583.948
2523,100,255,748.640,583.690
2524,115,255,1104.222,583.057
2525,24,255,1199.875,581.708
2526,71,255,638.725,583.852
2527,36,255,730.250,582.500
2528,67,255,1063.679,583.933
2529,119,255,1161.357,586.803
2530,35,255,141.500,582.500
2531,110,255,197.700,585.645
2532,69,255,392.254,585.833
2533,52,255,941.942,584.269
2534,78,255,1284.615,584.282
2535,103,255,1342.966,585.354
2536,60,255,1359.400,584.500
2537,49,255,1576.684,584.622
2538,86,255,118.837,585.837
2539,50,255,626.740,585.360
2540,51,255,765.618,586.049
2541,128,255,1484.078,589.656
2542,186,255,452.500,591.392
2543,70,255,836.543,587.514
2544,24,255,1036.708,586.167
2545,49,255,1319.867,586.969
2546,132,255,1020.402,589.424
2547,90,255,310.867,590.644
2548,86,255,428.314,588.919
2549,38,255,535.763,589.526
2550,49,255,721.541,589.173
2551,101,255,897.797,590.807
2552,56,255,971.732,589.107
2553,81,255,352.907,590.870
2554,70,255,374.143,590.471
2555,63,255,645.738,591.087
2556,100,255,818.480,591.920
2557,57,255,1100.360,590.044
2558,24,255,260.542,590.375
2559,52,255,658.327,591.077
2560,136,255,408.125,594.221
2561,73,255,556.993,593.349
2562,92,255,736.315,593.043
2563,40,255,1592.825,591.125
2564,153,255,66.768,595.206
2565,60,255,191.583,593.217
2566,62,255,339.242,594.210
2567,67,255,622.993,593.022
2568,26,255,1436.231,591.731
2569,43,255,2.733,594.174
2570,81,255,34.241,595.006
2571,32,255,597.094,593.625
2572,34,255,774.441,593.147
2573,98,255,928.408,595.133
2574,111,255,367.689,597.374
2575,137,255,471.792,597.077
2576,25,255,1182.140,594.340
2577,31,255,1430.081,594.694
2578,174,255,1350.155,599.466
2579,72,255,1503.625,595.736
2580,103,255,227.374,599.150
2581,44,255,397.977,597.341
2582,181,255,799.064,602.213
2583,63,255,828.484,597.722
2584,130,255,1229.569,598.923
2585,104,255,1554.135,598.952
2586,77,255,148.890,599.058
2587,72,255,943.028,599.389
2588,69,255,986.471,599.283
2589,23,255,890.717,597.630
2590,75,255,240.993,601.500
2591,119,255,290.660,602.391
2592,93,255,1148.823,600.941
2593,104,255,1529.087,603.337
2594,46,255,250.109,601.652
2595,67,255,348.604,601.724
2596,93,255,966.457,601.672
2597,61,255,1134.303,601.533
2598,92,255,1286.913,602.185
2599,39,255,260.756,602.064
2600,26,255,783.808,601.923
2601,100,255,1000.650,603.740
2602,76,255,1067.079,603.895
2603,131,255,1101.034,605.370
2604,46,255,1197.391,602.630
2605,47,255,1437.138,603.011
2606,84,255,493.690,605.524
2607,138,255,554.152,608.486
2608,164,255,707.037,606.329
2609,103,255,1175.510,606.053
2610,150,255,1267.200,609.627
2611,79,255,109.601,607.019
2612,110,255,158.973,608.018
2613,31,255,615.855,604.306
2614,161,255,664.140,607.009
2615,43,255,689.733,603.988
2616,20,255,728.450,603.400
2617,51,255,954.951,605.088
2618,70,255,1032.300,605.429
2619,66,255,136.485,606.621
2620,112,255,178.268,608.071
2621,58,255,212.000,605.655
2622,40,255,580.650,606.175
2623,110,255,770.091,608.136
2624,109,255,1050.482,608.592
2625,51,255,1420.304,605.892
2626,35,255,126.957,606.414
2627,92,255,1082.152,608.565
2628,70,255,1366.714,608.500
2629,77,255,1503.630,607.409
2630,40,255,270.675,609.075
2631,81,255,320.340,609.179
2632,57,255,391.061,608.254
2633,70,255,602.429,608.971
2634,22,255,832.409,606.591
2635,23,255,1113.848,606.717
2636,65,255,1187.931,610.285
2637,53,255,1461.670,608.915
2638,29,255,1470.466,606.534
2639,66,255,310.409,609.909
2640,31,255,629.306,608.274
2641,59,255,642.788,610.398
2642,90,255,281.522,612.211
2643,54,255,365.556,609.741
2644,48,255,383.542,610.667
2645,91,255,822.467,611.390
2646,115,255,339.039,612.439
2647,26,255,426.385,609.846
2648,40,255,530.525,610.425
2649,59,255,1199.059,611.042
2650,25,255,1381.740,609.700
2651,88,255,1249.023,613.273
2652,67,255,1327.933,614.231
2653,80,255,1435.125,611.975
2654,40,255,2.250,614.200
2655,142,255,31.563,616.239
2656,52,255,731.404,613.096
2657,80,255,748.138,613.688
2658,101,255,926.906,617.589
2659,34,255,988.500,612.412
2660,76,255,1395.461,613.289
2661,69,255,55.152,614.746
2662,54,255,690.148,616.056
2663,107,255,1230.098,615.556
2664,63,255,437.675,615.151
2665,116,255,570.569,616.638
2666,76,255,1338.921,616.276
2667,66,255,1546.924,615.212
2668,112,255,145.946,617.830
2669,28,255,377.893,615.321
2670,45,255,415.433,615.611
2671,51,255,486.088,616.814
2672,118,255,507.458,619.144
2673,145,255,786.783,618.321
2674,124,255,1471.169,618.605
2675,26,255,879.346,616.231
2676,42,255,19.238,618.500
2677,47,255,223.628,617.479
2678,69,255,519.935,619.514
2679,94,255,846.213,619.809
2680,49,255,1091.214,618.092
2681,46,255,701.065,619.022
2682,61,255,1070.533,619.238
2683,33,255,1303.591,618.045
2684,95,255,1520.384,620.363
2685,30,255,495.667,619.700
2686,76,255,810.658,621.368
2687,56,255,425.107,622.125
2688,113,255,615.058,622.757
2689,90,255,834.344,622.556
2690,50,255,966.480,620.920
2691,40,255,582.925,622.125
2692,57,255,1211.798,622.868
2693,193,255,1351.728,626.956
2694,110,255,1556.545,624.136
2695,44,255,1569.841,621.568
2696,57,255,95.254,623.061
2697,45,255,346.322,622.522
2698,72,255,363.597,623.194
2699,105,255,467.290,624.443
2700,163,255,662.598,624.936
2701,58,255,1582.172,623.672
2702,31,255,403.210,622.887
2703,108,255,906.009,625.546
2704,64,255,1125.422,624.250
2705,33,255,305.076,624.439
2706,140,255,556.450,627.457
2707,22,255,739.318,623.727
2708,94,255,976.777,626.809
2709,146,255,994.760,628.171
2710,54,255,1223.204,624.648
2711,29,255,1396.328,623.741
2712,138,255,1426.174,626.841
2713,39,255,224.654,625.628
2714,49,255,436.806,625.561
2715,36,255,726.722,624.944
2716,201,255,1450.197,629.331
2717,52,255,1488.173,625.885
2718,74,255,3.270,629.027
2719,123,255,184.809,629.093
2720,80,255,935.288,627.962
2721,38,255,1249.947,626.158
2722,99,255,82.359,629.641
2723,138,255,246.971,629.841
2724,100,255,753.320,629.410
2725,87,255,1150.983,629.707
2726,32,255,1597.500,628.000
2727,147,255,122.820,632.942
2728,179,255,488.232,634.941
2729,115,255,529.004,632.857
2730,66,255,571.242,629.136
2731,73,255,1303.664,629.719
2732,41,255,1533.793,628.427
2733,75,255,883.020,632.033
2734,121,255,1044.442,632.426
2735,122,255,1072.230,632.451
2736,117,255,1137.329,631.970
2737,62,255,449.516,632.419
2738,50,255,50.240,632.540
2739,100,255,603.100,634.070
2740,88,255,959.273,634.080
2741,62,255,520.065,634.258
2742,81,255,1025.747,633.586
2743,133,255,360.259,637.771
2744,46,255,582.261,634.087
2745,33,255,892.197,633.500
2746,131,255,274.172,637.431
2747,101,255,620.797,636.589
2748,28,255,1124.250,633.536
2749,95,255,1271.511,636.405
2750,71,255,773.542,637.570
2751,80,255,1104.263,637.025
2752,57,255,1173.395,635.570
2753,39,255,1198.500,636.013
2754,31,255,1378.145,635.435
2755,92,255,1481.109,638.283
2756,134,255,42.075,641.157
2757,28,255,237.321,637.607
2758,110,255,382.473,639.827
2759,69,255,469.297,638.993
2760,45,255,646.944,637.100
2761,32,255,1437.812,637.875
2762,82,255,99.951,640.402
2763,159,255,170.783,641.789
2764,40,255,194.625,638.150
2765,55,255,806.445,638.627
2766,143,255,1295.437,641.871
2767,45,255,342.367,640.789
2768,94,255,675.745,642.234
2769,72,255,700.833,642.194
2770,116,255,795.371,643.466
2771,65,255,1166.685,642.208
2772,88,255,1180.500,643.477
2773,100,255,330.300,643.760
2774,82,255,1024.329,642.341
2775,118,255,395.186,646.212
2776,78,255,413.385,643.795
2777,72,255,856.569,644.014
2778,46,255,1069.000,642.239
2779,80,255,1371.850,644.000
2780,69,255,553.630,644.935
2781,45,255,748.189,643.456
2782,58,255,889.121,643.414
2783,86,255,962.093,646.686
2784,101,255,985.243,645.876
2785,56,255,1206.161,644.411
2786,106,255,1318.509,646.057
2787,115,255,1561.665,646.135
2788,92,255,1589.739,648.283
2789,51,255,68.637,645.480
2790,80,255,230.863,645.950
2791,27,255,286.722,644.093
2792,33,255,576.288,644.045
2793,103,255,917.859,647.801
2794,37,255,949.338,646.338
2795,74,255,18.095,648.595
2796,71,255,1394.655,647.401
2797,29,255,1451.017,646.983
2798,38,255,1499.342,646.342
2799,49,255,193.439,647.214
2800,146,255,256.829,651.315
2801,75,255,308.553,649.513
2802,48,255,448.771,647.604
2803,37,255,867.581,647.743
2804,105,255,1005.310,649.481
2805,90,255,55.033,652.589
2806,82,255,90.134,650.915
2807,83,255,594.476,650.837
2808,45,255,1256.900,648.322
2809,149,255,1336.131,653.091
2810,55,255,1420.464,648.591
2811,53,255,1514.802,650.689
2812,96,255,146.802,651.750
2813,73,255,522.719,653.295
2814,71,255,619.275,650.275
2815,84,255,732.702,651.310
2816,50,255,808.120,650.520
2817,34,255,1122.441,649.382
2818,49,255,1198.418,650.459
2819,73,255,1269.842,650.034
2820,125,255,296.348,653.980
2821,46,255,340.739,650.326
2822,45,255,530.456,650.922
2823,65,255,882.331,651.423
2824,81,255,1110.586,652.858
2825,44,255,1132.818,650.795
2826,29,255,1598.466,652.121
2827,34,255,677.500,650.912
2828,96,255,824.708,654.406
2829,48,255,1362.688,652.208
2830,75,255,1531.873,652.913
2831,50,255,126.860,652.320
2832,150,255,214.800,656.540
2833,51,255,351.088,653.892
2834,70,255,1506.757,655.143
2835,45,255,107.256,653.611
2836,42,255,409.119,653.143
2837,74,255,719.608,654.959
2838,73,255,571.815,655.185
2839,62,255,1083.581,655.065
2840,41,255,1101.500,654.500
2841,126,255,1147.627,656.159
2842,78,255,1171.000,655.500
2843,109,255,1549.693,657.142
2844,119,255,181.416,658.424
2845,96,255,279.854,657.083
2846,68,255,439.544,656.603
2847,53,255,541.047,656.802
2848,31,255,688.952,654.919
2849,151,255,1020.374,659.348
2850,36,255,1234.250,654.944
2851,73,255,68.363,657.034
2852,65,255,508.823,657.992
2853,146,255,898.425,659.075
2854,81,255,1044.821,657.685
2855,54,255,1074.833,657.185
2856,170,255,1213.459,661.394
2857,71,255,30.838,658.514
2858,99,255,703.914,658.874
2859,37,255,835.392,657.257
2860,62,255,864.839,658.629
2861,115,255,358.691,661.796
2862,101,255,398.599,661.668
2863,88,255,447.716,661.102
2864,93,255,784.102,660.930
2865,40,255,1122.100,658.650
2866,99,255,1422.702,660.732
2867,22,255,1253.591,658.409
2868,94,255,1436.532,662.191
2869,36,255,1184.361,659.972
2870,97,255,1267.077,662.418
2871,73,255,1326.788,662.377
2872,28,255,626.607,661.786
2873,105,255,722.633,663.805
2874,39,255,763.577,661.500
2875,81,255,1373.846,663.809
2876,20,255,1393.650,661.650
2877,163,255,11.844,666.660
2878,54,255,154.148,663.093
2879,74,255,163.365,664.297
2880,56,255,580.054,663.857
2881,43,255,613.942,661.942
2882,134,255,970.545,665.187
2883,73,255,1284.979,664.568
2884,56,255,379.964,665.179
2885,87,255,1237.753,664.971
2886,117,255,1310.303,665.688
2887,92,255,1404.217,667.413
2888,47,255,1577.926,663.053
2889,109,255,109.271,666.252
2890,50,255,243.160,664.600
2891,48,255,1458.979,664.396
2892,79,255,845.639,666.715
2893,139,255,1531.953,670.320
2894,115,255,990.500,671.170
2895,36,255,282.250,666.722
2896,100,255,648.330,669.570
2897,116,255,685.172,670.121
2898,61,255,808.270,668.631
2899,105,255,1076.795,670.243
2900,105,255,1119.148,669.719
2901,43,255,1299.105,668.291
2902,36,255,1495.944,668.389
2903,114,255,65.772,671.114
2904,137,255,491.296,672.427
2905,150,255,536.000,672.173
2906,59,255,959.941,670.805
2907,43,255,1007.058,668.570
2908,24,255,1384.000,668.708
2909,54,255,211.500,669.722
2910,40,255,250.250,670.000
2911,94,255,760.043,670.436
2912,21,255,794.262,669.357
2913,46,255,1135.130,670.283
2914,43,255,1343.965,669.756
2915,113,255,225.509,673.350
2916,47,255,314.606,669.989
2917,138,255,335.696,673.891
2918,102,255,371.186,674.529
2919,38,255,904.289,670.789
2920,77,255,949.344,672.292
2921,120,255,423.742,676.392
2922,42,255,468.833,671.500
2923,43,255,389.872,673.128
2924,55,255,430.936,672.936
2925,94,255,871.362,675.394
2926,45,255,1161.078,673.100
2927,22,255,396.455,673.227
2928,29,255,708.362,673.500
2929,84,255,1038.905,674.929
2930,74,255,1058.297,674.716
2931,159,255,39.072,678.104
2932,114,255,91.439,677.412
2933,25,255,287.260,673.540
2934,64,255,737.500,675.562
2935,32,255,822.125,674.344
2936,41,255,849.500,674.500
2937,50,255,1256.180,674.720
2938,93,255,1290.414,676.274
2939,59,255,1456.042,675.212
2940,52,255,1481.173,675.635
2941,59,255,567.297,676.364
2942,56,255,999.107,676.589
2943,161,255,1554.773,679.220
2944,69,255,133.051,677.804
2945,56,255,444.750,676.982
2946,53,255,673.858,677.142
2947,46,255,1237.500,676.370
2948,69,255,78.645,678.833
2949,113,255,1331.916,680.721
2950,48,255,1092.521,680.333
2951,176,255,1207.114,683.227
2952,114,255,1512.368,680.842
2953,46,255,1592.587,679.565
2954,70,255,242.571,681.529
2955,110,255,278.200,682.964
2956,115,255,748.926,682.474
2957,164,255,890.268,684.470
2958,48,255,1073.271,679.854
2959,27,255,1195.389,681.278
2960,69,255,1231.703,681.587
2961,117,255,659.132,683.355
2962,109,255,765.748,682.344
2963,36,255,20.833,681.861
2964,82,255,215.305,684.085
2965,73,255,465.404,683.240
2966,37,255,1085.041,682.419
2967,65,255,1117.977,682.531
2968,100,255,1166.390,685.450
2969,85,255,1259.512,683.947
2970,86,255,1423.198,683.837
2971,102,255,324.941,686.922
2972,58,255,784.397,684.534
2973,41,255,2.549,685.768
2974,67,255,623.978,686.784
2975,40,255,831.625,686.650
2976,91,255,1317.049,686.500
2977,44,255,1357.295,685.250
2978,87,255,1474.500,687.500
2979,46,255,438.413,686.870
2980,54,255,521.000,687.222
2981,74,255,805.959,687.743
2982,94,255,971.383,687.734
2983,30,255,1107.000,686.500
2984,47,255,1149.713,686.479
2985,24,255,1367.625,686.167
2986,41,255,308.354,687.549
2987,29,255,1180.328,686.328
2988,107,255,30.126,690.911
2989,134,255,497.731,691.381
2990,62,255,1128.129,691.000
2991,23,255,1386.891,687.717
2992,100,255,176.860,692.700
2993,137,255,362.288,692.566
2994,41,255,635.671,690.110
2995,66,255,737.000,690.227
2996,49,255,1027.398,689.643
2997,67,255,1535.500,692.679
2998,36,255,877.972,690.639
2999,130,255,590.369,696.362
3000,55,255,646.700,692.245
3001,47,255,1004.564,691.372
3002,95,255,1436.647,693.932
3003,60,255,403.483,692.917
3004,60,255,841.217,693.383
3005,39,255,923.064,692.141
3006,81,255,953.660,695.340
3007,182,255,1039.775,697.753
3008,62,255,1226.371,693.435
3009,119,255,237.786,696.399
3010,33,255,386.621,691.955
3011,81,255,537.611,694.759
3012,47,255,554.734,693.926
3013,72,255,114.514,696.083
3014,51,255,225.010,695.853
3015,75,255,850.473,695.793
3016,25,255,1390.900,693.460
3017,77,255,1576.292,695.747
3018,67,255,129.903,696.978
3019,26,255,249.538,695.577
3020,74,255,333.135,696.162
3021,40,255,469.850,694.775
3022,79,255,609.361,697.234
3023,61,255,1100.992,696.467
3024,78,255,1359.256,698.026
3025,82,255,47.793,699.732
3026,58,255,56.241,696.966
3027,88,255,216.659,698.330
3028,48,255,567.312,696.979
3029,87,255,676.707,697.925
3030,70,255,689.671,697.286
3031,55,255,816.827,697.373
3032,49,255,897.031,697.908
3033,74,255,1504.324,697.014
3034,131,255,85.073,700.095
3035,62,255,430.371,697.403
3036,59,255,440.144,698.144
3037,71,255,457.979,698.711
3038,86,255,517.919,699.081
3039,149,255,307.158,702.245
3040,96,255,1077.646,700.000
3041,109,255,1173.381,701.096
3042,31,255,763.339,698.726
3043,80,255,1056.650,701.050
3044,65,255,1559.423,700.946
3045,80,255,1590.013,701.275
3046,77,255,917.422,701.851
3047,53,255,944.009,702.311
3048,30,255,988.700,700.000
3049,47,255,1000.585,701.223
3050,76,255,1352.553,703.079
3051,82,255,1419.610,702.085
3052,106,255,742.189,703.396
3053,121,255,1229.517,704.467
3054,69,255,725.717,704.978
3055,98,255,1290.000,705.214
3056,84,255,1312.214,703.321
3057,63,255,361.294,704.786
3058,53,255,407.764,704.915
3059,22,255,464.636,702.636
3060,97,255,548.521,706.057
3061,57,255,798.798,704.886
3062,66,255,1146.985,703.576
3063,99,255,123.652,706.470
3064,112,255,141.768,707.830
3065,34,255,571.265,704.441
3066,68,255,770.103,705.824
3067,42,255,834.262,705.167
3068,56,255,1271.411,705.589
3069,81,255,1401.056,706.019
3070,92,255,96.500,708.522
3071,162,255,169.383,709.290
3072,122,255,422.992,707.795
3073,36,255,529.333,705.639
3074,49,255,1113.806,705.439
3075,33,255,1250.197,705.591
3076,61,255,1384.861,706.123
3077,52,255,11.250,707.346
3078,34,255,58.794,706.118
3079,85,255,240.771,708.994
3080,69,255,561.688,709.094
3081,80,255,866.050,708.875
3082,62,255,1202.210,706.710
3083,38,255,953.737,707.447
3084,22,255,1127.227,706.455
3085,126,255,1490.817,710.849
3086,118,255,293.712,711.703
3087,72,255,824.556,711.528
3088,65,255,997.485,708.454
3089,38,255,319.000,709.184
3090,139,255,340.766,712.162
3091,87,255,392.672,711.776
3092,65,255,581.115,711.238
3093,95,255,651.511,713.647
3094,69,255,1465.254,710.920
3095,140,255,207.343,715.221
3096,78,255,222.577,711.372
3097,54,255,274.685,711.167
3098,33,255,1062.803,710.258
3099,79,255,1095.019,710.880
3100,25,255,438.540,710.740
3101,88,255,475.977,712.886
3102,88,255,849.409,713.080
3103,66,255,877.242,713.394
3104,61,255,930.156,712.074
3105,73,255,1011.459,713.295
3106,45,255,1054.589,710.656
3107,74,255,1337.122,712.432
3108,151,255,1442.089,714.460
3109,95,255,1578.879,715.647
3110,49,255,26.173,713.214
3111,47,255,515.032,712.564
3112,31,255,704.306,711.887
3113,34,255,1142.000,712.500
3114,56,255,1295.679,712.000
3115,41,255,1509.378,713.524
3116,92,255,534.326,715.728
3117,119,255,913.718,715.971
3118,38,255,967.474,713.289
3119,55,255,696.973,715.573
3120,37,255,986.311,714.338
3121,74,255,1078.905,715.473
3122,36,255,1159.972,713.917
3123,37,255,60.662,715.635
3124,159,255,264.481,718.940
3125,43,255,894.872,715.756
3126,124,255,1519.984,722.226
3127,44,255,1567.386,716.136
3128,74,255,748.824,718.095
3129,84,255,1179.333,718.619
3130,88,255,380.125,719.716
3131,44,255,1386.818,717.318
3132,61,255,316.238,720.664
3133,67,255,489.784,719.993
3134,64,255,595.391,719.891
3135,62,255,728.403,719.129
3136,55,255,961.282,719.136
3137,81,255,1102.093,721.006
3138,28,255,1249.679,718.357
3139,66,255,1421.121,719.061
3140,73,255,616.623,720.527
3141,132,255,154.447,725.265
3142,47,255,809.032,720.564
3143,85,255,885.618,723.759
3144,120,255,1544.858,723.808
3145,55,255,8.900,721.973
3146,57,255,125.237,722.851
3147,67,255,435.948,722.112
3148,68,255,240.882,723.191
3149,86,255,408.012,723.721
3150,38,255,568.421,722.553
3151,115,255,998.048,724.161
3152,29,255,1070.224,721.914
3153,47,255,1395.372,724.011
3154,53,255,1482.462,723.745
3155,71,255,44.697,723.866
3156,63,255,71.897,724.643
3157,24,255,390.458,722.500
3158,56,255,455.321,723.250
3159,63,255,680.833,724.246
3160,100,255,827.080,726.400
3161,52,255,92.808,725.346
3162,95,255,225.911,727.216
3163,61,255,341.828,723.893
3164,67,255,1016.022,725.560
3165,67,255,1056.933,726.052
3166,71,255,1126.176,725.838
3167,109,255,1590.445,726.674
3168,75,255,110.940,726.753
3169,51,255,306.206,726.657
3170,58,255,974.328,726.103
3171,54,255,1295.685,725.537
3172,72,255,1497.292,726.292
3173,26,255,136.231,725.731
3174,22,255,661.818,725.182
3175,30,255,918.133,725.500
3176,35,255,932.043,725.929
3177,51,255,817.735,728.422
3178,57,255,1433.377,727.746
3179,70,255,717.543,728.486
3180,70,255,1566.457,729.443
3181,108,255,58.148,731.852
3182,118,255,211.729,731.898
3183,47,255,329.479,729.926
3184,36,255,364.861,728.806
3185,97,255,480.108,731.861
3186,41,255,734.256,730.329
3187,50,255,1044.700,729.620
3188,93,255,1315.973,731.522
3189,55,255,1350.355,729.736
3190,29,255,463.672,729.603
3191,72,255,524.958,731.556
3192,46,255,805.152,730.261
3193,31,255,1461.984,729.855
3194,43,255,127.733,731.709
3195,87,255,287.316,733.615
3196,63,255,539.897,732.690
3197,57,255,1451.570,731.904
3198,36,255,23.500,732.306
3199,101,255,179.569,733.886
3200,68,255,567.397,732.941
3201,98,255,589.990,734.735
3202,144,255,1331.507,735.375
3203,40,255,82.425,733.275
3204,94,255,164.564,736.553
3205,74,255,1159.838,734.662
3206,36,255,1216.667,732.972
3207,93,255,687.349,736.543
3208,57,255,984.044,734.605
3209,52,255,1101.942,736.808
3210,190,255,259.379,739.189
3211,25,255,645.260,734.700
3212,99,255,858.480,737.066
3213,30,255,881.233,734.467
3214,80,255,1042.500,737.837
3215,62,255,1146.274,736.258
3216,72,255,1242.597,737.042
3217,108,255,89.380,738.972
3218,132,255,359.083,739.545
3219,27,255,392.685,736.463
3220,95,255,403.658,738.826
3221,29,255,469.328,737.259
3222,57,255,772.746,737.149
3223,68,255,793.779,737.941
3224,30,255,1188.300,736.167
3225,62,255,1287.565,737.081
3226,89,255,37.219,740.017
3227,147,255,306.759,743.255
3228,53,255,445.953,739.179
3229,86,255,459.721,741.198
3230,87,255,916.328,739.672
3231,36,255,1439.222,738.722
3232,68,255,499.294,739.838
3233,43,255,812.244,738.616
3234,54,255,993.056,740.907
3235,60,255,1367.667,739.800
3236,31,255,1505.113,739.242
3237,82,255,139.049,742.305
3238,81,255,330.833,741.772
3239,44,255,577.114,740.682
3240,62,255,703.726,741.306
3241,120,255,1086.933,742.392
3242,83,255,1471.825,742.741
3243,102,255,735.157,742.804
3244,78,255,519.987,744.679
3245,68,255,600.162,744.118
3246,111,255,754.140,743.869
3247,90,255,963.989,742.556
3248,25,255,1059.540,742.100
3249,48,255,1110.688,742.771
3250,90,255,1350.733,743.967
3251,69,255,1412.167,743.196
3252,49,255,1451.541,741.745
3253,42,255,1584.214,742.357
3254,36,255,20.972,742.389
3255,50,255,280.800,744.080
3256,60,255,387.933,744.333
3257,47,255,1052.734,745.160
3258,65,255,1572.685,745.454
3259,80,255,112.225,747.100
3260,58,255,786.948,745.724
3261,74,255,1133.608,746.608
3262,28,255,1165.893,744.679
3263,48,255,1483.354,746.083
3264,52,255,612.385,746.346
3265,41,255,1258.256,746.915
3266,71,255,210.613,749.148
3267,77,255,510.929,750.409
3268,25,255,641.300,746.580
3269,39,255,768.372,747.167
3270,37,255,1309.878,746.041
3271,63,255,1378.135,749.151
3272,73,255,1398.130,748.267
3273,22,255,146.500,748.136
3274,34,255,227.235,748.382
3275,48,255,377.625,749.438
3276,61,255,707.074,749.779
3277,63,255,815.881,749.929
3278,99,255,926.197,752.581
3279,95,255,1554.889,750.953
3280,40,255,1594.075,749.075
3281,65,255,988.069,750.162
3282,67,255,1102.052,752.396
3283,23,255,1195.109,748.630
3284,43,255,1217.128,749.686
3285,111,255,1276.644,752.293
3286,91,255,43.335,752.577
3287,95,255,77.521,752.616
3288,67,255,180.410,752.455
3289,59,255,402.093,751.178
3290,69,255,533.181,751.616
3291,84,255,575.560,751.679
3292,112,255,673.759,752.134
3293,38,255,1369.658,750.447
3294,97,255,198.428,754.861
3295,67,255,346.500,752.381
3296,36,255,365.639,751.111
3297,73,255,436.733,751.281
3298,109,255,658.564,753.821
3299,73,255,830.993,753.185
3300,50,255,841.020,751.700
3301,85,255,12.841,755.453
3302,98,255,253.643,754.602
3303,53,255,623.670,752.519
3304,38,255,938.026,752.105
3305,53,255,1080.274,752.575
3306,73,255,1332.829,754.007
3307,54,255,1462.833,753.037
3308,76,255,1495.539,754.750
3309,107,255,22.061,756.706
3310,91,255,891.467,754.863
3311,23,255,1444.152,752.152
3312,47,255,238.457,756.904
3313,67,255,737.455,754.530
3314,47,255,1013.904,754.436
3315,26,255,1181.385,753.808
3316,54,255,328.852,755.722
3317,59,255,755.975,755.686
3318,57,255,1308.588,754.974
3319,78,255,270.000,758.423
3320,68,255,860.176,757.485
3321,67,255,1253.470,756.948
3322,67,255,1362.142,758.813
3323,87,255,1386.638,758.132
3324,47,255,1586.181,758.989
3325,25,255,168.420,756.180
3326,83,255,598.380,758.500
3327,104,255,640.000,758.971
3328,53,255,970.821,758.462
3329,77,255,1573.955,758.968
3330,23,255,396.152,757.457
3331,99,255,487.692,760.379
3332,31,255,851.726,758.339
3333,49,255,910.439,758.847
3334,66,255,1168.212,759.742
3335,63,255,1223.024,760.484
3336,71,255,1414.162,759.585
3337,49,255,86.602,759.520
3338,41,255,685.378,759.451
3339,68,255,800.868,760.059
3340,79,255,249.880,763.297
3341,34,255,306.147,759.912
3342,83,255,383.199,762.705
3343,25,255,746.900,760.220
3344,60,255,940.667,761.267
3345,96,255,1130.365,762.885
3346,93,255,1142.565,764.199
3347,112,255,1445.330,763.491
3348,31,255,1592.855,760.435
3349,75,255,363.993,762.367
3350,37,255,781.770,761.824
3351,56,255,903.268,762.500
3352,52,255,988.846,761.538
3353,34,255,998.882,761.353
3354,55,255,1027.918,763.227
3355,69,255,1040.906,763.457
3356,104,255,1054.221,763.673
3357,53,255,1523.462,761.594
3358,56,255,53.857,763.696
3359,21,255,466.262,761.167
3360,32,255,1317.969,762.938
3361,80,255,344.250,764.663
3362,52,255,1079.846,763.788
3363,47,255,1197.628,763.968
3364,86,255,1206.360,766.791
3365,35,255,1307.329,762.557
3366,35,255,1331.586,763.186
3367,39,255,1463.962,762.936
3368,111,255,113.266,766.644
3369,65,255,550.700,765.654
3370,81,255,573.574,765.636
3371,39,255,760.526,764.064
3372,42,255,42.643,765.690
3373,90,255,169.800,766.989
3374,57,255,315.851,766.886
3375,75,255,434.260,766.740
3376,65,255,740.592,766.223
3377,37,255,963.797,765.635
3378,40,255,1231.825,766.575
3379,77,255,1274.474,767.019
3380,80,255,419.663,767.675
3381,42,255,153.571,767.429
3382,120,255,1246.617,769.908
3383,25,255,1266.100,767.140
3384,87,255,204.132,769.718
3385,32,255,307.656,768.125
3386,68,255,526.162,770.044
3387,30,255,591.767,768.067
3388,26,255,769.500,768.000
3389,66,255,458.121,770.242
3390,39,255,476.577,768.756
3391,21,255,512.929,768.881
3392,51,255,798.873,769.735
3393,52,255,1090.404,771.135
3394,31,255,32.887,770.274
3395,95,255,73.268,774.121
3396,71,255,685.923,772.275
3397,136,255,701.029,773.596
3398,43,255,639.151,771.174
3399,49,255,654.500,771.500
3400,49,255,1158.153,771.745
3401,52,255,1584.692,772.000
3402,53,255,444.311,773.651
3403,68,255,943.235,773.838
3404,69,255,1465.703,773.862
3405,68,255,1110.882,774.088
3406,87,255,1371.546,775.052
3407,27,255,764.500,774.204
3408,108,255,901.731,775.120
3409,57,255,1317.184,775.675
3410,59,255,14.093,776.788
3411,51,255,25.951,777.245
3412,101,255,136.292,776.936
3413,85,255,249.594,776.818
3414,141,255,735.060,780.195
3415,64,255,850.344,776.094
3416,39,255,1385.526,774.474
3417,66,255,1428.000,776.212
3418,75,255,104.700,778.073
3419,27,255,319.796,775.611
3420,44,255,602.477,776.932
3421,29,255,623.259,776.500
3422,122,255,664.172,780.664
3423,112,255,1410.411,779.964
3424,65,255,1526.608,777.608
3425,66,255,1576.939,777.545
3426,67,255,612.873,779.037
3427,61,255,1189.582,778.418
3428,91,255,1485.654,779.401
3429,85,255,1508.124,778.594
3430,73,255,37.390,779.349
3431,30,255,82.300,778.033
3432,69,255,1081.123,779.862
3433,77,255,1333.149,779.435
3434,49,255,1348.888,779.031
3435,44,255,1540.068,778.523
3436,76,255,234.842,781.500
3437,59,255,407.890,780.805
3438,45,255,541.744,779.322
3439,50,255,803.020,779.300
3440,133,255,878.756,782.117
3441,65,255,1047.885,779.854
3442,55,255,1097.445,780.773
3443,21,255,198.881,779.071
3444,46,255,634.674,779.848
3445,50,255,823.900,780.080
3446,80,255,933.288,783.737
3447,53,255,1200.330,781.443
3448,78,255,1273.423,782.282
3449,25,255,1286.100,780.420
3450,21,255,216.452,780.595
3451,61,255,485.910,781.992
3452,26,255,964.115,781.346
3453,84,255,990.917,783.298
3454,84,255,1130.571,783.262
3455,61,255,1261.123,782.680
3456,95,255,1436.574,784.353
3457,29,255,95.948,782.397
3458,48,255,344.396,783.229
3459,44,255,655.341,783.250
3460,61,255,839.680,783.074
3461,39,255,980.218,782.500
3462,86,255,313.000,784.791
3463,90,255,462.878,785.211
3464,51,255,572.324,783.637
3465,72,255,903.681,783.556
3466,79,255,1028.842,784.956
3467,90,255,1158.167,785.000
3468,83,255,1298.295,784.560
3469,45,255,1361.011,783.789
3470,45,255,1450.100,785.500
3471,32,255,432.125,784.219
3472,79,255,503.285,785.424
3473,83,255,679.536,785.331
3474,64,255,754.609,786.062
3475,58,255,1121.103,785.948
3476,22,255,1211.227,783.545
3477,28,255,1225.429,784.250
3478,74,255,1388.311,785.784
3479,53,255,56.142,786.142
3480,74,255,479.027,787.838
3481,118,255,541.797,787.847
3482,46,255,829.261,786.826
3483,59,255,1016.415,786.602
3484,47,255,1377.734,786.160
3485,118,255,275.119,788.517
3486,44,255,774.295,786.500
3487,32,255,806.719,786.500
3488,87,255,851.580,788.672
3489,34,255,1314.500,785.765
3490,93,255,200.446,789.435
3491,148,255,379.399,790.845
3492,73,255,625.952,788.705
3493,46,255,710.826,789.457
3494,25,255,973.540,786.900
3495,77,255,1589.877,788.539
3496,66,255,180.500,789.000
3497,63,255,518.214,789.643
3498,48,255,592.083,788.812
3499,35,255,702.900,788.386
3500,47,255,867.096,789.160
3501,22,255,1352.682,788.000
3502,87,255,154.029,791.167
3503,69,255,1051.297,790.674
3504,62,255,1540.952,791.129
3505,101,255,36.708,791.599
3506,79,255,69.703,791.627
3507,42,255,167.429,792.000
3508,21,255,218.405,789.452
3509,49,255,891.153,790.602
3510,33,255,398.561,791.197
3511,35,255,1002.586,791.186
3512,47,255,1221.415,790.862
3513,93,255,128.855,793.769
3514,45,255,228.944,792.367
3515,50,255,328.720,793.160
3516,33,255,338.773,792.045
3517,85,255,604.759,794.771
3518,44,255,1100.205,792.250
3519,113,255,430.624,796.518
3520,48,255,838.625,794.062
3521,121,255,938.607,796.748
3522,93,255,1169.919,796.027
3523,64,255,1279.438,794.922
3524,79,255,1578.032,795.589
3525,68,255,451.500,795.029
3526,26,255,1149.385,793.500
3527,65,255,1495.085,795.285
3528,64,255,805.016,795.922
3529,101,255,904.579,797.381
3530,110,255,1074.964,798.873
3531,106,255,1234.009,799.292
3532,71,255,1304.965,797.345
3533,38,255,1357.553,796.421
3534,61,255,1432.107,797.910
3535,47,255,1569.457,797.053
3536,70,255,584.100,798.486
3537,119,255,1126.391,798.517
3538,71,255,1416.049,798.261
3539,79,255,1504.171,799.437
3540,31,255,363.952,797.919
3541,83,255,925.018,800.271
3542,73,255,1089.048,799.349
3543,56,255,405.589,800.000
3544,74,255,497.405,800.581
3545,70,255,521.043,800.214
3546,61,255,630.402,800.336
3547,29,255,1019.052,799.397
3548,100,255,348.040,802.720
3549,51,255,417.794,800.598
3550,112,255,541.705,802.286
3551,101,255,1371.441,802.490
3552,65,255,1591.377,801.054
3553,103,255,44.461,803.966
3554,158,255,561.108,805.652
3555,137,255,723.456,804.099
3556,36,255,616.111,802.639
3557,111,255,1474.860,806.239
3558,54,255,1517.463,803.722
3559,81,255,326.093,804.796
3560,62,255,673.806,804.403
3561,44,255,693.795,803.773
3562,175,255,754.711,807.226
3563,60,255,995.633,804.550
3564,50,255,1193.620,803.900
3565,62,255,221.661,805.806
3566,103,255,640.209,807.665
3567,106,255,663.160,807.217
3568,54,255,947.556,806.500
3569,67,255,1009.694,805.590
3570,67,255,1025.724,804.978
3571,57,255,1058.781,804.956
3572,98,255,1461.786,806.378
3573,129,255,1532.601,807.236
3574,93,255,134.145,807.833
3575,135,255,377.248,808.115
3576,50,255,507.140,806.400
3577,106,255,769.245,811.708
3578,87,255,832.730,807.305
3579,77,255,1443.630,806.708
3580,127,255,96.642,809.500
3581,20,255,735.550,806.200
3582,89,255,781.758,808.230
3583,36,255,888.000,805.500
3584,58,255,971.655,806.707
3585,68,255,1104.103,807.015
3586,43,255,956.826,808.430
3587,68,255,1546.588,808.162
3588,61,255,261.025,808.697
3589,86,255,452.244,809.977
3590,105,255,802.500,810.614
3591,48,255,844.083,809.438
3592,101,255,1274.371,811.916
3593,69,255,66.486,810.688
3594,80,255,465.012,810.888
3595,63,255,1484.913,810.722
3596,108,255,1565.157,810.481
3597,54,255,598.056,811.574
3598,32,255,854.812,810.000
3599,98,255,907.480,813.296
3600,22,255,1263.500,810.000
3601,66,255,1337.909,811.636
3602,83,255,176.789,813.500
3603,46,255,306.717,811.217
3604,59,255,991.280,812.737
3605,92,255,1127.837,812.424
3606,92,255,1224.707,814.500
3607,104,255,1296.029,812.442
3608,157,255,1416.564,816.003
3609,72,255,1509.653,813.528
3610,79,255,415.601,814.070
3611,71,255,874.106,813.711
3612,31,255,1312.113,812.435
3613,98,255,230.071,817.194
3614,47,255,281.457,813.543
3615,44,255,293.500,813.068
3616,53,255,488.915,813.085
3617,78,255,690.500,814.526
3618,85,255,1000.606,814.888
3619,135,255,1366.863,815.507
3620,52,255,1394.462,814.212
3621,45,255,28.878,814.700
3622,104,255,1073.962,816.096
3623,90,255,514.544,816.967
3624,55,255,1141.755,816.427
3625,20,255,142.900,815.650
3626,49,255,584.459,816.541
3627,70,255,623.329,817.786
3628,97,255,704.593,818.716
3629,57,255,1037.009,817.289
3630,63,255,255.310,818.373
3631,67,255,272.784,818.858
3632,141,255,363.195,820.833
3633,29,255,502.672,817.672
3634,76,255,722.658,818.697
3635,69,255,919.616,817.920
3636,81,255,334.846,820.883
3637,35,255,440.729,817.929
3638,27,255,851.685,817.426
3639,89,255,952.343,821.837
3640,43,255,1310.267,818.872
3641,97,255,1450.923,819.892
3642,104,255,1589.048,821.827
3643,137,255,399.573,822.763
3644,80,255,738.962,820.575
3645,24,255,1101.833,818.625
3646,46,255,322.543,820.435
3647,71,255,478.275,821.669
3648,47,255,1158.564,821.330
3649,101,255,1329.619,823.757
3650,35,255,1577.929,820.271
3651,93,255,243.005,824.919
3652,58,255,491.397,822.672
3653,39,255,980.090,822.449
3654,37,255,944.176,822.716
3655,62,255,971.145,823.919
3656,94,255,1261.309,824.340
3657,44,255,211.636,823.705
3658,61,255,294.582,823.844
3659,33,255,379.894,823.106
3660,61,255,657.746,824.500
3661,35,255,795.500,823.443
3662,76,255,843.763,824.303
3663,44,255,1055.068,823.636
3664,76,255,153.092,825.961
3665,56,255,531.643,825.500
3666,94,255,546.160,825.936
3667,21,255,612.690,823.643
3668,73,255,634.267,826.253
3669,59,255,686.415,824.975
3670,86,255,1383.791,826.023
3671,64,255,1433.875,824.422
3672,136,255,128.176,828.721
3673,51,255,308.343,825.696
3674,51,255,647.108,826.186
3675,107,255,810.921,828.481
3676,106,255,825.396,829.802
3677,49,255,1173.786,826.316
3678,66,255,1183.333,826.667
3679,68,255,1217.426,825.985
3680,110,255,1509.618,827.873
3681,43,255,388.733,827.198
3682,57,255,562.640,826.693
3683,57,255,593.044,827.079
3684,110,255,605.245,833.727
3685,96,255,775.219,827.917
3686,41,255,1199.841,826.695
3687,28,255,1246.286,825.107
3688,60,255,1274.267,826.833
3689,52,255,1300.327,827.096
3690,100,255,464.210,828.940
3691,44,255,517.227,827.773
3692,44,255,1094.818,827.295
3693,43,255,1465.570,827.105
3694,64,255,1558.078,828.047
3695,81,255,11.352,829.735
3696,79,255,65.019,830.057
3697,69,255,198.152,829.312
3698,42,255,350.119,829.524
3699,51,255,736.637,829.245
3700,56,255,760.000,828.911
3701,142,255,1018.993,831.739
3702,51,255,1322.676,828.912
3703,56,255,836.982,830.946
3704,112,255,878.902,831.777
3705,52,255,961.462,830.981
3706,104,255,1059.192,832.144
3707,43,255,1346.826,829.849
3708,23,255,1529.891,829.065
3709,34,255,1549.500,829.088
3710,147,255,267.711,835.541
3711,22,255,1310.591,829.409
3712,89,255,40.994,833.343
3713,156,255,320.186,835.109
3714,86,255,754.326,834.593
3715,56,255,1394.304,832.625
3716,25,255,1594.700,831.060
3717,63,255,86.706,833.056
3718,127,255,621.445,835.650
3719,67,255,862.037,833.052
3720,60,255,895.400,832.733
3721,62,255,992.145,832.968
3722,87,255,1482.259,834.351
3723,50,255,1569.820,833.160
3724,56,255,165.571,834.179
3725,81,255,722.944,834.981
3726,78,255,911.641,834.897
3727,94,255,924.734,834.255
3728,32,255,1152.500,832.594
3729,52,255,116.423,835.404
3730,155,255,225.545,837.435
3731,47,255,564.543,833.883
3732,90,255,695.233,835.500
3733,70,255,1100.900,835.129
3734,72,255,1379.611,835.750
3735,70,255,1460.529,835.043
3736,61,255,1578.041,835.320
3737,53,255,375.632,835.406
3738,99,255,1121.712,835.965
3739,57,255,1254.781,835.939
3740,57,255,1307.325,836.430
3741,84,255,186.488,838.321
3742,66,255,340.136,837.894
3743,30,255,548.800,836.100
3744,55,255,681.991,839.918
3745,61,255,522.975,838.008
3746,61,255,588.549,837.746
3747,22,255,642.273,836.364
3748,52,255,656.365,838.462
3749,39,255,969.731,837.141
3750,55,255,1042.936,837.155
3751,61,255,1219.221,837.648
3752,110,255,1275.255,840.418
3753,115,255,1359.257,840.048
3754,54,255,1431.630,838.111
3755,47,255,175.521,838.989
3756,31,255,355.532,838.081
3757,100,255,418.110,840.020
3758,63,255,447.071,838.548
3759,64,255,511.266,839.688
3760,51,255,1403.049,838.657
3761,107,255,153.715,841.528
3762,57,255,294.623,839.728
3763,36,255,780.333,839.667
3764,41,255,787.183,839.622
3765,40,255,798.450,839.575
3766,84,255,1501.167,841.095
3767,52,255,253.288,840.423
3768,47,255,1005.436,841.606
3769,49,255,1147.092,840.378
3770,43,255,1165.616,840.500
3771,54,255,1195.204,842.148
3772,60,255,1440.000,842.317
3773,126,255,1525.881,843.071
3774,94,255,1541.691,843.436
3775,73,255,132.089,842.733
3776,44,255,398.659,841.727
3777,48,255,569.979,841.854
3778,32,255,957.469,840.500
3779,33,255,1176.348,841.500
3780,50,255,20.320,842.380
3781,37,255,74.581,841.959
3782,61,255,430.205,843.615
3783,111,255,1293.005,846.707
3784,74,255,386.770,845.068
3785,34,255,811.765,843.382
3786,63,255,839.151,844.119
3787,46,255,938.870,843.391
3788,37,255,1184.392,844.230
3789,134,255,91.239,847.963
3790,23,255,209.891,843.848
3791,50,255,1228.520,844.640
3792,50,255,1421.040,845.500
3793,105,255,471.586,847.976
3794,114,255,554.360,846.018
3795,88,255,712.568,848.943
3796,35,255,725.614,844.671
3797,52,255,867.019,846.038
3798,123,255,988.744,846.012
3799,124,255,1061.379,847.944
3800,63,255,1465.198,847.183
3801,47,255,1554.947,845.649
3802,66,255,524.470,847.742
3803,71,255,1018.641,848.599
3804,73,255,1031.705,847.938
3805,91,255,1308.423,849.896
3806,48,255,1401.438,846.500
3807,84,255,1483.095,848.071
3808,118,255,45.932,848.932
3809,104,255,314.885,848.981
3810,76,255,664.197,848.921
3811,56,255,856.304,848.179
3812,55,255,232.773,849.173
3813,45,255,451.322,848.633
3814,70,255,621.243,849.643
3815,57,255,690.079,849.009
3816,53,255,899.575,849.009
3817,179,255,1093.159,852.595
3818,52,255,1240.000,849.250
3819,35,255,1248.443,848.157
3820,52,255,298.115,850.077
3821,51,255,410.304,850.284
3822,92,255,598.228,851.500
3823,80,255,652.000,850.562
3824,63,255,766.516,850.040
3825,67,255,882.545,850.649
3826,50,255,955.580,849.280
3827,33,255,1114.530,849.318
3828,49,255,107.684,850.684
3829,43,255,286.919,851.012
3830,51,255,1042.853,851.598
3831,70,255,349.357,853.871
3832,49,255,505.520,852.235
3833,84,255,1077.964,857.405
3834,33,255,1349.985,852.409
3835,67,255,176.530,855.007
3836,29,255,482.293,853.914
3837,52,255,492.442,853.673
3838,23,255,570.065,852.587
3839,68,255,1206.897,854.118
3840,34,255,1341.000,853.676
3841,69,255,1557.587,854.239
3842,118,255,251.144,856.814
3843,65,255,378.531,855.300
3844,129,255,962.864,858.709
3845,114,255,1119.395,858.404
3846,70,255,1225.957,855.571
3847,75,255,1395.660,856.620
3848,64,255,113.406,856.391
3849,55,255,190.555,856.045
3850,99,255,206.934,857.813
3851,96,255,461.906,857.250
3852,54,255,1163.648,856.556
3853,84,255,1272.702,856.952
3854,66,255,1498.455,856.621
3855,30,255,1579.833,854.900
3856,55,255,2.009,859.755
3857,67,255,779.306,857.022
3858,59,255,1330.280,857.195
3859,94,255,1361.213,858.436
3860,59,255,26.890,857.958
3861,20,255,62.550,856.150
3862,57,255,532.623,857.763
3863,35,255,1156.129,857.271
3864,105,255,1258.148,860.081
3865,106,255,41.415,860.547
3866,37,255,162.797,858.338
3867,110,255,425.445,861.464
3868,86,255,798.023,859.430
3869,106,255,814.651,860.283
3870,68,255,923.000,859.000
3871,105,255,1462.138,861.376
3872,96,255,154.135,862.177
3873,53,255,362.726,860.425
3874,48,255,510.188,860.271
3875,57,255,692.693,859.833
3876,36,255,703.722,860.694
3877,29,255,902.672,858.466
3878,157,255,992.844,861.156
3879,53,255,1011.651,859.481
3880,89,255,1105.253,861.792
3881,96,255,1243.115,861.375
3882,105,255,1379.833,860.186
3883,111,255,139.122,861.878
3884,65,255,521.623,861.700
3885,67,255,643.291,860.858
3886,49,255,738.622,861.684
3887,147,255,833.412,862.997
3888,64,255,1069.969,861.938
3889,21,255,1451.214,860.071
3890,30,255,1584.100,860.267
3891,71,255,292.739,861.613
3892,71,255,340.768,862.627
3893,54,255,587.463,861.444
3894,53,255,728.330,862.330
3895,38,255,1037.711,861.211
3896,63,255,1412.786,862.500
3897,62,255,1427.468,862.258
3898,108,255,223.176,863.852
3899,59,255,498.280,862.992
3900,63,255,851.865,863.484
3901,36,255,1194.639,862.111
3902,98,255,1515.133,863.480
3903,41,255,10.305,864.402
3904,66,255,102.545,864.621
3905,34,255,559.853,863.559
3906,140,255,714.279,867.400
3907,95,255,1056.795,865.395
3908,22,255,1214.955,863.955
3909,76,255,1531.724,864.579
3910,59,255,74.517,865.144
3911,64,255,86.500,865.000
3912,119,255,395.954,869.130
3913,43,255,1203.709,864.151
3914,89,255,1288.949,865.601
3915,61,255,480.057,865.746
3916,77,255,573.279,866.292
3917,141,255,873.372,870.479
3918,74,255,1138.270,866.108
3919,50,255,1342.460,866.300
3920,109,255,409.050,869.124
3921,52,255,749.673,866.462
3922,81,255,899.685,868.241
3923,63,255,1352.437,869.421
3924,22,255,311.909,866.136
3925,66,255,670.485,869.258
3926,78,255,697.295,870.167
3927,42,255,347.000,871.000
3928,48,255,544.750,870.521
3929,83,255,605.078,870.922
3930,27,255,790.722,868.537
3931,45,255,652.878,870.789
3932,93,255,732.274,872.199
3933,121,255,1579.426,871.426
3934,32,255,24.906,870.938
3935,104,255,199.394,875.135
3936,104,255,264.394,875.250
3937,136,255,358.912,877.206
3938,66,255,444.561,872.530
3939,49,255,535.133,872.010
3940,30,255,614.133,871.133
3941,38,255,890.711,871.474
3942,55,255,1187.918,871.536
3943,61,255,1381.221,873.270
3944,128,255,1388.641,876.227
3945,63,255,1430.437,872.151
3946,92,255,249.870,874.870
3947,33,255,324.167,873.136
3948,67,255,682.007,873.828
3949,140,255,1039.607,873.993
3950,43,255,1224.640,872.709
3951,31,255,1597.887,873.048
3952,45,255,334.211,874.144
3953,48,255,496.667,873.750
3954,63,255,507.897,874.500
3955,61,255,764.893,875.156
3956,49,255,777.092,873.663
3957,61,255,950.320,874.008
3958,115,255,1071.126,875.543
3959,81,255,1274.290,874.167
3960,90,255,1311.022,874.989
3961,119,255,1555.105,876.550
3962,129,255,183.074,877.422
3963,85,255,1209.112,875.712
3964,80,255,820.475,877.175
3965,74,255,976.973,876.473
3966,109,255,1012.986,876.381
3967,68,255,31.794,879.809
3968,161,255,648.618,879.183
3969,39,255,963.910,875.885
3970,73,255,994.404,877.774
3971,94,255,1165.085,878.787
3972,42,255,1368.119,876.548
3973,39,255,1403.269,876.038
3974,70,255,1533.929,878.643
3975,37,255,65.824,877.581
3976,70,255,218.371,878.371
3977,146,255,568.144,879.699
3978,38,255,1252.632,877.605
3979,76,255,1493.605,878.421
3980,25,255,1542.580,877.220
3981,63,255,124.008,878.770
3982,93,255,304.661,880.661
3983,74,255,372.500,880.000
3984,95,255,383.974,881.963
3985,60,255,459.217,879.183
3986,52,255,832.962,878.442
3987,67,255,1152.231,880.157
3988,28,255,1239.714,877.714
3989,62,255,230.565,880.242
3990,71,255,288.824,881.035
3991,83,255,491.584,881.223
3992,68,255,845.647,880.662
3993,78,255,1113.346,880.974
3994,29,255,14.293,880.741
3995,56,255,155.911,883.286
3996,84,255,279.393,882.964
3997,50,255,527.080,880.380
3998,41,255,632.207,880.207
3999,45,255,783.833,880.056
4000,63,255,43.262,882.183
4001,58,255,146.931,882.121
4002,52,255,544.462,881.269
4003,50,255,612.240,881.480
4004,85,255,797.876,882.924
4005,48,255,810.479,882.125
4006,60,255,1466.400,882.200
4007,85,255,1515.300,882.359
4008,63,255,346.944,882.722
4009,33,255,748.439,881.803
4010,112,255,1095.402,883.518
4011,49,255,1336.071,882.194
4012,34,255,698.000,882.941
4013,56,255,770.518,884.304
4014,155,255,1575.281,888.087
4015,58,255,4.224,886.086
4016,92,255,57.087,886.065
4017,65,255,468.638,886.008
4018,88,255,735.966,885.375
4019,71,255,877.500,885.585
4020,62,255,895.468,885.097
4021,63,255,940.183,886.357
4022,93,255,955.349,886.360
4023,42,255,1360.095,885.143
4024,53,255,753.896,886.349
4025,43,255,1040.221,884.453
4026,60,255,1304.933,885.600
4027,58,255,23.621,887.448
4028,95,255,86.289,887.058
4029,70,255,318.357,887.457
4030,29,255,451.086,886.017
4031,36,255,706.667,886.972
4032,87,255,1135.408,888.776
4033,67,255,1197.187,887.007
4034,28,255,1417.286,886.071
4035,22,255,1585.818,885.500
4036,21,255,212.071,887.214
4037,101,255,673.837,889.421
4038,68,255,1059.941,889.662
4039,26,255,1314.846,885.962
4040,80,255,1540.737,888.888
4041,89,255,1552.590,889.601
4042,26,255,628.154,887.654
4043,115,255,912.317,892.230
4044,77,255,978.097,888.903
4045,78,255,1017.051,889.410
4046,43,255,1259.826,888.756
4047,39,255,1597.756,889.500
4048,88,255,435.795,890.580
4049,65,255,480.915,890.008
4050,80,255,829.050,889.675
4051,53,255,1003.764,889.726
4052,31,255,1113.726,888.694
4053,116,255,1428.655,893.026
4054,116,255,260.991,893.078
4055,25,255,660.700,890.060
4056,71,255,1068.387,892.049
4057,38,255,1347.105,889.816
4058,29,255,393.879,891.017
4059,82,255,415.415,893.244
4060,111,255,1486.518,894.491
4061,66,255,113.606,894.182
4062,41,255,124.573,892.720
4063,89,255,246.680,894.376
4064,38,255,496.658,892.342
4065,58,255,924.569,892.948
4066,49,255,364.480,893.622
4067,138,255,515.167,897.326
4068,59,255,1404.364,893.551
4069,87,255,696.776,896.695
4070,50,255,1092.380,894.420
4071,54,255,1456.833,896.333
4072,101,255,778.896,897.233
4073,85,255,893.841,896.371
4074,57,255,1269.009,896.307
4075,48,255,1327.979,895.792
4076,83,255,28.343,898.259
4077,132,255,136.356,898.689
4078,65,255,351.023,897.315
4079,23,255,456.500,895.500
4080,69,255,641.094,896.935
4081,132,255,800.530,899.841
4082,107,255,1183.780,899.192
4083,94,255,278.160,899.574
4084,50,255,382.620,898.160
4085,86,255,550.349,900.930
4086,37,255,706.959,897.419
4087,111,255,741.320,903.320
4088,20,255,754.000,896.000
4089,96,255,847.990,899.927
4090,77,255,1225.604,898.461
4091,62,255,1290.919,897.790
4092,29,255,1413.155,897.052
4093,44,255,97.091,898.182
4094,57,255,391.096,898.342
4095,79,255,437.867,899.386
4096,33,255,880.530,897.924
4097,159,255,1159.575,902.091
4098,87,255,1249.776,899.247
4099,75,255,50.700,900.700
4100,48,255,150.250,900.396
4101,35,255,475.071,898.900
4102,74,255,563.446,900.824
4103,89,255,603.017,901.096
4104,44,255,626.955,899.818
4105,42,255,731.690,899.643
4106,85,255,968.559,901.253
4107,41,255,1011.988,898.646
4108,111,255,1206.032,900.464
4109,20,255,1589.200,898.000
4110,130,255,179.831,901.831
4111,42,255,289.905,900.857
4112,100,255,320.070,902.530
4113,78,255,670.077,901.282
4114,33,255,825.379,899.045
4115,81,255,954.611,900.821
4116,116,255,983.560,903.095
4117,94,255,1027.511,903.043
4118,39,255,1334.962,900.628
4119,56,255,1505.625,901.054
4120,34,255,158.147,901.324
4121,62,255,422.516,902.516
4122,51,255,466.245,902.539
4123,40,255,618.175,900.950
4124,69,255,302.993,903.543
4125,32,255,495.594,902.250
4126,46,255,1438.522,903.674
4127,48,255,1574.938,902.917
4128,30,255,107.600,903.800
4129,59,255,756.042,904.686
4130,93,255,1318.156,904.532
4131,46,255,1372.522,903.761
4132,88,255,73.716,906.784
4133,69,255,647.601,905.935
4134,33,255,659.591,904.712
4135,42,255,995.548,905.357
4136,29,255,221.328,905.259
4137,111,255,242.734,907.347
4138,81,255,262.278,907.698
4139,76,255,362.605,906.461
4140,101,255,1101.569,908.183
4141,57,255,1341.886,905.675
4142,178,255,1530.028,909.663
4143,78,255,203.705,907.974
4144,80,255,872.250,907.888
4145,69,255,1014.978,907.616
4146,36,255,1123.000,906.167
4147,55,255,1237.900,907.755
4148,76,255,587.592,908.513
4149,103,255,1269.141,909.782
4150,87,255,1402.983,908.707
4151,55,255,1481.773,906.882
4152,97,255,1513.438,910.820
4153,44,255,37.136,908.568
4154,26,255,785.346,907.615
4155,78,255,855.564,910.038
4156,40,255,928.525,908.350
4157,23,255,1309.283,908.152
4158,71,255,1361.669,909.852
4159,35,255,1570.100,908.814
4160,64,255,93.312,910.953
4161,56,255,724.571,909.536
4162,69,255,820.558,910.007
4163,65,255,831.946,909.315
4164,32,255,917.969,909.156
4165,28,255,1194.571,909.571
4166,65,255,1253.731,909.423
4167,26,255,14.000,909.923
4168,29,255,341.190,909.776
4169,26,255,567.615,909.462
4170,62,255,766.355,910.371
4171,82,255,1418.354,912.122
4172,42,255,954.214,910.595
4173,110,255,57.700,914.309
4174,78,255,391.064,914.705
4175,63,255,526.246,913.770
4176,88,255,1290.886,914.739
4177,51,255,1376.578,912.598
4178,98,255,1430.010,916.367
4179,109,255,1548.913,915.115
4180,113,255,116.650,915.518
4181,105,255,151.205,915.443
4182,55,255,183.609,913.827
4183,142,255,213.592,918.937
4184,56,255,423.786,913.357
4185,173,255,467.350,918.488
4186,41,255,1107.378,913.646
4187,118,255,1210.907,914.932
4188,54,255,1503.778,914.185
4189,73,255,1581.226,914.692
4190,92,255,353.804,916.250
4191,101,255,629.965,916.639
4192,63,255,1137.119,915.929
4193,78,255,3.564,918.103
4194,46,255,304.565,915.391
4195,36,255,571.333,914.667
4196,45,255,597.056,915.633
4197,60,255,1044.933,915.850
4198,29,255,1069.086,915.224
4199,50,255,1123.280,916.280
4200,83,255,1299.777,918.139
4201,22,255,1450.955,915.091
4202,40,255,104.550,917.150
4203,71,255,377.979,917.514
4204,89,255,538.062,917.916
4205,61,255,556.484,916.631
4206,95,255,743.058,918.132
4207,123,255,893.370,919.012
4208,25,255,1023.940,915.420
4209,72,255,1148.111,917.722
4210,43,255,1328.384,916.942
4211,99,255,1459.389,918.975
4212,40,255,433.800,917.525
4213,41,255,839.427,917.598
4214,55,255,25.445,919.882
4215,40,255,675.725,918.175
4216,43,255,694.174,918.081
4217,41,255,917.280,918.573
4218,59,255,994.449,918.517
4219,90,255,1011.833,919.889
4220,55,255,1335.827,919.082
4221,79,255,230.475,921.095
4222,79,255,327.297,920.411
4223,68,255,710.500,920.000
4224,44,255,727.000,918.886
4225,83,255,948.440,920.801
4226,62,255,1082.387,920.032
4227,100,255,1246.760,920.650
4228,48,255,1402.625,919.562
4229,47,255,313.138,920.691
4230,65,255,444.438,921.454
4231,92,255,665.891,922.663
4232,81,255,932.290,921.426
4233,55,255,973.845,921.027
4234,33,255,1346.379,921.227
4235,68,255,292.544,923.250
4236,62,255,586.194,923.000
4237,48,255,613.917,921.979
4238,99,255,766.237,921.854
4239,98,255,792.551,922.571
4240,51,255,858.363,921.520
4241,104,255,1058.250,923.846
4242,24,255,1274.083,920.167
4243,78,255,1477.397,922.538
4244,75,255,76.260,923.513
4245,79,255,686.589,924.551
4246,67,255,1365.112,923.157
4247,47,255,1446.245,922.245
4248,33,255,1561.227,922.348
4249,110,255,648.164,925.627
4250,54,255,1378.611,924.000
4251,57,255,1389.904,924.430
4252,67,255,1535.306,924.724
4253,42,255,601.571,923.952
4254,49,255,1160.255,925.357
4255,80,255,1175.287,925.788
4256,33,255,1321.652,924.197
4257,90,255,173.856,927.633
4258,41,255,186.866,926.012
4259,106,255,421.142,926.764
4260,127,255,505.138,928.925
4261,50,255,197.560,927.580
4262,103,255,260.413,928.218
4263,69,255,831.891,927.022
4264,56,255,1000.179,926.696
4265,79,255,139.943,929.487
4266,43,255,1193.547,927.895
4267,40,255,1202.475,927.525
4268,122,255,1223.197,928.139
4269,57,255,1415.482,927.763
4270,69,255,1495.268,928.486
4271,56,255,402.107,928.643
4272,90,255,902.833,929.867
4273,84,255,953.798,931.798
4274,42,255,1551.548,928.571
4275,41,255,1569.646,928.573
4276,66,255,120.500,930.000
4277,68,255,281.529,931.191
4278,106,255,522.830,932.226
4279,111,255,556.914,932.545
4280,56,255,622.286,929.786
4281,105,255,777.881,931.805
4282,24,255,964.083,929.042
4283,97,255,1520.964,930.861
4284,98,255,816.327,932.378
4285,51,255,1096.186,930.990
4286,67,255,1442.485,932.784
4287,94,255,311.191,931.713
4288,46,255,387.087,932.022
4289,92,255,700.891,932.674
4290,116,255,798.112,933.371
4291,103,255,1106.257,935.092
4292,116,255,1127.526,932.862
4293,73,255,1147.062,932.103
4294,49,255,1274.439,931.622
4295,47,255,1586.096,932.160
4296,44,255,158.909,935.227
4297,95,255,437.447,933.679
4298,143,255,464.731,936.885
4299,29,255,611.155,931.879
4300,37,255,716.068,931.527
4301,102,255,1083.206,936.137
4302,52,255,1304.173,932.577
4303,99,255,99.177,935.449
4304,55,255,235.009,934.245
4305,44,255,590.886,933.205
4306,94,255,749.840,934.872
4307,26,255,1182.115,932.654
4308,27,255,27.352,934.500
4309,83,255,41.114,936.355
4310,35,255,351.157,933.986
4311,21,255,763.500,933.500
4312,51,255,834.833,934.912
4313,55,255,1291.318,934.900
4314,65,255,3.715,936.838
4315,42,255,569.167,935.595
4316,89,255,858.140,936.275
4317,68,255,890.632,937.294
4318,53,255,1017.972,935.840
4319,64,255,535.453,937.609
4320,98,255,928.622,938.459
4321,85,255,1002.853,937.441
4322,78,255,167.513,938.705
4323,125,255,214.108,939.020
4324,89,255,909.455,939.365
4325,80,255,1056.775,938.200
4326,57,255,1375.921,937.518
4327,79,255,1394.310,939.044
4328,77,255,54.318,940.747
4329,52,255,339.308,938.904
4330,67,255,381.813,939.978
4331,88,255,666.886,939.602
4332,37,255,681.743,938.149
4333,72,255,87.806,940.917
4334,95,255,145.489,941.111
4335,119,255,72.651,942.912
4336,43,255,198.128,940.105
4337,40,255,450.200,941.450
4338,64,255,1434.828,941.359
4339,109,255,264.142,944.463
4340,85,255,357.124,942.065
4341,38,255,400.132,940.974
4342,73,255,509.295,942.418
4343,80,255,651.612,943.375
4344,42,255,692.548,940.762
4345,77,255,1494.110,942.604
4346,52,255,312.212,942.750
4347,140,255,732.936,946.314
4348,22,255,1072.727,941.773
4349,27,255,1092.833,942.389
4350,66,255,1191.909,943.106
4351,109,255,1246.922,943.472
4352,53,255,1289.406,942.500
4353,70,255,1317.286,943.429
4354,39,255,1472.346,942.064
4355,37,255,1482.824,942.446
4356,71,255,1517.768,943.401
4357,36,255,367.194,943.000
4358,58,255,493.517,943.586
4359,104,255,601.135,946.087
4360,30,255,626.133,943.333
4361,75,255,709.207,943.807
4362,61,255,970.008,943.877
4363,107,255,1042.603,945.874
4364,42,255,1411.071,943.119
4365,73,255,1450.432,944.500
4366,133,255,244.320,946.989
4367,49,255,301.010,945.418
4368,100,255,1132.680,946.130
4369,92,255,1211.837,946.457
4370,84,255,1265.036,945.750
4371,53,255,831.047,945.443
4372,92,255,1530.609,946.913
4373,59,255,25.805,946.856
4374,42,255,429.690,945.905
4375,64,255,925.641,946.781
4376,63,255,1545.437,946.976
4377,76,255,9.079,948.671
4378,48,255,856.812,947.521
4379,127,255,877.035,949.689
4380,78,255,1010.038,947.821
4381,99,255,1558.510,949.520
4382,62,255,1587.500,948.226
4383,91,255,767.764,949.379
4384,157,255,1162.213,951.908
4385,83,255,1296.584,952.247
4386,70,255,403.100,950.043
4387,59,255,441.042,951.636
4388,94,255,554.500,952.170
4389,45,255,1197.322,951.589
4390,39,255,1415.987,950.372
4391,29,255,1571.086,950.155
4392,39,255,390.808,952.013
4393,88,255,590.091,954.636
4394,70,255,1475.086,952.929
4395,134,255,85.604,955.679
4396,45,255,132.300,952.611
4397,103,255,352.956,954.393
4398,28,255,450.393,951.821
4399,62,255,486.774,953.210
4400,80,255,900.288,957.163
4401,54,255,1103.685,953.167
4402,67,255,1354.351,953.112
4403,35,255,1485.729,951.929
4404,96,255,216.125,955.073
4405,58,255,472.517,954.086
4406,44,255,509.591,952.455
4407,31,255,626.403,953.435
4408,73,255,794.185,954.048
4409,70,255,1186.386,953.971
4410,30,255,1453.767,952.800
4411,124,255,534.065,956.766
4412,41,255,568.915,954.061
4413,39,255,988.321,954.449
4414,125,255,1065.324,956.260
4415,25,255,1390.900,953.260
4416,50,255,679.940,956.700
4417,76,255,946.013,956.013
4418,99,255,1439.581,957.571
4419,95,255,21.511,958.732
4420,72,255,55.250,957.167
4421,55,255,321.755,957.173
4422,118,255,1522.000,958.729
4423,62,255,153.000,958.694
4424,56,255,605.821,957.393
4425,83,255,1404.934,959.235
4426,62,255,331.419,959.629
4427,35,255,515.129,957.929
4428,24,255,1033.667,957.625
4429,71,255,1383.627,960.176
4430,60,255,1424.250,960.050
4431,21,255,122.643,958.310
4432,55,255,133.155,960.355
4433,55,255,299.009,959.464
4434,52,255,859.731,961.154
4435,136,255,1209.301,962.838
4436,46,255,40.783,961.043
4437,131,255,197.027,962.042
4438,46,255,411.652,960.087
4439,46,255,711.304,960.239
4440,64,255,1341.516,960.438
4441,79,255,180.158,962.854
4442,100,255,286.080,963.530
4443,73,255,384.897,961.952
4444,66,255,397.485,962.212
4445,57,255,1561.272,961.623
4446,57,255,96.728,963.009
4447,22,255,162.091,961.545
4448,156,255,270.686,967.378
4449,66,255,925.576,962.818
4450,113,255,1096.544,967.155
4451,28,255,1394.464,962.750
4452,67,255,1581.754,963.590
4453,28,255,551.607,962.429
4454,44,255,626.409,963.682
4455,57,255,724.377,964.482
4456,93,255,1123.715,964.833
4457,46,255,1366.500,963.304
4458,54,255,343.981,964.907
4459,67,255,487.709,965.187
4460,94,255,689.340,966.000
4461,57,255,1003.605,965.026
4462,61,255,1179.090,965.270
4463,44,255,1240.068,964.250
4464,77,255,1483.838,965.097
4465,60,255,58.750,965.417
4466,70,255,112.786,967.286
4467,45,255,240.633,965.944
4468,96,255,566.344,967.177
4469,66,255,760.848,966.682
4470,62,255,847.355,965.887
4471,44,255,1048.114,966.795
4472,67,255,1258.112,967.545
4473,120,255,1305.458,967.292
4474,80,255,1324.737,966.875
4475,90,255,11.500,967.589
4476,78,255,224.038,968.103
4477,42,255,250.429,966.857
4478,55,255,355.973,966.609
4479,85,255,774.771,968.676
4480,49,255,1453.500,966.500
4481,55,255,68.936,967.845
4482,132,255,455.644,970.303
4483,44,255,508.864,967.341
4484,72,255,674.236,968.264
4485,130,255,737.985,969.577
4486,35,255,801.729,967.271
4487,31,255,909.113,967.177
4488,49,255,1031.214,967.847
4489,93,255,1510.511,970.661
4490,30,255,125.633,968.400
4491,58,255,590.207,969.724
4492,21,255,752.071,968.119
4493,22,255,788.545,967.682
4494,54,255,1349.481,969.333
4495,52,255,155.327,969.404
4496,58,255,419.172,969.672
4497,51,255,578.265,969.284
4498,29,255,1055.052,969.086
4499,88,255,1077.591,970.716
4500,71,255,1159.077,969.204
4501,143,255,607.983,972.745
4502,41,255,1490.573,971.549
4503,43,255,88.151,972.012
4504,33,255,1358.924,971.833
4505,77,255,646.890,973.097
4506,128,255,661.586,977.344
4507,43,255,1172.267,972.849
4508,23,255,1368.978,971.239
4509,102,255,1429.020,974.049
4510,77,255,27.149,974.162
4511,33,255,257.985,974.015
4512,110,255,308.482,974.982
4513,34,255,329.206,973.529
4514,57,255,495.921,974.219
4515,40,255,624.025,972.425
4516,27,255,1295.611,973.056
4517,68,255,341.779,976.559
4518,44,255,437.909,974.636
4519,90,255,1220.000,976.389
4520,142,255,1239.824,978.021
4521,58,255,1585.707,975.121
4522,25,255,140.420,974.580
4523,42,255,374.381,975.857
4524,59,255,426.432,976.636
4525,38,255,928.947,975.105
4526,67,255,1551.485,976.381
4527,81,255,236.364,977.179
4528,54,255,291.352,977.241
4529,69,255,392.152,976.297
4530,35,255,1207.557,976.071
4531,102,255,1316.225,978.627
4532,45,255,1.922,979.878
4533,30,255,149.867,977.233
4534,78,255,60.462,979.923
4535,47,255,125.968,978.691
4536,47,255,215.691,978.415
4537,105,255,678.338,980.043
4538,60,255,943.000,978.500
4539,61,255,99.648,980.074
4540,21,255,825.500,978.500
4541,47,255,983.351,979.181
4542,132,255,1530.106,983.962
4543,28,255,892.143,980.321
4544,27,255,956.019,980.278
4545,28,255,1114.143,979.821
4546,126,255,1365.230,982.778
4547,116,255,1477.172,982.552
4548,27,255,18.833,981.870
4549,80,255,171.875,981.975
4550,57,255,192.658,981.921
4551,104,255,410.096,983.856
4552,123,255,969.248,983.817
4553,39,255,1305.859,981.859
4554,29,255,1516.914,980.983
4555,44,255,146.091,982.909
4556,45,255,552.567,982.122
4557,39,255,1258.577,981.936
4558,54,255,87.815,983.722
4559,37,255,768.041,982.689
4560,99,255,1096.702,987.116
4561,33,255,1269.288,983.045
4562,42,255,1571.738,984.714
4563,29,255,1583.259,982.845
4564,63,255,202.563,986.198
4565,37,255,365.041,984.581
4566,59,255,786.517,984.924
4567,48,255,1393.521,984.250
4568,54,255,1426.167,984.222
4569,82,255,228.463,987.500
4570,78,255,376.526,985.795
4571,48,255,699.104,985.500
4572,82,255,713.524,985.671
4573,86,255,818.337,987.244
4574,104,255,843.808,986.471
4575,21,255,989.119,984.881
4576,44,255,1465.386,986.023
4577,77,255,48.682,987.565
4578,113,255,515.296,989.004
4579,35,255,645.900,986.929
4580,37,255,1124.122,985.986
4581,51,255,1379.735,987.147
4582,45,255,1445.567,986.900
4583,27,255,423.648,986.722
4584,136,255,450.316,990.831
4585,34,255,586.618,986.559
4586,106,255,614.311,990.236
4587,30,255,1140.600,986.467
4588,63,255,1174.183,987.690
4589,75,255,1337.807,989.873
4590,67,255,1556.799,988.933
4591,69,255,78.703,989.442
4592,74,255,138.311,990.014
4593,44,255,464.227,988.477
4594,58,255,1545.207,988.983
4595,34,255,21.176,990.324
4596,44,255,398.227,989.523
4597,77,255,732.292,990.851
4598,42,255,803.310,989.024
4599,45,255,885.056,989.656
4600,40,255,951.250,989.425
4601,58,255,31.500,991.241
4602,73,255,120.664,991.938
4603,64,255,214.734,991.828
4604,92,255,272.696,991.728
4605,29,255,310.914,989.948
4606,60,255,569.533,991.633
4607,83,255,1044.247,992.054
4608,114,255,1070.737,991.877
4609,76,255,1110.263,992.750
4610,47,255,1514.500,990.330
4611,64,255,187.266,991.562
4612,51,255,489.696,992.127
4613,66,255,173.242,993.288
4614,58,255,602.241,993.914
4615,53,255,865.557,994.481
4616,39,255,1200.859,992.218
4617,92,255,1449.663,995.663
4618,88,255,106.011,994.125
4619,81,255,161.105,995.475
4620,44,255,627.705,993.659
4621,75,255,676.593,994.140
4622,92,255,931.989,995.152
4623,48,255,1212.458,993.667
4624,71,255,1431.415,994.880
4625,24,255,303.208,993.458
4626,76,255,333.092,996.974
4627,20,255,480.550,993.400
4628,48,255,873.646,994.500
4629,64,255,1265.562,994.812
4630,91,255,1411.236,996.423
4631,68,255,1583.294,994.809
4632,42,255,1597.381,995.595
4633,34,255,2.206,996.000
4634,50,255,259.860,996.640
4635,139,255,419.299,997.673
4636,52,255,657.481,996.423
4637,52,255,748.173,996.000
4638,78,255,896.244,995.987
4639,34,255,972.353,994.500
4640,69,255,983.355,996.065
4641,88,255,95.000,999.216
4642,132,255,371.008,998.598
4643,46,255,717.761,996.870
4644,21,255,1127.500,995.357
4645,90,255,1224.022,997.833
4646,55,255,1280.100,997.609
4647,31,255,737.629,997.500
4648,56,255,1192.250,997.446
4649,48,255,1304.333,997.958
4650,45,255,343.789,998.256
4651,47,255,1005.989,998.543
4652,28,255,1324.214,997.857
4653,57,255,557.430,999.798
4654,46,255,772.543,1000.413
4655,43,255,1166.244,999.709
4656,38,255,1290.895,998.974
4657,90,255,1471.178,1001.300
4658,72,255,47.542,1001.444
4659,68,255,318.882,1000.324
4660,50,255,645.160,1000.540
4661,34,255,760.206,1000.000
4662,48,255,786.688,1000.625
4663,32,255,994.656,999.875
4664,38,255,1314.184,1000.211
4665,108,255,1516.176,1001.889
4666,111,255,1553.797,1003.014
4667,101,255,130.272,1003.064
4668,25,255,357.100,1000.540
4669,35,255,815.414,1000.957
4670,42,255,1094.857,1000.905
4671,127,255,1537.941,1003.232
4672,32,255,57.875,1002.000
4673,36,255,672.861,1001.778
4674,50,255,1374.320,1002.740
4675,29,255,81.155,1002.776
4676,37,255,728.689,1003.230
4677,20,255,1156.000,1003.000
4678,45,255,1237.456,1003.344
4679,49,255,1245.622,1004.296
4680,53,255,280.953,1004.953
4681,61,255,1061.762,1004.664
4682,59,255,1425.398,1004.585
4683,41,255,484.207,1004.963
4684,49,255,1330.255,1004.867
4685,26,255,1341.846,1004.500
4686,59,255,1397.212,1005.839
4687,49,255,1484.173,1005.541
4688,106,255,1498.340,1006.887
4689,120,255,16.158,1008.958
4690,51,255,178.147,1006.814
4691,37,255,264.932,1006.203
4692,24,255,347.500,1005.000
4693,49,255,497.908,1005.969
4694,44,255,843.432,1007.250
4695,35,255,889.186,1005.757
4696,92,255,164.533,1009.022
4697,43,255,323.244,1007.640
4698,65,255,800.254,1007.869
4699,53,255,1003.519,1006.991
4700,41,255,1166.720,1007.671
4701,41,255,223.402,1008.573
4702,51,255,428.088,1008.127
4703,46,255,527.261,1008.978
4704,40,255,712.675,1010.275
4705,90,255,824.511,1011.467
4706,66,255,1192.470,1008.545
4707,94,255,244.713,1010.319
4708,73,255,449.116,1009.925
4709,79,255,611.158,1011.956
4710,63,255,910.627,1009.579
4711,20,255,1216.600,1008.250
4712,149,255,141.446,1012.789
4713,24,255,572.667,1009.875
4714,25,255,704.900,1009.700
4715,42,255,932.786,1010.167
4716,34,255,1578.382,1010.000
4717,33,255,723.530,1010.924
4718,37,255,815.662,1011.905
4719,91,255,1032.291,1014.390
4720,24,255,1039.750,1010.208
4721,37,255,1052.419,1011.338
4722,27,255,1256.093,1010.537
4723,40,255,1294.300,1011.575
4724,35,255,1316.443,1010.700
4725,102,255,1567.069,1013.284
4726,112,255,58.170,1014.554
4727,58,255,79.690,1012.448
4728,85,255,272.112,1013.829
4729,47,255,364.287,1013.245
4730,45,255,861.256,1012.056
4731,92,255,877.511,1013.989
4732,51,255,1019.304,1012.304
4733,56,255,1065.482,1012.054
4734,59,255,1087.347,1012.500
4735,30,255,1176.367,1011.533
4736,53,255,3.085,1014.330
4737,44,255,353.818,1013.341
4738,36,255,969.333,1012.917
4739,68,255,981.588,1013.412
4740,47,255,1116.011,1013.202
4741,88,255,1342.261,1014.511
4742,34,255,1597.794,1014.000
4743,67,255,480.351,1015.037
4744,38,255,836.842,1014.684
4745,23,255,1283.717,1013.370
4746,51,255,1405.069,1014.402
4747,139,255,115.162,1017.335
4748,38,255,342.105,1015.211
4749,58,255,695.897,1016.448
4750,79,255,1129.981,1016.399
4751,87,255,257.190,1017.695
4752,46,255,661.087,1016.087
4753,58,255,780.845,1016.379
4754,61,255,1325.795,1016.762
4755,64,255,1440.719,1017.000
4756,46,255,848.957,1017.848
4757,66,255,1159.121,1018.545
4758,66,255,300.803,1018.621
4759,81,255,540.981,1020.488
4760,55,255,640.391,1017.700
4761,100,255,1003.510,1021.540
4762,32,255,1274.781,1017.938
4763,69,255,169.065,1020.558
4764,79,255,218.892,1021.475
4765,69,255,1147.109,1022.007
4766,70,255,1454.800,1021.571
4767,42,255,1466.143,1018.905
4768,56,255,155.911,1020.571
4769,51,255,911.814,1020.324
4770,40,255,1192.875,1020.600
4771,68,255,1222.824,1021.618
4772,102,255,1356.618,1023.941
4773,71,255,209.585,1024.289
4774,45,255,283.033,1021.856
4775,48,255,404.021,1021.854
4776,58,255,425.207,1021.897
4777,22,255,464.182,1020.409
4778,37,255,922.176,1021.716
4779,69,255,1205.848,1021.862
4780,59,255,1237.975,1023.619
4781,45,255,1286.722,1020.611
4782,57,255,1502.079,1021.921
4783,93,255,190.231,1023.930
4784,20,255,471.250,1021.250
4785,60,255,491.950,1023.167
4786,64,255,589.344,1023.625
4787,79,255,672.487,1024.627
4788,31,255,929.177,1022.855
4789,37,255,1369.365,1022.446
4790,44,255,608.818,1022.432
4791,42,255,745.048,1022.881
4792,32,255,806.781,1023.156
4793,56,255,941.804,1023.107
4794,82,255,965.159,1023.683
4795,33,255,1020.742,1022.470
4796,54,255,1249.741,1023.611
4797,32,255,1557.688,1023.000
4798,77,255,631.539,1025.851
4799,26,255,733.269,1024.308
4800,44,255,761.636,1023.614
4801,85,255,887.665,1026.994
4802,39,255,1401.064,1023.500
4803,116,255,54.776,1027.612
4804,64,255,384.734,1025.828
4805,46,255,574.652,1025.043
4806,39,255,685.603,1025.295
4807,56,255,982.000,1025.500
4808,72,255,1115.347,1026.694
4809,63,255,1512.214,1027.024
4810,61,255,1596.287,1027.746
4811,52,255,361.615,1027.212
4812,37,255,436.959,1025.689
4813,27,255,598.278,1025.796
4814,106,255,871.481,1027.113
4815,45,255,1417.678,1026.678
4816,51,255,1430.069,1026.402
4817,55,255,645.918,1028.718
4818,67,255,707.963,1028.873
4819,34,255,720.912,1027.176
4820,35,255,783.929,1026.443
4821,38,255,1068.316,1026.684
4822,31,255,1077.790,1026.984
4823,26,255,1164.192,1027.154
4824,46,255,1175.478,1027.435
4825,89,255,1543.803,1029.669
4826,65,255,452.546,1029.823
4827,29,255,620.707,1028.741
4828,53,255,655.840,1029.142
4829,46,255,172.587,1030.152
4830,79,255,552.082,1030.272
4831,160,255,32.000,1035.763
4832,54,255,417.296,1031.463
4833,124,255,902.403,1034.653
4834,51,255,1447.637,1031.422
4835,62,255,1565.419,1032.000
4836,33,255,90.833,1031.833
4837,52,255,280.692,1032.212
4838,21,255,312.690,1031.357
4839,60,255,470.817,1034.667
4840,51,255,517.755,1032.480
4841,38,255,772.947,1031.658
4842,68,255,1265.897,1033.559
4843,38,255,305.053,1034.132
4844,59,255,798.008,1033.466
4845,101,255,161.312,1036.025
4846,27,255,216.019,1033.981
4847,39,255,682.628,1034.372
4848,33,255,761.076,1033.742
4849,50,255,1283.740,1034.480
4850,43,255,1531.802,1034.709
4851,51,255,251.461,1035.500
4852,105,255,492.138,1036.005
4853,41,255,749.524,1035.110
4854,36,255,935.861,1034.806
4855,20,255,1160.400,1035.250
4856,33,255,1199.500,1034.500
4857,31,255,1207.984,1034.823
4858,36,255,1463.056,1034.444
4859,55,255,114.773,1039.118
4860,56,255,321.000,1036.643
4861,64,255,393.156,1038.172
4862,46,255,404.022,1036.609
4863,27,255,733.759,1035.574
4864,68,255,1360.265,1038.853
4865,37,255,1369.797,1036.338
4866,51,255,1433.422,1035.598
4867,83,255,1574.801,1037.946
4868,109,255,79.812,1041.060
4869,82,255,231.829,1037.634
4870,36,255,443.417,1037.389
4871,25,255,477.740,1036.460
4872,70,255,620.443,1037.543
4873,38,255,637.816,1037.632
4874,22,255,1112.727,1036.091
4875,73,255,577.870,1039.747
4876,30,255,786.833,1038.067
4877,58,255,8.224,1039.414
4878,37,255,65.230,1039.014
4879,24,255,435.125,1039.458
4880,51,255,1510.343,1039.794
4881,43,255,419.965,1041.012
4882,30,255,429.233,1040.133
4883,27,255,459.648,1039.611
4884,46,255,946.435,1041.087
4885,32,255,1385.344,1039.938
4886,37,255,43.743,1041.176
4887,41,255,93.134,1041.402
4888,35,255,533.157,1041.900
4889,29,255,780.121,1040.707
4890,50,255,993.120,1041.740
4891,68,255,1237.235,1042.132
4892,48,255,1333.417,1040.458
4893,47,255,879.585,1042.947
4894,54,255,1426.796,1044.741
4895,60,255,135.250,1045.083
4896,45,255,144.589,1044.522
4897,32,255,196.000,1042.312
4898,29,255,307.914,1043.086
4899,43,255,374.453,1043.430
4900,58,255,525.017,1044.328
4901,56,255,768.286,1043.107
4902,37,255,954.392,1043.095
4903,49,255,1015.500,1044.867
4904,35,255,1247.043,1043.814
4905,69,255,1350.833,1044.529
4906,39,255,1395.346,1043.218
4907,111,255,1527.536,1045.545
4908,91,255,673.643,1046.918
4909,76,255,1541.855,1045.513
4910,43,255,745.407,1045.663
4911,51,255,965.578,1045.402
4912,134,255,1062.791,1047.485
4913,32,255,1081.656,1045.062
4914,31,255,1310.565,1045.500
4915,55,255,362.736,1046.191
4916,103,255,638.578,1051.374
4917,26,255,657.154,1045.615
4918,21,255,2.690,1046.643
4919,40,255,263.200,1047.775
4920,42,255,505.119,1047.857
4921,69,255,719.848,1048.471
4922,77,255,1098.864,1048.422
4923,58,255,1297.052,1048.345
4924,25,255,1318.060,1046.700
4925,72,255,1595.792,1049.417
4926,58,255,232.259,1048.414
4927,48,255,353.000,1048.500
4928,45,255,492.456,1047.767
4929,34,255,696.559,1048.147
4930,51,255,704.657,1048.598
4931,78,255,1139.987,1050.295
4932,47,255,1166.628,1048.606
4933,78,255,1446.577,1048.910
4934,22,255,1501.000,1047.227
4935,51,255,1567.069,1048.127
4936,99,255,60.561,1050.177
4937,41,255,189.305,1048.451
4938,33,255,477.288,1048.591
4939,27,255,1155.019,1049.056
4940,62,255,1330.226,1049.565
4941,117,255,331.175,1052.910
4942,26,255,589.500,1049.115
4943,55,255,930.809,1049.755
4944,40,255,124.875,1051.350
4945,56,255,605.429,1054.071
4946,48,255,944.958,1050.917
4947,23,255,1191.109,1050.457
4948,55,255,1229.827,1052.245
4949,43,255,1492.547,1051.291
4950,25,255,157.620,1050.940
4951,63,255,413.071,1052.373
4952,44,255,568.750,1053.000
4953,52,255,659.442,1053.558
4954,42,255,768.214,1051.714
4955,51,255,1084.990,1053.833
4956,132,255,539.992,1056.303
4957,80,255,957.650,1055.575
4958,26,255,1458.154,1053.077
4959,67,255,53.216,1056.410
4960,61,255,207.861,1055.320
4961,39,255,253.962,1054.064
4962,78,255,401.744,1055.718
4963,22,255,519.273,1052.909
4964,40,255,1076.075,1054.275
4965,73,255,1248.281,1053.911
4966,56,255,1378.768,1054.643
4967,68,255,725.544,1057.882
4968,58,255,1569.293,1055.397
4969,23,255,13.978,1054.674
4970,86,255,508.663,1060.291
4971,27,255,612.426,1055.648
4972,40,255,649.375,1057.100
4973,43,255,880.709,1057.244
4974,78,255,979.744,1058.808
4975,86,255,1189.872,1058.605
4976,88,255,1475.330,1057.534
4977,83,255,865.151,1059.500
4978,46,255,1045.348,1060.000
4979,42,255,1404.905,1057.690
4980,65,255,1510.377,1057.638
4981,40,255,5.750,1058.800
4982,76,255,82.039,1060.184
4983,84,255,96.131,1060.631
4984,38,255,461.026,1059.211
4985,24,255,1397.750,1057.625
4986,45,255,1418.122,1058.122
4987,56,255,1438.571,1058.179
4988,60,255,282.350,1059.133
4989,26,255,526.192,1059.192
4990,113,255,1352.199,1062.650
4991,41,255,1448.646,1059.476
4992,61,255,192.779,1061.123
4993,35,255,700.671,1060.071
4994,38,255,988.316,1062.079
4995,46,255,1058.674,1060.196
4996,35,255,1261.243,1060.443
4997,64,255,1317.453,1060.078
4998,44,255,1524.614,1059.591
4999,46,255,1593.978,1060.522
5000,101,255,483.649,1064.698
5001,71,255,795.148,1061.345
5002,116,255,827.069,1062.310
5003,73,255,1496.938,1062.952
5004,64,255,27.953,1063.453
5005,32,255,235.344,1061.031
5006,38,255,621.000,1062.184
5007,31,255,935.984,1062.435
5008,34,255,947.118,1062.265
5009,36,255,1536.472,1061.417
5010,51,255,70.559,1064.088
5011,48,255,258.104,1064.479
5012,78,255,356.526,1062.949
5013,63,255,467.786,1066.056
5014,25,255,1024.060,1062.300
5015,29,255,1106.328,1062.603
5016,27,255,1377.833,1062.315
5017,24,255,1180.833,1063.958
5018,64,255,436.516,1065.375
5019,75,255,708.847,1065.193
5020,62,255,925.177,1066.403
5021,42,255,1140.048,1065.190
5022,49,255,1277.684,1067.582
5023,39,255,1576.141,1064.013
5024,41,255,137.451,1065.549
5025,62,255,1079.323,1066.677
5026,69,255,1368.007,1067.036
5027,31,255,421.661,1066.500
5028,32,255,534.500,1066.000
5029,27,255,611.463,1067.722
5030,23,255,629.283,1066.978
5031,36,255,965.694,1066.806
5032,40,255,1505.700,1067.300
5033,50,255,292.700,1067.980
5034,45,255,730.878,1068.811
5035,87,255,1095.902,1069.144
5036,23,255,1217.457,1067.413
5037,39,255,124.885,1068.731
5038,47,255,411.160,1069.032
5039,26,255,840.808,1068.615
5040,35,255,954.214,1069.757
5041,20,255,1286.900,1068.350
5042,44,255,1418.750,1069.568
5043,40,255,1479.050,1070.400
5044,25,255,399.420,1069.580
5045,102,255,550.137,1074.010
5046,62,255,600.823,1070.452
5047,44,255,643.045,1071.955
5048,20,255,1035.000,1069.300
5049,41,255,1053.988,1070.573
5050,31,255,1336.500,1069.403
5051,46,255,1398.413,1069.543
5052,57,255,1432.781,1069.798
5053,52,255,1518.635,1070.923
5054,46,255,571.913,1072.174
5055,58,255,766.138,1072.310
5056,46,255,939.804,1072.130
5057,37,255,1235.770,1071.068
5058,23,255,1327.457,1070.065
5059,32,255,1386.375,1070.500
5060,33,255,254.742,1071.803
5061,20,255,282.100,1071.550
5062,24,255,580.000,1071.375
5063,103,255,1167.655,1073.578
5064,35,255,1243.929,1071.900
5065,50,255,1530.440,1072.460
5066,45,255,1542.967,1072.767
5067,64,255,22.875,1074.000
5068,40,255,88.850,1072.500
5069,70,255,174.329,1073.843
5070,29,255,275.879,1072.362
5071,58,255,1348.655,1074.138
5072,31,255,1575.145,1072.984
5073,126,255,1589.452,1077.214
5074,51,255,13.657,1075.049
5075,31,255,447.952,1073.790
5076,42,255,651.238,1074.429
5077,20,255,718.600,1073.450
5078,42,255,1118.524,1075.167
5079,52,255,130.558,1075.442
5080,44,255,476.136,1076.182
5081,63,255,506.024,1075.167
5082,34,255,988.118,1075.529
5083,45,255,1210.011,1075.589
5084,69,255,1271.587,1076.413
5085,35,255,3.357,1076.386
5086,125,255,103.836,1078.532
5087,160,255,349.675,1081.669
5088,32,255,1135.844,1076.375
5089,32,255,1189.656,1076.594
5090,38,255,1553.632,1076.000
5091,64,255,200.594,1078.688
5092,39,255,612.038,1077.064
5093,43,255,705.756,1076.895
5094,50,255,810.460,1077.280
5095,46,255,852.457,1076.891
5096,58,255,1045.621,1078.586
5097,41,255,1398.402,1077.305
5098,39,255,189.167,1078.577
5099,102,255,332.461,1079.833
5100,37,255,399.014,1079.770
5101,45,255,622.500,1079.211
5102,79,255,976.184,1079.753
5103,41,255,1385.939,1077.646
5104,29,255,1565.155,1077.810
5105,45,255,411.656,1079.011
5106,46,255,582.043,1079.152
5107,31,255,927.661,1079.952
5108,42,255,1126.000,1079.690
5109,23,255,1408.761,1078.457
5110,42,255,156.333,1080.214
5111,46,255,669.696,1081.000
5112,38,255,725.184,1079.974
5113,24,255,755.833,1079.625
5114,42,255,799.833,1080.643
5115,51,255,1331.657,1080.480
5116,25,255,275.340,1080.500
5117,27,255,517.500,1080.722
5118,46,255,32.174,1084.435
5119,52,255,41.596,1082.288
5120,54,255,390.759,1083.333
5121,41,255,695.866,1082.207
5122,51,255,1181.363,1083.225
5123,32,255,1452.531,1082.125
5124,50,255,120.540,1083.580
5125,91,255,463.940,1086.269
5126,26,255,542.077,1083.192
5127,61,255,646.959,1084.074
5128,57,255,1544.447,1082.781
5129,37,255,75.338,1083.365
5130,27,255,678.722,1083.537
5131,41,255,1091.988,1084.232
5132,43,255,1112.174,1084.174
5133,39,255,1315.423,1083.936
5134,30,255,1420.000,1083.000
5135,47,255,176.798,1084.734
5136,23,255,308.109,1083.891
5137,46,255,500.826,1087.391
5138,37,255,596.554,1084.392
5139,33,255,1352.167,1085.439
5140,56,255,63.250,1086.607
5141,44,255,295.091,1086.000
5142,36,255,739.194,1085.444
5143,34,255,893.676,1086.118
5144,86,255,1083.547,1089.221
5145,45,255,1246.167,1086.033
5146,28,255,164.714,1086.286
5147,69,255,567.471,1088.196
5148,45,255,716.389,1087.522
5149,43,255,768.570,1087.942
5150,27,255,1476.093,1087.981
5151,43,255,1485.640,1089.151
5152,104,255,1502.788,1092.038
5153,87,255,1513.236,1091.052
5154,48,255,1566.833,1090.021
5155,50,255,484.020,1089.540
5156,134,255,1270.037,1092.246
5157,47,255,1377.500,1089.628
5158,56,255,19.268,1090.446
5159,24,255,124.250,1089.042
5160,55,255,659.555,1091.627
5161,33,255,1175.833,1090.530
5162,67,255,1526.918,1091.634
5163,72,255,750.264,1091.667
5164,46,255,1334.848,1091.500
5165,47,255,1347.160,1092.096
5166,39,255,1577.269,1090.859
5167,40,255,811.425,1092.125
5168,50,255,936.980,1092.280
5169,35,255,995.243,1092.014
5170,70,255,1148.586,1092.343
5171,67,255,1294.321,1093.157
5172,47,255,93.734,1093.670
5173,60,255,193.950,1093.267
5174,47,255,278.351,1093.096
5175,43,255,372.779,1093.616
5176,46,255,1015.326,1094.543
5177,50,255,1591.140,1093.260
5178,28,255,131.750,1093.536
5179,32,255,166.938,1093.531
5180,74,255,1436.973,1095.595
5181,30,255,85.833,1095.067
5182,37,255,841.041,1094.689
5183,49,255,1028.745,1096.296
5184,35,255,1243.414,1097.243
5185,27,255,416.500,1095.278
5186,51,255,785.775,1097.088
5187,59,255,898.280,1096.449
5188,22,255,983.909,1095.955
5189,34,255,1127.412,1095.324
5190,39,255,72.474,1097.218
5191,52,255,177.385,1097.308
5192,33,255,394.348,1097.136
5193,38,255,718.474,1096.658
5194,53,255,1105.519,1097.311
5195,35,255,1184.786,1097.129
5196,40,255,1321.775,1097.350
5197,41,255,154.841,1097.720
5198,35,255,366.357,1097.871
5199,32,255,379.062,1097.875
5200,49,255,549.643,1097.847
5201,38,255,598.395,1097.711
5202,22,255,734.909,1098.045
5203,50,255,1549.560,1097.700
5204,29,255,106.741,1098.328
5205,39,255,314.808,1098.167
5206,31,255,344.048,1098.468
5207,31,255,428.145,1098.145
5208,29,255,509.914,1098.052
5209,28,255,586.964,1098.286
5210,37,255,683.770,1098.257
5211,26,255,1399.000,1098.269
