 ,Area,Mean,X,Y
1,39,255,532.269,24.628
2,20,255,454.750,27.450
3,68,255,517.706,28.235
4,63,255,545.056,29.405
5,174,255,917.374,32.397
6,84,255,574.964,32.583
7,49,255,611.194,32.969
8,45,255,715.122,29.922
9,70,255,679.129,32.300
10,86,255,699.698,32.151
11,42,255,729.381,32.143
12,49,255,959.337,32.786
13,59,255,467.059,33.466
14,25,255,537.740,33.100
15,75,255,666.113,34.793
16,65,255,738.331,34.715
17,68,255,619.471,35.735
18,95,255,894.889,34.900
19,31,255,602.855,35.274
20,49,255,632.806,36.398
21,95,255,873.553,37.953
22,102,255,969.235,38.353
23,60,255,506.533,36.983
24,42,255,951.881,36.357
25,130,255,520.485,40.446
26,206,255,750.898,41.903
27,144,255,436.625,40.278
28,59,255,480.619,39.924
29,38,255,494.132,38.289
30,87,255,545.477,38.776
31,67,255,577.754,41.366
32,30,255,718.600,37.300
33,69,255,808.442,38.862
34,25,255,979.900,39.700
35,56,255,680.054,40.714
36,50,255,704.380,40.920
37,207,255,1099.345,47.355
38,89,255,646.376,43.545
39,151,255,591.162,46.871
40,67,255,613.828,44.500
41,63,255,464.563,43.802
42,43,255,567.849,44.453
43,53,255,823.613,45.557
44,53,255,855.236,45.745
45,106,255,724.443,47.651
46,67,255,776.709,45.918
47,44,255,987.977,45.068
48,26,255,1041.231,43.808
49,31,255,401.274,45.855
50,43,255,603.802,47.477
51,22,255,624.864,45.591
52,38,255,1029.289,47.421
53,95,255,251.500,51.595
54,57,255,657.868,49.026
55,97,255,919.789,50.046
56,73,255,544.966,49.815
57,85,255,694.571,49.900
58,39,255,713.064,49.628
59,49,255,736.827,49.969
60,24,255,1002.583,48.333
61,26,255,305.538,49.923
62,49,255,430.051,50.622
63,41,255,1071.573,51.378
64,159,255,322.016,54.425
65,69,255,951.123,51.746
66,84,255,1171.071,52.679
67,53,255,842.009,53.066
68,74,255,267.527,55.635
69,23,255,186.152,53.196
70,40,255,240.425,55.300
71,76,255,276.961,58.513
72,33,255,481.500,54.652
73,60,255,890.250,56.217
74,102,255,1003.569,57.598
75,47,255,1368.032,55.755
76,20,255,167.400,56.450
77,21,255,1086.595,58.881
78,150,255,1303.600,63.773
79,110,255,1327.182,60.755
80,78,255,566.192,60.808
81,20,255,746.350,58.350
82,42,255,1033.595,58.833
83,33,255,1060.076,59.167
84,49,255,194.071,60.092
85,22,255,211.955,58.545
86,95,255,756.037,63.132
87,111,255,777.248,63.104
88,83,255,868.994,62.211
89,80,255,1045.188,63.138
90,46,255,176.196,61.522
91,97,255,1271.242,65.119
92,44,255,1410.545,61.273
93,46,255,159.522,62.804
94,49,255,185.806,64.867
95,42,255,229.524,62.405
96,45,255,1068.878,63.567
97,123,255,1097.354,65.419
98,97,255,1115.160,62.820
99,157,255,1284.997,66.939
100,59,255,121.093,64.585
101,85,255,339.641,65.406
102,101,255,1156.520,67.431
103,162,255,1236.142,68.815
104,91,255,1347.599,64.830
105,71,255,452.345,65.430
106,40,255,825.925,64.225
107,129,255,1220.384,66.562
108,40,255,1316.475,65.150
109,40,255,133.800,65.450
110,61,255,1381.139,65.320
111,87,255,1400.155,68.960
112,154,255,70.721,71.409
113,78,255,315.436,67.949
114,53,255,386.972,65.802
115,21,255,852.310,65.881
116,69,255,261.355,70.949
117,41,255,270.963,67.402
118,29,255,835.603,67.810
119,49,255,891.500,66.969
120,77,255,907.201,69.838
121,41,255,1464.402,67.744
122,26,255,648.154,67.923
123,67,255,958.291,69.410
124,32,255,1132.656,69.625
125,44,255,1407.909,69.841
126,94,255,56.734,73.660
127,64,255,86.312,72.688
128,26,255,97.077,70.846
129,50,255,127.540,71.920
130,26,255,298.577,71.115
131,35,255,377.843,71.557
132,35,255,558.043,71.586
133,45,255,879.811,71.278
134,65,255,1254.792,71.577
135,64,255,593.578,72.625
136,47,255,820.074,73.053
137,20,255,1073.450,71.100
138,44,255,1144.591,72.068
139,89,255,1446.938,75.129
140,22,255,442.909,72.636
141,32,255,471.125,73.000
142,33,255,1170.106,73.015
143,278,255,40.745,81.615
144,21,255,1390.690,73.452
145,23,255,1512.326,73.413
146,59,255,1523.314,77.771
147,75,255,23.660,78.367
148,53,255,972.142,75.953
149,51,255,1341.931,75.853
150,57,255,107.289,77.325
151,23,255,462.022,75.109
152,50,255,734.320,77.120
153,23,255,777.848,75.543
154,22,255,790.682,75.136
155,53,255,572.877,77.651
156,60,255,642.767,78.050
157,24,255,1047.958,76.708
158,20,255,1423.450,76.800
159,58,255,951.517,79.552
160,50,255,1038.160,79.240
161,25,255,1209.940,77.420
162,38,255,882.395,78.474
163,68,255,1218.500,79.735
164,36,255,1433.389,80.889
165,74,255,94.459,82.162
166,77,255,619.604,81.513
167,53,255,1076.104,80.802
168,22,255,1413.682,80.318
169,34,255,807.382,80.382
170,45,255,932.100,81.567
171,25,255,1578.860,80.300
172,97,255,842.943,83.180
173,37,255,1005.554,82.203
174,28,255,1514.679,81.393
175,73,255,566.171,84.952
176,93,255,1363.962,84.543
177,43,255,78.872,83.849
178,53,255,65.198,85.670
179,72,255,1181.222,86.806
180,20,255,1271.550,85.050
181,25,255,8.140,85.300
182,83,255,861.464,88.669
183,41,255,1205.793,86.476
184,156,255,23.269,92.013
185,43,255,939.756,87.337
186,61,255,978.254,87.664
187,73,255,1228.062,89.171
188,112,255,243.491,91.527
189,72,255,1046.431,90.750
190,50,255,1343.400,88.880
191,46,255,1543.000,89.239
192,27,255,1580.463,89.167
193,37,255,1593.176,89.932
194,30,255,317.167,91.267
195,52,255,1110.827,91.231
196,28,255,1424.714,90.000
197,32,255,265.094,92.719
198,51,255,1076.598,91.402
199,43,255,1502.965,93.407
200,62,255,594.871,93.484
201,27,255,464.278,93.537
202,89,255,609.376,96.500
203,50,255,998.980,94.160
204,110,255,11.527,99.545
205,26,255,833.000,94.500
206,34,255,919.706,95.412
207,29,255,950.466,94.914
208,56,255,1242.000,96.339
209,38,255,897.737,97.237
210,30,255,567.267,98.067
211,62,255,696.516,98.855
212,42,255,206.000,97.929
213,36,255,185.278,99.833
214,92,255,1145.870,101.402
215,24,255,166.708,99.833
216,26,255,746.000,99.500
217,62,255,1376.468,100.903
218,24,255,1514.250,100.375
219,40,255,891.400,101.975
220,54,255,980.444,101.630
221,44,255,1114.477,101.341
222,93,255,1344.866,103.640
223,42,255,217.095,104.024
224,34,255,410.794,102.647
225,26,255,439.731,102.846
226,26,255,200.615,103.731
227,41,255,457.354,104.573
228,35,255,704.671,104.986
229,101,255,1040.460,108.609
230,60,255,1278.500,105.000
231,38,255,1529.605,104.711
232,37,255,672.554,105.689
233,34,255,1179.618,104.559
234,31,255,1332.177,105.532
235,52,255,1366.077,105.635
236,64,255,300.703,109.172
237,30,255,525.133,106.800
238,24,255,1161.167,105.375
239,37,255,1231.905,107.149
240,27,255,1297.981,105.204
241,23,255,307.500,106.978
242,28,255,866.714,107.000
243,44,255,1466.250,108.182
244,29,255,533.259,109.603
245,43,255,597.616,109.221
246,96,255,1083.927,111.656
247,43,255,1240.965,109.012
248,27,255,30.056,109.278
249,64,255,625.266,111.531
250,42,255,402.714,112.476
251,75,255,699.433,113.473
252,36,255,813.361,111.472
253,28,255,1306.571,110.786
254,54,255,271.759,114.204
255,62,255,509.500,114.774
256,116,255,651.397,115.517
257,45,255,1113.900,113.322
258,76,255,1179.737,115.066
259,46,255,931.196,116.000
260,65,255,73.638,117.854
261,39,255,1101.423,115.500
262,66,255,1284.682,115.470
263,41,255,451.183,115.841
264,44,255,860.727,117.682
265,64,255,1300.312,118.625
266,49,255,379.214,118.112
267,141,255,468.188,121.138
268,54,255,836.741,118.333
269,21,255,529.214,118.643
270,62,255,723.323,119.468
271,41,255,846.744,120.207
272,33,255,1363.742,119.682
273,95,255,295.763,123.258
274,22,255,436.773,119.909
275,30,255,63.000,121.600
276,110,255,887.400,123.345
277,39,255,29.167,122.551
278,91,255,677.456,124.093
279,27,255,828.204,122.500
280,43,255,1209.523,122.663
281,42,255,219.167,123.857
282,69,255,1065.862,125.486
283,40,255,343.550,124.600
284,79,255,759.095,126.032
285,57,255,1220.289,124.798
286,25,255,20.700,124.940
287,80,255,108.975,127.725
288,51,255,1341.069,125.775
289,100,255,518.800,128.810
290,100,255,634.700,129.990
291,91,255,1095.170,128.841
292,23,255,1255.239,125.891
293,69,255,1422.993,128.761
294,49,255,1261.051,128.724
295,66,255,10.848,129.864
296,122,255,1079.426,133.213
297,38,255,1186.605,127.526
298,72,255,1226.819,131.000
299,24,255,1491.750,127.042
300,73,255,614.842,131.130
301,84,255,957.345,130.548
302,49,255,1401.867,130.418
303,67,255,75.216,131.530
304,28,255,390.536,130.143
305,86,255,1316.174,130.709
306,58,255,347.879,132.103
307,44,255,380.659,131.773
308,34,255,748.647,132.500
309,53,255,1022.123,131.764
310,25,255,1036.260,131.100
311,23,255,1446.413,130.543
312,45,255,1535.744,132.744
313,57,255,800.307,132.904
314,65,255,1117.085,133.146
315,34,255,152.500,133.824
316,109,255,650.729,135.096
317,63,255,1288.516,133.849
318,59,255,1340.907,133.364
319,39,255,412.936,134.064
320,74,255,725.135,134.797
321,73,255,761.308,134.253
322,50,255,815.180,134.180
323,50,255,1193.220,135.120
324,55,255,1508.555,134.973
325,71,255,875.782,137.134
326,104,255,452.663,140.231
327,43,255,886.430,137.105
328,54,255,1215.870,138.519
329,40,255,290.400,137.325
330,84,255,303.690,140.083
331,64,255,422.828,139.734
332,109,255,569.436,141.775
333,27,255,2.056,139.648
334,47,255,598.117,139.819
335,85,255,613.900,140.829
336,67,255,909.619,140.709
337,144,255,923.868,143.333
338,40,255,1028.625,139.350
339,66,255,1164.758,139.621
340,44,255,1497.500,139.523
341,27,255,85.796,139.870
342,164,255,681.573,144.049
343,53,255,973.915,140.594
344,32,255,1110.000,140.000
345,83,255,1180.789,142.777
346,62,255,1252.387,140.903
347,43,255,1524.198,139.942
348,36,255,70.139,141.278
349,146,255,631.541,145.979
350,84,255,1279.333,143.226
351,80,255,1478.750,142.938
352,86,255,549.209,143.930
353,77,255,822.318,144.474
354,21,255,1009.976,140.833
355,69,255,1301.181,143.065
356,64,255,354.172,144.219
357,78,255,479.859,144.949
358,124,255,1137.129,145.879
359,34,255,1429.353,143.676
360,89,255,383.489,146.927
361,99,255,889.480,147.126
362,51,255,1340.284,145.382
363,99,255,518.975,147.884
364,78,255,644.949,146.885
365,28,255,740.107,144.679
366,84,255,788.810,147.500
367,111,255,1019.914,149.383
368,45,255,1087.033,145.122
369,35,255,1235.871,145.386
370,56,255,1053.179,147.500
371,56,255,1068.339,148.018
372,56,255,1387.054,150.036
373,36,255,1502.222,146.194
374,29,255,326.603,146.983
375,84,255,541.417,149.821
376,76,255,951.605,148.618
377,56,255,1397.161,148.375
378,22,255,725.091,148.045
379,91,255,903.104,150.599
380,80,255,1457.138,149.713
381,127,255,188.909,152.075
382,41,255,399.768,150.134
383,84,255,846.810,150.655
384,36,255,1030.361,148.889
385,54,255,1288.519,150.148
386,48,255,318.542,151.667
387,85,255,487.488,152.759
388,120,255,596.225,152.675
389,62,255,778.339,151.790
390,55,255,294.209,151.500
391,105,255,559.643,154.452
392,56,255,718.911,152.125
393,60,255,731.517,152.083
394,92,255,763.957,153.554
395,116,255,991.284,153.828
396,117,255,444.996,156.201
397,56,255,876.482,152.946
398,61,255,963.861,153.041
399,35,255,974.529,152.786
400,28,255,1189.393,151.464
401,52,255,375.346,155.250
402,40,255,826.525,155.050
403,82,255,682.768,156.841
404,112,255,1085.357,158.286
405,35,255,1196.414,155.043
406,98,255,168.071,159.276
407,72,255,458.042,157.556
408,85,255,531.324,157.982
409,75,255,658.340,157.793
410,176,255,1044.744,160.642
411,25,255,137.300,157.180
412,66,255,743.864,159.424
413,66,255,815.348,158.515
414,62,255,855.177,158.468
415,107,255,925.509,159.603
416,33,255,940.106,157.591
417,70,255,1065.471,159.371
418,68,255,1133.824,159.338
419,104,255,1374.442,160.529
420,56,255,669.393,160.607
421,154,255,1010.896,162.039
422,132,255,1284.591,163.674
423,69,255,300.964,161.819
424,54,255,839.741,160.870
425,111,255,431.977,164.644
426,66,255,516.561,163.076
427,22,255,1449.318,160.682
428,66,255,565.045,164.394
429,22,255,716.227,161.000
430,91,255,1239.654,163.929
431,87,255,1320.466,163.603
432,73,255,624.377,165.486
433,39,255,65.372,165.064
434,90,255,481.367,166.056
435,93,255,939.500,166.500
436,96,255,1159.000,166.156
437,112,255,330.464,169.080
438,96,255,418.938,167.812
439,48,255,613.250,166.042
440,67,255,700.172,166.231
441,28,255,1193.179,164.714
442,106,255,134.528,169.321
443,73,255,599.034,167.651
444,35,255,638.329,165.443
445,90,255,1258.178,168.233
446,73,255,773.555,168.171
447,102,255,855.716,170.020
448,45,255,228.344,168.722
449,69,255,785.935,170.225
450,95,255,838.163,169.563
451,69,255,1174.804,169.848
452,137,255,200.310,172.734
453,27,255,346.463,168.389
454,53,255,377.009,170.274
455,72,255,1030.917,171.347
456,22,255,1302.136,168.500
457,69,255,387.181,172.312
458,20,255,453.750,170.100
459,52,255,1101.423,170.327
460,83,255,1208.560,171.620
461,21,255,1514.548,170.119
462,75,255,276.567,172.673
463,63,255,661.294,172.468
464,84,255,711.440,173.095
465,191,255,811.050,176.306
466,41,255,1091.134,172.061
467,85,255,1270.288,172.912
468,33,255,1334.076,171.742
469,70,255,19.943,173.614
470,45,255,252.167,172.544
471,55,255,357.555,173.300
472,137,255,675.296,176.566
473,141,255,1074.032,177.018
474,50,255,1312.300,173.460
475,38,255,1322.974,171.711
476,115,255,1356.126,175.361
477,69,255,1400.630,172.949
478,97,255,523.892,176.263
479,103,255,603.587,176.306
480,129,255,646.446,175.019
481,90,255,749.589,175.122
482,21,255,895.548,172.690
483,66,255,1188.273,173.970
484,87,255,1247.270,175.891
485,125,255,1463.252,175.852
486,83,255,88.536,176.355
487,133,255,721.771,177.417
488,85,255,1374.606,176.312
489,75,255,1596.927,177.047
490,60,255,237.283,176.017
491,85,255,285.959,178.159
492,189,255,316.786,178.526
493,106,255,397.236,178.972
494,103,255,736.442,178.228
495,41,255,868.476,176.622
496,78,255,922.731,178.154
497,32,255,1580.656,176.125
498,42,255,452.571,178.024
499,40,255,623.725,177.400
500,174,255,693.270,181.178
501,91,255,880.940,179.577
502,68,255,1003.794,178.235
503,70,255,1200.300,180.157
504,45,255,434.300,178.411
505,104,255,954.779,180.231
506,123,255,146.825,182.508
507,89,255,297.893,181.635
508,48,255,477.208,179.792
509,140,255,1226.471,182.929
510,129,255,369.391,184.554
511,81,255,405.895,182.302
512,79,255,974.956,182.272
513,150,255,988.140,185.360
514,83,255,1108.307,181.512
515,99,255,1301.854,182.601
516,108,255,1397.648,182.926
517,75,255,247.447,182.087
518,46,255,556.783,182.304
519,58,255,910.259,182.017
520,65,255,1149.977,182.654
521,28,255,1347.429,182.786
522,82,255,189.829,186.354
523,105,255,338.576,185.195
524,47,255,444.138,184.309
525,27,255,888.426,183.093
526,46,255,1032.500,182.978
527,87,255,125.224,186.305
528,124,255,624.427,186.468
529,105,255,937.595,186.957
530,85,255,1043.676,186.029
531,53,255,1384.179,185.538
532,79,255,1537.677,186.209
533,77,255,83.019,187.084
534,56,255,223.554,185.554
535,75,255,485.527,187.687
536,92,255,847.500,187.750
537,58,255,1017.190,186.414
538,78,255,1183.192,186.859
539,87,255,1370.213,187.109
540,95,255,595.311,189.216
541,56,255,1122.268,186.857
542,154,255,1324.584,190.935
543,57,255,203.026,188.184
544,41,255,234.524,187.768
545,100,255,416.390,191.190
546,95,255,569.468,189.542
547,142,255,770.993,191.901
548,76,255,834.250,189.079
549,59,255,919.534,188.229
550,133,255,1254.485,190.147
551,92,255,1454.196,189.380
552,94,255,1497.330,188.819
553,118,255,179.119,192.110
554,81,255,384.735,189.549
555,88,255,504.114,190.943
556,77,255,581.773,190.032
557,67,255,787.187,189.649
558,54,255,824.130,188.852
559,116,255,899.388,190.216
560,153,255,1004.605,192.709
561,52,255,1339.154,189.212
562,87,255,1519.351,190.282
563,87,255,1553.385,190.810
564,149,255,250.185,196.836
565,25,255,264.460,188.740
566,36,255,430.333,189.278
567,90,255,459.878,190.956
568,64,255,1193.672,190.156
569,58,255,1287.379,189.897
570,60,255,1311.183,190.850
571,62,255,1354.597,190.823
572,112,255,274.071,193.643
573,103,255,869.316,191.024
574,65,255,1081.054,191.700
575,27,255,48.130,191.352
576,59,255,317.093,191.636
577,98,255,656.531,194.245
578,73,255,738.527,193.171
579,92,255,811.000,193.000
580,59,255,1105.686,191.941
581,146,255,301.562,196.123
582,94,255,719.128,194.489
583,63,255,797.849,193.786
584,40,255,886.525,193.400
585,75,255,1566.140,193.673
586,94,255,684.915,195.085
587,36,255,1095.500,193.972
588,39,255,1131.269,193.244
589,31,255,1144.984,193.468
590,47,255,1239.096,194.500
591,93,255,1387.403,194.210
592,152,255,1422.145,197.046
593,104,255,26.038,195.375
594,65,255,438.500,195.731
595,115,255,476.604,197.152
596,62,255,1404.000,196.113
597,76,255,524.947,196.697
598,33,255,3.894,197.530
599,27,255,221.611,196.019
600,27,255,1024.944,195.759
601,59,255,1068.178,197.347
602,58,255,1169.517,197.776
603,174,255,103.138,200.707
604,72,255,976.736,201.500
605,156,255,1536.359,201.571
606,70,255,60.571,199.343
607,90,255,121.600,200.367
608,94,255,541.426,200.085
609,28,255,874.786,197.607
610,135,255,929.122,200.885
611,22,255,1335.682,198.318
612,83,255,1437.873,200.018
613,114,255,164.895,202.281
614,78,255,512.897,200.936
615,70,255,958.500,200.500
616,55,255,1045.573,201.155
617,86,255,1083.477,200.698
618,42,255,1469.786,199.952
619,138,255,354.681,203.514
620,80,255,1124.650,202.875
621,70,255,1135.014,201.086
622,80,255,1229.925,202.562
623,69,255,425.688,203.587
624,75,255,752.660,203.700
625,61,255,1152.221,201.484
626,78,255,315.218,203.295
627,116,255,384.155,204.922
628,104,255,614.721,204.106
629,55,255,1481.064,203.500
630,45,255,639.367,203.833
631,32,255,1238.562,203.406
632,22,255,1280.091,202.364
633,51,255,1343.088,204.755
634,64,255,222.188,205.453
635,89,255,234.904,206.792
636,102,255,339.686,206.637
637,102,255,412.157,207.765
638,81,255,450.389,206.056
639,76,255,840.039,206.105
640,133,255,1103.380,207.335
641,106,255,1579.726,207.330
642,100,255,953.240,209.470
643,104,255,1030.567,208.087
644,29,255,1051.776,205.397
645,36,255,1496.333,205.111
646,140,255,1390.236,208.200
647,73,255,1520.158,207.541
648,54,255,1593.333,207.611
649,95,255,30.879,208.742
650,31,255,195.081,207.242
651,118,255,559.686,210.797
652,103,255,862.947,209.005
653,66,255,1016.409,209.000
654,26,255,1209.538,207.615
655,105,255,1408.986,211.110
656,27,255,1506.500,207.500
657,34,255,327.647,208.118
658,83,255,1352.416,210.994
659,97,255,1426.572,210.356
660,27,255,1473.167,207.759
661,74,255,268.243,210.797
662,51,255,966.186,210.284
663,63,255,1201.468,211.960
664,74,255,80.108,211.905
665,83,255,399.596,212.512
666,86,255,650.070,213.942
667,127,255,1453.744,212.862
668,30,255,16.000,211.300
669,34,255,371.735,212.618
670,115,255,674.561,213.761
671,76,255,760.816,213.882
672,81,255,771.352,213.611
673,40,255,923.850,211.100
674,128,255,985.156,214.602
675,108,255,1188.287,213.213
676,35,255,1254.014,211.729
677,46,255,1290.739,213.435
678,104,255,1301.779,212.375
679,25,255,1547.980,210.580
680,111,255,92.383,216.248
681,72,255,125.222,214.431
682,120,255,181.525,216.617
683,134,255,251.530,216.590
684,49,255,280.235,213.255
685,58,255,530.672,212.966
686,48,255,582.771,213.312
687,67,255,698.739,213.127
688,88,255,716.750,214.375
689,92,255,1164.587,214.207
690,82,255,1268.000,214.000
691,89,255,1282.365,215.433
692,94,255,147.404,215.500
693,21,255,431.071,213.071
694,88,255,621.864,215.091
695,98,255,733.000,215.735
696,50,255,852.760,214.820
697,34,255,1006.412,213.353
698,88,255,1221.875,217.489
699,27,255,133.500,215.019
700,94,255,291.649,216.734
701,38,255,640.158,215.026
702,57,255,660.132,215.904
703,85,255,818.112,216.359
704,108,255,1059.250,217.713
705,77,255,1371.227,215.890
706,34,255,1499.735,214.853
707,37,255,1596.932,214.608
708,72,255,69.028,216.611
709,22,255,214.591,214.591
710,142,255,802.859,220.324
711,71,255,1464.303,217.148
712,68,255,1511.956,216.838
713,61,255,388.566,218.041
714,86,255,421.616,218.698
715,58,255,441.500,217.000
716,166,255,464.428,220.602
717,37,255,885.419,216.041
718,82,255,1211.951,219.061
719,122,255,1238.492,218.844
720,33,255,1337.924,216.076
721,55,255,594.300,218.773
722,54,255,1071.889,218.130
723,137,255,113.186,221.369
724,87,255,275.443,221.649
725,82,255,1098.817,220.512
726,113,255,1389.712,220.765
727,60,255,194.783,220.333
728,63,255,328.563,220.437
729,59,255,358.856,220.178
730,145,255,488.790,222.769
731,63,255,1418.802,220.929
732,145,255,1545.362,223.334
733,45,255,346.011,221.544
734,26,255,517.769,220.192
735,101,255,685.342,222.965
736,49,255,928.439,220.602
737,107,255,1322.126,222.808
738,32,255,1362.250,220.719
739,100,255,1435.760,221.910
740,83,255,1484.211,222.705
741,32,255,1533.406,219.469
742,76,255,29.816,223.000
743,63,255,170.167,223.024
744,77,255,865.123,222.396
745,85,255,1142.406,223.076
746,56,255,1253.625,222.375
747,98,255,1573.357,223.429
748,106,255,373.500,225.425
749,73,255,559.952,224.075
750,143,255,901.297,224.521
751,46,255,694.870,223.978
752,68,255,764.912,224.265
753,82,255,1300.756,226.293
754,64,255,139.016,225.094
755,35,255,237.529,224.557
756,123,255,310.386,226.183
757,46,255,338.609,225.217
758,53,255,615.689,224.462
759,124,255,784.895,227.839
760,99,255,825.864,226.955
761,34,255,995.735,224.235
762,107,255,1011.921,229.107
763,67,255,55.321,226.873
764,74,255,878.946,227.027
765,48,255,1117.125,225.521
766,65,255,1408.915,226.900
767,24,255,258.958,226.125
768,116,255,447.698,229.284
769,78,255,667.179,227.538
770,52,255,842.981,227.135
771,76,255,1345.855,227.921
772,33,255,582.288,227.409
773,66,255,956.591,228.318
774,94,255,1274.862,229.096
775,84,255,1309.857,229.214
776,27,255,1592.426,227.093
777,102,255,44.569,231.020
778,25,255,294.420,227.740
779,31,255,352.919,227.597
780,47,255,919.160,228.330
781,153,255,1187.761,233.108
782,77,255,1530.136,230.045
783,98,255,86.163,232.837
784,122,255,208.475,231.590
785,91,255,475.962,231.621
786,63,255,1073.087,230.119
787,65,255,1498.500,230.500
788,42,255,1584.452,230.381
789,129,255,14.787,232.337
790,47,255,345.266,231.777
791,81,255,570.735,232.006
792,44,255,644.000,230.886
793,77,255,930.903,232.266
794,45,255,1002.944,231.100
795,76,255,1036.816,232.145
796,72,255,1288.514,231.611
797,77,255,1359.864,232.188
798,87,255,1454.925,233.259
799,24,255,238.625,231.458
800,94,255,597.915,234.053
801,33,255,702.742,232.167
802,88,255,855.841,234.341
803,32,255,1049.125,232.781
804,65,255,1089.100,232.977
805,76,255,1110.053,234.026
806,61,255,1150.992,233.566
807,108,255,284.593,235.389
808,74,255,503.595,235.000
809,51,255,1488.245,234.088
810,122,255,109.443,238.082
811,90,255,322.567,236.144
812,89,255,675.770,236.893
813,146,255,726.233,239.616
814,42,255,868.929,235.500
815,65,255,1222.392,236.669
816,127,255,1250.602,239.697
817,83,255,178.367,238.512
818,68,255,199.529,237.838
819,105,255,253.738,238.767
820,81,255,300.648,237.944
821,76,255,689.395,238.145
822,103,255,835.199,239.413
823,66,255,939.197,238.152
824,66,255,951.439,237.197
825,162,255,975.426,239.438
826,47,255,991.138,237.351
827,50,255,1350.940,237.500
828,167,255,1431.045,239.680
829,51,255,1470.794,237.637
830,83,255,746.729,238.849
831,64,255,904.297,237.828
832,69,255,917.123,238.819
833,78,255,1233.410,239.167
834,139,255,1569.392,242.234
835,70,255,374.857,239.357
836,83,255,761.404,240.307
837,49,255,1163.296,238.663
838,160,255,1517.750,242.906
839,77,255,187.149,241.175
840,52,255,582.981,239.962
841,82,255,608.963,241.268
842,103,255,881.888,242.112
843,65,255,1386.808,241.146
844,32,255,17.125,240.344
845,46,255,79.348,241.065
846,41,255,123.402,240.232
847,33,255,788.470,239.439
848,60,255,1081.650,241.133
849,102,255,1132.314,242.147
850,25,255,1263.100,239.900
851,28,255,408.821,240.500
852,78,255,563.692,243.154
853,79,255,655.753,243.082
854,33,255,1174.409,240.803
855,104,255,1332.125,244.644
856,54,255,1464.759,242.833
857,71,255,1479.852,243.092
858,103,255,1025.364,244.286
859,81,255,1196.080,244.562
860,105,255,1310.500,244.786
861,136,255,158.566,248.287
862,107,255,491.481,246.117
863,81,255,698.759,245.389
864,27,255,44.796,244.648
865,96,255,777.094,245.927
866,30,255,1000.867,243.967
867,120,255,1401.000,247.500
868,104,255,145.356,249.404
869,52,255,505.538,246.981
870,84,255,1271.536,247.250
871,97,255,1293.015,246.995
872,63,255,1455.056,247.056
873,48,255,1503.208,246.146
874,76,255,1537.776,246.776
875,100,255,463.540,248.590
876,77,255,625.838,248.734
877,150,255,1043.180,250.873
878,53,255,9.311,248.123
879,106,255,344.481,250.679
880,24,255,592.208,247.375
881,77,255,793.877,248.604
882,71,255,1588.627,248.937
883,148,255,226.682,251.500
884,53,255,942.953,249.066
885,94,255,1205.872,250.989
886,107,255,543.752,251.612
887,77,255,829.799,250.539
888,65,255,1114.438,250.069
889,90,255,1222.044,251.456
890,152,255,391.395,254.125
891,129,255,410.942,253.291
892,96,255,475.875,252.823
893,59,255,1373.517,251.771
894,128,255,112.367,255.141
895,46,255,511.826,251.826
896,67,255,600.381,252.799
897,43,255,765.523,252.314
898,146,255,34.459,256.062
899,51,255,300.069,252.931
900,84,255,449.869,254.417
901,94,255,920.149,254.681
902,55,255,1336.864,253.718
903,75,255,330.553,255.340
904,161,255,647.245,258.307
905,54,255,977.963,254.111
906,77,255,1180.773,255.071
907,72,255,1364.736,254.444
908,40,255,1489.025,253.900
909,72,255,57.486,255.944
910,91,255,71.687,256.973
911,89,255,276.882,255.770
912,50,255,689.540,255.060
913,61,255,870.205,254.992
914,87,255,1001.557,255.649
915,66,255,1143.561,255.409
916,49,255,1497.378,255.194
917,94,255,1551.160,256.404
918,172,255,90.593,257.907
919,83,255,134.861,257.500
920,74,255,261.419,257.162
921,107,255,359.930,259.341
922,69,255,555.152,256.486
923,27,255,698.537,255.093
924,71,255,903.261,257.373
925,68,255,1429.103,256.691
926,63,255,315.563,257.786
927,117,255,375.688,258.303
928,79,255,528.538,257.943
929,85,255,720.571,257.971
930,63,255,732.484,257.881
931,33,255,970.076,256.076
932,56,255,1088.554,256.786
933,68,255,1467.779,258.147
934,88,255,438.523,259.193
935,66,255,12.424,259.924
936,108,255,811.537,260.296
937,67,255,1076.052,258.828
938,93,255,1272.038,259.694
939,121,255,1484.087,261.723
940,52,255,943.904,259.981
941,55,255,1533.264,258.845
942,96,255,1565.490,261.688
943,59,255,1578.025,260.568
944,180,255,677.250,265.739
945,32,255,773.750,260.031
946,92,255,1112.739,261.946
947,53,255,1513.613,261.179
948,122,255,182.951,266.016
949,101,255,217.738,263.441
950,26,255,518.500,261.000
951,60,255,632.983,261.800
952,42,255,955.881,262.310
953,64,255,1057.656,263.656
954,90,255,1164.189,263.756
955,44,255,404.318,263.227
956,61,255,568.418,263.451
957,83,255,834.898,264.175
958,88,255,1314.705,263.886
959,41,255,422.500,263.841
960,36,255,1189.167,263.056
961,89,255,1243.770,265.017
962,88,255,124.136,265.648
963,75,255,587.593,265.993
964,64,255,746.625,265.141
965,82,255,881.134,266.049
966,70,255,1222.114,267.143
967,129,255,1393.322,267.182
968,74,255,1436.757,265.608
969,49,255,1597.500,266.398
970,30,255,76.700,266.033
971,135,255,199.389,268.115
972,145,255,461.383,267.659
973,100,255,1010.090,267.340
974,50,255,1232.440,266.480
975,67,255,5.963,268.410
976,46,255,273.065,266.652
977,104,255,621.269,270.356
978,27,255,758.463,266.352
979,82,255,891.146,268.317
980,47,255,968.117,266.755
981,68,255,1091.588,267.735
982,54,255,1299.056,267.296
983,77,255,247.851,269.149
984,74,255,595.959,269.473
985,84,255,659.929,269.274
986,82,255,1106.622,270.146
987,49,255,1336.010,268.418
988,60,255,1426.083,269.183
989,157,255,49.322,272.334
990,100,255,100.620,270.540
991,67,255,169.784,270.276
992,105,255,235.976,272.014
993,100,255,493.380,270.490
994,129,255,692.787,272.779
995,151,255,1148.725,273.050
996,118,255,1451.644,272.424
997,83,255,1542.127,269.982
998,154,255,511.779,272.649
999,72,255,546.486,272.597
1000,47,255,776.415,269.989
1001,25,255,802.500,269.620
1002,72,255,1471.528,270.556
1003,112,255,301.161,273.205
1004,81,255,348.130,271.722
1005,105,255,1127.462,273.252
1006,25,255,260.060,270.420
1007,83,255,363.078,275.982
1008,105,255,737.176,274.110
1009,82,255,1190.744,273.317
1010,61,255,1406.369,272.418
1011,123,255,145.183,275.337
1012,107,255,441.846,275.332
1013,39,255,607.321,272.449
1014,171,255,976.629,277.108
1015,31,255,1181.306,272.339
1016,91,255,1352.401,274.709
1017,40,255,19.275,274.200
1018,46,255,320.978,272.783
1019,63,255,629.659,274.659
1020,32,255,784.656,272.938
1021,58,255,860.759,274.259
1022,67,255,1038.127,273.858
1023,72,255,1370.681,274.986
1024,65,255,763.238,274.915
1025,71,255,916.134,276.077
1026,75,255,1266.873,275.807
1027,29,255,1510.810,274.052
1028,108,255,1581.917,276.333
1029,186,255,425.328,279.962
1030,111,255,1311.608,279.482
1031,86,255,1500.860,277.860
1032,56,255,25.661,278.375
1033,71,255,339.838,278.204
1034,84,255,1558.226,278.262
1035,84,255,715.988,279.405
1036,111,255,828.086,280.545
1037,66,255,945.833,278.515
1038,94,255,455.489,280.617
1039,75,255,1221.420,280.113
1040,128,255,1381.953,282.047
1041,43,255,178.314,279.081
1042,64,255,578.562,280.953
1043,81,255,840.451,281.179
1044,43,255,1135.500,279.895
1045,76,255,1277.763,283.776
1046,50,255,1441.860,279.720
1047,76,255,1516.197,281.276
1048,132,255,113.886,284.667
1049,96,255,877.385,281.938
1050,74,255,1005.905,281.757
1051,47,255,223.415,281.053
1052,82,255,402.573,283.366
1053,50,255,494.880,282.120
1054,40,255,566.450,283.575
1055,73,255,601.363,282.637
1056,73,255,907.952,282.582
1057,72,255,1409.319,282.417
1058,113,255,381.907,285.597
1059,96,255,1176.844,285.219
1060,76,255,1230.618,284.355
1061,96,255,1244.250,285.000
1062,24,255,163.458,282.667
1063,86,255,674.314,285.465
1064,68,255,200.926,287.382
1065,104,255,294.846,286.654
1066,64,255,394.266,286.391
1067,88,255,763.318,288.159
1068,105,255,778.233,286.567
1069,80,255,1048.250,285.712
1070,91,255,1108.610,286.401
1071,26,255,1296.692,284.500
1072,77,255,1355.045,285.825
1073,68,255,156.147,286.765
1074,73,255,232.774,287.664
1075,95,255,648.595,287.332
1076,49,255,959.031,286.071
1077,82,255,1394.293,289.098
1078,83,255,1595.283,287.717
1079,63,255,477.849,287.690
1080,75,255,627.980,287.180
1081,96,255,1469.615,288.854
1082,72,255,1545.000,287.792
1083,98,255,89.602,289.653
1084,113,255,320.854,291.111
1085,96,255,1443.292,289.073
1086,22,255,219.364,288.273
1087,97,255,1064.531,289.954
1088,95,255,1266.037,289.984
1089,85,255,1523.124,290.359
1090,112,255,58.143,292.134
1091,31,255,415.758,289.758
1092,67,255,595.560,291.470
1093,141,255,802.996,293.039
1094,55,255,937.427,289.955
1095,85,255,1027.594,290.100
1096,124,255,1425.419,292.169
1097,125,255,189.628,295.676
1098,111,255,712.653,292.626
1099,78,255,884.064,292.192
1100,96,255,1136.688,292.656
1101,37,255,1286.716,290.581
1102,82,255,332.659,293.341
1103,89,255,252.264,295.174
1104,53,255,271.425,293.632
1105,61,255,469.648,293.877
1106,59,255,928.466,293.178
1107,74,255,978.189,294.662
1108,37,255,13.824,293.797
1109,59,255,525.110,294.534
1110,68,255,544.824,295.235
1111,75,255,578.860,295.620
1112,87,255,733.891,295.914
1113,124,255,952.992,297.460
1114,43,255,1011.826,294.965
1115,58,255,1150.448,296.810
1116,63,255,1160.294,295.627
1117,53,255,1373.500,295.066
1118,86,255,1509.651,297.128
1119,77,255,309.344,296.669
1120,76,255,690.276,297.408
1121,56,255,700.679,296.839
1122,29,255,1553.810,295.121
1123,49,255,22.929,296.908
1124,73,255,851.911,297.500
1125,103,255,901.966,298.539
1126,90,255,993.178,298.089
1127,25,255,1174.140,295.060
1128,155,255,1570.100,301.790
1129,53,255,81.594,298.670
1130,27,255,211.167,297.574
1131,114,255,478.474,301.175
1132,25,255,756.740,296.700
1133,41,255,1109.866,296.866
1134,88,255,1488.989,299.352
1135,32,255,405.500,298.594
1136,143,255,511.962,300.864
1137,53,255,554.368,298.783
1138,79,255,1036.196,302.804
1139,44,255,1077.000,299.500
1140,77,255,1191.266,302.851
1141,100,255,1349.790,301.600
1142,74,255,1548.243,301.473
1143,124,255,221.581,303.363
1144,129,255,351.283,303.740
1145,99,255,1243.611,301.843
1146,88,255,1321.318,302.614
1147,60,255,74.167,303.633
1148,81,255,259.574,303.130
1149,123,255,395.589,305.028
1150,135,255,564.863,306.056
1151,146,255,741.192,306.123
1152,125,255,857.748,305.044
1153,45,255,1180.122,302.522
1154,79,255,1200.804,303.373
1155,82,255,1282.768,303.232
1156,78,255,590.974,303.833
1157,33,255,633.742,302.197
1158,71,255,718.570,303.599
1159,77,255,1309.643,304.721
1160,84,255,1333.000,304.702
1161,79,255,425.614,304.576
1162,32,255,654.219,303.250
1163,83,255,1219.139,305.030
1164,112,255,1294.473,306.777
1165,78,255,93.872,305.628
1166,101,255,164.431,306.431
1167,72,255,373.181,306.458
1168,90,255,440.667,306.056
1169,83,255,1263.295,305.777
1170,73,255,1367.130,306.075
1171,93,255,49.220,307.478
1172,62,255,105.565,306.548
1173,73,255,244.637,306.500
1174,61,255,913.238,306.107
1175,98,255,493.480,308.612
1176,155,255,786.184,309.203
1177,87,255,17.787,309.443
1178,143,255,628.325,310.913
1179,43,255,645.919,307.616
1180,81,255,757.019,308.969
1181,36,255,809.917,307.500
1182,53,255,954.745,308.538
1183,63,255,1164.548,308.706
1184,72,255,878.333,309.514
1185,38,255,1436.658,308.342
1186,134,255,1477.619,311.351
1187,63,255,271.500,311.690
1188,86,255,319.919,311.233
1189,58,255,582.448,311.017
1190,98,255,938.929,312.296
1191,121,255,1255.756,314.583
1192,94,255,1590.553,311.202
1193,68,255,29.559,311.588
1194,39,255,412.423,310.090
1195,106,255,605.943,312.292
1196,100,255,700.170,312.290
1197,121,255,1120.112,314.707
1198,22,255,1490.091,309.864
1199,114,255,1497.921,314.026
1200,52,255,303.000,311.885
1201,104,255,335.183,314.413
1202,77,255,1357.526,312.799
1203,104,255,668.375,314.144
1204,112,255,835.946,316.348
1205,35,255,1017.929,312.557
1206,75,255,1061.527,314.327
1207,110,255,1134.891,313.727
1208,104,255,1157.067,316.346
1209,27,255,177.759,312.981
1210,38,255,921.553,313.789
1211,102,255,971.402,315.020
1212,189,255,1395.278,318.479
1213,111,255,1451.041,315.428
1214,163,255,146.936,320.040
1215,81,255,366.080,316.759
1216,45,255,379.611,314.411
1217,96,255,451.792,316.583
1218,88,255,477.602,316.386
1219,89,255,716.006,315.826
1220,161,255,883.332,318.748
1221,64,255,1008.438,315.594
1222,109,255,1238.096,316.610
1223,75,255,1304.033,315.580
1224,48,255,550.396,315.875
1225,117,255,649.491,317.500
1226,60,255,990.300,317.733
1227,76,255,1431.105,317.026
1228,141,255,1548.309,318.926
1229,35,255,2.214,316.957
1230,64,255,350.812,317.781
1231,185,255,431.797,321.176
1232,28,255,460.464,316.393
1233,28,255,898.679,316.821
1234,90,255,1531.011,318.389
1235,90,255,170.022,319.733
1236,64,255,796.875,319.156
1237,58,255,909.690,318.793
1238,50,255,1053.060,318.300
1239,71,255,1375.599,318.401
1240,116,255,87.543,323.784
1241,98,255,241.990,320.316
1242,118,255,539.788,322.619
1243,94,255,1171.404,319.936
1244,121,255,393.244,321.401
1245,82,255,586.378,321.134
1246,40,255,807.475,320.850
1247,49,255,1086.010,319.745
1248,42,255,1101.333,320.190
1249,100,255,255.490,322.170
1250,74,255,741.959,321.824
1251,38,255,816.421,321.474
1252,61,255,958.418,320.910
1253,42,255,9.548,321.667
1254,35,255,98.957,321.529
1255,128,255,127.609,325.734
1256,61,255,523.270,322.270
1257,90,255,1187.022,323.878
1258,148,255,1327.182,325.203
1259,69,255,1422.355,323.703
1260,94,255,183.606,324.691
1261,43,255,305.174,321.919
1262,72,255,621.986,323.569
1263,125,255,768.220,326.548
1264,41,255,1411.695,323.280
1265,56,255,1514.661,323.643
1266,50,255,278.160,324.200
1267,80,255,850.925,325.675
1268,68,255,1199.397,324.632
1269,51,255,1278.167,324.127
1270,69,255,831.775,326.572
1271,85,255,921.841,325.947
1272,21,255,1073.881,323.262
1273,110,255,1352.809,328.518
1274,39,255,1459.269,324.705
1275,139,255,213.414,330.191
1276,23,255,296.630,324.543
1277,67,255,860.052,326.619
1278,89,255,1571.017,328.006
1279,81,255,486.660,328.352
1280,63,255,729.516,327.262
1281,63,255,1035.484,327.786
1282,61,255,1362.221,327.139
1283,88,255,115.364,329.830
1284,81,255,343.735,328.352
1285,104,255,688.135,329.644
1286,42,255,752.476,327.738
1287,88,255,1018.568,329.364
1288,108,255,1595.019,330.769
1289,73,255,39.527,330.144
1290,101,255,599.589,329.965
1291,81,255,1217.315,330.451
1292,117,255,1270.551,330.902
1293,48,255,226.438,330.250
1294,129,255,496.221,333.717
1295,42,255,700.119,330.095
1296,143,255,1129.976,334.395
1297,92,255,1302.848,331.239
1298,102,255,1548.294,331.059
1299,89,255,1579.478,332.747
1300,65,255,164.962,331.946
1301,181,255,411.003,336.483
1302,63,255,472.484,330.738
1303,79,255,549.778,331.703
1304,37,255,6.446,330.959
1305,127,255,97.965,335.642
1306,96,255,153.271,337.188
1307,24,255,741.250,330.750
1308,53,255,1398.745,331.406
1309,76,255,779.303,333.895
1310,73,255,815.116,333.445
1311,126,255,1231.024,334.214
1312,160,255,1256.856,337.562
1313,84,255,1464.357,334.595
1314,62,255,76.935,335.403
1315,122,255,308.566,337.213
1316,76,255,328.263,335.803
1317,95,255,1450.426,335.311
1318,87,255,1490.075,334.925
1319,59,255,68.347,335.602
1320,137,255,514.544,338.412
1321,65,255,528.823,334.885
1322,186,255,664.753,339.946
1323,113,255,712.987,337.615
1324,96,255,1412.604,336.698
1325,50,255,47.120,338.060
1326,59,255,634.737,336.263
1327,76,255,865.961,337.684
1328,105,255,955.071,336.700
1329,115,255,1107.526,337.170
1330,84,255,1152.726,337.060
1331,90,255,241.578,338.667
1332,74,255,269.514,337.270
1333,60,255,430.183,336.833
1334,71,255,463.627,338.261
1335,98,255,565.520,338.235
1336,144,255,1073.243,338.229
1337,152,255,1525.309,341.158
1338,80,255,57.237,339.837
1339,100,255,905.370,339.950
1340,43,255,995.128,337.174
1341,62,255,1342.855,338.726
1342,133,255,581.808,341.733
1343,101,255,727.233,341.401
1344,70,255,823.343,339.471
1345,128,255,890.359,341.469
1346,41,255,1370.866,338.256
1347,65,255,1478.762,339.731
1348,73,255,969.692,340.925
1349,43,255,1119.640,340.500
1350,63,255,1362.817,340.437
1351,106,255,198.000,345.472
1352,29,255,1174.397,340.224
1353,100,255,644.430,344.170
1354,145,255,801.072,346.610
1355,86,255,28.895,344.465
1356,27,255,126.315,341.685
1357,92,255,932.620,343.674
1358,77,255,1315.799,343.422
1359,102,255,1423.892,344.569
1360,43,255,1486.570,343.453
1361,35,255,2.271,343.929
1362,110,255,186.018,347.555
1363,91,255,210.027,345.687
1364,78,255,475.282,345.615
1365,138,255,687.493,345.391
1366,51,255,752.186,343.912
1367,81,255,1395.981,345.043
1368,74,255,247.568,346.203
1369,34,255,295.000,344.676
1370,58,255,431.310,345.397
1371,155,255,1202.784,348.326
1372,52,255,1502.635,344.827
1373,26,255,1585.154,344.231
1374,69,255,398.007,347.428
1375,55,255,786.936,345.973
1376,88,255,1002.386,347.273
1377,54,255,1149.574,345.352
1378,157,255,1284.067,349.169
1379,44,255,1323.795,345.864
1380,87,255,325.523,347.420
1381,69,255,490.746,347.297
1382,93,255,618.425,347.952
1383,130,255,743.015,349.131
1384,51,255,829.951,347.578
1385,82,255,943.451,347.659
1386,83,255,361.127,349.066
1387,57,255,548.781,348.465
1388,68,255,877.368,348.074
1389,104,255,1028.231,349.452
1390,50,255,1054.540,347.960
1391,112,255,1088.027,350.857
1392,155,255,1300.590,351.681
1393,105,255,1442.176,349.224
1394,30,255,386.600,347.800
1395,107,255,1233.556,349.977
1396,33,255,538.348,349.470
1397,43,255,1409.128,349.407
1398,80,255,121.562,352.387
1399,90,255,373.133,352.811
1400,83,255,571.560,352.801
1401,63,255,851.786,351.310
1402,102,255,921.039,353.784
1403,82,255,1013.915,352.500
1404,131,255,85.569,355.477
1405,69,255,962.674,353.022
1406,63,255,1343.881,352.262
1407,40,255,73.025,353.075
1408,124,255,147.008,355.234
1409,30,255,287.567,351.667
1410,37,255,337.257,352.581
1411,69,255,465.036,353.268
1412,28,255,503.071,351.714
1413,43,255,706.709,352.895
1414,84,255,973.226,354.024
1415,50,255,1115.880,352.400
1416,103,255,1159.374,355.607
1417,78,255,1377.846,354.756
1418,82,255,1465.915,354.378
1419,66,255,1495.530,354.288
1420,51,255,96.029,354.912
1421,126,255,345.492,357.198
1422,25,255,441.060,352.700
1423,52,255,596.788,353.442
1424,63,255,699.103,354.484
1425,53,255,715.632,353.594
1426,43,255,774.267,353.291
1427,99,255,1132.682,356.177
1428,65,255,1596.608,354.900
1429,75,255,387.673,356.580
1430,51,255,560.206,355.343
1431,61,255,840.844,355.697
1432,66,255,1070.167,355.955
1433,67,255,1192.351,355.784
1434,90,255,1358.278,356.100
1435,99,255,1582.338,356.763
1436,105,255,268.833,357.538
1437,84,255,451.857,357.393
1438,35,255,901.271,355.043
1439,82,255,1057.439,355.988
1440,138,255,1251.181,358.920
1441,69,255,238.384,357.717
1442,140,255,517.400,361.229
1443,50,255,1097.680,357.040
1444,89,255,1267.837,358.680
1445,87,255,1457.224,361.534
1446,54,255,1487.074,357.519
1447,82,255,1564.573,359.354
1448,101,255,45.718,359.381
1449,51,255,252.069,358.912
1450,65,255,413.962,358.808
1451,79,255,428.981,358.487
1452,27,255,486.315,356.611
1453,58,255,498.569,359.310
1454,58,255,538.776,358.517
1455,82,255,1320.976,359.195
1456,88,255,1529.148,359.477
1457,66,255,111.030,360.727
1458,75,255,226.540,361.500
1459,87,255,403.684,362.017
1460,57,255,766.974,360.237
1461,38,255,17.132,360.921
1462,52,255,67.558,361.058
1463,53,255,201.764,361.481
1464,62,255,549.081,362.032
1465,53,255,825.896,361.236
1466,36,255,1079.806,361.222
1467,49,255,1366.929,361.316
1468,134,255,7.821,367.299
1469,78,255,465.949,362.026
1470,48,255,602.375,362.021
1471,37,255,878.662,361.284
1472,44,255,1109.818,361.705
1473,137,255,1211.690,365.288
1474,49,255,1337.173,361.969
1475,158,255,583.766,366.665
1476,130,255,627.492,366.423
1477,147,255,658.861,367.541
1478,56,255,848.250,363.214
1479,57,255,898.921,363.114
1480,129,255,1393.167,365.702
1481,82,255,285.183,365.085
1482,77,255,58.032,367.032
1483,28,255,149.607,364.107
1484,71,255,775.683,364.796
1485,59,255,810.025,365.364
1486,32,255,989.094,363.219
1487,151,255,1501.685,368.235
1488,81,255,1515.586,367.475
1489,37,255,1592.446,364.068
1490,65,255,297.069,366.715
1491,100,255,310.030,367.220
1492,116,255,676.095,370.371
1493,63,255,1145.024,366.437
1494,102,255,1226.882,367.039
1495,63,255,486.167,367.103
1496,75,255,687.780,367.940
1497,145,255,1011.597,370.010
1498,53,255,1102.406,367.085
1499,33,255,1444.955,365.773
1500,63,255,123.817,368.468
1501,20,255,242.550,367.350
1502,70,255,272.657,369.486
1503,86,255,445.430,368.791
1504,93,255,1072.984,369.253
1505,78,255,1307.077,369.026
1506,57,255,1436.465,369.219
1507,85,255,174.088,370.018
1508,29,255,638.466,368.534
1509,82,255,835.988,369.902
1510,84,255,1549.012,370.155
1511,82,255,82.915,371.183
1512,141,255,189.472,371.429
1513,57,255,1182.711,369.833
1514,41,255,1480.866,370.061
1515,91,255,332.291,373.038
1516,81,255,798.327,372.463
1517,43,255,968.151,371.012
1518,77,255,1173.838,372.279
1519,73,255,154.801,372.884
1520,67,255,227.067,371.993
1521,56,255,917.089,372.714
1522,109,255,935.748,375.014
1523,56,255,1040.643,371.982
1524,53,255,1316.538,372.425
1525,83,255,68.259,374.464
1526,107,255,208.435,375.014
1527,50,255,925.620,373.660
1528,46,255,1247.957,372.174
1529,105,255,1331.471,373.995
1530,60,255,388.133,374.367
1531,84,255,602.345,376.262
1532,79,255,700.563,375.146
1533,59,255,1259.822,374.602
1534,51,255,1408.108,373.696
1535,27,255,36.870,373.870
1536,82,255,137.732,376.098
1537,58,255,514.172,375.224
1538,119,255,709.298,379.399
1539,143,255,729.409,378.255
1540,151,255,852.070,377.474
1541,52,255,877.942,374.346
1542,93,255,1384.059,376.640
1543,104,255,1454.240,376.481
1544,88,255,252.091,377.875
1545,147,255,413.187,380.310
1546,67,255,893.366,377.933
1547,34,255,993.588,376.529
1548,42,255,1143.690,375.881
1549,72,255,1194.583,377.403
1550,88,255,1279.659,378.136
1551,66,255,1347.227,376.864
1552,34,255,220.059,378.706
1553,64,255,621.016,378.953
1554,29,255,813.431,377.397
1555,70,255,1415.571,379.014
1556,126,255,1519.484,381.048
1557,96,255,453.781,380.573
1558,172,255,759.983,380.785
1559,50,255,959.940,379.660
1560,56,255,1127.946,379.536
1561,66,255,1240.621,379.636
1562,87,255,21.316,382.960
1563,147,255,825.827,383.289
1564,110,255,1139.409,385.227
1565,37,255,1224.986,379.338
1566,79,255,380.285,381.373
1567,77,255,484.695,381.279
1568,92,255,685.870,382.272
1569,78,255,968.205,381.782
1570,67,255,1264.828,381.485
1571,41,255,147.963,381.500
1572,85,255,273.888,383.029
1573,77,255,348.136,383.058
1574,75,255,647.247,382.473
1575,79,255,1097.968,383.234
1576,67,255,1319.679,382.799
1577,67,255,1545.396,382.604
1578,60,255,1562.217,381.517
1579,30,255,365.300,382.167
1580,74,255,390.595,383.851
1581,53,255,945.708,383.066
1582,153,255,1016.324,387.343
1583,41,255,1085.817,382.524
1584,75,255,12.007,386.927
1585,32,255,527.781,382.656
1586,69,255,566.326,384.543
1587,42,255,125.833,385.048
1588,204,255,318.510,391.936
1589,119,255,778.046,386.534
1590,62,255,1151.532,385.597
1591,20,255,1184.600,383.550
1592,102,255,1343.863,386.127
1593,88,255,1402.261,386.159
1594,130,255,1432.815,389.108
1595,87,255,1592.603,386.534
1596,58,255,356.190,386.103
1597,45,255,507.500,384.989
1598,43,255,881.407,385.640
1599,142,255,984.796,389.070
1600,58,255,1044.897,386.172
1601,56,255,1079.161,388.054
1602,41,255,1231.183,385.646
1603,56,255,1305.554,386.554
1604,94,255,1363.670,388.043
1605,103,255,1495.403,388.121
1606,89,255,95.882,388.433
1607,121,255,185.219,389.054
1608,97,255,741.459,389.335
1609,139,255,1114.809,389.435
1610,84,255,1204.440,387.619
1611,51,255,1375.853,386.755
1612,58,255,520.776,387.759
1613,67,255,535.873,388.679
1614,122,255,1034.762,390.754
1615,123,255,48.037,390.313
1616,79,255,108.424,389.538
1617,101,255,599.916,390.243
1618,24,255,998.375,389.000
1619,204,255,288.525,393.201
1620,38,255,331.632,389.579
1621,68,255,367.956,389.882
1622,124,255,808.113,392.387
1623,66,255,867.561,390.652
1624,59,255,893.415,390.449
1625,73,255,929.925,391.171
1626,79,255,1415.918,390.867
1627,30,255,1447.000,388.567
1628,93,255,134.780,392.532
1629,136,255,431.088,394.618
1630,50,255,440.380,390.680
1631,51,255,552.461,390.363
1632,63,255,904.262,391.579
1633,92,255,1578.576,392.011
1634,213,255,656.960,397.650
1635,23,255,942.848,390.717
1636,59,255,1216.619,392.551
1637,36,255,1559.333,391.278
1638,125,255,167.940,396.836
1639,102,255,213.951,394.206
1640,156,255,480.545,394.660
1641,56,255,855.571,393.089
1642,23,255,86.326,393.457
1643,92,255,249.435,395.598
1644,192,255,835.646,398.828
1645,37,255,613.365,394.689
1646,83,255,1307.440,395.319
1647,55,255,404.227,396.518
1648,184,255,450.500,399.962
1649,81,255,507.821,396.611
1650,78,255,1064.372,398.949
1651,128,255,1538.227,399.617
1652,20,255,36.450,395.400
1653,64,255,634.453,397.984
1654,73,255,1465.445,397.527
1655,64,255,385.734,398.234
1656,167,255,915.147,402.039
1657,96,255,1445.531,398.667
1658,25,255,572.380,398.060
1659,57,255,701.325,399.798
1660,72,255,851.264,400.292
1661,124,255,1261.226,401.847
1662,52,255,713.865,400.192
1663,36,255,884.000,399.389
1664,69,255,1112.732,400.384
1665,107,255,1185.818,403.322
1666,41,255,1229.427,399.963
1667,60,255,1245.333,399.850
1668,69,255,1369.703,400.225
1669,46,255,242.370,401.543
1670,63,255,583.389,400.944
1671,57,255,756.272,400.886
1672,83,255,1053.199,402.693
1673,104,255,1152.087,401.788
1674,48,255,1196.438,401.333
1675,106,255,1489.094,403.170
1676,176,255,104.784,406.727
1677,42,255,203.238,402.643
1678,126,255,302.389,404.675
1679,50,255,348.760,401.660
1680,90,255,496.711,403.367
1681,71,255,953.937,402.246
1682,150,255,1169.240,406.513
1683,100,255,1520.350,404.560
1684,127,255,78.610,406.933
1685,118,255,260.212,406.110
1686,34,255,366.412,402.265
1687,123,255,1132.492,405.793
1688,96,255,1204.771,406.458
1689,120,255,1223.058,406.692
1690,58,255,1472.466,403.017
1691,56,255,275.286,404.000
1692,52,255,336.923,404.442
1693,67,255,781.396,404.291
1694,56,255,792.214,404.536
1695,65,255,874.762,404.808
1696,41,255,1086.573,403.159
1697,170,255,1342.429,409.229
1698,110,255,33.136,405.200
1699,29,255,54.224,404.121
1700,56,255,154.946,405.018
1701,103,255,394.316,408.966
1702,23,255,730.109,403.587
1703,72,255,800.472,406.319
1704,68,255,945.044,405.353
1705,108,255,981.731,407.806
1706,67,255,1509.515,406.007
1707,79,255,542.133,407.044
1708,46,255,554.522,405.848
1709,37,255,1237.608,405.716
1710,79,255,3.791,408.259
1711,138,255,515.942,409.819
1712,72,255,636.264,406.986
1713,76,255,1552.408,408.145
1714,73,255,71.240,410.240
1715,46,255,119.522,408.587
1716,75,255,377.513,408.607
1717,115,255,613.230,410.517
1718,67,255,719.336,408.425
1719,80,255,894.275,408.775
1720,27,255,1076.315,406.685
1721,66,255,1291.121,408.606
1722,84,255,1356.762,408.976
1723,45,255,1376.233,408.078
1724,129,255,140.213,412.694
1725,59,255,193.178,409.229
1726,48,255,343.583,408.688
1727,57,255,355.675,409.711
1728,73,255,579.637,409.925
1729,33,255,685.167,408.348
1730,92,255,1034.793,410.848
1731,38,255,184.000,409.632
1732,179,255,431.321,414.701
1733,133,255,1276.350,412.004
1734,56,255,1453.500,411.143
1735,28,255,694.000,409.071
1736,65,255,761.654,411.700
1737,66,255,1070.591,412.591
1738,84,255,1565.488,412.452
1739,22,255,20.818,410.455
1740,100,255,961.650,414.340
1741,67,255,1330.664,413.754
1742,76,255,1410.000,413.000
1743,55,255,1427.209,412.227
1744,57,255,309.693,413.237
1745,114,255,328.149,415.825
1746,63,255,415.151,413.738
1747,156,255,933.365,415.974
1748,54,255,973.500,413.907
1749,64,255,1049.859,412.484
1750,46,255,1442.565,412.435
1751,49,255,560.704,414.133
1752,35,255,752.271,412.986
1753,50,255,818.500,414.000
1754,131,255,1004.218,418.149
1755,85,255,1015.453,415.959
1756,44,255,1151.318,413.795
1757,55,255,1307.282,413.973
1758,31,255,1500.694,413.629
1759,63,255,157.960,415.437
1760,68,255,452.118,415.235
1761,47,255,473.160,415.372
1762,56,255,495.536,415.089
1763,58,255,807.776,417.569
1764,50,255,826.880,414.600
1765,152,255,668.500,419.401
1766,85,255,1491.841,416.853
1767,106,255,12.198,420.632
1768,49,255,285.316,416.867
1769,67,255,900.799,418.381
1770,97,255,1259.789,421.232
1771,112,255,254.071,420.205
1772,67,255,368.530,419.082
1773,77,255,405.487,419.955
1774,44,255,570.682,418.091
1775,67,255,844.396,418.425
1776,136,255,32.757,421.360
1777,64,255,549.516,419.312
1778,56,255,1101.804,418.786
1779,95,255,1180.237,420.047
1780,83,255,211.151,420.452
1781,114,255,299.991,421.912
1782,117,255,702.953,420.953
1783,55,255,771.045,419.882
1784,73,255,1201.226,420.623
1785,156,255,1302.135,424.750
1786,57,255,1548.693,419.763
1787,68,255,189.309,420.985
1788,42,255,236.405,421.143
1789,50,255,466.720,420.680
1790,59,255,584.669,421.737
1791,88,255,632.636,421.795
1792,95,255,1126.974,421.016
1793,79,255,1428.323,421.892
1794,66,255,344.091,422.242
1795,58,255,390.810,423.241
1796,29,255,607.741,421.500
1797,31,255,871.887,420.661
1798,32,255,1109.969,421.031
1799,132,255,1212.144,427.258
1800,114,255,59.140,425.289
1801,37,255,86.338,422.662
1802,122,255,596.189,427.270
1803,80,255,800.500,423.738
1804,73,255,1223.856,424.870
1805,179,255,1364.696,426.908
1806,68,255,1463.765,423.765
1807,56,255,452.429,423.339
1808,106,255,887.623,427.245
1809,56,255,1246.000,424.000
1810,57,255,1444.956,423.816
1811,64,255,481.656,425.797
1812,100,255,497.690,425.710
1813,68,255,854.309,425.206
1814,65,255,1472.515,425.654
1815,73,255,108.116,426.979
1816,108,255,178.389,430.009
1817,81,255,271.722,427.006
1818,26,255,357.654,424.615
1819,127,255,828.776,426.665
1820,69,255,987.297,426.514
1821,91,255,1090.060,427.412
1822,89,255,1151.522,427.803
1823,125,255,1389.652,428.052
1824,48,255,120.021,426.896
1825,34,255,169.000,426.500
1826,67,255,757.470,427.530
1827,36,255,1021.611,426.861
1828,78,255,1342.410,427.923
1829,30,255,320.867,426.867
1830,42,255,375.429,427.905
1831,43,255,873.849,427.360
1832,86,255,926.826,429.023
1833,71,255,543.993,429.134
1834,89,255,650.152,429.949
1835,86,255,1049.756,430.465
1836,71,255,1140.035,429.937
1837,48,255,74.729,430.521
1838,74,255,128.878,431.595
1839,63,255,199.325,429.960
1840,63,255,330.881,430.595
1841,66,255,343.439,430.030
1842,67,255,773.067,430.216
1843,137,255,1035.595,432.201
1844,23,255,1071.457,429.152
1845,36,255,1333.806,430.194
1846,84,255,1483.310,431.417
1847,54,255,914.056,430.944
1848,94,255,1321.617,432.851
1849,71,255,1501.289,431.303
1850,66,255,1558.742,431.455
1851,43,255,295.174,431.616
1852,43,255,691.756,431.453
1853,67,255,788.425,432.246
1854,109,255,737.711,434.775
1855,77,255,970.188,434.643
1856,104,255,1425.558,433.106
1857,65,255,1597.269,435.715
1858,98,255,363.153,435.418
1859,43,255,725.895,433.384
1860,84,255,1164.131,435.179
1861,64,255,1259.797,433.766
1862,105,255,429.129,436.538
1863,124,255,456.452,438.419
1864,70,255,574.800,436.271
1865,75,255,843.487,435.713
1866,113,255,897.004,438.040
1867,32,255,1412.125,434.656
1868,72,255,1524.986,435.958
1869,76,255,1547.053,436.632
1870,20,255,85.800,434.650
1871,110,255,217.355,439.418
1872,31,255,247.694,434.597
1873,70,255,681.543,437.186
1874,62,255,954.758,435.968
1875,137,255,1240.084,437.836
1876,59,255,1277.805,436.093
1877,47,255,1443.819,435.436
1878,33,255,256.439,436.712
1879,93,255,518.694,439.812
1880,60,255,566.100,437.350
1881,75,255,1380.660,438.300
1882,55,255,266.100,437.900
1883,54,255,470.889,437.907
1884,107,255,985.481,440.388
1885,93,255,1001.758,440.231
1886,21,255,1082.119,436.452
1887,74,255,1116.027,439.257
1888,59,255,75.619,439.042
1889,71,255,113.035,439.838
1890,80,255,239.787,440.562
1891,75,255,500.100,440.180
1892,109,255,619.069,441.335
1893,82,255,856.146,439.659
1894,69,255,964.152,441.210
1895,56,255,1021.429,438.625
1896,64,255,1103.078,439.312
1897,58,255,194.603,440.103
1898,60,255,399.617,441.083
1899,131,255,751.668,442.378
1900,38,255,800.868,439.289
1901,44,255,1051.205,440.523
1902,105,255,378.262,443.110
1903,80,255,528.175,442.387
1904,143,255,820.395,442.241
1905,55,255,943.336,441.555
1906,81,255,1270.105,443.389
1907,30,255,1296.367,440.800
1908,67,255,134.037,442.933
1909,61,255,696.631,442.320
1910,87,255,771.971,442.948
1911,113,255,1062.730,444.819
1912,49,255,1505.745,441.255
1913,102,255,95.422,444.980
1914,75,255,286.367,443.407
1915,39,255,721.346,442.192
1916,35,255,1011.900,443.443
1917,53,255,1406.953,443.255
1918,84,255,4.655,445.774
1919,70,255,156.629,444.986
1920,29,255,317.603,443.086
1921,64,255,1322.656,444.766
1922,67,255,34.694,445.306
1923,56,255,171.911,444.286
1924,97,255,548.985,447.345
1925,66,255,653.682,444.879
1926,25,255,793.060,443.740
1927,64,255,881.078,445.609
1928,30,255,1453.367,443.967
1929,42,255,630.452,445.690
1930,81,255,1078.006,447.907
1931,101,255,1192.421,448.322
1932,70,255,1335.000,446.500
1933,47,255,275.883,447.734
1934,35,255,936.329,447.071
1935,37,255,993.365,446.878
1936,103,255,1128.626,447.859
1937,42,255,1360.238,447.190
1938,63,255,1537.706,447.389
1939,52,255,1564.038,446.673
1940,34,255,16.000,447.676
1941,31,255,255.952,446.790
1942,114,255,809.140,450.482
1943,27,255,1284.093,446.574
1944,61,255,232.139,449.287
1945,116,255,584.207,452.603
1946,56,255,673.500,448.714
1947,73,255,714.651,449.500
1948,68,255,1498.338,450.632
1949,88,255,323.864,451.773
1950,84,255,487.679,450.917
1951,95,255,563.637,451.300
1952,20,255,705.600,449.000
1953,168,255,44.107,455.470
1954,52,255,188.885,450.885
1955,65,255,1303.638,450.838
1956,47,255,1596.968,450.840
1957,74,255,108.122,452.743
1958,36,255,222.833,451.528
1959,66,255,344.167,452.848
1960,98,255,603.867,454.612
1961,21,255,660.643,450.643
1962,108,255,892.528,453.926
1963,100,255,1178.240,453.780
1964,33,255,1436.348,451.227
1965,131,255,1467.882,456.073
1966,88,255,141.841,454.568
1967,78,255,352.359,454.654
1968,66,255,646.606,453.197
1969,67,255,1204.799,453.679
1970,53,255,1353.142,456.104
1971,114,255,71.061,454.877
1972,52,255,167.038,453.769
1973,42,255,746.643,453.238
1974,54,255,1094.796,453.870
1975,64,255,1165.094,454.516
1976,107,255,1272.079,457.444
1977,56,255,1287.071,453.750
1978,55,255,179.136,455.755
1979,38,255,205.079,454.579
1980,41,255,405.232,455.598
1981,97,255,433.067,455.985
1982,46,255,573.348,455.022
1983,88,255,696.500,456.500
1984,84,255,858.024,455.762
1985,82,255,907.451,457.073
1986,127,255,1400.350,457.539
1987,79,255,1444.158,455.513
1988,121,255,1483.219,457.136
1989,40,255,214.000,456.300
1990,107,255,414.593,458.715
1991,92,255,475.174,457.207
1992,70,255,785.800,456.271
1993,32,255,973.469,454.750
1994,43,255,1044.128,455.500
1995,121,255,1377.599,460.500
1996,49,255,1509.949,456.418
1997,82,255,1528.329,457.720
1998,58,255,1584.414,456.552
1999,80,255,122.950,457.712
2000,62,255,271.145,457.000
2001,60,255,448.683,456.650
2002,54,255,1004.444,456.981
2003,80,255,1070.225,457.575
2004,87,255,1248.431,457.626
2005,65,255,1319.131,457.269
2006,91,255,85.291,459.027
2007,118,255,364.653,460.508
2008,38,255,1342.421,457.474
2009,51,255,1416.069,458.088
2010,134,255,388.739,462.597
2011,46,255,542.391,459.348
2012,88,255,924.011,459.909
2013,81,255,1214.377,460.512
2014,52,255,1363.000,459.865
2015,68,255,1552.735,459.618
2016,74,255,524.108,460.919
2017,107,255,742.668,461.603
2018,49,255,1298.806,459.969
2019,58,255,510.017,461.155
2020,26,255,823.500,459.846
2021,104,255,1133.106,462.875
2022,69,255,1542.370,461.688
2023,20,255,234.650,460.950
2024,180,255,326.694,467.306
2025,50,255,498.280,462.100
2026,52,255,716.981,461.538
2027,129,255,835.198,463.911
2028,158,255,1336.038,466.165
2029,64,255,61.641,463.656
2030,70,255,453.914,463.800
2031,155,255,882.010,467.726
2032,94,255,1107.819,464.021
2033,55,255,1455.245,463.173
2034,44,255,564.659,463.568
2035,34,255,616.412,462.441
2036,65,255,728.177,465.792
2037,115,255,1033.883,466.952
2038,130,255,1237.800,466.531
2039,77,255,145.916,466.292
2040,68,255,210.632,465.338
2041,107,255,594.537,468.164
2042,80,255,860.150,465.312
2043,40,255,1055.000,465.225
2044,59,255,1284.246,464.483
2045,65,255,15.669,466.669
2046,68,255,198.368,467.294
2047,76,255,6.421,467.974
2048,60,255,706.500,467.000
2049,52,255,759.885,466.327
2050,50,255,930.300,466.820
2051,117,255,1148.944,469.038
2052,167,255,160.380,472.626
2053,97,255,277.222,468.253
2054,38,255,312.132,468.211
2055,67,255,668.634,468.634
2056,96,255,775.365,469.438
2057,74,255,951.581,469.378
2058,73,255,1019.103,469.048
2059,70,255,1527.886,468.786
2060,51,255,178.382,468.480
2061,83,255,257.235,470.114
2062,73,255,468.897,469.281
2063,93,255,679.177,470.661
2064,110,255,118.736,474.136
2065,31,255,434.274,468.565
2066,68,255,531.882,470.647
2067,96,255,654.385,471.375
2068,63,255,963.389,470.611
2069,49,255,1122.235,470.276
2070,24,255,1322.125,469.333
2071,90,255,100.956,471.144
2072,117,255,807.885,473.799
2073,55,255,1011.300,472.318
2074,87,255,1425.845,472.592
2075,39,255,1458.603,470.603
2076,92,255,68.902,473.272
2077,88,255,787.977,472.830
2078,110,255,943.245,476.073
2079,48,255,1576.771,471.604
2080,83,255,26.042,473.886
2081,154,255,510.104,476.721
2082,110,255,231.491,477.791
2083,112,255,1089.482,477.688
2084,57,255,631.974,475.307
2085,30,255,1157.733,475.367
2086,79,255,1199.196,476.196
2087,82,255,1266.976,477.927
2088,60,255,1295.550,476.133
2089,69,255,1410.978,475.355
2090,84,255,1441.000,475.690
2091,27,255,1564.574,474.463
2092,86,255,85.023,477.081
2093,127,255,492.350,477.437
2094,199,255,904.329,480.460
2095,174,255,1001.644,481.868
2096,110,255,1394.427,477.791
2097,55,255,219.464,477.427
2098,76,255,241.224,478.513
2099,68,255,280.456,477.309
2100,67,255,767.739,477.067
2101,121,255,1107.690,479.169
2102,143,255,1214.598,479.283
2103,42,255,1372.262,476.905
2104,77,255,1542.240,478.383
2105,86,255,38.674,478.837
2106,136,255,695.301,478.287
2107,65,255,848.146,479.177
2108,46,255,858.391,477.761
2109,98,255,976.153,480.765
2110,62,255,1286.839,479.016
2111,88,255,1595.068,478.614
2112,86,255,581.047,479.756
2113,29,255,750.052,477.914
2114,58,255,987.207,480.172
2115,43,255,1278.640,479.756
2116,91,255,1488.181,479.709
2117,123,255,131.224,480.858
2118,76,255,296.816,480.750
2119,93,255,821.844,481.253
2120,63,255,1321.675,479.944
2121,87,255,1577.626,480.603
2122,98,255,391.490,482.980
2123,45,255,467.967,480.300
2124,48,255,1254.250,480.500
2125,70,255,202.229,482.114
2126,149,255,374.876,484.889
2127,36,255,437.583,480.944
2128,44,255,532.886,481.250
2129,37,255,722.905,481.878
2130,87,255,1307.443,483.098
2131,83,255,1382.392,483.777
2132,97,255,420.015,484.562
2133,67,255,47.649,485.425
2134,148,255,307.655,488.993
2135,32,255,931.000,483.125
2136,56,255,1051.875,483.429
2137,21,255,1236.500,482.786
2138,88,255,1517.795,484.670
2139,95,255,596.805,487.679
2140,125,255,624.628,487.284
2141,44,255,755.568,484.545
2142,111,255,1018.554,487.275
2143,166,255,1134.199,489.554
2144,66,255,1419.545,485.439
2145,97,255,255.974,488.057
2146,24,255,332.833,484.083
2147,189,255,449.939,491.177
2148,28,255,569.571,485.429
2149,68,255,712.544,486.441
2150,79,255,797.525,487.335
2151,66,255,807.091,487.606
2152,22,255,1095.591,485.591
2153,102,255,1431.971,490.392
2154,56,255,1450.286,487.036
2155,42,255,1548.667,486.905
2156,105,255,405.386,491.490
2157,66,255,671.591,488.364
2158,60,255,1151.517,489.117
2159,92,255,1184.283,489.337
2160,47,255,1246.117,488.436
2161,132,255,99.515,493.568
2162,91,255,180.566,489.951
2163,66,255,197.758,489.727
2164,115,255,271.491,491.865
2165,144,255,346.479,492.451
2166,82,255,839.524,490.207
2167,66,255,5.833,490.394
2168,87,255,562.672,490.753
2169,87,255,606.764,493.017
2170,60,255,1075.683,489.900
2171,77,255,1292.201,491.201
2172,77,255,1350.474,490.760
2173,51,255,1527.520,490.245
2174,66,255,359.758,492.258
2175,81,255,534.364,492.179
2176,41,255,578.817,491.695
2177,63,255,966.310,491.595
2178,122,255,1035.525,494.770
2179,64,255,1112.969,490.969
2180,44,255,1487.159,489.909
2181,65,255,57.623,492.300
2182,73,255,230.870,492.541
2183,68,255,642.647,492.485
2184,110,255,945.145,495.900
2185,91,255,957.192,494.093
2186,114,255,1265.132,494.368
2187,63,255,1341.183,493.294
2188,55,255,1570.755,491.936
2189,66,255,219.242,494.121
2190,29,255,1044.328,491.914
2191,109,255,1167.261,494.023
2192,29,255,149.293,493.741
2193,92,255,171.543,498.054
2194,78,255,331.000,494.731
2195,78,255,467.000,494.667
2196,74,255,1458.189,494.919
2197,68,255,142.147,496.559
2198,76,255,285.145,496.434
2199,61,255,497.172,495.582
2200,84,255,549.298,496.798
2201,66,255,872.530,495.000
2202,45,255,913.189,495.100
2203,89,255,1370.713,495.039
2204,78,255,1508.641,496.051
2205,38,255,1537.421,494.500
2206,123,255,691.866,497.703
2207,31,255,725.048,495.081
2208,130,255,1312.662,500.185
2209,59,255,422.924,497.500
2210,65,255,896.315,498.269
2211,53,255,1051.292,497.160
2212,20,255,1063.550,495.600
2213,114,255,760.702,502.614
2214,121,255,775.293,501.161
2215,59,255,789.585,498.873
2216,35,255,1236.471,496.471
2217,63,255,70.643,498.786
2218,36,255,475.833,498.472
2219,143,255,650.290,504.164
2220,41,255,1091.061,498.402
2221,86,255,1185.163,498.733
2222,33,255,1422.742,498.348
2223,80,255,11.162,501.413
2224,62,255,34.290,500.823
2225,77,255,1557.058,501.110
2226,65,255,45.869,502.069
2227,58,255,128.000,501.224
2228,85,255,483.712,502.829
2229,63,255,677.706,502.087
2230,48,255,984.271,500.271
2231,45,255,1083.789,501.100
2232,112,255,1220.125,502.705
2233,60,255,1483.283,501.300
2234,47,255,536.798,501.436
2235,59,255,868.856,502.381
2236,90,255,1146.922,502.122
2237,113,255,1381.403,503.500
2238,68,255,588.529,504.074
2239,105,255,1100.205,504.957
2240,92,255,1363.978,503.696
2241,87,255,1398.523,503.856
2242,78,255,1543.000,506.397
2243,30,255,464.867,503.633
2244,88,255,1471.670,505.705
2245,70,255,75.214,505.829
2246,102,255,89.725,508.598
2247,100,255,381.860,506.590
2248,54,255,634.296,504.444
2249,29,255,736.017,503.845
2250,96,255,745.792,507.823
2251,85,255,916.006,505.947
2252,105,255,1281.233,506.567
2253,89,255,1410.994,506.478
2254,68,255,1568.882,505.647
2255,83,255,1596.873,507.958
2256,64,255,61.094,507.031
2257,50,255,809.700,506.100
2258,138,255,883.355,508.667
2259,57,255,516.553,507.395
2260,65,255,991.131,507.715
2261,77,255,1196.734,507.734
2262,50,255,1260.040,505.780
2263,102,255,1329.941,508.343
2264,74,255,106.108,508.919
2265,171,255,208.693,510.430
2266,87,255,319.741,510.385
2267,26,255,406.115,507.077
2268,72,255,505.917,508.347
2269,48,255,722.312,507.104
2270,49,255,830.561,508.745
2271,94,255,1068.500,509.521
2272,84,255,1242.000,509.012
2273,69,255,1521.688,509.036
2274,140,255,1583.586,512.143
2275,87,255,258.454,510.144
2276,23,255,290.500,508.239
2277,94,255,298.851,510.745
2278,87,255,1421.351,509.799
2279,44,255,38.023,509.682
2280,80,255,417.200,510.863
2281,46,255,712.261,509.935
2282,65,255,796.746,511.054
2283,66,255,816.712,510.182
2284,69,255,1151.051,509.877
2285,52,255,1483.365,509.538
2286,36,255,730.444,510.722
2287,155,255,976.661,514.023
2288,78,255,1026.410,512.295
2289,128,255,1439.344,513.719
2290,165,255,576.252,515.094
2291,126,255,627.770,513.373
2292,67,255,771.097,512.455
2293,30,255,1117.033,510.833
2294,132,255,1353.985,515.311
2295,35,255,126.729,512.129
2296,53,255,193.519,513.651
2297,57,255,546.237,513.447
2298,80,255,673.200,514.075
2299,70,255,895.686,513.414
2300,80,255,933.550,514.362
2301,25,255,1076.540,512.100
2302,113,255,1209.527,516.119
2303,35,255,27.100,512.986
2304,111,255,1039.239,516.599
2305,28,255,1249.893,513.000
2306,62,255,1457.032,514.903
2307,45,255,373.878,515.522
2308,58,255,721.810,515.172
2309,65,255,950.531,515.131
2310,81,255,1001.809,515.698
2311,64,255,1380.141,514.453
2312,41,255,1550.744,514.500
2313,69,255,362.848,516.312
2314,91,255,599.544,517.995
2315,24,255,805.708,515.500
2316,25,255,1134.380,514.540
2317,44,255,183.841,516.568
2318,85,255,274.935,517.606
2319,164,255,343.201,519.866
2320,66,255,430.182,517.394
2321,77,255,1285.890,517.682
2322,41,255,97.451,517.720
2323,42,255,393.571,517.690
2324,42,255,840.833,518.024
2325,123,255,1223.411,520.541
2326,60,255,1060.167,519.267
2327,95,255,1172.742,520.111
2328,33,255,66.015,519.955
2329,91,255,151.478,521.511
2330,82,255,515.756,520.402
2331,75,255,685.767,520.220
2332,112,255,1498.946,522.402
2333,108,255,614.944,523.537
2334,64,255,814.234,521.125
2335,79,255,867.032,521.829
2336,61,255,218.975,522.270
2337,57,255,439.763,522.886
2338,53,255,791.085,521.821
2339,94,255,995.745,523.585
2340,36,255,737.389,522.167
2341,46,255,1113.000,523.674
2342,82,255,1263.268,523.866
2343,76,255,128.000,524.395
2344,71,255,475.810,525.190
2345,100,255,550.320,524.900
2346,70,255,938.586,524.486
2347,86,255,954.709,525.023
2348,87,255,1251.661,525.293
2349,70,255,1539.529,525.243
2350,66,255,192.712,525.303
2351,85,255,310.371,526.124
2352,96,255,407.479,526.458
2353,98,255,490.000,526.888
2354,69,255,703.848,525.428
2355,63,255,1080.310,525.532
2356,172,255,1303.599,528.302
2357,30,255,103.233,525.333
2358,70,255,230.300,526.757
2359,69,255,459.268,526.297
2360,86,255,831.721,526.977
2361,59,255,1277.500,526.856
2362,68,255,1578.015,525.118
2363,66,255,53.636,527.364
2364,51,255,327.147,527.304
2365,70,255,535.171,528.000
2366,71,255,564.359,528.683
2367,63,255,1368.976,527.738
2368,68,255,1443.838,528.191
2369,73,255,1526.938,527.418
2370,46,255,181.196,527.891
2371,21,255,258.500,526.500
2372,67,255,359.470,528.455
2373,70,255,759.957,528.643
2374,55,255,801.755,528.155
2375,65,255,170.869,529.638
2376,45,255,522.589,529.900
2377,59,255,630.958,529.653
2378,98,255,904.592,530.541
2379,95,255,976.416,529.942
2380,63,255,1013.230,530.230
2381,58,255,1147.603,529.345
2382,120,255,1377.333,531.692
2383,68,255,1550.088,529.176
2384,71,255,239.514,533.162
2385,91,255,290.423,530.610
2386,38,255,390.500,529.000
2387,78,255,573.333,531.013
2388,63,255,8.643,532.103
2389,39,255,100.167,531.577
2390,83,255,375.355,532.018
2391,68,255,594.147,530.221
2392,56,255,921.286,530.714
2393,112,255,1035.786,533.259
2394,48,255,1403.333,531.521
2395,74,255,75.635,533.081
2396,123,255,684.183,533.996
2397,105,255,716.119,532.500
2398,28,255,18.750,532.607
2399,29,255,107.603,532.190
2400,45,255,215.767,532.500
2401,109,255,275.509,533.867
2402,74,255,440.986,533.608
2403,160,255,788.456,535.906
2404,83,255,1176.488,534.584
2405,116,255,1323.871,535.155
2406,165,255,1422.755,537.142
2407,36,255,33.639,532.889
2408,42,255,1088.405,533.476
2409,117,255,1106.551,535.902
2410,85,255,1121.147,535.441
2411,67,255,1137.515,535.366
2412,59,255,1596.585,534.178
2413,66,255,605.439,535.697
2414,80,255,999.737,535.975
2415,67,255,1189.933,535.843
2416,66,255,44.727,536.667
2417,74,255,127.108,536.162
2418,114,255,870.158,538.421
2419,83,255,1020.789,537.801
2420,124,255,1348.137,538.306
2421,69,255,1462.370,535.514
2422,37,255,52.878,536.689
2423,75,255,425.860,537.380
2424,75,255,739.020,538.060
2425,88,255,1230.193,537.955
2426,34,255,1526.529,535.941
2427,34,255,670.324,537.382
2428,60,255,880.250,538.333
2429,48,255,1479.792,538.000
2430,30,255,334.800,537.867
2431,73,255,496.801,539.527
2432,52,255,538.481,539.058
2433,76,255,1074.763,539.947
2434,127,255,1154.114,541.878
2435,81,255,1578.611,539.414
2436,75,255,66.473,541.540
2437,137,255,855.726,542.704
2438,89,255,1513.253,541.444
2439,68,255,243.324,541.912
2440,92,255,309.120,541.239
2441,65,255,399.654,543.392
2442,35,255,406.729,539.671
2443,69,255,469.993,541.167
2444,77,255,1266.019,541.370
2445,163,255,1361.101,544.936
2446,75,255,21.953,543.460
2447,56,255,208.321,541.804
2448,69,255,256.674,542.732
2449,74,255,325.581,541.959
2450,22,255,481.182,540.636
2451,52,255,919.865,541.212
2452,48,255,967.479,542.375
2453,117,255,1409.252,545.885
2454,65,255,1549.531,542.192
2455,39,255,1589.705,542.295
2456,150,255,165.180,545.167
2457,84,255,290.560,543.321
2458,61,255,620.369,542.730
2459,67,255,903.724,543.470
2460,81,255,1187.340,545.154
2461,79,255,1050.323,543.918
2462,85,255,1395.629,544.771
2463,51,255,96.971,545.108
2464,149,255,183.581,547.366
2465,146,255,383.712,547.603
2466,141,255,449.117,548.074
2467,92,255,957.304,546.109
2468,106,255,1207.962,546.774
2469,24,255,1276.333,544.667
2470,59,255,1319.619,544.975
2471,111,255,730.266,548.635
2472,106,255,834.292,547.887
2473,83,255,1307.476,547.500
2474,32,255,84.125,546.000
2475,91,255,551.368,547.984
2476,88,255,568.295,547.670
2477,165,255,645.755,549.530
2478,112,255,668.161,548.330
2479,60,255,146.150,548.617
2480,101,255,599.312,549.223
2481,147,255,1128.969,550.167
2482,83,255,1455.235,549.114
2483,43,255,1524.872,547.942
2484,31,255,108.081,548.532
2485,36,255,116.083,548.917
2486,119,255,358.878,549.878
2487,71,255,412.204,549.655
2488,90,255,1437.367,550.489
2489,77,255,488.981,550.942
2490,38,255,527.868,549.316
2491,52,255,744.231,550.192
2492,32,255,974.969,549.469
2493,36,255,1383.389,549.778
2494,35,255,229.414,550.386
2495,62,255,307.532,551.210
2496,72,255,338.042,551.917
2497,52,255,611.673,551.750
2498,102,255,700.833,552.833
2499,141,255,765.124,554.748
2500,120,255,892.317,553.667
2501,45,255,317.233,551.856
2502,81,255,424.895,553.204
2503,81,255,539.191,553.093
2504,74,255,924.378,552.230
2505,111,255,1092.509,552.869
2506,80,255,1340.400,552.663
2507,90,255,1505.711,554.789
2508,92,255,1565.163,553.598
2509,56,255,1597.000,553.000
2510,61,255,513.631,554.451
2511,43,255,1007.128,552.035
2512,73,255,623.336,554.500
2513,85,255,1271.806,555.112
2514,111,255,289.158,557.320
2515,71,255,502.599,555.599
2516,73,255,586.747,555.103
2517,29,255,1079.500,554.293
2518,119,255,1289.727,556.676
2519,34,255,1475.500,553.912
2520,96,255,1533.885,556.188
2521,149,255,715.399,559.708
2522,62,255,91.968,557.113
2523,22,255,372.182,556.136
2524,182,255,470.412,561.044
2525,91,255,1399.456,558.610
2526,45,255,2.344,558.722
2527,61,255,935.893,558.418
2528,96,255,1214.615,560.062
2529,47,255,1484.032,557.500
2530,84,255,79.238,560.179
2531,72,255,236.778,559.417
2532,72,255,737.639,559.861
2533,98,255,839.827,560.776
2534,49,255,1439.541,558.663
2535,96,255,22.302,560.958
2536,66,255,1335.182,560.939
2537,98,255,1463.092,561.765
2538,71,255,261.627,561.134
2539,71,255,278.965,562.218
2540,44,255,328.523,561.023
2541,99,255,349.096,563.116
2542,74,255,821.257,561.784
2543,88,255,867.193,562.114
2544,59,255,1589.178,562.127
2545,91,255,315.918,562.632
2546,37,255,361.257,560.608
2547,234,255,446.816,568.697
2548,68,255,784.485,562.221
2549,87,255,1385.672,563.454
2550,107,255,1516.033,563.911
2551,85,255,385.876,563.888
2552,55,255,985.827,563.627
2553,102,255,1038.196,563.843
2554,40,255,1200.850,562.025
2555,153,255,409.056,566.565
2556,122,255,1364.803,566.344
2557,134,255,215.515,567.134
2558,170,255,919.888,568.453
2559,190,255,1018.895,569.832
2560,81,255,1139.006,566.438
2561,50,255,1166.960,564.720
2562,80,255,1253.350,565.413
2563,86,255,1272.733,566.221
2564,56,255,858.411,566.161
2565,110,255,996.409,568.891
2566,94,255,1071.521,567.574
2567,170,255,1189.206,571.665
2568,83,255,1485.367,566.777
2569,118,255,1556.754,568.034
2570,87,255,64.006,567.960
2571,69,255,139.297,567.065
2572,67,255,198.978,567.440
2573,76,255,975.013,568.592
2574,103,255,1105.490,568.568
2575,144,255,93.986,570.451
2576,83,255,640.343,568.765
2577,60,255,952.550,567.750
2578,87,255,1205.454,569.466
2579,52,255,1537.519,568.135
2580,131,255,125.042,572.004
2581,92,255,337.609,570.728
2582,140,255,498.821,571.743
2583,61,255,665.762,569.959
2584,111,255,1433.986,571.194
2585,28,255,1598.250,569.250
2586,46,255,187.587,570.891
2587,58,255,395.828,571.466
2588,75,255,1084.367,570.527
2589,54,255,1176.759,570.759
2590,79,255,258.032,571.576
2591,137,255,1404.858,574.245
2592,33,255,555.591,571.348
2593,98,255,825.031,572.745
2594,28,255,937.607,570.464
2595,118,255,1048.280,575.051
2596,78,255,236.577,573.705
2597,42,255,481.024,572.738
2598,60,255,655.300,573.800
2599,135,255,962.544,576.248
2600,93,255,1310.812,574.339
2601,68,255,1331.294,573.191
2602,101,255,427.371,575.520
2603,41,255,693.622,573.695
2604,30,255,705.833,573.100
2605,22,255,721.409,572.409
2606,95,255,802.574,575.311
2607,62,255,849.000,574.290
2608,90,255,174.989,576.333
2609,81,255,526.500,576.796
2610,71,255,877.669,575.852
2611,83,255,34.994,576.765
2612,86,255,51.360,577.605
2613,90,255,148.367,577.400
2614,91,255,510.775,579.192
2615,66,255,1157.273,577.030
2616,55,255,350.009,575.918
2617,161,255,750.997,580.457
2618,75,255,775.527,578.073
2619,128,255,901.094,579.969
2620,102,255,1530.245,578.559
2621,79,255,12.462,579.525
2622,41,255,619.207,577.037
2623,113,255,681.004,579.934
2624,28,255,1077.571,576.929
2625,106,255,1474.434,580.019
2626,99,255,583.126,580.429
2627,43,255,472.942,579.663
2628,155,255,1294.926,582.829
2629,126,255,1585.540,583.889
2630,61,255,597.615,581.156
2631,80,255,715.600,581.763
2632,81,255,1064.537,581.414
2633,43,255,1107.756,580.616
2634,95,255,1442.437,582.974
2635,105,255,1503.271,582.348
2636,30,255,268.700,581.800
2637,36,255,1099.417,581.778
2638,47,255,1122.309,581.543
2639,106,255,1454.491,584.821
2640,172,255,111.994,585.779
2641,75,255,436.580,584.353
2642,52,255,1209.019,584.981
2643,126,255,1329.738,584.619
2644,79,255,932.703,584.829
2645,72,255,992.361,583.361
2646,79,255,1310.715,584.158
2647,29,255,1574.569,583.086
2648,78,255,464.346,585.923
2649,87,255,612.557,585.971
2650,62,255,639.968,584.919
2651,87,255,885.178,586.339
2652,71,255,1223.049,585.754
2653,51,255,1264.696,584.990
2654,155,255,1373.319,587.868
2655,57,255,1394.868,585.096
2656,74,255,85.243,586.851
2657,22,255,403.727,584.455
2658,89,255,540.747,587.871
2659,110,255,569.727,587.955
2660,125,255,868.892,588.340
2661,54,255,1491.630,586.111
2662,164,255,348.604,592.823
2663,84,255,21.369,588.857
2664,125,255,134.332,589.956
2665,96,255,488.688,589.979
2666,102,255,980.598,589.755
2667,58,255,1092.000,588.707
2668,67,255,1200.037,589.022
2669,144,255,1564.062,590.465
2670,65,255,1597.115,589.515
2671,91,255,528.522,590.610
2672,86,255,653.093,590.872
2673,174,255,850.000,591.201
2674,104,255,1076.163,590.106
2675,59,255,1154.839,588.941
2676,89,255,1273.500,589.848
2677,69,255,40.297,590.891
2678,71,255,50.810,591.063
2679,51,255,399.461,589.441
2680,53,255,674.179,590.198
2681,53,255,1101.292,590.028
2682,113,255,1406.774,592.270
2683,158,255,303.285,593.690
2684,112,255,1038.875,592.688
2685,127,255,633.083,594.894
2686,103,255,922.257,594.044
2687,73,255,1238.336,592.212
2688,27,255,1249.944,590.426
2689,87,255,723.776,594.017
2690,84,255,945.655,593.714
2691,69,255,210.601,594.717
2692,125,255,238.252,597.028
2693,69,255,366.399,594.601
2694,88,255,383.773,595.375
2695,74,255,598.689,594.932
2696,21,255,910.929,592.881
2697,135,255,1021.537,596.248
2698,62,255,1553.097,595.323
2699,113,255,280.907,596.447
2700,74,255,552.851,596.095
2701,84,255,710.333,596.679
2702,71,255,899.627,595.401
2703,63,255,1227.040,595.722
2704,62,255,1419.823,595.226
2705,78,255,95.167,597.115
2706,130,255,472.615,597.108
2707,94,255,683.255,597.394
2708,102,255,765.069,597.255
2709,113,255,996.650,596.863
2710,134,255,1126.164,597.493
2711,52,255,1449.750,595.788
2712,25,255,117.300,595.740
2713,68,255,661.956,597.838
2714,21,255,789.405,595.690
2715,64,255,821.203,598.828
2716,85,255,1478.276,597.994
2717,113,255,1508.084,599.013
2718,48,255,497.792,597.896
2719,194,255,1321.763,602.634
2720,55,255,1432.118,598.227
2721,88,255,933.830,600.625
2722,59,255,1356.229,598.788
2723,41,255,1440.744,598.915
2724,80,255,753.125,601.225
2725,118,255,1285.458,602.373
2726,95,255,1493.342,601.195
2727,114,255,174.728,602.439
2728,60,255,190.550,600.600
2729,104,255,541.173,602.654
2730,118,255,1046.822,603.636
2731,92,255,1186.130,602.435
2732,120,255,1591.350,603.083
2733,58,255,740.190,602.431
2734,47,255,793.968,603.032
2735,93,255,889.188,605.328
2736,115,255,1215.926,605.161
2737,39,255,1365.756,601.167
2738,63,255,138.929,603.405
2739,103,255,833.150,605.558
2740,111,255,902.158,605.212
2741,105,255,1068.490,605.176
2742,112,255,1145.098,604.214
2743,65,255,1164.100,602.762
2744,120,255,1338.558,605.017
2745,22,255,1389.000,601.000
2746,66,255,1465.712,604.242
2747,97,255,35.304,605.624
2748,80,255,261.800,604.987
2749,133,255,456.357,606.086
2750,68,255,984.750,604.647
2751,69,255,16.457,605.761
2752,109,255,427.069,606.665
2753,65,255,847.238,604.915
2754,98,255,83.908,607.633
2755,74,255,1231.973,607.149
2756,73,255,1417.116,606.664
2757,95,255,1571.153,607.058
2758,110,255,297.673,608.527
2759,74,255,505.811,607.149
2760,84,255,728.440,606.881
2761,83,255,952.476,608.464
2762,84,255,1254.869,608.655
2763,43,255,1539.221,606.826
2764,46,255,2.261,610.043
2765,103,255,273.131,610.578
2766,113,255,703.588,609.571
2767,78,255,783.718,608.577
2768,122,255,1110.230,612.754
2769,83,255,1546.367,610.331
2770,59,255,361.636,609.805
2771,102,255,379.657,611.255
2772,201,255,1013.968,613.540
2773,29,255,1084.190,607.741
2774,50,255,1449.640,608.000
2775,77,255,95.162,611.435
2776,55,255,932.682,609.373
2777,31,255,1383.694,609.532
2778,90,255,673.589,611.578
2779,43,255,852.500,611.267
2780,127,255,917.169,612.398
2781,63,255,1263.040,611.897
2782,63,255,640.532,611.563
2783,102,255,763.863,613.804
2784,66,255,1515.530,612.379
2785,93,255,155.597,613.543
2786,52,255,348.596,612.346
2787,98,255,746.367,616.143
2788,38,255,823.342,612.921
2789,60,255,1074.917,613.350
2790,86,255,111.651,614.930
2791,41,255,136.671,613.378
2792,77,255,466.214,615.188
2793,125,255,551.780,615.900
2794,41,255,1280.402,613.159
2795,117,255,1498.944,615.389
2796,127,255,195.854,617.232
2797,51,255,410.088,615.206
2798,101,255,479.955,617.243
2799,32,255,498.156,614.219
2800,45,255,969.367,614.522
2801,98,255,1094.071,617.010
2802,38,255,235.816,615.947
2803,59,255,684.653,616.415
2804,109,255,1132.683,617.610
2805,75,255,1292.140,617.207
2806,125,255,1359.916,618.476
2807,104,255,59.827,618.269
2808,39,255,1220.885,616.013
2809,108,255,244.713,619.639
2810,101,255,334.639,619.619
2811,116,255,439.233,619.552
2812,100,255,1036.490,619.580
2813,139,255,1156.975,622.140
2814,92,255,1177.337,620.054
2815,60,255,1593.333,618.567
2816,84,255,161.810,620.798
2817,88,255,361.614,619.034
2818,125,255,599.148,620.724
2819,40,255,952.650,618.725
2820,79,255,519.741,620.943
2821,42,255,1456.310,619.762
2822,41,255,1528.939,619.037
2823,46,255,963.826,620.674
2824,95,255,1416.005,622.521
2825,80,255,424.975,625.500
2826,66,255,787.303,622.606
2827,116,255,814.259,623.707
2828,204,255,981.779,626.162
2829,93,255,998.059,624.167
2830,124,255,1339.669,625.121
2831,66,255,417.591,624.682
2832,47,255,498.287,622.138
2833,64,255,625.609,623.094
2834,58,255,1435.948,623.121
2835,27,255,1515.315,622.389
2836,87,255,1188.109,625.741
2837,68,255,210.882,624.941
2838,113,255,862.597,627.606
2839,73,255,917.527,624.856
2840,102,255,1441.922,628.775
2841,70,255,470.857,627.257
2842,120,255,695.967,627.042
2843,117,255,1393.611,627.799
2844,25,255,28.340,626.100
2845,47,255,372.053,626.436
2846,112,255,673.598,629.518
2847,165,255,763.627,629.530
2848,95,255,1114.774,627.921
2849,77,255,1324.552,626.955
2850,86,255,1479.279,629.186
2851,90,255,1216.444,629.233
2852,74,255,1234.122,628.770
2853,60,255,1521.967,627.267
2854,87,255,1542.454,628.787
2855,49,255,327.643,629.378
2856,71,255,453.627,629.542
2857,42,255,484.976,629.310
2858,79,255,558.146,630.652
2859,102,255,570.873,631.853
2860,61,255,891.828,629.221
2861,83,255,1425.777,630.837
2862,109,255,175.592,631.243
2863,73,255,312.377,630.432
2864,130,255,876.646,632.938
2865,50,255,1142.780,629.800
2866,60,255,1352.733,630.183
2867,46,255,587.739,630.413
2868,76,255,623.039,630.316
2869,34,255,732.147,630.912
2870,56,255,24.804,633.357
2871,34,255,93.735,631.618
2872,64,255,125.906,631.859
2873,78,255,339.269,633.192
2874,56,255,395.571,633.357
2875,55,255,904.864,631.864
2876,61,255,950.631,632.057
2877,67,255,1079.619,632.157
2878,107,255,1306.481,633.369
2879,70,255,495.057,633.986
2880,132,255,1020.341,635.833
2881,116,255,1036.241,635.043
2882,39,255,1242.474,632.705
2883,90,255,46.100,634.278
2884,118,255,530.873,635.102
2885,114,255,744.623,637.316
2886,95,255,847.626,634.847
2887,67,255,1062.321,634.425
2888,61,255,1130.779,635.598
2889,97,255,11.943,637.469
2890,108,255,508.120,639.148
2891,51,255,1049.931,635.539
2892,117,255,641.030,638.953
2893,85,255,799.712,637.182
2894,71,255,938.965,637.697
2895,48,255,1192.458,636.271
2896,75,255,1478.687,639.847
2897,187,255,225.580,640.773
2898,118,255,433.297,639.559
2899,48,255,486.375,637.417
2900,126,255,1377.770,640.873
2901,97,255,293.149,639.933
2902,76,255,314.737,640.658
2903,109,255,369.894,641.931
2904,105,255,834.414,640.329
2905,80,255,1181.487,640.337
2906,103,255,1233.316,639.762
2907,59,255,1328.144,639.381
2908,92,255,1359.728,640.261
2909,61,255,1449.402,639.926
2910,141,255,155.677,642.216
2911,24,255,408.458,638.417
2912,31,255,594.532,639.016
2913,80,255,1093.175,641.450
2914,80,255,1458.688,642.050
2915,59,255,1537.686,641.398
2916,70,255,186.614,643.986
2917,48,255,1254.792,641.729
2918,82,255,1564.817,643.683
2919,39,255,1597.603,642.474
2920,89,255,610.140,643.376
2921,117,255,857.671,644.970
2922,57,255,1114.728,643.061
2923,71,255,1346.049,644.359
2924,151,255,1585.003,646.579
2925,97,255,710.871,645.232
2926,81,255,973.772,644.414
2927,95,255,1078.247,645.184
2928,104,255,1157.702,645.606
2929,154,255,1276.909,646.747
2930,28,255,1395.000,643.000
2931,80,255,1522.188,644.812
2932,125,255,142.948,649.132
2933,103,255,582.558,646.306
2934,147,255,660.003,648.228
2935,100,255,948.190,646.930
2936,98,255,1318.408,647.439
2937,98,255,1435.061,645.214
2938,88,255,733.830,647.136
2939,149,255,1050.279,647.272
2940,82,255,1216.110,647.073
2941,79,255,1503.411,646.652
2942,46,255,547.326,646.696
2943,120,255,1004.108,648.658
2944,26,255,132.077,646.731
2945,52,255,334.865,648.904
2946,67,255,688.963,647.649
2947,66,255,891.045,647.636
2948,131,255,1410.805,649.691
2949,108,255,457.000,650.806
2950,70,255,493.886,649.357
2951,91,255,802.511,649.643
2952,81,255,1033.019,650.759
2953,90,255,376.933,651.622
2954,53,255,919.915,650.009
2955,79,255,349.259,651.956
2956,177,255,413.460,655.308
2957,45,255,538.278,650.900
2958,144,255,1146.618,656.333
2959,99,255,1449.197,652.823
2960,125,255,39.340,653.684
2961,25,255,271.060,650.580
2962,117,255,601.782,653.782
2963,48,255,679.333,652.625
2964,39,255,697.885,651.859
2965,60,255,820.700,651.650
2966,74,255,1096.865,652.838
2967,81,255,260.673,655.216
2968,81,255,312.512,652.660
2969,22,255,962.182,651.364
2970,58,255,989.345,653.052
2971,59,255,26.297,654.669
2972,53,255,80.783,652.991
2973,79,255,243.259,654.665
2974,33,255,1394.894,652.894
2975,58,255,1086.034,655.724
2976,99,255,193.641,658.146
2977,41,255,743.159,655.549
2978,57,255,859.132,655.114
2979,38,255,1531.342,655.658
2980,93,255,1556.081,657.726
2981,45,255,793.056,656.633
2982,79,255,321.399,660.234
2983,147,255,638.228,661.262
2984,22,255,909.818,656.636
2985,167,255,1072.644,662.596
2986,48,255,1199.896,657.500
2987,73,255,1291.733,659.555
2988,74,255,232.865,659.892
2989,54,255,693.148,659.278
2990,115,255,887.361,660.639
2991,82,255,1013.415,660.707
2992,56,255,1434.893,658.714
2993,50,255,1567.800,659.140
2994,114,255,667.588,661.167
2995,92,255,716.826,661.609
2996,61,255,999.270,660.041
2997,77,255,1119.448,661.058
2998,101,255,1303.876,661.787
2999,88,255,395.602,661.739
3000,84,255,531.345,661.929
3001,43,255,586.035,660.570
3002,45,255,753.211,661.322
3003,167,255,180.392,666.452
3004,81,255,287.784,663.722
3005,107,255,434.921,663.360
3006,24,255,487.625,660.333
3007,108,255,819.935,663.463
3008,88,255,851.591,663.670
3009,94,255,1342.362,663.830
3010,37,255,1597.743,663.041
3011,123,255,556.931,664.898
3012,68,255,741.147,662.574
3013,35,255,921.614,662.757
3014,120,255,1041.425,664.142
3015,80,255,1482.287,663.788
3016,138,255,1506.906,666.870
3017,40,255,1586.450,662.325
3018,48,255,77.417,665.208
3019,116,255,109.784,665.948
3020,93,255,161.027,665.661
3021,84,255,518.536,665.012
3022,96,255,807.594,666.562
3023,48,255,1379.521,663.312
3024,98,255,1523.276,666.316
3025,69,255,202.558,665.630
3026,108,255,1215.287,666.509
3027,97,255,1258.933,665.881
3028,111,255,1402.212,667.329
3029,62,255,1494.516,665.500
3030,99,255,383.520,667.702
3031,45,255,761.544,666.056
3032,50,255,1238.900,666.520
3033,51,255,1354.971,666.186
3034,137,255,1324.157,670.442
3035,76,255,340.553,670.750
3036,39,255,621.372,668.141
3037,56,255,770.661,669.482
3038,111,255,1026.608,671.140
3039,112,255,1179.045,670.580
3040,99,255,1274.773,669.783
3041,51,255,1386.069,669.461
3042,82,255,1468.683,669.537
3043,52,255,1540.846,669.423
3044,52,255,1548.500,670.000
3045,118,255,239.780,671.407
3046,97,255,272.582,672.851
3047,117,255,576.209,672.321
3048,70,255,1374.086,670.800
3049,43,255,1430.965,668.895
3050,82,255,1447.427,670.988
3051,56,255,327.750,671.304
3052,23,255,698.935,669.761
3053,47,255,1164.713,669.947
3054,52,255,304.635,672.981
3055,134,255,879.784,675.813
3056,79,255,940.006,672.209
3057,108,255,980.861,673.630
3058,49,255,313.010,672.888
3059,80,255,428.550,673.788
3060,73,255,592.774,673.240
3061,31,255,1284.952,672.790
3062,35,255,1301.929,672.443
3063,87,255,864.856,676.569
3064,25,255,1149.460,674.380
3065,62,255,1528.484,675.919
3066,110,255,1577.245,676.573
3067,50,255,165.960,676.220
3068,84,255,210.036,676.857
3069,109,255,604.839,678.133
3070,36,255,686.639,675.111
3071,128,255,787.227,677.102
3072,71,255,1122.655,676.106
3073,33,255,1563.045,675.652
3074,97,255,363.325,677.943
3075,32,255,446.969,675.938
3076,53,255,488.274,676.840
3077,57,255,502.079,677.465
3078,114,255,561.263,679.184
3079,87,255,646.615,678.672
3080,73,255,727.322,678.267
3081,106,255,851.226,678.000
3082,91,255,1066.951,678.423
3083,57,255,1268.360,677.588
3084,129,255,1340.112,678.554
3085,116,255,1414.034,677.974
3086,135,255,56.107,680.485
3087,83,255,191.030,679.127
3088,91,255,391.544,679.126
3089,60,255,466.467,678.267
3090,70,255,899.857,678.643
3091,30,255,1159.867,677.133
3092,52,255,1481.327,677.500
3093,73,255,547.623,680.021
3094,63,255,657.865,679.548
3095,87,255,707.236,680.144
3096,78,255,740.564,680.756
3097,51,255,951.069,679.500
3098,29,255,1277.638,678.086
3099,47,255,1399.074,678.543
3100,103,255,483.432,683.927
3101,119,255,512.853,682.634
3102,31,255,835.177,679.113
3103,64,255,1109.047,680.750
3104,31,255,1354.758,678.887
3105,98,255,1079.878,682.255
3106,85,255,292.841,682.524
3107,76,255,1374.105,682.276
3108,20,255,1435.400,680.450
3109,72,255,83.667,683.972
3110,78,255,444.885,683.821
3111,50,255,992.960,682.660
3112,28,255,73.786,683.607
3113,21,255,940.881,681.929
3114,43,255,1098.616,683.616
3115,73,255,1198.486,684.870
3116,86,255,1586.523,685.616
3117,34,255,248.500,684.000
3118,70,255,537.971,688.486
3119,118,255,1293.271,687.390
3120,32,255,28.094,685.656
3121,119,255,40.618,688.307
3122,54,255,1054.426,686.204
3123,87,255,1234.155,687.362
3124,77,255,1561.799,688.526
3125,43,255,369.453,686.221
3126,65,255,844.792,687.485
3127,71,255,910.655,687.444
3128,51,255,931.363,686.676
3129,76,255,1014.645,687.526
3130,115,255,1028.709,689.622
3131,71,255,1131.599,687.176
3132,122,255,1483.123,689.180
3133,48,255,114.646,687.271
3134,67,255,1253.664,688.381
3135,105,255,130.443,690.814
3136,94,255,316.489,690.170
3137,113,255,588.190,690.332
3138,81,255,633.142,690.364
3139,75,255,772.980,691.687
3140,105,255,894.033,691.176
3141,111,255,970.815,691.572
3142,121,255,1363.872,691.814
3143,77,255,1427.604,688.747
3144,92,255,1447.880,690.359
3145,28,255,1469.321,687.893
3146,107,255,1501.621,690.565
3147,74,255,1539.162,689.676
3148,80,255,682.125,689.987
3149,152,255,819.191,692.500
3150,52,255,867.865,690.250
3151,133,255,1167.237,695.643
3152,63,255,1387.230,691.151
3153,42,255,1457.595,689.881
3154,85,255,804.512,692.453
3155,84,255,1148.381,691.786
3156,93,255,1332.070,691.339
3157,45,255,1399.278,689.878
3158,66,255,300.030,692.682
3159,64,255,554.938,692.656
3160,51,255,784.343,691.618
3161,60,255,922.067,692.917
3162,46,255,380.696,692.717
3163,114,255,734.412,694.158
3164,57,255,947.430,693.114
3165,63,255,1264.690,693.040
3166,44,255,1591.295,692.409
3167,139,255,13.004,697.025
3168,134,255,210.836,696.388
3169,36,255,476.389,693.028
3170,61,255,514.320,694.385
3171,56,255,937.429,695.071
3172,83,255,97.151,696.090
3173,124,255,350.161,697.927
3174,35,255,367.843,694.386
3175,69,255,619.268,695.848
3176,51,255,835.833,695.147
3177,57,255,1052.219,694.816
3178,73,255,1523.445,697.555
3179,41,255,73.354,696.598
3180,138,255,242.167,699.964
3181,112,255,1547.223,700.857
3182,108,255,442.176,698.926
3183,114,255,709.377,698.833
3184,130,255,1205.915,699.146
3185,54,255,1236.093,697.648
3186,53,255,1307.991,697.443
3187,119,255,564.643,701.080
3188,52,255,653.154,698.712
3189,93,255,1123.866,700.220
3190,47,255,1432.479,698.074
3191,53,255,157.519,700.934
3192,91,255,595.181,700.313
3193,113,255,671.119,701.358
3194,73,255,1251.363,700.336
3195,114,255,187.228,702.693
3196,98,255,1074.429,702.255
3197,55,255,1322.645,700.736
3198,29,255,1374.293,699.603
3199,33,255,2.136,702.136
3200,88,255,476.318,701.739
3201,48,255,687.500,702.688
3202,86,255,1272.360,703.919
3203,70,255,1512.314,702.200
3204,134,255,31.060,704.731
3205,142,255,82.359,706.810
3206,110,255,329.655,705.000
3207,42,255,754.667,702.190
3208,135,255,1565.248,705.537
3209,33,255,908.258,703.409
3210,41,255,969.378,703.134
3211,70,255,1387.300,705.514
3212,106,255,1487.651,706.009
3213,67,255,132.321,705.082
3214,93,255,389.855,705.618
3215,40,255,424.325,704.800
3216,62,255,513.629,705.339
3217,110,255,878.109,706.627
3218,88,255,1293.125,707.943
3219,101,255,1353.738,706.124
3220,99,255,1444.187,707.015
3221,132,255,107.568,708.083
3222,107,255,491.107,708.444
3223,135,255,747.085,708.270
3224,102,255,852.814,708.255
3225,48,255,865.250,706.312
3226,30,255,935.000,705.333
3227,53,255,778.557,707.123
3228,83,255,792.440,707.994
3229,45,255,839.167,706.633
3230,63,255,917.437,706.040
3231,65,255,1113.685,707.269
3232,91,255,1186.544,707.896
3233,73,255,1283.966,708.253
3234,76,255,1309.789,707.132
3235,50,255,1340.440,706.740
3236,46,255,164.587,709.717
3237,95,255,365.584,709.437
3238,65,255,1046.931,708.023
3239,80,255,302.850,708.812
3240,104,255,406.942,710.337
3241,106,255,529.434,711.377
3242,67,255,617.590,709.381
3243,56,255,763.625,709.375
3244,115,255,1099.335,712.074
3245,41,255,1157.500,708.963
3246,31,255,289.694,710.113
3247,83,255,653.825,710.500
3248,57,255,1429.377,709.588
3249,59,255,1528.449,709.873
3250,67,255,705.918,710.903
3251,62,255,1245.371,710.903
3252,89,255,151.118,714.219
3253,91,255,553.214,713.005
3254,48,255,1420.021,712.104
3255,91,255,57.324,714.456
3256,95,255,223.911,715.237
3257,67,255,570.097,713.172
3258,75,255,8.100,714.820
3259,101,255,506.955,714.965
3260,42,255,1321.476,712.881
3261,74,255,1466.622,715.216
3262,76,255,825.145,715.355
3263,80,255,838.575,715.325
3264,28,255,913.214,713.286
3265,80,255,1074.050,715.712
3266,91,255,1135.500,715.841
3267,142,255,348.169,719.254
3268,23,255,977.891,714.457
3269,88,255,1173.159,718.148
3270,92,255,609.120,718.022
3271,81,255,723.821,717.216
3272,62,255,1146.048,718.242
3273,47,255,1384.032,716.926
3274,112,255,1454.509,719.304
3275,133,255,121.635,720.951
3276,135,255,249.404,721.174
3277,56,255,262.714,717.982
3278,78,255,302.462,718.192
3279,84,255,771.393,719.155
3280,20,255,1086.050,716.450
3281,28,255,1110.714,716.714
3282,65,255,1536.992,718.008
3283,83,255,1568.114,718.476
3284,105,255,391.110,719.833
3285,101,255,443.817,719.609
3286,63,255,661.294,719.563
3287,53,255,1314.877,719.915
3288,74,255,1407.324,720.162
3289,45,255,169.167,720.100
3290,35,255,231.929,719.214
3291,130,255,320.685,723.054
3292,132,255,410.409,724.652
3293,131,255,471.202,721.279
3294,60,255,492.367,720.433
3295,114,255,623.132,722.640
3296,88,255,1236.216,721.670
3297,79,255,1427.310,719.816
3298,95,255,16.995,722.574
3299,90,255,1338.211,721.811
3300,97,255,1359.634,722.036
3301,169,255,36.891,724.683
3302,60,255,790.283,722.600
3303,52,255,885.250,722.115
3304,51,255,1047.912,722.892
3305,41,255,1324.159,721.061
3306,45,255,1589.678,721.833
3307,113,255,197.836,724.217
3308,37,255,753.608,721.905
3309,81,255,1221.562,723.228
3310,46,255,1493.022,722.174
3311,108,255,1294.481,726.713
3312,106,255,89.849,726.302
3313,50,255,867.340,725.040
3314,46,255,1105.261,724.217
3315,70,255,1275.757,724.957
3316,78,255,422.333,727.654
3317,59,255,485.585,726.398
3318,41,255,577.012,725.573
3319,65,255,777.885,726.038
3320,80,255,903.413,725.837
3321,174,255,951.661,730.247
3322,116,255,976.388,730.112
3323,93,255,997.489,726.489
3324,54,255,1025.833,726.389
3325,71,255,1476.331,727.134
3326,66,255,1530.424,727.833
3327,60,255,132.533,728.400
3328,32,255,651.781,727.312
3329,66,255,1182.182,728.682
3330,43,255,1306.058,727.919
3331,169,255,1576.104,730.500
3332,35,255,228.500,728.500
3333,66,255,712.561,729.348
3334,82,255,1008.878,731.488
3335,67,255,1078.037,729.052
3336,55,255,1250.645,729.373
3337,40,255,937.725,730.450
3338,45,255,967.633,729.611
3339,102,255,1552.020,731.422
3340,58,255,276.845,730.914
3341,67,255,449.142,732.037
3342,168,255,212.542,735.565
3343,60,255,673.300,732.433
3344,101,255,858.025,736.728
3345,93,255,522.790,734.016
3346,125,255,1384.204,735.420
3347,84,255,1491.155,733.321
3348,57,255,1046.746,734.412
3349,60,255,1062.233,734.100
3350,24,255,1189.125,732.500
3351,94,255,1405.872,734.755
3352,105,255,1440.995,735.233
3353,46,255,1520.870,734.130
3354,29,255,142.086,733.776
3355,21,255,551.548,733.310
3356,125,255,751.452,736.156
3357,60,255,793.850,734.850
3358,64,255,909.734,735.172
3359,123,255,927.183,737.427
3360,66,255,1271.788,734.500
3361,68,255,542.706,737.294
3362,61,255,585.549,735.467
3363,69,255,769.964,736.181
3364,69,255,826.399,736.993
3365,31,255,869.339,734.371
3366,75,255,1232.260,735.740
3367,81,255,65.006,738.093
3368,87,255,174.971,737.948
3369,70,255,837.500,738.257
3370,158,255,239.747,741.620
3371,30,255,349.867,736.867
3372,117,255,504.449,738.509
3373,66,255,606.652,737.985
3374,82,255,701.537,738.085
3375,68,255,989.824,738.191
3376,110,255,1217.727,741.227
3377,140,255,1422.357,740.321
3378,85,255,1470.724,738.665
3379,86,255,122.105,740.860
3380,32,255,136.781,738.312
3381,86,255,159.884,740.326
3382,72,255,418.319,739.194
3383,71,255,459.711,740.176
3384,92,255,558.957,740.359
3385,55,255,783.027,738.918
3386,129,255,1110.050,742.632
3387,102,255,1324.539,739.627
3388,102,255,1505.225,742.275
3389,116,255,673.017,741.009
3390,162,255,1071.895,743.123
3391,47,255,8.138,741.011
3392,63,255,19.198,741.881
3393,30,255,631.733,741.500
3394,40,255,967.275,739.850
3395,68,255,1039.059,741.706
3396,59,255,1123.500,741.873
3397,104,255,1185.317,741.885
3398,144,255,367.903,745.472
3399,102,255,647.206,743.284
3400,49,255,897.929,741.541
3401,85,255,1097.147,742.829
3402,28,255,1135.429,741.750
3403,87,255,998.914,744.879
3404,71,255,76.965,745.556
3405,76,255,330.645,747.039
3406,71,255,524.556,745.697
3407,72,255,947.500,745.111
3408,74,255,1144.892,746.284
3409,60,255,1267.317,745.233
3410,63,255,448.214,745.516
3411,20,255,816.000,745.000
3412,56,255,1254.446,746.357
3413,43,255,1555.035,745.570
3414,44,255,1591.068,745.045
3415,58,255,536.431,746.603
3416,101,255,609.965,749.262
3417,72,255,721.903,748.194
3418,88,255,869.807,747.648
3419,89,255,1341.601,746.826
3420,24,255,33.917,746.292
3421,75,255,217.673,748.833
3422,66,255,339.015,749.712
3423,82,255,623.341,750.744
3424,74,255,710.351,749.432
3425,58,255,1201.845,748.483
3426,151,255,1389.917,749.772
3427,89,255,1406.365,748.961
3428,68,255,696.559,748.721
3429,68,255,938.559,749.250
3430,66,255,1132.667,749.742
3431,45,255,1276.678,749.033
3432,62,255,190.516,753.290
3433,43,255,358.663,749.942
3434,34,255,393.294,749.382
3435,63,255,790.071,749.532
3436,137,255,1030.595,754.551
3437,78,255,1286.782,752.513
3438,39,255,1470.808,748.782
3439,128,255,1485.445,752.148
3440,105,255,1573.833,751.433
3441,71,255,59.725,751.007
3442,70,255,156.429,751.457
3443,80,255,893.150,751.462
3444,93,255,1433.522,752.328
3445,42,255,133.452,751.429
3446,61,255,6.238,752.861
3447,133,255,34.477,755.613
3448,42,255,168.357,753.190
3449,99,255,595.985,754.409
3450,35,255,974.586,751.700
3451,116,255,248.491,755.836
3452,26,255,459.231,753.115
3453,96,255,121.156,755.615
3454,109,255,512.326,756.748
3455,55,255,767.700,755.027
3456,83,255,861.910,756.452
3457,84,255,909.369,755.476
3458,106,255,1519.991,755.623
3459,129,255,275.291,758.516
3460,103,255,1321.073,756.519
3461,66,255,1352.773,756.152
3462,78,255,1593.346,757.064
3463,117,255,573.278,759.500
3464,51,255,635.873,757.441
3465,78,255,776.487,757.936
3466,80,255,1192.862,757.812
3467,131,255,1449.889,758.737
3468,55,255,353.536,760.373
3469,65,255,400.423,758.500
3470,112,255,690.652,759.964
3471,85,255,966.712,758.194
3472,158,255,1016.304,761.057
3473,163,255,661.021,762.353
3474,46,255,756.152,758.978
3475,91,255,1102.126,760.181
3476,45,255,1336.011,759.078
3477,37,255,450.392,759.743
3478,89,255,484.096,760.803
3479,41,255,528.793,759.451
3480,60,255,796.500,760.000
3481,87,255,932.833,760.787
3482,84,255,1073.548,761.262
3483,35,255,1141.986,759.814
3484,40,255,1152.100,759.000
3485,180,255,1219.378,762.067
3486,78,255,1359.962,761.218
3487,66,255,1539.061,760.470
3488,67,255,1585.291,761.590
3489,59,255,224.839,762.941
3490,37,255,366.068,760.257
3491,50,255,707.040,760.680
3492,86,255,838.186,761.372
3493,81,255,885.475,761.389
3494,63,255,1238.421,762.008
3495,80,255,342.587,764.487
3496,74,255,821.568,763.230
3497,92,255,987.261,764.391
3498,123,255,1130.004,766.167
3499,143,255,1301.514,765.675
3500,81,255,1414.241,763.512
3501,64,255,1476.031,764.953
3502,110,255,62.382,766.300
3503,91,255,419.918,764.720
3504,99,255,1056.369,765.551
3505,99,255,98.025,766.732
3506,67,255,237.112,767.575
3507,76,255,394.079,766.355
3508,71,255,725.444,764.824
3509,75,255,997.300,766.367
3510,84,255,1513.298,766.060
3511,42,255,472.262,765.690
3512,70,255,642.986,766.471
3513,62,255,894.839,767.290
3514,26,255,1344.923,764.731
3515,86,255,119.802,767.605
3516,142,255,444.641,770.768
3517,26,255,545.538,765.808
3518,48,255,1045.188,767.312
3519,73,255,1251.130,767.267
3520,53,255,190.443,766.953
3521,52,255,1177.269,768.404
3522,131,255,1268.584,769.576
3523,103,255,1555.180,769.267
3524,51,255,270.735,769.265
3525,76,255,739.487,769.355
3526,75,255,1574.953,769.753
3527,145,255,519.486,772.341
3528,141,255,859.365,772.777
3529,58,255,1033.138,769.172
3530,85,255,1154.794,770.335
3531,77,255,7.968,771.448
3532,46,255,158.130,770.391
3533,86,255,535.256,772.453
3534,20,255,561.650,769.750
3535,127,255,596.776,773.713
3536,61,255,712.943,770.615
3537,60,255,840.567,770.533
3538,26,255,920.192,770.923
3539,75,255,967.540,772.260
3540,27,255,1099.759,770.426
3541,43,255,23.849,772.942
3542,55,255,170.955,773.573
3543,73,255,353.938,773.486
3544,42,255,461.357,772.310
3545,71,255,910.458,773.528
3546,65,255,940.300,773.346
3547,122,255,1068.008,775.115
3548,130,255,1172.515,777.808
3549,149,255,1200.701,776.567
3550,77,255,1395.292,773.500
3551,126,255,1535.532,774.175
3552,103,255,575.772,774.956
3553,63,255,881.135,773.437
3554,153,255,1237.572,775.833
3555,117,255,1486.611,775.774
3556,55,255,608.336,775.391
3557,114,255,769.096,777.368
3558,67,255,1022.858,775.396
3559,57,255,1326.395,775.184
3560,67,255,1336.933,777.082
3561,47,255,628.521,776.266
3562,50,255,694.860,776.600
3563,37,255,1008.824,776.068
3564,75,255,1356.940,777.473
3565,149,255,1377.446,779.319
3566,62,255,33.903,778.226
3567,72,255,87.208,778.375
3568,82,255,396.720,778.793
3569,51,255,499.186,778.108
3570,90,255,661.044,779.111
3571,97,255,801.892,779.170
3572,62,255,1082.355,778.097
3573,99,255,131.136,779.955
3574,42,255,724.595,778.286
3575,44,255,735.659,778.591
3576,125,255,786.340,780.244
3577,71,255,1470.190,779.739
3578,79,255,211.753,780.158
3579,87,255,487.144,781.397
3580,149,255,678.661,782.755
3581,24,255,923.833,778.375
3582,49,255,1448.194,779.622
3583,70,255,103.000,781.500
3584,61,255,710.123,780.270
3585,65,255,814.623,781.562
3586,76,255,1095.566,782.118
3587,57,255,182.447,782.342
3588,42,255,333.595,782.786
3589,92,255,1571.413,782.837
3590,68,255,193.515,784.544
3591,90,255,547.278,784.067
3592,63,255,573.960,783.278
3593,54,255,846.926,783.000
3594,93,255,1037.328,785.124
3595,131,255,1273.233,785.179
3596,38,255,1400.921,782.026
3597,62,255,1459.855,784.435
3598,44,255,507.455,783.159
3599,77,255,1023.812,784.292
3600,60,255,1105.283,784.650
3601,68,255,1119.368,784.309
3602,84,255,1499.000,784.619
3603,54,255,1521.315,784.185
3604,20,255,1547.700,782.850
3605,43,255,386.663,784.686
3606,95,255,471.321,785.879
3607,82,255,637.207,785.207
3608,74,255,1139.959,786.446
3609,81,255,1346.981,785.969
3610,51,255,41.225,785.873
3611,57,255,247.956,785.307
3612,87,255,952.397,786.649
3613,58,255,1009.586,786.172
3614,93,255,1151.812,787.866
3615,71,255,115.218,786.768
3616,132,255,411.447,787.765
3617,61,255,431.533,786.090
3618,47,255,698.181,785.798
3619,45,255,1228.344,785.856
3620,28,255,1388.786,785.393
3621,77,255,1594.812,788.201
3622,57,255,175.939,787.658
3623,22,255,835.091,786.818
3624,138,255,902.797,789.790
3625,53,255,1444.840,787.651
3626,84,255,734.286,789.857
3627,93,255,1246.285,789.349
3628,74,255,1408.014,789.297
3629,79,255,452.753,790.690
3630,64,255,774.781,790.453
3631,68,255,874.412,790.103
3632,44,255,935.886,789.909
3633,81,255,1076.858,789.611
3634,99,255,1195.692,791.611
3635,81,255,1297.895,791.006
3636,88,255,74.023,792.875
3637,57,255,265.904,791.395
3638,39,255,515.397,789.987
3639,44,255,607.659,792.000
3640,29,255,1049.224,789.845
3641,30,255,1164.367,789.533
3642,73,255,1537.500,790.733
3643,61,255,597.648,791.844
3644,67,255,988.873,792.530
3645,30,255,207.567,791.633
3646,74,255,747.189,794.203
3647,57,255,817.746,792.868
3648,69,255,1180.529,794.036
3649,118,255,1285.746,796.508
3650,110,255,1336.964,796.455
3651,36,255,1436.611,792.944
3652,68,255,60.574,795.029
3653,64,255,98.938,794.188
3654,76,255,276.408,794.592
3655,95,255,484.889,794.963
3656,84,255,506.417,794.583
3657,55,255,615.264,794.173
3658,79,255,113.095,794.880
3659,71,255,626.852,795.782
3660,37,255,808.581,794.662
3661,53,255,1003.462,794.179
3662,115,255,1086.091,797.335
3663,50,255,1206.360,795.340
3664,168,255,1363.714,799.036
3665,72,255,1424.889,795.306
3666,75,255,1475.233,795.687
3667,63,255,195.325,796.246
3668,57,255,330.009,795.342
3669,61,255,345.582,795.730
3670,67,255,361.843,795.813
3671,59,255,471.110,795.975
3672,75,255,541.113,796.180
3673,48,255,695.417,795.833
3674,104,255,862.308,796.933
3675,59,255,1023.381,794.805
3676,66,255,1107.561,796.530
3677,31,255,1502.758,795.242
3678,75,255,247.580,797.153
3679,28,255,638.750,796.214
3680,56,255,720.000,797.214
3681,68,255,927.882,797.191
3682,74,255,1382.270,796.932
3683,91,255,1558.731,797.082
3684,64,255,147.250,797.703
3685,106,255,669.302,799.236
3686,57,255,917.956,797.763
3687,74,255,962.405,798.270
3688,68,255,1226.000,798.000
3689,102,255,1312.039,799.882
3690,102,255,214.559,800.176
3691,84,255,752.893,801.452
3692,69,255,1249.370,799.399
3693,77,255,178.058,800.474
3694,74,255,580.324,800.649
3695,83,255,882.127,801.018
3696,77,255,1407.526,800.851
3697,83,255,388.078,801.620
3698,103,255,523.150,802.840
3699,24,255,594.917,799.667
3700,85,255,777.653,801.806
3701,47,255,984.670,800.138
3702,88,255,1547.341,803.159
3703,46,255,1096.435,801.891
3704,97,255,1170.015,803.345
3705,41,255,1446.866,801.037
3706,41,255,1482.378,801.793
3707,72,255,137.014,803.653
3708,114,255,318.702,806.368
3709,60,255,1070.000,802.567
3710,28,255,1272.357,801.714
3711,47,255,1435.202,802.968
3712,25,255,1598.300,803.340
3713,110,255,343.900,805.009
3714,74,255,415.284,805.176
3715,101,255,447.005,806.579
3716,90,255,642.311,804.378
3717,107,255,997.921,806.481
3718,52,255,1029.885,805.058
3719,88,255,1145.807,804.841
3720,80,255,368.575,805.350
3721,60,255,1022.050,806.150
3722,73,255,1126.938,806.144
3723,52,255,1494.846,804.596
3724,118,255,1508.542,807.093
3725,88,255,85.443,807.091
3726,40,255,407.000,806.375
3727,39,255,837.295,805.808
3728,46,255,1266.478,806.217
3729,88,255,71.545,808.227
3730,84,255,613.226,808.440
3731,34,255,1039.265,806.500
3732,36,255,1206.222,805.611
3733,79,255,1235.171,807.968
3734,89,255,1451.590,808.017
3735,88,255,1573.239,807.693
3736,123,255,160.598,810.654
3737,114,255,196.114,808.974
3738,59,255,1375.669,808.008
3739,58,255,544.414,808.500
3740,136,255,671.066,811.735
3741,112,255,953.920,810.339
3742,61,255,1189.516,808.861
3743,128,255,1393.594,810.180
3744,55,255,397.482,810.373
3745,85,255,485.500,810.876
3746,121,255,807.285,811.607
3747,56,255,918.589,809.696
3748,50,255,984.700,809.620
3749,81,255,119.994,812.179
3750,99,255,260.348,812.308
3751,39,255,505.064,811.192
3752,60,255,599.283,810.867
3753,69,255,933.601,811.558
3754,48,255,1283.000,810.292
3755,82,255,586.573,813.232
3756,86,255,1210.953,812.640
3757,105,255,1426.795,813.795
3758,59,255,1463.314,812.771
3759,55,255,246.991,813.118
3760,77,255,1412.552,813.448
3761,129,255,293.655,815.810
3762,34,255,434.559,813.176
3763,58,255,790.310,813.397
3764,23,255,858.891,812.587
3765,54,255,1081.278,813.519
3766,123,255,1295.541,817.435
3767,62,255,1352.806,814.355
3768,99,255,1475.268,815.843
3769,94,255,103.447,815.649
3770,47,255,739.266,815.138
3771,71,255,902.852,816.725
3772,52,255,1173.308,814.000
3773,79,255,1363.905,816.095
3774,90,255,1531.144,815.422
3775,53,255,715.575,815.858
3776,68,255,1038.324,816.015
3777,113,255,1055.774,816.394
3778,50,255,1132.580,815.760
3779,85,255,7.641,818.029
3780,87,255,138.374,818.994
3781,71,255,467.261,817.331
3782,20,255,546.400,815.900
3783,56,255,619.786,817.089
3784,59,255,1198.178,816.534
3785,70,255,1252.000,817.657
3786,34,255,19.000,817.618
3787,76,255,313.500,817.816
3788,80,255,331.375,819.212
3789,86,255,354.779,818.895
3790,78,255,633.192,819.833
3791,86,255,1069.500,819.047
3792,109,255,218.427,820.317
3793,106,255,874.028,821.425
3794,60,255,1106.717,819.083
3795,91,255,1496.797,819.357
3796,49,255,343.847,820.745
3797,115,255,695.526,819.891
3798,147,255,962.799,822.112
3799,44,255,1222.750,819.568
3800,74,255,1331.405,820.811
3801,127,255,1551.996,821.366
3802,86,255,191.570,823.814
3803,70,255,394.943,822.400
3804,93,255,484.242,822.618
3805,36,255,919.333,821.389
3806,62,255,1095.081,822.516
3807,51,255,1139.127,821.794
3808,67,255,83.604,823.410
3809,66,255,157.879,823.833
3810,45,255,204.122,822.456
3811,110,255,379.791,823.945
3812,73,255,460.349,823.842
3813,77,255,511.851,823.331
3814,79,255,562.234,823.184
3815,61,255,994.189,822.648
3816,65,255,1506.838,824.608
3817,97,255,498.418,825.531
3818,43,255,709.593,823.500
3819,38,255,857.526,823.316
3820,87,255,1148.845,825.615
3821,54,255,1165.611,823.926
3822,102,255,40.980,826.696
3823,95,255,178.142,825.868
3824,95,255,719.047,826.342
3825,37,255,767.014,824.068
3826,49,255,1006.582,824.990
3827,119,255,1174.777,827.962
3828,137,255,1315.894,829.099
3829,69,255,1405.833,824.775
3830,86,255,1573.186,826.337
3831,44,255,94.386,825.705
3832,30,255,831.600,825.033
3833,66,255,928.333,826.273
3834,33,255,105.682,825.652
3835,54,255,115.148,826.667
3836,91,255,242.467,827.907
3837,29,255,590.017,826.259
3838,57,255,802.693,827.026
3839,67,255,1019.873,827.769
3840,121,255,1080.913,831.169
3841,58,255,1117.138,827.276
3842,47,255,1349.074,826.968
3843,77,255,309.032,827.149
3844,120,255,617.942,830.717
3845,32,255,1304.500,827.969
3846,81,255,580.401,829.932
3847,58,255,976.621,829.310
3848,73,255,1265.664,829.281
3849,52,255,1463.635,829.231
3850,239,255,1522.559,834.069
3851,69,255,403.978,830.051
3852,101,255,1105.312,832.124
3853,89,255,1241.904,830.298
3854,20,255,207.100,830.200
3855,61,255,1198.762,832.139
3856,35,255,1362.986,831.643
3857,73,255,1482.363,832.336
3858,52,255,1546.038,831.327
3859,86,255,57.384,833.826
3860,64,255,341.875,833.266
3861,184,255,635.810,837.668
3862,61,255,732.975,832.828
3863,45,255,757.300,832.144
3864,49,255,810.786,834.031
3865,43,255,991.151,832.058
3866,57,255,1048.202,832.465
3867,53,255,1060.009,833.066
3868,115,255,1290.222,835.404
3869,167,255,1339.524,835.967
3870,99,255,329.581,835.732
3871,105,255,672.367,834.205
3872,98,255,769.347,834.582
3873,35,255,842.157,833.557
3874,63,255,854.484,834.675
3875,94,255,866.383,834.638
3876,96,255,356.385,835.990
3877,63,255,459.611,835.056
3878,135,255,560.567,837.559
3879,67,255,657.500,835.560
3880,45,255,743.300,834.700
3881,57,255,908.377,835.219
3882,94,255,1010.191,836.074
3883,75,255,1372.793,835.913
3884,45,255,1386.656,834.544
3885,46,255,1447.152,834.761
3886,75,255,433.447,835.913
3887,121,255,693.260,836.194
3888,53,255,897.708,836.028
3889,68,255,1434.265,836.162
3890,34,255,449.324,836.324
3891,36,255,545.194,836.667
3892,130,255,1188.423,840.146
3893,52,255,1576.615,836.846
3894,81,255,26.981,839.364
3895,102,255,100.814,839.686
3896,32,255,111.469,836.594
3897,82,255,247.256,838.463
3898,79,255,827.044,838.171
3899,78,255,1552.615,838.077
3900,52,255,118.904,839.865
3901,88,255,411.568,838.886
3902,131,255,492.286,842.378
3903,47,255,646.606,839.415
3904,85,255,1034.876,839.982
3905,45,255,1122.767,838.456
3906,66,255,396.045,840.379
3907,79,255,597.753,841.032
3908,66,255,1133.121,840.318
3909,83,255,1392.572,840.488
3910,60,255,185.850,840.983
3911,92,255,468.924,841.848
3912,67,255,512.560,841.679
3913,125,255,1149.420,841.524
3914,37,255,1234.122,839.932
3915,21,255,572.452,840.595
3916,97,255,791.902,844.098
3917,64,255,903.281,843.781
3918,45,255,930.167,841.700
3919,87,255,960.983,843.534
3920,104,255,993.875,842.663
3921,60,255,1063.683,841.333
3922,77,255,1171.383,841.929
3923,32,255,1223.281,841.125
3924,46,255,1272.478,841.435
3925,68,255,1358.882,842.397
3926,113,255,1414.845,843.783
3927,62,255,1463.565,842.452
3928,49,255,1538.235,841.888
3929,214,255,163.023,848.785
3930,77,255,887.500,843.292
3931,49,255,1022.541,843.173
3932,55,255,1049.009,842.518
3933,93,255,1491.790,842.855
3934,56,255,1591.571,842.357
3935,25,255,6.220,842.940
3936,122,255,72.303,844.885
3937,47,255,1215.351,843.670
3938,62,255,1449.339,844.855
3939,72,255,346.917,845.486
3940,43,255,618.314,844.198
3941,77,255,1256.253,845.279
3942,40,255,12.475,845.875
3943,45,255,422.522,846.322
3944,64,255,689.578,845.734
3945,46,255,1013.674,844.674
3946,84,255,1475.810,847.714
3947,95,255,41.753,849.321
3948,57,255,254.342,846.658
3949,38,255,286.474,845.947
3950,67,255,433.007,847.216
3951,106,255,746.962,849.075
3952,47,255,839.266,847.181
3953,34,255,1564.882,846.265
3954,48,255,228.125,847.604
3955,21,255,316.310,846.405
3956,82,255,732.024,848.512
3957,146,255,1084.267,850.247
3958,68,255,1121.221,850.647
3959,116,255,133.526,850.543
3960,31,255,370.306,848.274
3961,118,255,666.136,851.059
3962,143,255,710.381,852.248
3963,94,255,1065.702,850.862
3964,44,255,1109.773,848.068
3965,76,255,1311.882,849.000
3966,48,255,1432.875,848.896
3967,51,255,1546.441,848.735
3968,93,255,537.801,851.005
3969,63,255,1497.437,849.373
3970,70,255,1579.143,852.814
3971,59,255,265.398,851.059
3972,57,255,328.693,852.044
3973,131,255,559.248,853.469
3974,59,255,1101.754,851.636
3975,41,255,1174.915,850.061
3976,57,255,1338.360,850.939
3977,55,255,23.500,851.318
3978,68,255,112.191,852.250
3979,27,255,189.722,850.685
3980,26,255,1163.269,850.462
3981,114,255,1378.035,853.816
3982,91,255,98.731,854.027
3983,84,255,395.095,854.274
3984,62,255,984.968,853.790
3985,44,255,1037.636,852.636
3986,62,255,1046.290,853.468
3987,62,255,1137.532,852.419
3988,115,255,1358.083,854.378
3989,84,255,182.107,855.321
3990,66,255,574.167,854.227
3991,53,255,583.840,854.594
3992,102,255,611.578,855.157
3993,62,255,920.839,853.710
3994,66,255,1279.364,853.682
3995,65,255,250.362,854.577
3996,55,255,467.082,854.773
3997,41,255,941.061,853.841
3998,61,255,994.074,854.844
3999,43,255,1205.616,854.453
4000,97,255,506.263,858.005
4001,174,255,644.276,858.448
4002,45,255,690.544,855.567
4003,174,255,884.879,858.057
4004,37,255,1419.932,854.824
4005,44,255,1525.591,855.364
4006,79,255,1589.728,856.690
4007,52,255,196.327,857.135
4008,62,255,282.855,858.258
4009,160,255,490.456,860.638
4010,60,255,792.167,856.983
4011,60,255,965.650,857.683
4012,34,255,698.000,857.912
4013,32,255,857.000,856.656
4014,89,255,1485.006,858.567
4015,30,255,87.133,858.133
4016,121,255,224.169,860.459
4017,33,255,381.530,857.652
4018,62,255,520.500,858.581
4019,68,255,829.882,858.941
4020,47,255,868.096,858.777
4021,94,255,1229.830,858.989
4022,75,255,1248.020,859.673
4023,65,255,367.762,859.838
4024,71,255,437.486,860.444
4025,54,255,1314.889,859.185
4026,50,255,1501.080,859.860
4027,77,255,144.318,861.318
4028,53,255,272.387,861.274
4029,74,255,765.932,861.000
4030,62,255,1166.629,860.758
4031,106,255,1341.755,861.774
4032,109,255,1402.950,861.619
4033,86,255,1429.453,862.558
4034,125,255,208.892,864.252
4035,62,255,422.871,861.984
4036,54,255,526.704,863.963
4037,72,255,1140.306,861.403
4038,55,255,1278.500,861.318
4039,150,255,1466.753,865.740
4040,54,255,906.722,862.611
4041,92,255,1030.815,863.728
4042,42,255,1121.762,862.405
4043,156,255,1191.474,866.462
4044,34,255,1214.265,862.324
4045,57,255,1296.447,863.974
4046,41,255,1355.110,862.695
4047,31,255,1381.661,862.435
4048,76,255,1537.737,863.053
4049,70,255,74.386,863.829
4050,41,255,478.695,864.012
4051,40,255,844.350,864.000
4052,85,255,1016.276,865.194
4053,52,255,1175.577,865.692
4054,100,255,11.930,865.930
4055,134,255,628.478,866.037
4056,47,255,782.096,864.521
4057,45,255,791.611,864.011
4058,55,255,816.591,864.918
4059,34,255,1520.824,864.412
4060,57,255,389.658,865.939
4061,101,255,465.559,868.658
4062,52,255,732.308,865.769
4063,54,255,744.315,865.463
4064,75,255,1559.167,866.967
4065,99,255,933.409,867.692
4066,84,255,1066.762,868.512
4067,90,255,1085.889,867.478
4068,69,255,1304.920,867.283
4069,130,255,45.708,871.231
4070,73,255,91.596,868.336
4071,112,255,246.839,870.304
4072,73,255,333.938,868.500
4073,117,255,547.944,869.748
4074,52,255,564.423,867.462
4075,62,255,610.581,867.516
4076,61,255,25.090,869.057
4077,22,255,59.727,868.318
4078,28,255,177.214,867.393
4079,20,255,259.700,868.350
4080,31,255,304.565,868.145
4081,74,255,685.784,869.297
4082,39,255,1047.064,867.859
4083,70,255,1103.086,868.671
4084,113,255,371.412,872.527
4085,63,255,505.452,869.802
4086,79,255,580.601,870.867
4087,44,255,591.659,870.091
4088,137,255,867.026,871.237
4089,47,255,961.947,869.181
4090,134,255,1155.642,870.343
4091,91,255,1229.852,871.104
4092,122,255,1543.754,872.902
4093,49,255,440.214,870.276
4094,57,255,1243.675,871.518
4095,41,255,1374.695,871.207
4096,50,255,1386.600,871.400
4097,60,255,1585.283,871.100
4098,63,255,228.056,871.944
4099,60,255,427.767,871.900
4100,70,255,1486.257,872.571
4101,76,255,70.066,872.895
4102,76,255,194.895,874.197
4103,60,255,347.617,873.483
4104,73,255,662.253,872.459
4105,34,255,796.118,872.353
4106,95,255,1207.342,873.668
4107,69,255,1267.848,872.775
4108,131,255,140.004,875.271
4109,58,255,155.966,873.879
4110,50,255,285.180,874.020
4111,43,255,710.988,873.686
4112,54,255,1476.722,874.537
4113,63,255,314.690,875.214
4114,57,255,327.184,875.342
4115,58,255,527.241,875.034
4116,46,255,995.065,874.196
4117,40,255,1030.000,873.250
4118,69,255,395.964,877.297
4119,70,255,737.143,876.157
4120,39,255,786.244,875.115
4121,27,255,1216.907,874.574
4122,115,255,1506.465,879.152
4123,37,255,1527.203,874.554
4124,61,255,88.352,876.369
4125,70,255,113.600,877.500
4126,62,255,252.339,877.000
4127,64,255,276.578,877.391
4128,146,255,478.932,879.890
4129,22,255,726.727,875.136
4130,112,255,757.839,878.188
4131,67,255,903.306,878.440
4132,59,255,955.246,877.449
4133,52,255,967.462,876.442
4134,82,255,1005.756,879.061
4135,26,255,1014.038,876.154
4136,110,255,1060.209,880.118
4137,102,255,1335.882,878.284
4138,148,255,1398.466,881.216
4139,82,255,1574.134,877.512
4140,98,255,25.276,877.480
4141,52,255,176.135,877.192
4142,49,255,304.051,878.051
4143,64,255,812.578,877.484
4144,92,255,836.717,878.489
4145,92,255,920.641,878.967
4146,32,255,1075.000,876.844
4147,47,255,1091.032,877.564
4148,29,255,507.155,878.224
4149,32,255,775.781,877.719
4150,59,255,932.025,879.246
4151,48,255,1120.958,878.750
4152,55,255,431.118,879.445
4153,49,255,1110.092,882.235
4154,88,255,1167.511,881.568
4155,67,255,1274.246,880.963
4156,58,255,1312.534,879.690
4157,58,255,517.776,881.345
4158,74,255,591.230,881.311
4159,152,255,613.697,882.079
4160,137,255,640.186,883.602
4161,41,255,670.744,879.695
4162,24,255,822.125,879.500
4163,73,255,1147.404,880.870
4164,83,255,1295.608,881.331
4165,118,255,1369.381,881.712
4166,89,255,1595.298,882.556
4167,51,255,690.186,881.971
4168,172,255,1181.698,885.959
4169,81,255,1413.327,882.265
4170,43,255,39.058,882.500
4171,88,255,182.386,883.750
4172,55,255,338.027,882.809
4173,109,255,452.509,882.683
4174,39,255,496.269,881.910
4175,34,255,705.676,881.412
4176,42,255,847.738,882.071
4177,128,255,1026.297,884.539
4178,60,255,1244.600,882.900
4179,76,255,1439.566,883.803
4180,133,255,1555.951,884.823
4181,28,255,124.071,882.714
4182,144,255,577.424,886.576
4183,73,255,74.555,885.103
4184,71,255,203.007,886.162
4185,69,255,419.920,885.442
4186,60,255,1206.017,884.683
4187,43,255,1425.430,885.430
4188,49,255,1522.949,884.010
4189,95,255,232.479,888.058
4190,84,255,664.238,887.464
4191,49,255,1099.010,886.622
4192,127,255,1472.831,888.453
4193,53,255,146.217,887.142
4194,45,255,154.944,886.167
4195,72,255,222.639,887.889
4196,95,255,261.426,888.521
4197,117,255,772.722,888.380
4198,58,255,66.034,889.052
4199,90,255,383.856,888.967
4200,59,255,397.754,887.754
4201,157,255,1230.385,889.933
4202,62,255,6.500,889.306
4203,37,255,319.446,887.932
4204,156,255,549.506,891.378
4205,38,255,818.605,887.447
4206,106,255,873.849,890.292
4207,87,255,999.603,889.672
4208,53,255,1154.368,888.802
4209,56,255,1331.607,888.250
4210,59,255,247.297,890.076
4211,45,255,434.078,888.944
4212,55,255,510.718,889.318
4213,71,255,977.739,890.401
4214,109,255,1119.509,892.014
4215,64,255,1454.844,890.328
4216,44,255,106.750,891.205
4217,92,255,734.674,891.772
4218,40,255,837.525,890.475
4219,58,255,911.000,890.879
4220,102,255,944.471,892.176
4221,63,255,1031.960,891.246
4222,49,255,1138.071,890.112
4223,125,255,1261.212,893.060
4224,116,255,748.698,894.698
4225,53,255,850.028,892.670
4226,25,255,885.060,890.300
4227,39,255,1307.090,891.038
4228,63,255,1534.706,893.008
4229,21,255,18.310,892.071
4230,61,255,410.057,893.467
4231,70,255,477.586,892.729
4232,81,255,496.636,893.043
4233,60,255,924.900,892.417
4234,73,255,964.527,893.897
4235,54,255,989.000,893.685
4236,28,255,1080.393,891.464
4237,84,255,1573.012,893.202
4238,86,255,38.721,895.023
4239,69,255,155.080,894.399
4240,56,255,449.250,893.107
4241,53,255,717.651,893.142
4242,59,255,825.907,894.314
4243,73,255,1347.527,894.404
4244,84,255,1436.905,895.179
4245,86,255,1497.907,895.174
4246,53,255,208.613,895.236
4247,77,255,337.617,895.643
4248,39,255,419.269,894.500
4249,68,255,528.897,894.985
4250,67,255,601.052,895.679
4251,36,255,619.944,894.972
4252,140,255,1054.471,895.336
4253,59,255,1212.534,895.229
4254,69,255,1511.413,895.486
4255,47,255,351.415,895.202
4256,55,255,560.464,896.227
4257,77,255,685.396,896.175
4258,145,255,1366.155,897.769
4259,67,255,1416.470,896.410
4260,83,255,173.849,897.536
4261,45,255,297.100,896.322
4262,61,255,367.434,896.975
4263,24,255,514.000,896.000
4264,39,255,806.756,896.731
4265,29,255,813.328,895.914
4266,67,255,1282.187,897.440
4267,35,255,658.871,895.814
4268,60,255,790.117,897.817
4269,62,255,1005.613,899.323
4270,114,255,1147.219,898.947
4271,139,255,1387.529,900.730
4272,140,255,111.857,904.907
4273,52,255,277.731,897.923
4274,68,255,1304.118,899.309
4275,150,255,84.087,902.593
4276,62,255,123.694,900.306
4277,70,255,186.014,902.929
4278,119,255,1100.618,902.710
4279,33,255,1130.924,898.773
4280,132,255,1188.273,903.932
4281,55,255,1587.173,900.064
4282,64,255,395.797,901.406
4283,113,255,1169.863,902.544
4284,50,255,50.260,901.280
4285,55,255,245.918,901.355
4286,45,255,258.878,901.233
4287,36,255,381.000,900.500
4288,87,255,713.420,902.121
4289,68,255,874.544,902.456
4290,67,255,1082.619,901.500
4291,22,255,1243.091,900.636
4292,45,255,1573.278,900.900
4293,33,255,327.136,902.288
4294,124,255,491.524,905.798
4295,107,255,845.369,904.341
4296,47,255,887.415,901.968
4297,56,255,1523.232,903.161
4298,57,255,198.605,904.395
4299,51,255,234.049,903.559
4300,48,255,343.688,903.625
4301,26,255,480.423,902.077
4302,87,255,796.121,906.810
4303,78,255,925.513,904.641
4304,176,255,1034.943,906.886
4305,124,255,1205.024,907.089
4306,65,255,1404.146,904.162
4307,54,255,1493.963,904.185
4308,60,255,64.833,905.100
4309,50,255,692.040,905.860
4310,47,255,935.883,905.138
4311,49,255,1545.827,904.418
4312,29,255,282.603,904.948
4313,123,255,622.370,908.801
4314,60,255,961.517,905.183
4315,51,255,993.598,905.010
4316,73,255,1321.322,905.938
4317,65,255,208.962,907.715
4318,56,255,512.554,906.482
4319,27,255,527.907,905.685
4320,65,255,592.100,907.762
4321,74,255,1221.473,907.162
4322,39,255,305.192,910.295
4323,29,255,520.328,908.017
4324,107,255,661.949,908.650
4325,41,255,272.622,908.476
4326,65,255,294.115,908.377
4327,54,255,368.333,908.370
4328,51,255,400.990,908.147
4329,83,255,446.681,909.380
4330,100,255,473.440,910.150
4331,61,255,863.992,909.369
4332,145,255,950.921,913.755
4333,59,255,1131.551,907.805
4334,75,255,1443.100,909.473
4335,90,255,1457.733,910.122
4336,25,255,1508.220,907.780
4337,91,255,31.038,913.423
4338,36,255,55.111,909.306
4339,64,255,177.828,910.594
4340,46,255,388.587,909.348
4341,34,255,1235.294,909.382
4342,90,255,1290.544,910.400
4343,61,255,1422.303,909.893
4344,70,255,74.614,912.286
4345,65,255,376.238,914.008
4346,80,255,537.525,912.038
4347,56,255,611.857,911.518
4348,46,255,709.478,910.370
4349,103,255,977.053,910.675
4350,93,255,1246.704,911.683
4351,117,255,123.893,914.927
4352,44,255,569.614,911.705
4353,49,255,577.724,911.337
4354,111,255,888.428,913.662
4355,54,255,911.741,911.463
4356,42,255,1532.857,911.190
4357,63,255,1571.246,912.214
4358,84,255,140.012,913.179
4359,93,255,1273.489,914.511
4360,66,255,1588.000,913.682
4361,87,255,95.098,915.466
4362,65,255,163.377,914.577
4363,117,255,234.620,916.491
4364,30,255,1435.067,913.867
4365,60,255,1481.267,915.400
4366,52,255,1519.038,914.019
4367,51,255,338.735,914.892
4368,34,255,360.676,914.059
4369,39,255,510.910,913.962
4370,94,255,553.255,915.021
4371,131,255,1351.599,917.011
4372,36,255,1471.111,915.139
4373,60,255,262.850,915.817
4374,42,255,347.738,914.905
4375,108,255,413.519,917.852
4376,65,255,1013.792,915.500
4377,133,255,761.726,917.447
4378,55,255,848.936,917.555
4379,131,255,1080.164,917.851
4380,123,255,1126.053,918.744
4381,39,255,1182.987,917.090
4382,64,255,1305.594,916.188
4383,88,255,1334.182,917.682
4384,67,255,1386.172,917.112
4385,45,255,1494.433,916.433
4386,62,255,1552.258,917.548
4387,74,255,12.324,918.230
4388,20,255,731.250,916.250
4389,52,255,743.558,919.288
4390,49,255,782.071,918.153
4391,90,255,816.044,918.733
4392,61,255,937.303,917.451
4393,67,255,201.828,919.052
4394,82,255,645.220,919.220
4395,92,255,867.402,920.500
4396,52,255,1259.712,918.500
4397,74,255,1487.446,921.419
4398,41,255,805.207,920.451
4399,105,255,834.967,920.652
4400,53,255,916.745,919.651
4401,122,255,147.820,924.082
4402,57,255,297.167,920.886
4403,34,255,391.735,919.676
4404,94,255,1096.011,922.479
4405,39,255,1507.038,920.551
4406,91,255,1566.148,922.060
4407,88,255,462.932,922.193
4408,58,255,904.207,921.690
4409,43,255,1398.012,921.430
4410,72,255,1596.792,924.361
4411,44,255,2.591,923.614
4412,67,255,485.784,922.321
4413,91,255,586.753,922.918
4414,34,255,400.176,922.647
4415,102,255,439.608,924.657
4416,62,255,1162.581,923.952
4417,56,255,1293.411,923.518
4418,86,255,1421.860,925.186
4419,29,255,1443.328,922.603
4420,41,255,1527.500,923.500
4421,104,255,54.096,925.856
4422,42,255,275.690,923.833
4423,94,255,620.617,926.426
4424,55,255,39.591,925.318
4425,58,255,554.862,925.690
4426,84,255,1201.631,926.560
4427,31,255,1304.919,924.435
4428,71,255,1412.430,927.458
4429,26,255,1541.885,925.346
4430,51,255,165.324,926.010
4431,86,255,246.512,926.837
4432,78,255,364.410,927.179
4433,24,255,797.500,925.000
4434,73,255,962.514,927.253
4435,66,255,1238.242,926.909
4436,44,255,1473.727,927.136
4437,42,255,17.595,928.286
4438,39,255,28.064,928.038
4439,40,255,90.325,927.200
4440,75,255,124.967,928.820
4441,24,255,259.958,927.125
4442,32,255,328.094,927.281
4443,102,255,733.049,928.520
4444,69,255,772.529,927.225
4445,75,255,1059.660,929.127
4446,35,255,1340.014,926.500
4447,55,255,1508.536,927.918
4448,58,255,80.224,929.310
4449,64,255,212.562,928.375
4450,97,255,495.758,929.696
4451,31,255,642.403,926.952
4452,54,255,705.019,928.204
4453,79,255,1398.209,929.513
4454,53,255,407.009,930.142
4455,128,255,659.000,933.789
4456,149,255,851.836,933.185
4457,44,255,950.977,929.477
4458,128,255,1079.414,930.695
4459,56,255,696.000,931.000
4460,89,255,757.579,932.489
4461,90,255,1176.856,932.600
4462,67,255,1250.410,930.799
4463,77,255,1582.162,931.578
4464,28,255,272.000,931.250
4465,58,255,283.707,931.603
4466,50,255,312.780,931.300
4467,74,255,465.054,932.527
4468,52,255,1154.212,931.327
4469,54,255,1516.667,931.537
4470,76,255,170.697,933.684
4471,61,255,298.139,933.352
4472,57,255,523.219,932.991
4473,52,255,602.404,933.250
4474,37,255,821.473,933.041
4475,97,255,889.345,934.129
4476,91,255,977.258,932.995
4477,92,255,1011.359,933.489
4478,41,255,1119.841,932.720
4479,61,255,1209.713,933.582
4480,64,255,1305.453,932.859
4481,85,255,1322.453,932.959
4482,48,255,1534.000,932.854
4483,74,255,456.054,936.757
4484,59,255,590.720,934.059
4485,52,255,836.577,933.750
4486,43,255,919.965,933.547
4487,119,255,1367.861,934.920
4488,81,255,1560.846,933.599
4489,67,255,35.440,935.052
4490,74,255,418.514,935.230
4491,59,255,617.347,934.788
4492,55,255,634.809,935.536
4493,52,255,1488.558,934.808
4494,130,255,189.146,939.531
4495,89,255,508.601,936.500
4496,69,255,1097.457,936.848
4497,161,255,1463.829,938.047
4498,63,255,480.198,936.929
4499,82,255,543.780,938.061
4500,41,255,709.646,937.841
4501,56,255,798.750,936.054
4502,61,255,1109.303,937.549
4503,77,255,1276.175,937.084
4504,69,255,1435.775,936.587
4505,82,255,324.524,938.110
4506,98,255,574.735,938.388
4507,47,255,813.245,937.691
4508,44,255,231.795,938.045
4509,35,255,341.843,937.586
4510,76,255,1137.132,939.263
4511,89,255,1388.882,939.961
4512,34,255,105.618,939.824
4513,66,255,204.288,939.894
4514,142,255,386.873,941.951
4515,38,255,1160.763,939.184
4516,54,255,1596.833,940.574
4517,78,255,6.846,941.487
4518,135,255,125.922,944.804
4519,69,255,307.790,941.659
4520,127,255,1194.634,942.980
4521,63,255,1239.087,940.992
4522,60,255,1502.600,940.900
4523,105,255,289.814,943.738
4524,71,255,1149.289,942.725
4525,85,255,1223.488,942.559
4526,87,255,1515.776,942.753
4527,80,255,1551.763,942.550
4528,64,255,332.828,942.875
4529,70,255,445.971,943.243
4530,63,255,535.325,943.802
4531,149,255,1311.352,946.507
4532,24,255,1420.333,941.750
4533,120,255,1054.433,946.275
4534,57,255,162.833,945.061
4535,102,255,221.245,946.206
4536,80,255,890.413,945.925
4537,85,255,1039.006,946.041
4538,80,255,1268.787,945.525
4539,73,255,1297.034,945.788
4540,86,255,1326.465,946.407
4541,84,255,53.012,946.940
4542,77,255,81.071,946.279
4543,120,255,421.458,946.592
4544,32,255,500.469,944.812
4545,79,255,1012.829,946.715
4546,33,255,1024.924,944.924
4547,33,255,1117.409,944.985
4548,68,255,1250.441,945.971
4549,68,255,1444.735,945.941
4550,72,255,1577.306,946.833
4551,83,255,364.331,946.705
4552,54,255,524.167,947.204
4553,43,255,660.523,945.640
4554,64,255,997.672,946.594
4555,73,255,38.870,948.377
4556,84,255,111.619,948.690
4557,76,255,1377.145,948.395
4558,66,255,148.788,948.667
4559,32,255,177.750,948.344
4560,76,255,489.566,949.039
4561,91,255,597.588,950.434
4562,133,255,630.823,949.929
4563,93,255,752.027,950.715
4564,88,255,769.432,948.898
4565,60,255,877.517,950.017
4566,77,255,954.903,949.279
4567,81,255,706.562,950.154
4568,23,255,865.717,948.109
4569,58,255,1071.690,949.638
4570,49,255,1081.316,950.010
4571,99,255,1422.914,952.106
4572,48,255,1456.562,949.208
4573,73,255,25.541,951.651
4574,49,255,692.602,950.173
4575,119,255,1404.786,954.475
4576,23,255,1532.065,950.587
4577,81,255,69.599,953.660
4578,78,255,472.205,952.167
4579,87,255,1348.983,954.971
4580,42,255,5.333,953.167
4581,58,255,168.603,954.431
4582,71,255,299.289,954.514
4583,31,255,932.081,952.371
4584,46,255,1161.565,954.022
4585,85,255,1175.888,955.724
4586,149,255,1553.191,955.540
4587,49,255,281.316,954.459
4588,21,255,1393.976,952.833
4589,121,255,1517.698,956.401
4590,89,255,1579.466,956.489
4591,22,255,214.227,954.273
4592,28,255,660.393,954.571
4593,73,255,848.678,956.021
4594,74,255,973.311,955.527
4595,46,255,1492.630,955.196
4596,47,255,89.989,957.181
4597,45,255,202.633,956.678
4598,70,255,316.300,957.300
4599,124,255,386.685,958.573
4600,59,255,413.924,956.364
4601,58,255,1264.948,956.897
4602,50,255,1293.360,956.460
4603,68,255,532.676,957.618
4604,64,255,1321.547,957.562
4605,57,255,1334.956,957.447
4606,134,255,148.216,961.694
4607,46,255,737.913,958.217
4608,22,255,1359.773,957.636
4609,119,255,1448.903,959.803
4610,64,255,1468.125,959.062
4611,63,255,237.738,960.627
4612,44,255,350.432,959.705
4613,67,255,834.097,959.634
4614,63,255,871.611,959.548
4615,23,255,955.978,958.239
4616,61,255,1133.270,960.008
4617,36,255,189.472,959.944
4618,27,255,520.759,959.870
4619,61,255,620.566,959.795
4620,53,255,723.047,960.047
4621,52,255,797.942,960.442
4622,55,255,926.082,960.100
4623,127,255,1227.642,964.925
4624,150,255,48.067,963.467
4625,44,255,483.000,960.705
4626,58,255,683.707,961.500
4627,77,255,709.955,962.877
4628,73,255,912.377,961.966
4629,28,255,1142.250,960.929
4630,57,255,283.412,963.956
4631,66,255,509.773,963.212
4632,38,255,666.789,961.895
4633,59,255,1035.941,962.263
4634,92,255,1530.261,966.065
4635,66,255,27.212,964.000
4636,89,255,215.983,965.669
4637,77,255,548.162,963.812
4638,74,255,764.703,963.351
4639,102,255,1487.275,963.775
4640,119,255,72.248,965.576
4641,114,255,181.632,968.123
4642,56,255,320.857,965.107
4643,50,255,447.040,965.080
4644,63,255,884.230,964.198
4645,64,255,1078.859,965.250
4646,44,255,1089.136,965.136
4647,51,255,1373.755,965.206
4648,76,255,1545.487,966.000
4649,127,255,599.768,968.130
4650,70,255,956.671,966.243
4651,103,255,1240.704,967.752
4652,53,255,1269.557,965.538
4653,79,255,363.108,966.905
4654,89,255,408.208,967.197
4655,78,255,941.872,967.231
4656,57,255,1301.518,967.202
4657,83,255,1413.295,967.500
4658,38,255,228.789,967.974
4659,77,255,635.786,967.435
4660,60,255,1202.800,967.417
4661,72,255,8.736,968.972
4662,60,255,90.833,968.717
4663,84,255,109.071,969.679
4664,31,255,674.177,967.694
4665,50,255,694.000,968.000
4666,111,255,1023.428,972.014
4667,70,255,1385.171,969.471
4668,74,255,1395.581,969.973
4669,75,255,1577.033,969.447
4670,76,255,130.921,970.224
4671,95,255,271.637,972.311
4672,66,255,745.621,970.061
4673,50,255,804.060,970.140
4674,99,255,1053.500,972.066
4675,82,255,1115.305,970.024
4676,60,255,1455.900,971.500
4677,162,255,1003.895,973.994
4678,68,255,1040.088,972.471
4679,88,255,1336.807,972.023
4680,96,255,1467.552,974.479
4681,157,255,1500.067,976.271
4682,50,255,790.240,972.080
4683,25,255,924.860,971.060
4684,30,255,1085.833,971.767
4685,53,255,1347.462,973.425
4686,143,255,579.122,975.178
4687,41,255,974.598,973.232
4688,88,255,1447.409,976.761
4689,140,255,198.400,977.043
4690,43,255,652.058,974.337
4691,109,255,711.583,976.032
4692,48,255,831.646,974.083
4693,48,255,961.062,974.521
4694,54,255,1138.593,974.426
4695,50,255,1434.920,974.740
4696,42,255,1592.143,973.976
4697,61,255,49.221,975.615
4698,84,255,71.167,977.405
4699,62,255,1161.129,975.581
4700,52,255,1172.942,975.615
4701,63,255,1304.405,975.770
4702,50,255,291.360,977.060
4703,137,255,520.770,979.434
4704,65,255,1262.454,976.669
4705,50,255,664.140,978.540
4706,79,255,694.209,978.576
4707,41,255,1369.915,976.963
4708,57,255,342.781,979.009
4709,30,255,674.933,977.200
4710,55,255,6.191,979.318
4711,28,255,118.321,978.964
4712,63,255,1284.690,978.881
4713,119,255,1563.861,981.710
4714,87,255,234.443,981.902
4715,40,255,748.950,979.025
4716,127,255,1216.421,983.138
4717,97,255,103.490,983.490
4718,21,255,113.262,981.548
4719,62,255,1589.500,981.516
4720,66,255,38.318,984.318
4721,57,255,162.360,982.202
4722,55,255,249.445,983.409
4723,94,255,842.904,983.500
4724,152,255,884.217,985.974
4725,165,255,980.233,985.670
4726,59,255,1186.653,982.415
4727,66,255,277.030,984.667
4728,35,255,1141.586,982.614
4729,49,255,1200.133,983.888
4730,61,255,1430.254,984.402
4731,66,255,89.076,985.485
4732,69,255,413.399,986.500
4733,58,255,443.103,984.586
4734,22,255,452.591,983.409
4735,29,255,783.121,984.431
4736,73,255,1516.116,985.445
4737,43,255,430.035,985.267
4738,60,255,1065.083,986.450
4739,76,255,1107.500,986.711
4740,60,255,48.083,987.083
4741,52,255,128.019,986.288
4742,93,255,801.758,987.059
4743,99,255,1485.136,987.510
4744,191,255,1544.453,989.128
4745,150,255,173.380,991.993
4746,95,255,260.111,988.658
4747,49,255,311.827,987.439
4748,76,255,903.053,987.947
4749,94,255,921.043,988.745
4750,62,255,936.806,988.274
4751,141,255,955.465,992.167
4752,125,255,1008.252,988.804
4753,114,255,1026.544,989.412
4754,28,255,559.643,988.036
4755,32,255,817.719,988.125
4756,75,255,861.233,990.540
4757,62,255,1245.129,989.000
4758,95,255,1262.721,990.932
4759,59,255,1298.737,989.347
4760,31,255,1440.081,989.403
4761,69,255,1504.471,990.123
4762,62,255,19.032,991.226
4763,72,255,155.542,991.333
4764,20,255,467.250,988.900
4765,36,255,734.528,990.778
4766,103,255,756.403,993.840
4767,51,255,768.578,991.010
4768,39,255,1083.654,990.603
4769,32,255,1094.750,990.562
4770,87,255,1317.914,989.879
4771,57,255,297.816,991.816
4772,33,255,459.015,990.500
4773,24,255,871.292,991.375
4774,97,255,1119.881,993.407
4775,75,255,1157.447,992.620
4776,80,255,196.562,993.250
4777,55,255,684.627,993.155
4778,82,255,1138.268,994.049
4779,45,255,1280.522,991.967
4780,104,255,647.952,996.837
4781,105,255,670.852,995.024
4782,66,255,697.106,994.606
4783,44,255,741.545,993.682
4784,59,255,1173.534,994.042
4785,111,255,1574.563,994.581
4786,57,255,122.974,994.991
4787,32,255,1060.281,994.781
4788,68,255,1068.735,995.338
4789,84,255,1377.833,997.095
4790,27,255,1393.611,992.944
4791,41,255,1450.329,994.549
4792,39,255,1459.090,994.500
4793,38,255,287.553,995.211
4794,50,255,505.880,995.560
4795,45,255,712.789,995.189
4796,87,255,40.787,996.730
4797,112,255,601.527,998.223
4798,106,255,632.679,998.575
4799,50,255,1407.580,995.880
4800,88,255,142.705,998.580
4801,43,255,271.826,997.174
4802,56,255,325.696,997.161
4803,80,255,361.062,998.612
4804,22,255,796.500,996.682
4805,61,255,1346.418,998.598
4806,59,255,1484.432,997.449
4807,77,255,1530.357,998.591
4808,20,255,1085.950,997.700
4809,91,255,1361.412,1000.225
4810,93,255,218.005,1000.565
4811,47,255,478.266,999.904
4812,32,255,553.281,998.406
4813,67,255,903.500,1000.187
4814,53,255,1307.915,998.311
4815,60,255,2.467,1003.783
4816,23,255,13.152,999.413
4817,97,255,57.211,1001.139
4818,80,255,74.725,1000.862
4819,61,255,95.615,1001.795
4820,48,255,976.292,1000.271
4821,48,255,1251.354,1000.979
4822,45,255,1279.922,999.967
4823,49,255,1520.255,1001.010
4824,88,255,33.045,1002.739
4825,72,255,307.347,1001.986
4826,28,255,787.893,1001.321
4827,20,255,1188.750,999.900
4828,43,255,1268.500,1000.500
4829,47,255,1558.500,1001.968
4830,43,255,348.244,1002.081
4831,37,255,619.554,1002.932
4832,110,255,723.955,1004.991
4833,92,255,923.207,1003.478
4834,38,255,1290.579,1002.079
4835,95,255,1332.068,1003.363
4836,51,255,123.637,1003.500
4837,33,255,197.652,1002.591
4838,43,255,274.826,1002.430
4839,91,255,509.104,1005.071
4840,55,255,777.173,1004.336
4841,58,255,822.759,1003.776
4842,51,255,1010.833,1002.775
4843,36,255,1165.694,1003.500
4844,93,255,1200.747,1004.769
4845,34,255,1547.853,1003.000
4846,67,255,461.291,1004.769
4847,66,255,703.485,1005.227
4848,34,255,1031.794,1004.000
4849,58,255,1094.862,1004.414
4850,98,255,1142.684,1006.143
4851,55,255,1212.082,1005.827
4852,43,255,1318.105,1004.151
4853,51,255,1540.480,1005.422
4854,57,255,1573.956,1004.553
4855,91,255,108.379,1006.489
4856,30,255,797.767,1005.300
4857,70,255,1595.186,1006.900
4858,39,255,188.526,1006.269
4859,77,255,261.396,1007.513
4860,100,255,871.900,1008.010
4861,67,255,1122.604,1006.963
4862,28,255,667.893,1006.750
4863,32,255,1064.562,1006.656
4864,47,255,239.202,1008.543
4865,33,255,741.258,1007.985
4866,31,255,805.694,1008.242
4867,63,255,856.563,1009.976
4868,29,255,990.879,1007.776
4869,114,255,68.079,1011.965
4870,67,255,318.037,1009.828
4871,34,255,352.912,1009.588
4872,118,255,488.407,1010.305
4873,41,255,764.061,1008.939
4874,46,255,892.478,1009.500
4875,113,255,939.836,1011.235
4876,52,255,1083.769,1009.250
4877,80,255,1489.287,1010.337
4878,43,255,153.733,1010.686
4879,101,255,613.500,1012.233
4880,57,255,638.237,1010.991
4881,60,255,674.050,1011.167
4882,21,255,1343.738,1008.929
4883,41,255,133.037,1011.183
4884,23,255,1032.935,1010.326
4885,22,255,1408.273,1009.682
4886,143,255,14.878,1016.598
4887,55,255,411.645,1011.845
4888,22,255,521.500,1011.773
4889,23,255,1254.196,1014.152
4890,75,255,1358.700,1012.607
4891,92,255,1454.815,1013.685
4892,111,255,83.968,1015.320
4893,50,255,432.660,1015.660
4894,42,255,461.190,1014.738
4895,36,255,474.944,1013.944
4896,55,255,1053.373,1013.536
4897,38,255,1384.263,1012.868
4898,41,255,1551.524,1013.817
4899,63,255,250.167,1015.849
4900,34,255,1069.235,1013.794
4901,23,255,1395.543,1013.587
4902,56,255,1468.571,1014.714
4903,35,255,385.986,1014.557
4904,21,255,531.643,1014.310
4905,62,255,1041.484,1016.468
4906,24,255,1426.708,1014.375
4907,62,255,286.177,1016.968
4908,73,255,343.541,1018.473
4909,35,255,420.957,1017.757
4910,59,255,770.619,1017.246
4911,42,255,828.476,1015.738
4912,55,255,971.609,1017.209
4913,47,255,1297.691,1017.032
4914,27,255,222.500,1016.981
4915,20,255,231.700,1016.550
4916,77,255,572.448,1022.110
4917,57,255,1088.254,1018.167
4918,42,255,1140.476,1016.881
4919,67,255,1265.530,1018.888
4920,36,255,1309.778,1017.167
4921,37,255,1319.878,1016.338
4922,76,255,1336.934,1016.658
4923,59,255,44.669,1019.144
4924,82,255,121.927,1019.329
4925,34,255,366.000,1017.000
4926,39,255,1411.167,1017.500
4927,76,255,269.803,1019.289
4928,23,255,590.065,1018.587
4929,78,255,642.756,1020.577
4930,60,255,1535.217,1019.383
4931,93,255,845.844,1022.070
4932,42,255,454.452,1021.857
4933,68,255,952.912,1022.324
4934,129,255,1220.337,1024.446
4935,35,255,27.357,1022.357
4936,83,255,390.488,1024.355
4937,84,255,527.024,1023.869
4938,33,255,1166.561,1021.924
4939,20,255,1376.750,1021.050
4940,39,255,210.859,1022.449
4941,66,255,1025.621,1023.182
4942,21,255,1146.690,1022.738
4943,88,255,1506.057,1025.284
4944,113,255,322.075,1028.066
4945,47,255,409.266,1025.436
4946,123,255,893.402,1028.167
4947,39,255,1517.936,1023.936
4948,59,255,69.839,1026.941
4949,37,255,299.878,1025.257
4950,28,255,307.429,1024.286
4951,65,255,376.931,1027.654
4952,94,255,552.734,1027.500
4953,48,255,1177.125,1025.583
4954,36,255,1350.222,1024.056
4955,98,255,1582.102,1027.500
4956,36,255,192.472,1025.361
4957,95,255,360.426,1028.784
4958,46,255,820.435,1026.152
4959,50,255,1333.760,1027.380
4960,77,255,285.409,1028.526
4961,57,255,701.623,1027.588
4962,99,255,755.429,1028.692
4963,103,255,785.879,1029.956
4964,77,255,1241.617,1028.799
4965,55,255,1363.555,1028.991
4966,49,255,1433.051,1026.541
4967,69,255,1455.978,1027.384
4968,68,255,261.926,1029.868
4969,74,255,473.554,1028.392
4970,72,255,718.667,1029.417
4971,76,255,988.263,1028.500
4972,78,255,1102.833,1029.000
4973,54,255,1303.926,1028.815
4974,46,255,396.913,1029.848
4975,45,255,681.833,1029.678
4976,129,255,964.810,1031.174
4977,42,255,1466.786,1029.048
4978,100,255,1494.910,1031.210
4979,49,255,660.194,1030.051
4980,94,255,44.989,1032.479
4981,43,255,102.105,1031.128
4982,24,255,484.167,1030.625
4983,61,255,611.992,1032.238
4984,39,255,1269.526,1031.654
4985,56,255,1402.804,1032.304
4986,60,255,1478.833,1031.367
4987,66,255,1563.455,1033.091
4988,30,255,271.933,1031.433
4989,49,255,633.255,1032.439
4990,57,255,1206.658,1033.675
4991,48,255,1253.833,1032.771
4992,44,255,1517.432,1031.614
4993,61,255,586.910,1034.074
4994,53,255,1283.349,1033.915
4995,58,255,1595.603,1035.259
4996,58,255,937.741,1035.448
4997,103,255,17.782,1036.665
4998,39,255,926.936,1035.705
4999,26,255,1336.077,1035.154
5000,45,255,1539.633,1035.256
5001,42,255,502.357,1036.024
5002,23,255,639.587,1035.630
5003,70,255,735.371,1037.657
5004,109,255,814.500,1038.289
5005,52,255,1315.096,1037.019
5006,54,255,1527.259,1036.759
5007,40,255,3.550,1038.025
5008,46,255,136.609,1037.109
5009,32,255,770.719,1037.281
5010,68,255,1006.824,1039.574
5011,59,255,295.585,1039.008
5012,33,255,311.773,1037.894
5013,32,255,536.156,1037.656
5014,63,255,672.675,1039.738
5015,85,255,842.147,1039.218
5016,42,255,1413.429,1039.119
5017,29,255,96.086,1038.397
5018,71,255,278.359,1039.852
5019,32,255,527.188,1038.844
5020,46,255,919.326,1041.043
5021,36,255,1067.361,1038.889
5022,49,255,1300.398,1040.704
5023,64,255,205.969,1040.453
5024,54,255,357.241,1041.907
5025,96,255,426.490,1042.760
5026,85,255,690.218,1040.794
5027,46,255,763.783,1041.739
5028,48,255,1033.500,1040.000
5029,70,255,1443.529,1041.486
5030,104,255,646.750,1042.894
5031,50,255,1078.840,1041.120
5032,21,255,45.167,1041.214
5033,30,255,262.533,1041.767
5034,41,255,660.744,1042.500
5035,34,255,802.735,1041.559
5036,43,255,968.267,1041.872
5037,35,255,1266.271,1041.900
5038,45,255,1431.589,1043.544
5039,35,255,1478.357,1041.129
5040,49,255,89.092,1044.847
5041,32,255,119.625,1041.812
5042,21,255,367.881,1042.738
5043,50,255,572.460,1043.540
5044,57,255,874.325,1044.132
5045,123,255,993.289,1045.646
5046,65,255,1277.685,1043.823
5047,54,255,459.889,1045.111
5048,63,255,514.262,1045.690
5049,75,255,792.060,1045.980
5050,49,255,1188.439,1044.133
5051,20,255,247.400,1044.750
5052,44,255,854.568,1044.886
5053,109,255,958.812,1047.628
5054,92,255,1015.250,1046.315
5055,45,255,1156.589,1044.967
5056,22,255,1462.455,1044.318
5057,70,255,1553.557,1045.971
5058,62,255,496.806,1046.710
5059,114,255,608.175,1048.088
5060,77,255,715.617,1047.409
5061,102,255,777.206,1047.775
5062,72,255,1047.389,1046.931
5063,26,255,1175.269,1045.423
5064,45,255,306.989,1047.700
5065,57,255,392.535,1047.202
5066,65,255,1218.577,1049.054
5067,35,255,1487.100,1047.157
5068,53,255,1529.274,1047.915
5069,22,255,5.909,1047.227
5070,20,255,587.750,1047.250
5071,68,255,1408.941,1050.000
5072,130,255,1587.869,1052.546
5073,109,255,222.317,1051.959
5074,107,255,824.827,1051.313
5075,34,255,155.618,1049.765
5076,47,255,322.521,1050.096
5077,36,255,449.500,1050.139
5078,45,255,840.389,1051.078
5079,84,255,1110.202,1051.048
5080,41,255,1140.232,1049.768
5081,64,255,1258.453,1050.453
5082,37,255,1372.797,1050.041
5083,47,255,1476.989,1052.819
5084,36,255,57.194,1051.250
5085,66,255,289.303,1051.561
5086,49,255,383.888,1052.745
5087,27,255,402.648,1050.796
5088,89,255,541.062,1054.197
5089,73,255,883.295,1055.815
5090,51,255,1156.892,1052.186
5091,57,255,1334.254,1052.833
5092,56,255,1543.357,1052.571
5093,58,255,416.086,1054.000
5094,43,255,644.453,1053.035
5095,53,255,1168.594,1053.858
5096,68,255,1184.676,1053.397
5097,97,255,363.108,1056.325
5098,44,255,553.568,1054.545
5099,103,255,803.141,1056.228
5100,89,255,852.185,1055.343
5101,112,255,972.848,1056.946
5102,43,255,1073.174,1054.826
5103,46,255,1511.522,1054.196
5104,68,255,1559.882,1054.956
5105,76,255,428.697,1057.355
5106,68,255,1083.426,1058.485
5107,33,255,164.348,1055.894
5108,27,255,195.426,1056.907
5109,59,255,205.873,1059.263
5110,37,255,315.203,1057.635
5111,47,255,492.691,1056.968
5112,23,255,1147.717,1056.630
5113,56,255,1280.125,1057.911
5114,77,255,654.058,1060.058
5115,57,255,1025.763,1058.886
5116,89,255,1214.590,1059.017
5117,73,255,1396.349,1058.801
5118,57,255,1486.026,1059.588
5119,112,255,455.848,1062.705
5120,59,255,470.958,1059.890
5121,110,255,705.027,1061.355
5122,99,255,988.692,1061.793
5123,54,255,1102.593,1059.722
5124,45,255,231.633,1060.989
5125,171,255,577.500,1063.436
5126,85,255,667.253,1061.853
5127,156,255,684.603,1063.756
5128,141,255,926.060,1064.280
5129,59,255,1376.805,1060.754
5130,43,255,172.128,1062.640
5131,69,255,442.283,1062.225
5132,67,255,1503.231,1062.246
5133,59,255,244.314,1063.076
5134,177,255,632.641,1065.246
5135,41,255,764.622,1062.963
5136,59,255,787.975,1062.517
5137,83,255,1001.440,1064.151
5138,102,255,1263.931,1063.725
5139,31,255,63.823,1062.306
5140,34,255,99.912,1063.324
5141,96,255,484.281,1065.406
5142,120,255,502.467,1066.600
5143,53,255,548.104,1064.160
5144,137,255,598.763,1066.245
5145,97,255,1169.490,1064.820
5146,37,255,1579.824,1063.365
5147,51,255,50.657,1064.422
5148,59,255,189.585,1068.517
5149,61,255,814.418,1065.107
5150,117,255,737.449,1067.500
5151,37,255,1070.446,1064.959
5152,63,255,1436.706,1066.722
5153,118,255,332.119,1069.551
5154,31,255,1359.339,1066.048
5155,102,255,1046.922,1069.196
5156,25,255,1347.340,1067.380
5157,59,255,1448.958,1068.636
5158,65,255,1544.869,1067.577
5159,52,255,1556.558,1068.135
5160,52,255,346.885,1069.000
5161,49,255,980.500,1070.296
5162,98,255,1115.071,1069.510
5163,63,255,1193.183,1068.103
5164,65,255,1336.854,1069.362
5165,46,255,1130.826,1069.261
5166,103,255,1479.976,1070.364
5167,62,255,755.194,1073.016
5168,81,255,797.981,1071.451
5169,104,255,894.202,1072.837
5170,138,255,959.993,1072.862
5171,40,255,1295.075,1071.000
5172,52,255,1388.481,1072.058
5173,133,255,916.816,1074.312
5174,163,255,1011.156,1075.690
5175,33,255,1377.076,1072.106
5176,86,255,1416.453,1073.953
5177,71,255,365.965,1073.472
5178,85,255,589.747,1074.641
5179,123,255,865.199,1074.931
5180,34,255,1088.500,1072.000
5181,35,255,1238.700,1072.329
5182,21,255,1431.119,1071.786
5183,31,255,17.339,1073.403
5184,40,255,232.675,1073.125
5185,46,255,400.130,1073.391
5186,57,255,429.254,1075.202
5187,72,255,525.861,1075.986
5188,130,255,549.623,1075.685
5189,139,255,1057.428,1078.291
5190,37,255,1356.311,1074.149
5191,51,255,1368.049,1073.951
5192,40,255,1401.500,1073.150
5193,20,255,1.700,1074.500
5194,23,255,134.848,1074.109
5195,46,255,146.065,1074.348
5196,29,255,179.293,1073.431
5197,71,255,451.768,1076.232
5198,61,255,723.861,1074.959
5199,34,255,42.441,1074.559
5200,116,255,487.397,1077.284
5201,84,255,903.619,1077.869
5202,62,255,993.903,1076.371
5203,33,255,1218.591,1074.379
5204,86,255,356.174,1077.535
5205,93,255,815.855,1077.715
5206,51,255,1502.147,1076.735
5207,63,255,421.627,1079.262
5208,86,255,1024.547,1078.733
5209,51,255,1077.755,1078.167
5210,38,255,1573.000,1078.342
5211,109,255,385.216,1082.344
5212,34,255,439.353,1079.088
5213,65,255,1168.377,1079.608
5214,24,255,1223.917,1078.458
5215,116,255,509.190,1082.164
5216,179,255,825.366,1087.858
5217,109,255,944.124,1082.408
5218,49,255,1259.357,1079.643
5219,96,255,1542.740,1081.854
5220,65,255,1589.915,1081.900
5221,35,255,130.957,1080.129
5222,21,255,184.500,1080.500
5223,38,255,209.684,1080.316
5224,54,255,261.815,1083.074
5225,59,255,1330.280,1081.466
5226,88,255,1407.886,1083.295
5227,87,255,1478.787,1083.730
5228,142,255,574.655,1085.768
5229,100,255,637.400,1085.450
5230,63,255,1199.976,1084.167
5231,63,255,1381.929,1084.056
5232,115,255,708.239,1086.474
5233,127,255,841.224,1088.673
5234,129,255,1034.089,1087.810
5235,74,255,1361.554,1085.405
5236,36,255,1453.167,1083.472
5237,63,255,441.754,1085.944
5238,44,255,1135.091,1085.977
5239,35,255,1226.929,1085.214
5240,40,255,1498.750,1085.275
5241,101,255,68.906,1090.916
5242,59,255,529.042,1087.636
5243,144,255,593.882,1088.757
5244,28,255,866.321,1087.643
5245,68,255,1147.809,1090.015
5246,146,255,1439.966,1089.479
5247,22,255,1530.364,1085.909
5248,78,255,363.769,1089.000
5249,87,255,615.845,1088.764
5250,112,255,855.696,1090.455
5251,77,255,56.968,1089.981
5252,51,255,157.676,1088.167
5253,102,255,657.971,1090.402
5254,63,255,1257.389,1089.516
5255,61,255,133.664,1089.910
5256,108,255,396.667,1091.824
5257,101,255,546.550,1090.757
5258,46,255,31.435,1090.522
5259,74,255,326.392,1091.162
5260,93,255,428.973,1091.704
5261,70,255,737.271,1091.143
5262,89,255,1187.567,1092.084
5263,83,255,1320.343,1092.090
5264,84,255,1372.774,1093.214
5265,38,255,1388.289,1090.737
5266,28,255,249.250,1091.214
5267,33,255,1020.924,1091.530
5268,26,255,1580.077,1089.923
5269,50,255,300.340,1092.640
5270,80,255,768.450,1094.175
5271,53,255,877.481,1092.255
5272,65,255,1168.623,1093.485
5273,72,255,1295.222,1093.556
5274,61,255,1344.385,1093.549
5275,49,255,1506.071,1092.459
5276,46,255,1545.261,1092.435
5277,69,255,559.587,1095.283
5278,49,255,1156.622,1093.765
5279,51,255,1282.853,1093.402
5280,53,255,1568.821,1094.387
5281,69,255,346.587,1095.964
5282,72,255,466.736,1096.611
5283,56,255,714.929,1096.607
5284,68,255,283.838,1097.176
5285,35,255,1587.986,1095.729
5286,39,255,311.167,1097.244
5287,40,255,334.075,1097.500
5288,26,255,503.038,1097.577
5289,80,255,1416.100,1097.213
5290,40,255,784.600,1097.725
5291,30,255,1088.000,1097.967
5292,32,255,487.312,1098.344
5293,29,255,516.569,1098.293
5294,27,255,893.278,1098.241
5295,30,255,968.500,1098.233
5296,37,255,1068.959,1098.392
5297,33,255,1482.076,1098.258
