 ,Area,Mean,X,Y
1,40,255,711.575,2.675
2,26,255,829.346,1.462
3,35,255,871.186,1.414
4,129,255,915.709,3.864
5,63,255,469.675,6.246
6,124,255,503.395,9.137
7,64,255,673.203,6.500
8,53,255,745.481,4.953
9,56,255,900.554,6.071
10,28,255,650.607,6.107
11,144,255,685.333,11.194
12,46,255,796.391,7.239
13,33,255,591.470,7.924
14,28,255,891.821,7.214
15,161,255,972.562,13.382
16,68,255,435.088,11.471
17,50,255,559.760,10.340
18,55,255,725.991,9.845
19,37,255,985.419,9.203
20,24,255,574.042,9.458
21,20,255,628.950,9.800
22,185,255,946.754,13.181
23,57,255,663.974,13.254
24,89,255,393.039,14.612
25,43,255,548.756,11.826
26,65,255,702.008,12.946
27,22,255,753.273,11.636
28,29,255,446.534,13.293
29,84,255,1023.702,15.786
30,32,255,606.906,13.406
31,78,255,410.551,17.244
32,25,255,620.740,15.700
33,235,255,636.649,22.721
34,21,255,735.405,15.167
35,40,255,598.400,16.450
36,101,255,354.421,18.995
37,29,255,524.259,16.259
38,81,255,569.315,20.142
39,69,255,659.543,19.587
40,31,255,1039.726,17.145
41,67,255,585.157,18.978
42,36,255,807.472,18.583
43,62,255,1054.629,19.242
44,49,255,748.337,21.092
45,35,255,932.929,18.929
46,44,255,367.477,21.500
47,24,255,451.875,20.292
48,35,255,557.014,20.243
49,66,255,614.136,22.152
50,20,255,1045.300,20.600
51,57,255,1092.219,22.500
52,59,255,402.381,23.280
53,82,255,1078.720,23.512
54,43,255,965.453,23.756
55,25,255,421.980,23.380
56,44,255,457.432,25.591
57,21,255,599.405,23.786
58,35,255,1139.129,23.957
59,21,255,740.452,25.833
60,80,255,273.988,27.137
61,91,255,976.665,28.324
62,53,255,1103.632,27.538
63,33,255,1114.652,27.015
64,27,255,1166.722,25.833
65,28,255,327.250,27.321
66,182,255,342.000,31.297
67,51,255,357.029,27.912
68,47,255,1054.989,28.777
69,65,255,255.562,28.962
70,99,255,297.126,30.591
71,29,255,871.052,29.603
72,36,255,1063.722,30.306
73,26,255,1126.038,28.885
74,64,255,309.844,32.641
75,35,255,321.271,30.814
76,42,255,719.119,30.667
77,36,255,1198.333,30.694
78,48,255,221.500,31.688
79,35,255,580.957,32.129
80,72,255,268.861,36.542
81,124,255,234.331,35.903
82,24,255,420.792,33.833
83,20,255,1047.250,33.750
84,30,255,1069.600,35.500
85,65,255,1111.454,37.177
86,26,255,180.846,37.231
87,80,255,198.963,37.788
88,62,255,398.968,39.177
89,60,255,213.300,40.317
90,20,255,417.450,39.600
91,33,255,633.652,42.136
92,36,255,140.833,42.056
93,21,255,166.643,42.690
94,44,255,488.159,46.000
95,44,255,314.341,46.091
96,38,255,156.737,46.526
97,175,255,251.334,49.786
98,24,255,120.458,46.750
99,30,255,917.800,48.300
100,24,255,998.375,47.333
101,58,255,223.845,49.724
102,43,255,742.035,51.942
103,41,255,106.207,51.622
104,47,255,1116.840,53.011
105,27,255,672.093,52.981
106,33,255,1276.652,53.894
107,46,255,732.326,55.826
108,27,255,1009.685,54.315
109,41,255,1125.939,55.451
110,31,255,552.306,55.532
111,41,255,1196.451,55.573
112,98,255,1356.449,58.959
113,55,255,489.009,60.518
114,37,255,753.878,57.581
115,35,255,414.671,59.186
116,23,255,901.717,58.587
117,49,255,1259.153,60.276
118,49,255,167.582,62.214
119,72,255,186.347,61.736
120,21,255,965.310,59.214
121,23,255,1345.717,60.370
122,90,255,251.678,62.600
123,65,255,1372.608,63.962
124,40,255,75.500,63.625
125,20,255,345.200,62.600
126,44,255,669.682,64.318
127,27,255,835.241,63.204
128,20,255,1115.400,62.450
129,70,255,1311.843,64.757
130,87,255,551.787,66.707
131,32,255,725.375,64.500
132,21,255,783.310,63.452
133,47,255,86.074,67.649
134,43,255,1201.942,67.547
135,27,255,16.648,66.722
136,87,255,714.408,68.017
137,50,255,1365.880,69.160
138,76,255,1390.921,69.289
139,47,255,625.457,71.202
140,31,255,1116.726,70.048
141,27,255,1411.907,69.241
142,128,255,244.742,73.477
143,37,255,1430.797,71.014
144,82,255,687.439,73.463
145,55,255,156.718,74.173
146,22,255,394.818,73.364
147,94,255,776.213,76.489
148,33,255,1451.106,73.561
149,28,255,657.143,75.036
150,46,255,708.261,75.565
151,20,255,318.900,76.100
152,78,255,373.051,79.744
153,51,255,483.931,77.931
154,50,255,1047.860,76.760
155,21,255,298.881,76.071
156,37,255,940.527,79.257
157,41,255,1188.256,77.085
158,56,255,1320.107,78.589
159,57,255,791.904,79.956
160,41,255,77.768,80.134
161,46,255,174.457,80.326
162,45,255,1213.833,79.633
163,25,255,1475.060,79.420
164,30,255,727.200,81.133
165,52,255,1080.173,81.519
166,91,255,563.104,84.192
167,54,255,1130.074,82.815
168,31,255,1146.887,81.984
169,21,255,1450.881,80.929
170,23,255,973.283,82.630
171,42,255,1055.500,84.286
172,45,255,1377.589,82.967
173,46,255,307.435,84.457
174,56,255,474.964,85.161
175,31,255,878.242,84.403
176,72,255,1156.917,85.778
177,41,255,200.061,85.988
178,25,255,613.540,84.740
179,36,255,646.222,85.389
180,21,255,1034.929,84.595
181,25,255,1469.300,84.740
182,22,255,159.500,86.000
183,48,255,500.208,87.208
184,68,255,669.897,87.015
185,59,255,454.246,87.907
186,60,255,1251.900,88.067
187,23,255,1510.891,87.413
188,46,255,1111.239,89.891
189,113,255,1125.978,94.128
190,25,255,243.140,91.100
191,54,255,806.444,91.741
192,43,255,1145.314,90.826
193,59,255,1194.076,91.415
194,59,255,319.314,93.686
195,25,255,724.740,90.700
196,64,255,1523.125,92.562
197,64,255,420.047,93.734
198,38,255,460.289,93.211
199,22,255,596.136,91.045
200,32,255,1222.688,91.906
201,24,255,1370.167,92.375
202,118,255,482.331,95.847
203,35,255,1244.157,93.700
204,55,255,800.373,95.827
205,35,255,73.586,94.614
206,44,255,371.386,96.318
207,52,255,440.750,97.077
208,31,255,1182.468,97.371
209,65,255,332.992,99.208
210,34,255,1154.059,97.000
211,30,255,1332.300,96.700
212,101,255,952.114,101.124
213,54,255,694.667,100.815
214,41,255,450.378,100.939
215,43,255,1523.360,99.663
216,94,255,235.681,103.457
217,30,255,393.200,102.100
218,34,255,933.500,102.618
219,52,255,1062.346,103.327
220,23,255,1225.761,101.587
221,27,255,1235.685,103.056
222,45,255,301.633,105.522
223,94,255,676.798,106.649
224,23,255,1377.370,103.022
225,24,255,1425.375,103.458
226,27,255,46.389,104.981
227,28,255,82.250,104.750
228,23,255,646.717,104.587
229,59,255,910.059,106.534
230,30,255,1324.233,105.067
231,102,255,343.490,108.275
232,159,255,1581.085,110.475
233,28,255,282.679,106.536
234,71,255,416.303,109.697
235,53,255,942.443,108.085
236,57,255,1092.167,108.096
237,45,255,1047.833,110.211
238,50,255,1595.560,111.360
239,59,255,1520.466,111.686
240,57,255,267.272,112.921
241,43,255,1117.988,111.802
242,66,255,230.348,114.561
243,97,255,1080.108,114.149
244,31,255,1004.565,113.726
245,50,255,1325.200,114.380
246,63,255,242.738,117.468
247,72,255,428.167,117.611
248,49,255,255.133,117.867
249,43,255,296.686,116.942
250,64,255,680.625,119.922
251,59,255,974.958,116.602
252,53,255,1141.934,116.840
253,31,255,718.597,117.468
254,63,255,938.198,118.516
255,56,255,1107.643,118.000
256,55,255,470.991,120.900
257,36,255,769.639,117.972
258,68,255,1053.618,120.897
259,28,255,1295.286,117.786
260,36,255,815.056,120.000
261,59,255,285.347,120.941
262,75,255,321.313,121.993
263,34,255,1532.029,121.294
264,28,255,152.679,121.179
265,50,255,486.820,125.360
266,38,255,618.237,122.921
267,38,255,918.632,123.211
268,77,255,50.487,127.929
269,43,255,898.663,124.826
270,52,255,162.558,126.558
271,104,255,626.202,128.394
272,42,255,79.810,127.095
273,62,255,986.758,128.145
274,51,255,347.284,129.637
275,113,255,871.332,131.562
276,42,255,1401.143,127.905
277,20,255,1551.650,128.000
278,191,255,181.809,134.887
279,37,255,828.176,129.554
280,60,255,1107.883,131.433
281,43,255,1508.500,130.198
282,28,255,671.321,129.857
283,71,255,807.246,131.979
284,94,255,1086.223,132.521
285,21,255,664.881,131.500
286,57,255,794.781,132.693
287,59,255,428.924,134.093
288,123,255,637.256,136.939
289,72,255,957.917,134.458
290,43,255,651.709,133.895
291,56,255,1392.482,136.411
292,113,255,236.403,137.509
293,48,255,517.438,136.188
294,46,255,1035.609,135.587
295,91,255,1074.951,137.346
296,137,255,129.172,139.361
297,84,255,332.012,137.726
298,53,255,402.198,137.651
299,32,255,603.812,136.156
300,71,255,977.768,138.317
301,86,255,993.337,137.826
302,49,255,1547.745,137.031
303,109,255,257.427,139.784
304,48,255,380.562,138.208
305,162,255,895.790,143.049
306,129,255,271.787,142.384
307,45,255,614.211,140.967
308,40,255,1022.675,140.575
309,120,255,464.333,144.292
310,116,255,511.638,144.767
311,36,255,1186.056,141.222
312,109,255,538.904,144.720
313,64,255,1043.359,144.281
314,104,255,1420.394,145.096
315,23,255,1302.891,142.674
316,96,255,351.292,146.625
317,70,255,921.786,146.743
318,29,255,1372.776,143.776
319,44,255,69.409,144.977
320,123,255,306.663,148.280
321,89,255,486.612,146.567
322,90,255,956.522,147.111
323,52,255,1131.885,145.481
324,165,255,413.179,150.633
325,72,255,385.861,150.014
326,128,255,499.789,152.445
327,83,255,1089.729,150.235
328,22,255,1356.864,147.591
329,54,255,929.796,149.167
330,30,255,6.500,150.000
331,37,255,854.419,149.986
332,99,255,983.571,151.692
333,26,255,1453.962,148.769
334,21,255,1514.833,148.643
335,56,255,239.946,150.446
336,79,255,339.297,153.158
337,44,255,695.386,151.068
338,91,255,735.544,152.709
339,77,255,763.331,152.201
340,55,255,848.064,152.445
341,135,255,1103.581,153.322
342,97,255,232.531,156.418
343,68,255,283.162,153.118
344,90,255,394.856,155.000
345,116,255,788.147,154.431
346,29,255,974.362,153.672
347,26,255,1155.538,152.692
348,71,255,1258.472,154.218
349,35,255,1529.071,152.271
350,29,255,1536.879,151.707
351,83,255,774.741,155.271
352,67,255,1271.231,155.276
353,79,255,323.639,156.551
354,42,255,963.857,155.214
355,30,255,1432.067,154.633
356,49,255,165.459,156.255
357,35,255,1590.929,155.100
358,73,255,142.418,158.747
359,39,255,480.244,157.526
360,126,255,823.270,159.841
361,88,255,838.716,157.670
362,46,255,1028.870,156.609
363,155,255,1285.461,161.371
364,23,255,10.848,157.630
365,92,255,529.826,158.413
366,51,255,676.363,157.578
367,39,255,1441.936,158.064
368,40,255,240.875,158.625
369,93,255,289.554,160.930
370,99,255,355.955,160.510
371,68,255,544.559,159.706
372,125,255,884.900,162.284
373,96,255,1047.344,160.896
374,107,255,1074.537,160.752
375,94,255,488.638,162.021
376,93,255,897.532,162.306
377,81,255,71.253,162.179
378,107,255,272.294,162.435
379,31,255,333.952,159.919
380,22,255,727.500,159.773
381,118,255,746.178,163.602
382,55,255,1179.809,161.700
383,92,255,173.826,163.370
384,38,255,368.895,163.263
385,108,255,646.139,163.546
386,100,255,693.820,162.480
387,87,255,717.615,162.810
388,34,255,1298.176,160.912
389,61,255,990.811,163.090
390,108,255,1136.074,164.963
391,44,255,1189.023,163.318
392,41,255,216.646,163.695
393,68,255,857.735,165.588
394,92,255,1260.272,165.533
395,38,255,1355.605,163.763
396,51,255,449.245,165.147
397,77,255,780.786,165.760
398,117,255,978.321,168.825
399,31,255,118.790,164.339
400,83,255,460.886,166.765
401,61,255,507.861,166.385
402,124,255,1348.782,170.210
403,39,255,1061.192,167.654
404,48,255,1314.938,166.438
405,76,255,1331.368,167.671
406,52,255,474.269,169.865
407,96,255,839.958,170.302
408,30,255,1547.133,166.867
409,106,255,380.028,170.434
410,156,255,710.936,173.006
411,86,255,771.093,170.756
412,33,255,805.682,168.318
413,94,255,321.553,171.745
414,129,255,670.957,175.492
415,63,255,919.992,170.929
416,58,255,159.948,170.517
417,40,255,520.375,170.850
418,72,255,991.778,171.236
419,71,255,1108.894,172.092
420,74,255,1181.595,170.635
421,94,255,233.798,171.777
422,118,255,534.864,177.119
423,95,255,588.289,174.195
424,85,255,680.559,173.206
425,30,255,936.167,170.700
426,194,255,1017.438,175.098
427,46,255,1119.630,172.609
428,38,255,1246.158,171.447
429,95,255,1337.195,175.079
430,132,255,1455.167,174.076
431,51,255,1515.618,171.480
432,56,255,268.214,173.304
433,113,255,565.597,177.801
434,33,255,1278.773,172.773
435,26,255,1581.077,171.423
436,83,255,115.452,174.849
437,129,255,217.895,176.500
438,100,255,366.260,176.050
439,82,255,646.488,174.305
440,51,255,906.892,173.618
441,61,255,946.189,174.959
442,78,255,1046.500,175.756
443,35,255,1392.414,172.814
444,101,255,411.550,177.223
445,101,255,482.876,176.965
446,129,255,1304.190,178.190
447,26,255,246.885,175.538
448,148,255,445.264,179.135
449,47,255,496.968,175.543
450,66,255,871.258,177.061
451,30,255,1059.000,175.867
452,40,255,1231.675,175.725
453,117,255,1371.107,178.107
454,130,255,129.731,179.000
455,101,255,953.708,181.292
456,22,255,971.409,175.864
457,46,255,1068.935,177.826
458,79,255,1099.652,177.968
459,57,255,152.254,178.202
460,42,255,163.071,178.095
461,122,255,192.254,180.475
462,175,255,426.289,182.317
463,21,255,929.929,177.929
464,99,255,1033.712,180.177
465,27,255,1315.833,176.759
466,85,255,20.335,179.994
467,90,255,297.633,181.878
468,88,255,1127.625,181.534
469,24,255,504.250,179.792
470,146,255,600.815,182.486
471,67,255,805.724,183.381
472,116,255,623.164,183.664
473,89,255,1157.781,183.242
474,59,255,1384.110,181.297
475,32,255,43.750,181.594
476,42,255,61.238,181.786
477,72,255,238.444,182.028
478,83,255,387.127,182.958
479,53,255,177.500,183.651
480,81,255,328.599,183.327
481,97,255,520.974,185.294
482,35,255,639.986,182.329
483,47,255,1080.479,183.394
484,85,255,267.335,184.476
485,87,255,777.132,185.224
486,120,255,850.950,186.350
487,32,255,1185.688,183.688
488,152,255,253.763,189.375
489,98,255,375.061,186.827
490,115,255,789.587,187.526
491,44,255,1591.864,184.250
492,129,255,9.322,190.663
493,86,255,1275.407,186.953
494,79,255,1320.576,187.386
495,45,255,1464.278,185.189
496,102,255,543.873,189.343
497,56,255,574.214,189.089
498,136,255,989.551,191.669
499,136,255,496.779,189.824
500,135,255,731.248,191.144
501,117,255,1206.585,190.081
502,85,255,1259.276,188.912
503,52,255,1352.115,188.115
504,95,255,1423.500,189.395
505,81,255,349.586,191.475
506,50,255,864.080,188.540
507,96,255,1112.979,190.604
508,41,255,307.817,191.012
509,62,255,447.565,191.871
510,28,255,582.964,189.321
511,73,255,707.158,190.295
512,58,255,923.207,190.155
513,20,255,47.450,189.250
514,123,255,361.012,194.248
515,86,255,458.860,192.174
516,58,255,642.121,191.172
517,34,255,910.500,190.235
518,80,255,1040.812,192.037
519,50,255,1247.800,190.960
520,115,255,1339.065,194.196
521,29,255,1486.948,190.741
522,24,255,1498.542,189.542
523,47,255,151.713,192.011
524,102,255,166.510,193.912
525,126,255,693.238,197.238
526,154,255,745.312,197.019
527,93,255,826.231,194.113
528,93,255,1085.833,193.565
529,70,255,1170.000,192.643
530,81,255,1194.340,193.957
531,58,255,1367.069,192.103
532,87,255,213.891,193.891
533,89,255,962.096,194.983
534,57,255,876.535,194.254
535,40,255,1023.450,194.250
536,82,255,1051.402,195.610
537,71,255,56.782,197.486
538,54,255,338.333,194.870
539,116,255,407.302,196.500
540,107,255,1306.706,197.593
541,79,255,1391.146,195.766
542,32,255,109.156,195.469
543,67,255,236.784,197.500
544,49,255,314.500,197.398
545,78,255,599.987,197.487
546,55,255,1159.009,196.336
547,146,255,1228.363,199.075
548,102,255,1442.608,197.108
549,80,255,145.988,198.450
550,88,255,328.352,199.330
551,79,255,421.209,198.082
552,79,255,526.816,197.272
553,178,255,804.483,199.298
554,114,255,709.263,200.342
555,32,255,1592.906,198.094
556,174,255,197.356,204.276
557,152,255,279.895,200.763
558,66,255,439.712,200.197
559,128,255,472.000,201.805
560,91,255,1003.379,200.808
561,131,255,1267.813,199.729
562,33,255,1351.076,198.076
563,60,255,682.833,201.050
564,118,255,763.466,201.958
565,49,255,937.214,201.500
566,56,255,947.857,200.268
567,140,255,1373.471,203.500
568,30,255,1488.567,199.567
569,52,255,1497.154,200.096
570,64,255,671.469,201.141
571,50,255,863.120,200.400
572,90,255,535.122,203.689
573,62,255,896.710,202.194
574,51,255,1105.167,201.716
575,58,255,18.172,203.414
576,75,255,67.220,204.247
577,33,255,157.864,203.106
578,41,255,616.720,202.671
579,127,255,848.823,205.917
580,77,255,1118.708,204.903
581,33,255,251.015,203.227
582,99,255,1067.591,205.318
583,52,255,1136.577,204.212
584,84,255,89.452,205.655
585,61,255,909.844,206.221
586,94,255,1511.574,206.287
587,66,255,49.515,206.485
588,52,255,431.212,207.019
589,31,255,752.984,206.242
590,109,255,970.784,208.133
591,82,255,1012.037,208.354
592,27,255,1046.907,204.426
593,61,255,1187.861,206.566
594,165,255,1400.936,210.524
595,100,255,1563.340,207.480
596,118,255,384.508,208.492
597,60,255,1128.733,208.967
598,64,255,3.359,208.578
599,181,255,295.356,211.019
600,159,255,650.714,211.022
601,78,255,918.936,209.551
602,41,255,1199.378,207.841
603,25,255,1534.140,206.900
604,92,255,228.174,209.630
605,102,255,317.039,210.961
606,73,255,361.226,208.733
607,124,255,1318.129,211.508
608,41,255,1348.159,208.183
609,90,255,104.056,211.156
610,101,255,184.401,212.787
611,150,255,562.280,212.200
612,49,255,1303.010,210.357
613,93,255,271.435,212.909
614,53,255,1177.104,211.575
615,41,255,1522.573,211.256
616,77,255,173.149,213.396
617,94,255,254.170,213.191
618,152,255,1459.013,214.553
619,33,255,397.076,212.530
620,96,255,1021.229,214.438
621,85,255,1039.712,214.500
622,107,255,1139.229,214.238
623,45,255,1225.522,212.989
624,81,255,1424.167,213.759
625,21,255,1550.690,211.595
626,38,255,1582.316,212.763
627,149,255,783.466,217.326
628,107,255,798.864,215.388
629,91,255,1291.148,216.192
630,68,255,132.647,215.956
631,62,255,466.935,216.774
632,123,255,492.947,218.020
633,27,255,705.981,214.093
634,153,255,1094.010,217.951
635,70,255,205.300,217.457
636,27,255,327.204,215.167
637,73,255,753.651,216.295
638,61,255,937.402,216.746
639,32,255,1250.156,214.500
640,56,255,1369.143,216.464
641,106,255,1482.934,217.415
642,214,255,82.911,223.238
643,95,255,432.374,219.005
644,22,255,442.136,216.273
645,88,255,517.477,219.148
646,46,255,577.522,216.652
647,74,255,668.851,217.838
648,29,255,986.224,216.017
649,48,255,237.896,218.667
650,41,255,822.939,218.378
651,42,255,139.714,219.452
652,79,255,154.804,218.829
653,38,255,886.974,219.132
654,112,255,1513.464,221.455
655,35,255,52.186,219.614
656,104,255,838.231,222.067
657,59,255,36.822,221.551
658,71,255,949.923,222.430
659,135,255,1217.404,222.404
660,114,255,1260.965,224.500
661,111,255,1359.905,223.086
662,43,255,1528.081,220.314
663,56,255,104.875,221.304
664,69,255,120.109,223.370
665,34,255,222.118,221.647
666,85,255,697.124,222.982
667,103,255,1113.451,224.199
668,161,255,871.494,226.780
669,192,255,1162.010,226.354
670,94,255,1188.117,225.170
671,76,255,1272.645,224.934
672,64,255,1378.219,223.312
673,126,255,618.341,228.429
674,47,255,641.372,223.543
675,125,255,1318.068,226.132
676,91,255,10.489,226.874
677,106,255,262.868,226.858
678,29,255,630.534,224.052
679,114,255,677.798,227.026
680,20,255,906.800,224.700
681,75,255,1282.180,226.113
682,170,255,1386.388,231.318
683,90,255,1405.933,226.344
684,55,255,57.736,226.336
685,84,255,200.131,228.286
686,39,255,1063.885,226.141
687,34,255,1202.147,225.559
688,119,255,1247.357,227.803
689,85,255,1432.382,227.629
690,91,255,1536.533,227.478
691,30,255,1547.867,224.833
692,95,255,308.079,228.668
693,39,255,372.423,226.551
694,66,255,383.258,228.061
695,115,255,417.839,229.065
696,34,255,138.118,227.324
697,27,255,446.907,226.981
698,52,255,605.250,227.462
699,103,255,652.888,229.500
700,82,255,1230.817,229.927
701,118,255,352.076,230.398
702,167,255,473.949,233.799
703,118,255,746.915,230.847
704,55,255,767.773,228.864
705,108,255,1299.685,231.213
706,136,255,1416.265,232.691
707,49,255,1489.092,228.398
708,81,255,299.377,232.969
709,38,255,464.105,230.053
710,123,255,547.492,231.817
711,128,255,1477.555,233.156
712,94,255,114.277,233.319
713,106,255,230.500,233.000
714,133,255,284.154,233.560
715,50,255,1005.600,231.180
716,100,255,1459.560,233.330
717,78,255,21.487,234.154
718,120,255,34.592,236.867
719,34,255,457.618,232.559
720,163,255,573.285,234.494
721,114,255,1043.807,234.930
722,21,255,491.310,232.738
723,84,255,844.690,235.202
724,74,255,1127.068,235.595
725,112,255,1198.768,236.062
726,56,255,1333.446,234.893
727,83,255,1495.910,237.199
728,62,255,183.290,236.355
729,59,255,191.619,236.788
730,35,255,789.557,235.100
731,81,255,801.784,238.340
732,84,255,946.321,237.560
733,84,255,153.202,239.226
734,45,255,329.411,236.767
735,42,255,605.262,235.524
736,103,255,821.150,238.830
737,98,255,1153.939,238.929
738,24,255,204.417,235.958
739,134,255,768.694,240.672
740,56,255,60.054,240.268
741,159,255,173.009,244.827
742,45,255,531.100,238.567
743,44,255,689.523,239.114
744,82,255,707.451,239.317
745,104,255,1182.000,240.500
746,78,255,88.821,241.513
747,36,255,359.611,239.333
748,106,255,386.274,241.623
749,73,255,496.664,240.418
750,25,255,674.260,238.540
751,167,255,863.452,242.033
752,59,255,1245.314,240.212
753,93,255,1571.844,241.597
754,49,255,51.316,242.276
755,35,255,368.957,240.414
756,131,255,426.424,244.744
757,57,255,728.693,241.342
758,90,255,1559.933,242.800
759,82,255,313.671,243.305
760,52,255,557.327,242.442
761,147,255,655.323,243.003
762,93,255,911.038,243.253
763,89,255,1227.388,242.781
764,58,255,70.397,244.241
765,74,255,517.459,243.743
766,97,255,632.098,243.995
767,74,255,1268.757,244.257
768,79,255,1305.816,244.741
769,104,255,1319.202,244.337
770,43,255,1340.221,242.942
771,35,255,1370.243,242.071
772,97,255,139.912,244.923
773,65,255,602.223,245.362
774,148,255,742.872,247.203
775,57,255,755.412,244.377
776,83,255,1106.596,245.440
777,86,255,264.756,246.558
778,58,255,322.345,245.586
779,65,255,782.438,246.115
780,66,255,1020.788,245.636
781,85,255,1352.818,246.229
782,87,255,1522.569,246.282
783,49,255,1596.378,245.480
784,79,255,213.462,247.171
785,52,255,1049.750,246.154
786,110,255,1094.382,248.245
787,82,255,1135.500,247.329
788,63,255,574.976,247.167
789,70,255,693.486,247.229
790,158,255,1478.703,249.006
791,126,255,1508.968,250.278
792,88,255,274.227,249.739
793,27,255,343.648,247.722
794,53,255,543.821,247.575
795,29,255,722.328,246.603
796,63,255,249.167,249.325
797,90,255,335.300,250.333
798,114,255,889.596,251.360
799,61,255,1070.648,249.287
800,76,255,1221.000,250.974
801,81,255,835.562,250.883
802,24,255,952.333,248.667
803,42,255,979.524,249.857
804,105,255,706.300,253.119
805,34,255,1154.000,249.294
806,23,255,1283.239,250.022
807,65,255,83.254,252.562
808,84,255,523.190,253.107
809,99,255,1234.914,253.540
810,61,255,1296.697,252.713
811,72,255,1407.111,253.903
812,136,255,670.949,254.728
813,205,255,1193.690,258.705
814,146,255,1384.993,256.822
815,53,255,1499.538,254.330
816,83,255,1535.380,253.994
817,31,255,1567.790,251.790
818,104,255,477.750,255.923
819,89,255,492.331,255.073
820,53,255,1015.500,254.500
821,54,255,1129.870,254.222
822,56,255,1330.875,254.482
823,83,255,1438.741,255.572
824,64,255,1594.734,254.281
825,83,255,16.307,256.440
826,63,255,254.214,255.897
827,82,255,379.939,256.549
828,84,255,462.060,256.393
829,26,255,696.577,254.269
830,75,255,725.580,255.820
831,79,255,1464.627,255.576
832,148,255,1556.574,259.595
833,26,255,1178.385,255.000
834,69,255,450.384,258.428
835,87,255,803.879,258.753
836,148,255,815.358,262.209
837,86,255,1056.372,258.395
838,21,255,879.071,256.881
839,70,255,933.743,259.343
840,68,255,1319.779,258.485
841,126,255,1346.841,260.087
842,67,255,1519.948,258.963
843,60,255,301.150,259.250
844,97,255,547.397,260.789
845,82,255,601.171,260.000
846,70,255,617.214,258.686
847,37,255,1002.527,259.284
848,66,255,1427.152,261.409
849,68,255,55.750,260.206
850,112,255,154.295,262.054
851,126,255,351.619,262.730
852,75,255,830.127,260.553
853,165,255,1365.555,264.094
854,94,255,387.947,262.553
855,78,255,684.923,262.077
856,132,255,782.174,263.985
857,39,255,1417.192,259.782
858,143,255,195.843,263.465
859,85,255,321.853,264.488
860,101,255,865.243,263.035
861,120,255,895.208,264.242
862,66,255,1033.152,263.348
863,93,255,243.801,264.661
864,51,255,290.676,263.696
865,76,255,501.434,264.434
866,92,255,589.337,264.402
867,72,255,1087.222,265.903
868,107,255,1301.780,264.715
869,82,255,1534.524,263.000
870,37,255,1572.473,262.581
871,82,255,561.354,264.817
872,37,255,925.527,265.419
873,89,255,1147.017,266.140
874,38,255,1180.158,263.763
875,98,255,37.888,265.969
876,100,255,138.140,267.140
877,83,255,732.464,266.223
878,62,255,1444.194,265.452
879,126,255,96.206,268.087
880,105,255,630.062,267.910
881,35,255,743.329,266.014
882,94,255,992.809,267.915
883,62,255,1323.274,265.871
884,83,255,1396.464,267.681
885,141,255,74.677,270.734
886,112,255,119.705,268.920
887,150,255,843.833,269.233
888,71,255,1217.176,267.669
889,44,255,1420.409,266.409
890,70,255,261.143,268.114
891,98,255,752.571,270.837
892,79,255,966.449,269.120
893,72,255,1058.028,268.125
894,98,255,1245.980,269.959
895,48,255,1408.771,268.958
896,73,255,674.993,269.486
897,71,255,950.077,270.373
898,184,255,1110.435,273.984
899,142,255,1132.190,271.937
900,126,255,1477.690,271.349
901,79,255,613.361,272.677
902,73,255,662.897,270.459
903,103,255,1165.694,272.034
904,96,255,1462.552,272.125
905,69,255,298.804,271.399
906,126,255,575.063,275.325
907,103,255,1275.811,273.714
908,92,255,18.207,273.261
909,67,255,155.366,272.396
910,56,255,210.607,271.946
911,63,255,365.389,273.135
912,56,255,376.893,271.946
913,30,255,774.000,271.133
914,109,255,870.638,273.555
915,43,255,1490.872,271.174
916,120,255,1516.183,274.883
917,63,255,385.722,275.944
918,106,255,481.868,276.151
919,27,255,516.019,274.981
920,120,255,695.892,276.892
921,71,255,735.514,276.063
922,81,255,797.179,275.710
923,75,255,1227.247,276.913
924,170,255,1260.094,278.365
925,60,255,1388.333,275.817
926,77,255,1539.136,276.240
927,62,255,349.629,276.452
928,95,255,1315.142,277.616
929,62,255,273.903,278.758
930,94,255,424.415,277.574
931,87,255,503.695,277.443
932,82,255,924.280,278.366
933,28,255,1216.393,275.464
934,103,255,285.675,279.782
935,58,255,945.034,279.241
936,65,255,3.700,279.469
937,44,255,954.182,279.045
938,44,255,1016.386,278.477
939,157,255,1081.449,283.538
940,62,255,1285.258,279.613
941,97,255,1344.108,280.747
942,131,255,1431.912,280.553
943,45,255,1549.567,278.922
944,171,255,461.266,284.132
945,97,255,625.057,280.263
946,70,255,772.343,280.100
947,99,255,1196.348,281.722
948,93,255,264.532,282.715
949,125,255,312.972,285.900
950,74,255,593.108,281.162
951,114,255,905.614,282.930
952,85,255,1027.959,282.618
953,51,255,1353.265,281.186
954,141,255,180.812,286.131
955,95,255,397.289,283.153
956,78,255,440.987,283.192
957,59,255,519.178,282.195
958,20,255,565.700,280.900
959,90,255,642.011,282.900
960,62,255,132.000,282.968
961,88,255,341.909,284.284
962,91,255,531.907,285.269
963,51,255,711.206,283.363
964,59,255,1471.975,283.568
965,84,255,753.369,285.190
966,73,255,1000.582,285.473
967,71,255,1382.387,285.359
968,175,255,53.191,287.129
969,76,255,80.803,286.566
970,71,255,106.627,285.289
971,92,255,207.315,286.978
972,117,255,219.756,288.038
973,106,255,245.283,287.047
974,128,255,376.750,287.016
975,45,255,1096.122,285.256
976,88,255,1239.818,287.659
977,97,255,163.521,287.242
978,47,255,1126.989,285.330
979,126,255,1210.024,289.119
980,92,255,9.511,288.967
981,92,255,541.924,288.435
982,104,255,883.644,288.404
983,84,255,1055.917,288.774
984,185,255,1173.403,289.484
985,58,255,1007.672,289.776
986,84,255,1282.095,289.012
987,119,255,1321.340,289.996
988,39,255,1592.910,287.449
989,90,255,68.556,290.944
990,80,255,429.913,290.062
991,123,255,667.313,290.110
992,61,255,697.254,288.451
993,77,255,791.890,289.409
994,120,255,1190.708,292.508
995,87,255,1230.500,290.626
996,70,255,1580.843,289.443
997,48,255,681.417,289.792
998,67,255,723.813,290.590
999,163,255,765.506,293.850
1000,107,255,840.780,293.612
1001,74,255,917.432,292.216
1002,92,255,1046.337,292.511
1003,86,255,1542.593,293.337
1004,94,255,1502.277,293.691
1005,40,255,713.450,292.000
1006,96,255,1354.938,294.104
1007,135,255,1409.248,295.959
1008,74,255,1442.473,293.203
1009,61,255,1552.828,293.402
1010,215,255,444.095,298.891
1011,111,255,640.914,295.941
1012,98,255,817.286,296.357
1013,160,255,1134.138,295.988
1014,114,255,1486.667,296.395
1015,99,255,1521.419,295.581
1016,58,255,1102.397,295.190
1017,35,255,1117.071,294.586
1018,73,255,1564.637,295.842
1019,123,255,194.484,298.386
1020,129,255,971.384,299.012
1021,46,255,33.239,297.196
1022,94,255,796.223,298.968
1023,93,255,853.522,299.414
1024,118,255,125.305,300.297
1025,38,255,138.421,298.211
1026,84,255,291.393,298.369
1027,67,255,473.276,299.351
1028,128,255,692.867,299.008
1029,89,255,990.803,300.129
1030,56,255,1204.643,298.875
1031,111,255,44.590,301.464
1032,35,255,273.986,297.900
1033,86,255,317.930,301.488
1034,86,255,359.581,299.512
1035,129,255,394.019,301.345
1036,79,255,555.310,300.639
1037,33,255,1219.227,298.106
1038,73,255,1260.185,299.925
1039,83,255,162.994,301.536
1040,81,255,244.710,301.648
1041,163,255,411.267,302.880
1042,39,255,776.782,302.090
1043,100,255,941.790,301.200
1044,103,255,1390.762,301.985
1045,75,255,1452.367,301.487
1046,61,255,154.549,301.484
1047,62,255,326.242,301.774
1048,128,255,336.234,305.688
1049,88,255,369.716,304.591
1050,76,255,531.921,301.342
1051,134,255,589.433,303.127
1052,116,255,829.612,303.397
1053,203,255,1077.293,304.259
1054,127,255,1335.122,302.996
1055,152,255,26.243,306.605
1056,53,255,664.236,301.443
1057,98,255,721.163,303.235
1058,52,255,1002.308,303.346
1059,84,255,1269.833,304.786
1060,76,255,1324.342,306.197
1061,46,255,1546.717,303.217
1062,127,255,97.563,307.547
1063,149,255,112.003,308.802
1064,87,255,573.029,305.006
1065,65,255,1443.038,304.192
1066,103,255,483.733,306.617
1067,30,255,543.367,303.767
1068,88,255,616.159,306.125
1069,98,255,1169.051,306.592
1070,40,255,1295.275,304.150
1071,75,255,1366.900,306.713
1072,50,255,1526.280,304.820
1073,158,255,1154.778,309.481
1074,46,255,1310.565,306.000
1075,116,255,1353.103,307.948
1076,164,255,1502.561,307.677
1077,62,255,253.710,306.403
1078,171,255,276.365,310.775
1079,93,255,297.554,308.532
1080,91,255,464.445,308.412
1081,58,255,706.328,306.810
1082,91,255,1098.775,307.665
1083,20,255,1556.750,305.650
1084,50,255,1039.040,308.960
1085,20,255,1537.800,306.400
1086,118,255,6.356,311.059
1087,49,255,74.929,308.561
1088,124,255,643.452,310.831
1089,94,255,889.138,310.649
1090,121,255,151.690,313.946
1091,23,255,540.935,308.891
1092,68,255,798.750,310.382
1093,214,255,865.154,314.131
1094,38,255,901.579,308.868
1095,109,255,1401.096,311.867
1096,55,255,1521.591,311.936
1097,159,255,500.261,313.531
1098,39,255,1047.705,310.936
1099,75,255,1470.287,311.580
1100,93,255,1564.833,313.177
1101,74,255,67.459,313.838
1102,47,255,126.713,311.372
1103,93,255,196.435,313.070
1104,83,255,357.018,311.994
1105,103,255,974.675,313.500
1106,115,255,1423.839,314.143
1107,82,255,1458.756,313.988
1108,92,255,458.337,315.783
1109,100,255,608.540,314.030
1110,61,255,664.746,313.156
1111,87,255,910.649,314.914
1112,82,255,933.610,314.037
1113,103,255,1218.393,314.714
1114,54,255,557.074,316.148
1115,104,255,943.702,316.750
1116,140,255,259.114,316.957
1117,71,255,1480.711,316.007
1118,71,255,384.387,317.232
1119,85,255,570.735,315.724
1120,103,255,1275.587,318.354
1121,126,255,1369.579,321.571
1122,77,255,1492.201,317.461
1123,96,255,426.385,319.021
1124,76,255,524.329,318.211
1125,61,255,537.336,316.549
1126,118,255,627.881,318.508
1127,102,255,1032.716,318.922
1128,106,255,1092.509,319.226
1129,67,255,1111.590,317.888
1130,44,255,1597.114,317.045
1131,36,255,835.694,317.417
1132,128,255,1243.539,320.609
1133,38,255,1583.474,317.605
1134,86,255,41.884,320.128
1135,134,255,681.239,321.299
1136,55,255,694.864,319.918
1137,47,255,800.011,318.734
1138,56,255,1347.429,319.232
1139,143,255,1536.969,322.500
1140,87,255,756.580,321.006
1141,102,255,1050.127,321.706
1142,87,255,661.546,322.282
1143,59,255,1151.788,320.534
1144,115,255,22.952,325.752
1145,54,255,172.130,322.222
1146,34,255,1292.882,321.382
1147,201,255,726.420,325.973
1148,47,255,535.181,323.691
1149,132,255,596.477,326.280
1150,29,255,1204.086,323.052
1151,113,255,1305.588,326.040
1152,67,255,62.933,325.933
1153,85,255,816.453,326.394
1154,120,255,1335.383,327.042
1155,119,255,1402.324,326.962
1156,138,255,225.130,328.862
1157,79,255,436.184,327.146
1158,58,255,919.414,325.828
1159,141,255,1551.862,328.791
1160,119,255,705.239,328.895
1161,123,255,797.931,328.947
1162,29,255,826.190,326.259
1163,94,255,1442.011,329.106
1164,95,255,766.532,329.700
1165,111,255,854.212,330.257
1166,113,255,892.093,329.650
1167,104,255,1007.981,329.077
1168,80,255,1124.362,330.800
1169,86,255,184.628,330.233
1170,64,255,369.734,330.484
1171,102,255,1512.588,330.471
1172,108,255,147.722,332.102
1173,69,255,238.471,332.283
1174,165,255,395.088,331.718
1175,44,255,778.318,329.773
1176,23,255,1103.370,328.804
1177,45,255,1142.522,330.700
1178,160,255,200.231,333.875
1179,62,255,445.952,331.677
1180,113,255,485.712,333.535
1181,134,255,251.433,335.455
1182,117,255,313.338,333.936
1183,162,255,553.568,335.463
1184,99,255,612.157,335.884
1185,31,255,1207.210,331.887
1186,58,255,1218.500,331.603
1187,121,255,1236.045,334.186
1188,104,255,1466.038,334.442
1189,42,255,129.619,333.048
1190,34,255,533.029,331.912
1191,25,255,949.940,332.100
1192,79,255,1253.146,335.044
1193,39,255,1353.859,332.782
1194,25,255,1383.580,332.740
1195,39,255,35.833,333.936
1196,85,255,342.159,335.347
1197,90,255,455.222,334.911
1198,106,255,508.198,335.142
1199,95,255,1052.932,337.711
1200,84,255,1479.619,335.417
1201,137,255,414.376,337.062
1202,82,255,824.683,335.305
1203,96,255,1372.781,336.375
1204,93,255,115.952,337.360
1205,166,255,165.404,340.771
1206,116,255,1027.595,337.940
1207,93,255,1081.177,337.425
1208,86,255,1261.837,338.279
1209,99,255,1276.763,337.773
1210,127,255,10.335,339.161
1211,57,255,350.798,337.447
1212,107,255,575.079,338.827
1213,44,255,1153.682,337.455
1214,62,255,289.290,338.306
1215,118,255,297.025,341.907
1216,63,255,777.706,338.532
1217,105,255,1437.319,339.624
1218,95,255,599.426,340.300
1219,127,255,720.618,341.169
1220,64,255,998.359,339.984
1221,101,255,1215.856,340.718
1222,87,255,689.328,341.052
1223,97,255,974.933,343.479
1224,48,255,1167.458,339.625
1225,71,255,1344.599,341.289
1226,40,255,69.500,340.700
1227,80,255,265.450,342.175
1228,77,255,544.942,342.357
1229,121,255,903.384,343.054
1230,60,255,1540.350,342.433
1231,129,255,1321.585,344.004
1232,50,255,330.500,342.740
1233,26,255,360.808,341.462
1234,75,255,473.953,344.953
1235,71,255,700.824,343.683
1236,28,255,890.107,341.750
1237,66,255,955.788,342.333
1238,75,255,1298.273,343.847
1239,44,255,1597.386,343.795
1240,85,255,129.312,344.853
1241,93,255,1200.565,345.855
1242,30,255,1386.867,342.867
1243,54,255,36.907,344.907
1244,73,255,500.445,346.253
1245,39,255,645.064,344.936
1246,95,255,654.774,346.626
1247,92,255,855.652,346.000
1248,67,255,1585.888,345.769
1249,64,255,383.281,346.672
1250,107,255,743.257,347.313
1251,31,255,867.048,345.210
1252,94,255,1133.872,348.021
1253,130,255,1354.500,349.315
1254,117,255,102.551,348.500
1255,97,255,179.923,348.655
1256,70,255,809.514,347.514
1257,95,255,1113.268,349.416
1258,92,255,1402.054,347.859
1259,84,255,947.024,349.631
1260,40,255,1183.975,347.575
1261,104,255,1500.154,351.385
1262,64,255,1566.172,348.484
1263,89,255,220.129,349.680
1264,65,255,571.377,349.177
1265,112,255,1256.161,351.741
1266,61,255,1425.402,350.156
1267,94,255,484.606,351.319
1268,27,255,1028.870,348.463
1269,66,255,1278.394,350.455
1270,115,255,1469.291,352.013
1271,92,255,1487.924,352.967
1272,141,255,311.465,357.131
1273,113,255,920.164,352.491
1274,86,255,1144.523,353.221
1275,67,255,46.948,351.679
1276,139,255,242.558,354.421
1277,141,255,757.706,355.507
1278,68,255,896.074,353.029
1279,82,255,992.476,355.098
1280,120,255,1093.475,354.458
1281,116,255,121.241,355.086
1282,134,255,358.291,355.067
1283,105,255,593.614,355.605
1284,99,255,868.924,354.500
1285,99,255,1244.268,355.884
1286,68,255,817.515,354.868
1287,40,255,1524.775,353.500
1288,101,255,453.649,356.233
1289,149,255,669.930,359.614
1290,91,255,1038.819,356.357
1291,37,255,1164.095,354.257
1292,86,255,1176.616,356.733
1293,98,255,1228.429,356.490
1294,26,255,1287.577,354.423
1295,103,255,1554.549,358.316
1296,112,255,77.821,358.384
1297,33,255,905.227,356.227
1298,37,255,938.095,355.527
1299,64,255,963.781,356.031
1300,43,255,1298.500,356.616
1301,71,255,1536.092,356.317
1302,108,255,32.694,358.398
1303,178,255,424.843,359.775
1304,40,255,464.725,357.625
1305,110,255,619.164,359.273
1306,80,255,780.737,358.087
1307,80,255,1414.312,358.688
1308,84,255,1457.821,358.214
1309,93,255,57.629,359.930
1310,48,255,329.479,357.833
1311,98,255,404.480,359.378
1312,95,255,641.521,359.195
1313,59,255,657.822,358.415
1314,68,255,712.824,358.603
1315,108,255,731.370,359.815
1316,80,255,1381.188,361.850
1317,116,255,1394.914,359.888
1318,59,255,1513.025,358.076
1319,82,255,185.829,359.585
1320,57,255,769.061,359.518
1321,141,255,833.188,362.642
1322,126,255,1116.476,362.333
1323,75,255,211.167,361.753
1324,31,255,222.210,358.952
1325,90,255,283.011,361.667
1326,100,255,695.210,361.610
1327,86,255,1070.023,361.337
1328,94,255,1335.319,360.872
1329,49,255,804.602,361.316
1330,119,255,1005.626,362.660
1331,62,255,1083.984,362.097
1332,179,255,1435.947,365.707
1333,39,255,1529.962,361.474
1334,127,255,200.996,365.728
1335,101,255,543.847,364.480
1336,85,255,1570.265,363.194
1337,49,255,1591.990,362.480
1338,122,255,18.910,365.049
1339,95,255,44.047,364.774
1340,111,255,98.752,365.104
1341,32,255,162.219,362.594
1342,170,255,1048.418,370.118
1343,57,255,67.939,365.693
1344,98,255,750.153,368.041
1345,54,255,1172.370,364.426
1346,95,255,3.584,367.658
1347,108,255,88.074,369.824
1348,63,255,473.960,365.056
1349,163,255,870.248,367.482
1350,94,255,1203.021,366.011
1351,95,255,1240.079,366.489
1352,158,255,1310.690,367.538
1353,123,255,269.841,369.866
1354,65,255,567.792,367.885
1355,51,255,718.382,367.892
1356,87,255,813.362,367.534
1357,99,255,1486.470,368.601
1358,57,255,796.833,369.675
1359,57,255,988.640,368.974
1360,68,255,121.882,369.088
1361,38,255,137.105,368.789
1362,93,255,702.597,371.253
1363,116,255,949.328,370.966
1364,107,255,1326.014,371.565
1365,110,255,1363.091,371.664
1366,158,255,1579.519,373.519
1367,86,255,322.000,371.000
1368,45,255,773.100,369.056
1369,101,255,1287.847,372.054
1370,24,255,233.542,369.792
1371,24,255,462.167,369.625
1372,49,255,560.255,371.316
1373,77,255,578.448,371.864
1374,132,255,680.538,372.439
1375,79,255,974.044,372.778
1376,97,255,1415.500,372.500
1377,86,255,184.698,373.058
1378,74,255,1075.419,373.135
1379,22,255,56.182,370.864
1380,44,255,157.773,372.568
1381,143,255,220.360,375.150
1382,95,255,522.542,373.805
1383,88,255,1194.307,374.455
1384,92,255,1350.750,375.065
1385,87,255,365.856,375.155
1386,118,255,662.119,375.686
1387,97,255,1383.747,376.407
1388,161,255,169.307,380.550
1389,87,255,308.810,375.914
1390,34,255,415.647,374.176
1391,43,255,606.686,375.035
1392,98,255,848.612,376.816
1393,116,255,1461.905,377.328
1394,66,255,1508.894,375.076
1395,89,255,256.848,376.949
1396,75,255,780.153,377.753
1397,44,255,1549.000,375.955
1398,70,255,495.886,377.843
1399,93,255,714.973,378.274
1400,82,255,1559.476,377.890
1401,44,255,395.273,377.614
1402,91,255,465.654,379.522
1403,68,255,588.853,379.132
1404,42,255,824.548,376.905
1405,137,255,885.296,381.120
1406,104,255,910.442,379.644
1407,164,255,1265.732,382.274
1408,73,255,343.336,379.116
1409,102,255,448.196,379.882
1410,70,255,623.443,379.057
1411,108,255,1035.472,381.157
1412,104,255,1155.538,380.163
1413,110,255,116.855,381.918
1414,46,255,152.239,380.348
1415,44,255,381.886,379.795
1416,38,255,407.316,379.263
1417,66,255,1296.712,381.818
1418,38,255,1219.132,380.026
1419,89,255,1237.421,381.758
1420,79,255,1491.690,382.209
1421,72,255,558.875,382.972
1422,58,255,50.466,383.086
1423,109,255,98.353,384.041
1424,102,255,292.206,384.382
1425,77,255,509.916,384.591
1426,114,255,1139.518,385.447
1427,72,255,31.000,384.250
1428,116,255,192.155,385.914
1429,56,255,578.357,384.375
1430,70,255,680.200,384.957
1431,128,255,831.023,388.445
1432,78,255,1068.051,385.051
1433,115,255,1327.535,385.691
1434,65,255,1442.454,384.469
1435,34,255,431.382,384.441
1436,76,255,530.632,385.553
1437,34,255,749.529,384.147
1438,90,255,923.222,386.878
1439,55,255,1280.209,384.936
1440,45,255,1308.344,384.433
1441,44,255,1549.409,384.864
1442,54,255,618.870,386.056
1443,68,255,932.838,387.250
1444,53,255,1091.085,386.047
1445,98,255,1209.918,388.776
1446,93,255,1367.360,387.565
1447,34,255,1523.176,385.471
1448,43,255,586.151,387.128
1449,70,255,841.957,387.814
1450,106,255,954.368,388.783
1451,102,255,1587.225,389.353
1452,35,255,228.043,387.700
1453,44,255,342.227,387.273
1454,23,255,378.457,386.283
1455,89,255,1165.185,389.534
1456,82,255,1532.439,390.207
1457,58,255,817.017,389.121
1458,65,255,1513.300,390.377
1459,115,255,689.674,392.561
1460,51,255,499.324,390.853
1461,85,255,566.865,392.676
1462,108,255,1108.296,393.111
1463,115,255,598.865,394.743
1464,72,255,1065.028,393.847
1465,99,255,1232.843,393.429
1466,22,255,154.409,391.591
1467,54,255,489.111,393.019
1468,117,255,770.346,395.021
1469,45,255,1084.033,392.656
1470,84,255,1301.679,393.464
1471,114,255,1380.860,394.991
1472,104,255,1421.481,394.596
1473,81,255,210.352,394.895
1474,45,255,746.589,394.611
1475,41,255,1194.232,393.110
1476,69,255,1469.674,394.283
1477,44,255,310.818,395.091
1478,78,255,362.205,396.077
1479,99,255,785.288,396.187
1480,58,255,1033.190,395.103
1481,173,255,1346.113,397.986
1482,111,255,270.914,399.266
1483,70,255,287.114,397.243
1484,123,255,426.931,398.045
1485,88,255,537.250,396.932
1486,68,255,983.603,396.235
1487,105,255,1012.233,397.919
1488,68,255,1046.471,396.074
1489,62,255,1269.484,396.661
1490,71,255,3.669,397.824
1491,107,255,103.734,397.864
1492,27,255,258.019,395.981
1493,78,255,332.179,397.692
1494,107,255,475.491,398.650
1495,98,255,550.000,398.694
1496,134,255,633.343,400.724
1497,51,255,647.108,396.853
1498,33,255,1002.015,396.833
1499,99,255,1410.106,398.732
1500,81,255,161.031,399.204
1501,94,255,944.787,400.234
1502,100,255,1130.850,399.940
1503,106,255,69.613,400.340
1504,44,255,246.114,399.523
1505,60,255,403.733,398.217
1506,65,255,674.577,399.177
1507,98,255,733.684,399.949
1508,121,255,915.624,403.236
1509,48,255,1168.396,400.021
1510,65,255,1538.608,400.608
1511,109,255,1572.683,402.060
1512,78,255,611.949,402.346
1513,49,255,1119.418,401.276
1514,56,255,1180.804,401.339
1515,90,255,1477.722,403.356
1516,94,255,1518.128,402.968
1517,92,255,25.239,403.750
1518,49,255,487.847,401.663
1519,78,255,812.795,402.346
1520,35,255,897.929,401.986
1521,88,255,51.875,403.977
1522,41,255,128.402,402.232
1523,87,255,500.351,404.098
1524,117,255,1498.013,405.004
1525,80,255,843.962,405.038
1526,69,255,864.703,404.587
1527,144,255,884.319,407.521
1528,48,255,1453.812,404.188
1529,23,255,1189.500,403.674
1530,83,255,94.018,406.873
1531,50,255,264.480,406.900
1532,56,255,350.375,406.196
1533,125,255,463.732,409.492
1534,37,255,510.500,406.797
1535,46,255,1043.978,405.326
1536,131,255,1099.630,408.034
1537,51,255,1530.343,406.696
1538,46,255,1593.848,406.065
1539,52,255,312.327,406.808
1540,138,255,577.319,409.442
1541,78,255,696.333,408.603
1542,25,255,802.100,406.060
1543,71,255,978.331,408.120
1544,71,255,1139.120,407.937
1545,45,255,1354.722,407.944
1546,29,255,191.638,407.569
1547,37,255,826.743,407.986
1548,98,255,1386.531,410.010
1549,59,255,1446.890,409.195
1550,76,255,211.303,409.658
1551,44,255,360.068,408.818
1552,43,255,453.174,408.337
1553,78,255,1019.256,410.423
1554,105,255,1257.081,410.300
1555,92,255,1340.543,410.641
1556,72,255,1377.347,410.500
1557,51,255,1057.461,410.990
1558,100,255,1201.290,411.600
1559,81,255,1213.611,411.759
1560,20,255,1237.400,408.250
1561,47,255,1280.351,410.074
1562,104,255,1325.452,411.529
1563,98,255,1409.980,411.102
1564,55,255,185.227,412.555
1565,61,255,233.057,411.582
1566,58,255,705.155,411.724
1567,94,255,736.309,412.362
1568,90,255,776.311,412.878
1569,99,255,1151.692,412.712
1570,31,255,1461.952,410.984
1571,77,255,166.461,412.526
1572,89,255,595.972,412.904
1573,43,255,795.988,412.244
1574,60,255,541.000,414.183
1575,36,255,623.000,411.500
1576,105,255,679.643,416.071
1577,74,255,805.392,414.419
1578,67,255,1119.246,412.649
1579,104,255,1426.808,415.067
1580,44,255,2.386,414.636
1581,77,255,151.344,414.357
1582,90,255,293.967,415.633
1583,123,255,1169.833,415.622
1584,63,255,17.468,414.944
1585,93,255,246.253,416.253
1586,42,255,141.500,416.595
1587,69,255,529.848,416.688
1588,86,255,549.605,416.733
1589,93,255,714.898,417.500
1590,90,255,749.144,417.267
1591,36,255,970.389,417.056
1592,97,255,999.696,417.582
1593,96,255,1588.323,417.906
1594,27,255,175.130,417.537
1595,77,255,281.916,417.747
1596,108,255,950.991,418.000
1597,24,255,1310.000,415.500
1598,95,255,1400.626,418.184
1599,63,255,1468.548,417.627
1600,38,255,337.789,417.500
1601,101,255,386.351,418.688
1602,134,255,819.619,419.985
1603,84,255,1031.262,418.821
1604,37,255,1137.095,418.149
1605,107,255,1549.799,419.397
1606,104,255,38.481,421.490
1607,73,255,268.966,419.322
1608,32,255,403.312,418.719
1609,63,255,1044.802,418.960
1610,43,255,1237.802,418.709
1611,78,255,1368.436,419.795
1612,64,255,1507.078,418.625
1613,66,255,49.667,420.924
1614,79,255,447.259,421.690
1615,47,255,667.223,419.862
1616,48,255,791.979,420.583
1617,142,255,924.739,422.894
1618,43,255,1276.919,419.453
1619,42,255,315.143,419.833
1620,87,255,889.868,422.316
1621,36,255,912.056,420.583
1622,113,255,1304.509,423.199
1623,98,255,1449.296,422.296
1624,94,255,596.511,422.755
1625,41,255,1288.695,422.744
1626,60,255,1337.483,423.300
1627,43,255,1571.035,423.291
1628,86,255,637.826,425.419
1629,75,255,1130.447,425.033
1630,89,255,514.107,426.365
1631,52,255,976.596,424.712
1632,103,255,1058.976,427.150
1633,73,255,1182.829,426.075
1634,91,255,1416.192,426.885
1635,114,255,81.263,427.939
1636,95,255,132.900,426.963
1637,98,255,197.918,426.918
1638,114,255,767.175,427.614
1639,40,255,1112.750,425.675
1640,81,255,1359.735,427.994
1641,57,255,1559.500,426.430
1642,93,255,25.328,428.683
1643,83,255,421.946,428.355
1644,174,255,857.690,430.672
1645,49,255,1217.561,427.276
1646,75,255,1085.407,429.020
1647,31,255,1247.468,428.242
1648,66,255,1470.364,428.061
1649,92,255,1521.250,430.022
1650,38,255,14.026,428.395
1651,84,255,942.143,431.000
1652,131,255,1008.760,430.828
1653,74,255,1318.405,430.027
1654,100,255,499.550,431.190
1655,116,255,613.302,431.466
1656,80,255,665.188,430.925
1657,113,255,1266.810,432.155
1658,74,255,99.743,431.811
1659,114,255,179.447,432.912
1660,95,255,255.026,431.953
1661,179,255,365.863,434.338
1662,28,255,477.250,429.786
1663,76,255,576.329,431.132
1664,140,255,826.707,434.193
1665,78,255,1074.269,432.256
1666,140,255,1149.379,435.186
1667,151,255,628.613,437.619
1668,80,255,687.150,432.800
1669,104,255,1097.327,433.750
1670,76,255,1235.039,433.118
1671,68,255,153.559,433.147
1672,50,255,163.580,434.060
1673,83,255,310.151,433.801
1674,66,255,841.697,433.909
1675,39,255,976.859,432.449
1676,58,255,1461.034,433.431
1677,70,255,111.271,434.157
1678,52,255,701.096,435.385
1679,92,255,757.522,437.098
1680,64,255,1167.906,436.188
1681,103,255,1432.772,437.150
1682,60,255,1597.050,436.583
1683,80,255,529.638,436.562
1684,30,255,594.533,436.400
1685,38,255,793.000,436.316
1686,99,255,813.419,439.783
1687,104,255,1397.462,438.404
1688,74,255,73.689,437.581
1689,71,255,477.754,438.711
1690,52,255,894.192,436.596
1691,102,255,1201.186,438.686
1692,78,255,1329.590,437.897
1693,115,255,1500.865,439.987
1694,63,255,279.246,438.389
1695,34,255,467.794,438.206
1696,94,255,919.979,440.043
1697,52,255,573.615,438.865
1698,186,255,715.274,444.575
1699,84,255,874.786,440.298
1700,66,255,1304.000,439.848
1701,54,255,1546.407,438.870
1702,106,255,1559.170,440.906
1703,90,255,133.200,441.822
1704,106,255,232.604,444.085
1705,46,255,449.087,440.761
1706,59,255,679.195,441.771
1707,86,255,905.686,441.884
1708,95,255,1042.374,442.563
1709,51,255,316.833,442.108
1710,66,255,1320.106,443.591
1711,52,255,1514.481,442.654
1712,54,255,155.444,442.833
1713,85,255,251.771,443.476
1714,118,255,987.203,445.059
1715,89,255,1009.556,443.848
1716,46,255,1070.043,442.783
1717,156,255,1216.122,445.128
1718,85,255,21.065,445.665
1719,144,255,50.000,445.778
1720,85,255,86.041,445.994
1721,58,255,97.828,444.569
1722,87,255,510.868,444.144
1723,144,255,969.062,448.111
1724,57,255,1028.693,444.728
1725,89,255,191.455,445.770
1726,33,255,333.167,444.409
1727,32,255,546.219,445.594
1728,30,255,555.600,443.467
1729,92,255,590.870,446.000
1730,78,255,838.885,445.859
1731,145,255,1372.390,446.238
1732,63,255,1488.611,445.167
1733,98,255,661.510,447.653
1734,72,255,889.014,447.764
1735,32,255,1440.188,445.156
1736,66,255,1474.318,447.045
1737,55,255,32.118,447.591
1738,56,255,166.232,447.500
1739,102,255,1121.137,448.912
1740,182,255,1536.588,451.764
1741,118,255,1578.627,449.373
1742,54,255,287.278,447.648
1743,105,255,753.005,449.386
1744,99,255,793.561,448.874
1745,88,255,1052.705,449.489
1746,49,255,325.765,448.888
1747,55,255,535.427,450.118
1748,77,255,736.084,449.383
1749,86,255,150.605,451.779
1750,119,255,409.046,451.550
1751,39,255,1597.782,450.654
1752,122,255,205.525,452.746
1753,122,255,390.189,455.369
1754,76,255,682.618,450.908
1755,50,255,276.460,452.180
1756,102,255,557.010,453.853
1757,78,255,816.103,453.769
1758,122,255,848.730,455.508
1759,96,255,1557.719,452.760
1760,36,255,298.389,452.389
1761,40,255,308.450,453.050
1762,86,255,1176.872,453.663
1763,49,255,1252.786,452.786
1764,57,255,1342.518,453.061
1765,93,255,245.543,455.866
1766,50,255,612.780,453.740
1767,113,255,1080.403,455.642
1768,50,255,1285.580,454.080
1769,112,255,13.232,457.348
1770,59,255,141.161,456.534
1771,36,255,284.806,454.639
1772,93,255,730.726,456.887
1773,70,255,923.400,455.600
1774,40,255,998.350,455.475
1775,117,255,1099.372,457.167
1776,42,255,1418.500,454.786
1777,163,255,1315.592,459.715
1778,30,255,44.133,455.967
1779,54,255,527.667,457.241
1780,62,255,584.065,456.871
1781,49,255,600.378,456.765
1782,109,255,1015.399,458.445
1783,81,255,1025.636,458.710
1784,35,255,1156.986,456.243
1785,97,255,1299.180,459.232
1786,65,255,1336.777,459.146
1787,82,255,1386.183,458.037
1788,143,255,1489.626,459.409
1789,87,255,1519.695,458.431
1790,56,255,106.375,458.214
1791,106,255,513.038,459.613
1792,62,255,875.726,458.677
1793,75,255,1238.753,458.993
1794,70,255,1456.729,458.214
1795,87,255,131.868,461.431
1796,93,255,161.844,460.898
1797,148,255,363.169,461.216
1798,21,255,623.595,457.690
1799,92,255,642.804,460.000
1800,110,255,799.418,460.873
1801,150,255,1282.360,465.247
1802,23,255,290.804,459.761
1803,49,255,317.051,460.133
1804,140,255,775.307,462.264
1805,98,255,1164.031,464.949
1806,71,255,98.725,463.373
1807,49,255,454.092,461.214
1808,103,255,683.743,461.869
1809,27,255,1120.426,460.204
1810,65,255,1187.623,461.638
1811,106,255,1246.028,464.689
1812,81,255,1590.488,461.994
1813,76,255,121.737,464.250
1814,39,255,485.269,460.654
1815,141,255,756.408,465.691
1816,30,255,830.833,460.467
1817,119,255,1060.239,463.155
1818,121,255,1226.740,466.376
1819,106,255,1261.113,464.566
1820,78,255,1354.923,464.282
1821,94,255,1436.553,464.415
1822,85,255,1578.582,463.947
1823,110,255,604.127,465.709
1824,88,255,618.864,465.500
1825,98,255,710.541,465.418
1826,62,255,1110.048,465.371
1827,66,255,1199.045,464.303
1828,43,255,69.709,464.988
1829,114,255,177.667,466.947
1830,75,255,900.900,466.553
1831,56,255,953.768,465.464
1832,58,255,7.259,466.741
1833,68,255,224.529,466.618
1834,76,255,588.118,466.803
1835,56,255,1345.196,466.839
1836,144,255,38.201,469.840
1837,77,255,233.734,468.617
1838,98,255,964.878,469.051
1839,161,255,1002.394,471.879
1840,60,255,1390.983,467.900
1841,81,255,209.241,468.907
1842,62,255,275.597,469.339
1843,80,255,429.200,469.312
1844,74,255,284.432,470.595
1845,49,255,918.663,468.806
1846,58,255,984.431,469.672
1847,56,255,331.286,470.357
1848,93,255,647.597,471.382
1849,61,255,835.549,470.713
1850,96,255,1036.115,470.427
1851,115,255,1367.691,471.335
1852,72,255,1449.722,470.653
1853,93,255,109.124,472.575
1854,82,255,197.683,472.354
1855,72,255,348.792,471.472
1856,120,255,464.992,473.750
1857,97,255,556.294,472.139
1858,79,255,852.133,471.791
1859,94,255,1078.128,472.500
1860,53,255,1092.255,471.802
1861,109,255,1535.904,474.298
1862,84,255,823.274,473.202
1863,62,255,886.935,471.452
1864,85,255,933.512,472.406
1865,60,255,1172.817,472.483
1866,60,255,1426.750,472.533
1867,123,255,1500.541,473.817
1868,123,255,634.801,475.492
1869,114,255,866.026,475.044
1870,139,255,247.579,477.342
1871,31,255,376.855,473.113
1872,44,255,1051.977,473.364
1873,47,255,1334.074,473.670
1874,98,255,1457.041,476.388
1875,94,255,1549.394,475.234
1876,22,255,1598.500,474.136
1877,77,255,70.032,474.890
1878,117,255,86.021,477.047
1879,106,255,1579.745,479.085
1880,87,255,55.086,476.063
1881,101,255,142.926,478.371
1882,66,255,440.273,476.258
1883,50,255,11.120,476.820
1884,146,255,500.966,478.623
1885,65,255,1221.885,477.285
1886,53,255,1392.142,477.425
1887,113,255,1481.553,479.049
1888,65,255,2.423,481.392
1889,99,255,899.924,478.662
1890,61,255,1148.779,477.926
1891,25,255,762.660,477.660
1892,121,255,776.426,480.698
1893,116,255,980.500,480.767
1894,86,255,1408.465,480.105
1895,100,255,566.440,481.920
1896,76,255,658.171,481.250
1897,117,255,702.543,482.791
1898,131,255,1019.844,482.958
1899,30,255,1290.033,479.700
1900,95,255,1557.058,481.426
1901,45,255,714.944,480.833
1902,57,255,301.412,482.096
1903,30,255,873.200,481.900
1904,107,255,928.322,483.238
1905,125,255,1105.796,484.460
1906,103,255,541.830,484.471
1907,47,255,1138.606,482.543
1908,59,255,425.754,484.110
1909,63,255,750.310,485.071
1910,154,255,956.338,488.701
1911,63,255,1079.341,483.786
1912,75,255,1431.967,485.007
1913,110,255,274.736,486.545
1914,116,255,1121.129,486.879
1915,164,255,1204.933,489.750
1916,84,255,23.714,486.393
1917,143,255,170.913,489.444
1918,84,255,340.131,487.024
1919,59,255,447.178,485.534
1920,120,255,1243.175,488.508
1921,33,255,1334.924,485.076
1922,38,255,1488.368,486.026
1923,146,255,122.918,489.349
1924,64,255,308.281,488.000
1925,62,255,556.758,488.387
1926,49,255,1276.500,486.378
1927,48,255,1441.542,487.750
1928,37,255,158.203,487.689
1929,129,255,191.329,490.640
1930,66,255,793.652,488.773
1931,100,255,579.900,490.570
1932,105,255,595.729,491.100
1933,29,255,1191.466,488.534
1934,25,255,1366.380,487.500
1935,22,255,63.273,488.591
1936,92,255,207.674,491.228
1937,68,255,397.838,490.853
1938,48,255,684.312,489.667
1939,43,255,1507.500,489.640
1940,147,255,827.609,495.432
1941,125,255,1005.364,492.372
1942,105,255,1057.967,492.833
1943,64,255,1139.469,490.391
1944,67,255,1313.619,491.485
1945,82,255,1389.061,492.000
1946,42,255,1417.976,491.810
1947,53,255,1449.179,491.594
1948,94,255,1467.840,492.436
1949,41,255,1539.841,490.134
1950,94,255,1573.787,492.245
1951,104,255,91.298,493.808
1952,115,255,104.839,494.161
1953,44,255,225.432,492.386
1954,52,255,675.712,494.192
1955,117,255,726.047,494.321
1956,31,255,840.145,491.758
1957,63,255,1150.627,493.738
1958,86,255,141.605,494.419
1959,127,255,291.406,494.854
1960,113,255,365.898,495.323
1961,62,255,809.500,493.645
1962,42,255,968.571,492.452
1963,84,255,1161.488,493.905
1964,109,255,1264.922,493.986
1965,98,255,469.582,494.980
1966,101,255,666.391,496.500
1967,74,255,771.405,494.919
1968,108,255,898.444,496.593
1969,88,255,1070.034,495.932
1970,145,255,1492.590,498.197
1971,93,255,79.027,496.640
1972,100,255,1226.740,495.960
1973,62,255,28.452,496.677
1974,108,255,606.306,498.093
1975,153,255,1083.350,499.879
1976,75,255,1279.793,497.020
1977,80,255,405.250,499.438
1978,110,255,509.891,500.418
1979,27,255,652.389,496.537
1980,97,255,1183.789,498.613
1981,88,255,1341.125,497.455
1982,94,255,416.319,500.309
1983,64,255,497.891,499.344
1984,23,255,694.848,496.022
1985,112,255,759.527,500.196
1986,133,255,1296.989,502.726
1987,46,255,582.000,499.761
1988,99,255,633.884,501.763
1989,84,255,1581.881,501.048
1990,120,255,10.350,502.858
1991,43,255,208.872,501.453
1992,138,255,548.768,504.159
1993,86,255,1119.605,502.279
1994,43,255,1248.453,500.547
1995,34,255,1408.029,500.647
1996,75,255,1514.740,501.673
1997,143,255,386.899,506.206
1998,136,255,437.390,504.507
1999,80,255,908.875,503.762
2000,67,255,1323.470,502.470
2001,104,255,270.587,504.712
2002,63,255,1384.294,503.087
2003,125,255,131.628,506.036
2004,61,255,880.598,505.369
2005,105,255,949.243,506.252
2006,130,255,1164.077,508.723
2007,77,255,1209.812,504.643
2008,36,255,1256.028,504.222
2009,20,255,1475.350,503.100
2010,38,255,34.658,504.816
2011,64,255,46.203,505.531
2012,80,255,518.962,506.512
2013,97,255,654.552,506.263
2014,52,255,1597.250,506.173
2015,109,255,171.812,507.298
2016,76,255,217.066,507.382
2017,107,255,685.089,507.463
2018,83,255,796.054,506.572
2019,95,255,809.079,508.553
2020,169,255,851.275,509.086
2021,90,255,934.967,510.000
2022,102,255,991.000,508.500
2023,83,255,1128.705,508.223
2024,54,255,1198.111,506.889
2025,49,255,1522.214,507.929
2026,66,255,1150.515,508.606
2027,118,255,1460.864,509.771
2028,124,255,60.952,510.831
2029,65,255,337.577,508.946
2030,105,255,916.519,510.338
2031,87,255,1450.420,510.626
2032,85,255,1536.394,510.512
2033,82,255,1220.354,511.354
2034,113,255,1307.704,512.279
2035,91,255,1424.027,511.093
2036,50,255,1433.300,510.020
2037,68,255,149.897,512.132
2038,142,255,260.810,513.930
2039,103,255,319.403,512.743
2040,92,255,750.348,512.239
2041,58,255,80.948,512.948
2042,76,255,639.184,512.829
2043,50,255,831.220,510.920
2044,83,255,24.042,514.380
2045,46,255,560.152,514.065
2046,156,255,967.769,518.147
2047,36,255,1177.833,513.222
2048,59,255,1082.059,514.280
2049,68,255,1278.265,514.265
2050,24,255,1348.333,513.708
2051,159,255,1556.601,518.255
2052,99,255,577.429,516.904
2053,84,255,707.726,515.536
2054,134,255,1578.724,516.530
2055,62,255,42.806,516.565
2056,25,255,232.540,515.260
2057,94,255,1025.936,517.447
2058,183,255,1248.363,519.079
2059,58,255,1320.603,516.638
2060,70,255,340.429,517.214
2061,174,255,784.489,522.063
2062,155,255,980.087,523.010
2063,78,255,1485.167,517.987
2064,58,255,1498.052,517.500
2065,102,255,349.873,522.520
2066,72,255,519.903,521.361
2067,72,255,741.736,520.625
2068,91,255,819.995,520.060
2069,45,255,832.100,517.011
2070,140,255,865.636,520.664
2071,173,255,92.269,522.616
2072,182,255,499.236,524.478
2073,89,255,941.039,522.219
2074,69,255,1102.239,519.138
2075,119,255,1189.105,521.651
2076,55,255,613.809,520.664
2077,106,255,1153.858,522.009
2078,38,255,1215.026,519.447
2079,96,255,1383.448,521.021
2080,109,255,221.977,522.179
2081,137,255,672.288,523.318
2082,61,255,699.582,522.189
2083,78,255,1265.333,521.962
2084,40,255,1508.550,520.925
2085,87,255,1543.155,522.891
2086,121,255,12.880,524.021
2087,48,255,635.938,521.562
2088,50,255,689.260,523.000
2089,91,255,1092.874,524.148
2090,77,255,311.019,523.318
2091,154,255,455.532,525.558
2092,22,255,954.727,521.409
2093,81,255,44.167,524.228
2094,32,255,330.469,522.781
2095,164,255,623.707,529.482
2096,60,255,1043.700,524.133
2097,185,255,157.305,528.457
2098,122,255,536.500,527.615
2099,70,255,1410.571,525.243
2100,150,255,765.400,529.173
2101,114,255,887.289,527.754
2102,61,255,901.992,526.549
2103,48,255,1120.333,526.000
2104,22,255,1225.409,524.591
2105,82,255,202.646,528.183
2106,82,255,234.951,529.488
2107,123,255,274.785,529.801
2108,186,255,294.984,532.285
2109,178,255,482.051,530.410
2110,53,255,192.613,529.179
2111,117,255,382.927,530.756
2112,119,255,410.761,530.231
2113,30,255,545.500,528.133
2114,89,255,1572.421,530.163
2115,92,255,1597.217,532.663
2116,23,255,245.022,529.630
2117,38,255,1338.921,529.658
2118,55,255,1346.409,530.482
2119,109,255,70.784,532.546
2120,71,255,131.289,532.232
2121,29,255,252.086,531.672
2122,105,255,950.214,533.357
2123,71,255,992.246,530.965
2124,155,255,1480.823,534.610
2125,164,255,1500.805,536.335
2126,70,255,1556.657,531.143
2127,86,255,1010.721,533.209
2128,122,255,1242.615,535.697
2129,74,255,223.919,534.527
2130,101,255,313.401,534.718
2131,49,255,1290.582,533.622
2132,82,255,437.366,535.427
2133,66,255,812.485,534.409
2134,82,255,1035.951,536.415
2135,41,255,1434.232,534.646
2136,80,255,1449.562,535.350
2137,88,255,1461.489,537.705
2138,56,255,834.589,535.018
2139,119,255,1149.996,537.113
2140,48,255,1195.812,535.458
2141,101,255,520.658,538.203
2142,105,255,1065.014,537.538
2143,27,255,1178.056,535.204
2144,161,255,86.457,540.345
2145,57,255,696.360,536.658
2146,105,255,1304.957,539.262
2147,158,255,1330.943,540.835
2148,54,255,1411.907,538.241
2149,109,255,1521.317,541.106
2150,135,255,1130.337,540.730
2151,123,255,798.256,541.801
2152,114,255,908.456,540.553
2153,78,255,998.821,540.269
2154,84,255,1348.810,540.917
2155,55,255,1378.191,539.082
2156,132,255,26.652,542.333
2157,146,255,106.808,543.466
2158,114,255,656.974,542.228
2159,39,255,974.064,539.731
2160,45,255,1282.411,539.789
2161,83,255,1563.151,540.777
2162,72,255,186.097,543.042
2163,122,255,456.262,543.434
2164,38,255,548.237,541.447
2165,118,255,862.695,542.576
2166,67,255,1213.709,540.918
2167,67,255,1269.604,540.351
2168,48,255,1360.229,541.375
2169,41,255,255.476,542.085
2170,30,255,265.867,541.200
2171,27,255,557.722,542.500
2172,135,255,781.878,545.263
2173,59,255,202.585,543.703
2174,63,255,960.325,543.294
2175,59,255,58.534,543.585
2176,159,255,416.406,546.104
2177,28,255,567.179,542.321
2178,159,255,679.651,547.211
2179,133,255,744.259,546.267
2180,119,255,839.080,545.962
2181,147,255,1174.031,545.888
2182,134,255,1585.806,546.276
2183,45,255,139.633,544.789
2184,51,255,159.088,545.422
2185,41,255,700.183,544.159
2186,78,255,245.192,546.487
2187,111,255,1073.473,548.275
2188,52,255,1312.462,546.308
2189,111,255,498.878,550.311
2190,48,255,768.562,546.938
2191,132,255,1254.068,549.053
2192,117,255,363.645,550.876
2193,46,255,880.826,548.152
2194,103,255,897.840,550.646
2195,115,255,971.187,549.961
2196,66,255,12.636,550.242
2197,96,255,329.406,550.458
2198,138,255,378.065,551.732
2199,126,255,757.952,552.294
2200,82,255,937.280,551.841
2201,89,255,1207.410,551.803
2202,149,255,915.688,553.070
2203,80,255,1107.188,550.750
2204,29,255,1278.052,548.810
2205,76,255,639.803,552.789
2206,61,255,1299.992,551.320
2207,64,255,1412.500,551.000
2208,104,255,1536.048,552.798
2209,78,255,625.641,554.487
2210,115,255,1023.970,553.787
2211,105,255,1051.500,553.433
2212,44,255,1218.182,552.205
2213,136,255,151.426,555.287
2214,32,255,212.656,552.125
2215,107,255,610.995,554.584
2216,25,255,671.020,551.980
2217,68,255,985.279,553.618
2218,47,255,1475.394,553.245
2219,116,255,1511.112,553.871
2220,150,255,297.533,559.247
2221,64,255,569.500,556.438
2222,59,255,870.771,554.975
2223,53,255,1545.292,555.858
2224,37,255,73.662,555.311
2225,112,255,428.107,557.875
2226,124,255,477.532,558.331
2227,124,255,710.702,557.895
2228,121,255,109.310,558.492
2229,152,255,396.289,559.243
2230,189,255,522.638,560.659
2231,83,255,596.187,558.922
2232,102,255,816.951,559.892
2233,41,255,1360.207,558.646
2234,80,255,1372.812,558.700
2235,129,255,1486.143,561.531
2236,120,255,206.642,560.417
2237,75,255,345.207,560.913
2238,88,255,696.057,560.909
2239,130,255,1134.031,562.031
2240,25,255,54.420,558.780
2241,64,255,998.297,560.516
2242,52,255,275.577,561.288
2243,58,255,579.052,561.828
2244,47,255,753.947,561.074
2245,73,255,861.637,562.021
2246,22,255,1116.545,559.591
2247,44,255,1576.386,561.523
2248,21,255,1592.548,560.595
2249,121,255,172.888,566.112
2250,24,255,737.792,562.458
2251,101,255,961.738,564.658
2252,71,255,1066.965,564.880
2253,48,255,1106.750,562.500
2254,156,255,1150.833,566.308
2255,81,255,91.858,564.759
2256,111,255,239.356,565.266
2257,82,255,559.841,565.573
2258,81,255,254.130,566.401
2259,116,255,928.922,567.353
2260,88,255,1203.852,566.409
2261,41,255,18.939,565.768
2262,167,255,797.841,567.596
2263,115,255,1264.143,568.343
2264,25,255,74.740,565.300
2265,34,255,457.147,565.618
2266,30,255,659.867,566.000
2267,53,255,673.651,567.689
2268,64,255,1191.688,568.859
2269,130,255,369.369,570.392
2270,65,255,778.377,568.623
2271,27,255,1426.056,567.093
2272,113,255,330.040,571.128
2273,68,255,1525.235,569.176
2274,144,255,36.181,572.819
2275,117,255,304.944,572.697
2276,141,255,417.862,574.195
2277,88,255,472.091,571.511
2278,70,255,613.414,571.757
2279,62,255,627.161,572.516
2280,27,255,148.722,571.315
2281,70,255,575.900,572.600
2282,53,255,888.481,571.745
2283,72,255,1587.500,572.708
2284,52,255,4.019,574.192
2285,107,255,82.145,575.836
2286,117,255,114.654,577.021
2287,76,255,210.842,574.316
2288,101,255,997.045,575.153
2289,116,255,1121.017,575.276
2290,176,255,1173.869,575.722
2291,29,255,1216.638,571.810
2292,75,255,1228.033,573.340
2293,50,255,1292.320,573.120
2294,146,255,1384.205,575.829
2295,86,255,1437.814,573.779
2296,91,255,1468.500,575.786
2297,47,255,21.926,574.479
2298,127,255,127.941,580.091
2299,184,255,188.158,576.783
2300,23,255,1490.935,573.413
2301,71,255,221.289,576.768
2302,100,255,478.550,579.190
2303,156,255,913.917,578.045
2304,134,255,1098.918,577.455
2305,34,255,1539.382,574.588
2306,36,255,231.333,576.583
2307,69,255,452.051,576.790
2308,69,255,1199.775,576.312
2309,64,255,240.266,577.391
2310,153,255,265.631,581.003
2311,69,255,597.775,579.341
2312,166,255,980.837,579.608
2313,31,255,1057.242,575.371
2314,82,255,1314.793,578.415
2315,21,255,1574.881,575.738
2316,56,255,1597.054,579.411
2317,98,255,1551.316,579.051
2318,90,255,431.544,580.889
2319,25,255,566.100,577.540
2320,96,255,734.000,580.604
2321,84,255,853.524,579.548
2322,125,255,279.132,584.564
2323,94,255,459.787,581.660
2324,49,255,756.541,580.173
2325,151,255,872.573,583.003
2326,107,255,938.248,582.435
2327,199,255,146.013,586.078
2328,58,255,547.879,581.500
2329,138,255,677.065,584.348
2330,67,255,1150.366,580.575
2331,134,255,1226.261,583.030
2332,108,255,1298.528,583.352
2333,41,255,92.573,581.695
2334,133,255,385.741,584.372
2335,81,255,835.512,582.228
2336,46,255,707.217,582.391
2337,73,255,802.295,585.144
2338,60,255,1512.200,583.600
2339,145,255,12.045,586.866
2340,34,255,1027.559,582.706
2341,98,255,1368.918,586.418
2342,58,255,246.362,586.483
2343,136,255,347.684,588.375
2344,57,255,492.798,585.412
2345,174,255,1282.328,587.247
2346,79,255,1351.057,585.766
2347,49,255,230.806,586.276
2348,146,255,771.336,589.493
2349,98,255,1564.276,586.612
2350,81,255,640.957,588.537
2351,108,255,174.074,589.509
2352,175,255,194.700,592.780
2353,20,255,575.500,586.850
2354,169,255,961.843,591.423
2355,86,255,1139.151,589.593
2356,119,255,1247.861,589.819
2357,79,255,1322.513,589.905
2358,132,255,53.742,592.500
2359,43,255,617.500,588.640
2360,72,255,789.528,589.917
2361,54,255,925.907,589.185
2362,64,255,1527.766,589.594
2363,134,255,421.985,591.896
2364,27,255,812.611,588.574
2365,109,255,1312.537,592.482
2366,58,255,1595.776,590.534
2367,109,255,320.922,592.518
2368,77,255,407.604,593.071
2369,157,255,514.188,594.468
2370,123,255,1197.663,593.346
2371,62,255,661.323,591.758
2372,89,255,913.073,593.298
2373,35,255,1048.729,590.871
2374,44,255,1426.409,592.000
2375,103,255,362.995,595.597
2376,145,255,375.707,597.521
2377,116,255,66.724,596.698
2378,186,255,549.285,597.672
2379,66,255,830.106,594.379
2380,164,255,1022.811,597.329
2381,54,255,1581.093,594.741
2382,49,255,251.316,594.929
2383,132,255,1219.386,598.258
2384,23,255,1267.630,594.283
2385,144,255,1550.799,597.444
2386,43,255,165.779,595.314
2387,140,255,1005.764,598.814
2388,60,255,1109.583,595.383
2389,38,255,267.289,596.658
2390,48,255,296.271,596.021
2391,56,255,475.607,597.375
2392,132,255,692.205,599.659
2393,85,255,1233.629,598.288
2394,102,255,81.137,601.255
2395,60,255,237.317,598.917
2396,110,255,468.973,602.345
2397,142,255,732.880,601.099
2398,88,255,857.795,599.568
2399,65,255,1393.638,598.146
2400,37,255,32.149,599.311
2401,57,255,108.535,600.149
2402,168,255,130.274,602.786
2403,169,255,1069.831,604.204
2404,71,255,1447.458,599.894
2405,32,255,1039.656,598.875
2406,41,255,43.207,601.256
2407,72,255,315.333,602.278
2408,62,255,791.065,601.581
2409,145,255,22.093,604.941
2410,117,255,760.338,604.671
2411,79,255,278.930,604.386
2412,31,255,448.952,601.790
2413,108,255,704.269,606.167
2414,74,255,1103.541,603.824
2415,38,255,192.526,604.026
2416,110,255,1204.136,605.982
2417,28,255,172.214,603.679
2418,118,255,293.161,606.686
2419,105,255,716.643,607.424
2420,76,255,840.447,606.013
2421,48,255,1335.312,605.417
2422,102,255,1364.127,607.412
2423,31,255,398.210,605.210
2424,79,255,456.994,607.386
2425,88,255,487.727,606.955
2426,45,255,909.967,605.456
2427,112,255,1431.714,608.795
2428,24,255,1507.667,604.958
2429,81,255,743.673,608.451
2430,92,255,1282.815,608.728
2431,58,255,1307.121,607.845
2432,54,255,1420.389,607.278
2433,109,255,1484.775,609.794
2434,100,255,249.450,609.860
2435,77,255,388.110,609.955
2436,38,255,815.763,607.474
2437,52,255,879.192,607.788
2438,116,255,1120.983,610.698
2439,143,255,1177.794,610.801
2440,92,255,1412.109,611.663
2441,68,255,1464.471,609.485
2442,155,255,537.610,614.881
2443,39,255,1132.269,608.346
2444,96,255,1273.792,611.427
2445,48,255,1378.958,609.917
2446,111,255,36.572,612.527
2447,98,255,218.500,611.612
2448,25,255,1096.540,608.900
2449,21,255,49.452,609.548
2450,33,255,323.136,610.530
2451,88,255,520.557,614.205
2452,51,255,549.147,610.441
2453,99,255,986.217,613.207
2454,44,255,1330.000,611.500
2455,174,255,1586.580,615.529
2456,106,255,158.811,614.670
2457,51,255,202.873,613.422
2458,107,255,972.836,615.836
2459,116,255,1047.543,615.310
2460,64,255,1217.797,614.953
2461,64,255,775.828,615.125
2462,65,255,793.685,616.069
2463,46,255,808.500,614.000
2464,125,255,1107.036,618.084
2465,103,255,103.131,616.782
2466,32,255,664.906,614.750
2467,69,255,2.500,619.413
2468,110,255,67.927,617.582
2469,49,255,475.439,615.806
2470,28,255,501.929,615.036
2471,56,255,1202.518,616.321
2472,37,255,1313.419,616.203
2473,72,255,1543.361,616.833
2474,140,255,447.293,620.607
2475,73,255,757.418,617.295
2476,40,255,824.075,617.100
2477,59,255,862.432,617.161
2478,145,255,943.031,620.624
2479,109,255,1497.032,618.583
2480,102,255,488.657,618.882
2481,91,255,1010.709,618.918
2482,21,255,88.881,617.452
2483,97,255,287.624,619.995
2484,135,255,1065.048,621.211
2485,35,255,1479.186,617.529
2486,85,255,224.465,621.347
2487,41,255,329.524,618.988
2488,143,255,368.171,623.171
2489,162,255,683.840,623.414
2490,25,255,1573.220,618.420
2491,129,255,553.353,622.965
2492,88,255,892.159,621.125
2493,107,255,916.294,622.715
2494,27,255,1404.500,620.204
2495,107,255,614.341,623.706
2496,71,255,1460.838,622.852
2497,60,255,317.900,623.117
2498,84,255,506.345,624.476
2499,144,255,1323.528,626.125
2500,89,255,174.657,625.489
2501,134,255,344.530,626.455
2502,213,255,591.575,627.725
2503,54,255,1020.444,624.593
2504,202,255,1093.891,629.713
2505,164,255,1230.957,626.945
2506,53,255,1442.481,624.123
2507,33,255,56.288,623.167
2508,62,255,1178.887,624.597
2509,90,255,1348.311,626.700
2510,149,255,36.802,627.272
2511,86,255,849.733,627.616
2512,56,255,983.304,625.554
2513,124,255,1142.581,629.040
2514,165,255,1250.530,630.312
2515,29,255,1471.052,625.086
2516,59,255,83.449,626.517
2517,114,255,203.368,629.175
2518,126,255,958.841,631.349
2519,72,255,1159.736,628.889
2520,89,255,1196.039,627.601
2521,129,255,1268.895,630.027
2522,84,255,1514.036,628.048
2523,92,255,161.011,629.685
2524,67,255,775.978,628.933
2525,84,255,358.619,630.905
2526,32,255,411.719,629.219
2527,37,255,695.581,628.986
2528,99,255,114.631,631.197
2529,35,255,328.586,629.929
2530,49,255,967.867,631.684
2531,81,255,1015.204,632.105
2532,80,255,1056.525,632.062
2533,165,255,1128.282,634.506
2534,32,255,665.531,630.500
2535,73,255,1114.938,634.007
2536,188,255,942.612,636.351
2537,82,255,1372.085,634.305
2538,72,255,1439.889,634.792
2539,106,255,251.613,635.415
2540,66,255,724.182,635.273
2541,173,255,915.858,637.350
2542,69,255,97.051,635.442
2543,117,255,628.620,636.654
2544,79,255,872.994,638.880
2545,49,255,1032.153,633.786
2546,96,255,1297.562,637.198
2547,104,255,1595.163,639.173
2548,47,255,9.138,636.777
2549,47,255,85.394,635.287
2550,28,255,104.786,635.464
2551,57,255,181.044,635.553
2552,158,255,555.987,639.633
2553,44,255,692.091,635.432
2554,111,255,803.185,637.518
2555,25,255,1430.140,636.460
2556,53,255,1501.821,638.179
2557,68,255,347.000,638.809
2558,141,255,1192.812,639.401
2559,108,255,315.167,641.954
2560,43,255,394.384,639.267
2561,145,255,534.521,641.210
2562,56,255,617.411,640.821
2563,77,255,1421.253,640.916
2564,146,255,425.979,641.986
2565,168,255,498.667,643.423
2566,66,255,654.833,641.924
2567,53,255,662.802,641.255
2568,52,255,674.885,639.962
2569,163,255,706.936,642.733
2570,95,255,822.963,641.521
2571,118,255,1356.542,642.280
2572,115,255,1405.326,642.422
2573,68,255,19.926,642.132
2574,55,255,72.082,641.100
2575,174,255,127.149,644.989
2576,58,255,839.259,641.293
2577,31,255,295.629,641.758
2578,39,255,381.269,640.987
2579,40,255,454.225,642.000
2580,132,255,1313.341,644.894
2581,77,255,159.097,643.448
2582,101,255,641.342,645.213
2583,60,255,730.750,643.850
2584,140,255,1080.850,645.436
2585,131,255,274.004,646.889
2586,96,255,364.229,645.365
2587,140,255,446.021,648.850
2588,36,255,865.167,642.917
2589,157,255,894.723,647.608
2590,42,255,968.429,642.619
2591,121,255,1032.351,645.500
2592,52,255,33.000,645.000
2593,81,255,259.451,645.759
2594,184,255,588.348,651.098
2595,69,255,176.572,647.717
2596,231,255,985.006,651.418
2597,121,255,1221.285,648.186
2598,132,255,1246.841,648.492
2599,29,255,1324.638,646.603
2600,53,255,1529.349,647.481
2601,81,255,1569.660,648.006
2602,61,255,393.123,650.582
2603,103,255,1281.364,649.558
2604,80,255,1293.412,650.837
2605,183,255,58.270,653.254
2606,83,255,153.102,650.693
2607,63,255,230.468,649.595
2608,81,255,350.475,650.167
2609,104,255,864.654,650.144
2610,91,255,1457.346,650.390
2611,45,255,1550.544,648.056
2612,62,255,819.129,650.597
2613,56,255,428.964,650.643
2614,60,255,839.433,649.917
2615,134,255,548.321,654.694
2616,113,255,847.978,656.412
2617,50,255,214.080,653.840
2618,85,255,383.276,653.806
2619,142,255,755.077,655.556
2620,182,255,1013.093,658.060
2621,39,255,1094.910,652.346
2622,81,255,1163.611,654.154
2623,114,255,1399.044,654.842
2624,110,255,1334.464,656.055
2625,75,255,1494.860,655.793
2626,188,255,1254.394,660.702
2627,137,255,1518.055,657.704
2628,53,255,71.877,658.198
2629,115,255,84.448,657.196
2630,83,255,293.669,657.584
2631,87,255,662.994,657.707
2632,49,255,1026.398,656.276
2633,66,255,224.394,658.000
2634,55,255,320.445,657.991
2635,79,255,804.665,657.627
2636,43,255,1111.430,657.128
2637,84,255,35.381,658.714
2638,62,255,283.500,659.806
2639,32,255,654.000,657.656
2640,59,255,187.941,659.398
2641,85,255,639.512,660.041
2642,115,255,1210.022,660.952
2643,65,255,102.208,659.992
2644,102,255,364.676,661.922
2645,35,255,836.843,659.443
2646,75,255,1064.740,661.153
2647,172,255,1081.343,664.500
2648,91,255,1185.115,661.049
2649,84,255,178.131,662.452
2650,107,255,626.145,662.145
2651,150,255,1140.540,663.800
2652,71,255,514.007,662.218
2653,153,255,883.134,664.382
2654,70,255,1455.186,661.614
2655,57,255,125.167,662.868
2656,196,255,154.658,668.102
2657,56,255,417.964,663.911
2658,40,255,526.450,662.875
2659,31,255,727.661,662.113
2660,51,255,1321.971,665.951
2661,92,255,1562.239,664.163
2662,25,255,404.060,662.700
2663,28,255,1093.893,662.571
2664,88,255,1337.920,665.602
2665,112,255,1379.723,665.321
2666,149,255,11.614,668.648
2667,61,255,31.352,666.123
2668,66,255,275.864,667.379
2669,155,255,497.881,669.377
2670,45,255,653.211,666.322
2671,177,255,683.630,671.121
2672,101,255,1127.876,669.292
2673,72,255,1478.486,666.681
2674,64,255,299.203,667.094
2675,81,255,438.019,669.105
2676,152,255,537.164,672.303
2677,121,255,951.293,669.450
2678,35,255,1038.557,666.157
2679,57,255,1107.132,666.974
2680,80,255,1264.950,668.775
2681,57,255,842.763,668.395
2682,75,255,1049.927,668.793
2683,60,255,1158.917,668.383
2684,73,255,1276.253,671.432
2685,109,255,1496.399,671.133
2686,43,255,1570.384,668.477
2687,133,255,387.357,671.598
2688,76,255,454.197,669.632
2689,113,255,606.385,671.438
2690,36,255,1312.472,668.806
2691,43,255,524.988,671.151
2692,37,255,100.959,669.392
2693,92,255,226.978,671.630
2694,89,255,369.770,672.556
2695,106,255,477.142,672.981
2696,134,255,1180.515,673.985
2697,79,255,1405.120,672.108
2698,122,255,1484.402,676.541
2699,252,255,869.599,675.948
2700,33,255,895.409,671.924
2701,165,255,1541.912,674.245
2702,89,255,340.129,675.152
2703,98,255,756.520,674.684
2704,38,255,1115.132,672.000
2705,145,255,1581.700,675.541
2706,118,255,247.246,677.212
2707,92,255,514.087,674.424
2708,58,255,1438.897,673.569
2709,106,255,41.066,678.208
2710,97,255,124.675,675.572
2711,144,255,192.278,678.972
2712,38,255,1467.395,673.789
2713,33,255,289.742,675.288
2714,88,255,585.114,677.534
2715,93,255,1213.285,677.478
2716,110,255,1513.255,678.145
2717,186,255,572.699,682.339
2718,78,255,774.103,678.218
2719,85,255,1009.300,678.206
2720,100,255,1199.220,678.750
2721,87,255,60.971,679.603
2722,101,255,264.213,678.975
2723,48,255,280.667,678.688
2724,102,255,409.882,679.667
2725,82,255,980.232,680.037
2726,48,255,993.708,678.083
2727,112,255,1134.027,680.304
2728,53,255,1410.783,677.745
2729,158,255,91.829,681.766
2730,112,255,136.536,682.857
2731,143,255,550.542,682.829
2732,126,255,657.222,681.937
2733,86,255,1109.384,680.849
2734,33,255,903.500,680.773
2735,103,255,1068.325,683.383
2736,29,255,1467.914,679.638
2737,56,255,1551.000,680.393
2738,65,255,1267.654,682.023
2739,56,255,1331.518,681.911
2740,54,255,1379.148,682.074
2741,36,255,1427.528,680.556
2742,46,255,11.696,682.370
2743,145,255,167.790,689.183
2744,47,255,225.628,682.223
2745,99,255,310.318,685.056
2746,76,255,319.882,684.132
2747,115,255,462.535,685.196
2748,29,255,642.879,681.707
2749,142,255,806.493,685.789
2750,190,255,940.821,686.789
2751,93,255,1037.651,684.285
2752,58,255,1159.017,684.052
2753,101,255,1224.025,684.579
2754,37,255,784.500,683.986
2755,31,255,909.532,683.435
2756,44,255,919.909,683.591
2757,70,255,1444.129,685.286
2758,77,255,71.084,685.630
2759,76,255,1079.171,686.632
2760,54,255,283.463,686.833
2761,52,255,445.538,684.558
2762,42,255,292.667,687.786
2763,174,255,484.736,692.132
2764,71,255,1178.317,686.951
2765,129,255,1367.756,690.004
2766,109,255,1388.197,688.894
2767,51,255,1462.716,686.775
2768,41,255,115.207,689.207
2769,23,255,216.283,686.587
2770,67,255,404.067,687.843
2771,154,255,1294.260,690.916
2772,65,255,1537.623,688.531
2773,55,255,769.064,688.136
2774,44,255,1208.955,688.318
2775,172,255,1242.808,691.977
2776,107,255,1413.210,690.425
2777,58,255,1596.017,690.345
2778,93,255,365.790,691.962
2779,124,255,593.331,693.129
2780,62,255,642.403,691.339
2781,58,255,693.379,690.431
2782,136,255,754.721,694.353
2783,113,255,904.226,692.969
2784,39,255,1313.654,689.782
2785,41,255,1399.817,690.793
2786,147,255,268.357,694.323
2787,50,255,342.540,692.060
2788,117,255,864.953,694.124
2789,78,255,1046.897,693.179
2790,56,255,1505.054,692.339
2791,60,255,180.833,695.050
2792,55,255,231.555,693.555
2793,102,255,827.863,694.931
2794,112,255,962.795,694.786
2795,132,255,1324.811,696.765
2796,56,255,10.446,694.875
2797,64,255,21.391,696.125
2798,34,255,1231.882,695.676
2799,136,255,1266.213,697.059
2800,101,255,1528.401,696.658
2801,71,255,648.289,697.035
2802,125,255,713.052,698.780
2803,73,255,238.349,698.253
2804,47,255,399.309,696.947
2805,87,255,459.638,698.282
2806,111,255,527.419,698.725
2807,162,255,680.889,699.722
2808,66,255,980.924,698.455
2809,80,255,103.425,700.413
2810,26,255,444.000,697.885
2811,61,255,568.008,700.533
2812,134,255,1481.866,702.619
2813,95,255,1497.921,703.858
2814,70,255,1589.057,701.929
2815,87,255,121.385,702.454
2816,79,255,159.323,703.070
2817,84,255,387.714,702.774
2818,21,255,632.786,700.214
2819,169,255,931.695,705.287
2820,133,255,1003.372,704.402
2821,26,255,1038.192,699.615
2822,120,255,1438.183,702.858
2823,45,255,1565.678,700.722
2824,72,255,331.750,704.208
2825,182,255,369.308,706.181
2826,72,255,807.625,703.181
2827,106,255,1060.330,703.132
2828,38,255,1519.711,701.658
2829,110,255,1547.791,703.345
2830,104,255,217.519,703.615
2831,172,255,559.326,707.576
2832,22,255,695.773,701.318
2833,120,255,775.975,705.708
2834,57,255,1104.974,703.044
2835,101,255,1147.698,703.639
2836,100,255,1283.800,704.530
2837,82,255,859.000,704.000
2838,156,255,1120.551,707.192
2839,85,255,64.924,706.488
2840,76,255,665.632,705.487
2841,85,255,975.159,707.053
2842,118,255,1165.322,706.881
2843,36,255,1506.889,704.639
2844,76,255,150.750,706.803
2845,68,255,190.794,706.471
2846,62,255,399.065,706.081
2847,154,255,618.747,708.247
2848,106,255,814.236,709.142
2849,153,255,956.925,712.258
2850,146,255,311.370,710.014
2851,92,255,516.315,707.870
2852,21,255,942.500,705.357
2853,76,255,1014.803,708.263
2854,145,255,1419.472,709.472
2855,92,255,139.891,709.902
2856,124,255,906.153,710.363
2857,155,255,1312.571,710.442
2858,155,255,1368.687,711.661
2859,47,255,441.947,708.883
2860,34,255,574.941,708.824
2861,54,255,1402.796,708.444
2862,90,255,457.533,711.011
2863,118,255,883.500,712.102
2864,78,255,1527.256,710.949
2865,69,255,57.109,711.486
2866,109,255,98.628,713.014
2867,135,255,476.004,713.663
2868,76,255,501.882,711.539
2869,57,255,641.781,710.728
2870,33,255,657.924,710.530
2871,106,255,826.226,715.217
2872,60,255,1179.583,710.833
2873,131,255,408.271,714.935
2874,88,255,596.636,712.727
2875,99,255,794.833,713.712
2876,157,255,1085.971,713.959
2877,55,255,122.245,712.409
2878,67,255,836.709,714.963
2879,64,255,188.547,714.234
2880,125,255,1251.948,716.508
2881,132,255,1344.189,717.742
2882,53,255,1559.821,714.670
2883,113,255,17.951,716.465
2884,63,255,44.579,717.468
2885,42,255,88.571,714.429
2886,94,255,649.032,717.851
2887,87,255,1151.109,715.282
2888,118,255,1576.042,717.000
2889,150,255,741.840,718.487
2890,104,255,1284.365,717.125
2891,53,255,1296.934,716.481
2892,120,255,281.625,719.050
2893,46,255,449.435,717.587
2894,110,255,1058.927,718.618
2895,40,255,1551.475,716.475
2896,113,255,1398.836,719.845
2897,98,255,1462.235,720.408
2898,114,255,587.772,721.211
2899,121,255,1027.665,721.087
2900,106,255,353.330,721.792
2901,121,255,543.442,722.731
2902,81,255,633.549,720.105
2903,93,255,236.500,722.522
2904,119,255,860.769,722.920
2905,119,255,927.887,722.845
2906,30,255,107.867,721.200
2907,34,255,131.824,721.088
2908,108,255,306.343,723.176
2909,79,255,555.538,724.019
2910,119,255,714.088,723.971
2911,64,255,1174.078,721.812
2912,180,255,1203.161,725.900
2913,103,255,1380.112,722.995
2914,125,255,1550.228,725.356
2915,119,255,881.231,725.063
2916,73,255,1139.171,724.295
2917,57,255,1411.167,724.096
2918,41,255,224.695,726.305
2919,54,255,568.130,726.204
2920,121,255,1101.930,726.839
2921,104,255,1234.240,727.788
2922,159,255,1497.305,726.783
2923,70,255,64.329,727.271
2924,81,255,161.463,726.833
2925,53,255,490.821,725.991
2926,109,255,768.060,728.610
2927,45,255,825.744,726.078
2928,93,255,985.048,726.145
2929,42,255,1183.929,727.405
2930,80,255,1301.312,727.525
2931,42,255,27.548,726.833
2932,131,255,365.905,729.508
2933,103,255,1127.898,729.228
2934,121,255,1333.616,729.583
2935,67,255,665.500,729.649
2936,111,255,194.275,729.968
2937,95,255,613.942,730.763
2938,110,255,939.727,731.145
2939,69,255,425.022,730.283
2940,32,255,636.312,728.656
2941,64,255,687.328,729.812
2942,109,255,961.904,732.170
2943,139,255,1050.522,732.608
2944,100,255,1170.300,731.040
2945,70,255,1421.871,730.800
2946,130,255,1569.992,732.354
2947,68,255,1595.132,729.971
2948,69,255,275.471,731.413
2949,142,255,509.423,733.444
2950,95,255,625.911,732.721
2951,67,255,791.440,731.142
2952,47,255,917.032,731.223
2953,61,255,50.582,732.156
2954,111,255,302.572,733.815
2955,62,255,1083.774,732.194
2956,93,255,14.349,734.844
2957,54,255,248.611,732.352
2958,40,255,338.100,734.150
2959,151,255,406.103,735.745
2960,98,255,454.020,734.602
2961,148,255,993.122,736.764
2962,57,255,1522.132,733.991
2963,83,255,1531.560,737.030
2964,112,255,283.027,738.188
2965,112,255,597.330,735.973
2966,64,255,741.906,734.125
2967,65,255,1030.485,733.977
2968,68,255,1267.485,735.191
2969,41,255,1475.963,733.841
2970,38,255,394.816,736.000
2971,25,255,1381.380,733.500
2972,61,255,106.287,737.549
2973,20,255,147.450,735.450
2974,29,255,331.466,735.293
2975,49,255,1449.541,736.867
2976,90,255,437.222,738.700
2977,63,255,539.421,737.151
2978,58,255,1093.293,737.793
2979,42,255,1390.000,736.357
2980,94,255,1254.298,741.106
2981,20,255,59.000,737.000
2982,131,255,347.256,741.897
2983,138,255,584.558,742.964
2984,54,255,775.963,738.574
2985,142,255,822.120,740.937
2986,70,255,1145.571,740.086
2987,167,255,1196.524,741.680
2988,140,255,227.479,742.436
2989,90,255,464.222,741.389
2990,98,255,426.520,742.959
2991,33,255,485.924,741.167
2992,102,255,802.853,742.314
2993,90,255,1010.944,742.400
2994,42,255,1580.048,740.262
2995,70,255,1592.757,742.286
2996,101,255,499.797,743.312
2997,125,255,1494.988,744.436
2998,118,255,637.025,744.907
2999,80,255,842.650,744.413
3000,47,255,1029.904,742.670
3001,100,255,1302.370,744.110
3002,49,255,1539.031,744.520
3003,37,255,850.230,743.797
3004,105,255,1077.500,745.348
3005,23,255,1219.717,743.500
3006,43,255,255.384,744.314
3007,43,255,546.826,745.477
3008,53,255,860.708,745.651
3009,28,255,946.857,744.393
3010,78,255,25.795,747.872
3011,156,255,119.526,749.218
3012,80,255,742.938,746.650
3013,83,255,1242.054,747.669
3014,80,255,1465.650,748.438
3015,76,255,958.092,747.276
3016,72,255,14.917,749.153
3017,29,255,661.914,746.776
3018,40,255,1412.775,747.175
3019,67,255,157.903,749.336
3020,106,255,299.906,752.642
3021,101,255,559.074,750.361
3022,75,255,1453.820,751.020
3023,32,255,1510.000,749.000
3024,43,255,150.430,752.291
3025,50,255,441.200,750.400
3026,105,255,1160.452,752.900
3027,40,255,212.575,750.775
3028,176,255,314.500,755.426
3029,53,255,403.538,751.406
3030,45,255,501.367,750.989
3031,101,255,681.401,753.688
3032,150,255,913.367,754.773
3033,129,255,944.236,753.492
3034,66,255,1087.576,753.288
3035,24,255,1124.625,750.708
3036,36,255,191.250,752.250
3037,65,255,825.731,753.238
3038,136,255,869.603,756.088
3039,134,255,1018.261,757.552
3040,172,255,1031.529,758.988
3041,93,255,1116.188,755.382
3042,40,255,1279.300,752.600
3043,110,255,696.600,755.936
3044,58,255,1007.776,755.052
3045,44,255,1319.409,753.636
3046,126,255,380.333,757.040
3047,51,255,980.480,755.500
3048,142,255,1136.303,757.965
3049,25,255,1516.660,754.340
3050,121,255,70.756,757.822
3051,31,255,164.952,755.145
3052,62,255,179.984,755.968
3053,38,255,249.579,755.158
3054,137,255,479.266,758.288
3055,22,255,815.909,755.727
3056,35,255,1274.071,755.757
3057,42,255,1356.524,756.405
3058,34,255,1389.147,755.000
3059,99,255,1410.692,756.864
3060,63,255,1441.500,756.341
3061,75,255,273.393,757.820
3062,93,255,592.952,757.962
3063,117,255,989.150,759.474
3064,65,255,347.300,758.669
3065,80,255,1059.612,759.900
3066,148,255,1103.750,762.770
3067,28,255,1399.429,757.393
3068,71,255,99.725,759.894
3069,105,255,331.129,760.100
3070,119,255,432.332,760.004
3071,62,255,653.984,759.500
3072,26,255,1173.269,758.346
3073,96,255,1226.688,760.490
3074,90,255,1433.267,761.078
3075,92,255,1563.620,759.728
3076,73,255,744.473,761.226
3077,153,255,766.958,762.180
3078,118,255,804.847,761.983
3079,63,255,1192.405,760.500
3080,56,255,1585.589,761.107
3081,104,255,285.942,762.058
3082,96,255,412.865,763.250
3083,39,255,501.269,760.910
3084,116,255,735.172,763.595
3085,95,255,1511.574,762.089
3086,21,255,539.643,759.833
3087,32,255,1179.594,761.250
3088,42,255,513.976,761.976
3089,99,255,554.500,764.167
3090,38,255,605.395,763.053
3091,43,255,820.174,761.802
3092,91,255,1253.104,764.621
3093,130,255,1292.808,766.546
3094,115,255,358.657,766.622
3095,30,255,420.633,765.033
3096,40,255,720.375,764.675
3097,136,255,1377.904,768.801
3098,26,255,1549.154,764.308
3099,43,255,399.965,765.570
3100,60,255,613.900,765.783
3101,85,255,663.559,767.653
3102,58,255,833.724,768.155
3103,99,255,864.652,769.187
3104,51,255,1349.598,767.696
3105,73,255,439.856,769.952
3106,121,255,753.607,770.930
3107,100,255,1050.920,769.970
3108,108,255,1266.583,770.000
3109,103,255,1316.383,769.801
3110,69,255,1449.196,769.746
3111,107,255,1571.444,770.668
3112,59,255,6.178,769.398
3113,153,255,491.788,773.180
3114,133,255,576.154,772.583
3115,79,255,695.158,769.184
3116,115,255,850.761,770.709
3117,109,255,1418.977,770.546
3118,91,255,1501.313,769.973
3119,72,255,192.181,770.139
3120,101,255,316.144,772.074
3121,103,255,962.228,771.471
3122,79,255,1161.272,771.437
3123,75,255,1224.700,770.273
3124,98,255,1470.929,770.939
3125,91,255,262.995,772.742
3126,179,255,508.092,775.377
3127,62,255,826.790,772.435
3128,107,255,938.537,774.136
3129,35,255,1195.386,770.014
3130,133,255,68.169,776.237
3131,122,255,175.369,773.500
3132,134,255,383.963,776.157
3133,109,255,1037.271,774.885
3134,54,255,1438.852,772.685
3135,49,255,160.888,773.929
3136,106,255,549.226,775.179
3137,90,255,725.067,774.511
3138,49,255,990.031,774.908
3139,109,255,283.959,776.243
3140,71,255,631.852,776.007
3141,95,255,1481.553,777.121
3142,32,255,96.469,775.594
3143,88,255,106.375,776.909
3144,23,255,539.152,775.152
3145,31,255,654.919,775.403
3146,238,255,920.454,783.832
3147,81,255,40.512,778.858
3148,70,255,271.386,778.129
3149,89,255,329.657,778.545
3150,80,255,339.450,778.388
3151,56,255,971.304,777.304
3152,108,255,1073.417,778.083
3153,191,255,1108.950,780.186
3154,28,255,1522.250,775.893
3155,57,255,140.009,778.798
3156,75,255,431.513,780.260
3157,122,255,460.090,780.344
3158,164,255,1330.482,783.287
3159,77,255,445.175,782.604
3160,155,255,691.829,782.810
3161,68,255,871.279,780.912
3162,88,255,1230.636,781.170
3163,114,255,367.114,783.070
3164,56,255,775.250,780.946
3165,133,255,1150.515,783.989
3166,104,255,1375.471,784.125
3167,110,255,1400.000,783.355
3168,38,255,1493.895,781.395
3169,117,255,586.645,784.919
3170,138,255,1292.906,784.652
3171,74,255,311.500,784.000
3172,64,255,760.766,784.562
3173,59,255,952.415,784.347
3174,39,255,1186.756,783.936
3175,84,255,1420.440,783.940
3176,35,255,1543.043,783.586
3177,35,255,223.586,785.757
3178,93,255,653.285,785.704
3179,107,255,1091.481,786.491
3180,32,255,1343.844,784.156
3181,114,255,123.009,790.649
3182,99,255,251.096,787.874
3183,44,255,563.295,785.432
3184,107,255,720.070,787.397
3185,84,255,794.845,789.012
3186,57,255,855.921,785.658
3187,43,255,879.733,786.407
3188,66,255,554.621,787.485
3189,94,255,601.617,789.691
3190,96,255,938.750,788.688
3191,70,255,231.386,790.129
3192,74,255,240.662,790.284
3193,64,255,840.281,788.672
3194,117,255,1308.637,790.013
3195,72,255,1365.500,788.667
3196,52,255,741.000,789.000
3197,131,255,143.668,792.294
3198,60,255,343.183,790.283
3199,48,255,617.542,790.729
3200,105,255,827.871,792.938
3201,166,255,1590.175,793.861
3202,100,255,379.260,793.200
3203,40,255,957.075,791.875
3204,140,255,1251.750,793.786
3205,61,255,1268.303,791.549
3206,57,255,1428.833,792.781
3207,55,255,1509.227,791.955
3208,161,255,1412.419,795.506
3209,134,255,1461.627,796.082
3210,86,255,1489.721,794.000
3211,115,255,179.361,797.030
3212,86,255,206.058,794.000
3213,53,255,727.292,795.783
3214,32,255,9.094,794.469
3215,70,255,42.171,795.614
3216,54,255,358.074,795.222
3217,64,255,649.375,795.047
3218,126,255,704.365,798.119
3219,48,255,1184.292,795.229
3220,58,255,307.155,795.931
3221,89,255,453.803,798.388
3222,123,255,1138.183,798.045
3223,94,255,1527.319,797.021
3224,104,255,273.154,799.115
3225,39,255,296.038,797.423
3226,92,255,780.207,799.033
3227,90,255,886.378,798.167
3228,111,255,946.248,799.761
3229,161,255,505.047,800.382
3230,43,255,790.128,799.058
3231,88,255,1300.591,799.239
3232,107,255,590.369,801.051
3233,126,255,764.294,801.143
3234,24,255,1004.500,798.208
3235,69,255,1070.630,799.065
3236,83,255,1207.211,799.355
3237,37,255,1516.014,798.662
3238,134,255,27.925,802.493
3239,46,255,316.674,800.261
3240,38,255,334.289,799.868
3241,40,255,846.275,799.425
3242,123,255,1433.972,804.053
3243,89,255,611.343,801.826
3244,83,255,624.500,803.030
3245,100,255,856.640,802.640
3246,90,255,897.544,802.811
3247,160,255,1103.206,803.075
3248,118,255,1163.000,802.788
3249,73,255,1192.610,802.486
3250,72,255,1223.292,802.153
3251,58,255,1322.224,800.741
3252,122,255,1347.639,803.328
3253,63,255,197.960,802.929
3254,63,255,218.675,802.262
3255,37,255,227.365,801.365
3256,70,255,350.429,803.329
3257,87,255,685.914,803.557
3258,51,255,44.696,802.912
3259,124,255,110.306,805.258
3260,40,255,410.725,802.350
3261,124,255,436.895,804.960
3262,59,255,638.856,803.992
3263,21,255,1509.214,801.595
3264,42,255,236.952,803.024
3265,43,255,256.616,803.384
3266,129,255,570.012,807.236
3267,99,255,602.833,807.662
3268,85,255,835.065,807.335
3269,71,255,1539.246,806.176
3270,43,255,732.663,805.384
3271,31,255,1038.790,804.952
3272,93,255,1056.446,807.403
3273,107,255,1175.509,808.220
3274,55,255,308.609,806.773
3275,42,255,417.929,807.452
3276,70,255,654.300,807.614
3277,76,255,1015.500,807.816
3278,97,255,1284.335,808.789
3279,54,255,1388.796,807.333
3280,151,255,1485.209,811.421
3281,48,255,1209.896,808.104
3282,58,255,3.638,809.586
3283,114,255,516.684,810.667
3284,71,255,539.810,810.120
3285,51,255,738.755,809.775
3286,25,255,1046.500,808.500
3287,72,255,401.417,810.653
3288,22,255,549.136,809.727
3289,107,255,973.509,811.519
3290,67,255,1075.634,809.903
3291,56,255,1318.875,809.589
3292,101,255,1357.688,811.916
3293,34,255,85.029,809.412
3294,141,255,867.833,812.869
3295,55,255,940.336,811.227
3296,39,255,1084.269,810.218
3297,40,255,1115.775,810.425
3298,41,255,1187.134,810.402
3299,109,255,1259.124,813.234
3300,115,255,1471.239,812.961
3301,27,255,159.500,811.500
3302,117,255,489.919,814.517
3303,32,255,505.875,811.438
3304,32,255,1506.469,810.156
3305,89,255,457.455,814.185
3306,100,255,666.620,814.320
3307,107,255,704.893,815.173
3308,85,255,761.406,813.524
3309,101,255,1221.322,814.906
3310,88,255,1528.239,813.784
3311,83,255,386.259,815.476
3312,36,255,895.417,812.750
3313,86,255,984.686,815.174
3314,88,255,1245.364,815.023
3315,44,255,241.227,814.409
3316,94,255,275.085,815.936
3317,103,255,340.316,816.306
3318,56,255,905.000,816.107
3319,61,255,1394.844,815.434
3320,97,255,1443.799,816.294
3321,184,255,1556.478,819.587
3322,117,255,31.312,817.662
3323,96,255,298.750,817.448
3324,50,255,685.120,815.600
3325,69,255,807.500,815.500
3326,94,255,928.032,816.766
3327,83,255,1039.825,816.729
3328,127,255,1133.516,816.854
3329,68,255,1300.426,815.794
3330,29,255,328.707,816.500
3331,74,255,443.554,819.486
3332,132,255,746.833,822.045
3333,80,255,1093.700,820.425
3334,78,255,1235.526,818.897
3335,130,255,596.223,821.023
3336,48,255,677.333,819.604
3337,119,255,779.332,820.382
3338,82,255,1150.000,819.500
3339,137,255,1278.697,822.938
3340,99,255,1501.126,821.096
3341,86,255,1581.000,820.023
3342,53,255,544.123,819.349
3343,87,255,831.500,820.098
3344,49,255,374.806,821.153
3345,62,255,1162.694,821.823
3346,56,255,110.393,824.018
3347,31,255,256.435,822.339
3348,85,255,508.324,821.712
3349,59,255,624.093,821.415
3350,97,255,690.067,824.139
3351,147,255,718.929,824.983
3352,52,255,1266.462,822.962
3353,26,255,245.000,822.192
3354,169,255,1386.920,826.636
3355,69,255,266.109,825.283
3356,39,255,1020.474,823.705
3357,38,255,1083.658,822.974
3358,52,255,118.712,824.731
3359,77,255,222.461,825.669
3360,85,255,1120.653,825.735
3361,100,255,329.950,827.620
3362,167,255,564.512,828.332
3363,105,255,803.386,826.910
3364,31,255,894.694,825.242
3365,45,255,1197.411,825.611
3366,129,255,1418.143,829.035
3367,76,255,1571.711,827.697
3368,25,255,478.060,826.220
3369,103,255,1107.927,828.442
3370,87,255,1211.937,827.109
3371,119,255,1346.424,828.618
3372,48,255,163.229,828.125
3373,55,255,380.064,828.755
3374,89,255,765.455,828.545
3375,78,255,822.038,829.090
3376,34,255,1000.000,827.206
3377,79,255,1291.335,829.500
3378,93,255,100.769,830.575
3379,75,255,126.567,829.500
3380,23,255,418.109,827.457
3381,93,255,488.306,830.210
3382,112,255,914.071,830.562
3383,40,255,1076.800,828.475
3384,24,255,1405.958,830.792
3385,147,255,1447.330,831.663
3386,74,255,75.662,831.919
3387,27,255,184.167,828.648
3388,75,255,1584.593,831.860
3389,121,255,1040.054,832.376
3390,33,255,1158.409,830.803
3391,68,255,1227.235,830.765
3392,40,255,1597.675,831.075
3393,48,255,155.104,833.458
3394,162,255,398.284,835.630
3395,42,255,890.119,832.357
3396,69,255,1147.920,831.964
3397,105,255,86.529,834.852
3398,144,255,581.521,836.542
3399,112,255,620.143,833.812
3400,81,255,1173.957,833.562
3401,103,255,294.626,836.141
3402,157,255,664.213,838.162
3403,117,255,855.902,836.030
3404,82,255,64.793,836.061
3405,35,255,322.043,834.243
3406,76,255,772.987,835.513
3407,81,255,640.265,837.364
3408,101,255,1211.332,836.460
3409,155,255,44.023,839.500
3410,157,255,277.965,840.678
3411,43,255,339.826,838.407
3412,154,255,350.344,841.344
3413,45,255,784.456,837.167
3414,76,255,931.289,837.895
3415,83,255,597.970,839.958
3416,53,255,629.519,839.764
3417,47,255,651.755,838.926
3418,101,255,882.421,839.965
3419,120,255,958.150,840.000
3420,32,255,1058.625,836.500
3421,99,255,1097.197,839.510
3422,45,255,1425.322,837.833
3423,87,255,1506.684,838.408
3424,91,255,1519.401,840.665
3425,61,255,146.664,839.664
3426,156,255,373.096,842.974
3427,139,255,444.730,841.896
3428,108,255,704.361,840.704
3429,46,255,1364.587,838.196
3430,32,255,1529.844,838.375
3431,77,255,940.279,841.279
3432,108,255,1029.037,841.287
3433,103,255,1435.432,842.558
3434,101,255,1486.649,841.767
3435,37,255,199.419,839.689
3436,31,255,1181.532,840.113
3437,51,255,1225.716,841.480
3438,88,255,1288.568,842.750
3439,27,255,1400.315,840.722
3440,92,255,413.772,844.054
3441,98,255,533.776,844.194
3442,72,255,726.056,843.319
3443,50,255,24.120,843.860
3444,67,255,324.888,844.246
3445,166,255,123.843,848.217
3446,78,255,164.526,845.679
3447,43,255,191.058,846.012
3448,113,255,519.058,846.792
3449,129,255,566.143,847.601
3450,132,255,748.235,848.197
3451,88,255,972.409,846.034
3452,42,255,995.000,843.929
3453,112,255,1060.991,846.375
3454,65,255,461.777,846.085
3455,37,255,1155.932,846.014
3456,123,255,1385.516,848.045
3457,58,255,1417.638,845.793
3458,35,255,1479.214,845.814
3459,57,255,429.693,848.746
3460,86,255,714.151,848.930
3461,115,255,794.613,848.543
3462,85,255,815.865,847.841
3463,138,255,1333.558,849.652
3464,59,255,1593.229,846.975
3465,81,255,67.623,849.290
3466,101,255,1126.480,848.153
3467,97,255,1361.366,849.428
3468,26,255,1454.346,846.885
3469,71,255,210.725,848.387
3470,41,255,239.915,847.939
3471,65,255,334.808,849.762
3472,126,255,1314.619,849.437
3473,57,255,401.377,850.132
3474,29,255,555.776,849.569
3475,113,255,831.296,851.580
3476,79,255,1180.133,850.968
3477,26,255,89.654,849.769
3478,36,255,140.333,850.639
3479,71,255,652.951,851.599
3480,76,255,1106.921,851.079
3481,86,255,1231.547,851.651
3482,129,255,1401.671,855.058
3483,71,255,81.796,853.176
3484,100,255,306.510,853.220
3485,110,255,683.845,853.691
3486,127,255,853.453,854.374
3487,88,255,897.989,853.750
3488,101,255,990.540,853.906
3489,33,255,1171.561,853.409
3490,151,255,1544.348,854.977
3491,69,255,57.529,854.993
3492,154,255,614.325,857.656
3493,105,255,942.957,855.805
3494,48,255,1344.750,854.104
3495,77,255,9.188,856.513
3496,50,255,169.380,855.240
3497,107,255,353.995,856.668
3498,52,255,1190.250,855.750
3499,129,255,1252.748,857.973
3500,81,255,21.154,858.130
3501,87,255,454.822,858.178
3502,39,255,160.346,856.756
3503,60,255,271.900,857.467
3504,56,255,465.929,857.304
3505,33,255,546.652,856.864
3506,43,255,707.174,856.919
3507,64,255,906.688,857.875
3508,69,255,1165.688,858.732
3509,136,255,1422.632,858.353
3510,25,255,194.580,856.540
3511,66,255,231.652,858.439
3512,79,255,917.361,859.981
3513,118,255,1139.678,861.373
3514,139,255,487.500,859.701
3515,46,255,504.674,859.022
3516,44,255,524.636,858.841
3517,99,255,630.753,859.914
3518,120,255,1270.983,861.133
3519,168,255,1522.631,862.399
3520,140,255,372.314,862.857
3521,101,255,387.213,861.292
3522,56,255,1026.268,860.732
3523,92,255,1354.217,861.283
3524,86,255,30.674,862.244
3525,122,255,403.836,862.893
3526,36,255,515.222,860.722
3527,93,255,699.113,862.780
3528,53,255,777.575,860.708
3529,100,255,966.190,862.480
3530,41,255,1016.305,860.817
3531,96,255,129.448,862.000
3532,52,255,176.981,862.096
3533,66,255,722.076,862.515
3534,83,255,927.295,863.380
3535,122,255,979.008,865.877
3536,71,255,1228.415,862.641
3537,138,255,1443.152,865.457
3538,83,255,534.608,864.416
3539,113,255,819.137,864.447
3540,56,255,1005.857,865.018
3541,21,255,240.024,863.119
3542,99,255,307.783,865.692
3543,39,255,1075.679,863.346
3544,78,255,666.487,865.295
3545,82,255,1335.134,866.744
3546,122,255,1474.320,866.861
3547,124,255,1572.702,867.016
3548,59,255,322.551,868.008
3549,74,255,897.081,867.527
3550,44,255,574.227,866.227
3551,51,255,1082.147,867.559
3552,128,255,1456.844,869.633
3553,87,255,758.420,869.190
3554,79,255,784.715,869.297
3555,78,255,1065.013,868.692
3556,99,255,1393.369,869.682
3557,42,255,1508.524,867.595
3558,76,255,284.197,871.658
3559,113,255,549.190,869.845
3560,120,255,744.050,870.583
3561,154,255,831.182,873.071
3562,87,255,852.615,871.236
3563,123,255,1101.598,871.305
3564,106,255,1243.868,870.528
3565,126,255,1379.492,873.167
3566,106,255,248.953,872.453
3567,119,255,346.559,872.424
3568,22,255,1016.409,869.136
3569,182,255,1296.500,874.423
3570,117,255,45.175,873.141
3571,94,255,68.468,872.543
3572,27,255,707.648,869.907
3573,41,255,1219.622,870.646
3574,115,255,1262.935,874.265
3575,84,255,501.774,872.714
3576,150,255,1546.773,874.380
3577,81,255,3.512,875.154
3578,73,255,106.705,874.021
3579,111,255,134.545,875.077
3580,121,255,171.360,874.037
3581,61,255,211.615,872.943
3582,82,255,416.598,873.512
3583,73,255,450.856,873.514
3584,166,255,625.711,875.988
3585,77,255,659.344,874.123
3586,79,255,1494.297,874.044
3587,116,255,1587.293,875.052
3588,117,255,796.603,876.038
3589,65,255,1054.838,874.115
3590,82,255,1316.354,875.268
3591,106,255,385.000,877.594
3592,45,255,521.678,876.433
3593,118,255,1117.746,877.720
3594,59,255,671.110,877.008
3595,89,255,716.860,879.253
3596,75,255,779.420,877.953
3597,54,255,1352.426,876.648
3598,53,255,1575.028,876.972
3599,100,255,26.120,879.410
3600,74,255,613.770,879.216
3601,21,255,1517.881,876.976
3602,50,255,151.200,879.340
3603,83,255,363.669,881.560
3604,101,255,471.500,880.223
3605,45,255,1154.011,879.678
3606,68,255,1180.015,879.779
3607,101,255,1335.312,880.490
3608,41,255,895.037,878.622
3609,133,255,988.898,882.996
3610,158,255,487.747,883.051
3611,162,255,537.247,884.747
3612,110,255,706.455,883.100
3613,159,255,931.230,883.255
3614,89,255,1282.163,882.736
3615,47,255,1292.585,882.798
3616,66,255,1475.303,881.879
3617,148,255,1532.047,883.426
3618,89,255,552.500,884.174
3619,115,255,1213.091,884.178
3620,50,255,271.700,883.460
3621,142,255,592.225,885.937
3622,145,255,1236.486,885.776
3623,76,255,291.763,885.724
3624,113,255,576.987,885.571
3625,137,255,842.077,889.471
3626,37,255,1323.203,883.905
3627,140,255,1391.086,885.864
3628,124,255,1555.750,886.468
3629,89,255,416.084,885.230
3630,53,255,973.764,885.311
3631,47,255,1314.500,884.543
3632,60,255,1421.867,886.517
3633,71,255,504.542,886.908
3634,86,255,565.500,888.198
3635,35,255,653.900,884.471
3636,85,255,759.265,886.959
3637,40,255,1485.925,885.875
3638,58,255,1570.310,885.914
3639,81,255,36.253,887.784
3640,58,255,94.534,887.603
3641,30,255,677.133,886.000
3642,60,255,734.467,886.900
3643,103,255,1413.655,889.578
3644,87,255,166.810,889.029
3645,140,255,186.907,890.221
3646,81,255,521.994,889.142
3647,45,255,684.878,888.033
3648,222,255,802.495,892.329
3649,97,255,820.789,890.108
3650,74,255,127.541,889.811
3651,109,255,458.142,891.500
3652,113,255,861.137,890.686
3653,86,255,1015.267,889.942
3654,83,255,1072.030,890.054
3655,87,255,1343.695,890.029
3656,91,255,137.104,892.071
3657,44,255,217.659,890.386
3658,95,255,263.068,892.363
3659,60,255,283.367,890.650
3660,44,255,444.205,889.273
3661,75,255,832.753,891.540
3662,138,255,330.529,894.993
3663,103,255,623.131,892.102
3664,84,255,882.595,892.250
3665,142,255,965.275,894.669
3666,61,255,4.615,892.910
3667,34,255,149.500,892.000
3668,119,255,200.794,896.298
3669,177,255,772.822,895.494
3670,20,255,920.200,890.700
3671,49,255,1305.439,893.071
3672,33,255,109.833,893.045
3673,86,255,225.360,894.837
3674,160,255,241.037,896.269
3675,123,255,426.817,894.841
3676,38,255,653.658,891.895
3677,152,255,950.342,896.033
3678,178,255,373.404,899.000
3679,105,255,1161.719,895.605
3680,58,255,72.603,895.983
3681,51,255,177.500,895.833
3682,28,255,467.929,894.929
3683,91,255,1313.489,896.742
3684,101,255,1586.757,895.639
3685,97,255,59.284,897.098
3686,25,255,1381.940,894.700
3687,157,255,606.525,899.704
3688,73,255,712.500,897.226
3689,101,255,743.223,898.470
3690,44,255,1107.432,897.341
3691,72,255,1190.292,898.958
3692,128,255,1272.312,899.188
3693,111,255,986.014,899.617
3694,79,255,1182.019,900.475
3695,35,255,505.586,897.929
3696,79,255,1038.361,900.449
3697,74,255,1055.459,899.500
3698,82,255,1121.756,899.488
3699,125,255,1216.332,900.740
3700,41,255,1524.402,898.037
3701,85,255,414.841,901.924
3702,101,255,909.153,900.926
3703,58,255,1018.707,900.328
3704,89,255,1352.758,900.354
3705,52,255,1444.923,899.885
3706,106,255,301.151,902.934
3707,77,255,399.747,901.539
3708,28,255,491.000,900.000
3709,53,255,561.708,901.519
3710,85,255,629.253,903.618
3711,55,255,755.264,901.682
3712,81,255,1334.327,901.228
3713,99,255,1532.035,902.753
3714,131,255,1546.393,903.744
3715,102,255,862.706,902.794
3716,91,255,8.566,904.467
3717,91,255,722.324,903.918
3718,175,255,889.689,907.597
3719,100,255,278.480,905.620
3720,67,255,514.724,905.276
3721,55,255,659.555,904.318
3722,98,255,262.112,906.908
3723,36,255,1047.861,904.056
3724,87,255,537.339,906.925
3725,92,255,111.000,908.761
3726,122,255,921.582,908.844
3727,73,255,1381.747,907.103
3728,113,255,1593.898,909.040
3729,62,255,507.419,909.984
3730,76,255,810.434,910.500
3731,54,255,1297.407,909.574
3732,55,255,1440.082,909.155
3733,62,255,152.484,911.194
3734,77,255,332.500,911.357
3735,48,255,770.521,909.458
3736,42,255,949.452,908.786
3737,51,255,1015.049,910.206
3738,35,255,1110.986,909.100
3739,63,255,429.040,911.341
3740,74,255,579.378,910.851
3741,86,255,1024.953,912.302
3742,75,255,1375.180,913.300
3743,145,255,37.976,914.266
3744,74,255,136.041,913.230
3745,110,255,391.918,914.227
3746,95,255,461.700,912.984
3747,91,255,650.258,913.489
3748,129,255,702.112,914.019
3749,104,255,1118.250,914.577
3750,130,255,1257.846,912.838
3751,76,255,54.316,914.592
3752,66,255,215.545,914.682
3753,80,255,323.238,914.188
3754,52,255,418.827,913.942
3755,92,255,1071.424,914.424
3756,72,255,1401.278,913.431
3757,107,255,200.575,915.575
3758,64,255,440.141,914.297
3759,157,255,605.080,915.589
3760,106,255,1422.991,915.349
3761,69,255,163.341,915.630
3762,68,255,373.426,916.162
3763,85,255,492.700,915.135
3764,59,255,730.619,916.500
3765,137,255,756.617,917.974
3766,80,255,1145.862,916.337
3767,54,255,1183.463,915.130
3768,20,255,1280.650,913.650
3769,72,255,1349.306,915.875
3770,60,255,7.817,916.633
3771,44,255,640.705,916.409
3772,76,255,933.882,916.632
3773,123,255,1084.980,918.224
3774,48,255,1325.542,915.396
3775,123,255,1390.492,920.126
3776,77,255,778.370,917.487
3777,22,255,835.591,915.409
3778,144,255,951.507,920.160
3779,40,255,1050.625,915.650
3780,117,255,475.312,920.064
3781,148,255,523.216,921.074
3782,108,255,550.907,920.324
3783,107,255,804.285,920.350
3784,41,255,1271.354,918.524
3785,132,255,1478.212,920.659
3786,72,255,1490.833,919.250
3787,133,255,1545.312,920.440
3788,96,255,574.938,921.552
3789,54,255,742.704,919.130
3790,105,255,851.729,919.729
3791,54,255,15.870,920.000
3792,23,255,1317.891,918.065
3793,43,255,1561.500,919.477
3794,37,255,85.122,920.554
3795,93,255,127.102,922.769
3796,88,255,257.875,921.295
3797,91,255,1042.863,923.225
3798,55,255,270.936,922.173
3799,28,255,356.143,921.679
3800,57,255,624.395,922.219
3801,90,255,819.967,923.722
3802,106,255,972.575,923.604
3803,77,255,997.760,923.227
3804,45,255,1191.278,922.544
3805,57,255,1436.044,922.588
3806,81,255,1593.228,922.920
3807,55,255,112.064,923.609
3808,145,255,672.300,923.962
3809,104,255,864.971,925.433
3810,43,255,1054.221,922.360
3811,85,255,1224.794,923.712
3812,60,255,1278.350,924.633
3813,106,255,1577.255,924.358
3814,108,255,95.093,928.444
3815,90,255,688.522,925.856
3816,100,255,710.940,926.170
3817,77,255,1008.188,925.617
3818,39,255,1073.654,923.115
3819,77,255,34.552,925.409
3820,110,255,63.109,926.827
3821,62,255,594.774,925.129
3822,47,255,634.074,924.543
3823,73,255,697.719,926.801
3824,48,255,1099.062,924.542
3825,50,255,171.200,925.700
3826,50,255,239.580,925.660
3827,78,255,647.859,926.359
3828,71,255,913.035,925.782
3829,118,255,1289.542,929.525
3830,41,255,450.841,926.744
3831,72,255,985.181,928.042
3832,139,255,1109.040,931.133
3833,78,255,1236.551,928.782
3834,39,255,1305.782,926.269
3835,103,255,1343.073,928.597
3836,66,255,1466.364,927.788
3837,96,255,881.792,929.240
3838,86,255,896.535,930.965
3839,121,255,778.202,931.393
3840,93,255,1140.930,929.790
3841,104,255,1314.375,931.625
3842,71,255,1528.415,930.852
3843,61,255,273.041,930.270
3844,95,255,376.300,932.216
3845,76,255,1092.342,931.579
3846,38,255,1152.184,931.684
3847,96,255,1215.510,934.083
3848,100,255,567.800,933.410
3849,159,255,759.657,933.613
3850,92,255,1387.022,932.435
3851,22,255,156.500,931.045
3852,61,255,629.877,932.992
3853,125,255,294.180,937.020
3854,75,255,402.207,934.940
3855,47,255,426.011,933.543
3856,100,255,490.840,934.810
3857,132,255,1326.288,938.250
3858,109,255,1365.280,935.564
3859,118,255,1443.347,936.500
3860,85,255,1518.088,934.724
3861,81,255,118.944,935.772
3862,122,255,192.008,937.402
3863,92,255,253.978,936.717
3864,95,255,332.605,936.795
3865,87,255,465.466,935.684
3866,104,255,511.827,937.087
3867,160,255,952.275,937.950
3868,20,255,1245.750,933.800
3869,57,255,309.904,936.781
3870,54,255,441.685,936.333
3871,79,255,527.184,936.310
3872,149,255,806.607,938.198
3873,105,255,1259.871,937.452
3874,40,255,1422.300,935.300
3875,38,255,42.000,936.342
3876,58,255,844.362,937.034
3877,165,255,1013.645,941.609
3878,71,255,320.275,939.077
3879,96,255,858.604,939.677
3880,89,255,937.747,940.006
3881,107,255,1480.995,939.463
3882,90,255,1591.089,938.378
3883,120,255,27.475,940.692
3884,73,255,162.445,939.705
3885,59,255,237.280,939.127
3886,77,255,672.578,939.552
3887,135,255,978.789,941.456
3888,58,255,1050.155,939.207
3889,69,255,11.239,940.601
3890,52,255,603.000,939.500
3891,133,255,996.989,942.056
3892,30,255,1526.067,939.767
3893,138,255,657.790,942.217
3894,83,255,1417.633,942.476
3895,38,255,1374.737,941.947
3896,53,255,1509.311,942.538
3897,40,255,350.500,943.900
3898,70,255,634.257,942.371
3899,76,255,1035.421,944.355
3900,61,255,1274.795,943.680
3901,77,255,218.136,945.838
3902,59,255,870.788,944.331
3903,43,255,1203.919,943.035
3904,123,255,1558.053,945.256
3905,123,255,55.768,948.516
3906,51,255,454.520,944.382
3907,105,255,711.062,946.138
3908,92,255,742.554,947.130
3909,102,255,1115.186,946.245
3910,41,255,1288.061,945.085
3911,69,255,730.268,947.572
3912,61,255,1098.270,946.172
3913,44,255,1532.250,945.727
3914,86,255,73.779,948.012
3915,78,255,1347.308,947.795
3916,51,255,299.500,949.010
3917,77,255,755.708,949.266
3918,35,255,1166.671,947.471
3919,63,255,1460.484,947.817
3920,95,255,144.626,950.405
3921,99,255,881.682,950.359
3922,136,255,1051.331,951.669
3923,77,255,1369.864,949.136
3924,66,255,1471.864,950.121
3925,21,255,84.024,949.167
3926,76,255,542.763,951.079
3927,78,255,830.603,951.000
3928,48,255,193.312,950.792
3929,81,255,204.043,952.426
3930,84,255,245.476,952.131
3931,81,255,493.846,952.636
3932,97,255,795.459,952.634
3933,62,255,1234.516,950.935
3934,104,255,1249.894,953.115
3935,89,255,1315.174,952.343
3936,97,255,417.923,953.119
3937,115,255,574.309,952.639
3938,34,255,843.706,951.912
3939,87,255,172.810,954.351
3940,66,255,225.985,954.303
3941,64,255,318.031,952.953
3942,90,255,358.411,953.244
3943,95,255,481.205,955.079
3944,79,255,589.576,954.842
3945,59,255,720.263,953.229
3946,83,255,927.536,954.777
3947,76,255,939.263,953.816
3948,85,255,1066.994,954.629
3949,38,255,1159.553,952.658
3950,91,255,1451.489,954.742
3951,68,255,162.853,955.000
3952,56,255,277.893,954.107
3953,67,255,430.485,953.530
3954,156,255,671.641,954.782
3955,50,255,1178.160,953.500
3956,74,255,1357.392,954.486
3957,25,255,1404.540,953.820
3958,89,255,5.590,955.949
3959,88,255,400.159,954.841
3960,33,255,452.803,954.591
3961,59,255,551.449,956.127
3962,81,255,622.414,955.772
3963,50,255,807.100,955.340
3964,78,255,958.090,955.654
3965,88,255,1492.148,956.068
3966,77,255,605.214,956.253
3967,127,255,694.012,958.335
3968,74,255,857.122,955.554
3969,30,255,1097.267,954.800
3970,81,255,1135.759,957.080
3971,142,255,1386.937,958.613
3972,106,255,1562.075,957.292
3973,32,255,113.344,956.562
3974,82,255,122.402,959.049
3975,45,255,1209.011,955.989
3976,65,255,632.223,958.885
3977,90,255,969.956,959.489
3978,62,255,1186.516,959.145
3979,79,255,1223.019,959.513
3980,52,255,1509.827,959.212
3981,36,255,1573.111,957.361
3982,66,255,131.152,961.167
3983,28,255,1265.464,957.321
3984,87,255,899.075,961.603
3985,140,255,994.700,961.121
3986,73,255,1073.308,961.267
3987,121,255,1483.079,963.178
3988,114,255,1523.588,961.360
3989,132,255,1542.144,963.227
3990,58,255,380.828,961.138
3991,140,255,1030.521,962.014
3992,51,255,1342.245,960.049
3993,116,255,1406.431,967.345
3994,96,255,1437.406,962.271
3995,137,255,1590.901,962.770
3996,81,255,369.599,962.228
3997,26,255,570.346,960.846
3998,92,255,85.326,963.337
3999,45,255,347.922,962.722
4000,87,255,1098.259,963.764
4001,70,255,148.986,964.943
4002,61,255,311.992,964.615
4003,87,255,323.983,965.362
4004,122,255,520.205,965.197
4005,84,255,1307.798,964.464
4006,68,255,1427.750,964.868
4007,67,255,207.172,966.261
4008,36,255,224.833,963.472
4009,114,255,250.719,966.535
4010,95,255,766.384,965.426
4011,83,255,831.476,965.705
4012,39,255,951.808,964.269
4013,35,255,194.929,966.271
4014,191,255,675.259,969.107
4015,102,255,853.784,966.510
4016,86,255,1270.849,967.081
4017,39,255,235.013,966.551
4018,52,255,457.846,967.962
4019,45,255,489.722,966.011
4020,57,255,840.219,967.500
4021,42,255,1206.548,966.429
4022,70,255,284.386,968.829
4023,45,255,434.411,967.900
4024,82,255,447.305,969.207
4025,76,255,470.895,968.592
4026,106,255,596.670,968.858
4027,90,255,737.978,967.989
4028,111,255,779.734,969.761
4029,91,255,1161.005,969.555
4030,52,255,1259.269,968.115
4031,95,255,1319.405,969.616
4032,125,255,1501.108,969.900
4033,162,255,634.488,970.889
4034,54,255,725.074,969.130
4035,56,255,906.107,969.268
4036,72,255,921.444,969.319
4037,72,255,1333.972,969.625
4038,54,255,1419.019,969.741
4039,70,255,8.271,972.229
4040,30,255,52.500,969.000
4041,90,255,575.178,970.644
4042,40,255,1128.025,969.950
4043,76,255,653.697,970.921
4044,79,255,818.272,971.399
4045,50,255,1452.240,970.460
4046,77,255,22.487,972.357
4047,38,255,262.132,972.000
4048,58,255,504.845,972.241
4049,65,255,614.054,972.285
4050,74,255,693.905,972.473
4051,55,255,1524.700,972.300
4052,34,255,268.618,973.000
4053,48,255,344.125,972.875
4054,66,255,404.136,973.000
4055,85,255,955.571,973.441
4056,98,255,1015.245,974.653
4057,124,255,39.274,975.242
4058,60,255,82.933,973.750
4059,83,255,300.090,975.102
4060,65,255,353.715,974.592
4061,57,255,984.711,973.851
4062,155,255,1188.345,976.726
4063,54,255,1276.648,974.259
4064,50,255,1297.620,972.960
4065,112,255,1350.018,976.357
4066,70,255,1381.229,975.429
4067,97,255,710.881,976.098
4068,120,255,999.233,977.300
4069,61,255,1288.943,976.467
4070,127,255,185.886,980.059
4071,134,255,1052.381,978.746
4072,100,255,139.910,978.070
4073,86,255,222.430,977.988
4074,45,255,316.811,975.878
4075,48,255,911.229,976.250
4076,49,255,929.908,976.520
4077,76,255,1247.539,977.145
4078,101,255,1459.876,977.817
4079,25,255,256.700,976.620
4080,51,255,289.951,977.892
4081,43,255,420.151,977.453
4082,103,255,742.791,979.830
4083,65,255,1133.792,979.285
4084,98,255,1592.041,980.714
4085,105,255,119.500,982.129
4086,40,255,129.025,980.525
4087,47,255,393.053,978.351
4088,36,255,528.111,978.639
4089,87,255,540.868,979.684
4090,101,255,806.629,981.391
4091,81,255,483.735,980.352
4092,34,255,732.147,979.000
4093,97,255,1080.603,980.500
4094,79,255,1439.158,980.741
4095,89,255,1561.298,981.657
4096,49,255,267.643,980.561
4097,158,255,565.513,981.937
4098,71,255,787.894,981.655
4099,63,255,891.151,981.437
4100,35,255,1300.471,979.557
4101,74,255,1313.378,981.122
4102,92,255,328.196,983.685
4103,67,255,672.261,981.291
4104,67,255,1094.590,982.590
4105,84,255,1367.631,983.179
4106,84,255,767.083,983.857
4107,80,255,979.125,983.888
4108,30,255,1141.300,983.000
4109,105,255,1152.948,985.710
4110,147,255,1544.956,984.799
4111,72,255,7.722,984.389
4112,85,255,308.194,985.582
4113,25,255,317.540,983.100
4114,80,255,1113.088,984.212
4115,78,255,107.987,986.756
4116,159,255,163.148,987.230
4117,41,255,233.817,985.476
4118,76,255,601.592,985.092
4119,64,255,1412.859,985.750
4120,76,255,1430.961,986.461
4121,44,255,1479.568,984.545
4122,20,255,1575.400,983.900
4123,130,255,722.931,988.746
4124,22,255,755.727,984.727
4125,49,255,960.031,986.173
4126,135,255,1398.337,988.619
4127,85,255,1492.935,987.241
4128,84,255,222.762,987.714
4129,102,255,621.324,988.029
4130,78,255,74.436,989.295
4131,117,255,946.808,990.782
4132,84,255,1448.190,989.929
4133,83,255,349.861,989.898
4134,96,255,705.312,989.458
4135,105,255,825.805,990.224
4136,183,255,1285.139,992.117
4137,66,255,1528.909,989.545
4138,89,255,40.376,990.567
4139,52,255,207.192,989.808
4140,25,255,360.500,989.620
4141,90,255,664.544,990.611
4142,69,255,192.819,991.790
4143,41,255,423.549,990.110
4144,128,255,466.016,992.781
4145,83,255,1009.295,992.982
4146,80,255,1046.600,992.837
4147,89,255,1184.983,993.084
4148,93,255,1259.640,992.747
4149,94,255,388.277,993.936
4150,65,255,528.885,993.777
4151,55,255,848.936,993.736
4152,88,255,1498.909,994.830
4153,39,255,55.577,994.064
4154,50,255,689.800,993.380
4155,90,255,756.022,994.456
4156,94,255,973.702,994.479
4157,47,255,1225.628,993.330
4158,23,255,16.543,993.587
4159,63,255,376.040,995.659
4160,46,255,434.000,994.109
4161,47,255,510.160,995.819
4162,63,255,782.262,995.659
4163,98,255,876.765,996.714
4164,111,255,919.968,996.248
4165,52,255,1414.942,994.654
4166,95,255,1513.616,996.216
4167,100,255,1594.600,997.950
4168,27,255,367.056,995.870
4169,31,255,413.919,994.371
4170,43,255,518.430,995.895
4171,95,255,550.437,996.868
4172,41,255,959.768,995.573
4173,50,255,1204.940,996.400
4174,93,255,1328.048,997.446
4175,70,255,1472.543,996.629
4176,94,255,175.309,998.372
4177,94,255,281.404,998.128
4178,94,255,893.160,997.883
4179,43,255,1438.872,996.779
4180,30,255,1551.300,995.767
4181,82,255,208.012,998.720
4182,77,255,481.526,998.500
4183,57,255,495.395,997.868
4184,82,255,610.293,998.207
4185,78,255,1482.603,999.013
4186,102,255,1531.029,1000.725
4187,149,255,115.534,1001.487
4188,70,255,598.471,999.900
4189,53,255,627.726,998.802
4190,54,255,706.611,998.741
4191,61,255,792.877,999.811
4192,82,255,1237.390,1000.537
4193,50,255,1406.820,998.520
4194,90,255,1581.889,1000.544
4195,49,255,70.439,999.316
4196,70,255,194.757,1000.414
4197,92,255,581.989,1000.370
4198,67,255,805.888,1002.187
4199,50,255,1386.740,1000.560
4200,71,255,1566.810,1000.486
4201,50,255,321.460,1000.440
4202,39,255,669.423,1000.244
4203,64,255,1088.797,1003.047
4204,41,255,1098.207,1000.280
4205,26,255,1169.692,1000.423
4206,66,255,1247.394,1002.803
4207,100,255,88.370,1003.390
4208,29,255,425.741,1000.948
4209,66,255,1367.667,1002.015
4210,41,255,270.524,1002.915
4211,52,255,361.923,1002.558
4212,50,255,678.940,1003.700
4213,95,255,1016.521,1003.995
4214,79,255,1059.551,1002.627
4215,164,255,1431.079,1006.610
4216,93,255,14.930,1006.188
4217,87,255,40.339,1004.914
4218,28,255,338.607,1003.536
4219,77,255,815.838,1004.721
4220,85,255,941.700,1005.065
4221,24,255,1175.250,1002.750
4222,91,255,1338.995,1005.313
4223,66,255,99.652,1005.667
4224,99,255,245.470,1006.025
4225,50,255,456.280,1004.840
4226,56,255,694.375,1005.446
4227,63,255,738.024,1006.706
4228,43,255,855.616,1004.616
4229,113,255,998.801,1005.668
4230,60,255,1071.633,1005.867
4231,87,255,1136.431,1005.799
4232,63,255,167.659,1005.913
4233,25,255,515.220,1004.100
4234,61,255,661.238,1006.025
4235,24,255,1079.042,1005.167
4236,108,255,1215.074,1006.981
4237,48,255,1544.125,1006.146
4238,41,255,645.134,1006.524
4239,128,255,146.055,1009.609
4240,83,255,430.789,1008.464
4241,53,255,444.934,1007.613
4242,78,255,714.308,1008.564
4243,45,255,1400.256,1007.722
4244,94,255,1448.223,1009.213
4245,73,255,227.459,1010.555
4246,84,255,410.774,1010.500
4247,96,255,905.896,1009.854
4248,187,255,1279.035,1010.741
4249,39,255,1385.782,1008.885
4250,44,255,67.773,1008.659
4251,27,255,325.685,1008.833
4252,60,255,1160.917,1010.400
4253,76,255,1551.434,1011.224
4254,28,255,236.393,1011.214
4255,48,255,263.062,1010.875
4256,77,255,726.006,1012.669
4257,76,255,753.197,1012.092
4258,77,255,1056.266,1010.552
4259,64,255,1114.609,1014.047
4260,63,255,1149.056,1011.341
4261,90,255,1354.856,1011.567
4262,140,255,1521.821,1014.914
4263,48,255,295.646,1012.896
4264,28,255,319.500,1011.321
4265,66,255,509.939,1012.106
4266,80,255,671.775,1012.587
4267,83,255,975.898,1012.946
4268,246,255,1466.028,1018.407
4269,26,255,1.923,1012.538
4270,85,255,127.865,1013.759
4271,93,255,274.285,1012.715
4272,64,255,401.328,1014.734
4273,60,255,453.567,1013.467
4274,81,255,552.068,1013.019
4275,94,255,613.149,1014.638
4276,107,255,838.893,1015.584
4277,44,255,882.341,1012.409
4278,45,255,1507.611,1013.856
4279,93,255,1566.317,1015.328
4280,119,255,49.559,1017.206
4281,106,255,157.887,1017.481
4282,85,255,890.382,1016.935
4283,53,255,767.198,1015.821
4284,71,255,916.669,1016.331
4285,69,255,991.993,1015.601
4286,49,255,1088.561,1015.092
4287,109,255,1199.720,1017.628
4288,111,255,184.419,1018.158
4289,63,255,583.786,1016.484
4290,34,255,946.235,1015.794
4291,34,255,1408.706,1016.765
4292,78,255,362.538,1017.962
4293,93,255,785.081,1019.188
4294,81,255,1492.253,1019.377
4295,99,255,1581.904,1019.106
4296,38,255,106.579,1018.263
4297,78,255,200.628,1019.436
4298,58,255,384.690,1018.534
4299,59,255,520.432,1019.161
4300,176,255,855.000,1022.432
4301,67,255,936.366,1020.515
4302,32,255,964.594,1017.562
4303,61,255,347.926,1021.680
4304,31,255,460.758,1020.403
4305,28,255,794.643,1020.143
4306,67,255,1384.604,1020.172
4307,54,255,876.852,1021.815
4308,105,255,1052.043,1022.452
4309,66,255,1148.545,1021.909
4310,57,255,1342.360,1022.272
4311,158,255,1426.063,1023.272
4312,136,255,133.949,1025.390
4313,64,255,291.188,1022.438
4314,26,255,985.346,1021.769
4315,82,255,1010.866,1022.634
4316,63,255,1031.119,1022.325
4317,108,255,1161.398,1025.389
4318,27,255,1511.352,1021.759
4319,184,255,26.837,1028.875
4320,75,255,539.967,1025.287
4321,29,255,669.948,1023.086
4322,83,255,685.536,1025.584
4323,103,255,728.053,1024.345
4324,48,255,805.042,1023.479
4325,26,255,973.808,1023.000
4326,65,255,1305.454,1024.592
4327,55,255,562.991,1024.973
4328,56,255,579.571,1024.696
4329,51,255,658.088,1024.441
4330,47,255,816.819,1025.011
4331,93,255,1259.855,1025.403
4332,97,255,264.149,1027.149
4333,62,255,490.581,1025.387
4334,41,255,1503.402,1025.963
4335,99,255,607.854,1027.763
4336,77,255,776.266,1026.968
4337,121,255,1562.103,1030.913
4338,78,255,226.872,1029.103
4339,56,255,881.786,1028.679
4340,128,255,914.727,1030.875
4341,70,255,962.300,1027.343
4342,65,255,625.992,1029.131
4343,49,255,871.867,1029.173
4344,75,255,1377.620,1029.193
4345,88,255,1444.023,1029.352
4346,101,255,3.223,1033.827
4347,46,255,238.891,1030.304
4348,76,255,409.237,1029.724
4349,39,255,459.500,1029.090
4350,32,255,634.719,1029.125
4351,80,255,893.862,1032.000
4352,120,255,1078.575,1032.000
4353,83,255,1518.175,1030.054
4354,34,255,1591.794,1029.529
4355,67,255,68.470,1031.052
4356,59,255,517.144,1030.771
4357,47,255,672.117,1030.138
4358,123,255,746.728,1034.207
4359,47,255,943.372,1030.394
4360,56,255,1038.375,1030.804
4361,112,255,1174.821,1031.250
4362,132,255,1212.348,1033.424
4363,74,255,765.703,1032.230
4364,37,255,999.311,1031.608
4365,75,255,1409.593,1033.353
4366,114,255,95.105,1034.509
4367,85,255,184.794,1035.465
4368,130,255,248.962,1037.069
4369,45,255,724.900,1032.233
4370,127,255,1093.366,1033.862
4371,79,255,1268.399,1034.500
4372,75,255,372.033,1034.980
4373,52,255,828.038,1034.577
4374,59,255,836.822,1033.856
4375,64,255,1019.797,1034.422
4376,90,255,1062.278,1034.344
4377,64,255,1112.938,1034.578
4378,48,255,1469.958,1033.333
4379,97,255,1552.881,1036.325
4380,82,255,1577.268,1035.817
4381,61,255,431.123,1034.680
4382,22,255,487.091,1033.136
4383,25,255,652.700,1032.500
4384,106,255,1281.925,1036.689
4385,69,255,51.036,1036.123
4386,156,255,208.936,1037.635
4387,53,255,784.858,1035.594
4388,99,255,1242.641,1037.581
4389,42,255,232.905,1036.238
4390,86,255,535.105,1036.965
4391,109,255,565.858,1038.803
4392,49,255,586.480,1036.459
4393,20,255,714.200,1035.000
4394,79,255,850.449,1037.842
4395,57,255,1306.342,1037.430
4396,25,255,1343.500,1036.380
4397,88,255,1358.909,1038.182
4398,56,255,356.482,1038.304
4399,34,255,599.618,1036.500
4400,67,255,73.172,1039.187
4401,113,255,341.695,1041.951
4402,45,255,405.633,1037.678
4403,32,255,701.281,1036.938
4404,55,255,1510.536,1039.864
4405,108,255,122.639,1041.241
4406,29,255,466.155,1039.224
4407,29,255,688.500,1037.638
4408,57,255,995.991,1040.079
4409,98,255,103.765,1043.071
4410,40,255,609.950,1040.325
4411,55,255,635.136,1039.973
4412,43,255,808.942,1040.151
4413,79,255,968.475,1041.690
4414,27,255,1036.648,1039.093
4415,49,255,1046.990,1040.602
4416,121,255,1318.508,1042.269
4417,106,255,1590.047,1042.613
4418,36,255,329.056,1041.222
4419,95,255,1451.037,1044.037
4420,74,255,1462.203,1043.757
4421,138,255,151.261,1046.014
4422,109,255,446.766,1045.592
4423,32,255,978.562,1044.344
4424,71,255,1061.923,1042.444
4425,103,255,1155.296,1045.762
4426,92,255,482.707,1044.652
4427,86,255,520.465,1044.081
4428,35,255,596.986,1042.757
4429,62,255,874.645,1043.597
4430,54,255,315.611,1045.074
4431,59,255,711.788,1043.737
4432,65,255,731.438,1044.300
4433,53,255,1176.443,1045.425
4434,87,255,1201.282,1044.098
4435,95,255,54.532,1047.889
4436,39,255,132.449,1045.885
4437,59,255,178.059,1046.127
4438,58,255,774.948,1045.483
4439,129,255,1339.244,1046.655
4440,33,255,538.045,1046.167
4441,33,255,752.682,1045.136
4442,52,255,643.596,1046.712
4443,58,255,1185.707,1049.155
4444,41,255,1236.402,1047.232
4445,89,255,384.725,1048.781
4446,35,255,552.957,1047.329
4447,46,255,1167.304,1049.630
4448,56,255,1428.232,1048.839
4449,75,255,1475.807,1049.953
4450,69,255,1529.630,1049.630
4451,124,255,1550.016,1050.847
4452,90,255,75.922,1050.911
4453,64,255,405.094,1049.250
4454,43,255,439.500,1049.756
4455,47,255,587.968,1049.181
4456,72,255,606.153,1050.222
4457,52,255,937.288,1049.615
4458,31,255,988.500,1048.952
4459,51,255,1366.931,1050.480
4460,110,255,21.518,1051.336
4461,85,255,461.324,1051.900
4462,22,255,762.500,1049.318
4463,43,255,1069.244,1050.802
4464,79,255,1199.842,1050.918
4465,73,255,1219.856,1051.349
4466,48,255,1284.812,1050.188
4467,21,255,201.310,1050.595
4468,54,255,236.444,1051.352
4469,62,255,796.694,1051.661
4470,55,255,924.718,1051.755
4471,57,255,1125.746,1052.325
4472,55,255,1309.064,1051.827
4473,58,255,1510.431,1051.466
4474,60,255,65.483,1054.200
4475,54,255,494.315,1052.611
4476,44,255,630.818,1051.682
4477,61,255,870.730,1052.451
4478,58,255,1376.293,1053.017
4479,72,255,1536.306,1054.750
4480,53,255,562.689,1053.292
4481,83,255,620.620,1056.066
4482,50,255,699.500,1053.840
4483,47,255,839.074,1053.457
4484,100,255,1095.780,1054.020
4485,39,255,1440.474,1053.731
4486,57,255,108.833,1054.395
4487,38,255,143.447,1054.237
4488,58,255,334.345,1054.707
4489,57,255,514.816,1054.184
4490,30,255,529.067,1053.133
4491,32,255,712.062,1053.281
4492,48,255,769.521,1053.625
4493,26,255,788.423,1053.692
4494,56,255,993.196,1055.732
4495,119,255,1038.206,1057.576
4496,63,255,1249.865,1054.532
4497,95,255,1587.195,1056.637
4498,78,255,219.641,1056.359
4499,61,255,277.975,1056.123
4500,31,255,291.565,1054.919
4501,26,255,316.154,1054.500
4502,49,255,575.888,1054.765
4503,39,255,8.372,1056.372
4504,48,255,34.271,1057.375
4505,61,255,349.238,1056.025
4506,53,255,739.462,1055.953
4507,64,255,782.609,1059.750
4508,88,255,851.068,1057.773
4509,75,255,1421.020,1057.340
4510,71,255,124.627,1058.866
4511,105,255,903.338,1059.414
4512,67,255,953.201,1057.769
4513,87,255,1053.603,1060.109
4514,56,255,1262.911,1057.661
4515,103,255,1569.083,1059.723
4516,27,255,324.019,1058.130
4517,35,255,1211.671,1058.357
4518,123,255,1274.923,1061.890
4519,106,255,1300.038,1062.038
4520,154,255,1485.104,1063.604
4521,72,255,48.681,1060.792
4522,51,255,259.363,1058.716
4523,66,255,636.758,1060.121
4524,84,255,888.119,1060.226
4525,29,255,941.534,1059.086
4526,36,255,1006.778,1058.000
4527,65,255,176.192,1061.208
4528,83,255,198.946,1061.536
4529,83,255,1498.367,1062.512
4530,22,255,1544.182,1059.773
4531,82,255,441.817,1061.976
4532,71,255,542.556,1061.796
4533,25,255,657.420,1060.620
4534,35,255,668.643,1060.786
4535,40,255,702.825,1062.525
4536,101,255,865.183,1062.926
4537,45,255,973.011,1061.456
4538,58,255,1252.983,1061.397
4539,105,255,1345.214,1063.157
4540,58,255,309.793,1062.707
4541,77,255,382.825,1064.929
4542,115,255,471.161,1065.117
4543,39,255,690.295,1061.628
4544,45,255,1390.922,1061.967
4545,86,255,3.174,1068.058
4546,100,255,77.830,1065.390
4547,71,255,523.993,1063.866
4548,64,255,717.750,1062.859
4549,58,255,747.793,1063.638
4550,56,255,356.286,1064.000
4551,48,255,416.771,1065.333
4552,20,255,428.100,1063.150
4553,80,255,1141.000,1065.737
4554,91,255,284.291,1066.478
4555,44,255,406.750,1065.386
4556,73,255,733.103,1065.637
4557,77,255,796.617,1066.513
4558,40,255,1060.050,1065.700
4559,107,255,1099.995,1066.612
4560,39,255,1236.987,1065.269
4561,58,255,394.690,1067.069
4562,30,255,806.367,1065.500
4563,53,255,1217.632,1067.330
4564,86,255,18.802,1069.384
4565,88,255,231.500,1068.364
4566,67,255,260.291,1067.813
4567,66,255,338.061,1067.788
4568,43,255,778.523,1067.593
4569,44,255,1084.250,1067.409
4570,36,255,1207.528,1067.500
4571,55,255,1373.045,1067.573
4572,102,255,120.559,1070.225
4573,75,255,647.793,1068.647
4574,35,255,767.043,1067.329
4575,37,255,844.203,1067.554
4576,68,255,878.647,1069.838
4577,30,255,1012.433,1068.233
4578,32,255,1070.594,1067.562
4579,142,255,1431.099,1069.915
4580,76,255,147.618,1070.789
4581,47,255,481.351,1069.245
4582,64,255,617.312,1069.000
4583,59,255,993.907,1068.720
4584,27,255,1469.093,1068.574
4585,129,255,1531.934,1072.438
4586,82,255,367.439,1071.695
4587,42,255,1045.500,1069.881
4588,48,255,1478.896,1071.375
4589,125,255,1570.316,1073.532
4590,25,255,1020.340,1071.820
4591,46,255,303.000,1073.848
4592,49,255,540.439,1073.786
4593,104,255,564.837,1076.058
4594,45,255,660.744,1073.389
4595,44,255,677.614,1073.250
4596,41,255,1123.061,1072.866
4597,48,255,1279.896,1073.396
4598,68,255,50.103,1076.912
4599,54,255,201.907,1075.685
4600,48,255,552.792,1074.083
4601,79,255,697.500,1075.424
4602,53,255,711.462,1074.726
4603,66,255,1106.955,1075.303
4604,73,255,1148.021,1075.829
4605,27,255,1241.056,1073.796
4606,94,255,1514.149,1075.596
4607,48,255,189.646,1075.458
4608,29,255,602.810,1074.948
4609,36,255,807.500,1075.000
4610,42,255,859.167,1075.143
4611,72,255,904.972,1076.778
4612,57,255,1065.640,1075.553
4613,109,255,1088.748,1078.225
4614,129,255,1161.802,1079.283
4615,77,255,1298.487,1076.994
4616,76,255,588.276,1076.592
4617,68,255,618.015,1077.132
4618,45,255,890.167,1076.478
4619,20,255,1133.450,1075.600
4620,88,255,1181.932,1078.273
4621,75,255,1311.673,1077.127
4622,54,255,34.833,1077.759
4623,57,255,165.640,1077.974
4624,29,255,730.776,1077.086
4625,35,255,1210.071,1077.271
4626,129,255,1488.616,1082.702
4627,43,255,1559.360,1077.500
4628,47,255,744.223,1080.266
4629,60,255,1218.917,1079.467
4630,60,255,1251.017,1078.667
4631,69,255,1376.920,1078.486
4632,88,255,1580.409,1080.943
4633,43,255,256.779,1079.407
4634,92,255,426.946,1081.826
4635,66,255,500.545,1081.455
4636,105,255,757.690,1080.243
4637,31,255,789.210,1078.790
4638,50,255,818.500,1079.560
4639,95,255,1596.626,1083.289
4640,47,255,779.096,1080.521
4641,38,255,797.868,1080.474
4642,56,255,937.893,1080.518
4643,66,255,1125.652,1081.348
4644,30,255,454.967,1081.033
4645,56,255,465.696,1082.411
4646,100,255,875.230,1081.990
4647,73,255,1232.651,1082.185
4648,51,255,234.441,1083.500
4649,37,255,243.203,1082.500
4650,44,255,280.773,1082.909
4651,47,255,291.606,1082.564
4652,32,255,412.500,1081.719
4653,73,255,442.801,1082.527
4654,49,255,3.704,1084.194
4655,35,255,104.329,1082.814
4656,92,255,126.207,1084.239
4657,43,255,308.779,1082.616
4658,182,255,840.923,1086.962
4659,118,255,1429.695,1085.466
4660,93,255,191.435,1087.253
4661,37,255,270.446,1084.635
4662,78,255,333.372,1085.641
4663,32,255,1141.281,1083.531
4664,59,255,1284.924,1084.025
4665,35,255,1307.414,1083.814
4666,97,255,1527.149,1085.345
4667,103,255,15.655,1087.684
4668,43,255,38.174,1085.756
4669,78,255,220.244,1086.974
4670,43,255,636.058,1085.779
4671,75,255,29.393,1088.207
4672,32,255,510.844,1085.500
4673,36,255,668.389,1085.361
4674,50,255,1439.160,1088.160
4675,47,255,94.266,1087.798
4676,109,255,392.986,1088.161
4677,70,255,555.000,1088.500
4678,43,255,705.105,1087.942
4679,73,255,870.527,1088.774
4680,33,255,1174.409,1086.803
4681,75,255,1351.753,1088.767
4682,107,255,352.668,1089.621
4683,32,255,886.750,1088.562
4684,88,255,1543.205,1090.227
4685,69,255,110.109,1090.558
4686,38,255,179.447,1089.316
4687,55,255,253.991,1089.591
4688,33,255,371.318,1089.470
4689,54,255,768.815,1090.593
4690,90,255,949.022,1091.400
4691,38,255,476.395,1090.316
4692,37,255,534.878,1090.797
4693,52,255,589.077,1091.769
4694,20,255,1182.250,1088.950
4695,40,255,1322.700,1090.425
4696,61,255,1336.648,1091.156
4697,24,255,460.583,1090.625
4698,65,255,963.269,1092.346
4699,106,255,1241.217,1093.151
4700,53,255,785.726,1093.330
4701,40,255,984.525,1092.175
4702,36,255,678.611,1093.833
4703,67,255,1204.157,1094.187
4704,63,255,1361.008,1094.135
4705,26,255,1514.154,1092.769
4706,68,255,145.882,1094.926
4707,34,255,492.206,1094.000
4708,50,255,720.320,1093.760
4709,33,255,750.288,1093.652
4710,105,255,1391.471,1095.033
4711,43,255,1525.058,1094.640
4712,26,255,1560.192,1093.731
4713,36,255,75.139,1094.806
4714,22,255,335.318,1094.364
4715,20,255,633.250,1094.450
4716,46,255,828.652,1096.022
4717,30,255,1151.333,1094.633
4718,67,255,1268.769,1096.216
4719,41,255,924.256,1097.134
4720,43,255,1160.826,1097.081
4721,58,255,1415.259,1097.000
4722,48,255,1568.125,1096.646
4723,64,255,237.750,1097.109
4724,45,255,995.278,1097.344
4725,42,255,196.571,1097.714
4726,68,255,301.559,1097.779
4727,45,255,562.233,1097.700
4728,26,255,741.269,1098.192
4729,37,255,1289.284,1097.743
4730,44,255,1448.909,1097.682
4731,34,255,699.706,1098.324
4732,29,255,797.879,1098.121
4733,27,255,860.278,1098.241
4734,25,255,1118.460,1098.260
4735,35,255,1221.700,1098.186
