 ,Area,Mean,X,Y
1,58,255,382.983,3.293
2,64,255,397.984,2.500
3,50,255,441.880,2.640
4,21,255,461.024,1.595
5,39,255,504.141,1.756
6,21,255,521.119,1.357
7,25,255,561.500,2.500
8,57,255,594.518,3.167
9,57,255,611.272,3.079
10,32,255,784.844,2.125
11,40,255,824.275,2.275
12,30,255,842.200,1.633
13,63,255,251.151,4.992
14,106,255,292.991,7.236
15,58,255,325.569,5.793
16,82,255,917.098,6.829
17,67,255,933.440,7.127
18,49,255,945.908,4.296
19,60,255,478.850,6.417
20,44,255,360.205,7.295
21,37,255,688.419,7.284
22,44,255,855.455,6.977
23,176,255,271.381,12.017
24,24,255,579.500,7.625
25,42,255,199.000,9.452
26,110,255,313.127,12.673
27,21,255,426.119,7.929
28,120,255,962.783,13.050
29,70,255,217.071,12.600
30,112,255,235.518,16.027
31,56,255,336.089,13.429
32,70,255,180.200,13.871
33,70,255,991.771,15.543
34,45,255,516.900,15.833
35,46,255,909.717,16.217
36,78,255,251.205,18.064
37,55,255,497.264,16.355
38,74,255,325.878,20.257
39,53,255,477.085,18.500
40,23,255,824.500,18.500
41,33,255,770.015,20.106
42,37,255,927.527,20.392
43,21,255,339.786,21.071
44,29,255,562.638,20.810
45,40,255,192.350,21.925
46,48,255,214.771,24.604
47,73,255,571.514,24.719
48,24,255,134.542,22.250
49,29,255,168.224,22.845
50,64,255,205.141,24.766
51,30,255,688.233,22.667
52,30,255,730.767,22.200
53,95,255,84.279,24.784
54,66,255,427.500,26.045
55,61,255,582.402,27.795
56,25,255,779.940,23.300
57,69,255,248.123,27.007
58,48,255,407.354,25.667
59,28,255,482.857,25.786
60,51,255,224.402,29.990
61,31,255,824.500,27.500
62,31,255,919.339,27.274
63,89,255,232.331,32.815
64,74,255,334.081,32.270
65,52,255,844.519,32.135
66,74,255,45.405,35.811
67,30,255,75.700,32.967
68,48,255,683.583,33.625
69,30,255,815.867,33.133
70,28,255,407.000,33.714
71,22,255,469.227,33.318
72,62,255,200.661,36.677
73,49,255,623.480,36.235
74,23,255,862.326,34.500
75,42,255,1099.381,36.333
76,95,255,1106.942,40.058
77,180,255,9.006,40.100
78,20,255,787.550,34.400
79,96,255,556.406,39.948
80,31,255,1079.823,36.919
81,60,255,37.383,40.600
82,54,255,92.963,39.241
83,41,255,365.598,38.232
84,43,255,956.686,37.965
85,80,255,218.875,42.325
86,49,255,245.929,40.010
87,98,255,574.092,42.041
88,30,255,942.933,39.667
89,151,255,1135.434,42.123
90,48,255,389.083,39.812
91,51,255,121.225,42.127
92,22,255,665.318,39.636
93,54,255,349.981,43.407
94,50,255,843.700,42.780
95,29,255,1120.086,44.259
96,44,255,1199.841,45.591
97,20,255,58.900,44.550
98,29,255,133.121,45.431
99,34,255,332.765,46.059
100,62,255,235.419,46.597
101,20,255,408.300,46.000
102,29,255,594.776,46.397
103,134,255,1157.022,51.149
104,36,255,378.806,48.694
105,30,255,897.633,49.033
106,34,255,909.029,47.824
107,23,255,988.717,48.196
108,57,255,1131.816,49.675
109,33,255,368.591,50.258
110,98,255,662.296,53.469
111,27,255,739.759,51.204
112,59,255,820.280,54.144
113,120,255,1171.350,58.833
114,151,255,1191.712,55.851
115,36,255,257.028,53.111
116,23,255,303.978,52.891
117,38,255,395.184,53.053
118,78,255,234.372,55.692
119,35,255,1035.557,54.071
120,61,255,886.369,57.910
121,42,255,951.190,55.690
122,42,255,967.405,56.119
123,42,255,578.143,57.643
124,21,255,1081.500,55.500
125,28,255,1.750,58.071
126,49,255,681.418,57.276
127,64,255,839.672,58.281
128,45,255,1126.144,58.833
129,100,255,247.780,62.520
130,50,255,1091.940,61.480
131,24,255,858.625,60.833
132,115,255,1207.500,63.970
133,53,255,177.179,62.613
134,48,255,571.104,63.562
135,86,255,1274.674,63.407
136,186,255,1244.242,67.253
137,38,255,159.974,64.132
138,89,255,1265.747,69.062
139,53,255,903.689,65.236
140,44,255,491.795,67.114
141,130,255,556.623,70.323
142,24,255,605.458,66.458
143,36,255,31.500,69.028
144,44,255,82.477,67.568
145,37,255,133.851,67.230
146,72,255,235.000,69.806
147,30,255,674.967,67.300
148,20,255,1028.550,67.300
149,32,255,1286.688,67.719
150,24,255,616.833,68.375
151,62,255,791.403,70.419
152,65,255,1340.900,69.946
153,31,255,637.694,69.532
154,56,255,849.250,70.536
155,62,255,125.758,74.129
156,41,255,269.720,71.622
157,25,255,461.660,71.140
158,25,255,777.700,70.940
159,35,255,808.471,71.071
160,124,255,1358.460,74.323
161,53,255,1177.462,78.085
162,51,255,667.245,74.363
163,53,255,182.934,76.726
164,72,255,620.694,78.528
165,39,255,1187.474,76.500
166,22,255,1317.227,74.364
167,82,255,1442.707,76.793
168,37,255,1410.149,75.986
169,27,255,966.500,76.500
170,31,255,1338.242,77.113
171,32,255,1345.781,76.844
172,31,255,1502.306,77.210
173,45,255,7.944,78.456
174,43,255,102.128,78.965
175,23,255,347.587,77.891
176,38,255,452.500,78.000
177,30,255,497.500,77.500
178,54,255,647.870,78.611
179,57,255,911.851,79.886
180,90,255,88.544,81.411
181,54,255,1217.093,79.185
182,48,255,1402.188,82.854
183,57,255,1415.412,80.921
184,41,255,62.915,80.159
185,20,255,112.000,80.200
186,46,255,152.370,81.761
187,48,255,164.562,81.333
188,45,255,1309.522,81.100
189,57,255,804.833,81.798
190,38,255,924.684,81.316
191,132,255,271.523,86.750
192,43,255,511.035,82.570
193,61,255,759.664,83.713
194,44,255,960.091,82.818
195,61,255,552.189,83.893
196,38,255,1429.921,84.632
197,58,255,1488.707,83.845
198,43,255,1533.012,82.570
199,21,255,1560.500,81.500
200,44,255,495.295,84.364
201,55,255,775.573,86.464
202,41,255,940.793,84.402
203,25,255,971.660,83.580
204,32,255,1257.156,84.062
205,39,255,1597.064,84.115
206,56,255,740.000,86.643
207,41,255,815.988,85.354
208,35,255,827.986,85.271
209,72,255,1518.486,86.083
210,24,255,542.625,87.250
211,36,255,1231.556,86.167
212,47,255,1552.330,86.840
213,82,255,453.634,88.463
214,59,255,662.364,88.958
215,38,255,837.868,87.842
216,34,255,1572.882,87.971
217,69,255,142.500,91.877
218,65,255,478.562,91.008
219,27,255,649.574,88.907
220,22,255,986.909,88.045
221,41,255,1162.159,89.671
222,62,255,505.581,91.774
223,52,255,585.423,90.231
224,59,255,639.907,91.093
225,33,255,785.258,90.076
226,56,255,921.000,90.500
227,39,255,49.372,91.628
228,34,255,65.206,90.882
229,58,255,610.741,92.603
230,34,255,877.147,93.088
231,66,255,126.591,92.773
232,31,255,376.435,92.371
233,36,255,435.000,92.806
234,89,255,602.758,98.275
235,48,255,679.333,92.917
236,33,255,344.894,92.985
237,53,255,561.104,94.632
238,26,255,1535.846,92.500
239,59,255,1586.297,93.314
240,55,255,246.609,93.882
241,45,255,889.389,93.922
242,46,255,368.717,96.413
243,55,255,1343.664,95.464
244,32,255,847.812,96.562
245,50,255,935.000,96.400
246,34,255,1130.324,95.971
247,33,255,1060.773,97.318
248,47,255,1116.500,97.628
249,54,255,1192.074,99.296
250,36,255,1206.361,97.889
251,35,255,1540.214,97.671
252,41,255,193.939,100.378
253,49,255,233.786,99.541
254,73,255,256.993,100.856
255,21,255,1026.119,98.500
256,36,255,1140.472,100.333
257,106,255,457.774,102.132
258,84,255,630.143,102.857
259,56,255,808.804,100.464
260,44,255,1528.364,99.795
261,43,255,961.244,101.500
262,49,255,1049.153,101.561
263,47,255,434.926,102.819
264,64,255,490.547,102.938
265,47,255,710.287,102.372
266,61,255,730.057,103.549
267,44,255,972.727,102.705
268,103,255,682.481,107.850
269,47,255,922.436,103.649
270,45,255,279.989,104.722
271,59,255,543.381,105.195
272,48,255,666.708,104.875
273,57,255,1007.868,107.079
274,62,255,1030.145,105.968
275,62,255,243.194,106.677
276,95,255,561.774,106.047
277,61,255,1130.680,105.877
278,102,255,646.696,109.784
279,91,255,748.874,108.291
280,48,255,838.854,106.854
281,56,255,993.893,106.661
282,28,255,1106.464,106.107
283,23,255,1331.239,105.674
284,44,255,377.545,107.682
285,41,255,478.256,107.110
286,40,255,916.250,107.850
287,46,255,42.522,109.152
288,70,255,589.029,109.314
289,69,255,778.717,110.051
290,83,255,805.548,110.849
291,58,255,851.810,108.069
292,44,255,345.659,111.432
293,27,255,8.574,109.056
294,26,255,166.808,111.038
295,46,255,877.478,111.152
296,41,255,1518.524,109.695
297,43,255,1560.872,110.407
298,62,255,77.629,112.242
299,45,255,335.300,112.833
300,39,255,534.218,111.628
301,21,255,673.881,110.310
302,48,255,707.854,111.750
303,27,255,768.722,110.685
304,24,255,789.792,111.208
305,54,255,1060.630,111.889
306,43,255,1081.058,111.919
307,32,255,1097.156,111.906
308,28,255,1306.000,111.536
309,45,255,111.922,111.944
310,41,255,307.549,112.061
311,65,255,401.362,114.115
312,71,255,494.613,113.303
313,55,255,637.536,113.300
314,45,255,967.989,111.767
315,38,255,176.921,113.342
316,100,255,520.930,116.160
317,42,255,575.381,113.738
318,26,255,887.923,112.923
319,35,255,899.186,112.500
320,45,255,1357.522,113.678
321,59,255,128.992,115.500
322,72,255,266.750,114.931
323,55,255,831.209,115.627
324,32,255,1143.219,114.406
325,26,255,1210.769,112.923
326,32,255,1345.094,114.625
327,82,255,415.012,116.817
328,67,255,478.545,116.321
329,22,255,1373.136,114.727
330,24,255,1510.958,114.875
331,39,255,222.423,116.090
332,57,255,255.412,118.307
333,59,255,353.788,117.517
334,79,255,550.196,118.373
335,82,255,616.415,117.854
336,52,255,762.731,116.808
337,84,255,820.607,119.393
338,73,255,909.884,117.705
339,29,255,1263.810,115.948
340,31,255,207.952,118.597
341,45,255,239.989,118.878
342,69,255,867.094,119.268
343,56,255,287.196,120.500
344,47,255,458.628,119.670
345,82,255,721.829,121.256
346,57,255,846.553,119.605
347,37,255,931.770,120.446
348,42,255,1244.071,118.476
349,40,255,1407.250,119.850
350,57,255,327.939,121.026
351,40,255,584.200,120.275
352,55,255,666.573,121.409
353,78,255,702.962,121.821
354,44,255,882.477,120.364
355,72,255,940.014,122.111
356,32,255,1213.469,120.094
357,84,255,442.167,123.071
358,127,255,537.681,125.807
359,97,255,991.624,124.716
360,68,255,1137.515,123.706
361,56,255,106.000,124.643
362,53,255,150.651,124.632
363,20,255,215.650,122.500
364,113,255,860.863,128.535
365,97,255,1077.314,126.005
366,23,255,1270.109,122.413
367,26,255,22.769,124.038
368,52,255,641.808,124.615
369,45,255,1028.389,124.700
370,28,255,1149.357,124.571
371,52,255,307.538,125.500
372,52,255,508.673,125.808
373,65,255,628.962,126.808
374,54,255,139.981,127.093
375,107,255,561.967,130.266
376,128,255,801.289,129.773
377,64,255,965.906,127.328
378,45,255,166.456,128.589
379,71,255,245.725,128.401
380,53,255,317.689,127.651
381,126,255,392.619,129.341
382,37,255,493.554,127.068
383,61,255,739.254,128.926
384,44,255,1246.341,127.886
385,50,255,352.980,128.000
386,46,255,416.957,128.522
387,47,255,930.691,128.968
388,40,255,1382.650,128.700
389,32,255,274.844,129.094
390,47,255,329.968,129.436
391,28,255,1212.429,129.429
392,37,255,1423.797,128.581
393,61,255,431.434,131.828
394,65,255,582.715,131.146
395,61,255,1062.172,130.877
396,68,255,1202.162,131.779
397,32,255,1220.750,130.312
398,47,255,15.926,131.734
399,102,255,264.284,133.725
400,28,255,720.893,130.643
401,69,255,766.601,132.442
402,134,255,893.522,135.052
403,30,255,1277.633,130.733
404,113,255,123.987,134.235
405,54,255,285.574,133.111
406,60,255,342.850,133.900
407,36,255,1035.972,132.250
408,90,255,1125.067,134.489
409,77,255,1140.136,132.474
410,28,255,1466.893,132.429
411,48,255,95.021,133.854
412,43,255,940.965,133.430
413,27,255,1006.907,132.981
414,37,255,35.176,134.284
415,38,255,373.632,134.342
416,59,255,749.686,135.076
417,53,255,1026.217,135.991
418,48,255,1402.188,134.854
419,130,255,82.477,139.031
420,75,255,360.207,136.900
421,32,255,420.656,134.781
422,77,255,508.032,137.136
423,41,255,661.085,134.963
424,41,255,831.280,135.646
425,28,255,1177.107,135.321
426,45,255,176.167,136.167
427,81,255,490.907,138.068
428,43,255,553.198,136.709
429,53,255,728.009,138.104
430,58,255,820.448,139.379
431,76,255,907.921,137.724
432,72,255,996.153,138.264
433,70,255,477.086,138.886
434,77,255,779.994,138.669
435,51,255,319.735,138.696
436,60,255,526.517,138.867
437,138,255,963.406,143.355
438,57,255,1015.430,139.044
439,44,255,1478.886,138.705
440,20,255,1568.000,137.000
441,31,255,169.855,139.694
442,100,255,335.320,141.730
443,92,255,406.370,141.196
444,37,255,856.527,139.311
445,75,255,598.607,142.007
446,50,255,688.480,140.680
447,117,255,754.329,143.662
448,56,255,1060.036,141.018
449,61,255,1071.975,141.336
450,98,255,60.082,143.092
451,42,255,100.714,141.762
452,85,255,141.006,143.759
453,50,255,275.240,142.320
454,82,255,307.939,142.963
455,95,255,633.900,144.016
456,75,255,647.647,142.900
457,51,255,1084.108,141.716
458,22,255,214.409,141.591
459,74,255,380.108,143.568
460,74,255,396.473,144.568
461,21,255,571.310,142.119
462,75,255,862.753,145.967
463,41,255,1007.378,142.476
464,65,255,433.854,144.331
465,42,255,1131.833,143.833
466,73,255,679.089,145.966
467,64,255,833.719,144.938
468,31,255,1143.113,143.823
469,74,255,1464.878,145.851
470,51,255,32.971,145.618
471,73,255,236.678,145.897
472,56,255,459.357,146.768
473,40,255,561.350,145.675
474,46,255,662.478,146.217
475,62,255,714.242,146.903
476,47,255,808.926,145.096
477,35,255,929.929,144.814
478,37,255,1197.932,144.689
479,50,255,179.580,147.000
480,146,255,583.055,151.466
481,85,255,620.841,148.076
482,56,255,875.875,147.821
483,25,255,5.540,147.260
484,28,255,224.000,146.500
485,55,255,324.282,148.045
486,69,255,503.703,148.674
487,21,255,1016.643,146.643
488,42,255,1125.786,148.119
489,70,255,258.157,150.100
490,70,255,470.257,150.214
491,57,255,952.184,148.974
492,57,255,71.132,150.167
493,61,255,1222.107,150.861
494,51,255,1420.186,149.814
495,44,255,41.045,150.932
496,32,255,352.156,149.656
497,46,255,423.239,150.500
498,64,255,703.328,151.406
499,43,255,781.081,150.709
500,35,255,1078.729,149.729
501,41,255,1151.671,151.110
502,57,255,1185.272,151.184
503,53,255,792.179,152.613
504,44,255,908.386,151.432
505,86,255,935.802,156.663
506,70,255,974.471,152.757
507,78,255,1095.872,154.962
508,44,255,1387.705,151.818
509,42,255,214.857,153.238
510,61,255,516.238,153.730
511,34,255,1288.853,153.147
512,63,255,144.563,154.611
513,37,255,560.149,152.716
514,51,255,1402.069,154.088
515,91,255,25.016,157.368
516,64,255,113.969,155.750
517,35,255,124.129,154.071
518,53,255,811.160,154.915
519,50,255,1527.740,154.880
520,44,255,35.864,156.273
521,90,255,55.211,157.200
522,61,255,207.270,156.943
523,68,255,248.456,157.294
524,73,255,439.322,157.404
525,83,255,456.946,155.657
526,71,255,492.092,156.317
527,44,255,635.114,155.523
528,23,255,1312.761,154.935
529,110,255,336.891,160.227
530,50,255,541.420,158.960
531,42,255,710.476,156.548
532,77,255,769.136,157.227
533,38,255,887.342,156.632
534,99,255,1053.288,161.025
535,63,255,1169.563,157.214
536,59,255,1203.093,158.263
537,61,255,1427.648,156.959
538,66,255,1463.167,156.758
539,34,255,1490.971,155.941
540,66,255,598.561,158.833
541,43,255,689.570,157.826
542,56,255,823.125,157.607
543,44,255,903.659,159.227
544,39,255,1007.397,157.141
545,57,255,1027.342,158.412
546,42,255,188.643,158.310
547,21,255,197.833,157.881
548,57,255,288.395,158.974
549,69,255,299.833,159.906
550,40,255,358.400,158.300
551,26,255,524.731,158.962
552,22,255,1120.318,157.909
553,92,255,102.598,160.826
554,52,255,222.423,162.135
555,26,255,550.192,158.731
556,135,255,851.211,163.530
557,83,255,170.765,161.524
558,53,255,1237.689,162.066
559,38,255,1302.579,162.684
560,33,255,1511.348,159.803
561,31,255,348.371,162.081
562,42,255,681.762,161.929
563,60,255,128.317,163.367
564,63,255,322.579,163.706
565,20,255,659.600,161.450
566,92,255,917.793,163.935
567,69,255,470.616,164.833
568,63,255,726.738,164.722
569,51,255,955.500,164.422
570,29,255,1312.810,163.293
571,22,255,1327.636,163.455
572,70,255,159.714,166.529
573,72,255,265.333,167.403
574,84,255,519.060,166.667
575,120,255,618.967,166.992
576,88,255,967.545,166.023
577,68,255,1288.838,165.868
578,34,255,1376.500,164.000
579,67,255,397.261,166.470
580,60,255,450.500,166.000
581,121,255,649.376,167.674
582,31,255,771.823,165.242
583,69,255,894.007,166.254
584,34,255,1197.000,165.912
585,37,255,1449.743,165.743
586,45,255,2.033,169.522
587,26,255,49.846,165.846
588,61,255,277.434,166.959
589,54,255,553.519,166.944
590,34,255,947.000,166.912
591,72,255,1070.389,167.375
592,62,255,1412.258,168.500
593,41,255,1460.866,166.695
594,80,255,74.550,169.412
595,63,255,362.611,168.452
596,109,255,499.326,170.959
597,80,255,756.850,168.812
598,61,255,793.926,167.680
599,60,255,373.650,170.283
600,78,255,565.128,170.897
601,97,255,741.015,170.407
602,62,255,932.774,168.661
603,93,255,987.790,170.210
604,53,255,1024.783,168.632
605,64,255,33.141,170.812
606,23,255,186.804,168.283
607,49,255,686.092,170.173
608,106,255,1161.132,173.085
609,43,255,1249.291,170.151
610,44,255,1421.000,169.818
611,46,255,11.935,171.065
612,55,255,58.027,171.864
613,71,255,668.542,170.528
614,61,255,696.697,171.025
615,70,255,714.257,171.829
616,84,255,1182.417,172.202
617,48,255,43.167,172.812
618,41,255,297.378,171.305
619,24,255,1493.958,170.417
620,95,255,121.258,175.216
621,64,255,133.922,174.031
622,106,255,314.528,176.443
623,100,255,592.330,174.820
624,64,255,635.984,173.953
625,83,255,1002.645,174.102
626,109,255,1125.683,174.151
627,89,255,1146.421,174.916
628,28,255,191.679,173.107
629,40,255,415.300,173.650
630,59,255,467.432,174.297
631,74,255,832.635,176.676
632,87,255,153.983,175.960
633,125,255,385.596,178.284
634,118,255,404.127,178.644
635,50,255,578.080,175.180
636,23,255,875.848,174.978
637,47,255,938.947,175.394
638,38,255,1203.395,174.711
639,32,255,1257.344,173.875
640,62,255,1386.161,176.016
641,46,255,79.935,176.109
642,46,255,306.065,176.130
643,80,255,662.712,177.925
644,61,255,1050.746,176.369
645,78,255,221.641,177.295
646,96,255,235.438,179.292
647,135,255,432.011,180.011
648,34,255,1376.588,175.853
649,44,255,1465.955,176.773
650,26,255,1592.615,176.192
651,67,255,792.619,178.500
652,70,255,18.171,179.900
653,71,255,95.514,180.359
654,25,255,546.860,178.380
655,80,255,1218.700,178.525
656,117,255,815.064,184.209
657,53,255,1278.160,180.142
658,31,255,689.500,179.919
659,87,255,725.466,182.684
660,30,255,889.533,180.100
661,69,255,919.645,182.630
662,79,255,67.475,183.753
663,40,255,187.925,182.325
664,128,255,775.008,182.922
665,58,255,842.000,182.500
666,56,255,1242.429,181.643
667,49,255,179.724,183.378
668,86,255,537.640,184.023
669,71,255,967.852,183.669
670,120,255,1018.742,185.767
671,33,255,1334.530,181.682
672,63,255,1371.611,184.087
673,56,255,1447.571,182.750
674,144,255,952.292,188.340
675,67,255,1192.366,184.306
676,72,255,1407.819,184.458
677,33,255,1543.227,183.864
678,156,255,215.205,188.987
679,65,255,290.946,184.869
680,74,255,339.568,185.324
681,65,255,611.592,185.269
682,66,255,1039.242,186.864
683,55,255,1071.155,184.955
684,51,255,1092.461,185.814
685,107,255,1105.715,187.556
686,50,255,1351.360,184.900
687,40,255,1567.325,184.200
688,132,255,168.121,189.477
689,109,255,250.106,188.968
690,57,255,574.465,185.939
691,44,255,1029.886,187.023
692,24,255,1285.250,186.167
693,118,255,1521.441,188.373
694,105,255,116.433,189.176
695,82,255,353.610,189.049
696,99,255,484.025,188.823
697,115,255,505.204,188.022
698,45,255,552.233,187.256
699,88,255,599.773,188.045
700,23,255,990.152,185.978
701,60,255,1300.233,188.150
702,50,255,900.600,187.880
703,46,255,929.543,188.370
704,81,255,4.228,190.056
705,40,255,258.675,188.875
706,81,255,417.438,189.907
707,48,255,521.042,188.979
708,88,255,689.420,189.432
709,31,255,848.339,188.500
710,59,255,1082.568,189.093
711,73,255,1135.979,189.445
712,107,255,1152.593,190.285
713,106,255,1389.104,190.255
714,60,255,1340.000,190.867
715,75,255,149.287,192.033
716,31,255,1307.435,190.597
717,147,255,1461.670,195.031
718,108,255,35.556,193.157
719,35,255,469.729,191.043
720,59,255,740.314,193.331
721,34,255,1049.265,191.676
722,109,255,1171.381,195.005
723,62,255,328.048,193.210
724,54,255,367.630,194.167
725,92,255,725.359,194.478
726,39,255,824.731,193.654
727,67,255,1059.604,193.694
728,112,255,1255.839,195.884
729,94,255,21.638,196.053
730,106,255,50.613,195.330
731,76,255,278.474,195.026
732,85,255,782.006,195.559
733,72,255,1242.889,194.958
734,62,255,1549.032,193.468
735,45,255,136.056,194.433
736,128,255,533.391,197.703
737,70,255,561.614,195.829
738,36,255,622.083,194.583
739,23,255,887.109,193.457
740,28,255,1070.250,194.250
741,39,255,1324.013,195.295
742,64,255,185.891,196.219
743,111,255,291.059,197.887
744,70,255,432.586,196.957
745,69,255,986.486,197.007
746,76,255,80.579,198.395
747,60,255,306.767,197.950
748,97,255,382.531,198.469
749,115,255,975.787,200.657
750,167,255,1196.919,200.955
751,65,255,1211.146,197.254
752,114,255,102.105,198.658
753,53,255,515.632,198.142
754,49,255,553.010,198.071
755,109,255,926.592,199.390
756,69,255,1117.935,198.804
757,83,255,1137.681,198.440
758,70,255,63.043,199.814
759,87,255,1098.937,199.511
760,53,255,1484.198,198.858
761,78,255,584.256,201.192
762,89,255,664.253,200.961
763,65,255,1287.038,200.054
764,89,255,1333.388,201.579
765,75,255,1402.007,200.007
766,24,255,1449.042,200.500
767,40,255,573.550,200.325
768,78,255,753.179,203.090
769,105,255,849.643,205.195
770,54,255,1022.000,201.778
771,56,255,1381.839,200.857
772,50,255,6.900,201.940
773,59,255,191.619,202.500
774,105,255,465.214,202.824
775,55,255,482.936,201.973
776,105,255,803.271,204.395
777,60,255,1010.067,202.967
778,72,255,1346.056,202.458
779,25,255,1527.420,201.300
780,79,255,1545.019,203.044
781,26,255,1582.423,201.385
782,74,255,154.243,203.324
783,28,255,616.893,202.536
784,53,255,1573.557,203.858
785,58,255,327.069,204.138
786,107,255,630.734,206.388
787,62,255,713.323,204.532
788,47,255,1411.989,204.691
789,69,255,1433.993,204.862
790,99,255,228.652,206.944
791,73,255,880.856,206.075
792,55,255,944.664,205.355
793,42,255,952.238,205.500
794,67,255,1086.351,205.246
795,75,255,1222.340,205.700
796,59,255,1494.924,205.008
797,61,255,203.336,206.484
798,75,255,820.380,207.140
799,32,255,14.781,206.562
800,59,255,686.669,207.500
801,71,255,1241.683,207.345
802,45,255,215.900,208.278
803,73,255,256.404,208.747
804,76,255,501.724,209.289
805,24,255,517.083,206.667
806,119,255,605.971,211.055
807,48,255,698.771,208.438
808,147,255,907.895,211.997
809,74,255,1070.784,208.459
810,96,255,1262.740,209.073
811,41,255,1392.402,207.427
812,32,255,1511.312,207.000
813,58,255,128.000,209.500
814,66,255,1128.061,209.879
815,71,255,82.979,212.134
816,90,255,242.233,211.711
817,46,255,348.413,209.652
818,131,255,424.714,214.118
819,20,255,655.050,208.650
820,50,255,1038.340,209.720
821,76,255,1357.868,210.974
822,74,255,93.824,212.351
823,45,255,446.878,211.100
824,35,255,994.671,210.300
825,32,255,1151.500,209.906
826,71,255,1587.697,211.176
827,65,255,178.392,213.115
828,43,255,1289.500,211.919
829,43,255,1369.686,212.244
830,61,255,1483.385,212.598
831,125,255,561.564,215.708
832,85,255,590.735,214.771
833,69,255,1190.123,214.080
834,46,255,21.370,213.457
835,45,255,150.433,213.544
836,147,255,289.500,217.548
837,61,255,412.992,214.631
838,110,255,676.782,216.182
839,61,255,1106.926,215.008
840,60,255,1231.900,214.867
841,82,255,1452.854,214.805
842,96,255,1527.677,214.469
843,91,255,138.401,216.203
844,36,255,221.528,214.222
845,65,255,638.746,216.131
846,57,255,712.307,214.868
847,78,255,966.500,216.000
848,42,255,1144.690,214.548
849,85,255,1162.076,215.924
850,64,255,1556.438,215.484
851,51,255,315.853,216.657
852,30,255,572.067,215.433
853,65,255,1336.915,216.823
854,40,255,1575.825,215.050
855,69,255,342.051,218.471
856,173,255,469.228,220.118
857,65,255,619.977,217.931
858,32,255,937.625,216.938
859,29,255,1043.603,215.914
860,43,255,1274.826,217.640
861,81,255,1410.932,217.858
862,62,255,1476.629,218.371
863,60,255,74.383,218.450
864,82,255,367.024,219.183
865,58,255,503.638,218.017
866,61,255,770.811,218.008
867,60,255,788.267,218.300
868,58,255,1025.310,217.931
869,38,255,1086.816,217.184
870,39,255,1400.654,218.526
871,69,255,275.819,219.674
872,58,255,356.397,219.690
873,63,255,402.230,219.405
874,116,255,542.845,222.172
875,70,255,741.286,220.243
876,89,255,184.522,220.691
877,62,255,691.645,220.339
878,83,255,1135.392,220.560
879,91,255,1213.104,221.940
880,51,255,1325.873,220.049
881,107,255,654.005,221.313
882,63,255,724.262,221.278
883,23,255,780.065,220.587
884,125,255,927.988,225.156
885,32,255,1070.250,220.812
886,60,255,1261.933,220.533
887,36,255,1392.111,220.361
888,47,255,1461.926,220.819
889,39,255,16.962,221.269
890,99,255,114.843,222.379
891,34,255,820.088,221.412
892,47,255,1040.351,221.670
893,48,255,1200.167,221.979
894,77,255,1313.552,223.045
895,97,255,3.222,227.077
896,103,255,41.539,225.995
897,80,255,65.162,224.975
898,71,255,986.275,222.880
899,70,255,1287.129,223.771
900,54,255,1359.796,223.000
901,109,255,1513.592,223.206
902,32,255,1453.406,222.531
903,65,255,1536.977,224.700
904,55,255,210.518,224.864
905,69,255,859.500,225.500
906,60,255,1579.433,224.700
907,54,255,682.593,226.037
908,71,255,883.852,227.120
909,52,255,1017.788,225.981
910,62,255,1187.919,226.129
911,54,255,1296.963,226.833
912,129,255,1438.833,227.043
913,112,255,150.098,229.259
914,25,255,334.180,225.860
915,27,255,406.870,225.648
916,34,255,454.676,226.059
917,48,255,703.750,226.708
918,39,255,731.910,226.910
919,56,255,940.250,226.679
920,64,255,1004.359,227.578
921,82,255,1150.110,227.524
922,68,255,1560.441,227.338
923,51,255,1101.167,227.951
924,72,255,1340.139,229.069
925,54,255,173.056,229.148
926,48,255,225.521,228.875
927,59,255,1408.381,229.229
928,88,255,1483.693,229.136
929,63,255,204.437,230.675
930,79,255,1271.513,231.196
931,55,255,29.682,231.918
932,39,255,181.269,230.654
933,156,255,318.378,233.821
934,104,255,526.904,233.500
935,51,255,719.304,231.029
936,115,255,751.213,233.917
937,45,255,780.322,231.722
938,28,255,982.393,230.786
939,74,255,1368.581,232.122
940,42,255,1388.000,231.119
941,48,255,1464.979,231.083
942,75,255,18.020,232.447
943,75,255,578.353,233.113
944,84,255,767.024,231.905
945,65,255,819.069,232.054
946,41,255,1033.939,230.939
947,48,255,1047.042,232.271
948,25,255,1328.340,230.740
949,38,255,1379.000,231.500
950,63,255,1417.992,233.278
951,33,255,1588.136,231.591
952,87,255,291.006,234.328
953,73,255,634.473,234.377
954,20,255,657.450,231.600
955,66,255,891.970,233.652
956,137,255,1111.507,236.245
957,110,255,806.818,237.818
958,51,255,1308.833,234.147
959,40,255,1503.825,233.175
960,73,255,1547.144,234.486
961,98,255,360.520,236.867
962,35,255,648.043,234.957
963,46,255,789.978,234.804
964,79,255,1074.538,236.399
965,65,255,1320.192,235.423
966,114,255,248.421,238.719
967,61,255,387.746,236.484
968,79,255,410.133,237.778
969,32,255,500.344,235.531
970,61,255,846.811,236.123
971,80,255,1061.200,238.988
972,65,255,98.469,237.700
973,42,255,110.833,237.071
974,43,255,166.244,237.035
975,62,255,278.500,237.839
976,53,255,342.028,237.179
977,88,255,430.068,237.898
978,49,255,709.500,237.357
979,38,255,999.842,236.105
980,46,255,1131.870,236.609
981,58,255,1222.759,236.466
982,61,255,1244.615,238.303
983,63,255,133.040,238.151
984,25,255,491.580,237.300
985,46,255,824.630,238.261
986,89,255,862.376,240.051
987,66,255,1016.864,238.485
988,53,255,1429.632,237.594
989,53,255,1449.708,238.274
990,61,255,120.697,239.779
991,60,255,610.650,239.333
992,87,255,1215.489,243.856
993,67,255,1338.649,239.037
994,49,255,1493.969,238.888
995,51,255,1523.029,238.088
996,43,255,43.779,238.965
997,34,255,452.235,239.500
998,44,255,475.045,240.068
999,124,255,535.452,243.694
1000,55,255,1159.409,240.318
1001,66,255,1235.182,240.727
1002,37,255,350.365,241.392
1003,46,255,376.022,241.348
1004,21,255,462.357,239.500
1005,74,255,684.662,242.581
1006,69,255,1086.297,241.225
1007,82,255,1474.463,241.451
1008,47,255,55.840,241.819
1009,73,255,76.582,243.021
1010,76,255,231.013,243.697
1011,77,255,794.370,244.604
1012,129,255,883.942,246.035
1013,64,255,1288.719,242.438
1014,35,255,1385.871,240.929
1015,44,255,1462.523,242.250
1016,62,255,1586.032,241.516
1017,53,255,270.632,243.500
1018,57,255,484.237,243.658
1019,51,255,931.147,242.755
1020,41,255,1375.037,242.671
1021,38,255,143.658,244.605
1022,106,255,223.547,248.047
1023,80,255,398.438,244.588
1024,52,255,940.981,244.615
1025,65,255,951.023,244.238
1026,20,255,1006.550,242.750
1027,69,255,1181.587,245.848
1028,94,255,1194.372,245.436
1029,127,255,1355.594,247.484
1030,53,255,1505.613,243.236
1031,74,255,310.676,246.270
1032,30,255,492.900,244.633
1033,68,255,517.471,245.441
1034,50,255,550.400,244.880
1035,89,255,567.129,245.983
1036,74,255,638.770,245.730
1037,101,255,713.441,248.599
1038,21,255,750.595,243.595
1039,28,255,920.357,243.393
1040,65,255,1166.762,245.362
1041,58,255,597.569,246.655
1042,85,255,691.335,248.724
1043,60,255,842.817,246.100
1044,76,255,1521.750,246.303
1045,60,255,134.650,248.417
1046,152,255,192.651,251.842
1047,106,255,621.226,248.679
1048,89,255,766.882,249.017
1049,44,255,1093.000,246.568
1050,51,255,260.892,247.931
1051,59,255,414.500,247.500
1052,90,255,445.533,249.300
1053,61,255,467.795,248.779
1054,65,255,906.162,248.208
1055,54,255,986.074,248.000
1056,114,255,1148.412,248.439
1057,76,255,1270.000,248.342
1058,44,255,1489.864,247.864
1059,52,255,2.692,250.135
1060,73,255,43.678,249.322
1061,32,255,170.844,248.250
1062,71,255,670.514,249.852
1063,27,255,99.500,248.500
1064,37,255,285.257,249.959
1065,78,255,383.808,250.654
1066,31,255,1294.306,249.952
1067,35,255,1402.900,250.071
1068,58,255,1593.724,251.172
1069,53,255,53.462,251.368
1070,75,255,293.833,252.020
1071,30,255,778.767,250.933
1072,32,255,811.656,249.875
1073,22,255,821.409,249.591
1074,49,255,1380.602,250.663
1075,58,255,1453.017,251.017
1076,68,255,209.632,253.147
1077,104,255,583.913,253.856
1078,74,255,1077.973,252.554
1079,51,255,1125.324,252.304
1080,59,255,1582.161,252.398
1081,116,255,428.388,256.784
1082,91,255,605.412,254.511
1083,83,255,730.801,254.910
1084,60,255,921.667,252.617
1085,94,255,970.383,254.404
1086,54,255,1326.389,252.407
1087,78,255,1569.218,253.372
1088,58,255,79.362,253.862
1089,50,255,89.760,254.780
1090,42,255,121.262,253.667
1091,53,255,333.840,254.858
1092,55,255,661.227,254.464
1093,66,255,854.591,255.045
1094,111,255,1282.662,258.149
1095,52,255,1443.404,254.692
1096,75,255,23.233,255.860
1097,30,255,1247.633,254.600
1098,95,255,1422.616,256.153
1099,46,255,1544.217,254.652
1100,118,255,953.339,258.034
1101,100,255,1257.270,258.700
1102,59,255,1494.517,256.144
1103,47,255,527.074,256.628
1104,39,255,636.962,256.115
1105,49,255,112.153,259.173
1106,73,255,560.952,258.623
1107,45,255,842.433,257.633
1108,77,255,1115.656,258.851
1109,31,255,1407.210,257.145
1110,131,255,322.233,261.454
1111,59,255,397.246,259.449
1112,34,255,916.588,258.647
1113,82,255,1297.939,260.768
1114,40,255,1314.850,259.300
1115,33,255,1386.742,258.409
1116,34,255,1463.441,258.559
1117,80,255,250.438,261.012
1118,67,255,477.321,260.560
1119,39,255,623.474,260.115
1120,85,255,651.888,261.641
1121,66,255,1030.591,260.515
1122,85,255,1479.865,261.300
1123,72,255,70.000,261.500
1124,34,255,688.382,259.735
1125,91,255,359.731,265.016
1126,87,255,537.603,264.224
1127,67,255,776.873,262.634
1128,48,255,994.208,262.708
1129,56,255,1002.946,262.786
1130,145,255,1174.438,265.507
1131,104,255,1528.500,263.529
1132,53,255,227.217,262.745
1133,60,255,412.267,263.533
1134,80,255,489.850,264.238
1135,46,255,704.413,262.630
1136,57,255,879.868,262.904
1137,29,255,1076.603,261.672
1138,84,255,1217.440,263.429
1139,75,255,1235.100,264.193
1140,74,255,1361.122,263.541
1141,89,255,1395.803,264.388
1142,93,255,1435.522,263.489
1143,47,255,18.351,263.947
1144,69,255,386.442,265.399
1145,73,255,571.048,265.171
1146,61,255,632.516,264.762
1147,33,255,1054.076,263.167
1148,31,255,1244.210,264.048
1149,65,255,1552.162,265.700
1150,68,255,118.882,266.426
1151,64,255,207.984,266.141
1152,77,255,439.110,267.656
1153,72,255,857.153,265.486
1154,116,255,896.069,266.974
1155,63,255,908.960,266.214
1156,75,255,935.300,265.700
1157,73,255,1137.473,265.774
1158,57,255,1561.447,265.395
1159,68,255,302.897,267.221
1160,69,255,350.964,268.572
1161,86,255,37.744,268.349
1162,32,255,78.781,266.125
1163,125,255,98.284,268.108
1164,20,255,154.200,265.600
1165,50,255,164.600,266.940
1166,65,255,193.331,267.223
1167,92,255,281.576,269.228
1168,36,255,608.361,265.889
1169,94,255,713.340,270.170
1170,48,255,817.167,268.583
1171,74,255,472.716,269.838
1172,83,255,740.873,270.127
1173,66,255,1046.470,270.667
1174,44,255,1067.318,269.000
1175,68,255,1575.956,269.515
1176,60,255,221.017,271.150
1177,62,255,310.484,270.565
1178,22,255,839.500,269.000
1179,58,255,873.776,270.328
1180,38,255,919.000,271.500
1181,73,255,1322.418,270.459
1182,68,255,373.735,272.000
1183,66,255,504.697,271.727
1184,99,255,806.500,273.722
1185,56,255,948.857,271.446
1186,72,255,1084.806,272.181
1187,60,255,1406.300,271.283
1188,68,255,1512.250,270.912
1189,55,255,64.100,272.282
1190,46,255,269.326,272.022
1191,92,255,555.924,273.315
1192,83,255,1012.247,273.295
1193,66,255,1029.076,272.288
1194,42,255,1492.143,272.262
1195,64,255,1539.641,272.359
1196,132,255,395.379,275.561
1197,58,255,448.638,273.707
1198,48,255,732.438,273.521
1199,46,255,1093.304,273.283
1200,29,255,1369.121,271.776
1201,29,255,1482.190,271.948
1202,54,255,13.111,273.889
1203,44,255,23.523,274.114
1204,48,255,518.417,273.542
1205,97,255,757.376,275.263
1206,59,255,997.093,274.178
1207,38,255,1431.632,272.868
1208,30,255,1523.033,273.433
1209,57,255,179.728,274.746
1210,45,255,701.922,274.389
1211,149,255,1192.547,279.339
1212,27,255,1331.648,275.130
1213,47,255,249.670,275.628
1214,93,255,492.489,277.586
1215,82,255,794.366,277.732
1216,69,255,823.688,277.297
1217,156,255,957.455,281.538
1218,77,255,1157.903,277.045
1219,99,255,1462.288,277.581
1220,47,255,145.287,277.351
1221,70,255,212.200,278.114
1222,36,255,680.028,276.667
1223,25,255,721.540,276.260
1224,122,255,777.566,282.156
1225,45,255,940.922,276.544
1226,197,255,976.419,280.368
1227,102,255,1063.451,280.059
1228,41,255,1075.085,277.622
1229,29,255,1585.086,276.293
1230,75,255,160.167,277.207
1231,69,255,602.543,278.717
1232,60,255,1339.767,279.100
1233,70,255,1566.257,279.671
1234,80,255,621.388,279.688
1235,82,255,653.707,280.110
1236,67,255,926.425,280.172
1237,90,255,1109.389,279.778
1238,68,255,1230.809,278.779
1239,72,255,1436.639,279.333
1240,51,255,38.814,279.912
1241,65,255,100.208,280.254
1242,22,255,525.773,279.545
1243,57,255,669.184,279.991
1244,89,255,1307.770,281.039
1245,47,255,1347.564,280.202
1246,73,255,1474.884,281.637
1247,41,255,1512.915,278.744
1248,78,255,138.487,285.372
1249,47,255,413.564,280.053
1250,64,255,1122.688,282.141
1251,92,255,1142.315,282.033
1252,34,255,1179.559,281.235
1253,77,255,1272.591,281.565
1254,35,255,1284.700,280.957
1255,146,255,1386.486,284.356
1256,20,255,1530.700,279.550
1257,138,255,50.014,287.826
1258,62,255,173.194,282.806
1259,51,255,279.833,281.735
1260,88,255,1039.523,283.670
1261,75,255,1239.233,283.047
1262,128,255,123.508,284.648
1263,45,255,483.011,282.522
1264,96,255,535.521,285.656
1265,79,255,685.361,284.918
1266,31,255,748.016,282.403
1267,43,255,1484.477,283.802
1268,59,255,1557.771,284.517
1269,32,255,1575.844,282.656
1270,60,255,187.033,284.750
1271,74,255,254.959,284.689
1272,110,255,348.300,286.491
1273,53,255,1495.066,283.840
1274,150,255,431.087,286.287
1275,35,255,518.957,285.071
1276,32,255,1356.500,284.062
1277,82,255,1368.817,285.902
1278,90,255,1535.233,286.622
1279,119,255,19.298,289.256
1280,77,255,372.266,286.903
1281,57,255,1051.921,286.904
1282,54,255,1257.815,286.222
1283,76,255,1290.289,287.105
1284,36,255,1585.972,285.333
1285,79,255,576.943,287.601
1286,45,255,764.367,288.144
1287,82,255,1168.183,287.988
1288,120,255,1415.008,289.183
1289,43,255,75.105,287.570
1290,28,255,659.500,287.964
1291,115,255,999.135,291.230
1292,67,255,66.560,290.187
1293,60,255,286.867,290.067
1294,40,255,330.800,287.825
1295,110,255,864.991,290.382
1296,64,255,901.562,289.531
1297,65,255,195.777,290.977
1298,92,255,300.609,293.337
1299,102,255,414.147,293.461
1300,40,255,631.525,289.725
1301,68,255,803.294,290.662
1302,44,255,879.682,289.682
1303,42,255,1028.333,290.357
1304,28,255,1116.179,289.214
1305,70,255,1223.443,290.171
1306,24,255,1440.958,288.625
1307,36,255,1457.361,288.889
1308,70,255,103.343,292.571
1309,91,255,510.390,294.764
1310,70,255,547.514,292.786
1311,76,255,828.118,292.632
1312,21,255,1598.405,291.548
1313,91,255,480.236,296.082
1314,103,255,605.850,293.228
1315,64,255,1302.359,293.859
1316,109,255,1336.234,294.711
1317,24,255,35.625,293.167
1318,35,255,246.129,293.929
1319,58,255,151.345,295.828
1320,153,255,165.742,301.284
1321,63,255,323.484,295.738
1322,144,255,454.861,299.250
1323,46,255,592.261,295.630
1324,67,255,640.530,295.470
1325,74,255,704.797,296.014
1326,63,255,1248.405,295.071
1327,137,255,1465.785,298.595
1328,26,255,1569.731,293.308
1329,35,255,1580.729,295.471
1330,63,255,226.325,296.056
1331,32,255,666.750,295.375
1332,77,255,737.526,297.058
1333,60,255,1325.617,298.050
1334,59,255,1495.703,298.059
1335,125,255,81.204,298.588
1336,80,255,213.050,298.875
1337,42,255,989.548,297.429
1338,154,255,1354.409,299.870
1339,77,255,1392.318,298.968
1340,26,255,1425.500,297.385
1341,34,255,1481.824,297.088
1342,72,255,1511.597,298.833
1343,70,255,127.814,300.143
1344,54,255,583.352,300.222
1345,59,255,116.314,300.653
1346,46,255,186.152,299.848
1347,85,255,364.618,301.512
1348,63,255,391.389,300.563
1349,69,255,875.283,300.848
1350,71,255,903.218,301.599
1351,30,255,1024.133,298.867
1352,52,255,1264.808,300.154
1353,111,255,347.086,302.941
1354,56,255,565.964,300.946
1355,43,255,630.663,300.733
1356,66,255,762.848,301.258
1357,100,255,783.490,303.500
1358,63,255,811.040,301.452
1359,69,255,885.065,302.094
1360,82,255,1185.537,301.585
1361,48,255,1196.542,301.104
1362,65,255,1522.562,301.515
1363,139,255,283.694,304.191
1364,61,255,493.533,302.549
1365,51,255,679.971,301.931
1366,128,255,1445.711,304.328
1367,53,255,1596.802,302.915
1368,88,255,26.330,304.500
1369,51,255,669.775,303.735
1370,58,255,797.172,303.621
1371,77,255,980.292,304.240
1372,122,255,1067.025,305.074
1373,36,255,1119.333,302.000
1374,57,255,1254.377,302.816
1375,68,255,1380.074,304.044
1376,75,255,1412.153,302.980
1377,50,255,138.280,304.400
1378,61,255,1042.631,304.516
1379,79,255,1080.728,304.930
1380,72,255,1216.500,305.000
1381,48,255,40.479,304.083
1382,95,255,54.247,308.089
1383,93,255,244.414,307.274
1384,92,255,259.141,306.793
1385,60,255,622.717,305.850
1386,45,255,914.033,304.944
1387,60,255,947.017,305.400
1388,25,255,1487.140,303.740
1389,77,255,1554.929,306.422
1390,26,255,423.500,305.385
1391,82,255,519.646,307.366
1392,50,255,938.100,306.740
1393,25,255,1542.340,304.780
1394,47,255,440.287,307.479
1395,43,255,550.849,307.802
1396,63,255,697.706,307.643
1397,70,255,847.200,307.671
1398,51,255,707.676,308.696
1399,41,255,837.841,307.841
1400,46,255,924.891,307.804
1401,109,255,1154.005,310.078
1402,70,255,1311.457,308.557
1403,134,255,306.306,312.216
1404,80,255,381.525,310.062
1405,73,255,506.034,310.295
1406,23,255,634.196,308.196
1407,62,255,725.919,309.355
1408,20,255,1102.450,307.550
1409,29,255,755.948,309.190
1410,32,255,804.281,308.844
1411,102,255,860.951,311.343
1412,72,255,1301.972,311.042
1413,26,255,1484.577,309.731
1414,85,255,330.406,312.218
1415,90,255,1090.189,313.178
1416,56,255,1132.036,311.339
1417,106,255,113.849,313.934
1418,53,255,475.425,311.972
1419,84,255,488.179,312.821
1420,55,255,579.555,311.773
1421,47,255,683.819,312.372
1422,69,255,1546.109,313.775
1423,59,255,130.720,312.941
1424,48,255,180.021,313.750
1425,74,255,429.986,315.000
1426,59,255,1394.432,312.873
1427,59,255,1517.432,312.975
1428,101,255,1572.094,314.658
1429,96,255,229.271,317.250
1430,62,255,342.806,314.210
1431,38,255,448.342,313.553
1432,60,255,564.400,314.000
1433,40,255,657.875,313.675
1434,68,255,957.206,314.971
1435,80,255,978.350,316.538
1436,24,255,1141.333,312.958
1437,55,255,1193.882,313.991
1438,101,255,1255.490,315.876
1439,32,255,1274.500,313.062
1440,87,255,92.672,316.351
1441,71,255,149.866,315.852
1442,90,255,188.767,316.444
1443,47,255,538.670,314.628
1444,60,255,596.533,315.433
1445,37,255,609.905,314.311
1446,40,255,667.550,314.700
1447,40,255,905.050,314.700
1448,84,255,1346.905,315.929
1449,73,255,365.568,316.747
1450,98,255,1016.500,319.255
1451,125,255,1232.228,319.108
1452,42,255,1377.357,315.690
1453,71,255,1533.049,316.542
1454,113,255,394.190,318.465
1455,66,255,410.136,317.485
1456,78,255,649.821,317.641
1457,52,255,884.212,317.212
1458,83,255,1107.608,317.343
1459,59,255,1366.856,317.517
1460,75,255,1432.273,318.167
1461,66,255,5.106,319.076
1462,46,255,218.696,318.283
1463,63,255,528.944,318.548
1464,31,255,637.048,317.081
1465,54,255,912.185,318.833
1466,78,255,1177.808,318.705
1467,42,255,1199.619,318.476
1468,86,255,1410.081,318.919
1469,52,255,1591.058,318.231
1470,32,255,161.094,318.031
1471,28,255,941.393,318.179
1472,92,255,1163.489,320.054
1473,46,255,1441.783,319.609
1474,95,255,1472.458,321.595
1475,54,255,514.741,320.148
1476,21,255,572.690,318.643
1477,38,255,784.842,318.895
1478,37,255,1032.554,320.446
1479,33,255,728.258,320.409
1480,56,255,738.911,321.625
1481,49,255,760.500,321.663
1482,40,255,950.300,320.925
1483,76,255,1327.776,322.039
1484,78,255,1484.744,322.551
1485,69,255,19.703,323.022
1486,144,255,53.417,324.396
1487,50,255,469.720,322.560
1488,65,255,546.577,322.608
1489,87,255,895.466,324.856
1490,53,255,1080.953,322.255
1491,55,255,127.700,323.173
1492,106,255,808.274,326.264
1493,56,255,852.125,323.232
1494,39,255,1141.808,323.910
1495,97,255,671.686,327.149
1496,69,255,838.645,325.036
1497,45,255,868.056,324.611
1498,65,255,1134.023,324.715
1499,58,255,1271.017,323.345
1500,50,255,1355.160,324.120
1501,45,255,160.144,326.100
1502,145,255,316.017,328.403
1503,45,255,603.722,324.922
1504,59,255,1210.737,324.805
1505,98,255,36.847,328.020
1506,187,255,246.179,331.275
1507,51,255,556.069,326.520
1508,58,255,1375.707,327.310
1509,63,255,100.532,326.151
1510,56,255,279.714,327.875
1511,97,255,686.727,330.294
1512,57,255,722.184,327.728
1513,71,255,752.415,328.725
1514,37,255,1040.824,327.257
1515,59,255,85.042,328.636
1516,66,255,576.030,327.803
1517,87,255,617.351,329.397
1518,87,255,880.213,328.534
1519,71,255,1051.514,328.669
1520,110,255,139.555,332.109
1521,48,255,698.000,329.375
1522,46,255,1008.283,328.696
1523,44,255,1247.591,328.977
1524,45,255,1398.300,329.300
1525,44,255,457.682,329.682
1526,54,255,477.204,330.481
1527,45,255,589.900,329.744
1528,43,255,859.105,329.826
1529,66,255,926.833,330.652
1530,70,255,966.200,331.129
1531,41,255,912.232,331.671
1532,42,255,1027.667,330.595
1533,47,255,1186.606,330.351
1534,77,255,1386.149,332.682
1535,26,255,1433.962,330.308
1536,45,255,262.056,331.567
1537,60,255,346.567,332.667
1538,87,255,649.741,332.672
1539,51,255,795.931,332.382
1540,76,255,938.961,334.382
1541,92,255,1231.783,334.978
1542,92,255,1275.022,332.663
1543,74,255,2.757,335.865
1544,74,255,74.662,333.892
1545,128,255,166.766,337.641
1546,64,255,287.969,333.672
1547,20,255,379.000,331.550
1548,71,255,437.106,333.739
1549,54,255,606.019,332.759
1550,85,255,1162.924,334.076
1551,124,255,1327.669,336.806
1552,115,255,1447.630,335.909
1553,86,255,269.163,336.233
1554,59,255,467.839,334.788
1555,156,255,1077.538,338.179
1556,89,255,1291.354,334.680
1557,89,255,23.601,334.770
1558,48,255,392.979,334.396
1559,100,255,408.260,336.990
1560,96,255,1471.615,337.250
1561,69,255,1590.312,335.355
1562,57,255,327.149,336.044
1563,54,255,336.648,337.000
1564,43,255,520.128,335.174
1565,30,255,779.867,334.867
1566,32,255,1108.031,335.375
1567,125,255,1141.268,338.860
1568,90,255,1353.778,336.289
1569,68,255,1415.176,336.309
1570,71,255,1497.838,336.218
1571,95,255,1515.942,337.953
1572,96,255,1539.083,338.083
1573,49,255,1554.235,336.051
1574,64,255,534.172,337.812
1575,100,255,823.870,337.810
1576,89,255,988.826,338.511
1577,64,255,1181.281,337.719
1578,54,255,181.037,337.889
1579,99,255,362.369,340.409
1580,52,255,1041.058,338.231
1581,48,255,1099.562,338.167
1582,72,255,1256.653,338.750
1583,167,255,111.805,343.488
1584,59,255,214.364,338.822
1585,105,255,489.671,343.462
1586,55,255,977.027,339.882
1587,23,255,1242.500,337.500
1588,67,255,55.366,340.396
1589,44,255,457.136,339.364
1590,61,255,707.828,340.828
1591,50,255,723.640,340.600
1592,27,255,878.056,338.722
1593,63,255,1057.040,339.786
1594,44,255,1264.932,340.227
1595,121,255,1482.541,345.500
1596,40,255,193.700,340.300
1597,48,255,307.375,341.688
1598,31,255,760.403,340.177
1599,68,255,795.779,341.824
1600,44,255,1394.477,340.409
1601,47,255,1597.713,342.904
1602,102,255,94.304,344.118
1603,51,255,516.853,342.814
1604,46,255,658.935,342.391
1605,22,255,1011.273,340.409
1606,77,255,1296.214,342.032
1607,33,255,419.833,342.258
1608,60,255,581.550,343.900
1609,61,255,593.959,343.336
1610,53,255,623.179,342.915
1611,31,255,784.855,342.887
1612,65,255,1455.331,343.700
1613,70,255,297.857,344.714
1614,87,255,679.167,344.695
1615,43,255,1218.384,343.942
1616,167,255,34.907,348.710
1617,50,255,207.740,345.600
1618,53,255,526.783,346.330
1619,70,255,648.014,346.886
1620,103,255,898.403,346.218
1621,58,255,955.103,345.397
1622,25,255,1162.740,343.020
1623,66,255,1313.591,345.742
1624,61,255,1498.811,345.041
1625,88,255,1563.932,346.000
1626,66,255,430.909,346.591
1627,71,255,558.458,347.275
1628,55,255,1399.936,346.464
1629,56,255,1428.125,346.304
1630,32,255,773.250,346.094
1631,71,255,1226.641,346.951
1632,116,255,61.526,350.862
1633,54,255,223.259,348.537
1634,35,255,232.871,347.729
1635,65,255,735.577,348.823
1636,73,255,1354.459,348.610
1637,70,255,1438.129,349.429
1638,43,255,1531.663,347.547
1639,39,255,158.577,350.115
1640,85,255,504.241,349.594
1641,47,255,1016.947,348.883
1642,89,255,1581.017,350.556
1643,37,255,280.527,349.338
1644,69,255,382.529,351.486
1645,61,255,708.697,350.434
1646,69,255,883.790,350.906
1647,83,255,915.307,353.114
1648,66,255,974.439,350.591
1649,55,255,1117.991,350.100
1650,47,255,601.457,351.585
1651,59,255,753.534,350.941
1652,81,255,821.611,352.340
1653,37,255,1152.743,349.878
1654,86,255,1464.349,352.814
1655,34,255,215.647,351.088
1656,41,255,290.232,351.598
1657,104,255,540.404,353.337
1658,35,255,766.900,352.700
1659,49,255,777.622,352.194
1660,63,255,808.913,352.532
1661,97,255,1006.242,354.335
1662,158,255,193.905,354.475
1663,43,255,335.244,352.360
1664,35,255,373.443,352.929
1665,81,255,612.364,354.426
1666,69,255,637.732,354.529
1667,191,255,1049.139,355.552
1668,52,255,1176.885,352.923
1669,55,255,1193.373,352.591
1670,78,255,1269.000,353.500
1671,59,255,1328.483,353.127
1672,83,255,1373.319,354.729
1673,63,255,1386.929,353.897
1674,46,255,426.457,354.196
1675,36,255,522.250,353.750
1676,77,255,574.955,354.955
1677,43,255,871.384,353.779
1678,43,255,933.988,354.337
1679,62,255,960.129,354.210
1680,50,255,1347.380,354.080
1681,126,255,410.905,358.286
1682,46,255,904.326,356.109
1683,64,255,1097.719,354.922
1684,28,255,1413.286,354.500
1685,36,255,346.472,355.056
1686,75,255,1214.833,357.073
1687,66,255,16.273,357.470
1688,46,255,319.043,358.391
1689,32,255,326.438,356.594
1690,55,255,354.191,357.936
1691,131,255,449.927,359.584
1692,61,255,673.631,357.992
1693,41,255,796.134,357.476
1694,45,255,944.544,356.922
1695,91,255,1294.764,360.676
1696,114,255,79.939,360.956
1697,87,255,133.856,359.925
1698,87,255,479.914,359.247
1699,88,255,655.432,359.159
1700,71,255,849.500,359.275
1701,56,255,1421.661,358.714
1702,26,255,364.038,358.385
1703,34,255,469.118,358.324
1704,70,255,1022.957,359.829
1705,49,255,1182.827,360.316
1706,51,255,1235.186,359.265
1707,101,255,3.262,364.074
1708,35,255,490.929,359.471
1709,40,255,721.900,359.800
1710,49,255,1115.092,359.173
1711,94,255,1247.862,361.149
1712,32,255,1278.875,359.750
1713,65,255,1403.623,362.038
1714,37,255,1523.851,359.824
1715,41,255,280.744,359.988
1716,101,255,501.500,363.431
1717,127,255,1082.083,363.996
1718,116,255,1332.060,362.853
1719,106,255,1493.425,364.189
1720,68,255,1532.074,363.412
1721,25,255,1591.580,359.180
1722,61,255,90.959,362.648
1723,85,255,169.582,364.312
1724,56,255,593.000,362.214
1725,59,255,877.924,362.331
1726,87,255,1544.316,363.511
1727,21,255,231.500,361.500
1728,54,255,256.963,364.574
1729,49,255,306.520,363.622
1730,87,255,1127.362,363.983
1731,109,255,1445.683,364.509
1732,113,255,732.624,366.004
1733,58,255,987.086,364.397
1734,35,255,157.271,364.900
1735,77,255,210.396,365.916
1736,49,255,265.541,365.480
1737,53,255,384.047,364.858
1738,119,255,542.408,368.013
1739,33,255,680.955,364.803
1740,23,255,689.239,364.065
1741,93,255,775.962,367.210
1742,91,255,926.643,366.412
1743,41,255,999.012,365.232
1744,50,255,1060.980,364.960
1745,29,255,1069.397,364.948
1746,52,255,1100.519,364.346
1747,61,255,1172.762,366.025
1748,94,255,1263.681,365.787
1749,61,255,1302.910,365.254
1750,60,255,67.900,366.250
1751,113,255,112.013,369.181
1752,31,255,292.952,364.919
1753,35,255,326.900,365.529
1754,36,255,344.222,365.667
1755,58,255,394.000,367.086
1756,55,255,513.064,367.245
1757,60,255,835.183,367.167
1758,28,255,1159.500,366.786
1759,101,255,185.371,369.609
1760,65,255,280.654,369.438
1761,45,255,351.478,368.478
1762,91,255,630.731,368.555
1763,33,255,758.894,366.985
1764,55,255,1035.027,368.282
1765,57,255,1138.588,368.447
1766,37,255,1199.500,367.500
1767,62,255,30.097,369.903
1768,28,255,145.179,368.393
1769,58,255,569.155,369.569
1770,30,255,856.833,368.033
1771,114,255,1510.491,371.053
1772,62,255,1560.468,368.403
1773,21,255,247.500,368.643
1774,33,255,431.530,368.924
1775,20,255,561.100,369.250
1776,30,255,647.133,369.133
1777,107,255,707.117,373.210
1778,45,255,978.456,370.589
1779,34,255,53.235,370.235
1780,49,255,231.316,370.459
1781,75,255,366.433,372.340
1782,81,255,526.080,373.673
1783,27,255,875.093,369.352
1784,65,255,896.838,371.715
1785,48,255,1235.771,370.438
1786,184,255,1429.739,376.402
1787,99,255,208.268,375.449
1788,38,255,478.158,371.263
1789,49,255,664.806,371.827
1790,52,255,125.885,373.250
1791,64,255,799.688,373.484
1792,28,255,843.821,372.393
1793,29,255,19.017,374.052
1794,118,255,469.076,379.186
1795,97,255,815.974,375.943
1796,30,255,937.133,373.133
1797,68,255,995.132,374.691
1798,24,255,1118.583,372.417
1799,86,255,1466.442,376.163
1800,28,255,455.286,374.000
1801,55,255,484.827,375.100
1802,110,255,552.873,377.809
1803,61,255,683.156,375.959
1804,34,255,718.706,374.382
1805,57,255,41.342,376.167
1806,83,255,752.548,377.584
1807,61,255,833.041,377.615
1808,23,255,951.326,374.370
1809,65,255,967.546,376.269
1810,44,255,1372.977,375.227
1811,31,255,1442.952,375.081
1812,29,255,101.810,375.914
1813,57,255,506.325,377.518
1814,65,255,604.085,377.238
1815,23,255,673.500,375.500
1816,133,255,1278.756,378.868
1817,35,255,1319.957,376.414
1818,68,255,1454.647,377.544
1819,48,255,10.917,377.500
1820,55,255,81.882,378.518
1821,58,255,235.466,378.672
1822,42,255,291.595,379.214
1823,35,255,305.843,377.814
1824,60,255,341.150,378.283
1825,55,255,695.373,378.555
1826,36,255,781.361,377.583
1827,61,255,869.057,378.451
1828,71,255,1231.190,378.908
1829,60,255,1587.517,379.233
1830,61,255,172.500,379.664
1831,78,255,382.000,380.051
1832,84,255,959.750,382.083
1833,108,255,1562.463,381.694
1834,33,255,74.227,379.318
1835,58,255,250.138,380.155
1836,53,255,428.009,380.915
1837,24,255,616.208,379.000
1838,97,255,1038.510,382.119
1839,28,255,1149.714,378.857
1840,75,255,1365.113,381.567
1841,48,255,34.104,381.438
1842,64,255,91.297,381.844
1843,128,255,152.430,384.008
1844,76,255,586.026,382.461
1845,87,255,639.431,381.684
1846,116,255,905.362,383.216
1847,75,255,1012.140,380.847
1848,83,255,1127.873,384.066
1849,43,255,1423.640,381.709
1850,40,255,21.800,382.075
1851,60,255,497.133,382.350
1852,62,255,518.435,382.806
1853,99,255,926.409,383.066
1854,57,255,978.974,381.237
1855,111,255,1307.104,384.725
1856,59,255,666.127,382.975
1857,39,255,888.526,382.423
1858,58,255,1190.034,383.552
1859,58,255,1202.621,383.086
1860,120,255,1539.017,385.717
1861,32,255,222.281,383.438
1862,95,255,738.047,384.837
1863,51,255,1028.990,384.167
1864,65,255,1093.962,384.038
1865,45,255,1137.944,384.078
1866,35,255,1508.586,383.071
1867,104,255,1568.846,387.365
1868,64,255,57.594,385.234
1869,53,255,105.462,385.594
1870,52,255,321.212,386.115
1871,73,255,348.966,387.103
1872,52,255,399.481,386.173
1873,21,255,458.643,384.357
1874,28,255,945.750,385.179
1875,79,255,76.247,388.120
1876,78,255,569.628,387.744
1877,96,255,794.917,389.146
1878,49,255,878.786,387.031
1879,53,255,1084.047,387.066
1880,50,255,1151.180,387.000
1881,38,255,1172.447,386.895
1882,30,255,1266.867,386.233
1883,70,255,1328.029,387.114
1884,54,255,824.741,388.463
1885,41,255,1047.744,389.183
1886,99,255,1393.742,389.924
1887,48,255,42.312,390.479
1888,57,255,206.061,389.132
1889,77,255,274.331,391.318
1890,51,255,451.069,389.833
1891,43,255,840.872,388.802
1892,58,255,1058.638,389.500
1893,51,255,1164.775,388.598
1894,52,255,1376.115,388.962
1895,56,255,177.714,390.982
1896,44,255,187.773,389.727
1897,38,255,286.158,388.632
1898,46,255,391.087,390.217
1899,53,255,609.670,389.726
1900,37,255,698.338,389.473
1901,71,255,1285.092,390.655
1902,25,255,410.980,390.620
1903,70,255,540.371,391.829
1904,82,255,767.732,392.280
1905,47,255,891.883,391.585
1906,57,255,936.272,391.991
1907,50,255,688.880,391.860
1908,65,255,755.423,392.854
1909,62,255,31.419,393.629
1910,57,255,62.886,393.079
1911,38,255,621.658,392.553
1912,21,255,631.357,391.167
1913,45,255,956.589,393.122
1914,30,255,1354.333,392.933
1915,72,255,1418.694,393.556
1916,77,255,1504.812,393.903
1917,55,255,142.445,394.555
1918,37,255,197.149,394.041
1919,74,255,234.527,394.189
1920,48,255,967.646,393.500
1921,33,255,132.197,394.591
1922,114,255,259.658,396.965
1923,20,255,326.250,393.350
1924,56,255,377.214,395.375
1925,37,255,418.743,394.230
1926,70,255,480.257,395.871
1927,61,255,708.516,395.713
1928,100,255,990.060,397.980
1929,97,255,1249.964,396.253
1930,78,255,54.795,397.026
1931,44,255,245.568,395.909
1932,70,255,1067.571,398.143
1933,75,255,1215.713,397.140
1934,63,255,1336.611,396.833
1935,109,255,1361.693,400.427
1936,52,255,335.269,396.962
1937,45,255,786.544,397.167
1938,20,255,918.150,395.800
1939,69,255,1445.630,397.630
1940,46,255,158.152,397.478
1941,56,255,288.679,398.339
1942,124,255,435.484,401.387
1943,53,255,613.877,398.123
1944,52,255,657.000,398.154
1945,31,255,670.694,397.952
1946,57,255,727.623,398.974
1947,42,255,845.881,397.238
1948,101,255,947.896,400.856
1949,58,255,998.276,398.966
1950,44,255,1090.023,397.659
1951,53,255,1168.726,398.311
1952,112,255,1316.304,399.696
1953,60,255,317.217,399.383
1954,31,255,525.500,398.177
1955,84,255,579.310,401.310
1956,44,255,680.659,399.023
1957,42,255,1031.500,398.595
1958,28,255,1453.500,398.000
1959,82,255,1514.293,400.915
1960,48,255,468.646,400.062
1961,41,255,518.793,399.866
1962,48,255,1139.583,399.354
1963,24,255,119.708,400.667
1964,37,255,974.149,400.932
1965,23,255,1268.370,400.022
1966,75,255,1303.713,402.247
1967,71,255,1398.585,401.021
1968,83,255,1537.512,402.934
1969,58,255,408.517,404.138
1970,64,255,444.594,403.047
1971,41,255,757.793,402.427
1972,96,255,869.125,403.073
1973,42,255,190.952,402.357
1974,80,255,590.663,406.337
1975,48,255,602.146,403.000
1976,52,255,691.019,402.942
1977,27,255,895.574,401.907
1978,27,255,1112.167,402.241
1979,78,255,1550.795,404.090
1980,45,255,243.211,403.367
1981,79,255,304.184,404.525
1982,47,255,510.096,404.606
1983,67,255,736.157,405.067
1984,73,255,857.390,405.993
1985,106,255,912.038,408.311
1986,89,255,1018.556,404.916
1987,76,255,1040.645,406.592
1988,98,255,1099.408,405.112
1989,86,255,1200.721,405.453
1990,71,255,1482.725,405.261
1991,24,255,93.792,403.542
1992,82,255,365.439,405.390
1993,151,255,807.308,406.825
1994,55,255,1123.955,405.155
1995,52,255,2.442,407.788
1996,23,255,642.196,404.370
1997,50,255,884.120,405.840
1998,21,255,1259.500,404.500
1999,101,255,65.450,408.619
2000,49,255,165.500,406.990
2001,57,255,559.219,408.061
2002,69,255,844.138,407.007
2003,30,255,902.933,407.433
2004,82,255,1346.683,408.500
2005,84,255,1376.071,408.155
2006,41,255,1494.598,407.427
2007,66,255,125.470,407.742
2008,64,255,352.844,408.734
2009,45,255,525.256,408.056
2010,84,255,544.643,409.286
2011,61,255,674.549,408.910
2012,59,255,1273.534,408.059
2013,92,255,30.533,411.761
2014,67,255,176.187,409.813
2015,75,255,566.913,409.967
2016,75,255,627.727,410.313
2017,76,255,788.579,410.092
2018,57,255,925.623,409.254
2019,61,255,1153.730,409.041
2020,100,255,1586.780,410.950
2021,64,255,83.562,410.531
2022,33,255,112.955,409.409
2023,74,255,229.824,410.500
2024,43,255,1182.500,409.616
2025,67,255,1560.351,411.351
2026,21,255,95.119,409.548
2027,98,255,196.561,413.469
2028,85,255,501.829,413.641
2029,51,255,744.029,411.265
2030,23,255,971.196,409.804
2031,68,255,995.559,411.441
2032,36,255,1047.750,410.750
2033,26,255,1252.538,410.192
2034,25,255,1410.060,410.500
2035,73,255,1420.733,412.295
2036,87,255,279.603,414.086
2037,163,255,12.494,417.684
2038,20,255,105.900,412.000
2039,74,255,267.176,413.851
2040,62,255,888.790,414.000
2041,36,255,1114.444,412.722
2042,29,255,1437.672,412.224
2043,75,255,45.927,415.260
2044,116,255,471.267,416.819
2045,49,255,646.908,413.276
2046,54,255,1011.889,414.648
2047,63,255,1307.976,414.516
2048,56,255,291.661,415.500
2049,53,255,336.142,414.670
2050,28,255,384.107,414.321
2051,24,255,401.500,413.625
2052,63,255,413.103,414.802
2053,130,255,1288.277,418.792
2054,60,255,251.883,416.167
2055,142,255,607.979,419.127
2056,77,255,972.175,418.942
2057,63,255,983.389,417.214
2058,130,255,1245.808,420.846
2059,77,255,1508.474,417.942
2060,69,255,142.891,417.630
2061,139,255,872.090,421.191
2062,71,255,1330.500,418.585
2063,51,255,1352.461,418.029
2064,100,255,1495.520,420.100
2065,50,255,217.840,419.400
2066,47,255,344.543,419.436
2067,22,255,437.773,418.091
2068,45,255,581.767,418.522
2069,62,255,760.097,419.597
2070,48,255,831.521,419.188
2071,68,255,1264.500,419.706
2072,76,255,1528.724,419.697
2073,62,255,1568.113,419.258
2074,58,255,1146.603,420.086
2075,82,255,1196.939,421.524
2076,75,255,1387.327,420.740
2077,26,255,1446.654,418.846
2078,75,255,58.833,420.900
2079,119,255,74.542,425.097
2080,99,255,129.146,422.652
2081,65,255,173.823,420.777
2082,71,255,356.458,421.373
2083,110,255,488.355,423.291
2084,40,255,803.850,420.250
2085,61,255,818.926,421.320
2086,56,255,917.786,421.536
2087,51,255,1359.422,421.167
2088,62,255,1378.081,421.742
2089,57,255,1465.991,421.237
2090,106,255,1550.094,423.047
2091,20,255,156.700,420.500
2092,72,255,638.069,423.236
2093,113,255,717.058,424.482
2094,52,255,1278.519,423.365
2095,41,255,1436.524,421.768
2096,64,255,89.281,423.000
2097,36,255,465.111,422.361
2098,83,255,948.163,424.512
2099,63,255,1171.532,423.405
2100,54,255,116.019,424.185
2101,52,255,302.404,425.346
2102,63,255,373.500,425.230
2103,97,255,1028.376,424.593
2104,109,255,1453.821,429.922
2105,73,255,1588.938,423.870
2106,105,255,736.862,428.005
2107,88,255,933.761,426.773
2108,31,255,1182.145,424.306
2109,72,255,1227.125,426.125
2110,60,255,210.333,426.550
2111,25,255,557.020,424.740
2112,48,255,840.542,425.958
2113,47,255,1058.096,425.883
2114,64,255,266.375,427.234
2115,60,255,542.017,427.367
2116,41,255,808.037,426.915
2117,74,255,1089.041,427.946
2118,24,255,1208.583,425.583
2119,49,255,150.276,427.643
2120,51,255,395.951,427.794
2121,81,255,431.660,429.031
2122,45,255,524.900,427.322
2123,39,255,1343.936,427.423
2124,47,255,254.840,430.330
2125,52,255,567.962,429.500
2126,29,255,587.534,427.983
2127,110,255,596.482,432.027
2128,60,255,1570.533,428.800
2129,24,255,422.125,428.625
2130,71,255,988.697,431.176
2131,68,255,1177.221,431.441
2132,171,255,1316.342,433.266
2133,64,255,663.469,431.000
2134,44,255,690.932,431.341
2135,57,255,1154.254,431.658
2136,48,255,1217.438,431.542
2137,82,255,1412.902,432.073
2138,103,255,822.102,434.947
2139,28,255,1435.786,430.393
2140,58,255,181.707,433.845
2141,69,255,514.500,433.746
2142,112,255,451.062,434.250
2143,94,255,564.362,436.819
2144,36,255,1035.667,433.194
2145,43,255,1163.547,434.267
2146,91,255,377.885,436.896
2147,55,255,503.445,435.755
2148,54,255,528.167,434.685
2149,46,255,583.370,436.130
2150,94,255,1205.287,435.872
2151,70,255,1336.829,436.186
2152,64,255,1383.703,435.828
2153,61,255,1503.352,435.238
2154,87,255,59.902,435.960
2155,71,255,800.965,436.345
2156,73,255,1065.404,438.418
2157,76,255,1361.645,436.908
2158,52,255,18.788,436.981
2159,90,255,229.756,437.067
2160,51,255,317.539,436.775
2161,70,255,620.886,438.371
2162,67,255,684.321,437.381
2163,62,255,1141.855,437.306
2164,68,255,304.706,437.456
2165,81,255,768.648,441.006
2166,45,255,892.500,437.500
2167,68,255,1547.368,438.706
2168,94,255,636.606,440.777
2169,82,255,934.866,439.585
2170,30,255,1303.000,438.000
2171,101,255,1465.124,439.916
2172,179,255,1481.763,443.500
2173,54,255,156.241,440.630
2174,120,255,263.008,443.075
2175,56,255,294.875,441.804
2176,67,255,842.575,440.754
2177,135,255,141.870,445.078
2178,28,255,1025.786,439.929
2179,104,255,1082.692,441.596
2180,25,255,1443.380,440.300
2181,77,255,1511.318,442.877
2182,150,255,73.273,446.800
2183,61,255,248.910,442.041
2184,79,255,333.348,442.690
2185,56,255,366.625,443.018
2186,58,255,486.466,442.190
2187,40,255,695.425,441.700
2188,109,255,779.344,445.729
2189,52,255,1102.077,442.308
2190,65,255,1230.300,443.115
2191,47,255,1328.287,442.457
2192,38,255,216.211,443.658
2193,49,255,396.500,443.663
2194,76,255,411.355,443.329
2195,90,255,458.956,445.489
2196,77,255,1257.097,443.643
2197,89,255,1293.298,445.871
2198,68,255,1426.676,444.368
2199,68,255,199.559,444.456
2200,59,255,539.653,445.042
2201,75,255,592.193,445.447
2202,137,255,716.588,447.106
2203,26,255,1351.962,442.923
2204,82,255,1395.402,445.085
2205,66,255,26.561,445.818
2206,30,255,180.767,444.467
2207,71,255,499.204,446.120
2208,43,255,1416.663,445.105
2209,73,255,1539.199,447.212
2210,29,255,114.776,444.845
2211,100,255,611.950,447.810
2212,30,255,1070.900,445.267
2213,39,255,1271.962,445.423
2214,47,255,1368.968,445.904
2215,30,255,1435.067,445.567
2216,38,255,1587.368,444.868
2217,32,255,6.406,445.812
2218,88,255,49.500,447.955
2219,63,255,283.579,448.167
2220,42,255,387.667,447.262
2221,54,255,971.926,447.204
2222,80,255,1127.037,446.975
2223,74,255,1174.243,446.351
2224,123,255,171.240,451.305
2225,58,255,475.672,448.914
2226,51,255,757.833,449.343
2227,63,255,797.008,449.135
2228,84,255,993.000,449.357
2229,79,255,1004.804,450.766
2230,53,255,890.387,447.915
2231,107,255,1219.416,450.463
2232,89,255,1332.399,449.949
2233,50,255,1406.300,449.680
2234,88,255,1499.239,451.511
2235,58,255,91.776,450.586
2236,54,255,225.111,449.889
2237,53,255,236.708,450.726
2238,82,255,426.573,450.134
2239,97,255,924.902,452.026
2240,54,255,1527.074,450.222
2241,22,255,447.591,449.591
2242,36,255,509.306,450.111
2243,57,255,870.430,450.816
2244,76,255,1181.829,452.553
2245,73,255,1308.966,451.678
2246,36,255,251.500,451.000
2247,25,255,305.140,450.660
2248,68,255,529.029,453.441
2249,54,255,959.074,451.722
2250,66,255,1583.652,452.333
2251,40,255,5.225,452.425
2252,50,255,414.160,453.260
2253,77,255,1372.695,453.461
2254,53,255,105.858,453.783
2255,71,255,350.866,454.359
2256,85,255,1109.465,454.747
2257,64,255,1243.641,454.109
2258,108,255,1283.898,456.991
2259,57,255,114.623,455.553
2260,71,255,315.782,456.739
2261,83,255,332.283,455.669
2262,43,255,561.895,454.221
2263,97,255,693.943,457.325
2264,62,255,1562.613,454.903
2265,102,255,949.843,458.127
2266,40,255,452.675,457.225
2267,87,255,1162.983,457.293
2268,41,255,61.354,457.232
2269,67,255,128.052,461.440
2270,82,255,441.220,458.512
2271,44,255,574.000,457.250
2272,95,255,671.753,459.574
2273,83,255,910.404,460.018
2274,94,255,1436.734,459.287
2275,35,255,82.900,458.986
2276,110,255,291.355,462.355
2277,63,255,472.341,459.040
2278,77,255,648.487,460.097
2279,45,255,995.411,457.656
2280,97,255,1136.603,460.851
2281,114,255,144.930,460.947
2282,76,255,232.961,460.763
2283,25,255,736.420,460.140
2284,64,255,788.094,461.641
2285,54,255,1035.333,460.296
2286,90,255,1193.544,460.978
2287,65,255,1214.577,460.423
2288,65,255,24.408,462.023
2289,104,255,582.029,464.673
2290,36,255,797.667,460.639
2291,90,255,1097.122,463.122
2292,80,255,1394.050,462.100
2293,53,255,1506.406,462.123
2294,41,255,1514.037,461.085
2295,34,255,1589.853,460.676
2296,39,255,306.218,461.731
2297,37,255,357.527,461.527
2298,115,255,487.509,464.448
2299,52,255,970.904,462.115
2300,50,255,1062.100,462.360
2301,91,255,1249.522,462.434
2302,55,255,1271.100,462.409
2303,72,255,1454.667,463.292
2304,57,255,1524.447,462.570
2305,78,255,1554.744,463.731
2306,89,255,71.185,465.421
2307,73,255,521.993,462.733
2308,73,255,40.336,464.459
2309,140,255,746.964,466.364
2310,61,255,99.320,465.779
2311,52,255,161.519,465.019
2312,55,255,246.245,464.827
2313,107,255,547.939,465.556
2314,55,255,703.555,465.791
2315,36,255,1294.556,465.306
2316,35,255,1303.700,464.586
2317,50,255,1574.320,465.160
2318,64,255,178.531,466.156
2319,59,255,335.364,466.144
2320,155,255,375.694,469.035
2321,65,255,818.023,466.685
2322,111,255,1172.131,468.275
2323,49,255,1366.867,465.888
2324,53,255,12.047,467.066
2325,70,255,272.200,468.071
2326,43,255,505.802,467.128
2327,92,255,834.935,469.272
2328,56,255,1055.304,469.554
2329,49,255,1207.541,467.622
2330,68,255,1494.206,467.691
2331,60,255,1585.800,467.933
2332,62,255,198.565,467.661
2333,86,255,209.744,470.349
2334,104,255,322.644,470.885
2335,46,255,847.630,468.130
2336,58,255,1037.879,468.086
2337,27,255,1357.648,467.685
2338,59,255,1476.517,467.839
2339,77,255,1536.331,468.773
2340,88,255,115.636,471.182
2341,47,255,918.160,469.096
2342,77,255,1156.838,469.656
2343,39,255,1235.346,468.218
2344,48,255,1260.667,469.417
2345,22,255,571.318,469.227
2346,56,255,609.000,469.786
2347,119,255,861.769,472.609
2348,90,255,1405.578,471.067
2349,51,255,309.186,471.147
2350,94,255,356.245,471.213
2351,118,255,394.246,474.153
2352,96,255,410.167,472.052
2353,23,255,791.413,469.196
2354,56,255,937.357,471.429
2355,79,255,1126.171,472.500
2356,52,255,1377.077,470.827
2357,32,255,54.875,471.219
2358,47,255,222.479,472.436
2359,24,255,514.333,471.000
2360,55,255,1048.118,473.064
2361,94,255,1086.936,473.596
2362,93,255,1196.005,474.640
2363,89,255,1326.163,473.039
2364,56,255,1549.786,472.000
2365,66,255,29.333,473.258
2366,23,255,91.500,471.500
2367,49,255,231.235,473.541
2368,37,255,522.338,471.689
2369,39,255,800.192,473.192
2370,92,255,965.598,474.326
2371,88,255,1312.364,476.705
2372,152,255,666.783,478.316
2373,54,255,1337.296,475.352
2374,59,255,1445.822,474.602
2375,42,255,128.548,474.571
2376,40,255,191.400,474.750
2377,23,255,688.891,474.022
2378,50,255,1099.420,474.720
2379,68,255,1177.897,475.735
2380,58,255,565.397,476.379
2381,129,255,648.833,478.143
2382,60,255,886.400,476.017
2383,39,255,1573.218,475.346
2384,95,255,37.089,480.689
2385,64,255,178.469,476.719
2386,73,255,285.952,477.459
2387,83,255,620.452,478.054
2388,77,255,907.318,478.344
2389,53,255,924.575,479.481
2390,82,255,1246.915,478.085
2391,90,255,1292.144,478.522
2392,161,255,1425.065,479.506
2393,85,255,1457.076,478.747
2394,50,255,162.340,478.000
2395,28,255,370.429,477.786
2396,86,255,633.488,479.651
2397,49,255,751.173,477.990
2398,95,255,787.111,480.542
2399,26,255,1232.231,476.500
2400,155,255,1352.784,480.726
2401,123,255,77.110,483.443
2402,121,255,433.194,481.764
2403,59,255,1106.093,479.195
2404,93,255,1136.661,480.758
2405,59,255,345.975,480.500
2406,86,255,737.477,480.953
2407,42,255,1170.429,479.786
2408,96,255,1478.625,481.521
2409,52,255,255.462,483.019
2410,62,255,305.016,481.581
2411,35,255,153.100,481.729
2412,66,255,1563.652,482.439
2413,117,255,90.731,485.833
2414,88,255,1387.091,484.818
2415,34,255,1465.059,482.088
2416,58,255,13.241,484.845
2417,48,255,135.375,484.521
2418,66,255,232.530,485.212
2419,124,255,583.540,486.952
2420,21,255,774.310,482.357
2421,33,255,954.318,483.318
2422,119,255,1212.819,487.517
2423,94,255,1265.106,485.021
2424,60,255,100.550,485.800
2425,79,255,123.272,486.310
2426,66,255,146.470,487.061
2427,91,255,541.280,487.225
2428,81,255,898.932,486.574
2429,28,255,941.607,483.571
2430,61,255,990.057,485.713
2431,60,255,1319.667,485.900
2432,56,255,1369.893,485.179
2433,68,255,1406.471,485.265
2434,44,255,1522.545,484.205
2435,78,255,1576.321,485.474
2436,35,255,113.043,485.300
2437,66,255,190.742,486.348
2438,41,255,264.695,487.207
2439,69,255,387.152,487.283
2440,42,255,448.548,486.310
2441,54,255,475.833,486.685
2442,39,255,603.962,485.577
2443,127,255,699.130,487.083
2444,27,255,961.537,485.130
2445,80,255,492.413,489.262
2446,121,255,975.409,490.145
2447,68,255,1129.868,489.074
2448,68,255,164.706,489.618
2449,40,255,339.625,488.650
2450,102,255,511.755,490.108
2451,68,255,1098.912,489.706
2452,45,255,47.922,489.122
2453,89,255,275.478,491.197
2454,68,255,297.353,490.544
2455,109,255,865.353,491.720
2456,87,255,881.937,491.649
2457,49,255,1514.173,489.929
2458,95,255,1595.405,492.700
2459,51,255,61.755,490.480
2460,21,255,626.881,489.452
2461,83,255,812.199,491.259
2462,36,255,924.056,490.417
2463,21,255,931.929,490.595
2464,63,255,350.627,492.611
2465,94,255,461.085,493.638
2466,83,255,562.367,493.090
2467,41,255,798.354,492.476
2468,162,255,1150.556,495.438
2469,45,255,1459.589,491.789
2470,54,255,655.481,493.426
2471,57,255,1442.833,492.675
2472,122,255,404.410,496.377
2473,91,255,430.137,495.995
2474,81,255,1248.019,495.006
2475,65,255,1491.238,494.254
2476,80,255,1546.500,498.750
2477,74,255,220.068,495.230
2478,47,255,958.394,494.819
2479,139,255,1064.011,497.241
2480,73,255,1188.842,494.938
2481,70,255,1260.700,497.071
2482,25,255,1475.620,493.700
2483,24,255,1533.333,494.000
2484,127,255,203.114,498.988
2485,59,255,995.297,496.788
2486,111,255,1344.230,498.338
2487,39,255,310.474,495.987
2488,35,255,603.500,496.443
2489,88,255,619.193,498.420
2490,65,255,640.762,497.885
2491,50,255,829.240,496.940
2492,57,255,1555.167,497.553
2493,46,255,14.109,497.500
2494,67,255,233.067,498.022
2495,41,255,755.598,497.549
2496,68,255,1006.471,498.441
2497,49,255,1379.214,498.071
2498,62,255,1582.194,498.645
2499,46,255,42.543,498.717
2500,39,255,473.962,497.936
2501,69,255,909.848,500.833
2502,79,255,1079.310,500.361
2503,37,255,1200.608,499.176
2504,20,255,1452.700,497.700
2505,90,255,328.444,500.556
2506,97,255,681.222,500.871
2507,44,255,1171.795,499.932
2508,68,255,146.706,501.279
2509,93,255,725.124,503.016
2510,45,255,839.500,501.433
2511,67,255,891.873,502.769
2512,64,255,1050.641,501.672
2513,50,255,1091.320,500.360
2514,46,255,1277.000,499.717
2515,37,255,244.581,502.338
2516,109,255,520.482,503.839
2517,39,255,543.397,501.859
2518,55,255,788.991,501.427
2519,42,255,1180.714,501.952
2520,77,255,1329.968,502.838
2521,80,255,107.625,503.425
2522,81,255,177.278,503.722
2523,89,255,595.421,505.219
2524,72,255,814.792,503.889
2525,55,255,1035.227,504.082
2526,161,255,1234.910,505.873
2527,66,255,1308.682,503.485
2528,34,255,1447.206,502.000
2529,80,255,1525.912,502.712
2530,36,255,253.278,503.778
2531,150,255,576.880,506.147
2532,87,255,1110.385,505.086
2533,52,255,1496.404,503.654
2534,52,255,23.808,505.365
2535,82,255,665.305,506.561
2536,58,255,765.448,505.052
2537,71,255,979.824,507.500
2538,45,255,987.433,505.211
2539,59,255,62.178,506.619
2540,53,255,273.934,506.047
2541,96,255,394.656,507.375
2542,129,255,296.841,509.802
2543,21,255,483.595,506.024
2544,64,255,795.797,506.797
2545,36,255,1202.750,505.806
2546,80,255,30.962,511.788
2547,57,255,92.798,509.184
2548,43,255,137.198,508.012
2549,71,255,354.049,508.458
2550,35,255,475.100,507.243
2551,42,255,491.643,508.476
2552,68,255,957.912,509.118
2553,135,255,1211.463,511.322
2554,48,255,1296.562,508.625
2555,37,255,1456.716,507.284
2556,72,255,1588.625,509.306
2557,38,255,609.789,509.211
2558,63,255,654.373,510.484
2559,24,255,824.625,508.167
2560,70,255,904.886,509.600
2561,28,255,1013.893,508.536
2562,85,255,1117.912,510.571
2563,37,255,1135.581,508.635
2564,26,255,1289.654,508.038
2565,130,255,1383.369,509.992
2566,50,255,259.160,510.320
2567,30,255,834.300,509.967
2568,78,255,1147.474,510.949
2569,91,255,1347.665,511.049
2570,140,255,1413.514,511.864
2571,76,255,1434.618,510.382
2572,79,255,1465.589,513.525
2573,110,255,43.527,513.582
2574,86,255,80.326,513.267
2575,37,255,169.797,510.797
2576,48,255,735.979,510.771
2577,79,255,11.108,513.019
2578,77,255,116.188,513.032
2579,46,255,408.826,512.000
2580,58,255,530.138,513.241
2581,56,255,617.375,512.768
2582,73,255,1363.171,513.555
2583,80,255,196.750,514.112
2584,28,255,429.179,511.571
2585,91,255,539.225,514.610
2586,44,255,699.432,512.386
2587,73,255,1095.678,514.171
2588,64,255,379.641,515.531
2589,37,255,765.932,512.851
2590,25,255,1189.100,512.540
2591,107,255,1332.939,516.192
2592,99,255,1482.449,516.045
2593,24,255,1527.042,512.292
2594,134,255,232.604,519.970
2595,86,255,127.977,517.837
2596,69,255,141.790,516.732
2597,57,255,185.219,518.079
2598,36,255,709.861,515.722
2599,37,255,914.959,516.203
2600,53,255,316.047,516.594
2601,50,255,472.380,517.100
2602,84,255,563.738,517.786
2603,70,255,251.157,519.114
2604,46,255,1451.196,516.957
2605,115,255,1551.717,519.804
2606,54,255,158.093,519.093
2607,34,255,266.059,518.676
2608,35,255,275.129,518.871
2609,85,255,429.300,519.865
2610,60,255,454.417,519.417
2611,61,255,682.910,518.959
2612,96,255,935.177,521.417
2613,45,255,1426.944,518.433
2614,63,255,1567.643,519.135
2615,44,255,442.545,519.682
2616,45,255,945.678,519.411
2617,76,255,1263.421,521.224
2618,29,255,167.638,519.914
2619,123,255,610.085,522.841
2620,61,255,772.762,522.107
2621,54,255,780.963,521.648
2622,58,255,838.190,521.224
2623,58,255,851.103,520.397
2624,25,255,1243.220,519.980
2625,91,255,737.632,523.291
2626,92,255,969.489,522.891
2627,56,255,1031.643,522.661
2628,78,255,1232.564,522.705
2629,59,255,1286.178,522.110
2630,112,255,102.804,526.071
2631,104,255,492.615,524.356
2632,40,255,723.225,522.575
2633,61,255,1075.844,524.254
2634,92,255,1394.087,524.946
2635,158,255,1524.196,526.981
2636,32,255,888.438,522.562
2637,35,255,1592.471,523.471
2638,45,255,206.300,525.056
2639,79,255,224.981,526.006
2640,54,255,316.000,524.556
2641,90,255,334.889,526.567
2642,95,255,520.974,526.342
2643,68,255,749.485,525.647
2644,69,255,999.254,526.022
2645,62,255,1270.871,525.516
2646,54,255,71.407,525.889
2647,68,255,951.441,526.897
2648,59,255,1054.551,526.110
2649,107,255,1192.846,528.491
2650,22,255,1374.273,524.182
2651,32,255,1598.312,527.500
2652,97,255,254.469,530.387
2653,140,255,293.264,530.200
2654,96,255,1106.104,528.708
2655,73,255,538.541,529.418
2656,162,255,1153.463,531.290
2657,66,255,1452.970,528.758
2658,51,255,1539.892,528.206
2659,37,255,36.041,528.122
2660,69,255,135.312,529.442
2661,59,255,162.297,529.500
2662,51,255,277.010,528.480
2663,68,255,636.824,530.676
2664,53,255,812.179,529.538
2665,31,255,1139.758,528.371
2666,54,255,1355.111,528.889
2667,27,255,80.648,529.278
2668,22,255,305.409,528.409
2669,77,255,369.604,530.071
2670,92,255,594.554,532.533
2671,60,255,1310.050,530.667
2672,32,255,550.188,529.938
2673,91,255,824.555,532.313
2674,42,255,1088.452,530.286
2675,133,255,1221.883,534.305
2676,34,255,1546.500,531.206
2677,57,255,1564.991,530.904
2678,97,255,20.778,532.191
2679,193,255,394.106,536.003
2680,51,255,861.441,532.971
2681,42,255,1553.429,531.571
2682,84,255,122.250,534.393
2683,45,255,671.633,533.344
2684,112,255,907.312,534.768
2685,108,255,1343.028,535.620
2686,75,255,349.527,535.433
2687,101,255,729.450,536.203
2688,64,255,1031.594,534.781
2689,73,255,1081.678,535.911
2690,99,255,1171.308,537.167
2691,79,255,1235.500,534.500
2692,76,255,1421.553,534.737
2693,79,255,56.601,537.665
2694,95,255,195.037,535.847
2695,117,255,707.047,537.107
2696,54,255,790.296,534.444
2697,84,255,879.988,535.238
2698,78,255,944.115,536.500
2699,92,255,1280.370,536.641
2700,66,255,66.409,536.697
2701,63,255,654.722,537.198
2702,40,255,1021.825,535.650
2703,67,255,1130.963,536.052
2704,44,255,1184.795,536.432
2705,36,255,176.889,536.417
2706,84,255,432.405,537.750
2707,85,255,1053.535,537.724
2708,54,255,283.907,537.981
2709,64,255,318.078,537.500
2710,104,255,680.308,540.529
2711,187,255,745.211,543.757
2712,49,255,837.929,537.235
2713,137,255,1320.033,540.704
2714,87,255,1375.580,539.810
2715,101,255,1388.252,539.817
2716,109,255,1498.041,539.894
2717,61,255,267.582,539.697
2718,50,255,522.900,539.160
2719,127,255,1266.752,541.791
2720,46,255,162.696,539.500
2721,115,255,451.222,542.343
2722,106,255,509.038,542.283
2723,79,255,766.956,540.918
2724,58,255,1431.017,540.310
2725,145,255,214.934,545.886
2726,40,255,229.450,540.075
2727,40,255,619.475,540.825
2728,33,255,867.561,540.136
2729,110,255,1301.391,542.336
2730,60,255,1410.000,542.217
2731,74,255,244.108,543.784
2732,46,255,1516.804,542.022
2733,130,255,1583.131,544.192
2734,45,255,145.167,542.456
2735,83,255,313.295,544.211
2736,42,255,580.571,542.429
2737,112,255,934.955,545.446
2738,68,255,536.529,544.441
2739,52,255,557.827,543.654
2740,81,255,590.932,545.648
2741,67,255,1101.754,544.649
2742,65,255,1253.346,544.577
2743,29,255,1017.293,543.948
2744,26,255,1116.731,543.692
2745,100,255,1199.500,546.560
2746,93,255,1463.812,547.618
2747,50,255,28.660,546.320
2748,48,255,44.521,546.417
2749,110,255,415.455,548.491
2750,54,255,14.241,547.315
2751,48,255,824.833,546.625
2752,25,255,234.780,547.340
2753,36,255,345.917,546.639
2754,32,255,907.531,546.812
2755,123,255,1553.476,551.386
2756,91,255,1358.159,549.951
2757,86,255,1513.349,550.709
2758,95,255,1544.142,551.605
2759,75,255,167.207,550.660
2760,42,255,387.643,548.810
2761,70,255,471.900,551.029
2762,114,255,549.825,552.421
2763,77,255,569.227,550.955
2764,57,255,814.167,551.044
2765,77,255,994.565,550.890
2766,64,255,267.141,551.703
2767,46,255,670.761,550.913
2768,49,255,897.929,550.663
2769,60,255,1289.417,551.667
2770,113,255,1443.323,553.243
2771,56,255,182.625,551.482
2772,22,255,229.818,550.682
2773,66,255,460.333,552.985
2774,40,255,529.575,551.425
2775,37,255,711.554,551.905
2776,55,255,777.045,552.064
2777,55,255,957.882,552.064
2778,57,255,1591.711,552.535
2779,82,255,33.439,554.841
2780,65,255,92.054,553.900
2781,88,255,576.534,556.352
2782,76,255,610.329,553.789
2783,55,255,885.864,552.245
2784,122,255,1024.213,553.779
2785,40,255,1005.675,553.100
2786,61,255,1146.352,553.844
2787,93,255,506.823,556.457
2788,67,255,701.410,556.306
2789,112,255,755.571,556.446
2790,162,255,915.086,559.809
2791,29,255,1318.224,554.086
2792,79,255,1395.994,556.601
2793,56,255,106.875,555.571
2794,38,255,537.553,555.921
2795,110,255,631.736,558.427
2796,28,255,980.821,555.000
2797,72,255,1056.972,556.181
2798,88,255,1086.886,556.239
2799,131,255,1127.286,559.156
2800,94,255,1194.883,557.628
2801,138,255,1215.159,558.812
2802,136,255,1274.669,558.794
2803,32,255,1303.594,554.125
2804,65,255,18.177,557.238
2805,105,255,287.319,558.767
2806,21,255,877.024,556.357
2807,30,255,1564.000,556.133
2808,101,255,348.490,558.817
2809,98,255,1341.908,559.796
2810,56,255,1414.857,557.054
2811,113,255,311.996,560.235
2812,37,255,642.959,558.905
2813,86,255,721.756,559.895
2814,148,255,846.149,561.723
2815,108,255,1371.537,561.454
2816,87,255,72.822,561.397
2817,74,255,825.703,561.500
2818,70,255,898.171,560.686
2819,54,255,942.130,560.204
2820,88,255,1307.705,561.273
2821,86,255,1486.407,561.116
2822,49,255,432.561,560.969
2823,61,255,602.566,562.123
2824,55,255,670.409,560.936
2825,68,255,802.721,561.941
2826,22,255,1387.000,560.273
2827,64,255,231.375,562.672
2828,101,255,246.579,563.886
2829,32,255,130.062,562.500
2830,87,255,381.052,564.029
2831,84,255,714.738,566.405
2832,118,255,1067.644,565.254
2833,99,255,1361.652,566.449
2834,61,255,1457.811,563.828
2835,50,255,1495.320,562.740
2836,45,255,140.678,563.278
2837,61,255,219.385,564.893
2838,30,255,560.133,563.000
2839,130,255,1160.708,566.108
2840,92,255,1253.946,565.815
2841,54,255,120.204,565.148
2842,72,255,150.986,566.181
2843,33,255,276.682,564.924
2844,22,255,533.818,564.091
2845,64,255,1093.188,565.172
2846,114,255,397.851,568.325
2847,24,255,543.375,565.000
2848,52,255,688.615,566.481
2849,26,255,780.000,564.808
2850,57,255,881.921,566.167
2851,108,255,1182.972,568.083
2852,69,255,8.645,566.703
2853,104,255,175.788,568.192
2854,92,255,1519.446,568.522
2855,111,255,1559.986,568.032
2856,110,255,58.836,569.655
2857,26,255,414.846,567.077
2858,69,255,454.920,568.558
2859,71,255,940.556,568.331
2860,45,255,967.411,567.011
2861,79,255,1283.677,570.082
2862,67,255,79.590,571.067
2863,79,255,88.462,571.209
2864,46,255,341.913,568.500
2865,104,255,1037.481,570.442
2866,122,255,1223.574,571.107
2867,86,255,1387.988,569.256
2868,47,255,1597.096,569.628
2869,34,255,818.882,569.324
2870,49,255,1574.643,569.888
2871,76,255,292.197,571.000
2872,117,255,361.321,573.047
2873,88,255,483.773,573.670
2874,90,255,553.878,573.022
2875,81,255,652.660,573.006
2876,100,255,735.780,573.690
2877,21,255,800.833,569.452
2878,76,255,1013.000,573.697
2879,75,255,108.687,572.940
2880,45,255,238.211,572.589
2881,97,255,424.541,574.954
2882,64,255,680.578,574.328
2883,88,255,781.375,575.193
2884,82,255,866.280,573.402
2885,144,255,1464.938,575.562
2886,39,255,127.705,572.321
2887,68,255,496.750,575.000
2888,72,255,619.222,575.569
2889,63,255,1246.865,574.040
2890,63,255,319.611,574.833
2891,68,255,471.574,577.000
2892,85,255,598.688,575.700
2893,44,255,988.409,573.455
2894,70,255,1131.257,575.257
2895,69,255,1445.225,575.558
2896,50,255,15.120,576.500
2897,32,255,276.688,575.281
2898,35,255,180.586,575.929
2899,29,255,770.397,576.293
2900,108,255,1091.787,578.278
2901,97,255,1206.067,578.222
2902,56,255,1504.982,577.661
2903,37,255,585.608,577.608
2904,41,255,689.354,578.159
2905,111,255,800.959,579.815
2906,58,255,911.397,577.914
2907,80,255,1303.650,580.112
2908,21,255,1515.214,576.167
2909,23,255,461.500,577.500
2910,65,255,963.669,579.423
2911,43,255,51.756,579.081
2912,60,255,386.983,580.600
2913,72,255,1258.458,580.611
2914,116,255,1536.138,582.310
2915,76,255,34.329,582.237
2916,64,255,165.250,581.234
2917,36,255,202.278,581.056
2918,44,255,229.705,580.614
2919,96,255,446.021,583.385
2920,80,255,1434.588,581.888
2921,55,255,1481.791,581.536
2922,117,255,1565.970,582.748
2923,114,255,140.956,584.518
2924,25,255,151.540,581.220
2925,26,255,242.885,581.423
2926,74,255,370.811,583.527
2927,70,255,521.814,581.814
2928,88,255,641.420,582.739
2929,46,255,763.391,582.478
2930,73,255,818.870,582.377
2931,85,255,1121.171,583.794
2932,54,255,1143.852,582.037
2933,78,255,1175.359,583.308
2934,92,255,1413.380,582.848
2935,36,255,1596.944,581.194
2936,49,255,857.276,582.500
2937,81,255,309.080,585.389
2938,57,255,323.360,583.956
2939,83,255,930.006,585.681
2940,124,255,1033.726,587.347
2941,31,255,1150.855,583.306
2942,133,255,1337.064,585.861
2943,101,255,1586.837,586.084
2944,82,255,258.817,586.659
2945,54,255,336.130,585.130
2946,91,255,404.555,586.203
2947,58,255,941.034,585.259
2948,43,255,984.895,584.198
2949,64,255,1061.219,586.031
2950,76,255,110.553,587.329
2951,46,255,119.217,585.348
2952,35,255,357.643,586.214
2953,49,255,666.929,586.459
2954,114,255,742.737,588.202
2955,88,255,917.807,588.523
2956,160,255,1048.806,589.944
2957,42,255,1164.429,585.929
2958,61,255,391.500,587.074
2959,90,255,551.733,588.822
2960,99,255,880.621,588.793
2961,98,255,488.857,589.643
2962,92,255,605.511,589.109
2963,110,255,9.900,591.636
2964,109,255,592.619,592.417
2965,105,255,841.148,590.910
2966,33,255,866.409,588.288
2967,40,255,564.550,589.425
2968,27,255,954.981,589.611
2969,88,255,180.841,592.716
2970,108,255,200.250,593.407
2971,87,255,227.914,592.534
2972,44,255,239.455,590.568
2973,175,255,278.500,596.009
2974,104,255,697.452,593.231
2975,69,255,1542.326,593.268
2976,56,255,631.232,592.946
2977,40,255,653.700,591.225
2978,76,255,682.382,592.724
2979,120,255,967.542,595.825
2980,99,255,1181.793,593.833
2981,90,255,51.100,594.444
2982,58,255,61.121,593.328
2983,68,255,824.529,593.441
2984,86,255,1238.035,593.709
2985,45,255,1456.678,593.100
2986,57,255,72.377,594.377
2987,56,255,1013.429,593.893
2988,106,255,1141.679,596.396
2989,92,255,1351.880,596.120
2990,102,255,1434.961,595.667
2991,63,255,460.183,594.754
2992,26,255,781.231,593.115
2993,68,255,870.529,595.485
2994,49,255,1277.418,594.051
2995,80,255,300.775,597.087
2996,95,255,661.068,598.689
2997,57,255,735.798,598.728
2998,83,255,897.801,596.319
2999,67,255,987.769,597.157
3000,121,255,1069.864,600.062
3001,114,255,1115.263,597.053
3002,44,255,263.977,597.909
3003,73,255,574.144,598.034
3004,41,255,641.890,596.768
3005,56,255,1026.946,597.571
3006,77,255,1198.097,598.747
3007,22,255,1571.136,595.818
3008,114,255,1316.772,600.886
3009,132,255,141.023,602.432
3010,36,255,341.417,600.000
3011,37,255,522.824,598.365
3012,31,255,563.081,599.661
3013,54,255,859.111,600.278
3014,65,255,122.315,601.192
3015,111,255,322.212,604.734
3016,50,255,333.220,601.540
3017,68,255,400.956,601.647
3018,124,255,775.879,602.742
3019,41,255,885.671,601.500
3020,52,255,239.519,602.577
3021,70,255,358.057,602.443
3022,31,255,443.919,601.274
3023,21,255,516.548,601.262
3024,24,255,922.292,600.625
3025,56,255,1360.214,602.321
3026,34,255,1490.824,600.412
3027,56,255,1505.339,602.643
3028,142,255,77.754,607.718
3029,59,255,89.568,603.415
3030,101,255,418.916,604.064
3031,47,255,492.074,602.989
3032,41,255,727.476,603.671
3033,43,255,957.174,602.895
3034,44,255,1384.614,602.364
3035,67,255,555.440,604.634
3036,55,255,835.882,603.991
3037,61,255,1018.795,603.910
3038,116,255,1094.224,606.966
3039,112,255,1167.312,607.482
3040,86,255,1301.767,606.058
3041,44,255,259.250,604.909
3042,68,255,465.118,605.191
3043,100,255,717.530,607.330
3044,47,255,818.202,606.266
3045,50,255,894.580,604.520
3046,30,255,1227.000,604.300
3047,52,255,1267.538,604.000
3048,63,255,1454.500,605.214
3049,90,255,1560.622,606.033
3050,68,255,931.265,606.882
3051,58,255,988.879,605.276
3052,49,255,349.582,607.276
3053,100,255,620.490,608.620
3054,88,255,806.375,608.011
3055,196,255,177.092,613.408
3056,25,255,313.420,606.860
3057,81,255,867.253,609.340
3058,42,255,253.595,609.667
3059,32,255,453.000,608.125
3060,86,255,969.744,609.965
3061,61,255,116.189,610.861
3062,43,255,439.453,609.756
3063,52,255,755.654,610.519
3064,120,255,1038.492,611.625
3065,43,255,1213.267,609.616
3066,57,255,1274.623,609.833
3067,71,255,52.204,610.923
3068,138,255,206.891,613.928
3069,124,255,284.815,613.202
3070,51,255,492.755,610.147
3071,20,255,631.400,610.100
3072,110,255,665.691,612.282
3073,36,255,747.667,611.944
3074,90,255,1329.400,613.767
3075,104,255,1392.567,613.827
3076,58,255,403.121,612.293
3077,45,255,1202.833,611.967
3078,100,255,1247.490,613.660
3079,43,255,1380.570,611.058
3080,62,255,3.323,614.194
3081,26,255,42.500,612.000
3082,82,255,598.415,614.671
3083,90,255,905.822,614.467
3084,27,255,1192.019,611.759
3085,110,255,1419.727,615.973
3086,36,255,1522.139,612.417
3087,68,255,101.750,614.853
3088,99,255,574.207,614.985
3089,57,255,638.254,614.886
3090,100,255,846.050,616.010
3091,81,255,90.265,617.451
3092,36,255,1223.417,613.750
3093,90,255,1352.644,615.511
3094,75,255,1474.753,616.247
3095,80,255,27.087,616.925
3096,94,255,943.266,617.936
3097,31,255,1003.758,614.694
3098,94,255,1316.798,617.596
3099,76,255,1488.066,616.355
3100,102,255,155.020,618.235
3101,66,255,270.636,617.364
3102,53,255,994.028,616.500
3103,89,255,1463.309,619.601
3104,35,255,345.786,617.557
3105,87,255,1012.534,620.328
3106,126,255,223.151,620.397
3107,163,255,456.598,623.218
3108,70,255,560.200,620.014
3109,79,255,701.551,621.386
3110,73,255,779.185,619.733
3111,101,255,1117.658,620.698
3112,100,255,587.520,622.320
3113,39,255,820.731,619.577
3114,132,255,955.871,623.864
3115,172,255,1027.686,625.419
3116,113,255,134.305,623.314
3117,41,255,318.988,620.427
3118,75,255,433.607,621.127
3119,85,255,862.418,621.429
3120,29,255,1079.466,619.707
3121,80,255,1102.438,622.587
3122,91,255,1194.918,622.412
3123,47,255,1337.947,621.309
3124,54,255,1376.222,620.241
3125,63,255,737.040,623.484
3126,111,255,915.689,623.968
3127,78,255,1498.013,624.974
3128,20,255,49.200,621.000
3129,41,255,394.329,622.988
3130,44,255,419.091,623.614
3131,50,255,486.780,622.900
3132,53,255,620.425,622.066
3133,155,255,1291.990,625.294
3134,86,255,1448.360,624.907
3135,61,255,1564.238,623.861
3136,48,255,684.458,623.938
3137,58,255,748.000,624.569
3138,120,255,71.192,627.600
3139,42,255,108.143,625.143
3140,75,255,303.033,625.633
3141,61,255,370.648,624.844
3142,33,255,13.591,624.955
3143,38,255,872.026,625.816
3144,26,255,1133.577,625.385
3145,53,255,1220.443,625.915
3146,110,255,1252.745,628.045
3147,32,255,2.719,626.125
3148,109,255,40.032,630.463
3149,58,255,324.328,627.207
3150,58,255,994.603,629.586
3151,22,255,1081.273,625.136
3152,41,255,1431.817,626.963
3153,21,255,1537.643,625.500
3154,24,255,229.833,626.917
3155,68,255,929.706,628.809
3156,44,255,53.045,629.318
3157,79,255,151.905,630.741
3158,75,255,212.113,630.380
3159,120,255,341.975,631.117
3160,106,255,443.255,631.840
3161,74,255,886.730,630.216
3162,59,255,1048.771,628.975
3163,68,255,1076.132,630.397
3164,69,255,1207.775,630.007
3165,79,255,1396.892,629.677
3166,33,255,608.682,629.076
3167,123,255,781.427,633.118
3168,55,255,984.409,630.064
3169,76,255,1272.382,632.066
3170,90,255,1473.778,631.522
3171,65,255,1527.146,631.623
3172,34,255,91.794,629.882
3173,28,255,100.357,630.286
3174,74,255,393.986,631.527
3175,107,255,807.603,631.864
3176,35,255,1060.071,630.414
3177,56,255,1233.036,631.196
3178,44,255,1341.545,630.159
3179,59,255,237.331,632.500
3180,35,255,314.129,631.643
3181,62,255,494.323,631.774
3182,52,255,618.635,631.788
3183,46,255,21.109,632.935
3184,46,255,826.152,633.000
3185,82,255,900.549,632.817
3186,63,255,1418.960,633.944
3187,56,255,5.125,633.982
3188,60,255,265.417,636.233
3189,33,255,433.076,633.076
3190,86,255,472.453,635.349
3191,70,255,631.914,635.000
3192,111,255,716.014,636.923
3193,29,255,1157.534,633.293
3194,51,255,861.088,634.814
3195,92,255,879.728,637.141
3196,78,255,1103.603,636.231
3197,56,255,1363.804,635.679
3198,42,255,1408.048,635.071
3199,66,255,1535.500,634.909
3200,38,255,254.711,635.237
3201,53,255,517.670,636.406
3202,75,255,1131.140,636.620
3203,82,255,1586.671,636.683
3204,151,255,191.851,640.036
3205,35,255,207.300,636.586
3206,26,255,661.808,635.808
3207,102,255,753.735,637.265
3208,55,255,1382.700,636.773
3209,48,255,62.833,637.771
3210,81,255,282.154,641.512
3211,87,255,1317.925,638.845
3212,90,255,1501.289,639.511
3213,40,255,500.700,638.625
3214,89,255,918.208,640.815
3215,50,255,1570.660,639.320
3216,106,255,564.217,643.264
3217,48,255,1436.521,639.604
3218,51,255,457.912,639.775
3219,85,255,577.724,642.100
3220,43,255,608.314,639.895
3221,86,255,355.093,643.953
3222,69,255,801.486,644.065
3223,73,255,820.541,643.651
3224,70,255,905.800,643.486
3225,46,255,1158.457,642.326
3226,78,255,1214.462,643.744
3227,59,255,1385.958,643.754
3228,43,255,1560.988,643.523
3229,60,255,50.817,643.350
3230,79,255,620.297,644.930
3231,41,255,1029.549,643.012
3232,53,255,246.726,645.104
3233,83,255,387.536,645.789
3234,51,255,949.971,644.480
3235,49,255,1265.092,644.622
3236,83,255,1550.717,645.946
3237,81,255,144.759,647.265
3238,59,255,237.398,647.263
3239,32,255,328.969,644.844
3240,99,255,409.662,646.702
3241,47,255,865.287,645.436
3242,87,255,1005.075,648.500
3243,37,255,1429.203,645.635
3244,58,255,1452.362,646.931
3245,82,255,1464.744,646.854
3246,155,255,75.035,651.023
3247,23,255,341.109,645.500
3248,51,255,432.578,646.814
3249,58,255,518.138,646.310
3250,49,255,703.520,646.765
3251,60,255,1018.717,647.900
3252,50,255,1043.980,647.840
3253,26,255,1579.962,646.192
3254,53,255,167.142,647.745
3255,70,255,440.900,649.329
3256,134,255,780.985,651.970
3257,77,255,1054.994,649.474
3258,41,255,1074.183,647.963
3259,45,255,11.744,649.789
3260,79,255,35.487,648.373
3261,65,255,308.285,648.208
3262,55,255,333.518,650.373
3263,47,255,395.734,649.287
3264,60,255,688.467,648.900
3265,37,255,1344.176,648.554
3266,57,255,1354.447,649.061
3267,81,255,736.673,652.463
3268,21,255,1127.071,648.929
3269,70,255,1411.671,652.043
3270,85,255,1479.829,651.159
3271,64,255,136.703,652.078
3272,71,255,492.556,651.951
3273,38,255,852.526,650.605
3274,101,255,1139.114,653.926
3275,79,255,1523.247,652.234
3276,33,255,1586.258,650.682
3277,135,255,97.070,655.522
3278,96,255,753.115,652.646
3279,32,255,926.812,651.844
3280,53,255,1180.443,651.953
3281,43,255,1203.105,652.756
3282,85,255,196.418,653.724
3283,20,255,826.800,651.450
3284,46,255,895.087,652.500
3285,82,255,1031.256,655.098
3286,49,255,1220.990,652.786
3287,71,255,668.585,656.754
3288,165,255,1301.021,656.979
3289,76,255,1562.447,655.382
3290,73,255,815.103,655.870
3291,42,255,833.024,655.357
3292,133,255,1097.267,657.741
3293,49,255,524.010,656.745
3294,21,255,863.357,654.310
3295,91,255,989.203,656.599
3296,79,255,1120.930,657.335
3297,74,255,1264.324,656.838
3298,31,255,66.242,656.306
3299,64,255,515.078,658.844
3300,74,255,1075.838,658.041
3301,101,255,1251.381,658.421
3302,120,255,163.608,660.725
3303,87,255,357.626,659.109
3304,50,255,563.160,657.220
3305,55,255,609.391,657.700
3306,25,255,708.900,656.540
3307,64,255,916.125,658.672
3308,59,255,207.602,659.551
3309,49,255,474.071,658.827
3310,34,255,744.912,658.441
3311,77,255,1465.461,660.604
3312,53,255,6.236,660.613
3313,54,255,369.407,661.111
3314,78,255,690.962,660.551
3315,63,255,802.754,659.944
3316,60,255,1333.333,659.733
3317,45,255,1517.033,659.833
3318,56,255,265.446,660.714
3319,36,255,827.917,660.694
3320,46,255,1058.413,660.609
3321,90,255,1279.378,662.056
3322,114,255,1489.991,663.289
3323,70,255,341.129,662.000
3324,69,255,392.051,661.949
3325,110,255,439.136,664.482
3326,79,255,623.070,662.766
3327,48,255,856.000,662.000
3328,58,255,926.707,663.000
3329,74,255,963.095,663.743
3330,82,255,1357.646,662.951
3331,31,255,1402.242,661.339
3332,122,255,1546.041,665.115
3333,63,255,553.913,663.675
3334,72,255,893.958,663.014
3335,47,255,1205.096,662.117
3336,59,255,1475.720,664.517
3337,70,255,23.114,663.914
3338,44,255,40.795,663.818
3339,44,255,1151.614,664.295
3340,141,255,113.493,669.387
3341,57,255,285.044,664.711
3342,66,255,453.061,665.121
3343,42,255,591.452,664.262
3344,57,255,974.868,664.833
3345,46,255,1173.478,664.587
3346,31,255,1593.210,664.048
3347,45,255,181.256,665.878
3348,47,255,254.309,665.160
3349,65,255,304.069,665.869
3350,54,255,574.481,665.333
3351,73,255,702.993,666.938
3352,57,255,1409.833,666.272
3353,99,255,1574.712,668.025
3354,62,255,242.177,667.903
3355,57,255,525.693,667.886
3356,44,255,814.364,666.477
3357,105,255,1223.719,668.700
3358,59,255,1330.636,668.144
3359,37,255,611.311,667.068
3360,106,255,719.453,669.142
3361,90,255,753.567,669.178
3362,65,255,1016.192,669.962
3363,63,255,1108.087,670.500
3364,64,255,1446.438,669.484
3365,30,255,1513.300,668.000
3366,61,255,95.418,670.123
3367,159,255,154.582,673.714
3368,81,255,597.623,670.315
3369,42,255,951.357,669.143
3370,36,255,343.750,671.500
3371,20,255,498.450,669.600
3372,72,255,580.222,671.875
3373,46,255,1023.804,671.674
3374,67,255,1060.366,670.425
3375,59,255,1120.059,671.314
3376,78,255,1234.936,672.628
3377,81,255,1382.167,672.204
3378,34,255,2.647,671.206
3379,52,255,210.250,671.519
3380,93,255,384.339,672.586
3381,54,255,566.204,672.389
3382,43,255,642.174,671.756
3383,65,255,672.223,671.823
3384,74,255,984.446,672.784
3385,60,255,1209.783,672.283
3386,39,255,1279.577,671.500
3387,98,255,1528.908,674.051
3388,55,255,290.373,672.809
3389,48,255,1147.021,673.250
3390,52,255,1318.000,673.000
3391,38,255,134.789,673.658
3392,51,255,190.363,673.735
3393,84,255,538.821,674.869
3394,100,255,786.040,677.380
3395,56,255,900.786,674.125
3396,105,255,1168.281,675.043
3397,65,255,463.885,675.315
3398,51,255,733.873,674.225
3399,105,255,1592.748,676.795
3400,23,255,44.543,675.283
3401,66,255,508.561,676.758
3402,41,255,683.110,676.280
3403,107,255,1036.921,677.762
3404,66,255,1350.470,675.621
3405,67,255,258.978,678.007
3406,110,255,492.000,680.873
3407,36,255,555.972,675.944
3408,24,255,634.500,676.542
3409,38,255,1008.132,676.868
3410,36,255,1473.361,676.333
3411,76,255,1555.526,678.224
3412,68,255,197.265,679.397
3413,81,255,361.907,678.759
3414,30,255,480.667,677.233
3415,46,255,840.022,678.174
3416,49,255,1202.827,677.990
3417,50,255,1258.260,678.420
3418,57,255,1292.658,678.149
3419,23,255,124.239,677.109
3420,40,255,320.325,678.550
3421,36,255,523.667,678.361
3422,74,255,761.635,679.730
3423,50,255,773.540,678.780
3424,51,255,815.931,678.696
3425,77,255,829.435,681.110
3426,55,255,885.209,679.209
3427,55,255,1432.173,679.736
3428,88,255,63.739,681.080
3429,30,255,245.500,679.000
3430,48,255,669.708,679.562
3431,86,255,689.523,681.279
3432,91,255,30.093,681.797
3433,70,255,610.971,681.743
3434,100,255,805.670,682.710
3435,40,255,852.425,680.550
3436,84,255,1565.369,683.310
3437,40,255,471.100,681.675
3438,64,255,920.781,682.547
3439,54,255,1081.852,681.407
3440,86,255,1241.081,682.942
3441,77,255,1401.760,682.396
3442,50,255,116.800,683.440
3443,54,255,740.519,683.611
3444,117,255,1370.423,685.748
3445,68,255,174.338,684.868
3446,31,255,284.790,683.081
3447,72,255,400.528,683.597
3448,88,255,986.500,685.239
3449,54,255,1044.574,683.926
3450,72,255,1176.792,684.986
3451,54,255,226.296,685.352
3452,49,255,388.235,684.847
3453,56,255,730.964,686.268
3454,25,255,778.580,684.060
3455,66,255,899.348,685.682
3456,53,255,958.858,684.821
3457,85,255,1134.265,685.441
3458,98,255,1216.776,687.194
3459,97,255,443.459,687.046
3460,121,255,555.335,686.740
3461,55,255,637.245,686.227
3462,52,255,700.615,686.192
3463,72,255,1190.111,687.778
3464,33,255,1264.652,685.591
3465,94,255,55.745,689.351
3466,58,255,244.879,686.345
3467,66,255,293.591,688.076
3468,96,255,573.906,690.312
3469,64,255,878.906,687.766
3470,37,255,276.581,687.581
3471,61,255,428.549,687.943
3472,44,255,594.886,688.136
3473,108,255,1071.981,691.361
3474,124,255,1281.153,689.556
3475,33,255,144.621,688.076
3476,57,255,646.974,689.781
3477,72,255,661.292,689.458
3478,34,255,1486.176,688.824
3479,42,255,104.452,689.952
3480,72,255,370.486,690.639
3481,26,255,710.462,689.231
3482,62,255,1100.532,689.355
3483,27,255,1166.944,689.685
3484,58,255,1439.293,689.983
3485,58,255,89.483,690.362
3486,64,255,335.781,690.734
3487,58,255,1296.879,691.000
3488,107,255,1309.771,692.621
3489,23,255,1421.109,689.413
3490,55,255,473.627,691.464
3491,42,255,503.262,692.024
3492,77,255,190.851,693.461
3493,61,255,512.713,694.107
3494,65,255,1325.900,694.715
3495,73,255,397.637,694.705
3496,62,255,632.177,693.710
3497,73,255,666.952,694.788
3498,68,255,1027.824,694.691
3499,82,255,1138.598,695.232
3500,58,255,1263.948,693.310
3501,111,255,1497.572,697.311
3502,134,255,1521.358,695.067
3503,51,255,176.931,694.108
3504,47,255,225.585,694.585
3505,41,255,680.768,694.524
3506,61,255,773.156,695.270
3507,80,255,918.975,695.962
3508,47,255,1041.245,694.755
3509,70,255,1155.000,696.500
3510,106,255,1393.519,697.434
3511,66,255,1586.939,696.091
3512,120,255,317.708,698.100
3513,53,255,466.443,696.462
3514,88,255,932.364,697.091
3515,73,255,10.582,697.500
3516,51,255,74.794,696.441
3517,66,255,273.061,697.409
3518,61,255,452.795,697.566
3519,125,255,843.660,699.932
3520,44,255,897.477,697.182
3521,46,255,943.891,697.000
3522,86,255,964.919,698.105
3523,55,255,1052.627,696.936
3524,40,255,1124.375,697.125
3525,84,255,1453.702,698.250
3526,95,255,1572.195,697.942
3527,43,255,494.035,697.570
3528,76,255,699.145,699.763
3529,69,255,1334.688,699.964
3530,100,255,98.150,701.360
3531,71,255,300.007,699.345
3532,61,255,739.205,699.861
3533,79,255,795.019,699.690
3534,62,255,990.016,699.371
3535,73,255,31.308,701.075
3536,21,255,815.595,698.976
3537,99,255,1221.551,700.813
3538,67,255,1551.037,699.739
3539,63,255,150.087,700.881
3540,91,255,244.621,701.995
3541,60,255,284.883,700.733
3542,87,255,1439.810,702.098
3543,66,255,1483.288,701.545
3544,69,255,385.312,702.442
3545,83,255,647.367,702.765
3546,64,255,1235.078,702.312
3547,22,255,229.500,701.227
3548,40,255,527.175,702.100
3549,34,255,1036.265,701.882
3550,88,255,1270.341,704.205
3551,43,255,1284.105,701.849
3552,43,255,1415.174,702.267
3553,61,255,349.648,703.959
3554,73,255,441.144,704.692
3555,30,255,630.100,703.267
3556,78,255,687.372,704.526
3557,75,255,729.100,705.327
3558,43,255,764.663,703.547
3559,111,255,885.923,706.302
3560,36,255,902.667,702.972
3561,35,255,65.157,704.814
3562,89,255,140.096,706.860
3563,51,255,174.578,704.559
3564,51,255,259.304,705.461
3565,54,255,329.370,704.815
3566,22,255,420.727,703.273
3567,122,255,859.270,708.705
3568,109,255,1006.766,708.702
3569,21,255,49.690,704.548
3570,33,255,72.227,704.652
3571,51,255,206.108,705.480
3572,52,255,707.327,706.212
3573,76,255,1186.566,706.592
3574,60,255,1528.750,706.117
3575,49,255,1015.663,706.929
3576,102,255,1245.245,710.039
3577,96,255,1319.229,708.740
3578,45,255,1465.722,707.878
3579,36,255,56.972,707.889
3580,43,255,128.360,707.384
3581,53,255,227.142,708.387
3582,59,255,469.636,707.551
3583,77,255,599.110,709.188
3584,36,255,1136.194,706.778
3585,21,255,1303.786,706.548
3586,45,255,8.344,708.411
3587,97,255,537.211,710.253
3588,77,255,550.903,711.162
3589,63,255,872.183,709.421
3590,33,255,166.470,709.076
3591,45,255,339.567,709.633
3592,32,255,506.844,709.531
3593,46,255,514.326,709.978
3594,101,255,808.134,711.668
3595,45,255,937.344,710.767
3596,115,255,1387.952,711.439
3597,25,255,294.980,710.020
3598,58,255,1342.586,711.328
3599,107,255,1369.033,712.145
3600,30,255,286.567,710.333
3601,68,255,405.676,712.838
3602,58,255,452.397,711.966
3603,43,255,637.523,711.663
3604,59,255,823.602,712.229
3605,112,255,908.929,715.312
3606,38,255,975.447,711.053
3607,77,255,1122.019,713.409
3608,27,255,1490.019,711.389
3609,52,255,197.154,712.615
3610,36,255,321.583,712.472
3611,51,255,944.225,713.971
3612,47,255,986.585,712.117
3613,74,255,1042.081,713.338
3614,43,255,1055.686,713.640
3615,74,255,1071.784,713.459
3616,67,255,1087.157,713.664
3617,30,255,74.100,712.300
3618,91,255,381.258,715.632
3619,70,255,419.143,715.671
3620,101,255,695.629,715.480
3621,47,255,767.117,713.798
3622,77,255,1139.201,714.305
3623,27,255,234.907,713.833
3624,60,255,277.183,715.817
3625,51,255,615.657,716.206
3626,68,255,1529.309,715.706
3627,57,255,10.202,717.044
3628,21,255,312.310,715.452
3629,84,255,846.119,718.464
3630,79,255,1195.095,718.386
3631,60,255,1505.367,716.983
3632,71,255,91.472,718.077
3633,65,255,334.423,718.608
3634,25,255,749.340,717.460
3635,73,255,1348.308,723.185
3636,55,255,112.191,718.136
3637,72,255,128.889,719.444
3638,30,255,219.767,717.533
3639,24,255,570.625,717.833
3640,117,255,662.962,721.278
3641,102,255,925.304,721.108
3642,48,255,1468.812,718.438
3643,72,255,177.972,721.125
3644,51,255,353.186,719.618
3645,22,255,481.000,718.500
3646,54,255,1103.074,720.926
3647,93,255,1301.349,721.070
3648,49,255,34.561,720.786
3649,70,255,49.714,721.386
3650,60,255,67.817,721.083
3651,43,255,77.616,720.616
3652,76,255,365.421,721.632
3653,22,255,558.136,719.500
3654,55,255,622.718,721.391
3655,64,255,735.750,722.344
3656,59,255,834.364,721.331
3657,26,255,1112.231,720.154
3658,47,255,1288.819,721.074
3659,96,255,1408.646,721.458
3660,73,255,1434.486,721.404
3661,82,255,1457.878,722.866
3662,29,255,1556.397,720.190
3663,61,255,103.254,724.221
3664,98,255,294.796,724.102
3665,62,255,637.532,721.323
3666,32,255,754.594,721.688
3667,38,255,786.974,721.579
3668,58,255,800.810,722.069
3669,41,255,1443.549,722.378
3670,74,255,971.405,723.459
3671,136,255,1082.765,726.515
3672,64,255,1222.000,722.750
3673,57,255,496.518,724.763
3674,55,255,939.700,724.209
3675,40,255,1356.700,724.125
3676,49,255,159.378,725.133
3677,54,255,307.574,724.463
3678,27,255,410.574,723.241
3679,50,255,590.720,725.540
3680,51,255,117.441,725.618
3681,30,255,432.433,725.000
3682,42,255,487.500,726.000
3683,39,255,569.038,726.372
3684,68,255,816.500,726.853
3685,124,255,858.323,730.242
3686,37,255,1003.446,724.932
3687,42,255,1122.190,724.595
3688,99,255,1171.045,727.530
3689,94,255,1571.511,726.915
3690,64,255,399.938,727.344
3691,59,255,545.381,727.364
3692,43,255,769.174,726.523
3693,29,255,954.224,725.500
3694,86,255,1262.081,727.419
3695,59,255,217.822,728.161
3696,34,255,695.500,727.000
3697,44,255,761.477,727.614
3698,46,255,1063.174,727.261
3699,81,255,256.710,730.154
3700,38,255,511.553,728.605
3701,75,255,1028.593,729.620
3702,90,255,1487.511,729.856
3703,48,255,171.917,730.208
3704,80,255,605.288,733.438
3705,75,255,729.593,732.540
3706,40,255,908.975,728.750
3707,90,255,990.933,733.556
3708,38,255,1201.026,730.211
3709,37,255,1558.392,728.905
3710,57,255,193.746,730.939
3711,36,255,645.472,730.194
3712,41,255,794.134,731.207
3713,123,255,885.199,733.037
3714,40,255,1215.400,730.000
3715,87,255,334.592,732.155
3716,59,255,413.720,731.534
3717,28,255,802.679,731.107
3718,52,255,1320.462,731.731
3719,85,255,1531.841,732.700
3720,50,255,203.180,733.400
3721,63,255,1042.563,733.611
3722,52,255,1234.250,733.577
3723,51,255,13.402,733.461
3724,62,255,381.532,734.129
3725,42,255,437.429,733.476
3726,53,255,522.368,733.594
3727,84,255,627.786,734.179
3728,43,255,920.058,733.430
3729,75,255,955.740,734.673
3730,83,255,27.765,736.572
3731,60,255,653.950,735.450
3732,108,255,667.102,736.667
3733,39,255,831.910,733.987
3734,46,255,869.391,734.870
3735,81,255,1118.833,735.389
3736,39,255,113.910,735.038
3737,56,255,160.821,735.982
3738,87,255,230.316,739.810
3739,23,255,705.457,734.891
3740,46,255,775.261,735.283
3741,61,255,1332.730,736.320
3742,27,255,428.685,736.315
3743,123,255,448.679,740.939
3744,52,255,898.808,737.750
3745,40,255,1582.425,736.550
3746,38,255,304.342,737.342
3747,79,255,480.677,738.563
3748,61,255,536.352,738.336
3749,38,255,691.947,736.974
3750,74,255,1512.581,738.149
3751,58,255,557.034,739.534
3752,52,255,615.750,739.038
3753,46,255,909.043,738.609
3754,77,255,1012.773,739.539
3755,84,255,1065.143,739.821
3756,129,255,289.074,741.236
3757,58,255,547.966,740.466
3758,108,255,932.491,740.981
3759,126,255,1411.476,741.373
3760,102,255,1440.441,743.118
3761,51,255,1451.049,740.402
3762,39,255,69.167,739.885
3763,77,255,377.305,741.591
3764,88,255,502.466,741.966
3765,33,255,747.227,740.379
3766,59,255,1138.076,741.856
3767,51,255,1307.225,741.167
3768,82,255,1385.439,742.390
3769,52,255,253.500,742.000
3770,45,255,312.100,742.167
3771,56,255,567.607,742.214
3772,55,255,711.264,742.609
3773,52,255,792.904,742.115
3774,62,255,1204.339,741.823
3775,41,255,1570.451,741.524
3776,40,255,1596.325,740.875
3777,47,255,196.394,742.394
3778,73,255,332.897,744.158
3779,54,255,358.574,742.833
3780,68,255,462.191,743.721
3781,56,255,598.964,743.357
3782,52,255,686.423,742.538
3783,89,255,1482.713,744.590
3784,72,255,1544.389,743.486
3785,42,255,242.595,744.048
3786,53,255,345.726,744.028
3787,32,255,400.781,743.156
3788,20,255,738.650,742.150
3789,52,255,1187.788,743.615
3790,40,255,772.475,744.575
3791,82,255,817.134,747.378
3792,31,255,852.048,743.919
3793,141,255,1100.401,746.954
3794,125,255,1342.844,747.124
3795,24,255,1427.000,743.000
3796,56,255,59.125,745.946
3797,65,255,77.177,745.946
3798,50,255,1148.540,745.780
3799,55,255,1227.591,746.245
3800,165,255,1270.864,750.742
3801,71,255,1495.768,746.289
3802,49,255,41.908,746.276
3803,39,255,87.321,748.090
3804,57,255,364.833,747.482
3805,80,255,518.087,748.013
3806,61,255,868.500,747.500
3807,29,255,991.776,745.879
3808,83,255,1043.211,747.464
3809,70,255,1525.757,747.371
3810,24,255,1575.708,746.000
3811,41,255,408.890,747.768
3812,88,255,488.841,748.523
3813,55,255,1195.864,748.918
3814,38,255,96.526,747.974
3815,61,255,138.582,749.254
3816,76,255,164.553,749.211
3817,65,255,394.223,749.654
3818,59,255,641.432,749.025
3819,63,255,785.944,749.754
3820,49,255,1287.622,749.316
3821,56,255,1332.750,749.768
3822,40,255,125.050,748.975
3823,29,255,186.672,748.603
3824,58,255,207.966,750.534
3825,68,255,432.897,749.985
3826,33,255,668.924,748.621
3827,34,255,750.735,749.324
3828,30,255,845.467,748.800
3829,59,255,971.059,750.398
3830,42,255,1055.857,749.810
3831,53,255,1425.349,750.217
3832,85,255,1561.594,751.300
3833,33,255,259.197,750.652
3834,81,255,626.994,752.278
3835,67,255,764.231,751.470
3836,29,255,33.741,751.362
3837,20,255,544.450,750.250
3838,135,255,731.589,755.959
3839,98,255,886.520,753.388
3840,73,255,961.171,753.322
3841,51,255,1121.971,751.931
3842,52,255,1537.212,752.288
3843,102,255,225.324,754.500
3844,51,255,317.265,752.833
3845,99,255,1471.682,754.167
3846,39,255,2.654,753.910
3847,58,255,238.534,754.414
3848,75,255,918.007,754.473
3849,55,255,1001.555,754.627
3850,43,255,1417.640,754.384
3851,58,255,1589.190,754.224
3852,48,255,68.812,755.312
3853,33,255,109.045,754.318
3854,33,255,280.409,754.045
3855,52,255,291.442,754.385
3856,51,255,467.755,754.676
3857,45,255,690.589,754.278
3858,74,255,1307.068,755.892
3859,37,255,329.554,754.932
3860,37,255,497.554,755.932
3861,62,255,589.419,756.000
3862,43,255,700.733,756.267
3863,43,255,1012.942,755.686
3864,63,255,1178.976,756.040
3865,54,255,1576.519,756.130
3866,57,255,12.518,757.237
3867,57,255,578.061,756.939
3868,50,255,609.820,756.600
3869,37,255,714.068,756.716
3870,22,255,721.091,756.773
3871,48,255,743.312,757.792
3872,72,255,1025.000,757.750
3873,59,255,1394.992,756.568
3874,44,255,362.591,757.864
3875,47,255,529.755,757.585
3876,47,255,858.223,758.032
3877,47,255,941.947,757.755
3878,47,255,1137.287,757.734
3879,40,255,1597.500,759.150
3880,53,255,100.745,759.425
3881,104,255,252.212,760.135
3882,52,255,372.308,759.000
3883,67,255,446.500,759.500
3884,43,255,567.081,758.198
3885,30,255,831.433,757.933
3886,41,255,927.524,758.305
3887,51,255,1086.010,758.480
3888,33,255,1147.015,757.742
3889,56,255,1222.500,759.357
3890,49,255,1370.071,759.214
3891,72,255,1484.167,759.986
3892,72,255,408.417,760.806
3893,46,255,513.130,759.391
3894,66,255,655.667,760.197
3895,51,255,685.853,760.324
3896,62,255,1046.758,760.000
3897,64,255,1533.031,759.969
3898,87,255,190.293,761.086
3899,59,255,348.432,761.754
3900,47,255,635.755,761.223
3901,92,255,954.391,762.935
3902,21,255,990.690,759.643
3903,36,255,397.972,761.667
3904,30,255,645.233,761.067
3905,59,255,1062.025,762.483
3906,90,255,1328.856,763.500
3907,61,255,1509.926,763.172
3908,52,255,166.673,762.327
3909,76,255,384.816,764.382
3910,77,255,667.370,764.942
3911,86,255,847.779,764.547
3912,54,255,1008.870,762.426
3913,85,255,1237.853,764.582
3914,55,255,1254.500,762.318
3915,55,255,1545.391,763.955
3916,91,255,70.500,765.984
3917,50,255,976.300,763.580
3918,70,255,1040.886,766.200
3919,57,255,1171.553,763.553
3920,78,255,1465.167,765.064
3921,61,255,500.500,765.254
3922,79,255,562.905,766.627
3923,50,255,799.300,764.560
3924,52,255,885.635,764.173
3925,43,255,34.523,764.802
3926,49,255,137.827,765.724
3927,79,255,335.956,766.234
3928,114,255,463.789,765.553
3929,41,255,596.793,765.598
3930,66,255,625.697,765.939
3931,50,255,1072.340,766.400
3932,70,255,1099.057,766.886
3933,59,255,1409.483,766.297
3934,98,255,1498.245,768.449
3935,87,255,201.408,769.351
3936,60,255,238.750,767.300
3937,38,255,270.132,766.000
3938,58,255,310.569,766.948
3939,45,255,426.722,766.833
3940,100,255,527.020,767.870
3941,103,255,777.684,769.451
3942,32,255,939.844,765.750
3943,80,255,1154.450,767.413
3944,44,255,1269.977,766.114
3945,105,255,1376.700,767.500
3946,84,255,1437.464,767.690
3947,124,255,1569.177,770.218
3948,52,255,765.904,767.404
3949,57,255,1113.588,768.465
3950,43,255,28.360,769.151
3951,44,255,145.568,769.227
3952,82,255,906.585,770.695
3953,46,255,986.348,769.370
3954,69,255,1138.790,769.326
3955,53,255,13.028,769.802
3956,81,255,53.475,771.315
3957,84,255,125.190,770.595
3958,44,255,691.000,769.000
3959,108,255,1024.981,770.722
3960,34,255,94.176,769.912
3961,58,255,180.448,770.655
3962,36,255,259.500,770.806
3963,52,255,324.231,771.731
3964,56,255,805.071,771.089
3965,109,255,928.711,774.454
3966,44,255,483.523,771.841
3967,59,255,539.534,772.737
3968,33,255,824.409,771.106
3969,56,255,1197.518,772.500
3970,98,255,1518.867,772.816
3971,31,255,1582.823,770.726
3972,35,255,276.271,771.729
3973,55,255,447.645,773.027
3974,33,255,726.985,773.136
3975,40,255,733.725,773.175
3976,54,255,872.019,772.889
3977,48,255,974.771,772.604
3978,71,255,999.852,773.401
3979,55,255,1261.373,773.300
3980,39,255,42.731,774.397
3981,48,255,417.688,775.562
3982,43,255,434.384,773.523
3983,46,255,556.174,773.543
3984,21,255,574.690,772.690
3985,81,255,592.068,775.043
3986,93,255,615.640,777.640
3987,75,255,1213.767,773.900
3988,33,255,1334.258,772.985
3989,44,255,367.773,774.864
3990,40,255,1172.300,774.000
3991,78,255,1418.423,775.590
3992,49,255,112.153,776.153
3993,61,255,213.598,776.287
3994,24,255,382.167,774.625
3995,57,255,1361.956,776.500
3996,52,255,1390.981,776.058
3997,83,255,1472.151,776.608
3998,97,255,173.727,778.644
3999,45,255,313.367,776.056
4000,91,255,762.137,777.192
4001,96,255,1045.854,778.094
4002,74,255,1188.176,777.432
4003,31,255,1576.855,777.016
4004,45,255,341.056,777.367
4005,34,255,463.912,777.559
4006,78,255,473.808,778.987
4007,59,255,865.432,778.331
4008,48,255,1381.021,778.438
4009,88,255,1541.545,778.636
4010,47,255,268.074,778.947
4011,51,255,290.833,778.814
4012,45,255,410.767,778.811
4013,44,255,604.455,779.068
4014,49,255,848.643,778.480
4015,85,255,1077.253,780.171
4016,154,255,1121.825,782.753
4017,42,255,1321.881,777.786
4018,44,255,1589.841,778.477
4019,111,255,100.788,782.329
4020,39,255,239.526,778.731
4021,32,255,630.938,778.906
4022,56,255,1104.214,780.000
4023,58,255,1275.000,780.500
4024,93,255,1294.823,780.005
4025,34,255,11.559,780.382
4026,67,255,86.993,782.470
4027,60,255,429.800,781.133
4028,37,255,706.878,779.959
4029,22,255,808.045,779.545
4030,51,255,820.245,780.833
4031,53,255,888.443,780.934
4032,63,255,134.262,782.151
4033,44,255,230.318,782.364
4034,37,255,350.473,782.068
4035,39,255,360.013,781.782
4036,88,255,501.352,782.466
4037,50,255,670.100,781.240
4038,103,255,687.422,783.015
4039,24,255,835.917,780.458
4040,36,255,987.000,781.500
4041,83,255,1350.187,782.801
4042,45,255,1409.500,782.033
4043,61,255,68.959,782.844
4044,41,255,371.768,782.744
4045,60,255,521.100,783.183
4046,40,255,642.175,783.325
4047,51,255,728.108,782.657
4048,22,255,906.000,781.227
4049,53,255,1167.689,782.462
4050,34,255,1237.824,782.088
4051,87,255,1334.144,783.603
4052,27,255,331.315,783.241
4053,37,255,539.878,782.608
4054,83,255,566.416,786.392
4055,66,255,976.091,784.152
4056,22,255,993.227,782.455
4057,119,255,116.987,787.828
4058,54,255,382.796,784.296
4059,28,255,418.786,783.357
4060,40,255,584.900,784.450
4061,95,255,651.984,787.174
4062,99,255,893.561,789.338
4063,35,255,942.814,785.214
4064,60,255,952.783,785.983
4065,92,255,1063.620,785.098
4066,33,255,261.227,785.833
4067,123,255,1496.215,788.760
4068,65,255,205.069,786.777
4069,62,255,322.565,787.677
4070,30,255,555.867,785.767
4071,38,255,578.263,786.763
4072,78,255,626.423,787.256
4073,84,255,703.464,789.000
4074,24,255,935.750,785.708
4075,96,255,1143.844,787.094
4076,38,255,1244.553,786.447
4077,54,255,1461.926,787.222
4078,83,255,1557.789,787.620
4079,51,255,296.637,787.794
4080,72,255,310.306,790.556
4081,36,255,998.278,787.806
4082,51,255,1361.167,788.324
4083,43,255,22.709,788.105
4084,56,255,46.304,788.875
4085,61,255,55.123,789.680
4086,74,255,445.311,789.581
4087,50,255,1159.520,789.280
4088,81,255,1210.710,789.302
4089,81,255,719.117,792.315
4090,69,255,1253.543,790.674
4091,103,255,665.393,794.257
4092,85,255,961.382,792.924
4093,44,255,1013.364,790.477
4094,68,255,1433.441,791.515
4095,54,255,254.796,792.056
4096,39,255,287.372,791.962
4097,23,255,337.413,790.109
4098,21,255,470.357,790.357
4099,58,255,602.448,791.552
4100,72,255,785.278,793.806
4101,81,255,1273.944,792.735
4102,36,255,1516.194,791.639
4103,90,255,144.633,795.778
4104,69,255,218.181,792.935
4105,25,255,415.180,791.060
4106,109,255,1095.766,794.436
4107,25,255,1480.740,791.460
4108,71,255,8.528,794.317
4109,54,255,76.241,794.278
4110,45,255,346.678,793.900
4111,45,255,615.878,793.500
4112,64,255,736.922,794.438
4113,40,255,931.775,793.425
4114,58,255,992.621,793.759
4115,32,255,1032.562,792.812
4116,53,255,1218.877,794.217
4117,43,255,1407.337,793.942
4118,32,255,154.469,794.188
4119,49,255,182.235,794.194
4120,41,255,268.598,794.622
4121,97,255,358.799,797.644
4122,89,255,1532.916,796.826
4123,53,255,242.104,795.425
4124,25,255,277.540,795.100
4125,53,255,584.877,795.670
4126,85,255,745.782,797.676
4127,29,255,903.983,795.259
4128,49,255,913.541,795.602
4129,51,255,1066.775,795.422
4130,106,255,1197.085,797.925
4131,83,255,1375.801,796.825
4132,48,255,1569.708,796.000
4133,92,255,1593.141,798.370
4134,59,255,32.212,796.754
4135,64,255,201.922,796.359
4136,63,255,380.849,796.770
4137,39,255,459.500,796.500
4138,49,255,487.745,797.520
4139,51,255,758.108,797.382
4140,87,255,805.810,798.741
4141,40,255,983.100,796.675
4142,63,255,1239.484,799.008
4143,63,255,526.754,798.770
4144,25,255,680.500,796.460
4145,61,255,939.893,798.779
4146,41,255,1018.207,796.963
4147,100,255,1140.020,799.440
4148,108,255,1330.556,799.880
4149,132,255,64.386,803.515
4150,46,255,502.565,799.652
4151,53,255,649.142,799.821
4152,52,255,322.269,800.808
4153,115,255,395.187,802.709
4154,56,255,424.107,801.393
4155,44,255,474.750,800.568
4156,78,255,538.654,801.436
4157,99,255,557.136,801.288
4158,25,255,689.060,799.900
4159,98,255,698.918,803.500
4160,102,255,848.765,803.510
4161,25,255,233.740,800.700
4162,30,255,294.967,801.233
4163,46,255,828.370,802.717
4164,22,255,876.682,801.318
4165,86,255,1290.453,802.779
4166,156,255,1306.263,807.250
4167,39,255,1316.936,801.423
4168,53,255,111.198,802.519
4169,93,255,180.242,803.876
4170,21,255,190.262,801.976
4171,89,255,1117.264,804.601
4172,76,255,1267.079,804.684
4173,57,255,1487.518,802.798
4174,58,255,284.741,804.052
4175,35,255,493.700,804.129
4176,83,255,727.006,805.596
4177,77,255,1036.266,804.331
4178,70,255,1169.671,805.200
4179,52,255,1180.269,804.000
4180,56,255,1247.482,804.143
4181,99,255,1345.187,808.904
4182,95,255,1527.268,806.342
4183,37,255,21.068,804.446
4184,27,255,156.907,803.167
4185,57,255,269.219,804.289
4186,26,255,300.462,804.192
4187,52,255,310.923,804.615
4188,23,255,612.717,804.109
4189,35,255,658.043,804.843
4190,52,255,1090.904,805.019
4191,41,255,1278.085,804.524
4192,77,255,1454.019,805.721
4193,91,255,441.610,807.357
4194,20,255,510.550,804.750
4195,23,255,895.891,804.152
4196,41,255,904.841,805.817
4197,49,255,988.194,805.786
4198,131,255,1154.592,807.989
4199,40,255,119.575,806.525
4200,53,255,205.689,806.481
4201,53,255,581.953,806.689
4202,27,255,1007.907,805.574
4203,53,255,1395.236,806.764
4204,48,255,1496.917,807.062
4205,62,255,1554.065,806.726
4206,50,255,40.640,807.580
4207,45,255,94.167,807.633
4208,47,255,605.798,807.564
4209,60,255,1070.683,808.283
4210,66,255,1405.803,808.848
4211,65,255,1542.500,808.146
4212,66,255,246.636,808.970
4213,37,255,593.743,808.176
4214,42,255,860.524,808.738
4215,29,255,913.638,808.879
4216,38,255,923.000,808.158
4217,58,255,1047.103,809.207
4218,57,255,1083.325,809.202
4219,167,255,1203.392,812.494
4220,52,255,675.519,809.481
4221,53,255,1020.085,809.896
4222,48,255,1469.354,809.792
4223,50,255,159.820,810.520
4224,71,255,480.824,813.120
4225,21,255,790.881,809.071
4226,48,255,1130.333,811.250
4227,53,255,1224.651,811.255
4228,49,255,821.214,812.153
4229,54,255,1371.574,812.296
4230,71,255,104.697,813.303
4231,55,255,378.427,812.300
4232,64,255,508.875,813.734
4233,32,255,574.406,812.219
4234,55,255,802.282,813.736
4235,42,255,1122.810,812.429
4236,83,255,1422.151,813.464
4237,67,255,1583.590,814.724
4238,97,255,555.376,815.376
4239,55,255,634.918,813.318
4240,69,255,767.645,814.196
4241,44,255,888.000,814.182
4242,31,255,1234.081,813.532
4243,68,255,193.294,815.956
4244,24,255,618.250,813.042
4245,136,255,951.662,817.360
4246,63,255,1107.341,815.706
4247,57,255,1504.342,815.061
4248,38,255,171.632,814.711
4249,61,255,206.516,816.500
4250,50,255,396.380,815.500
4251,40,255,530.375,814.575
4252,60,255,784.250,816.650
4253,81,255,1174.648,817.870
4254,71,255,20.514,817.711
4255,43,255,237.756,816.430
4256,38,255,407.211,815.895
4257,111,255,735.671,817.635
4258,38,255,1551.500,816.000
4259,41,255,115.598,817.110
4260,73,255,307.897,818.651
4261,28,255,354.107,816.429
4262,34,255,461.941,816.676
4263,60,255,593.167,817.517
4264,75,255,674.340,817.327
4265,45,255,700.989,817.144
4266,36,255,911.611,816.972
4267,57,255,975.746,817.851
4268,41,255,1074.866,816.963
4269,74,255,1290.878,818.500
4270,56,255,1328.946,817.714
4271,48,255,1591.958,819.021
4272,62,255,58.290,819.081
4273,68,255,157.706,819.426
4274,34,255,225.324,817.647
4275,101,255,900.748,821.213
4276,50,255,1254.500,819.120
4277,31,255,1570.661,817.887
4278,60,255,43.083,819.933
4279,60,255,266.700,820.667
4280,84,255,650.869,822.917
4281,37,255,686.500,819.338
4282,60,255,935.083,820.383
4283,33,255,985.258,819.318
4284,49,255,1031.296,819.582
4285,57,255,1153.904,819.535
4286,92,255,1353.696,822.033
4287,64,255,93.406,820.969
4288,68,255,177.926,821.324
4289,139,255,605.881,823.939
4290,47,255,762.372,820.798
4291,40,255,1469.775,820.400
4292,67,255,76.933,822.396
4293,69,255,285.225,822.239
4294,44,255,363.955,821.614
4295,85,255,375.794,822.912
4296,112,255,568.062,824.134
4297,36,255,640.056,821.806
4298,32,255,991.094,822.031
4299,64,255,1007.703,823.750
4300,56,255,1449.875,821.964
4301,38,255,1459.447,821.632
4302,49,255,1496.990,822.071
4303,28,255,66.500,823.000
4304,80,255,495.712,824.263
4305,30,255,533.500,822.167
4306,37,255,632.824,822.554
4307,48,255,1343.125,822.667
4308,64,255,327.203,825.578
4309,71,255,346.965,824.894
4310,35,255,505.443,822.814
4311,37,255,622.068,822.932
4312,49,255,749.786,823.582
4313,37,255,776.365,824.014
4314,96,255,1228.146,825.448
4315,138,255,1513.826,826.065
4316,97,255,125.902,827.160
4317,50,255,697.120,825.240
4318,24,255,789.000,823.417
4319,22,255,999.500,824.500
4320,21,255,1421.881,823.214
4321,35,255,49.329,825.843
4322,73,255,418.760,825.719
4323,40,255,468.575,824.625
4324,54,255,876.889,826.259
4325,102,255,1046.833,827.559
4326,64,255,1184.094,826.609
4327,62,255,1276.000,826.000
4328,29,255,1371.914,824.776
4329,65,255,1431.300,827.408
4330,64,255,1577.375,826.844
4331,26,255,223.346,826.077
4332,40,255,233.425,826.975
4333,80,255,245.875,827.712
4334,81,255,480.883,828.130
4335,55,255,525.627,826.755
4336,46,255,549.000,826.500
4337,107,255,667.967,831.266
4338,52,255,1201.904,826.942
4339,73,255,1305.678,827.870
4340,102,255,1390.304,828.804
4341,70,255,1478.143,827.900
4342,78,255,114.577,829.615
4343,103,255,140.335,830.956
4344,55,255,888.682,828.245
4345,23,255,1015.283,826.630
4346,99,255,1242.076,829.753
4347,85,255,404.041,830.912
4348,147,255,959.357,832.969
4349,65,255,1028.315,829.808
4350,69,255,1146.109,828.746
4351,32,255,1193.344,829.250
4352,64,255,1416.688,830.047
4353,56,255,20.875,829.429
4354,73,255,95.212,830.308
4355,34,255,705.412,829.853
4356,84,255,730.690,830.548
4357,44,255,9.636,831.091
4358,29,255,41.466,830.155
4359,99,255,158.803,831.056
4360,49,255,214.765,830.827
4361,70,255,389.186,832.286
4362,78,255,447.936,831.705
4363,87,255,856.569,830.649
4364,82,255,1545.207,832.683
4365,93,255,815.575,833.457
4366,28,255,834.786,830.571
4367,39,255,1123.603,831.013
4368,52,255,1459.019,831.750
4369,46,255,1530.435,832.500
4370,64,255,1596.938,833.906
4371,31,255,62.177,832.210
4372,79,255,942.146,832.703
4373,80,255,284.887,834.087
4374,95,255,619.468,836.279
4375,60,255,982.717,834.517
4376,53,255,1068.557,834.311
4377,60,255,1157.767,834.850
4378,69,255,306.862,835.254
4379,67,255,360.709,837.187
4380,88,255,629.466,836.341
4381,26,255,920.654,834.000
4382,42,255,1297.810,834.810
4383,97,255,373.881,836.387
4384,59,255,910.720,836.127
4385,89,255,973.062,837.376
4386,125,255,1105.068,836.772
4387,93,255,1331.478,837.833
4388,79,255,1556.348,837.462
4389,39,255,416.397,836.064
4390,101,255,515.025,838.827
4391,92,255,1443.478,838.522
4392,70,255,754.443,839.029
4393,49,255,192.276,839.051
4394,47,255,324.585,838.032
4395,51,255,350.010,838.971
4396,51,255,468.225,838.324
4397,42,255,565.357,837.571
4398,117,255,586.406,841.081
4399,78,255,697.615,840.462
4400,58,255,883.500,839.000
4401,123,255,1013.744,842.240
4402,24,255,1076.292,838.167
4403,87,255,1270.661,840.695
4404,32,255,203.875,838.469
4405,79,255,539.981,840.424
4406,51,255,649.755,839.598
4407,50,255,742.340,839.780
4408,69,255,766.312,840.862
4409,75,255,789.753,840.607
4410,102,255,802.549,843.225
4411,48,255,858.688,839.458
4412,58,255,1143.741,839.707
4413,29,255,1516.948,839.879
4414,45,255,96.122,839.922
4415,34,255,180.588,839.412
4416,67,255,214.679,841.172
4417,34,255,660.088,840.176
4418,21,255,1086.500,840.262
4419,120,255,1124.083,842.708
4420,108,255,1181.343,843.315
4421,57,255,1312.237,840.184
4422,72,255,1343.208,841.625
4423,45,255,1361.856,841.256
4424,39,255,1419.731,839.782
4425,96,255,1571.365,842.260
4426,132,255,78.182,845.470
4427,38,255,237.658,840.737
4428,23,255,396.674,839.891
4429,50,255,842.420,841.720
4430,61,255,871.287,842.139
4431,39,255,993.115,841.756
4432,32,255,1025.875,841.125
4433,37,255,1240.689,840.527
4434,78,255,1479.462,842.321
4435,128,255,1493.367,844.875
4436,47,255,5.798,842.181
4437,40,255,57.700,842.300
4438,22,255,66.727,842.318
4439,41,255,107.061,842.427
4440,47,255,143.543,842.138
4441,54,255,165.815,842.389
4442,44,255,338.500,842.364
4443,59,255,610.568,843.161
4444,24,255,721.208,840.917
4445,21,255,821.214,841.119
4446,22,255,453.227,842.227
4447,89,255,923.871,843.792
4448,49,255,1061.235,843.112
4449,74,255,40.243,844.500
4450,51,255,282.363,844.716
4451,31,255,313.468,844.242
4452,44,255,1226.932,845.205
4453,59,255,1457.364,845.347
4454,35,255,1525.957,844.414
4455,80,255,1140.987,847.725
4456,50,255,26.180,847.080
4457,100,255,119.040,848.130
4458,88,255,436.875,847.511
4459,137,255,497.814,850.493
4460,22,255,683.682,846.182
4461,79,255,1155.222,847.829
4462,42,255,14.619,847.143
4463,48,255,241.042,847.354
4464,31,255,271.468,847.177
4465,36,255,322.222,847.194
4466,47,255,472.777,846.947
4467,48,255,524.688,847.562
4468,56,255,1288.000,847.643
4469,44,255,193.682,848.227
4470,58,255,226.741,848.431
4471,75,255,675.300,849.593
4472,57,255,938.816,848.658
4473,62,255,959.226,849.032
4474,50,255,1050.280,848.220
4475,73,255,1098.651,848.760
4476,87,255,1250.224,849.109
4477,56,255,1353.554,848.929
4478,98,255,1409.255,850.582
4479,37,255,250.554,849.095
4480,54,255,354.815,849.259
4481,52,255,452.712,849.481
4482,48,255,571.521,849.375
4483,47,255,1000.713,849.798
4484,62,255,1172.194,850.710
4485,47,255,1204.968,850.351
4486,55,255,181.973,850.718
4487,35,255,344.014,851.100
4488,76,255,418.237,850.763
4489,22,255,885.409,849.455
4490,93,255,1510.059,853.328
4491,63,255,170.532,851.929
4492,73,255,385.842,852.199
4493,96,255,728.479,852.979
4494,73,255,749.897,853.856
4495,43,255,761.221,851.058
4496,75,255,792.447,854.967
4497,83,255,1066.512,852.307
4498,93,255,1312.038,852.866
4499,21,255,1592.881,850.214
4500,31,255,139.919,851.435
4501,99,255,155.854,853.803
4502,74,255,306.635,854.622
4503,80,255,713.775,854.450
4504,50,255,894.700,852.500
4505,26,255,919.154,851.385
4506,117,255,983.910,854.816
4507,34,255,1331.441,852.588
4508,75,255,1559.780,854.327
4509,55,255,62.464,853.536
4510,62,255,208.919,853.903
4511,85,255,583.982,854.912
4512,98,255,1218.469,853.816
4513,39,255,1518.705,853.782
4514,40,255,45.675,853.750
4515,27,255,363.130,853.722
4516,46,255,372.457,854.957
4517,108,255,533.528,857.111
4518,85,255,614.488,856.241
4519,88,255,647.614,856.239
4520,48,255,845.208,854.083
4521,86,255,1088.407,856.116
4522,75,255,1118.140,856.727
4523,42,255,5.714,854.905
4524,48,255,33.958,855.625
4525,67,255,275.500,856.082
4526,47,255,554.160,856.117
4527,31,255,1045.210,855.435
4528,56,255,1272.107,856.732
4529,24,255,1349.917,855.000
4530,66,255,1370.621,856.591
4531,36,255,87.833,855.917
4532,38,255,131.211,856.842
4533,79,255,907.361,858.272
4534,81,255,1028.994,857.512
4535,63,255,1422.421,858.008
4536,73,255,1446.966,857.760
4537,64,255,221.344,858.453
4538,27,255,702.574,856.907
4539,68,255,821.000,858.618
4540,65,255,943.638,857.423
4541,75,255,1285.993,858.260
4542,40,255,1360.625,857.800
4543,111,255,1471.113,862.068
4544,43,255,1486.593,857.477
4545,41,255,234.573,857.866
4546,36,255,454.139,858.167
4547,77,255,482.162,858.825
4548,27,255,1597.611,859.944
4549,25,255,53.860,858.660
4550,57,255,244.974,860.535
4551,99,255,569.874,860.884
4552,29,255,805.155,859.224
4553,46,255,16.087,860.283
4554,51,255,407.324,860.500
4555,123,255,593.955,864.248
4556,38,255,680.737,860.474
4557,50,255,1193.260,860.440
4558,59,255,119.686,862.754
4559,107,255,285.650,863.593
4560,45,255,385.278,861.633
4561,33,255,668.985,861.530
4562,35,255,1053.814,861.414
4563,57,255,1106.254,861.851
4564,132,255,1240.795,862.409
4565,33,255,41.318,862.045
4566,60,255,313.917,863.133
4567,77,255,629.201,864.721
4568,98,255,892.255,863.724
4569,49,255,1131.337,862.439
4570,57,255,1145.991,863.289
4571,50,255,1223.060,862.420
4572,52,255,1390.712,862.346
4573,53,255,197.481,863.934
4574,44,255,368.727,863.114
4575,124,255,504.685,865.581
4576,60,255,641.383,863.950
4577,46,255,1044.326,864.457
4578,25,255,1065.980,861.860
4579,40,255,1328.575,863.175
4580,45,255,1576.700,864.056
4581,31,255,80.532,864.048
4582,22,255,746.909,862.591
4583,44,255,783.818,864.932
4584,37,255,1210.743,864.203
4585,47,255,1400.351,864.351
4586,73,255,1413.733,865.637
4587,55,255,1458.118,865.882
4588,63,255,1529.643,866.151
4589,53,255,261.255,865.349
4590,92,255,341.185,867.652
4591,54,255,1362.444,865.944
4592,34,255,1589.206,865.529
4593,68,255,105.265,867.162
4594,28,255,330.321,865.964
4595,80,255,441.400,867.500
4596,43,255,1337.105,866.384
4597,42,255,1508.143,866.905
4598,51,255,974.539,867.480
4599,30,255,185.433,867.600
4600,32,255,249.938,867.938
4601,20,255,396.750,868.350
4602,27,255,403.389,867.833
4603,40,255,690.075,868.050
4604,38,255,830.395,868.711
4605,50,255,1030.460,868.100
4606,87,255,1072.316,870.695
4607,70,255,1115.943,869.757
4608,67,255,1305.306,869.172
4609,52,255,1499.673,869.596
4610,37,255,13.122,868.743
4611,40,255,363.350,869.700
4612,113,255,455.394,872.314
4613,97,255,479.521,869.851
4614,76,255,672.395,870.974
4615,35,255,709.014,868.757
4616,53,255,753.972,870.462
4617,96,255,848.281,870.896
4618,28,255,943.214,868.607
4619,89,255,1010.017,870.421
4620,92,255,1283.228,871.109
4621,61,255,23.205,872.156
4622,63,255,724.325,870.690
4623,49,255,737.214,870.480
4624,96,255,44.812,871.760
4625,71,255,936.401,872.570
4626,40,255,1220.875,871.000
4627,69,255,1442.514,872.457
4628,90,255,79.278,874.389
4629,74,255,157.730,873.932
4630,61,255,205.500,872.500
4631,69,255,427.993,874.138
4632,41,255,797.256,872.963
4633,118,255,811.593,875.720
4634,70,255,991.043,872.771
4635,116,255,1101.647,874.241
4636,72,255,1164.014,873.236
4637,34,255,144.794,873.324
4638,42,255,415.071,873.619
4639,60,255,512.533,874.650
4640,45,255,524.589,872.944
4641,35,255,621.129,873.357
4642,31,255,700.790,873.694
4643,45,255,1328.744,873.144
4644,99,255,1383.460,876.106
4645,97,255,787.923,875.923
4646,101,255,865.411,877.144
4647,34,255,914.676,874.912
4648,88,255,1040.352,876.250
4649,120,255,1147.008,876.375
4650,76,255,1314.092,876.224
4651,88,255,1401.580,875.977
4652,53,255,64.745,875.292
4653,48,255,383.938,874.979
4654,24,255,923.375,874.792
4655,62,255,1185.661,876.194
4656,73,255,1256.404,876.774
4657,68,255,659.971,877.853
4658,57,255,680.535,879.465
4659,95,255,894.037,877.468
4660,30,255,1018.300,875.833
4661,51,255,1174.147,877.422
4662,55,255,1197.864,877.282
4663,74,255,1241.189,877.419
4664,44,255,178.114,877.295
4665,103,255,239.947,879.578
4666,77,255,327.617,878.500
4667,62,255,565.113,877.226
4668,75,255,1510.713,879.007
4669,83,255,313.741,879.367
4670,46,255,371.457,878.587
4671,103,255,537.956,878.733
4672,68,255,588.221,879.206
4673,21,255,690.119,876.929
4674,58,255,966.259,879.897
4675,30,255,1417.133,878.133
4676,44,255,195.000,879.500
4677,60,255,251.067,880.383
4678,93,255,294.597,880.489
4679,67,255,1213.963,880.052
4680,26,255,1271.500,878.846
4681,31,255,1345.145,879.694
4682,33,255,1553.106,880.045
4683,47,255,151.074,880.287
4684,90,255,273.911,881.622
4685,52,255,361.808,880.712
4686,53,255,1066.613,880.972
4687,76,255,209.816,881.803
4688,50,255,847.080,880.520
4689,48,255,1278.458,881.812
4690,65,255,1432.715,882.315
4691,21,255,1598.167,880.881
4692,65,255,653.362,884.238
4693,56,255,750.750,882.429
4694,27,255,1015.722,881.648
4695,75,255,1327.620,884.407
4696,131,255,96.393,888.149
4697,47,255,503.947,883.053
4698,30,255,991.000,881.900
4699,129,255,1464.244,886.764
4700,48,255,1573.812,884.354
4701,51,255,8.245,884.951
4702,68,255,22.294,885.191
4703,43,255,36.198,884.035
4704,43,255,59.477,883.244
4705,36,255,126.944,884.361
4706,41,255,1290.085,883.841
4707,93,255,1447.952,888.134
4708,33,255,400.803,885.258
4709,41,255,420.256,884.817
4710,45,255,524.189,884.833
4711,40,255,636.575,885.625
4712,27,255,923.722,884.278
4713,32,255,381.375,887.406
4714,36,255,390.333,885.944
4715,29,255,409.672,886.155
4716,61,255,1159.549,886.861
4717,113,255,218.226,893.217
4718,97,255,602.758,888.180
4719,51,255,626.931,888.088
4720,53,255,1095.236,887.481
4721,95,255,1133.658,889.584
4722,49,255,1504.663,887.378
4723,60,255,1593.700,888.767
4724,74,255,184.865,889.378
4725,85,255,462.253,889.618
4726,70,255,1034.786,888.486
4727,41,255,1111.037,888.183
4728,52,255,1410.481,889.692
4729,33,255,114.833,888.712
4730,46,255,538.674,888.891
4731,119,255,943.088,892.239
4732,69,255,1010.848,891.036
4733,22,255,1072.409,890.227
4734,84,255,1203.762,891.905
4735,39,255,1338.885,890.577
4736,102,255,1490.441,893.020
4737,86,255,278.547,893.047
4738,44,255,368.227,891.500
4739,24,255,494.083,890.792
4740,73,255,991.596,892.075
4741,83,255,1062.741,895.886
4742,24,255,8.417,892.208
4743,58,255,239.741,892.397
4744,66,255,447.515,893.727
4745,65,255,819.192,894.146
4746,74,255,1117.405,893.784
4747,71,255,1178.923,892.993
4748,64,255,1260.047,893.391
4749,94,255,1317.053,893.564
4750,70,255,1374.700,893.600
4751,31,255,1477.952,892.823
4752,30,255,169.567,893.433
4753,23,255,264.109,892.761
4754,55,255,391.409,893.500
4755,34,255,418.000,892.294
4756,30,255,742.300,892.667
4757,58,255,796.034,893.241
4758,75,255,1226.100,894.353
4759,53,255,1291.538,893.745
4760,97,255,1429.356,895.510
4761,47,255,78.904,894.500
4762,52,255,131.096,896.596
4763,34,255,160.000,894.382
4764,49,255,315.541,894.092
4765,44,255,728.114,893.750
4766,69,255,836.848,894.964
4767,73,255,1242.308,895.103
4768,65,255,30.592,895.885
4769,38,255,556.684,894.368
4770,44,255,1392.818,895.455
4771,36,255,1542.472,894.694
4772,71,255,1562.218,896.655
4773,53,255,438.840,897.406
4774,45,255,763.478,896.700
4775,82,255,981.061,898.305
4776,93,255,1159.371,897.855
4777,32,255,151.562,897.594
4778,65,255,249.362,898.700
4779,90,255,710.567,899.744
4780,45,255,878.167,897.322
4781,42,255,399.048,900.119
4782,62,255,1465.226,900.500
4783,122,255,1547.590,901.951
4784,74,255,40.932,901.662
4785,70,255,479.129,901.271
4786,72,255,661.083,901.389
4787,50,255,1050.240,900.400
4788,78,255,1284.744,901.474
4789,41,255,96.963,901.476
4790,59,255,1510.008,902.415
4791,30,255,84.700,902.333
4792,60,255,610.117,903.350
4793,22,255,886.045,901.636
4794,42,255,1043.190,904.071
4795,165,255,1076.682,906.985
4796,86,255,1203.395,905.256
4797,75,255,1328.100,903.833
4798,46,255,319.957,902.804
4799,67,255,545.590,904.604
4800,37,255,556.824,903.149
4801,66,255,681.500,904.000
4802,53,255,1298.745,904.217
4803,41,255,1441.598,902.841
4804,44,255,24.318,904.682
4805,52,255,70.135,906.250
4806,48,255,271.625,904.438
4807,115,255,567.291,907.135
4808,41,255,697.305,905.549
4809,38,255,1149.447,904.421
4810,42,255,1191.286,904.357
4811,69,255,1313.500,904.500
4812,64,255,1452.656,905.203
4813,79,255,526.639,905.639
4814,55,255,764.282,904.773
4815,28,255,871.607,904.786
4816,21,255,1109.548,903.595
4817,31,255,1339.371,905.597
4818,104,255,1350.683,909.327
4819,69,255,1579.906,906.659
4820,62,255,127.806,907.194
4821,57,255,252.149,906.570
4822,52,255,498.885,905.942
4823,104,255,1184.163,909.606
4824,120,255,1366.550,907.358
4825,64,255,190.422,908.359
4826,24,255,367.167,906.375
4827,26,255,782.769,906.615
4828,46,255,900.565,908.435
4829,119,255,1093.727,910.307
4830,61,255,1161.697,907.598
4831,72,255,1436.778,909.931
4832,33,255,50.409,907.682
4833,61,255,407.975,907.828
4834,22,255,648.864,907.091
4835,22,255,802.455,906.682
4836,43,255,850.895,907.453
4837,106,255,1120.840,910.377
4838,126,255,1240.778,912.452
4839,102,255,1473.775,910.873
4840,53,255,109.104,909.594
4841,55,255,838.191,909.209
4842,37,255,1029.581,910.392
4843,59,255,1213.568,910.534
4844,72,255,100.778,914.097
4845,55,255,240.027,910.809
4846,58,255,885.259,910.448
4847,21,255,918.119,908.929
4848,40,255,973.000,911.100
4849,44,255,983.136,909.795
4850,56,255,1253.589,912.196
4851,95,255,1265.468,914.226
4852,82,255,1384.939,912.329
4853,36,255,389.417,911.056
4854,43,255,595.407,912.221
4855,118,255,1537.390,915.102
4856,25,255,1570.700,911.060
4857,40,255,1592.625,911.150
4858,52,255,210.038,912.500
4859,44,255,280.386,911.682
4860,37,255,335.500,912.203
4861,76,255,487.566,913.421
4862,70,255,582.343,914.671
4863,76,255,813.289,913.237
4864,54,255,959.222,913.204
4865,64,255,1005.500,913.000
4866,67,255,1555.843,913.022
4867,67,255,324.858,914.291
4868,54,255,377.611,914.241
4869,64,255,531.969,914.250
4870,50,255,719.000,913.660
4871,25,255,908.100,912.780
4872,37,255,1492.500,913.014
4873,57,255,732.956,914.325
4874,56,255,1298.107,914.214
4875,80,255,1411.287,915.950
4876,59,255,309.466,914.822
4877,74,255,937.419,915.730
4878,52,255,1337.962,916.250
4879,49,255,1483.949,916.418
4880,34,255,45.912,915.824
4881,52,255,359.615,916.731
4882,58,255,951.655,917.345
4883,27,255,1019.611,916.019
4884,65,255,1046.623,916.577
4885,61,255,1312.943,916.451
4886,28,255,1598.179,916.786
4887,68,255,57.750,919.206
4888,75,255,121.647,918.100
4889,31,255,200.371,916.919
4890,50,255,795.480,917.240
4891,37,255,918.689,916.824
4892,73,255,1457.336,918.747
4893,36,255,298.333,918.111
4894,35,255,836.643,916.986
4895,54,255,990.944,918.759
4896,40,255,287.975,919.650
4897,50,255,692.240,919.340
4898,44,255,707.432,919.636
4899,52,255,1361.000,920.000
4900,57,255,1425.991,920.079
4901,69,255,1528.022,921.964
4902,21,255,5.500,919.500
4903,74,255,138.500,921.000
4904,27,255,185.981,919.648
4905,74,255,419.514,920.730
4906,25,255,777.980,919.180
4907,94,255,1138.489,922.340
4908,31,255,1578.629,919.790
4909,56,255,762.589,921.268
4910,78,255,1567.538,923.974
4911,64,255,445.156,922.453
4912,113,255,463.394,924.128
4913,45,255,872.056,921.856
4914,46,255,886.500,922.000
4915,63,255,1071.103,921.865
4916,55,255,1377.973,922.555
4917,52,255,274.327,925.192
4918,23,255,550.717,922.804
4919,79,255,608.816,924.804
4920,56,255,745.696,922.893
4921,55,255,853.264,923.318
4922,54,255,904.889,922.963
4923,46,255,1128.587,923.717
4924,58,255,1189.707,924.293
4925,35,255,1295.643,923.300
4926,133,255,1502.192,928.034
4927,26,255,262.615,923.615
4928,45,255,534.522,925.744
4929,52,255,567.577,924.519
4930,75,255,1234.927,927.087
4931,31,255,1256.500,924.403
4932,40,255,1322.625,924.325
4933,23,255,71.587,925.065
4934,30,255,348.033,924.533
4935,33,255,663.894,924.439
4936,46,255,1225.500,925.761
4937,44,255,1285.318,925.932
4938,33,255,1332.591,925.470
4939,112,255,1445.018,928.625
4940,24,255,195.292,924.917
4941,40,255,826.550,926.675
4942,55,255,1021.573,925.700
4943,26,255,1053.115,925.500
4944,66,255,1103.152,926.015
4945,57,255,1307.149,927.465
4946,49,255,164.480,927.459
4947,52,255,331.942,928.135
4948,107,255,646.070,931.154
4949,41,255,709.354,926.451
4950,48,255,777.667,927.229
4951,33,255,792.894,927.076
4952,63,255,940.008,927.310
4953,55,255,1086.591,927.555
4954,60,255,1343.583,927.667
4955,39,255,155.115,928.628
4956,63,255,200.119,930.056
4957,60,255,221.867,929.067
4958,23,255,283.326,927.500
4959,37,255,319.986,927.689
4960,27,255,519.907,928.241
4961,20,255,818.950,927.150
4962,100,255,1247.990,932.160
4963,114,255,1411.246,931.702
4964,57,255,1433.991,929.482
4965,33,255,15.894,928.561
4966,20,255,182.400,928.150
4967,42,255,265.667,929.357
4968,24,255,511.375,928.750
4969,122,255,630.123,931.770
4970,48,255,1116.229,929.688
4971,53,255,1202.406,930.123
4972,34,255,249.235,930.088
4973,57,255,301.079,930.184
4974,80,255,377.975,930.962
4975,64,255,429.328,930.938
4976,110,255,691.227,932.264
4977,62,255,877.500,930.371
4978,51,255,967.559,930.206
4979,63,255,1364.357,930.944
4980,49,255,344.520,931.133
4981,72,255,913.528,932.250
4982,46,255,927.717,931.283
4983,34,255,956.676,930.735
4984,58,255,1038.914,931.431
4985,47,255,1075.415,931.032
4986,61,255,1180.221,932.877
4987,62,255,239.177,934.210
4988,37,255,358.041,931.311
4989,39,255,748.962,931.936
4990,43,255,899.616,932.058
4991,68,255,1459.397,933.779
4992,51,255,1514.598,934.029
4993,57,255,128.500,932.500
4994,62,255,762.226,932.597
4995,58,255,1103.638,934.190
4996,26,255,1299.654,932.846
4997,40,255,31.000,934.200
4998,60,255,713.067,934.867
4999,41,255,798.134,934.549
5000,63,255,981.214,934.659
5001,61,255,998.975,935.074
5002,90,255,1057.222,935.578
5003,72,255,1212.069,934.778
5004,95,255,1378.721,935.626
5005,93,255,1527.747,936.027
5006,33,255,109.924,934.379
5007,46,255,255.435,935.326
5008,79,255,669.095,937.259
5009,35,255,807.157,935.557
5010,22,255,816.955,934.273
5011,33,255,990.076,935.076
5012,48,255,1136.521,935.854
5013,92,255,1285.359,936.163
5014,25,255,59.100,935.620
5015,52,255,69.500,936.192
5016,33,255,179.409,934.955
5017,124,255,313.298,938.637
5018,39,255,1193.115,936.192
5019,57,255,1332.044,936.202
5020,56,255,1148.196,938.161
5021,30,255,1320.133,936.867
5022,72,255,1405.903,938.472
5023,37,255,368.338,937.824
5024,107,255,480.986,941.706
5025,104,255,525.673,939.990
5026,49,255,949.214,938.949
5027,29,255,1089.638,936.983
5028,28,255,1468.643,938.571
5029,95,255,1545.226,940.405
5030,48,255,143.875,939.167
5031,47,255,498.777,939.649
5032,51,255,1478.657,940.284
5033,78,255,463.385,943.103
5034,40,255,607.125,940.825
5035,58,255,868.897,940.500
5036,101,255,1119.292,942.262
5037,73,255,125.281,942.048
5038,90,255,205.878,943.167
5039,87,255,287.178,942.718
5040,60,255,1027.183,941.683
5041,68,255,1080.544,943.279
5042,42,255,1438.738,940.976
5043,56,255,15.518,942.714
5044,30,255,110.567,941.567
5045,110,255,266.155,944.836
5046,30,255,403.433,941.433
5047,30,255,1269.867,941.867
5048,117,255,1302.329,942.979
5049,99,255,1576.025,943.591
5050,40,255,174.750,942.850
5051,32,255,692.875,943.000
5052,50,255,750.540,943.920
5053,20,255,793.950,941.850
5054,25,255,919.460,942.580
5055,54,255,1234.204,944.000
5056,65,255,427.223,945.577
5057,27,255,442.907,945.389
5058,70,255,837.843,944.957
5059,54,255,904.870,945.130
5060,31,255,1013.919,943.403
5061,29,255,1244.672,943.397
5062,134,255,1339.060,946.761
5063,67,255,102.216,947.381
5064,29,255,240.603,944.983
5065,28,255,301.607,944.607
5066,32,255,391.469,944.375
5067,50,255,643.300,945.660
5068,30,255,761.867,944.833
5069,39,255,786.423,945.064
5070,41,255,846.793,945.549
5071,23,255,1065.804,944.283
5072,90,255,1457.300,946.811
5073,47,255,145.670,945.862
5074,34,255,858.088,945.853
5075,60,255,1040.900,947.000
5076,66,255,1362.485,946.924
5077,28,255,370.464,946.679
5078,54,255,419.870,949.519
5079,35,255,500.671,947.157
5080,53,255,1265.179,947.670
5081,41,255,1535.963,948.134
5082,26,255,1564.308,947.038
5083,43,255,220.965,948.291
5084,50,255,355.280,948.060
5085,24,255,821.167,947.083
5086,35,255,973.757,947.957
5087,52,255,982.962,948.712
5088,86,255,1169.349,950.907
5089,56,255,1252.607,949.357
5090,62,255,1591.000,949.371
5091,33,255,113.530,948.955
5092,69,255,939.645,950.355
5093,68,255,1055.147,950.515
5094,54,255,186.111,950.704
5095,26,255,407.500,948.885
5096,79,255,893.158,951.918
5097,52,255,929.712,951.558
5098,20,255,992.550,949.850
5099,23,255,1177.587,950.152
5100,62,255,1436.419,951.000
5101,53,255,75.632,950.915
5102,58,255,251.259,951.845
5103,49,255,585.724,951.602
5104,63,255,655.262,952.024
5105,92,255,684.163,952.804
5106,25,255,773.900,951.620
5107,37,255,955.581,950.716
5108,92,255,1215.924,954.543
5109,79,255,1384.589,952.449
5110,47,255,170.500,951.500
5111,22,255,210.909,951.091
5112,30,255,453.767,952.267
5113,56,255,553.304,954.375
5114,86,255,1224.198,955.953
5115,87,255,1482.477,953.845
5116,112,255,1522.973,955.312
5117,31,255,148.371,952.629
5118,29,255,308.569,952.983
5119,83,255,1304.946,953.861
5120,78,255,1401.269,955.705
5121,43,255,907.477,954.477
5122,40,255,919.375,954.150
5123,40,255,1190.275,953.825
5124,99,255,27.217,957.904
5125,57,255,55.728,955.395
5126,31,255,817.565,954.855
5127,29,255,865.534,954.397
5128,69,255,1013.790,955.819
5129,88,255,1076.080,957.352
5130,27,255,1114.093,954.426
5131,66,255,1133.909,956.712
5132,87,255,1146.833,957.017
5133,52,255,1241.615,955.846
5134,60,255,1375.633,956.867
5135,107,255,1561.855,959.435
5136,47,255,319.309,956.138
5137,30,255,615.800,955.767
5138,47,255,1353.181,957.074
5139,89,255,230.365,958.871
5140,31,255,476.565,957.145
5141,31,255,713.371,957.661
5142,37,255,736.311,957.014
5143,45,255,798.189,957.567
5144,37,255,1342.797,957.770
5145,100,255,1415.010,959.310
5146,45,255,438.056,958.433
5147,35,255,482.929,958.586
5148,67,255,568.500,959.724
5149,123,255,1029.785,961.248
5150,93,255,1505.726,960.220
5151,23,255,43.022,957.848
5152,51,255,375.873,959.480
5153,33,255,412.500,958.773
5154,93,255,591.866,961.285
5155,45,255,763.167,959.189
5156,46,255,1588.826,960.087
5157,30,255,208.333,959.333
5158,83,255,245.223,962.187
5159,47,255,679.670,961.287
5160,44,255,751.795,961.318
5161,54,255,826.444,961.852
5162,50,255,1179.160,960.080
5163,41,255,1386.866,960.988
5164,54,255,7.407,961.741
5165,100,255,186.360,962.810
5166,50,255,306.860,961.760
5167,36,255,620.889,961.778
5168,36,255,726.028,961.583
5169,59,255,852.161,962.195
5170,63,255,877.802,962.960
5171,38,255,981.737,960.632
5172,70,255,996.343,961.600
5173,20,255,1050.550,959.900
5174,56,255,1263.018,961.250
5175,63,255,1552.976,963.198
5176,41,255,147.183,961.744
5177,66,255,218.561,964.182
5178,61,255,518.434,963.910
5179,23,255,1464.065,961.891
5180,75,255,1474.167,963.940
5181,71,255,1577.331,963.387
5182,62,255,118.581,965.468
5183,59,255,659.517,963.907
5184,32,255,813.062,963.094
5185,43,255,963.802,963.500
5186,72,255,99.833,965.958
5187,44,255,131.455,964.455
5188,56,255,525.643,966.268
5189,45,255,538.722,964.989
5190,29,255,643.603,963.983
5191,40,255,867.650,964.000
5192,27,255,1087.204,963.833
5193,36,255,1111.722,964.361
5194,66,255,1248.561,964.652
5195,44,255,1281.295,964.023
5196,63,255,320.976,965.548
5197,43,255,1098.779,965.360
5198,71,255,1306.190,965.937
5199,52,255,1541.558,965.615
5200,40,255,87.425,965.725
5201,38,255,295.000,966.026
5202,38,255,670.763,967.132
5203,46,255,1122.674,966.043
5204,27,255,1433.130,966.056
5205,71,255,1443.782,967.768
5206,61,255,337.664,970.107
5207,96,255,355.406,970.104
5208,45,255,382.056,967.989
5209,81,255,452.377,968.500
5210,32,255,1063.500,966.312
5211,88,255,1368.102,968.909
5212,30,255,141.233,967.667
5213,95,255,279.742,969.574
5214,30,255,509.667,968.567
5215,29,255,1452.776,968.397
5216,140,255,200.957,973.686
5217,48,255,971.833,969.542
5218,56,255,1182.821,968.929
5219,70,255,61.829,973.243
5220,30,255,395.333,969.967
5221,32,255,486.250,969.719
5222,60,255,627.200,971.583
5223,31,255,762.952,969.661
5224,103,255,1009.015,973.500
5225,63,255,1210.484,972.929
5226,39,255,175.269,972.731
5227,29,255,581.810,970.603
5228,25,255,885.060,970.900
5229,91,255,896.500,975.071
5230,32,255,926.188,970.594
5231,75,255,1055.407,971.887
5232,42,255,1279.548,971.643
5233,22,255,80.182,971.455
5234,49,255,646.888,972.724
5235,44,255,696.886,972.864
5236,81,255,1336.290,973.389
5237,86,255,1509.500,972.860
5238,25,255,724.060,973.020
5239,36,255,935.139,973.583
5240,55,255,1323.264,974.900
5241,112,255,1595.562,976.696
5242,61,255,10.385,975.615
5243,63,255,259.230,977.230
5244,51,255,305.461,974.637
5245,113,255,803.385,975.226
5246,60,255,1220.867,974.067
5247,45,255,1246.544,974.189
5248,84,255,1260.738,976.214
5249,30,255,1475.600,974.200
5250,24,255,125.625,974.833
5251,49,255,373.296,975.480
5252,47,255,388.947,977.479
5253,44,255,599.432,975.682
5254,67,255,835.664,975.978
5255,25,255,1038.660,974.780
5256,109,255,1158.142,975.995
5257,29,255,1287.603,974.741
5258,73,255,1407.253,977.651
5259,28,255,569.286,975.643
5260,49,255,983.745,976.990
5261,24,255,72.042,976.750
5262,42,255,235.381,976.952
5263,43,255,865.105,977.314
5264,95,255,919.911,980.258
5265,30,255,1027.000,977.400
5266,62,255,1491.274,978.048
5267,34,255,485.000,977.294
5268,28,255,577.000,977.714
5269,80,255,952.487,980.438
5270,55,255,1095.864,978.645
5271,49,255,1134.112,978.500
5272,43,255,1436.547,978.174
5273,62,255,365.597,982.661
5274,73,255,412.130,981.788
5275,66,255,432.621,981.333
5276,29,255,456.362,978.259
5277,42,255,518.357,980.071
5278,22,255,561.227,978.091
5279,40,255,1018.500,980.475
5280,27,255,1086.611,979.722
5281,31,255,475.790,980.048
5282,40,255,673.475,980.425
5283,38,255,1045.868,980.895
5284,87,255,1555.902,982.557
5285,33,255,1035.500,981.258
5286,64,255,1459.438,982.297
5287,37,255,328.014,982.284
5288,53,255,586.066,982.047
5289,39,255,883.628,982.628
5290,39,255,1078.526,983.705
5291,75,255,1278.300,983.447
5292,47,255,1449.138,983.309
5293,38,255,335.816,983.579
5294,43,255,626.058,983.872
5295,24,255,816.458,983.542
5296,58,255,824.310,984.155
5297,22,255,910.591,983.136
5298,30,255,1198.533,982.667
5299,44,255,18.318,983.841
5300,41,255,47.402,984.549
5301,20,255,551.150,984.050
5302,44,255,849.273,983.750
5303,45,255,1114.789,984.233
5304,54,255,1212.389,984.185
5305,69,255,1298.601,987.819
5306,62,255,1387.210,984.500
5307,32,255,1481.844,983.719
5308,90,255,1501.600,987.244
5309,32,255,769.188,984.688
5310,37,255,1138.338,985.473
5311,24,255,1289.958,984.667
5312,24,255,1440.167,984.625
5313,31,255,171.887,985.952
5314,57,255,351.360,987.114
5315,69,255,562.413,987.152
5316,43,255,986.570,986.360
5317,32,255,1309.156,985.938
5318,39,255,1585.628,986.372
5319,81,255,68.414,987.031
5320,66,255,140.742,987.424
5321,44,255,248.818,987.750
5322,33,255,698.894,987.955
5323,42,255,1054.667,988.500
5324,33,255,1128.742,987.439
5325,97,255,1243.840,988.985
5326,46,255,1323.283,987.609
5327,61,255,1543.434,988.451
5328,53,255,493.028,988.934
5329,85,255,1070.700,990.500
5330,51,255,1180.637,988.088
5331,90,255,1364.244,989.811
5332,49,255,166.378,990.357
5333,34,255,708.235,991.088
5334,37,255,1194.878,989.176
5335,69,255,88.572,991.862
5336,22,255,307.000,989.000
5337,54,255,896.278,990.537
5338,106,255,1423.943,992.613
5339,28,255,1592.893,991.000
5340,30,255,762.533,990.633
5341,48,255,1032.188,991.521
5342,76,255,31.092,992.789
5343,43,255,290.709,992.081
5344,23,255,420.674,991.370
5345,88,255,454.773,994.136
5346,42,255,736.000,991.381
5347,55,255,782.500,992.882
5348,39,255,847.756,992.859
5349,32,255,1270.500,991.000
5350,38,255,507.868,994.184
5351,45,255,548.589,993.167
5352,55,255,1483.755,993.936
5353,27,255,229.093,993.574
5354,57,255,382.868,995.447
5355,55,255,434.809,995.736
5356,51,255,875.598,994.382
5357,35,255,1007.443,993.443
5358,52,255,1146.558,994.365
5359,121,255,1336.632,995.748
5360,36,255,1474.528,994.500
5361,63,255,1512.548,995.611
5362,27,255,302.907,994.944
5363,81,255,324.685,995.994
5364,93,255,800.973,996.758
5365,69,255,996.442,997.688
5366,68,255,1182.118,995.206
5367,81,255,1568.241,996.154
5368,99,255,131.419,998.904
5369,52,255,1412.481,997.538
5370,46,255,1115.891,997.804
5371,58,255,341.328,999.414
5372,79,255,419.791,998.703
5373,49,255,517.643,1000.235
5374,78,255,530.423,1000.577
5375,42,255,624.238,998.500
5376,41,255,1200.573,997.890
5377,54,255,1224.704,997.889
5378,50,255,1351.240,998.960
5379,72,255,1359.611,1000.792
5380,75,255,1381.473,998.313
5381,60,255,1434.833,999.333
5382,27,255,286.759,998.981
5383,47,255,491.372,999.734
5384,50,255,611.720,999.420
5385,21,255,834.357,997.833
5386,34,255,976.882,999.206
5387,115,255,1160.465,1002.430
5388,33,255,1303.167,998.470
5389,37,255,1545.824,999.284
5390,66,255,145.015,1001.909
5391,25,255,635.300,999.740
5392,46,255,1270.978,1000.413
5393,62,255,1583.355,1001.387
5394,56,255,9.964,1001.286
5395,27,255,57.500,1000.648
5396,42,255,113.714,1001.500
5397,50,255,178.720,1002.540
5398,22,255,312.864,1000.364
5399,42,255,1079.571,1001.452
5400,59,255,1456.093,1001.636
5401,61,255,1535.402,1003.369
5402,44,255,102.000,1002.886
5403,126,255,678.016,1004.198
5404,36,255,892.028,1001.167
5405,62,255,1212.323,1002.677
5406,27,255,1289.352,1001.019
5407,33,255,1316.712,1001.561
5408,46,255,25.109,1003.043
5409,47,255,448.585,1003.117
5410,35,255,1090.414,1002.957
5411,51,255,1554.990,1004.422
5412,33,255,66.409,1003.985
5413,26,255,278.500,1003.115
5414,26,255,665.462,1004.077
5415,53,255,1052.858,1005.179
5416,120,255,228.625,1008.900
5417,77,255,909.214,1005.851
5418,41,255,828.500,1006.500
5419,61,255,858.844,1007.107
5420,61,255,943.484,1007.648
5421,20,255,1262.150,1005.400
5422,36,255,766.889,1007.250
5423,119,255,840.954,1011.668
5424,50,255,1103.880,1008.460
5425,64,255,1569.438,1008.094
5426,40,255,42.000,1007.800
5427,51,255,494.206,1008.343
5428,73,255,593.473,1008.815
5429,36,255,1337.861,1007.500
5430,58,255,1594.103,1008.897
5431,55,255,81.445,1010.136
5432,28,255,158.429,1009.071
5433,58,255,318.707,1009.759
5434,77,255,776.032,1010.955
5435,67,255,1130.112,1011.321
5436,36,255,1374.472,1009.028
5437,57,255,1437.711,1010.693
5438,53,255,456.349,1010.594
5439,72,255,794.417,1010.444
5440,33,255,959.712,1010.045
5441,22,255,1086.000,1010.000
5442,27,255,23.833,1010.648
5443,20,255,547.700,1010.800
5444,74,255,570.284,1011.446
5445,62,255,642.016,1011.581
5446,51,255,1118.520,1012.186
5447,48,255,1385.208,1011.083
5448,104,255,1415.240,1013.731
5449,31,255,257.274,1012.790
5450,42,255,1235.143,1011.905
5451,28,255,1329.643,1011.964
5452,63,255,1355.103,1012.865
5453,31,255,419.500,1012.500
5454,37,255,463.716,1014.473
5455,36,255,1252.889,1013.639
5456,55,255,1460.136,1014.973
5457,51,255,100.324,1015.971
5458,41,255,176.720,1014.329
5459,32,255,355.469,1014.094
5460,35,255,524.500,1013.614
5461,66,255,535.970,1014.788
5462,84,255,696.893,1016.155
5463,59,255,1304.737,1014.737
5464,35,255,907.014,1014.871
5465,81,255,1447.364,1018.191
5466,54,255,559.148,1016.981
5467,76,255,616.303,1017.789
5468,66,255,1204.470,1017.000
5469,101,255,1523.035,1018.025
5470,35,255,1585.043,1015.814
5471,35,255,43.529,1016.671
5472,47,255,55.032,1017.564
5473,144,255,752.069,1021.167
5474,22,255,1047.909,1016.409
5475,50,255,1172.240,1017.300
5476,26,255,1425.846,1017.038
5477,30,255,191.933,1017.600
5478,77,255,211.799,1018.656
5479,75,255,403.353,1019.500
5480,43,255,729.314,1019.407
5481,22,255,1400.045,1017.409
5482,65,255,12.346,1020.946
5483,25,255,122.220,1018.860
5484,34,255,606.324,1019.088
5485,37,255,1080.770,1019.554
5486,125,255,1559.364,1022.084
5487,84,255,240.798,1021.143
5488,38,255,595.474,1019.816
5489,30,255,856.600,1020.300
5490,87,255,921.155,1021.684
5491,26,255,1366.423,1019.385
5492,54,255,1381.037,1021.389
5493,53,255,371.594,1023.009
5494,100,255,421.370,1023.650
5495,61,255,482.418,1022.008
5496,42,255,552.857,1022.476
5497,46,255,576.891,1021.891
5498,84,255,646.440,1022.762
5499,47,255,35.011,1022.500
5500,60,255,345.417,1022.383
5501,51,255,363.618,1022.873
5502,88,255,448.602,1024.170
5503,75,255,518.460,1023.047
5504,62,255,1111.097,1023.387
5505,87,255,1347.787,1023.362
5506,49,255,291.541,1024.173
5507,40,255,543.100,1024.200
5508,65,255,661.023,1024.669
5509,65,255,1039.008,1024.992
5510,30,255,265.300,1023.500
5511,25,255,301.740,1023.300
5512,90,255,787.222,1027.633
5513,31,255,1027.565,1023.919
5514,24,255,1095.917,1023.792
5515,44,255,1148.364,1024.250
5516,56,255,1551.696,1025.393
5517,22,255,114.273,1023.955
5518,41,255,137.744,1025.500
5519,26,255,145.577,1025.500
5520,73,255,389.911,1027.760
5521,49,255,778.276,1026.500
5522,34,255,967.529,1024.882
5523,43,255,1178.640,1025.267
5524,59,255,1195.517,1026.059
5525,23,255,1302.283,1026.848
5526,121,255,1585.128,1028.384
5527,45,255,588.767,1026.967
5528,67,255,677.321,1028.664
5529,69,255,866.022,1027.399
5530,62,255,900.016,1027.371
5531,43,255,463.849,1027.360
5532,66,255,599.621,1028.576
5533,40,255,829.300,1027.700
5534,63,255,1215.722,1027.992
5535,47,255,1239.883,1026.840
5536,38,255,1290.289,1026.921
5537,44,255,1332.205,1026.477
5538,29,255,1475.879,1026.466
5539,63,255,161.119,1028.135
5540,46,255,271.109,1028.761
5541,161,255,1403.289,1031.717
5542,29,255,1421.362,1028.052
5543,51,255,1497.990,1028.402
5544,46,255,1518.174,1028.739
5545,84,255,230.500,1030.560
5546,54,255,309.722,1030.241
5547,91,255,624.104,1030.830
5548,70,255,945.914,1030.214
5549,21,255,1269.167,1028.357
5550,30,255,1486.300,1029.233
5551,92,255,532.380,1031.250
5552,47,255,1529.202,1030.628
5553,62,255,406.823,1032.177
5554,23,255,1094.630,1030.022
5555,37,255,1133.122,1030.824
5556,22,255,1259.591,1030.409
5557,59,255,1364.669,1031.212
5558,25,255,1386.100,1030.500
5559,28,255,1433.500,1030.786
5560,78,255,41.513,1034.679
5561,78,255,506.538,1034.321
5562,81,255,814.216,1033.907
5563,34,255,1153.647,1031.765
5564,41,255,1540.988,1032.768
5565,61,255,642.828,1034.254
5566,68,255,744.206,1034.912
5567,54,255,912.463,1034.926
5568,67,255,958.187,1034.396
5569,36,255,76.750,1034.639
5570,25,255,393.420,1034.580
5571,21,255,1314.548,1033.738
5572,54,255,28.463,1036.315
5573,42,255,109.214,1034.833
5574,128,255,296.047,1038.320
5575,102,255,883.843,1037.020
5576,82,255,66.146,1038.622
5577,69,255,96.036,1037.326
5578,29,255,159.845,1035.293
5579,103,255,207.024,1038.044
5580,32,255,343.344,1036.125
5581,30,255,1112.267,1035.667
5582,36,255,1219.250,1037.389
5583,61,255,136.877,1038.336
5584,47,255,372.181,1037.904
5585,21,255,703.262,1037.071
5586,48,255,751.646,1038.479
5587,75,255,825.527,1039.287
5588,25,255,1012.060,1036.700
5589,25,255,1301.340,1036.180
5590,23,255,1388.587,1037.065
5591,36,255,484.111,1038.639
5592,20,255,568.900,1036.850
5593,55,255,864.500,1038.318
5594,38,255,922.579,1038.947
5595,32,255,1147.500,1037.719
5596,52,255,1198.769,1039.615
5597,33,255,1265.591,1037.652
5598,109,255,279.326,1042.729
5599,60,255,382.583,1040.800
5600,58,255,844.293,1040.552
5601,63,255,1056.500,1039.468
5602,28,255,1502.357,1039.250
5603,71,255,120.232,1041.415
5604,59,255,224.873,1041.534
5605,34,255,257.029,1040.941
5606,50,255,399.440,1040.040
5607,22,255,493.182,1040.318
5608,79,255,615.209,1042.184
5609,60,255,1094.917,1041.750
5610,163,255,1175.617,1044.702
5611,66,255,1286.727,1041.333
5612,23,255,1319.413,1039.761
5613,54,255,1445.963,1040.519
5614,75,255,570.767,1043.233
5615,22,255,604.818,1040.864
5616,45,255,801.856,1042.167
5617,34,255,1106.353,1041.235
5618,53,255,1336.689,1041.538
5619,34,255,1378.059,1041.676
5620,32,255,1437.156,1041.188
5621,171,255,151.705,1046.921
5622,31,255,362.919,1041.887
5623,79,255,411.842,1043.601
5624,72,255,672.639,1043.458
5625,45,255,1459.967,1042.922
5626,101,255,1556.886,1044.916
5627,48,255,531.125,1043.083
5628,51,255,1004.147,1044.324
5629,31,255,1515.532,1041.855
5630,24,255,194.500,1044.000
5631,67,255,245.366,1045.649
5632,84,255,593.131,1045.667
5633,79,255,685.019,1046.171
5634,77,255,1477.487,1045.812
5635,96,255,106.708,1047.177
5636,50,255,168.700,1046.080
5637,55,255,180.500,1045.300
5638,78,255,332.090,1046.256
5639,52,255,350.788,1046.846
5640,52,255,1259.423,1046.712
5641,46,255,19.978,1045.935
5642,82,255,426.793,1048.402
5643,103,255,743.044,1048.762
5644,32,255,1013.469,1045.844
5645,26,255,1394.346,1045.385
5646,38,255,201.211,1047.658
5647,45,255,461.056,1048.033
5648,74,255,1214.351,1048.865
5649,32,255,1361.688,1047.000
5650,25,255,1404.180,1046.140
5651,60,255,7.617,1050.083
5652,26,255,31.154,1047.346
5653,98,255,265.541,1049.388
5654,91,255,437.654,1052.214
5655,81,255,757.870,1051.130
5656,57,255,885.939,1049.605
5657,28,255,994.893,1049.000
5658,45,255,1296.167,1049.211
5659,31,255,1334.177,1048.435
5660,80,255,550.962,1051.575
5661,90,255,790.689,1052.600
5662,84,255,871.905,1051.333
5663,77,255,949.526,1050.955
5664,36,255,1046.083,1050.917
5665,70,255,1129.071,1053.400
5666,80,255,1502.263,1049.938
5667,54,255,1596.907,1050.667
5668,100,255,523.560,1053.660
5669,90,255,648.000,1052.500
5670,57,255,773.132,1051.167
5671,118,255,472.576,1054.568
5672,49,255,1240.929,1051.663
5673,77,255,134.760,1054.643
5674,96,255,372.802,1055.906
5675,84,255,818.012,1054.107
5676,74,255,1145.662,1052.865
5677,56,255,1197.893,1052.893
5678,55,255,1521.791,1052.555
5679,105,255,315.557,1056.871
5680,31,255,534.919,1053.661
5681,44,255,82.795,1054.000
5682,109,255,832.665,1056.665
5683,32,255,1109.688,1054.344
5684,58,255,1369.000,1054.845
5685,25,255,1546.140,1053.140
5686,40,255,95.900,1054.750
5687,146,255,902.390,1060.260
5688,102,255,965.412,1057.304
5689,110,255,1078.400,1058.427
5690,39,255,1312.577,1055.064
5691,34,255,1421.706,1055.118
5692,73,255,1436.473,1055.760
5693,108,255,58.556,1058.398
5694,91,255,183.500,1057.797
5695,43,255,219.988,1057.198
5696,46,255,1355.435,1056.565
5697,41,255,1574.939,1055.866
5698,69,255,240.283,1057.775
5699,104,255,988.548,1059.769
5700,27,255,1399.093,1056.685
5701,60,255,1058.583,1059.867
5702,48,255,1216.125,1057.688
5703,103,255,245.510,1065.189
5704,50,255,277.800,1060.080
5705,77,255,421.474,1060.942
5706,37,255,461.662,1059.635
5707,70,255,671.657,1060.743
5708,39,255,1409.705,1059.910
5709,22,255,1513.682,1058.500
5710,42,255,41.595,1060.048
5711,79,255,227.285,1062.171
5712,132,255,298.750,1062.265
5713,60,255,1070.167,1061.367
5714,59,255,1390.449,1061.432
5715,43,255,1585.477,1060.221
5716,48,255,600.000,1061.708
5717,76,255,707.658,1062.395
5718,37,255,29.446,1061.932
5719,106,255,563.934,1064.377
5720,61,255,765.861,1063.008
5721,91,255,948.445,1064.027
5722,45,255,1269.100,1062.767
5723,44,255,1338.818,1063.250
5724,61,255,1467.779,1062.189
5725,37,255,1522.608,1062.851
5726,52,255,520.635,1064.635
5727,39,255,732.449,1062.936
5728,66,255,757.333,1065.318
5729,28,255,1309.357,1063.143
5730,69,255,140.007,1065.587
5731,57,255,481.728,1067.693
5732,63,255,679.246,1065.627
5733,69,255,696.428,1065.891
5734,33,255,1133.682,1064.258
5735,93,255,1487.909,1064.661
5736,65,255,1544.454,1066.638
5737,100,255,1553.870,1067.540
5738,31,255,1567.048,1063.790
5739,63,255,97.119,1066.198
5740,61,255,162.926,1066.910
5741,54,255,887.611,1066.463
5742,69,255,1252.732,1066.007
5743,43,255,1319.640,1065.709
5744,70,255,4.786,1066.857
5745,59,255,267.907,1068.415
5746,83,255,806.392,1067.283
5747,63,255,1238.738,1067.833
5748,51,255,200.990,1067.598
5749,58,255,351.517,1068.379
5750,66,255,1166.561,1070.227
5751,55,255,1590.245,1068.736
5752,38,255,34.974,1068.211
5753,88,255,581.807,1070.091
5754,53,255,129.047,1070.142
5755,88,255,449.920,1071.091
5756,56,255,661.911,1069.893
5757,57,255,1086.430,1070.868
5758,39,255,1155.577,1069.628
5759,81,255,1216.463,1070.648
5760,23,255,43.891,1069.196
5761,23,255,60.022,1069.935
5762,104,255,277.279,1072.308
5763,72,255,535.153,1071.458
5764,79,255,632.589,1072.627
5765,110,255,972.418,1072.464
5766,32,255,1096.719,1070.031
5767,26,255,1293.000,1070.577
5768,75,255,71.020,1072.713
5769,44,255,490.932,1072.455
5770,55,255,611.991,1072.791
5771,33,255,1286.227,1070.439
5772,78,255,206.179,1074.256
5773,57,255,600.044,1073.535
5774,32,255,1180.500,1071.188
5775,46,255,1306.435,1072.348
5776,57,255,1358.167,1072.974
5777,37,255,1409.392,1072.689
5778,72,255,1448.875,1074.194
5779,34,255,1456.971,1071.912
5780,46,255,191.413,1073.978
5781,44,255,939.386,1074.727
5782,100,255,745.330,1077.670
5783,28,255,769.143,1074.821
5784,92,255,816.011,1078.609
5785,126,255,1048.349,1077.500
5786,32,255,1111.656,1074.156
5787,35,255,1339.586,1073.814
5788,42,255,1500.690,1074.429
5789,114,255,1533.272,1079.693
5790,51,255,362.559,1076.637
5791,39,255,719.449,1074.782
5792,67,255,781.799,1076.127
5793,28,255,102.214,1075.536
5794,87,255,297.672,1077.845
5795,70,255,390.800,1077.086
5796,151,255,508.175,1079.328
5797,56,255,643.946,1077.321
5798,59,255,861.992,1076.737
5799,22,255,1118.818,1075.636
5800,79,255,1487.247,1080.019
5801,47,255,410.691,1077.862
5802,65,255,827.392,1079.669
5803,103,255,1248.811,1078.801
5804,36,255,1417.139,1077.194
5805,95,255,799.984,1079.995
5806,72,255,1141.292,1079.667
5807,39,255,1180.756,1077.833
5808,50,255,1328.780,1078.120
5809,66,255,685.303,1080.864
5810,59,255,1102.585,1079.737
5811,124,255,42.790,1082.863
5812,23,255,561.630,1080.283
5813,90,255,673.122,1083.033
5814,25,255,930.940,1081.300
5815,39,255,1202.756,1081.295
5816,33,255,1560.500,1079.803
5817,34,255,159.324,1080.588
5818,46,255,185.065,1082.130
5819,83,255,701.970,1084.090
5820,69,255,965.645,1082.312
5821,42,255,1570.000,1082.000
5822,97,255,257.624,1084.438
5823,46,255,1473.652,1081.913
5824,32,255,1597.188,1081.781
5825,47,255,240.309,1084.543
5826,102,255,326.588,1085.608
5827,69,255,398.949,1084.746
5828,56,255,574.411,1084.089
5829,48,255,1579.333,1084.125
5830,22,255,109.955,1083.364
5831,59,255,545.483,1084.924
5832,69,255,630.123,1085.384
5833,68,255,1214.985,1085.206
5834,38,255,1283.184,1083.605
5835,39,255,1384.218,1083.346
5836,86,255,313.395,1087.640
5837,49,255,449.806,1085.724
5838,35,255,764.929,1085.557
5839,81,255,857.093,1086.722
5840,112,255,13.277,1087.741
5841,47,255,1073.904,1088.330
5842,41,255,1418.695,1085.573
5843,75,255,1509.367,1087.580
5844,67,255,1550.157,1088.246
5845,89,255,999.747,1089.185
5846,56,255,1405.554,1087.625
5847,117,255,531.996,1090.551
5848,80,255,842.737,1090.700
5849,85,255,1163.406,1090.218
5850,24,255,1591.375,1087.833
5851,65,255,557.531,1091.223
5852,90,255,658.522,1091.589
5853,99,255,912.258,1091.086
5854,32,255,976.656,1089.500
5855,73,255,1084.788,1091.185
5856,30,255,1372.900,1088.667
5857,41,255,1560.012,1090.134
5858,40,255,1526.525,1089.875
5859,26,255,51.615,1090.962
5860,22,255,200.773,1090.500
5861,65,255,365.500,1093.223
5862,91,255,874.764,1092.731
5863,46,255,1385.000,1091.283
5864,67,255,644.515,1093.604
5865,74,255,1065.797,1093.676
5866,39,255,1492.859,1092.115
5867,37,255,100.365,1093.311
5868,23,255,684.500,1092.326
5869,65,255,1222.623,1094.131
5870,61,255,113.516,1094.566
5871,44,255,402.886,1094.250
5872,40,255,430.725,1094.200
5873,46,255,1271.913,1094.870
5874,53,255,190.689,1095.745
5875,48,255,252.750,1096.208
5876,69,255,467.022,1096.384
5877,76,255,481.421,1096.461
5878,28,255,544.000,1094.357
5879,47,255,819.223,1096.883
5880,61,255,1294.467,1095.107
5881,29,255,1540.121,1094.052
5882,59,255,1573.008,1095.178
5883,69,255,31.587,1097.065
5884,30,255,44.233,1095.467
5885,41,255,175.841,1096.915
5886,62,255,294.081,1097.274
5887,51,255,901.186,1097.127
5888,52,255,968.885,1096.712
5889,46,255,1446.674,1097.000
5890,22,255,90.818,1097.273
5891,48,255,500.896,1097.479
5892,42,255,858.000,1097.310
5893,41,255,1419.963,1097.378
5894,38,255,1510.474,1096.974
5895,29,255,268.224,1098.086
5896,35,255,610.729,1097.700
5897,30,255,810.367,1098.133
5898,26,255,1010.308,1097.923
5899,25,255,353.580,1098.180
5900,36,255,587.444,1098.222
5901,20,255,720.200,1098.250
5902,22,255,765.318,1098.364
5903,30,255,922.500,1098.233
5904,28,255,1022.500,1098.357
5905,20,255,1049.200,1098.250
5906,46,255,1398.500,1098.152
5907,26,255,1547.769,1098.192
5908,22,255,219.636,1098.636
