 ,Area,Mean,X,Y
1,41,255,677.402,11.012
2,48,255,833.521,12.771
3,41,255,648.183,12.817
4,77,255,708.305,14.786
5,126,255,632.214,16.754
6,45,255,663.344,15.989
7,48,255,739.000,14.271
8,58,255,762.172,13.914
9,32,255,802.719,16.250
10,68,255,723.279,18.824
11,65,255,748.485,18.746
12,52,255,868.308,16.769
13,30,255,617.767,17.467
14,54,255,412.981,20.407
15,44,255,481.023,20.500
16,34,255,581.500,20.676
17,43,255,646.407,20.174
18,21,255,432.357,20.167
19,25,255,979.660,20.380
20,40,255,299.075,20.875
21,43,255,380.616,23.360
22,22,255,612.364,22.318
23,134,255,246.560,28.776
24,49,255,255.969,23.929
25,34,255,276.559,22.735
26,23,255,287.022,23.630
27,20,255,358.150,22.100
28,33,255,931.439,22.561
29,43,255,963.779,22.663
30,24,255,993.375,23.000
31,26,255,535.038,23.654
32,42,255,618.167,25.429
33,68,255,177.765,27.074
34,61,255,191.238,27.352
35,93,255,218.801,27.253
36,28,255,739.750,25.750
37,91,255,203.962,28.929
38,50,255,766.540,28.660
39,129,255,231.159,33.911
40,35,255,1.871,31.986
41,95,255,752.258,32.111
42,55,255,59.136,31.609
43,43,255,255.640,32.198
44,40,255,412.300,31.000
45,64,255,723.047,32.609
46,37,255,1030.824,32.149
47,95,255,41.847,33.047
48,48,255,981.417,32.646
49,33,255,575.955,33.470
50,20,255,875.150,31.950
51,34,255,68.147,34.147
52,59,255,83.653,34.008
53,67,255,102.963,35.396
54,36,255,154.472,33.417
55,77,255,473.123,34.682
56,31,255,11.758,35.661
57,32,255,631.781,35.438
58,74,255,926.568,36.162
59,31,255,835.597,36.952
60,103,255,189.519,42.403
61,32,255,643.344,37.906
62,44,255,814.909,38.432
63,22,255,33.409,38.409
64,33,255,95.864,40.409
65,39,255,212.038,39.346
66,26,255,567.077,38.423
67,27,255,1071.056,40.759
68,63,255,504.548,41.675
69,84,255,486.714,42.845
70,44,255,614.386,42.227
71,32,255,799.531,41.844
72,49,255,56.541,43.908
73,61,255,961.598,42.697
74,20,255,1138.550,42.500
75,22,255,5.455,43.409
76,65,255,1017.362,44.962
77,40,255,380.875,44.400
78,36,255,414.000,44.500
79,61,255,759.680,45.811
80,25,255,917.460,45.260
81,43,255,1056.430,45.314
82,49,255,816.500,45.357
83,58,255,1114.172,45.621
84,23,255,1182.717,47.283
85,66,255,111.727,51.303
86,56,255,784.964,49.196
87,41,255,970.744,49.037
88,34,255,1065.647,48.853
89,25,255,1157.260,48.540
90,62,255,1200.048,48.726
91,70,255,537.329,50.314
92,50,255,511.500,52.220
93,24,255,647.833,50.083
94,72,255,836.361,54.292
95,47,255,1131.074,49.904
96,52,255,15.712,51.385
97,90,255,197.467,55.056
98,42,255,982.595,51.357
99,25,255,1146.460,50.700
100,47,255,586.223,51.883
101,52,255,827.058,55.192
102,51,255,678.931,54.559
103,82,255,1093.427,55.305
104,42,255,54.952,54.357
105,66,255,271.970,54.121
106,70,255,768.457,55.629
107,66,255,246.288,54.924
108,28,255,390.321,55.179
109,30,255,723.833,55.167
110,57,255,1236.991,57.237
111,49,255,801.092,57.276
112,23,255,847.109,55.457
113,52,255,929.308,57.135
114,25,255,1076.700,55.620
115,130,255,214.977,60.569
116,24,255,288.375,57.167
117,32,255,380.938,56.625
118,61,255,499.697,57.369
119,23,255,706.283,56.370
120,41,255,735.695,56.890
121,61,255,758.549,58.680
122,37,255,48.743,57.986
123,69,255,121.659,59.688
124,50,255,485.760,57.960
125,29,255,792.500,57.500
126,45,255,887.411,58.544
127,137,255,173.953,62.201
128,29,255,1292.190,58.431
129,57,255,814.640,60.956
130,39,255,1216.397,60.295
131,81,255,139.105,63.327
132,26,255,394.346,60.115
133,53,255,444.123,62.802
134,25,255,473.780,60.700
135,29,255,625.638,60.500
136,67,255,779.978,61.724
137,40,255,898.375,61.450
138,46,255,992.348,60.913
139,53,255,1270.934,62.047
140,78,255,1319.974,62.885
141,43,255,159.663,63.221
142,36,255,1011.750,61.639
143,48,255,263.333,64.688
144,20,255,634.050,63.150
145,57,255,704.904,66.114
146,31,255,822.823,64.210
147,48,255,488.750,65.292
148,44,255,192.114,66.864
149,31,255,504.177,65.306
150,32,255,675.656,67.156
151,33,255,730.652,67.288
152,62,255,1021.339,69.242
153,31,255,1046.339,66.113
154,21,255,1300.310,65.929
155,35,255,351.043,68.814
156,32,255,665.719,68.406
157,36,255,290.250,71.139
158,44,255,787.295,72.273
159,22,255,933.000,70.500
160,34,255,327.000,72.882
161,31,255,474.629,72.242
162,44,255,870.045,74.091
163,25,255,940.860,72.100
164,51,255,957.853,72.147
165,36,255,859.806,74.417
166,61,255,1127.369,74.516
167,22,255,278.591,73.591
168,45,255,750.344,74.433
169,20,255,1141.550,73.400
170,147,255,1392.330,77.303
171,24,255,509.958,74.250
172,25,255,650.580,74.380
173,96,255,759.677,77.625
174,92,255,776.554,77.815
175,62,255,214.452,79.065
176,31,255,304.145,77.887
177,56,255,1206.196,77.750
178,46,255,75.804,77.739
179,28,255,661.179,78.036
180,20,255,672.550,77.600
181,40,255,682.000,79.300
182,36,255,808.528,78.139
183,114,255,1257.404,81.754
184,49,255,1284.867,78.398
185,33,255,52.561,79.197
186,36,255,356.778,79.167
187,45,255,1060.300,80.078
188,59,255,1245.415,80.381
189,134,255,1408.679,82.060
190,21,255,310.500,79.500
191,44,255,797.341,80.045
192,46,255,1229.152,79.935
193,23,255,655.109,80.848
194,78,255,846.346,82.615
195,22,255,250.636,82.000
196,40,255,951.350,82.825
197,39,255,1165.449,82.756
198,59,255,173.822,83.364
199,35,255,698.100,82.386
200,28,255,1194.500,83.000
201,46,255,1298.978,83.522
202,75,255,322.180,85.633
203,42,255,347.286,84.738
204,48,255,412.396,85.667
205,25,255,1178.140,84.780
206,73,255,1333.240,87.253
207,40,255,878.325,86.550
208,56,255,1217.161,86.500
209,33,255,1426.924,86.561
210,145,255,1478.652,89.783
211,44,255,91.250,88.977
212,28,255,505.429,88.393
213,53,255,860.500,89.387
214,33,255,907.500,88.803
215,41,255,461.524,89.915
216,48,255,1060.583,89.604
217,44,255,766.364,91.409
218,36,255,836.194,91.556
219,91,255,436.005,94.181
220,65,255,475.238,93.085
221,27,255,758.500,91.648
222,37,255,1048.257,91.392
223,36,255,1240.250,91.444
224,57,255,655.149,92.518
225,41,255,1186.476,92.768
226,52,255,262.596,93.827
227,68,255,343.706,94.309
228,43,255,329.384,95.570
229,32,255,151.969,95.250
230,35,255,286.471,95.329
231,42,255,489.619,95.214
232,23,255,1507.022,94.413
233,62,255,404.194,97.823
234,76,255,566.289,98.211
235,47,255,962.138,96.074
236,58,255,1036.603,97.224
237,26,255,1262.192,95.077
238,42,255,632.476,97.595
239,42,255,1337.286,97.500
240,47,255,1419.074,97.457
241,47,255,44.266,98.734
242,37,255,1528.068,98.554
243,68,255,1543.221,100.382
244,35,255,673.414,98.500
245,44,255,162.636,100.023
246,33,255,891.742,100.318
247,22,255,1113.500,99.000
248,31,255,1303.823,99.855
249,50,255,1425.020,101.600
250,27,255,16.648,101.056
251,37,255,1218.365,101.446
252,26,255,473.500,102.000
253,37,255,597.473,101.716
254,94,255,1471.394,106.245
255,59,255,129.280,104.636
256,64,255,546.469,103.094
257,43,255,1566.919,103.430
258,62,255,284.242,104.145
259,61,255,1006.730,105.254
260,50,255,1077.880,104.920
261,41,255,1275.305,104.085
262,36,255,1295.250,104.500
263,39,255,1328.449,104.269
264,60,255,1350.367,104.850
265,52,255,258.135,106.654
266,55,255,782.082,105.991
267,38,255,1229.105,105.000
268,24,255,1253.458,104.625
269,76,255,1496.487,105.750
270,20,255,151.750,105.450
271,70,255,667.500,106.371
272,68,255,1099.059,107.721
273,53,255,1241.802,107.783
274,47,255,1413.436,107.479
275,61,255,314.205,108.467
276,77,255,426.409,108.240
277,96,255,523.146,109.531
278,38,255,611.079,106.368
279,34,255,1215.441,107.265
280,79,255,590.310,109.981
281,22,255,1591.000,107.000
282,24,255,13.167,108.375
283,75,255,68.940,113.673
284,28,255,76.357,109.429
285,27,255,163.241,108.056
286,55,255,497.500,111.500
287,45,255,707.522,111.211
288,44,255,762.409,110.341
289,119,255,891.013,114.122
290,34,255,984.971,110.647
291,45,255,1517.878,109.633
292,87,255,87.684,112.454
293,66,255,739.788,111.561
294,47,255,1060.500,111.245
295,41,255,177.012,112.500
296,33,255,194.530,111.682
297,90,255,441.000,114.189
298,58,255,804.517,113.241
299,37,255,347.500,113.500
300,82,255,552.646,115.817
301,84,255,696.798,115.798
302,87,255,716.075,115.833
303,55,255,1115.191,113.809
304,36,255,1295.889,113.000
305,54,255,156.407,115.944
306,115,255,411.413,116.717
307,96,255,849.490,116.208
308,44,255,1072.773,114.795
309,138,255,566.420,118.913
310,90,255,755.633,119.556
311,77,255,766.721,117.474
312,44,255,1251.205,114.886
313,73,255,452.432,118.075
314,61,255,939.811,116.189
315,48,255,110.521,117.688
316,43,255,387.826,119.105
317,40,255,509.550,117.475
318,119,255,541.189,121.483
319,75,255,955.060,117.900
320,91,255,1016.610,119.269
321,29,255,1426.328,117.466
322,43,255,269.616,119.221
323,46,255,361.413,119.043
324,115,255,396.248,123.430
325,42,255,652.310,118.238
326,105,255,789.195,120.129
327,91,255,483.599,121.280
328,78,255,1095.974,120.744
329,35,255,1367.100,119.471
330,33,255,149.197,120.379
331,135,255,998.463,124.293
332,55,255,236.591,122.973
333,56,255,1234.107,121.875
334,29,255,1300.259,120.466
335,31,255,1310.145,121.919
336,26,255,598.654,122.808
337,70,255,1479.614,124.286
338,99,255,519.167,125.005
339,52,255,706.192,123.846
340,39,255,738.910,123.577
341,117,255,810.637,126.825
342,50,255,1079.540,125.080
343,44,255,1243.182,123.477
344,56,255,1495.232,124.161
345,67,255,316.664,126.649
346,70,255,858.500,124.914
347,36,255,1187.694,125.306
348,33,255,1422.924,123.924
349,70,255,50.586,126.757
350,31,255,158.887,124.629
351,23,255,262.543,124.891
352,102,255,290.147,127.216
353,93,255,326.511,128.898
354,52,255,820.346,126.481
355,71,255,883.303,127.232
356,92,255,106.641,129.989
357,93,255,377.575,128.220
358,60,255,504.433,127.667
359,25,255,622.220,126.460
360,125,255,836.828,129.412
361,65,255,912.792,126.654
362,31,255,243.919,127.661
363,55,255,448.391,128.227
364,106,255,607.170,130.321
365,80,255,669.188,129.863
366,87,255,772.534,133.144
367,65,255,1035.546,129.546
368,53,255,1354.726,129.783
369,51,255,1439.931,128.108
370,47,255,41.798,131.351
371,63,255,93.786,129.976
372,66,255,929.439,130.758
373,154,255,426.279,132.578
374,38,255,746.474,131.105
375,64,255,905.141,131.641
376,77,255,1237.487,131.019
377,83,255,1465.392,132.789
378,35,255,24.614,132.043
379,38,255,650.842,130.895
380,79,255,763.867,135.652
381,65,255,268.562,134.346
382,100,255,724.310,134.490
383,86,255,791.279,133.837
384,108,255,948.111,135.000
385,49,255,255.643,133.561
386,82,255,483.268,134.524
387,70,255,525.914,135.271
388,130,255,558.162,136.831
389,45,255,1052.167,133.856
390,49,255,1172.051,133.357
391,29,255,129.086,134.431
392,91,255,219.533,136.269
393,35,255,632.071,133.443
394,134,255,964.052,138.440
395,106,255,72.896,137.264
396,66,255,303.803,137.152
397,73,255,408.034,136.760
398,37,255,848.176,135.554
399,39,255,860.449,134.936
400,194,255,989.170,141.129
401,80,255,1020.788,136.050
402,54,255,1087.296,135.222
403,90,255,470.856,138.311
404,101,255,923.342,140.866
405,83,255,935.813,138.259
406,108,255,1455.000,140.472
407,43,255,3.012,138.012
408,34,255,35.882,138.206
409,22,255,382.955,137.591
410,39,255,543.346,136.936
411,90,255,687.867,139.333
412,66,255,1104.121,137.621
413,56,255,1181.268,138.196
414,59,255,1264.415,137.331
415,32,255,1279.281,136.844
416,38,255,1323.763,136.974
417,73,255,121.486,140.801
418,84,255,349.940,139.667
419,84,255,575.083,141.036
420,55,255,819.500,138.427
421,45,255,105.989,140.433
422,75,255,894.500,140.940
423,23,255,316.891,139.283
424,52,255,810.346,141.250
425,127,255,875.902,144.138
426,60,255,1163.867,140.867
427,59,255,1489.890,141.415
428,97,255,367.706,143.830
429,176,255,618.608,143.898
430,64,255,837.312,142.000
431,72,255,699.556,143.722
432,66,255,735.242,143.333
433,43,255,1243.616,144.453
434,31,255,511.145,143.919
435,73,255,539.610,145.336
436,100,255,655.240,145.170
437,52,255,1035.096,143.962
438,53,255,1114.160,144.292
439,52,255,1269.558,144.558
440,28,255,709.714,143.786
441,87,255,798.523,146.132
442,60,255,242.600,146.267
443,123,255,407.939,149.289
444,60,255,857.850,146.733
445,43,255,1439.012,145.105
446,27,255,1515.870,144.907
447,103,255,433.762,147.675
448,66,255,588.955,147.652
449,75,255,771.593,148.260
450,42,255,1019.262,145.952
451,42,255,1316.167,147.000
452,44,255,1348.205,146.250
453,123,255,192.215,149.069
454,92,255,264.217,148.815
455,70,255,307.914,148.900
456,66,255,479.924,149.152
457,133,255,455.868,150.838
458,190,255,911.079,153.100
459,25,255,1077.900,146.940
460,64,255,1096.859,148.625
461,132,255,1142.379,152.538
462,106,255,100.830,151.462
463,40,255,381.875,149.550
464,26,255,516.077,150.385
465,60,255,637.283,151.350
466,73,255,1012.856,151.322
467,93,255,1181.468,151.210
468,88,255,85.818,151.909
469,93,255,286.285,153.091
470,102,255,845.500,152.755
471,46,255,1163.130,150.065
472,157,255,1232.691,154.748
473,49,255,1467.663,150.378
474,33,255,1529.409,149.803
475,61,255,24.336,152.172
476,107,255,181.173,155.117
477,82,255,330.439,152.841
478,49,255,729.827,151.847
479,104,255,968.192,154.260
480,81,255,1083.623,154.265
481,40,255,1215.625,151.825
482,84,255,1256.357,152.607
483,109,255,686.417,154.271
484,70,255,718.071,154.657
485,88,255,754.307,156.602
486,23,255,866.413,151.283
487,60,255,1325.883,152.733
488,43,255,1546.337,152.267
489,20,255,1556.700,151.400
490,61,255,64.451,154.074
491,82,255,227.793,155.854
492,60,255,524.767,154.233
493,73,255,700.884,154.568
494,90,255,977.522,156.311
495,76,255,1039.579,154.342
496,53,255,389.594,156.104
497,56,255,896.429,155.304
498,100,255,1114.980,155.900
499,90,255,1205.922,156.467
500,34,255,398.500,156.529
501,80,255,430.475,156.800
502,91,255,593.258,158.874
503,28,255,761.500,154.821
504,184,255,929.755,160.321
505,117,255,1383.389,159.038
506,65,255,75.869,158.100
507,74,255,134.743,158.311
508,125,255,212.676,160.260
509,80,255,296.100,158.312
510,148,255,375.459,161.230
511,126,255,665.643,159.452
512,110,255,165.336,161.100
513,43,255,245.733,157.686
514,34,255,255.588,158.029
515,92,255,791.533,159.500
516,95,255,832.732,159.647
517,108,255,1453.519,159.259
518,71,255,1558.458,158.852
519,43,255,16.988,159.012
520,80,255,310.488,159.588
521,28,255,346.857,158.679
522,110,255,471.509,160.664
523,92,255,570.000,160.500
524,30,255,1535.500,157.600
525,59,255,5.280,160.076
526,67,255,548.261,161.560
527,115,255,773.691,163.265
528,22,255,1093.864,158.727
529,33,255,1164.258,158.227
530,42,255,48.690,161.095
531,105,255,361.319,163.681
532,96,255,537.052,161.969
533,61,255,820.369,161.352
534,105,255,952.157,162.062
535,48,255,1472.375,160.771
536,107,255,328.472,162.771
537,36,255,713.278,162.083
538,87,255,876.649,163.937
539,45,255,1089.744,164.033
540,86,255,35.988,165.035
541,55,255,456.864,164.045
542,122,255,489.738,165.762
543,81,255,994.302,164.673
544,37,255,1153.959,163.824
545,51,255,418.245,164.814
546,115,255,113.439,169.961
547,98,255,255.306,167.357
548,37,255,1307.068,165.932
549,63,255,1396.167,166.786
550,84,255,620.774,168.119
551,47,255,1162.947,166.372
552,61,255,1527.352,167.467
553,43,255,599.174,167.942
554,32,255,797.719,166.594
555,70,255,816.386,169.214
556,101,255,857.975,169.104
557,73,255,894.103,168.719
558,56,255,1043.679,168.232
559,73,255,1079.911,169.979
560,88,255,1261.409,169.432
561,96,255,182.823,170.917
562,68,255,239.338,169.059
563,109,255,343.344,171.748
564,97,255,678.531,170.768
565,70,255,734.614,169.229
566,87,255,1117.040,170.328
567,60,255,1230.033,170.183
568,54,255,1445.333,169.370
569,63,255,54.976,170.659
570,71,255,172.683,170.782
571,88,255,758.273,171.932
572,60,255,973.617,169.567
573,113,255,1058.571,171.235
574,39,255,1490.346,169.500
575,95,255,133.521,175.111
576,92,255,143.989,172.000
577,135,255,197.974,173.796
578,148,255,218.899,172.872
579,145,255,514.997,172.045
580,79,255,1137.196,172.348
581,148,255,1322.068,174.757
582,34,255,1409.882,169.294
583,79,255,6.222,172.968
584,117,255,79.150,175.808
585,30,255,421.800,171.367
586,87,255,583.454,173.305
587,61,255,1069.992,173.385
588,168,255,789.196,175.298
589,78,255,1343.308,173.449
590,106,255,281.349,176.274
591,119,255,637.164,178.382
592,111,255,719.257,175.878
593,84,255,743.893,175.929
594,75,255,1279.620,174.660
595,67,255,1366.246,173.858
596,52,255,62.827,175.173
597,62,255,365.065,175.242
598,33,255,433.136,174.652
599,73,255,462.377,176.089
600,67,255,689.291,176.022
601,64,255,842.328,175.672
602,106,255,948.038,176.943
603,74,255,989.365,176.203
604,32,255,1038.156,174.250
605,119,255,1102.164,178.845
606,95,255,1237.163,177.079
607,91,255,441.775,177.808
608,92,255,933.359,177.739
609,46,255,1092.457,176.043
610,66,255,1166.773,175.970
611,92,255,563.402,178.109
612,43,255,609.523,176.826
613,80,255,699.375,178.338
614,147,255,912.507,179.105
615,44,255,960.182,177.045
616,62,255,1383.000,176.661
617,86,255,1422.616,178.430
618,95,255,1445.889,177.795
619,53,255,264.651,178.443
620,39,255,382.090,177.987
621,70,255,1398.700,177.943
622,73,255,126.610,180.993
623,86,255,159.000,180.105
624,49,255,253.316,179.357
625,77,255,311.318,179.734
626,149,255,494.668,182.849
627,107,255,1201.388,180.537
628,57,255,1462.956,178.412
629,39,255,728.885,179.500
630,21,255,767.214,178.786
631,78,255,890.846,180.154
632,41,255,1544.061,180.451
633,118,255,337.602,182.415
634,135,255,868.470,183.707
635,90,255,973.822,181.289
636,141,255,1005.741,184.387
637,41,255,1524.915,180.256
638,22,255,1569.227,179.545
639,59,255,1022.466,182.229
640,49,255,17.173,183.173
641,55,255,54.918,183.791
642,87,255,171.454,184.695
643,88,255,548.807,184.614
644,68,255,626.206,183.515
645,59,255,1036.568,183.025
646,92,255,1220.141,184.261
647,28,255,804.643,182.536
648,64,255,1152.531,184.125
649,73,255,400.171,185.144
650,62,255,437.516,186.468
651,67,255,470.709,186.142
652,93,255,665.683,185.909
653,75,255,1065.593,185.540
654,110,255,1353.227,187.200
655,80,255,1369.612,186.375
656,44,255,1381.318,184.455
657,70,255,94.000,186.500
658,62,255,245.839,186.323
659,49,255,372.704,186.092
660,48,255,711.500,185.875
661,68,255,759.603,187.559
662,95,255,1130.247,186.732
663,33,255,1594.773,185.197
664,69,255,384.500,187.312
665,29,255,575.121,186.017
666,132,255,645.720,190.924
667,88,255,1165.000,188.557
668,129,255,269.035,192.965
669,84,255,452.417,189.071
670,62,255,510.484,189.161
671,75,255,564.807,188.473
672,118,255,851.271,189.280
673,107,255,1086.117,190.799
674,120,255,230.350,193.633
675,119,255,290.744,190.399
676,33,255,835.439,188.742
677,218,255,1256.596,194.899
678,93,255,1457.683,190.898
679,79,255,48.386,192.652
680,120,255,216.408,192.258
681,129,255,476.578,195.733
682,96,255,594.698,191.406
683,82,255,1187.598,191.549
684,75,255,1293.527,190.487
685,59,255,28.314,191.653
686,75,255,700.447,191.740
687,107,255,768.752,193.425
688,68,255,1416.471,191.559
689,47,255,1549.819,190.862
690,86,255,159.023,193.779
691,145,255,192.431,195.686
692,81,255,678.772,193.056
693,89,255,826.028,194.028
694,99,255,11.460,195.096
695,41,255,36.622,192.988
696,28,255,76.286,192.000
697,71,255,325.387,194.458
698,76,255,1309.382,194.513
699,66,255,87.409,194.818
700,96,255,811.062,196.635
701,92,255,1137.250,194.750
702,89,255,337.118,196.904
703,25,255,358.180,194.060
704,81,255,428.623,196.488
705,22,255,687.682,193.955
706,120,255,745.150,197.725
707,25,255,879.660,194.340
708,76,255,1284.184,196.039
709,89,255,1336.545,196.163
710,62,255,1478.774,195.984
711,98,255,396.888,198.184
712,99,255,1054.520,197.157
713,34,255,1245.529,196.147
714,36,255,180.472,196.694
715,98,255,950.449,199.520
716,25,255,1014.620,196.260
717,102,255,1104.127,198.814
718,92,255,1428.587,197.826
719,70,255,69.814,198.814
720,75,255,118.140,198.820
721,87,255,801.511,199.420
722,96,255,415.438,200.031
723,72,255,900.194,200.194
724,79,255,1391.196,199.538
725,54,255,1466.000,200.611
726,69,255,149.051,200.283
727,89,255,379.163,200.601
728,75,255,909.207,201.207
729,37,255,1029.959,199.419
730,99,255,1175.551,202.712
731,155,255,1439.887,204.765
732,27,255,1486.056,199.056
733,56,255,1494.875,199.875
734,42,255,1550.571,199.571
735,22,255,522.818,200.136
736,84,255,935.012,202.726
737,23,255,1220.326,202.239
738,126,255,1348.944,203.127
739,72,255,1410.819,201.306
740,67,255,1452.799,201.246
741,58,255,106.466,203.034
742,34,255,206.235,201.500
743,32,255,239.750,201.344
744,86,255,509.605,202.953
745,60,255,840.617,202.550
746,53,255,862.085,202.274
747,79,255,129.487,204.411
748,29,255,548.879,202.431
749,46,255,1162.391,203.022
750,149,255,711.695,207.856
751,37,255,770.203,202.824
752,149,255,658.983,209.493
753,122,255,1025.287,208.369
754,37,255,1153.878,205.473
755,101,255,1378.124,206.411
756,58,255,215.052,207.259
757,59,255,539.466,207.992
758,70,255,566.843,207.114
759,24,255,724.417,204.417
760,97,255,1188.479,207.397
761,97,255,1306.263,209.242
762,70,255,1321.457,206.629
763,131,255,319.286,210.721
764,46,255,349.783,206.783
765,130,255,888.415,208.900
766,100,255,990.680,208.220
767,78,255,1202.013,208.179
768,127,255,1289.161,207.941
769,105,255,289.862,209.538
770,21,255,357.357,206.310
771,118,255,458.686,211.144
772,59,255,685.636,208.483
773,72,255,1406.778,209.056
774,49,255,2.357,210.031
775,52,255,432.538,209.192
776,91,255,644.214,209.269
777,162,255,970.210,213.907
778,65,255,1094.931,210.208
779,53,255,1145.142,209.877
780,50,255,1472.480,209.420
781,37,255,200.932,209.635
782,29,255,332.121,208.776
783,76,255,598.579,211.368
784,172,255,613.779,214.721
785,75,255,697.873,211.193
786,36,255,756.500,209.306
787,122,255,1055.869,212.582
788,72,255,1358.764,211.111
789,74,255,1490.568,210.351
790,45,255,1540.700,208.833
791,81,255,14.414,212.265
792,106,255,400.226,212.557
793,64,255,487.188,211.484
794,143,255,793.969,213.717
795,81,255,819.660,211.488
796,61,255,66.451,212.500
797,133,255,266.944,214.981
798,103,255,364.471,213.655
799,29,255,521.879,210.672
800,71,255,675.852,213.979
801,117,255,1276.244,218.269
802,118,255,102.237,215.593
803,88,255,248.159,214.864
804,129,255,858.826,214.306
805,121,255,1002.583,215.847
806,77,255,1085.903,214.240
807,51,255,1135.833,213.853
808,34,255,439.794,213.059
809,85,255,575.406,215.159
810,66,255,907.970,215.076
811,57,255,917.763,214.991
812,80,255,1164.400,215.213
813,121,255,1261.302,215.938
814,75,255,115.620,216.140
815,60,255,163.817,215.650
816,63,255,590.992,216.770
817,66,255,1118.500,215.015
818,98,255,152.143,217.765
819,152,255,191.888,221.039
820,187,255,739.452,219.190
821,57,255,1049.167,217.079
822,65,255,1373.208,216.915
823,39,255,507.782,217.090
824,125,255,765.260,217.948
825,115,255,1105.848,220.822
826,53,255,1245.840,217.632
827,75,255,1290.740,217.153
828,156,255,1460.115,220.314
829,42,255,26.405,217.500
830,151,255,54.070,221.970
831,52,255,296.115,218.077
832,112,255,341.518,220.268
833,120,255,834.658,220.783
834,97,255,1216.057,218.397
835,86,255,1522.535,220.198
836,131,255,36.958,221.889
837,78,255,635.846,220.231
838,34,255,936.059,218.529
839,122,255,1420.279,220.639
840,76,255,1542.474,219.566
841,63,255,174.389,220.690
842,71,255,233.838,220.725
843,77,255,489.019,221.188
844,44,255,684.409,219.136
845,90,255,1202.567,222.311
846,36,255,1234.972,219.472
847,80,255,130.387,222.675
848,159,255,949.670,222.557
849,141,255,1025.245,222.096
850,102,255,1392.353,222.020
851,90,255,461.656,223.233
852,66,255,563.258,223.682
853,77,255,1150.890,226.279
854,114,255,1311.474,223.430
855,87,255,1507.649,223.017
856,73,255,1559.610,221.870
857,64,255,581.016,224.656
858,61,255,1338.074,223.943
859,116,255,74.931,225.405
860,77,255,257.084,225.318
861,41,255,442.549,223.890
862,79,255,554.449,225.297
863,118,255,803.941,226.932
864,65,255,1118.192,224.285
865,54,255,223.907,225.315
866,94,255,312.436,226.872
867,56,255,427.411,225.661
868,20,255,778.650,223.800
869,68,255,1409.456,226.426
870,38,255,665.684,226.211
871,83,255,867.042,226.886
872,110,255,1474.027,228.264
873,62,255,1591.968,226.452
874,44,255,1165.455,226.432
875,72,255,1348.375,227.806
876,57,255,239.167,228.886
877,79,255,852.943,229.462
878,65,255,907.546,228.592
879,45,255,1042.678,227.656
880,65,255,1438.162,227.838
881,100,255,289.880,230.680
882,41,255,508.793,228.671
883,100,255,520.690,230.220
884,69,255,714.457,230.167
885,86,255,826.116,230.547
886,58,255,897.207,228.983
887,101,255,1016.302,230.748
888,100,255,1221.800,231.030
889,38,255,1260.368,228.895
890,55,255,1324.627,229.991
891,70,255,343.471,230.757
892,76,255,357.553,231.026
893,124,255,647.726,231.895
894,54,255,772.407,229.574
895,85,255,393.124,232.194
896,174,255,748.943,234.408
897,127,255,785.980,235.602
898,84,255,957.917,232.524
899,145,255,1068.817,233.045
900,73,255,1089.664,231.610
901,119,255,1288.542,231.987
902,77,255,1388.890,231.968
903,107,255,1424.444,233.846
904,76,255,95.789,232.224
905,50,255,877.000,231.980
906,192,255,1180.349,236.870
907,94,255,1486.277,234.181
908,186,255,16.849,234.263
909,87,255,268.661,234.638
910,62,255,703.758,232.645
911,139,255,916.665,236.522
912,176,255,1240.040,238.045
913,29,255,161.534,233.190
914,78,255,634.744,235.179
915,100,255,1499.340,235.390
916,115,255,177.022,239.517
917,25,255,379.580,234.060
918,64,255,439.891,235.719
919,80,255,481.863,236.062
920,98,255,545.102,237.173
921,157,255,1138.500,237.927
922,73,255,1303.144,235.130
923,93,255,1453.156,236.694
924,36,255,72.389,235.889
925,80,255,119.013,236.887
926,79,255,222.462,236.222
927,42,255,620.571,235.500
928,46,255,815.348,235.848
929,51,255,1043.814,235.657
930,43,255,1575.151,236.384
931,68,255,368.176,238.162
932,51,255,501.539,237.186
933,99,255,612.258,239.076
934,111,255,930.392,239.689
935,66,255,1345.970,236.773
936,24,255,1377.667,235.958
937,88,255,1518.989,238.693
938,87,255,152.109,239.983
939,147,255,1106.806,241.779
940,21,255,1589.786,236.595
941,68,255,891.147,239.368
942,48,255,65.375,239.708
943,80,255,691.600,240.662
944,80,255,719.737,241.575
945,93,255,976.113,241.371
946,90,255,989.333,243.022
947,78,255,1204.756,240.949
948,21,255,136.643,239.310
949,57,255,161.219,242.079
950,83,255,464.283,242.163
951,21,255,680.310,239.262
952,37,255,1055.500,240.230
953,68,255,1367.824,241.574
954,125,255,1407.780,242.980
955,77,255,51.344,242.552
956,47,255,93.500,243.160
957,90,255,327.589,242.922
958,82,255,803.610,242.524
959,50,255,18.400,242.480
960,94,255,204.298,244.436
961,61,255,431.893,243.730
962,84,255,835.679,243.774
963,151,255,1084.493,245.639
964,65,255,1258.669,243.808
965,83,255,1463.645,244.355
966,63,255,192.135,245.214
967,50,255,392.200,243.180
968,81,255,554.019,245.981
969,50,255,761.760,244.820
970,132,255,1025.417,245.659
971,53,255,1069.840,243.764
972,87,255,1120.856,245.603
973,83,255,1591.898,244.560
974,101,255,506.391,245.817
975,77,255,562.890,246.448
976,70,255,1423.471,245.214
977,76,255,1527.355,245.750
978,148,255,84.277,249.791
979,160,255,250.688,250.081
980,110,255,295.900,248.109
981,54,255,647.111,245.889
982,83,255,1301.777,247.343
983,80,255,1544.862,247.700
984,75,255,268.927,249.047
985,120,255,735.625,248.542
986,56,255,753.054,247.518
987,68,255,860.662,247.868
988,61,255,945.959,247.352
989,74,255,999.203,247.635
990,23,255,1566.674,245.761
991,81,255,1509.883,248.870
992,100,255,1555.150,250.580
993,58,255,2.310,251.086
994,105,255,58.538,251.605
995,95,255,114.342,249.626
996,86,255,1375.988,251.419
997,78,255,12.115,251.782
998,99,255,533.571,251.571
999,65,255,699.269,251.038
1000,25,255,1143.180,249.020
1001,93,255,1223.435,251.167
1002,26,255,1250.962,249.115
1003,80,255,1336.475,250.450
1004,69,255,216.775,251.529
1005,78,255,350.667,251.436
1006,119,255,446.214,252.761
1007,81,255,872.821,252.673
1008,110,255,1278.191,253.309
1009,66,255,1385.439,253.136
1010,162,255,36.389,256.957
1011,28,255,307.536,251.500
1012,35,255,676.043,251.186
1013,81,255,1206.599,252.932
1014,95,255,1439.405,253.174
1015,56,255,584.750,253.286
1016,89,255,601.242,253.837
1017,121,255,658.913,255.434
1018,55,255,707.591,253.773
1019,63,255,855.421,254.849
1020,132,255,898.720,256.568
1021,33,255,927.045,252.409
1022,46,255,1259.130,252.326
1023,98,255,1396.388,256.031
1024,140,255,1472.964,257.100
1025,58,255,367.793,254.759
1026,77,255,386.006,254.773
1027,48,255,419.938,254.000
1028,31,255,471.597,252.629
1029,41,255,485.695,254.256
1030,165,255,782.688,255.542
1031,109,255,1154.702,255.427
1032,70,255,1169.586,254.614
1033,107,255,630.014,256.883
1034,80,255,802.237,256.300
1035,76,255,1066.487,255.711
1036,85,255,1353.747,255.359
1037,72,255,1567.208,255.528
1038,119,255,496.256,257.315
1039,106,255,982.255,257.179
1040,86,255,1013.419,256.930
1041,54,255,409.019,257.111
1042,71,255,1486.739,257.275
1043,80,255,1531.287,257.712
1044,145,255,1588.348,261.714
1045,43,255,99.337,258.360
1046,83,255,172.801,258.801
1047,26,255,272.615,257.154
1048,61,255,682.451,259.156
1049,238,255,827.685,260.983
1050,47,255,117.585,258.606
1051,46,255,187.652,259.391
1052,97,255,199.428,262.448
1053,60,255,464.000,260.067
1054,51,255,515.343,259.127
1055,47,255,573.032,259.202
1056,93,255,936.500,260.898
1057,53,255,1137.104,259.292
1058,104,255,223.740,263.962
1059,76,255,264.395,263.092
1060,136,255,366.368,263.721
1061,152,255,850.316,265.125
1062,171,255,1235.523,263.482
1063,93,255,967.694,262.263
1064,89,255,1177.961,262.646
1065,88,255,1302.318,261.773
1066,59,255,1444.280,261.398
1067,79,255,233.285,263.665
1068,67,255,314.381,263.127
1069,70,255,616.229,262.671
1070,70,255,1023.186,262.700
1071,96,255,1084.083,264.698
1072,60,255,1196.717,261.867
1073,91,255,1521.555,264.346
1074,55,255,91.591,263.864
1075,52,255,211.000,264.000
1076,40,255,476.700,262.425
1077,96,255,527.031,264.000
1078,88,255,557.807,264.580
1079,129,255,742.554,266.329
1080,92,255,1409.293,264.098
1081,72,255,1575.750,263.750
1082,78,255,297.000,264.654
1083,59,255,1346.076,264.331
1084,62,255,322.194,265.806
1085,48,255,581.479,265.312
1086,84,255,955.107,265.833
1087,66,255,1255.864,266.121
1088,81,255,1334.549,265.636
1089,87,255,1505.741,266.661
1090,65,255,139.777,267.454
1091,93,255,691.565,267.575
1092,22,255,1040.773,264.955
1093,48,255,1070.854,266.312
1094,95,255,1545.700,267.174
1095,75,255,80.193,268.500
1096,35,255,132.557,266.929
1097,94,255,780.681,268.106
1098,143,255,999.283,269.598
1099,56,255,122.768,268.268
1100,82,255,390.159,268.976
1101,102,255,424.980,269.088
1102,41,255,643.354,268.159
1103,77,255,802.643,268.461
1104,143,255,1318.066,269.899
1105,41,255,2.232,269.402
1106,123,255,166.850,269.622
1107,79,255,245.690,269.627
1108,89,255,607.792,270.410
1109,45,255,669.989,268.700
1110,73,255,1482.075,270.171
1111,48,255,511.312,271.250
1112,163,255,764.537,273.506
1113,169,255,1381.896,273.642
1114,54,255,9.889,271.667
1115,57,255,25.991,271.781
1116,81,255,105.710,271.957
1117,83,255,151.271,272.729
1118,52,255,894.865,271.500
1119,30,255,1154.233,270.733
1120,83,255,1270.886,272.235
1121,85,255,470.853,272.794
1122,195,255,867.464,274.428
1123,82,255,910.878,273.341
1124,84,255,925.071,273.631
1125,70,255,1061.057,272.471
1126,72,255,313.694,273.597
1127,164,255,440.348,277.488
1128,90,255,885.478,274.433
1129,79,255,1117.462,274.133
1130,147,255,1424.997,276.289
1131,31,255,67.403,273.661
1132,62,255,189.742,275.323
1133,37,255,346.743,273.068
1134,85,255,1105.065,275.194
1135,50,255,1205.840,273.740
1136,73,255,35.541,275.034
1137,114,255,457.053,278.000
1138,68,255,1140.191,276.338
1139,26,255,54.192,275.154
1140,32,255,276.438,276.000
1141,79,255,1507.665,276.854
1142,28,255,269.000,275.893
1143,159,255,546.431,280.041
1144,40,255,626.425,276.400
1145,110,255,648.127,279.700
1146,75,255,830.740,278.007
1147,69,255,967.674,277.761
1148,90,255,1467.922,277.756
1149,66,255,118.606,278.242
1150,61,255,340.074,279.615
1151,40,255,1227.300,277.575
1152,85,255,1253.535,279.041
1153,77,255,1542.383,279.058
1154,95,255,350.321,281.163
1155,80,255,580.000,279.700
1156,77,255,733.006,280.136
1157,123,255,1018.134,281.093
1158,97,255,1076.304,281.552
1159,127,255,1324.815,282.429
1160,126,255,1440.024,281.619
1161,71,255,17.120,281.444
1162,125,255,174.980,284.724
1163,63,255,692.706,280.056
1164,67,255,1360.530,280.291
1165,174,255,1561.511,284.322
1166,76,255,83.895,281.500
1167,33,255,223.955,279.318
1168,136,255,399.404,281.956
1169,147,255,565.527,284.371
1170,81,255,634.648,282.636
1171,70,255,812.786,281.586
1172,38,255,1085.605,280.368
1173,54,255,1096.685,281.370
1174,64,255,1340.422,282.734
1175,33,255,194.470,281.712
1176,29,255,421.948,281.190
1177,87,255,484.178,283.569
1178,46,255,980.000,282.000
1179,157,255,1036.143,284.685
1180,82,255,1452.683,283.244
1181,23,255,231.413,281.543
1182,125,255,241.756,285.692
1183,88,255,791.705,284.420
1184,104,255,902.663,283.981
1185,32,255,34.000,283.781
1186,20,255,1064.200,282.350
1187,61,255,1157.385,284.615
1188,56,255,1167.643,284.768
1189,189,255,1267.918,288.447
1190,193,255,1297.852,287.137
1191,68,255,702.779,286.132
1192,109,255,756.050,286.326
1193,120,255,1212.583,285.058
1194,82,255,1370.549,286.610
1195,69,255,1577.746,285.181
1196,81,255,53.981,286.364
1197,71,255,362.613,287.021
1198,121,255,502.120,288.112
1199,44,255,621.341,285.432
1200,52,255,1486.788,286.519
1201,86,255,593.651,287.779
1202,74,255,822.095,288.000
1203,86,255,931.884,288.895
1204,103,255,996.947,288.063
1205,71,255,1118.049,288.514
1206,128,255,1130.312,289.539
1207,57,255,299.711,288.412
1208,145,255,962.079,290.762
1209,63,255,1175.532,288.468
1210,26,255,40.577,287.154
1211,57,255,186.114,289.588
1212,56,255,227.196,289.125
1213,57,255,679.114,289.447
1214,89,255,741.961,290.612
1215,84,255,1405.321,289.833
1216,67,255,119.515,290.590
1217,139,255,877.299,293.371
1218,35,255,944.071,288.929
1219,105,255,1189.005,292.948
1220,81,255,532.870,294.302
1221,72,255,670.528,291.764
1222,44,255,857.705,291.182
1223,51,255,1104.735,291.206
1224,30,255,101.533,290.767
1225,79,255,161.487,293.373
1226,34,255,384.824,291.412
1227,127,255,437.461,294.091
1228,52,255,460.250,292.442
1229,47,255,1328.245,292.309
1230,126,255,1589.548,293.810
1231,110,255,522.100,295.327
1232,40,255,1141.025,293.800
1233,46,255,1507.130,293.022
1234,74,255,272.608,295.027
1235,64,255,334.922,294.250
1236,78,255,1024.962,294.513
1237,70,255,1051.043,294.986
1238,76,255,1080.118,294.579
1239,48,255,1203.708,293.583
1240,39,255,1520.987,293.295
1241,163,255,138.187,299.359
1242,177,255,417.008,296.675
1243,48,255,1156.062,294.208
1244,85,255,291.253,297.653
1245,65,255,394.869,296.469
1246,116,255,766.052,298.198
1247,63,255,797.722,295.929
1248,88,255,1236.727,297.989
1249,55,255,1312.209,296.718
1250,71,255,1466.641,297.218
1251,44,255,92.727,297.045
1252,104,255,248.260,298.481
1253,75,255,591.927,296.273
1254,70,255,619.786,297.086
1255,98,255,691.357,297.571
1256,90,255,710.633,297.967
1257,67,255,47.112,299.261
1258,85,255,59.606,299.324
1259,29,255,735.914,297.707
1260,75,255,80.807,300.753
1261,138,255,363.254,300.884
1262,114,255,897.921,300.947
1263,81,255,1341.093,300.994
1264,111,255,1416.698,299.950
1265,87,255,198.971,301.615
1266,60,255,301.817,300.183
1267,78,255,545.513,301.090
1268,116,255,578.974,302.379
1269,36,255,604.861,299.917
1270,47,255,939.096,300.202
1271,34,255,1164.029,299.118
1272,88,255,1295.420,301.443
1273,123,255,1478.427,302.679
1274,78,255,223.808,301.667
1275,21,255,378.786,299.929
1276,145,255,507.852,302.707
1277,42,255,643.595,300.429
1278,39,255,924.962,300.628
1279,73,255,994.993,301.377
1280,90,255,1246.733,302.378
1281,86,255,1372.337,302.605
1282,91,255,1495.973,302.049
1283,63,255,1541.992,302.230
1284,77,255,339.461,302.357
1285,24,255,491.167,300.500
1286,50,255,787.720,303.120
1287,99,255,866.571,302.621
1288,103,255,1530.345,305.383
1289,143,255,470.892,306.381
1290,72,255,1191.472,304.375
1291,57,255,1218.711,303.132
1292,78,255,1393.577,304.846
1293,83,255,1403.127,304.018
1294,101,255,1454.817,304.609
1295,138,255,103.159,306.949
1296,55,255,318.155,304.027
1297,36,255,403.722,304.389
1298,78,255,778.974,305.256
1299,86,255,949.895,305.256
1300,59,255,1087.703,304.466
1301,81,255,1281.648,305.290
1302,67,255,635.007,306.366
1303,88,255,971.682,306.148
1304,73,255,1517.637,305.459
1305,72,255,1564.417,306.792
1306,46,255,72.826,306.239
1307,96,255,444.417,306.781
1308,83,255,611.837,308.235
1309,65,255,984.254,307.208
1310,112,255,1269.018,308.545
1311,96,255,1352.865,306.646
1312,49,255,1431.051,305.929
1313,87,255,665.339,308.052
1314,80,255,700.100,307.850
1315,42,255,731.857,306.095
1316,88,255,836.920,307.920
1317,90,255,1047.244,308.000
1318,41,255,1598.549,311.256
1319,85,255,270.265,308.465
1320,116,255,1154.655,313.121
1321,74,255,160.068,310.027
1322,28,255,348.857,308.893
1323,56,255,852.804,309.268
1324,56,255,912.786,310.054
1325,153,255,1203.454,315.193
1326,204,255,1321.216,311.853
1327,135,255,12.522,314.522
1328,64,255,83.031,310.094
1329,29,255,183.534,310.707
1330,167,255,595.219,312.913
1331,96,255,1139.625,311.885
1332,72,255,151.819,312.097
1333,92,255,538.076,312.315
1334,30,255,646.867,310.667
1335,87,255,1001.592,312.201
1336,99,255,175.581,316.359
1337,85,255,332.241,312.782
1338,103,255,431.762,314.364
1339,198,255,797.263,316.081
1340,65,255,1299.054,313.223
1341,65,255,24.669,313.115
1342,22,255,355.227,311.045
1343,114,255,397.281,316.070
1344,100,255,490.730,313.580
1345,63,255,1129.500,315.135
1346,32,255,1217.312,311.469
1347,63,255,1546.563,313.738
1348,33,255,1554.258,312.682
1349,112,255,1574.616,317.634
1350,48,255,1583.208,313.125
1351,75,255,203.327,315.353
1352,74,255,224.851,314.027
1353,123,255,317.061,318.134
1354,77,255,383.968,316.058
1355,87,255,1063.546,315.029
1356,120,255,1117.100,316.575
1357,37,255,1187.824,313.041
1358,77,255,118.552,316.734
1359,69,255,193.935,315.804
1360,86,255,243.174,315.860
1361,73,255,1366.226,316.445
1362,87,255,1440.259,316.155
1363,109,255,627.720,318.161
1364,87,255,1076.845,317.718
1365,64,255,1397.734,316.156
1366,83,255,63.223,319.247
1367,141,255,138.543,321.301
1368,54,255,302.093,317.741
1369,61,255,502.664,318.238
1370,64,255,526.078,317.719
1371,26,255,658.731,316.192
1372,54,255,814.259,318.963
1373,49,255,882.173,316.949
1374,44,255,890.182,317.818
1375,102,255,902.167,318.647
1376,154,255,935.071,320.442
1377,65,255,1291.454,318.008
1378,86,255,827.547,319.535
1379,50,255,1103.540,317.460
1380,30,255,1272.333,318.167
1381,80,255,552.400,320.512
1382,118,255,722.712,321.017
1383,110,255,772.018,320.673
1384,61,255,874.123,322.992
1385,61,255,989.172,319.467
1386,93,255,1041.360,320.629
1387,99,255,1496.359,320.359
1388,76,255,263.197,321.289
1389,181,255,286.003,324.041
1390,88,255,706.727,320.864
1391,28,255,1226.000,318.500
1392,102,255,1354.775,321.922
1393,171,255,1472.465,326.588
1394,78,255,25.808,322.782
1395,113,255,38.765,323.916
1396,76,255,251.355,323.342
1397,146,255,1028.774,326.637
1398,162,255,1427.772,326.790
1399,36,255,1455.250,321.528
1400,90,255,412.467,323.900
1401,78,255,574.923,324.295
1402,127,255,1007.594,325.791
1403,130,255,1183.854,326.508
1404,58,255,1391.190,326.310
1405,83,255,1553.633,324.886
1406,79,255,340.690,326.171
1407,111,255,367.833,327.176
1408,48,255,1150.958,325.354
1409,38,255,1216.000,324.500
1410,49,255,6.316,325.418
1411,126,255,86.754,327.841
1412,132,255,494.864,327.735
1413,87,255,651.385,327.580
1414,62,255,843.984,326.726
1415,49,255,885.459,325.806
1416,86,255,1097.116,327.779
1417,115,255,1305.743,329.900
1418,59,255,230.381,328.059
1419,125,255,749.660,329.852
1420,83,255,1519.271,327.801
1421,203,255,209.466,332.347
1422,160,255,432.894,329.806
1423,88,255,519.670,330.068
1424,21,255,588.929,327.119
1425,27,255,669.759,326.944
1426,75,255,856.647,329.033
1427,141,255,1341.188,331.656
1428,64,255,1591.344,328.500
1429,144,255,1320.146,331.389
1430,68,255,543.912,330.059
1431,130,255,634.362,332.246
1432,54,255,732.426,331.185
1433,106,255,818.038,333.528
1434,170,255,958.094,335.124
1435,163,255,1077.696,333.120
1436,49,255,1171.194,329.908
1437,103,255,1231.510,331.675
1438,97,255,1507.851,331.696
1439,73,255,351.418,332.171
1440,104,255,383.981,333.731
1441,54,255,762.259,331.667
1442,77,255,799.097,331.968
1443,37,255,990.635,330.122
1444,65,255,1122.900,331.623
1445,45,255,1258.011,332.300
1446,143,255,325.941,333.325
1447,62,255,897.355,332.790
1448,92,255,471.859,334.109
1449,78,255,907.513,334.962
1450,74,255,1296.865,334.541
1451,48,255,1571.479,333.812
1452,163,255,148.874,335.831
1453,75,255,179.140,335.060
1454,85,255,576.276,334.947
1455,58,255,679.000,334.138
1456,28,255,687.929,332.821
1457,45,255,1163.456,334.544
1458,104,255,1045.481,337.413
1459,82,255,1151.000,335.744
1460,59,255,1453.941,334.195
1461,64,255,1596.969,337.891
1462,66,255,54.667,337.258
1463,90,255,608.778,337.611
1464,61,255,1438.828,336.484
1465,40,255,37.350,336.550
1466,79,255,108.196,337.905
1467,62,255,170.323,337.177
1468,115,255,237.509,339.839
1469,77,255,412.656,338.279
1470,47,255,556.904,336.798
1471,96,255,1136.760,338.333
1472,81,255,1399.574,339.327
1473,109,255,65.482,340.454
1474,88,255,983.295,340.500
1475,82,255,1202.427,340.268
1476,28,255,1222.321,338.714
1477,102,255,1539.490,340.843
1478,71,255,286.951,340.007
1479,75,255,403.540,341.167
1480,30,255,740.367,338.500
1481,165,255,838.730,343.397
1482,97,255,1005.624,339.613
1483,29,255,126.466,339.466
1484,20,255,769.800,339.250
1485,119,255,932.929,342.962
1486,104,255,1408.202,343.712
1487,132,255,368.652,345.136
1488,144,255,686.403,345.910
1489,56,255,1238.036,342.982
1490,46,255,1383.174,342.587
1491,92,255,1561.207,342.913
1492,133,255,12.590,347.102
1493,167,255,501.290,346.847
1494,70,255,718.214,343.829
1495,87,255,1251.006,344.523
1496,70,255,1348.514,343.871
1497,61,255,98.074,344.648
1498,71,255,340.754,344.880
1499,56,255,600.768,344.875
1500,99,255,1448.348,345.409
1501,116,255,30.526,347.310
1502,82,255,81.854,345.341
1503,81,255,296.364,346.475
1504,34,255,436.912,344.088
1505,96,255,588.490,347.135
1506,26,255,755.231,344.385
1507,90,255,1065.633,346.333
1508,110,255,1265.145,346.236
1509,35,255,1423.729,344.986
1510,81,255,1466.969,346.327
1511,49,255,1516.541,344.786
1512,40,255,1527.125,345.300
1513,31,255,46.952,345.210
1514,92,255,248.250,348.185
1515,137,255,472.172,349.339
1516,90,255,538.544,347.989
1517,71,255,804.683,346.866
1518,37,255,823.014,345.635
1519,114,255,888.132,348.491
1520,61,255,1171.254,346.615
1521,75,255,277.887,348.460
1522,54,255,457.574,347.019
1523,88,255,915.602,348.227
1524,90,255,1001.333,348.033
1525,81,255,1179.352,348.525
1526,161,255,1319.680,350.668
1527,60,255,1332.267,347.400
1528,89,255,425.691,349.185
1529,87,255,860.431,349.638
1530,25,255,105.940,347.900
1531,80,255,125.125,349.475
1532,36,255,184.583,348.222
1533,67,255,1390.694,349.679
1534,80,255,1486.237,349.762
1535,66,255,1508.500,350.455
1536,73,255,135.979,351.637
1537,79,255,383.259,350.829
1538,71,255,703.951,351.275
1539,45,255,1103.989,349.522
1540,56,255,1195.339,350.875
1541,170,255,1219.018,354.994
1542,99,255,1373.985,352.005
1543,41,255,1.841,352.427
1544,143,255,318.003,352.213
1545,93,255,394.253,352.973
1546,82,255,634.146,352.000
1547,93,255,1364.349,353.027
1548,86,255,720.686,352.860
1549,55,255,737.245,352.791
1550,81,255,809.944,353.870
1551,134,255,955.336,354.306
1552,62,255,66.274,352.919
1553,62,255,348.484,353.242
1554,66,255,412.121,353.258
1555,47,255,525.160,353.436
1556,119,255,755.987,354.324
1557,149,255,1025.158,356.534
1558,80,255,1288.787,353.738
1559,82,255,152.073,354.793
1560,63,255,269.373,354.976
1561,95,255,548.921,357.037
1562,38,255,564.842,354.553
1563,59,255,675.737,354.568
1564,71,255,903.190,354.627
1565,45,255,985.811,354.411
1566,99,255,1428.258,355.591
1567,88,255,1583.568,354.932
1568,91,255,175.335,357.951
1569,60,255,483.983,355.633
1570,73,255,1544.089,354.966
1571,30,255,99.200,355.600
1572,21,255,236.500,354.500
1573,56,255,572.982,356.107
1574,67,255,1497.187,356.291
1575,68,255,601.338,357.647
1576,70,255,775.229,360.057
1577,122,255,880.590,359.590
1578,32,255,927.500,355.719
1579,143,255,1044.962,358.927
1580,77,255,1110.487,357.981
1581,93,255,1351.629,359.683
1582,84,255,1442.929,357.845
1583,205,255,291.490,362.480
1584,65,255,610.300,359.392
1585,112,255,649.777,359.580
1586,127,255,786.571,362.319
1587,118,255,1149.076,359.729
1588,87,255,1414.937,359.787
1589,34,255,39.265,358.412
1590,91,255,107.896,362.676
1591,105,255,206.529,361.195
1592,107,255,1237.584,360.799
1593,64,255,1277.359,359.484
1594,62,255,1338.613,358.903
1595,86,255,24.581,361.244
1596,57,255,365.377,361.061
1597,128,255,824.633,363.164
1598,70,255,997.929,360.914
1599,94,255,1085.362,361.298
1600,40,255,475.875,360.675
1601,51,255,516.873,361.147
1602,49,255,967.316,361.888
1603,47,255,1068.734,361.074
1604,92,255,1125.685,362.739
1605,138,255,1261.109,363.855
1606,28,255,1470.893,360.321
1607,76,255,253.053,362.487
1608,66,255,340.015,363.076
1609,77,255,426.630,362.331
1610,85,255,672.488,363.818
1611,76,255,864.987,362.579
1612,55,255,9.936,363.045
1613,75,255,69.580,364.100
1614,35,255,154.900,362.643
1615,27,255,275.870,361.389
1616,34,255,456.500,361.912
1617,69,255,622.007,364.486
1618,32,255,850.312,362.312
1619,69,255,81.848,364.543
1620,52,255,232.327,363.788
1621,57,255,405.500,363.500
1622,84,255,1198.179,365.155
1623,77,255,1548.760,365.227
1624,85,255,1594.935,365.853
1625,70,255,47.557,366.500
1626,31,255,350.952,363.790
1627,76,255,690.145,366.158
1628,60,255,906.067,365.750
1629,98,255,1522.010,366.827
1630,58,255,97.569,366.276
1631,51,255,166.931,366.029
1632,62,255,465.210,366.871
1633,38,255,796.974,365.316
1634,59,255,930.466,366.466
1635,99,255,1006.551,368.197
1636,73,255,1300.336,366.719
1637,85,255,1398.688,367.488
1638,74,255,38.500,368.176
1639,43,255,198.221,366.640
1640,121,255,321.508,369.831
1641,99,255,443.833,368.510
1642,36,255,1099.472,366.417
1643,55,255,1387.973,368.955
1644,121,255,1494.798,370.136
1645,102,255,142.863,370.412
1646,144,255,382.799,370.729
1647,81,255,605.796,368.735
1648,61,255,652.434,368.041
1649,81,255,1460.735,369.080
1650,92,255,715.978,370.674
1651,47,255,736.904,368.606
1652,128,255,807.219,370.578
1653,97,255,917.366,371.624
1654,74,255,957.081,369.905
1655,96,255,1118.083,370.448
1656,69,255,1421.819,370.138
1657,55,255,1565.555,369.482
1658,124,255,529.710,372.468
1659,61,255,942.549,370.779
1660,59,255,1062.127,370.076
1661,53,255,1188.462,370.594
1662,80,255,1312.075,371.075
1663,79,255,273.171,371.804
1664,112,255,400.205,373.205
1665,26,255,748.423,369.923
1666,85,255,1279.971,371.818
1667,80,255,231.188,372.913
1668,76,255,629.658,374.250
1669,94,255,763.011,374.511
1670,66,255,1042.636,372.273
1671,24,255,219.333,371.375
1672,90,255,243.833,374.789
1673,65,255,263.869,374.731
1674,144,255,368.014,378.493
1675,116,255,1152.836,375.491
1676,40,255,1294.575,374.050
1677,37,255,1434.932,372.122
1678,20,255,1471.250,371.350
1679,98,255,213.286,379.092
1680,84,255,312.619,375.667
1681,118,255,553.907,376.373
1682,53,255,23.142,375.670
1683,72,255,499.458,376.153
1684,77,255,1030.903,376.448
1685,51,255,1106.206,375.833
1686,46,255,1131.717,375.000
1687,45,255,1338.611,375.300
1688,119,255,162.097,378.265
1689,168,255,570.488,378.637
1690,76,255,857.303,376.539
1691,111,255,1480.122,378.329
1692,84,255,618.476,378.202
1693,81,255,735.056,378.006
1694,114,255,884.360,378.061
1695,61,255,344.648,379.041
1696,84,255,692.738,378.595
1697,47,255,1139.691,378.223
1698,98,255,1175.316,380.439
1699,97,255,1212.428,381.737
1700,159,255,1361.833,381.972
1701,90,255,1577.144,380.533
1702,49,255,508.765,379.439
1703,85,255,590.759,379.900
1704,94,255,978.415,382.957
1705,103,255,1539.743,380.879
1706,68,255,103.971,380.485
1707,138,255,900.986,381.848
1708,44,255,1067.114,379.705
1709,27,255,1075.870,378.648
1710,97,255,1084.253,383.572
1711,144,255,1522.972,384.125
1712,63,255,43.325,381.373
1713,80,255,191.238,381.750
1714,110,255,333.273,382.718
1715,43,255,424.802,380.221
1716,49,255,453.765,380.602
1717,107,255,660.285,381.678
1718,45,255,947.878,380.633
1719,68,255,1024.721,381.529
1720,78,255,1095.064,382.577
1721,59,255,1403.263,381.517
1722,52,255,1512.558,381.962
1723,32,255,1593.625,379.812
1724,60,255,433.300,381.700
1725,71,255,522.754,381.768
1726,91,255,774.302,383.577
1727,134,255,997.694,385.209
1728,71,255,1198.599,382.401
1729,61,255,65.828,383.336
1730,29,255,747.603,382.190
1731,125,255,813.364,384.804
1732,125,255,835.292,385.180
1733,58,255,869.466,383.207
1734,82,255,958.012,384.561
1735,182,255,1269.176,385.846
1736,135,255,1390.456,384.685
1737,56,255,5.071,384.696
1738,83,255,119.946,385.380
1739,29,255,178.397,382.983
1740,23,255,1115.413,383.109
1741,91,255,1347.038,385.610
1742,128,255,1439.008,387.766
1743,63,255,1450.500,385.405
1744,71,255,1561.923,385.092
1745,104,255,30.577,387.769
1746,54,255,941.630,385.852
1747,125,255,1052.716,386.732
1748,98,255,143.143,386.398
1749,61,255,244.385,385.861
1750,53,255,417.425,386.292
1751,56,255,759.018,385.589
1752,27,255,795.278,385.833
1753,64,255,928.188,385.688
1754,77,255,1295.565,386.721
1755,54,255,544.685,387.185
1756,93,255,639.769,387.747
1757,93,255,476.801,388.414
1758,105,255,1316.910,389.976
1759,125,255,1332.532,390.756
1760,88,255,399.227,390.602
1761,21,255,878.214,387.786
1762,49,255,367.888,390.235
1763,66,255,787.409,391.955
1764,110,255,1017.391,392.273
1765,22,255,1139.682,388.818
1766,128,255,293.375,392.109
1767,120,255,591.150,393.350
1768,42,255,605.738,390.476
1769,149,255,849.379,393.372
1770,100,255,1376.110,392.500
1771,70,255,1465.514,392.643
1772,20,255,128.750,390.850
1773,124,255,689.113,393.331
1774,84,255,706.381,392.107
1775,70,255,10.014,394.271
1776,190,255,219.668,399.047
1777,125,255,457.340,394.396
1778,66,255,490.000,393.061
1779,45,255,553.322,392.678
1780,35,255,666.129,392.729
1781,31,255,1004.597,392.694
1782,83,255,1421.090,395.958
1783,56,255,63.036,393.321
1784,81,255,263.006,395.562
1785,125,255,740.700,397.828
1786,84,255,926.310,395.464
1787,61,255,1153.746,394.189
1788,101,255,1176.342,394.015
1789,77,255,1408.955,394.903
1790,126,255,79.071,401.381
1791,102,255,152.147,396.882
1792,96,255,309.594,396.802
1793,68,255,322.103,395.956
1794,69,255,619.384,396.181
1795,44,255,775.955,395.682
1796,76,255,1200.789,395.368
1797,50,255,1239.460,394.280
1798,84,255,1303.357,395.321
1799,89,255,1508.848,396.691
1800,91,255,526.907,396.995
1801,35,255,802.729,395.757
1802,65,255,90.546,396.515
1803,138,255,113.043,399.790
1804,52,255,729.212,397.154
1805,73,255,962.651,398.062
1806,133,255,1490.665,399.079
1807,80,255,1564.425,398.325
1808,72,255,130.458,399.125
1809,113,255,640.394,400.730
1810,79,255,657.070,398.677
1811,90,255,909.478,400.289
1812,136,255,1130.801,401.235
1813,33,255,1185.955,397.591
1814,92,255,1573.478,401.739
1815,102,255,1593.314,400.098
1816,128,255,384.656,400.875
1817,70,255,894.871,399.829
1818,85,255,1059.935,399.771
1819,66,255,1279.652,399.727
1820,30,255,192.633,399.367
1821,80,255,202.838,401.587
1822,52,255,562.404,399.846
1823,49,255,811.990,401.398
1824,22,255,1071.455,398.318
1825,126,255,1546.079,404.143
1826,107,255,336.734,403.201
1827,29,255,432.810,399.948
1828,66,255,610.515,401.758
1829,133,255,833.575,404.252
1830,186,255,875.048,406.656
1831,94,255,1000.000,401.798
1832,29,255,1234.845,400.672
1833,96,255,1245.531,403.396
1834,42,255,496.833,401.881
1835,36,255,716.778,401.389
1836,75,255,1398.967,403.007
1837,86,255,1430.058,403.779
1838,75,255,47.367,403.247
1839,104,255,975.760,405.010
1840,68,255,1471.529,403.265
1841,55,255,1534.518,403.827
1842,29,255,295.603,402.741
1843,63,255,545.548,403.944
1844,39,255,682.500,403.397
1845,124,255,791.605,405.710
1846,52,255,823.654,404.712
1847,72,255,940.569,404.972
1848,55,255,1049.082,404.373
1849,110,255,1163.336,407.755
1850,58,255,164.034,405.845
1851,72,255,518.583,405.889
1852,51,255,1344.422,404.441
1853,71,255,270.894,406.049
1854,97,255,368.933,407.253
1855,44,255,398.091,406.318
1856,83,255,574.066,407.380
1857,76,255,955.711,407.368
1858,176,255,1083.938,409.938
1859,64,255,1228.078,406.906
1860,131,255,31.828,409.019
1861,132,255,238.909,409.955
1862,23,255,421.283,405.804
1863,123,255,592.752,408.037
1864,154,255,701.195,409.792
1865,81,255,750.920,408.463
1866,111,255,1105.158,409.185
1867,99,255,183.227,408.359
1868,75,255,411.567,409.393
1869,129,255,433.453,411.585
1870,76,255,503.105,409.184
1871,69,255,1269.746,408.790
1872,62,255,1503.242,409.194
1873,34,255,485.176,408.471
1874,50,255,668.000,409.080
1875,73,255,1175.377,409.856
1876,73,255,1461.856,409.514
1877,67,255,17.799,410.440
1878,145,255,66.990,413.383
1879,51,255,557.696,409.794
1880,112,255,723.411,412.491
1881,75,255,900.593,409.593
1882,74,255,1145.446,410.338
1883,65,255,96.346,411.146
1884,64,255,125.453,411.266
1885,96,255,291.094,412.354
1886,59,255,1422.669,411.907
1887,54,255,1511.241,411.056
1888,45,255,1554.167,411.278
1889,94,255,9.574,414.670
1890,81,255,149.043,412.932
1891,60,255,248.517,412.950
1892,63,255,769.040,412.849
1893,81,255,1005.364,413.895
1894,60,255,1041.850,412.483
1895,130,255,1067.669,414.254
1896,135,255,1118.189,414.959
1897,73,255,1356.938,413.500
1898,71,255,349.401,413.514
1899,26,255,461.500,412.692
1900,204,255,1026.652,417.446
1901,24,255,1200.083,411.792
1902,81,255,1292.006,415.648
1903,45,255,1413.367,413.233
1904,64,255,46.031,414.328
1905,102,255,327.765,416.588
1906,69,255,475.080,414.399
1907,106,255,677.689,416.679
1908,118,255,782.229,416.924
1909,30,255,923.400,413.767
1910,69,255,1366.486,415.891
1911,76,255,314.474,416.211
1912,69,255,542.181,415.891
1913,39,255,612.705,414.654
1914,28,255,932.179,413.893
1915,62,255,1585.000,415.145
1916,51,255,85.716,417.500
1917,115,255,162.300,419.700
1918,139,255,273.500,417.658
1919,43,255,388.733,416.593
1920,96,255,488.198,417.229
1921,162,255,745.130,420.907
1922,137,255,857.945,418.551
1923,58,255,1221.500,417.052
1924,49,255,1247.929,417.439
1925,91,255,1535.819,418.302
1926,59,255,105.619,417.669
1927,53,255,890.670,417.708
1928,21,255,1267.405,417.071
1929,75,255,1397.860,418.380
1930,48,255,1449.250,418.021
1931,46,255,118.457,419.022
1932,49,255,978.071,418.255
1933,116,255,1257.595,423.991
1934,28,255,1501.179,418.536
1935,94,255,1517.415,421.564
1936,110,255,207.700,421.455
1937,141,255,624.734,422.074
1938,107,255,1596.276,423.836
1939,83,255,412.187,422.705
1940,70,255,643.157,421.186
1941,59,255,908.297,421.788
1942,109,255,1476.445,423.124
1943,47,255,175.032,421.564
1944,43,255,452.709,421.756
1945,194,255,459.546,428.289
1946,54,255,834.426,422.611
1947,78,255,1490.846,423.564
1948,56,255,364.286,423.054
1949,129,255,1050.213,425.213
1950,62,255,1194.177,423.371
1951,44,255,1205.591,422.477
1952,58,255,1278.259,423.776
1953,172,255,1303.599,426.163
1954,104,255,595.837,425.077
1955,45,255,849.167,424.989
1956,101,255,969.926,424.896
1957,174,255,1097.282,429.144
1958,130,255,1239.400,428.315
1959,59,255,1372.195,424.907
1960,59,255,57.907,425.415
1961,59,255,220.653,425.636
1962,40,255,251.625,425.400
1963,25,255,393.700,424.180
1964,59,255,688.703,425.907
1965,75,255,819.273,425.487
1966,168,255,1127.369,429.161
1967,47,255,1225.883,424.202
1968,157,255,1457.914,426.812
1969,75,255,234.913,427.087
1970,42,255,289.238,425.690
1971,79,255,574.892,426.880
1972,67,255,697.575,427.276
1973,118,255,1582.068,428.669
1974,159,255,530.311,432.921
1975,75,255,608.407,428.380
1976,62,255,995.919,426.984
1977,65,255,87.731,428.608
1978,96,255,349.552,427.510
1979,178,255,433.180,432.539
1980,26,255,1071.885,426.654
1981,42,255,1165.429,428.000
1982,57,255,1336.044,428.061
1983,71,255,1424.218,428.880
1984,23,255,1433.457,426.761
1985,143,255,106.346,431.689
1986,111,255,546.320,430.086
1987,82,255,727.939,429.512
1988,71,255,1182.739,430.810
1989,51,255,34.284,430.010
1990,103,255,134.510,430.908
1991,45,255,483.500,430.500
1992,90,255,637.967,432.111
1993,55,255,902.518,430.973
1994,123,255,949.524,432.768
1995,122,255,1215.754,431.746
1996,68,255,301.500,431.485
1997,77,255,754.916,433.227
1998,51,255,769.441,430.951
1999,105,255,792.890,432.367
2000,77,255,868.786,431.630
2001,62,255,1440.726,431.532
2002,65,255,368.438,432.115
2003,29,255,983.052,431.086
2004,144,255,1026.882,436.812
2005,67,255,1363.037,433.903
2006,70,255,122.114,434.129
2007,61,255,271.615,433.402
2008,37,255,336.122,432.851
2009,74,255,500.649,433.405
2010,132,255,26.667,437.780
2011,27,255,173.981,432.685
2012,50,255,292.080,434.240
2013,116,255,388.147,437.509
2014,25,255,591.580,433.060
2015,74,255,651.149,434.459
2016,68,255,777.618,436.691
2017,103,255,888.141,435.626
2018,93,255,934.425,435.188
2019,76,255,203.421,436.658
2020,63,255,1275.738,434.786
2021,98,255,1387.949,437.449
2022,43,255,248.291,435.826
2023,89,255,353.331,437.803
2024,143,255,516.381,439.437
2025,33,255,581.955,435.621
2026,29,255,679.328,434.672
2027,82,255,856.146,437.171
2028,40,255,961.125,435.950
2029,68,255,1330.088,436.426
2030,80,255,1511.037,436.350
2031,65,255,180.746,437.854
2032,27,255,281.685,435.574
2033,73,255,1169.541,436.829
2034,107,255,1351.379,439.098
2035,42,255,1372.738,436.857
2036,52,255,1461.385,436.673
2037,123,255,65.809,439.915
2038,24,255,151.542,437.375
2039,144,255,164.319,441.632
2040,62,255,193.097,438.871
2041,43,255,687.895,438.105
2042,45,255,842.744,437.856
2043,54,255,997.759,438.537
2044,47,255,1068.585,438.904
2045,92,255,10.000,440.043
2046,53,255,46.085,438.991
2047,85,255,666.571,441.418
2048,33,255,969.409,438.136
2049,66,255,1190.833,440.318
2050,91,255,1257.115,439.533
2051,81,255,1314.241,439.833
2052,184,255,1478.880,443.940
2053,79,255,309.905,440.791
2054,98,255,329.194,440.888
2055,67,255,370.709,440.381
2056,87,255,477.466,441.236
2057,86,255,788.244,442.116
2058,46,255,829.217,440.000
2059,58,255,1014.069,440.621
2060,95,255,1113.774,441.668
2061,30,255,1200.067,439.633
2062,152,255,1413.480,443.263
2063,67,255,627.799,441.515
2064,59,255,812.941,440.890
2065,33,255,129.985,441.136
2066,62,255,218.097,442.161
2067,33,255,707.924,441.076
2068,95,255,746.226,444.037
2069,79,255,804.424,443.361
2070,88,255,1078.625,443.659
2071,84,255,1283.798,443.417
2072,89,255,1571.972,443.478
2073,27,255,341.870,442.056
2074,20,255,502.050,442.150
2075,88,255,565.682,444.500
2076,49,255,1325.031,443.357
2077,45,255,682.189,444.456
2078,29,255,1501.121,442.983
2079,26,255,123.346,443.308
2080,107,255,238.238,447.893
2081,96,255,871.646,446.510
2082,67,255,903.455,445.709
2083,42,255,924.762,444.500
2084,76,255,1460.408,445.711
2085,91,255,1546.599,446.335
2086,73,255,90.445,446.829
2087,49,255,406.561,446.173
2088,62,255,577.419,446.871
2089,120,255,606.900,449.792
2090,108,255,842.509,447.333
2091,68,255,974.471,446.206
2092,58,255,1238.103,446.103
2093,115,255,279.326,450.309
2094,48,255,951.458,447.292
2095,65,255,1199.254,447.623
2096,94,255,541.926,449.702
2097,81,255,733.648,449.056
2098,87,255,1002.511,449.247
2099,43,255,1142.616,447.500
2100,89,255,1172.096,449.376
2101,52,255,1337.654,448.404
2102,63,255,1507.627,448.325
2103,47,255,1590.798,448.245
2104,46,255,14.152,448.522
2105,49,255,138.112,449.296
2106,59,255,458.822,449.551
2107,57,255,592.149,449.184
2108,59,255,692.873,449.653
2109,92,255,1051.163,451.065
2110,131,255,1363.668,451.889
2111,158,255,1380.291,452.861
2112,48,255,1405.604,449.729
2113,57,255,152.518,450.061
2114,38,255,468.447,449.737
2115,109,255,492.243,452.142
2116,52,255,556.308,450.788
2117,129,255,708.903,450.802
2118,39,255,943.833,449.910
2119,57,255,1151.711,451.482
2120,49,255,1255.214,449.214
2121,29,255,1598.397,451.431
2122,43,255,34.919,450.523
2123,106,255,294.557,454.075
2124,39,255,884.987,450.577
2125,43,255,192.221,451.895
2126,111,255,256.158,455.824
2127,46,255,313.000,452.152
2128,57,255,725.623,453.026
2129,37,255,1019.743,451.608
2130,93,255,1524.715,453.446
2131,39,255,2.628,452.756
2132,56,255,222.589,453.107
2133,62,255,349.210,454.758
2134,64,255,622.797,454.031
2135,48,255,658.000,452.500
2136,29,255,1182.224,452.224
2137,118,255,1296.610,455.458
2138,64,255,1311.406,453.672
2139,53,255,23.821,454.425
2140,21,255,398.357,452.500
2141,76,255,1085.342,454.961
2142,84,255,129.679,457.179
2143,28,255,244.500,453.821
2144,83,255,827.910,456.380
2145,70,255,908.257,455.186
2146,45,255,1212.233,454.211
2147,28,255,1442.107,454.643
2148,102,255,1558.167,456.333
2149,103,255,63.840,457.636
2150,52,255,976.481,455.596
2151,50,255,201.840,456.960
2152,165,255,210.076,462.015
2153,81,255,423.475,458.401
2154,40,255,527.150,456.725
2155,37,255,779.284,456.689
2156,59,255,958.398,458.500
2157,54,255,1123.852,457.000
2158,61,255,78.680,458.566
2159,62,255,808.871,458.548
2160,53,255,861.858,459.217
2161,64,255,1061.266,459.297
2162,48,255,1238.125,457.667
2163,72,255,1249.542,459.861
2164,97,255,1322.490,459.943
2165,65,255,1493.669,458.777
2166,22,255,1501.500,456.682
2167,100,255,94.030,459.580
2168,66,255,179.939,459.652
2169,157,255,509.411,462.615
2170,111,255,933.212,460.356
2171,85,255,1028.300,460.712
2172,50,255,1143.640,459.640
2173,54,255,1158.963,459.426
2174,63,255,10.103,460.341
2175,40,255,303.575,459.925
2176,22,255,633.000,459.182
2177,100,255,746.930,461.910
2178,20,255,852.000,459.000
2179,78,255,1478.077,461.090
2180,71,255,30.106,462.021
2181,36,255,137.750,460.500
2182,34,255,267.559,461.029
2183,60,255,355.000,461.150
2184,52,255,387.981,460.692
2185,132,255,447.174,463.871
2186,55,255,763.064,460.936
2187,79,255,842.741,462.892
2188,65,255,1205.715,461.100
2189,65,255,594.192,462.700
2190,95,255,789.953,463.363
2191,38,255,1274.474,461.316
2192,84,255,482.929,464.179
2193,103,255,1176.005,464.316
2194,113,255,1219.889,466.146
2195,76,255,155.974,465.658
2196,48,255,704.000,464.500
2197,25,255,772.460,463.900
2198,119,255,1119.592,465.382
2199,74,255,1506.176,466.041
2200,42,255,332.119,465.762
2201,52,255,644.173,465.769
2202,64,255,674.359,466.359
2203,86,255,721.779,466.872
2204,32,255,981.938,465.812
2205,83,255,1040.404,467.223
2206,92,255,1240.424,466.707
2207,142,255,1432.479,470.493
2208,104,255,1527.058,467.683
2209,75,255,191.393,468.700
2210,68,255,311.279,467.838
2211,36,255,407.278,466.167
2212,81,255,687.957,467.735
2213,52,255,1073.635,466.481
2214,68,255,170.765,468.868
2215,85,255,435.429,469.418
2216,83,255,523.488,469.560
2217,190,255,575.263,472.721
2218,93,255,816.866,469.651
2219,73,255,858.610,470.432
2220,61,255,898.057,468.107
2221,32,255,1439.812,467.938
2222,68,255,42.456,469.618
2223,67,255,277.246,468.903
2224,80,255,628.562,470.212
2225,51,255,651.245,469.441
2226,86,255,1259.140,472.186
2227,60,255,1282.450,469.350
2228,84,255,1343.381,470.560
2229,61,255,1468.451,469.057
2230,62,255,1591.371,469.532
2231,90,255,128.722,470.722
2232,52,255,379.596,469.808
2233,129,255,400.826,476.647
2234,67,255,417.784,471.425
2235,53,255,867.462,471.123
2236,60,255,1064.483,469.783
2237,85,255,1539.535,471.876
2238,44,255,1551.614,470.727
2239,49,255,89.990,471.316
2240,127,255,365.240,473.713
2241,68,255,532.191,472.324
2242,33,255,1324.136,470.227
2243,64,255,1355.469,471.297
2244,29,255,1416.810,470.052
2245,148,255,252.351,477.459
2246,143,255,344.458,476.024
2247,45,255,948.633,471.789
2248,95,255,1083.142,473.774
2249,44,255,1306.955,472.500
2250,51,255,1333.598,473.657
2251,46,255,1385.761,473.174
2252,55,255,589.591,472.355
2253,45,255,769.344,472.456
2254,44,255,804.250,472.386
2255,101,255,990.985,474.361
2256,96,255,1393.906,474.531
2257,40,255,297.850,473.975
2258,61,255,657.221,474.320
2259,47,255,681.840,474.351
2260,75,255,908.953,474.740
2261,133,255,1108.252,478.079
2262,24,255,1149.375,473.125
2263,59,255,36.415,477.127
2264,61,255,386.746,475.221
2265,59,255,699.297,475.856
2266,49,255,791.112,475.092
2267,56,255,960.393,475.107
2268,84,255,1008.750,476.095
2269,135,255,140.470,478.633
2270,66,255,282.485,477.242
2271,41,255,455.598,478.427
2272,76,255,715.447,476.987
2273,21,255,743.500,474.500
2274,89,255,920.298,477.612
2275,40,255,1271.475,475.650
2276,50,255,10.280,477.240
2277,65,255,327.608,477.577
2278,62,255,489.758,477.000
2279,61,255,1372.844,477.762
2280,201,255,1480.823,481.794
2281,66,255,1568.273,477.470
2282,72,255,103.319,478.667
2283,70,255,181.671,478.971
2284,23,255,229.630,477.109
2285,51,255,812.755,478.363
2286,141,255,969.280,482.564
2287,53,255,1595.387,478.198
2288,80,255,21.500,479.512
2289,23,255,65.891,477.630
2290,66,255,846.742,479.409
2291,69,255,1136.558,479.283
2292,45,255,1161.344,478.811
2293,43,255,1407.314,478.826
2294,88,255,473.591,480.080
2295,116,255,1298.733,481.664
2296,49,255,1424.194,480.541
2297,66,255,202.530,481.894
2298,82,255,237.805,481.988
2299,21,255,379.357,480.452
2300,67,255,604.201,481.321
2301,121,255,731.616,483.649
2302,23,255,873.935,480.587
2303,97,255,1054.325,483.098
2304,69,255,1191.717,482.022
2305,40,255,1248.475,480.775
2306,90,255,1502.544,483.500
2307,131,255,1524.599,483.935
2308,190,255,121.300,487.111
2309,60,255,434.733,481.817
2310,41,255,798.500,481.500
2311,23,255,1207.283,480.891
2312,84,255,1315.238,483.964
2313,40,255,1352.325,481.475
2314,99,255,261.500,486.773
2315,44,255,773.273,481.977
2316,60,255,900.350,484.017
2317,39,255,1552.936,481.936
2318,54,255,74.963,484.704
2319,29,255,653.983,482.845
2320,72,255,672.722,485.431
2321,32,255,149.188,484.031
2322,79,255,162.816,489.108
2323,96,255,541.312,487.990
2324,147,255,633.643,490.412
2325,79,255,1124.715,487.297
2326,34,255,1174.794,484.235
2327,26,255,1258.115,484.154
2328,71,255,1282.218,486.331
2329,37,255,1380.959,484.581
2330,33,255,1414.288,485.318
2331,31,255,188.339,485.790
2332,81,255,301.944,487.278
2333,93,255,415.188,487.457
2334,75,255,758.607,487.073
2335,27,255,782.093,485.315
2336,49,255,859.357,485.827
2337,53,255,1200.689,486.142
2338,112,255,1456.036,489.214
2339,46,255,3.565,488.130
2340,101,255,491.837,488.787
2341,60,255,524.333,487.083
2342,77,255,827.474,489.110
2343,21,255,882.167,485.833
2344,70,255,1102.757,487.900
2345,53,255,221.915,488.009
2346,101,255,275.649,490.015
2347,79,255,1429.981,489.677
2348,62,255,1445.710,488.210
2349,66,255,1571.258,488.439
2350,69,255,398.007,489.138
2351,21,255,718.405,488.262
2352,61,255,1150.992,488.975
2353,94,255,1226.202,490.128
2354,54,255,1581.000,489.093
2355,55,255,98.027,490.064
2356,40,255,705.475,489.425
2357,109,255,955.711,492.592
2358,137,255,1164.500,494.223
2359,69,255,1182.065,490.717
2360,45,255,1238.322,490.100
2361,58,255,1335.483,490.362
2362,48,255,31.833,490.812
2363,30,255,316.167,489.967
2364,30,255,357.933,489.700
2365,36,255,478.556,490.694
2366,23,255,945.891,490.022
2367,80,255,1323.188,492.413
2368,128,255,1359.938,494.055
2369,75,255,1552.273,492.180
2370,117,255,568.919,493.902
2371,29,255,1040.672,491.328
2372,142,255,1136.746,495.218
2373,47,255,1292.074,491.734
2374,58,255,290.483,493.069
2375,169,255,438.719,498.612
2376,56,255,747.714,493.000
2377,52,255,791.808,493.000
2378,58,255,813.448,493.276
2379,59,255,889.059,494.127
2380,128,255,1000.375,495.484
2381,128,255,1345.391,498.258
2382,64,255,1407.234,494.141
2383,72,255,207.375,494.542
2384,72,255,375.222,494.653
2385,68,255,598.294,494.074
2386,77,255,695.006,495.305
2387,122,255,929.205,496.443
2388,183,255,1026.740,497.238
2389,90,255,1254.211,494.978
2390,75,255,240.353,495.260
2391,75,255,362.727,496.780
2392,59,255,648.195,495.059
2393,101,255,685.837,497.332
2394,22,255,777.000,493.500
2395,55,255,874.391,495.082
2396,63,255,907.198,496.262
2397,57,255,1047.482,494.921
2398,46,255,1213.043,494.848
2399,150,255,145.987,501.753
2400,79,255,425.259,496.437
2401,42,255,1091.000,495.238
2402,58,255,79.138,499.086
2403,43,255,136.267,497.733
2404,116,255,323.034,499.759
2405,66,255,348.045,497.530
2406,32,255,530.219,496.938
2407,113,255,616.606,499.765
2408,94,255,836.362,497.915
2409,54,255,975.907,496.981
2410,74,255,1267.311,498.122
2411,82,255,1542.427,498.134
2412,128,255,14.469,501.703
2413,59,255,171.585,498.331
2414,67,255,546.963,498.858
2415,136,255,1080.162,502.743
2416,51,255,36.853,499.049
2417,37,255,108.662,498.527
2418,50,255,719.340,499.180
2419,51,255,1396.676,499.618
2420,26,255,1416.000,497.500
2421,32,255,1562.031,498.750
2422,54,255,1576.537,498.667
2423,56,255,88.946,500.643
2424,53,255,307.009,500.292
2425,24,255,709.542,498.458
2426,75,255,850.860,500.700
2427,70,255,1184.314,500.871
2428,73,255,1445.267,500.610
2429,59,255,218.517,502.534
2430,59,255,399.059,500.907
2431,72,255,415.264,501.333
2432,44,255,513.523,501.182
2433,67,255,575.709,502.455
2434,53,255,673.462,500.594
2435,39,255,781.910,500.500
2436,31,255,1110.823,500.661
2437,27,255,98.167,500.981
2438,73,255,467.664,502.103
2439,26,255,899.500,501.231
2440,53,255,984.802,503.557
2441,82,255,1233.976,502.085
2442,103,255,119.850,505.985
2443,111,255,184.734,504.446
2444,47,255,657.053,502.564
2445,123,255,1063.126,504.419
2446,56,255,1094.893,502.339
2447,27,255,1152.093,501.537
2448,109,255,1011.573,506.950
2449,79,255,1432.665,504.981
2450,39,255,164.654,504.064
2451,88,255,534.966,507.716
2452,96,255,750.427,507.802
2453,41,255,807.744,504.500
2454,45,255,824.367,505.433
2455,133,255,1195.846,509.380
2456,75,255,1217.420,505.433
2457,59,255,1316.449,505.280
2458,41,255,1415.573,504.939
2459,32,255,1566.125,504.188
2460,64,255,629.312,507.016
2461,56,255,760.054,506.250
2462,79,255,771.829,507.424
2463,72,255,1492.472,509.194
2464,56,255,1500.679,506.125
2465,74,255,44.514,507.959
2466,78,255,210.500,508.667
2467,65,255,523.715,508.285
2468,58,255,729.621,507.862
2469,187,255,1376.762,509.500
2470,70,255,1588.443,508.300
2471,44,255,298.045,507.500
2472,93,255,975.220,508.876
2473,69,255,1514.862,508.804
2474,70,255,277.800,509.143
2475,49,255,345.765,508.337
2476,26,255,424.654,508.731
2477,118,255,795.831,511.212
2478,184,255,948.457,512.342
2479,65,255,1127.962,509.608
2480,107,255,1470.864,510.453
2481,67,255,1483.933,510.201
2482,78,255,333.551,512.218
2483,51,255,372.990,509.618
2484,80,255,596.875,511.312
2485,94,255,866.521,512.872
2486,37,255,884.932,509.797
2487,48,255,1525.438,509.854
2488,78,255,1539.500,510.474
2489,25,255,1554.740,508.460
2490,59,255,155.059,511.534
2491,89,255,256.444,511.691
2492,33,255,318.470,510.045
2493,40,255,501.000,511.000
2494,72,255,661.736,511.181
2495,53,255,1039.066,511.028
2496,21,255,1598.214,510.071
2497,99,255,54.278,515.005
2498,121,255,583.649,515.533
2499,65,255,851.685,512.023
2500,161,255,1153.898,515.742
2501,100,255,1406.570,513.200
2502,59,255,21.449,514.144
2503,77,255,290.266,513.695
2504,160,255,401.250,516.169
2505,104,255,1272.000,516.615
2506,132,255,1456.492,517.159
2507,144,255,98.514,517.521
2508,52,255,266.885,514.442
2509,33,255,361.379,512.864
2510,34,255,512.000,513.794
2511,117,255,551.184,515.397
2512,157,255,565.787,518.608
2513,82,255,738.683,515.024
2514,63,255,838.040,514.167
2515,80,255,239.525,515.975
2516,82,255,466.049,516.256
2517,99,255,619.146,516.520
2518,68,255,1258.221,515.882
2519,31,255,88.242,514.855
2520,109,255,379.904,519.014
2521,135,255,484.759,517.433
2522,26,255,1108.308,515.038
2523,76,255,1242.776,516.842
2524,103,255,1341.578,517.141
2525,39,255,450.679,516.500
2526,69,255,682.993,518.572
2527,41,255,889.988,517.159
2528,66,255,1065.485,517.333
2529,63,255,6.214,519.802
2530,20,255,113.650,516.350
2531,58,255,351.690,518.293
2532,22,255,366.773,517.636
2533,52,255,695.269,517.885
2534,70,255,1088.171,518.286
2535,92,255,1555.500,521.011
2536,27,255,1598.204,517.907
2537,35,255,1120.014,518.586
2538,43,255,1432.384,518.663
2539,110,255,527.382,521.018
2540,135,255,1317.056,521.826
2541,53,255,1510.821,519.915
2542,67,255,1564.843,521.037
2543,109,255,80.390,524.225
2544,131,255,224.698,522.935
2545,123,255,420.760,524.248
2546,65,255,878.623,521.331
2547,40,255,975.225,519.850
2548,159,255,1132.091,523.708
2549,96,255,1296.031,521.969
2550,72,255,1384.278,522.194
2551,32,255,1392.625,520.156
2552,65,255,1586.392,521.423
2553,93,255,178.059,524.339
2554,35,255,206.843,521.100
2555,66,255,966.091,522.515
2556,54,255,1006.889,522.296
2557,108,255,1041.898,522.519
2558,141,255,1219.926,525.372
2559,38,255,31.921,523.079
2560,118,255,123.983,525.771
2561,91,255,606.764,524.467
2562,55,255,722.173,523.500
2563,93,255,795.016,524.005
2564,115,255,1350.700,527.770
2565,47,255,196.351,523.968
2566,72,255,388.597,526.958
2567,55,255,1365.955,524.645
2568,74,255,510.365,525.270
2569,58,255,712.586,525.828
2570,118,255,760.873,525.186
2571,117,255,853.021,526.013
2572,46,255,867.587,525.326
2573,39,255,931.731,525.372
2574,98,255,1105.337,526.102
2575,99,255,1164.884,529.086
2576,61,255,1486.516,525.943
2577,91,255,1495.797,526.874
2578,129,255,1523.167,529.089
2579,86,255,670.860,527.465
2580,59,255,978.297,526.669
2581,55,255,1173.736,526.609
2582,78,255,1261.744,527.628
2583,63,255,1436.643,526.071
2584,39,255,1444.962,525.654
2585,88,255,47.534,528.443
2586,21,255,187.786,526.214
2587,140,255,313.429,530.064
2588,57,255,690.307,527.184
2589,99,255,939.056,530.096
2590,45,255,1538.167,526.544
2591,50,255,23.340,528.620
2592,94,255,160.660,530.447
2593,92,255,358.696,529.435
2594,54,255,429.463,528.852
2595,167,255,455.243,530.308
2596,138,255,819.717,529.457
2597,26,255,584.000,527.500
2598,56,255,658.036,528.661
2599,48,255,699.792,529.896
2600,149,255,898.064,533.493
2601,79,255,989.829,529.399
2602,95,255,1081.300,530.921
2603,64,255,1329.062,531.438
2604,34,255,335.618,530.265
2605,65,255,648.777,531.238
2606,80,255,11.912,532.962
2607,27,255,214.093,530.685
2608,93,255,635.091,533.231
2609,63,255,883.548,533.468
2610,87,255,964.534,533.086
2611,76,255,1035.632,532.592
2612,80,255,1471.500,532.587
2613,141,255,266.691,537.018
2614,26,255,300.731,532.346
2615,51,255,348.422,533.814
2616,56,255,481.839,533.196
2617,87,255,574.132,534.603
2618,94,255,1015.596,533.915
2619,24,255,679.917,533.458
2620,163,255,732.371,538.021
2621,101,255,1193.510,536.104
2622,68,255,247.882,536.324
2623,86,255,557.093,537.465
2624,68,255,716.794,535.794
2625,70,255,1321.357,536.843
2626,81,255,1573.093,535.562
2627,54,255,1073.333,537.222
2628,28,255,1175.821,534.500
2629,97,255,1278.335,537.479
2630,105,255,1557.357,536.957
2631,60,255,44.250,536.283
2632,65,255,196.885,538.377
2633,32,255,292.094,536.750
2634,36,255,610.694,536.556
2635,73,255,626.185,538.952
2636,68,255,793.074,537.588
2637,65,255,1368.054,537.531
2638,82,255,3.732,540.720
2639,116,255,218.164,538.052
2640,97,255,666.057,539.232
2641,25,255,746.020,537.020
2642,95,255,1128.079,538.953
2643,121,255,1534.550,541.079
2644,104,255,410.452,539.846
2645,61,255,494.598,538.631
2646,53,255,521.519,538.934
2647,65,255,768.500,539.269
2648,84,255,782.429,540.310
2649,43,255,1247.221,538.640
2650,96,255,1339.073,541.042
2651,60,255,184.550,540.117
2652,40,255,604.825,540.625
2653,90,255,827.367,540.211
2654,50,255,860.480,539.520
2655,35,255,917.814,540.043
2656,84,255,928.929,542.893
2657,50,255,1000.100,540.360
2658,40,255,1105.300,539.425
2659,63,255,1441.976,540.881
2660,114,255,1591.272,541.289
2661,162,255,58.068,545.333
2662,134,255,1149.134,542.873
2663,75,255,1212.873,542.300
2664,180,255,83.428,547.922
2665,43,255,335.616,541.384
2666,82,255,503.207,542.756
2667,49,255,1237.337,542.153
2668,58,255,1306.655,542.638
2669,104,255,105.692,544.529
2670,39,255,343.295,542.474
2671,153,255,469.820,546.049
2672,77,255,637.604,547.773
2673,143,255,1049.703,546.367
2674,85,255,1427.947,544.712
2675,92,255,307.054,545.293
2676,125,255,1465.388,546.636
2677,88,255,1497.443,545.807
2678,52,255,17.827,546.846
2679,22,255,159.864,544.045
2680,80,255,232.325,546.100
2681,47,255,296.223,545.138
2682,51,255,485.598,545.343
2683,63,255,543.405,545.929
2684,72,255,690.347,546.125
2685,39,255,705.577,543.833
2686,74,255,1035.919,546.500
2687,124,255,1225.613,548.032
2688,152,255,277.954,550.171
2689,98,255,372.204,547.143
2690,64,255,402.250,546.109
2691,90,255,535.144,548.778
2692,35,255,907.300,545.500
2693,130,255,987.938,548.931
2694,113,255,435.544,548.058
2695,58,255,748.948,546.983
2696,137,255,808.734,550.420
2697,104,255,1406.481,548.231
2698,55,255,1514.227,547.118
2699,98,255,765.980,549.265
2700,117,255,862.107,550.765
2701,35,255,1092.700,547.243
2702,123,255,169.337,551.191
2703,159,255,449.921,553.217
2704,125,255,1067.428,550.868
2705,109,255,1112.005,550.986
2706,110,255,1169.109,550.800
2707,79,255,1274.880,550.449
2708,46,255,71.500,550.326
2709,112,255,516.893,552.134
2710,116,255,566.845,553.052
2711,77,255,649.591,550.214
2712,30,255,832.133,549.133
2713,112,255,1249.804,551.143
2714,50,255,1293.240,550.280
2715,118,255,1350.924,551.551
2716,148,255,27.473,554.980
2717,72,255,137.431,553.361
2718,37,255,662.149,550.392
2719,20,255,956.750,550.000
2720,26,255,1100.231,550.269
2721,98,255,1131.816,552.092
2722,99,255,1572.197,553.278
2723,79,255,792.120,553.500
2724,59,255,1021.229,552.975
2725,130,255,1449.531,556.108
2726,102,255,199.529,554.294
2727,52,255,724.327,553.404
2728,37,255,1505.581,552.959
2729,62,255,315.387,555.016
2730,127,255,340.303,556.933
2731,92,255,1007.217,554.250
2732,184,255,1369.842,558.495
2733,53,255,150.934,555.387
2734,49,255,349.949,555.398
2735,75,255,1157.247,555.753
2736,93,255,1193.134,556.543
2737,84,255,1522.857,557.250
2738,100,255,9.730,558.900
2739,74,255,391.541,556.878
2740,81,255,580.352,557.414
2741,124,255,592.379,559.629
2742,44,255,675.432,555.864
2743,55,255,1536.155,556.100
2744,104,255,1596.337,559.471
2745,106,255,105.019,559.651
2746,88,255,477.670,558.523
2747,43,255,1547.384,556.384
2748,69,255,644.674,558.703
2749,62,255,246.468,558.903
2750,44,255,745.341,558.477
2751,71,255,883.754,558.993
2752,94,255,1410.957,559.085
2753,194,255,1474.057,562.284
2754,51,255,404.520,559.853
2755,133,255,419.876,562.545
2756,163,255,948.261,567.009
2757,36,255,952.194,559.139
2758,59,255,1208.856,560.178
2759,183,255,687.839,564.451
2760,103,255,754.539,562.937
2761,90,255,1077.789,562.911
2762,69,255,59.341,562.283
2763,55,255,874.264,563.536
2764,20,255,897.650,560.800
2765,51,255,962.480,561.971
2766,110,255,1126.555,563.645
2767,85,255,1229.806,562.688
2768,142,255,1432.570,565.190
2769,59,255,212.619,563.483
2770,131,255,1276.095,565.531
2771,67,255,1579.948,563.127
2772,49,255,116.133,565.051
2773,61,255,298.352,564.795
2774,74,255,863.068,565.081
2775,121,255,614.128,566.979
2776,57,255,709.026,565.623
2777,55,255,738.791,565.227
2778,138,255,805.268,568.355
2779,67,255,978.187,565.216
2780,28,255,1054.893,565.214
2781,87,255,1318.672,565.845
2782,54,255,40.815,566.315
2783,84,255,161.167,566.714
2784,91,255,356.643,566.775
2785,31,255,516.952,564.919
2786,28,255,831.714,564.679
2787,43,255,1013.849,565.942
2788,69,255,1112.790,566.572
2789,115,255,1398.422,568.596
2790,121,255,1503.045,567.616
2791,39,255,94.295,567.295
2792,25,255,194.700,566.060
2793,115,255,321.248,568.083
2794,71,255,1005.289,569.415
2795,98,255,1533.061,567.786
2796,67,255,272.933,569.276
2797,22,255,560.136,567.682
2798,89,255,1258.230,569.579
2799,47,255,846.011,568.606
2800,37,255,997.122,569.581
2801,69,255,1304.746,569.529
2802,64,255,76.047,570.406
2803,48,255,138.854,570.042
2804,148,255,394.993,571.912
2805,77,255,428.630,571.253
2806,85,255,484.453,571.700
2807,117,255,1351.158,572.132
2808,43,255,184.523,571.756
2809,145,255,226.762,573.321
2810,124,255,256.734,573.048
2811,77,255,289.461,571.773
2812,32,255,1178.062,570.812
2813,51,255,1231.873,570.833
2814,104,255,641.106,573.288
2815,150,255,1151.013,573.980
2816,103,255,51.374,574.811
2817,41,255,65.524,572.890
2818,90,255,341.611,574.656
2819,124,255,438.984,576.935
2820,132,255,718.462,574.871
2821,105,255,782.757,574.329
2822,163,255,886.678,576.199
2823,45,255,968.500,572.611
2824,70,255,1212.357,574.057
2825,128,255,1444.984,574.750
2826,74,255,1516.257,573.365
2827,49,255,1593.133,573.112
2828,112,255,21.920,575.938
2829,62,255,171.952,574.629
2830,73,255,990.555,575.637
2831,54,255,1250.296,574.111
2832,54,255,1330.037,574.648
2833,91,255,34.775,576.489
2834,101,255,103.134,576.500
2835,42,255,503.310,574.357
2836,69,255,657.109,576.486
2837,89,255,1075.320,575.949
2838,126,255,1565.937,577.500
2839,63,255,115.262,576.611
2840,108,255,554.537,577.676
2841,84,255,666.048,578.524
2842,37,255,835.500,574.878
2843,44,255,84.659,576.136
2844,149,255,378.359,580.185
2845,89,255,1546.298,578.646
2846,56,255,512.268,578.607
2847,78,255,768.808,579.385
2848,150,255,903.633,580.667
2849,25,255,1458.780,577.220
2850,74,255,1471.851,578.419
2851,73,255,1526.774,579.130
2852,60,255,463.467,579.567
2853,143,255,578.619,581.262
2854,91,255,1420.445,580.478
2855,49,255,137.847,580.133
2856,111,255,275.257,581.581
2857,55,255,352.191,581.500
2858,71,255,1138.401,581.077
2859,101,255,207.500,583.124
2860,97,255,488.490,582.675
2861,130,255,530.285,582.938
2862,29,255,923.224,580.086
2863,35,255,1093.729,580.014
2864,80,255,302.500,583.000
2865,103,255,739.752,583.442
2866,57,255,839.868,582.868
2867,56,255,946.804,581.750
2868,113,255,1009.535,583.819
2869,131,255,1182.569,583.973
2870,34,255,1335.353,582.118
2871,20,255,1.350,582.700
2872,48,255,70.521,583.583
2873,33,255,417.924,582.561
2874,99,255,596.035,586.177
2875,29,255,955.086,583.190
2876,27,255,1429.204,582.500
2877,81,255,1489.710,584.636
2878,75,255,1500.700,583.620
2879,82,255,628.256,585.951
2880,59,255,1105.805,584.602
2881,94,255,454.660,586.362
2882,113,255,640.642,587.881
2883,76,255,678.092,585.632
2884,59,255,755.720,585.720
2885,132,255,812.636,586.856
2886,73,255,1323.144,586.130
2887,45,255,53.100,586.056
2888,69,255,830.935,586.558
2889,79,255,1219.006,587.399
2890,52,255,1248.615,586.077
2891,78,255,1581.103,587.231
2892,96,255,82.552,587.740
2893,37,255,397.662,586.824
2894,80,255,916.263,589.712
2895,77,255,107.227,588.370
2896,164,255,153.134,589.787
2897,97,255,179.840,589.861
2898,148,255,252.858,591.865
2899,151,255,1068.924,590.182
2900,46,255,1373.000,588.109
2901,153,255,20.572,590.376
2902,92,255,235.913,590.250
2903,90,255,511.411,589.967
2904,139,255,610.040,590.888
2905,67,255,964.351,589.321
2906,126,255,1046.119,592.627
2907,93,255,1084.425,590.296
2908,28,255,1156.250,588.179
2909,113,255,1168.881,591.597
2910,54,255,1196.833,590.407
2911,89,255,1258.713,590.556
2912,171,255,1288.108,592.646
2913,41,255,1300.524,588.280
2914,80,255,219.262,590.987
2915,181,255,361.760,595.246
2916,50,255,768.600,589.300
2917,41,255,797.695,590.012
2918,190,255,554.947,596.158
2919,112,255,1550.920,591.848
2920,107,255,320.864,596.210
2921,50,255,444.280,592.060
2922,38,255,877.395,590.816
2923,99,255,1311.116,594.268
2924,94,255,1367.777,595.074
2925,81,255,1564.191,593.772
2926,68,255,305.926,593.735
2927,52,255,535.827,592.808
2928,54,255,571.778,593.185
2929,100,255,945.940,593.440
2930,133,255,1346.417,596.109
2931,66,255,1429.136,593.985
2932,36,255,122.611,593.611
2933,79,255,435.348,596.551
2934,68,255,863.750,594.353
2935,41,255,1270.500,593.500
2936,63,255,1437.944,595.262
2937,72,255,480.333,595.667
2938,82,255,1113.159,596.061
2939,46,255,42.261,596.065
2940,82,255,68.037,596.415
2941,128,255,422.906,599.977
2942,67,255,1324.560,596.500
2943,41,255,1415.256,595.500
2944,81,255,53.599,597.920
2945,63,255,524.960,597.627
2946,191,255,671.531,600.364
2947,134,255,854.918,601.657
2948,66,255,883.818,598.273
2949,145,255,993.659,599.631
2950,72,255,1488.792,597.486
2951,104,255,1572.125,599.500
2952,148,255,135.392,601.541
2953,36,255,199.361,597.111
2954,71,255,906.317,599.415
2955,64,255,1220.547,598.672
2956,63,255,340.913,599.865
2957,59,255,647.331,599.364
2958,107,255,1097.528,601.313
2959,30,255,1240.567,597.767
2960,110,255,1508.718,601.245
2961,115,255,1532.439,600.961
2962,49,255,161.561,600.643
2963,73,255,36.199,603.007
2964,128,255,461.219,604.789
2965,44,255,690.886,601.295
2966,97,255,738.716,601.809
2967,94,255,766.734,601.032
2968,65,255,956.100,602.823
2969,91,255,1008.918,601.885
2970,80,255,1033.300,601.900
2971,95,255,1059.858,601.858
2972,37,255,623.608,601.743
2973,102,255,813.775,603.284
2974,63,255,1448.452,603.230
2975,152,255,273.908,605.809
2976,46,255,598.370,602.413
2977,132,255,1129.780,604.826
2978,38,255,1257.553,602.421
2979,35,255,1390.786,602.757
2980,21,255,1560.595,602.405
2981,150,255,117.180,606.080
2982,64,255,310.453,604.406
2983,87,255,1147.075,605.305
2984,108,255,1271.852,605.278
2985,48,255,921.771,604.688
2986,39,255,1081.192,604.731
2987,96,255,1241.906,606.198
2988,103,255,1381.733,608.956
2989,100,255,1457.850,607.870
2990,114,255,1477.272,607.553
2991,27,255,84.981,604.907
2992,134,255,150.515,608.530
2993,95,255,374.005,608.058
2994,64,255,66.406,607.844
2995,101,255,226.946,608.282
2996,45,255,827.589,606.189
2997,130,255,1519.515,611.400
2998,125,255,192.660,609.028
2999,31,255,336.823,607.597
3000,98,255,488.786,609.816
3001,117,255,750.705,609.782
3002,46,255,351.152,608.717
3003,109,255,390.050,611.289
3004,148,255,528.615,611.689
3005,43,255,1114.221,608.430
3006,31,255,1354.823,608.823
3007,110,255,10.664,612.800
3008,123,255,55.524,614.159
3009,160,255,510.988,613.394
3010,151,255,641.858,612.308
3011,50,255,1102.900,610.200
3012,92,255,1160.978,611.543
3013,61,255,1426.582,610.254
3014,58,255,607.966,611.793
3015,78,255,801.423,612.333
3016,65,255,1050.915,611.731
3017,60,255,1189.833,611.183
3018,89,255,1411.163,612.893
3019,92,255,1575.837,612.413
3020,109,255,575.628,614.005
3021,35,255,625.414,611.100
3022,97,255,684.459,613.438
3023,50,255,1217.280,611.580
3024,36,255,211.139,613.167
3025,39,255,261.731,613.397
3026,58,255,415.379,613.086
3027,33,255,669.106,611.985
3028,129,255,907.717,616.554
3029,94,255,944.266,614.372
3030,79,255,1317.335,614.297
3031,93,255,246.747,615.608
3032,30,255,422.433,613.533
3033,25,255,783.340,613.580
3034,91,255,1065.434,616.258
3035,108,255,1365.139,616.148
3036,111,255,292.662,617.203
3037,64,255,358.594,616.000
3038,122,255,826.451,617.164
3039,46,255,922.935,614.391
3040,51,255,1137.304,616.186
3041,107,255,1289.276,616.799
3042,26,255,1345.462,614.192
3043,151,255,404.123,619.507
3044,115,255,700.274,617.709
3045,60,255,1076.950,616.867
3046,127,255,1153.146,620.807
3047,82,255,1255.780,618.195
3048,56,255,348.411,618.429
3049,56,255,591.446,618.000
3050,66,255,720.742,618.515
3051,67,255,883.545,618.933
3052,31,255,1022.597,617.500
3053,106,255,1308.736,621.500
3054,60,255,200.867,620.400
3055,100,255,312.980,620.310
3056,118,255,749.483,621.229
3057,64,255,988.156,619.938
3058,99,255,1499.985,620.965
3059,146,255,332.438,623.158
3060,38,255,474.026,620.289
3061,68,255,866.632,620.559
3062,52,255,955.481,620.288
3063,86,255,1194.000,621.465
3064,89,255,1402.657,623.185
3065,184,255,171.804,624.886
3066,73,255,566.815,622.829
3067,94,255,768.170,622.628
3068,116,255,151.612,624.250
3069,69,255,481.935,622.877
3070,68,255,603.426,622.971
3071,90,255,792.067,624.011
3072,54,255,979.444,622.537
3073,55,255,1384.518,621.645
3074,53,255,1529.123,622.255
3075,46,255,17.261,623.043
3076,105,255,1204.386,625.786
3077,77,255,1229.383,624.500
3078,65,255,187.592,624.746
3079,54,255,555.889,624.185
3080,38,255,659.026,623.816
3081,78,255,672.449,624.141
3082,161,255,924.276,625.891
3083,66,255,944.758,624.424
3084,174,255,1089.184,628.201
3085,95,255,1373.647,626.753
3086,166,255,368.355,630.235
3087,107,255,617.678,626.593
3088,60,255,7.667,627.183
3089,83,255,256.416,626.572
3090,70,255,455.557,626.457
3091,82,255,467.439,629.122
3092,95,255,1040.395,628.332
3093,94,255,1271.394,627.926
3094,84,255,646.119,627.845
3095,52,255,688.923,627.788
3096,106,255,778.057,629.575
3097,28,255,60.179,626.607
3098,152,255,109.829,631.776
3099,90,255,430.833,631.200
3100,29,255,592.397,627.155
3101,52,255,1070.096,627.712
3102,139,255,1242.608,631.759
3103,53,255,1466.274,627.651
3104,34,255,1563.529,627.471
3105,73,255,439.870,631.021
3106,59,255,714.246,629.653
3107,95,255,729.847,630.763
3108,82,255,836.012,629.354
3109,106,255,1178.660,630.925
3110,74,255,1449.000,629.500
3111,122,255,86.230,631.762
3112,28,255,273.964,629.321
3113,107,255,509.631,632.500
3114,55,255,584.336,630.173
3115,124,255,994.081,632.452
3116,47,255,1335.032,629.351
3117,41,255,1363.037,629.915
3118,27,255,1417.833,628.500
3119,54,255,1496.167,629.796
3120,116,255,45.026,633.517
3121,49,255,412.133,631.418
3122,60,255,738.750,634.767
3123,93,255,862.167,632.263
3124,61,255,962.336,631.631
3125,45,255,263.167,632.544
3126,111,255,1530.860,635.347
3127,55,255,397.155,633.518
3128,61,255,747.385,633.943
3129,33,255,1291.894,632.015
3130,167,255,1588.428,638.081
3131,37,255,59.824,633.797
3132,42,255,209.262,633.119
3133,60,255,903.767,634.933
3134,111,255,1066.014,635.914
3135,132,255,192.826,638.530
3136,72,255,801.042,635.458
3137,102,255,1212.127,637.167
3138,123,255,1260.947,638.077
3139,32,255,1306.656,633.625
3140,115,255,1514.883,638.317
3141,29,255,654.500,635.948
3142,121,255,1322.434,639.128
3143,78,255,1484.744,637.269
3144,70,255,134.400,638.371
3145,121,255,527.897,638.864
3146,104,255,690.692,640.308
3147,78,255,889.141,638.769
3148,113,255,1569.031,638.624
3149,128,255,148.484,641.422
3150,140,255,271.864,641.214
3151,49,255,286.990,638.418
3152,110,255,588.782,640.627
3153,104,255,623.375,640.000
3154,36,255,639.611,637.444
3155,99,255,1036.258,639.682
3156,69,255,1155.065,637.616
3157,143,255,1398.122,640.325
3158,61,255,1415.352,638.418
3159,111,255,327.635,641.527
3160,32,255,482.250,638.125
3161,44,255,544.227,639.250
3162,92,255,171.076,641.370
3163,95,255,353.332,642.026
3164,114,255,456.474,642.044
3165,116,255,1378.621,641.526
3166,67,255,212.963,641.604
3167,119,255,377.895,643.567
3168,66,255,497.091,641.485
3169,51,255,1109.676,641.480
3170,39,255,1126.115,641.115
3171,51,255,1504.912,641.108
3172,77,255,179.916,644.201
3173,54,255,1303.056,641.444
3174,107,255,1345.743,645.313
3175,98,255,233.112,644.888
3176,87,255,307.362,644.098
3177,83,255,1134.584,644.994
3178,45,255,1145.833,643.611
3179,117,255,1464.697,644.970
3180,79,255,444.525,645.310
3181,38,255,601.316,643.816
3182,109,255,703.775,646.399
3183,44,255,777.000,643.636
3184,78,255,954.359,645.115
3185,119,255,1017.046,646.895
3186,109,255,1201.179,646.959
3187,42,255,918.119,645.429
3188,101,255,926.965,649.381
3189,113,255,1089.491,647.473
3190,96,255,1232.188,646.000
3191,40,255,1357.650,643.400
3192,90,255,1424.211,645.889
3193,125,255,41.084,647.932
3194,89,255,245.725,648.197
3195,44,255,836.432,645.477
3196,125,255,1489.108,649.668
3197,167,255,14.524,650.464
3198,64,255,486.234,648.094
3199,95,255,565.153,648.142
3200,22,255,895.136,646.000
3201,76,255,984.447,647.697
3202,55,255,1597.555,649.373
3203,58,255,59.103,650.069
3204,50,255,297.500,649.020
3205,83,255,967.536,649.524
3206,36,255,88.806,648.000
3207,117,255,121.996,652.363
3208,126,255,1050.571,652.389
3209,68,255,142.529,649.765
3210,65,255,552.238,650.008
3211,139,255,641.457,652.709
3212,41,255,1063.598,650.695
3213,93,255,1452.027,651.414
3214,53,255,424.236,650.538
3215,142,255,800.613,654.204
3216,119,255,823.962,653.332
3217,95,255,1025.458,653.521
3218,53,255,1264.519,650.406
3219,105,255,735.224,654.843
3220,159,255,874.852,656.827
3221,44,255,1500.568,651.455
3222,75,255,338.873,653.247
3223,51,255,667.304,653.147
3224,144,255,752.194,655.958
3225,25,255,890.620,651.780
3226,97,255,1103.376,654.284
3227,52,255,1277.615,653.000
3228,86,255,1318.209,653.698
3229,79,255,1400.184,653.766
3230,63,255,1576.738,654.865
3231,34,255,99.941,653.676
3232,109,255,225.023,657.188
3233,196,255,528.633,658.077
3234,156,255,689.019,657.224
3235,44,255,1434.523,654.114
3236,57,255,789.184,655.658
3237,138,255,1546.906,658.283
3238,169,255,273.967,658.766
3239,31,255,456.081,655.048
3240,91,255,493.038,658.445
3241,60,255,655.200,656.533
3242,59,255,1117.025,656.568
3243,40,255,1223.775,655.475
3244,107,255,1288.416,659.678
3245,106,255,1419.840,657.868
3246,79,255,213.690,659.272
3247,125,255,317.796,659.748
3248,79,255,432.209,658.437
3249,54,255,775.852,657.074
3250,53,255,837.387,657.802
3251,21,255,846.357,655.310
3252,64,255,993.781,657.406
3253,54,255,129.537,659.296
3254,85,255,477.994,660.865
3255,185,255,616.511,661.322
3256,48,255,1298.312,657.854
3257,40,255,723.950,658.950
3258,41,255,895.476,659.134
3259,69,255,975.935,659.036
3260,40,255,1153.500,658.800
3261,158,255,1175.095,662.582
3262,92,255,1395.283,662.174
3263,39,255,1443.372,658.628
3264,101,255,52.124,661.351
3265,137,255,159.719,662.938
3266,132,255,547.530,662.674
3267,92,255,583.880,665.076
3268,41,255,1073.061,660.402
3269,107,255,1125.220,665.481
3270,139,255,1212.594,663.960
3271,119,255,1470.878,664.122
3272,87,255,1527.224,662.236
3273,147,255,78.357,665.371
3274,101,255,411.995,662.361
3275,90,255,665.344,663.633
3276,95,255,703.521,663.226
3277,85,255,1001.935,663.818
3278,63,255,1138.373,663.389
3279,61,255,1228.730,662.369
3280,115,255,23.335,665.865
3281,62,255,97.919,664.790
3282,38,255,195.289,661.763
3283,38,255,345.711,662.026
3284,114,255,363.868,664.965
3285,86,255,817.628,664.058
3286,33,255,244.045,663.742
3287,130,255,1274.915,667.046
3288,99,255,1336.359,664.813
3289,61,255,1495.221,664.221
3290,68,255,1512.941,663.971
3291,29,255,1569.603,663.672
3292,31,255,5.468,665.177
3293,61,255,123.402,665.057
3294,94,255,378.957,666.319
3295,98,255,844.969,667.480
3296,146,255,920.349,667.877
3297,153,255,939.552,668.180
3298,169,255,1046.109,668.642
3299,45,255,1081.567,664.633
3300,31,255,90.403,665.661
3301,80,255,503.613,666.562
3302,62,255,1060.274,667.581
3303,45,255,1147.656,667.011
3304,79,255,1593.285,668.044
3305,64,255,12.188,669.328
3306,69,255,404.775,669.138
3307,57,255,987.482,668.675
3308,152,255,328.993,671.895
3309,45,255,599.900,668.678
3310,159,255,777.135,671.374
3311,47,255,1028.457,668.926
3312,93,255,294.177,671.984
3313,92,255,429.772,671.293
3314,52,255,467.442,670.558
3315,62,255,669.726,669.468
3316,69,255,804.616,670.848
3317,39,255,951.090,670.500
3318,205,255,1188.671,675.232
3319,158,255,1244.082,672.304
3320,28,255,1354.393,668.607
3321,115,255,148.343,673.787
3322,55,255,172.445,672.136
3323,190,255,189.542,675.568
3324,37,255,888.905,671.149
3325,159,255,1019.557,675.085
3326,88,255,1295.375,672.523
3327,121,255,898.459,675.417
3328,85,255,1066.853,675.547
3329,67,255,1091.739,672.858
3330,126,255,1562.254,674.730
3331,83,255,210.633,675.560
3332,64,255,538.406,673.672
3333,160,255,561.256,675.644
3334,126,255,625.730,675.659
3335,139,255,1454.788,675.018
3336,31,255,1523.855,671.726
3337,23,255,1573.152,671.543
3338,131,255,48.859,675.569
3339,155,255,310.119,678.119
3340,54,255,793.352,674.000
3341,93,255,1314.726,675.306
3342,38,255,1349.658,673.211
3343,116,255,695.810,677.776
3344,28,255,1362.250,674.321
3345,194,255,1398.603,676.814
3346,63,255,1582.690,675.341
3347,75,255,741.567,677.260
3348,178,255,966.567,679.612
3349,33,255,1492.076,674.924
3350,98,255,126.408,678.898
3351,94,255,284.723,680.160
3352,107,255,1136.472,678.687
3353,156,255,1417.321,681.276
3354,78,255,3.538,679.718
3355,115,255,472.048,680.213
3356,39,255,488.474,677.346
3357,43,255,547.663,678.221
3358,40,255,653.200,677.350
3359,80,255,766.475,680.312
3360,160,255,1154.519,681.612
3361,104,255,260.346,681.308
3362,83,255,352.946,679.982
3363,29,255,1254.500,678.190
3364,114,255,175.447,682.895
3365,57,255,584.781,679.816
3366,145,255,729.279,683.797
3367,36,255,847.028,679.417
3368,71,255,920.810,680.824
3369,194,255,1107.268,683.943
3370,102,255,104.343,682.196
3371,48,255,433.250,680.688
3372,52,255,519.192,680.904
3373,101,255,606.262,680.916
3374,58,255,1356.207,683.448
3375,49,255,1480.561,681.092
3376,148,255,400.973,683.770
3377,72,255,877.306,682.556
3378,85,255,1517.535,682.065
3379,92,255,94.652,685.848
3380,82,255,224.293,686.073
3381,89,255,370.624,684.129
3382,131,255,1048.233,685.378
3383,119,255,1288.357,685.609
3384,88,255,1319.625,685.420
3385,85,255,203.465,686.606
3386,179,255,811.115,688.573
3387,48,255,865.583,684.104
3388,179,255,1229.779,687.802
3389,62,255,1584.258,684.726
3390,40,255,13.850,684.125
3391,118,255,72.347,688.941
3392,80,255,269.300,686.225
3393,128,255,991.078,688.203
3394,178,255,246.489,691.073
3395,73,255,716.733,687.308
3396,190,255,756.168,690.026
3397,82,255,1074.854,687.354
3398,132,255,1435.621,690.508
3399,54,255,131.167,686.370
3400,32,255,488.375,686.406
3401,96,255,597.958,688.771
3402,50,255,647.260,688.040
3403,164,255,1006.299,692.756
3404,124,255,1061.540,691.048
3405,36,255,1266.250,687.500
3406,89,255,1484.152,689.713
3407,71,255,580.063,690.303
3408,158,255,1273.405,692.949
3409,58,255,1507.586,689.414
3410,64,255,498.500,690.406
3411,90,255,549.578,690.933
3412,111,255,1135.941,690.500
3413,50,255,324.040,690.660
3414,42,255,440.690,691.000
3415,104,255,568.913,693.490
3416,46,255,680.043,690.326
3417,23,255,1021.457,689.848
3418,147,255,1367.126,696.187
3419,51,255,1376.225,690.990
3420,94,255,30.745,694.287
3421,137,255,522.814,695.566
3422,149,255,621.782,694.359
3423,50,255,705.260,691.920
3424,69,255,926.036,692.181
3425,77,255,952.201,693.539
3426,21,255,1309.548,692.214
3427,99,255,50.379,697.985
3428,80,255,163.938,694.275
3429,47,255,305.543,691.713
3430,69,255,346.964,693.616
3431,78,255,667.359,694.692
3432,47,255,1088.160,692.862
3433,40,255,853.000,693.700
3434,70,255,864.671,694.386
3435,165,255,1163.039,698.185
3436,114,255,1447.211,696.939
3437,156,255,180.263,698.795
3438,60,255,430.033,696.033
3439,125,255,1296.404,698.156
3440,124,255,1350.460,698.685
3441,86,255,1409.140,697.233
3442,175,255,1116.551,700.500
3443,54,255,1181.981,696.648
3444,62,255,1387.855,695.565
3445,59,255,107.737,697.008
3446,122,255,145.418,700.057
3447,146,255,693.048,699.747
3448,32,255,1217.906,696.406
3449,57,255,1555.956,698.061
3450,43,255,206.895,696.849
3451,50,255,491.160,698.300
3452,59,255,785.059,698.110
3453,62,255,822.613,698.565
3454,51,255,1078.343,698.559
3455,129,255,1205.857,701.291
3456,268,255,1250.104,703.840
3457,82,255,333.512,700.098
3458,88,255,905.932,700.136
3459,63,255,1340.484,699.373
3460,142,255,482.873,703.810
3461,69,255,1315.848,701.877
3462,78,255,1509.179,700.603
3463,88,255,1543.852,700.534
3464,42,255,36.976,700.833
3465,52,255,294.538,701.769
3466,90,255,917.544,702.967
3467,98,255,934.612,702.806
3468,36,255,1145.111,700.639
3469,80,255,1584.125,702.438
3470,138,255,306.413,705.406
3471,29,255,467.810,701.293
3472,81,255,546.043,702.525
3473,162,255,725.963,705.173
3474,130,255,835.715,705.100
3475,132,255,981.379,706.273
3476,126,255,1067.294,705.317
3477,70,255,352.357,704.614
3478,151,255,409.930,705.579
3479,103,255,446.102,705.782
3480,181,255,651.948,707.633
3481,100,255,791.440,705.660
3482,123,255,805.435,705.793
3483,117,255,8.748,706.756
3484,150,255,131.673,706.213
3485,29,255,280.224,703.086
3486,101,255,775.064,705.223
3487,103,255,391.364,707.112
3488,67,255,508.037,704.515
3489,187,255,875.783,708.441
3490,114,255,1026.009,706.763
3491,30,255,43.667,704.900
3492,81,255,221.290,707.525
3493,126,255,243.810,707.500
3494,67,255,432.157,706.351
3495,68,255,458.471,706.853
3496,98,255,101.153,708.051
3497,119,255,168.811,709.071
3498,141,255,202.762,709.578
3499,43,255,271.942,707.105
3500,77,255,676.838,708.838
3501,68,255,635.529,709.559
3502,72,255,1418.458,709.861
3503,155,255,712.390,713.552
3504,44,255,1222.500,710.000
3505,92,255,1391.424,710.870
3506,72,255,1571.361,710.528
3507,78,255,19.179,712.231
3508,70,255,360.486,712.786
3509,89,255,523.522,712.242
3510,24,255,892.500,709.792
3511,40,255,999.700,709.925
3512,113,255,1133.580,712.642
3513,101,255,1541.995,712.609
3514,60,255,368.717,713.533
3515,41,255,688.159,713.183
3516,81,255,967.352,714.204
3517,30,255,1146.467,712.167
3518,81,255,1190.846,714.401
3519,86,255,1506.802,713.884
3520,37,255,186.743,713.419
3521,77,255,289.175,714.994
3522,57,255,593.833,713.763
3523,106,255,1009.358,716.425
3524,111,255,1176.320,716.041
3525,112,255,1304.232,715.768
3526,145,255,1430.679,718.314
3527,58,255,696.690,715.534
3528,159,255,64.594,718.292
3529,73,255,1351.705,716.897
3530,135,255,1461.907,718.322
3531,37,255,1528.014,715.689
3532,140,255,421.464,719.829
3533,71,255,581.810,719.077
3534,130,255,908.531,718.108
3535,79,255,1031.867,718.272
3536,54,255,1269.759,717.037
3537,126,255,1445.706,719.667
3538,67,255,92.485,717.739
3539,37,255,133.176,717.797
3540,34,255,178.824,718.382
3541,119,255,480.920,719.231
3542,68,255,986.426,719.353
3543,29,255,1053.328,717.810
3544,200,255,1085.600,721.655
3545,66,255,1215.712,719.576
3546,63,255,1380.579,717.802
3547,57,255,1409.395,718.763
3548,96,255,218.708,720.542
3549,114,255,336.035,722.061
3550,62,255,434.435,719.952
3551,74,255,610.432,720.311
3552,90,255,626.311,720.133
3553,71,255,49.415,721.049
3554,24,255,112.125,718.458
3555,158,255,855.880,723.785
3556,136,255,1399.485,727.044
3557,43,255,723.430,720.756
3558,23,255,801.891,719.283
3559,80,255,1061.400,722.212
3560,43,255,1101.616,721.035
3561,93,255,1285.188,723.005
3562,175,255,1200.260,726.249
3563,94,255,1338.628,723.500
3564,134,255,270.716,726.052
3565,73,255,558.267,723.788
3566,56,255,745.982,723.554
3567,71,255,810.979,723.866
3568,158,255,941.038,725.228
3569,47,255,1141.777,722.904
3570,123,255,1365.606,727.232
3571,179,255,1557.059,726.020
3572,57,255,1573.711,723.412
3573,47,255,1590.564,724.053
3574,145,255,29.997,730.010
3575,34,255,161.118,722.941
3576,98,255,298.867,724.918
3577,98,255,776.592,724.643
3578,68,255,874.971,724.426
3579,38,255,1234.947,723.053
3580,91,255,1489.049,725.489
3581,75,255,352.833,726.473
3582,56,255,394.714,725.214
3583,64,255,590.094,725.078
3584,39,255,1311.885,724.910
3585,115,255,12.761,728.752
3586,80,255,689.350,726.388
3587,88,255,734.682,727.034
3588,34,255,763.147,725.412
3589,67,255,1503.590,726.754
3590,51,255,1523.127,726.304
3591,52,255,546.692,726.981
3592,82,255,642.280,727.488
3593,93,255,888.414,728.349
3594,131,255,1127.698,731.721
3595,92,255,109.457,729.598
3596,88,255,140.307,731.034
3597,106,255,150.830,730.991
3598,127,255,186.689,731.839
3599,73,255,1258.705,728.897
3600,54,255,1387.167,728.889
3601,81,255,208.920,730.414
3602,124,255,1045.653,731.315
3603,66,255,1303.742,730.136
3604,54,255,1410.148,730.148
3605,160,255,166.500,733.800
3606,28,255,453.857,729.071
3607,110,255,519.382,733.655
3608,145,255,571.748,733.017
3609,96,255,902.250,731.396
3610,54,255,1032.167,730.278
3611,114,255,96.421,734.254
3612,59,255,404.534,731.229
3613,97,255,497.716,733.015
3614,44,255,1002.977,730.114
3615,123,255,1182.939,733.598
3616,52,255,828.385,732.212
3617,115,255,1161.483,735.248
3618,87,255,1347.408,733.557
3619,142,255,1536.873,734.120
3620,28,255,309.500,732.679
3621,54,255,390.093,732.537
3622,43,255,809.337,732.151
3623,70,255,1585.443,733.743
3624,92,255,610.685,735.043
3625,67,255,1026.216,735.813
3626,66,255,1098.879,734.136
3627,59,255,378.703,735.297
3628,44,255,475.750,734.432
3629,109,255,1379.032,737.500
3630,20,255,324.400,734.400
3631,63,255,424.992,736.008
3632,98,255,744.939,736.531
3633,35,255,818.443,735.729
3634,120,255,1429.925,737.075
3635,169,255,1479.038,741.139
3636,130,255,219.023,740.031
3637,35,255,256.900,736.014
3638,109,255,540.766,738.335
3639,73,255,592.500,736.500
3640,66,255,704.576,737.591
3641,93,255,720.694,738.468
3642,42,255,871.595,736.952
3643,64,255,972.656,738.094
3644,54,255,1007.537,736.407
3645,110,255,1110.318,739.218
3646,106,255,297.840,741.830
3647,83,255,793.536,739.030
3648,121,255,925.252,740.864
3649,81,255,1267.475,739.191
3650,125,255,1291.148,740.116
3651,71,255,1495.782,738.754
3652,53,255,269.877,739.066
3653,35,255,843.529,738.529
3654,83,255,852.813,740.741
3655,27,255,245.019,738.685
3656,79,255,278.867,741.095
3657,80,255,439.325,740.763
3658,43,255,1000.430,740.105
3659,76,255,1227.303,741.474
3660,64,255,40.734,742.125
3661,93,255,77.833,742.694
3662,110,255,114.245,742.682
3663,35,255,335.586,739.929
3664,114,255,642.553,743.272
3665,78,255,1313.974,743.141
3666,107,255,1334.724,743.322
3667,114,255,63.702,744.132
3668,56,255,458.875,742.411
3669,76,255,829.947,742.618
3670,43,255,865.593,741.826
3671,84,255,1071.321,742.357
3672,86,255,1172.977,743.942
3673,134,255,357.351,745.948
3674,59,255,448.110,743.975
3675,87,255,470.098,744.856
3676,93,255,960.909,743.995
3677,63,255,1087.008,744.452
3678,102,255,1193.520,744.216
3679,47,255,1413.032,742.564
3680,44,255,3.545,743.682
3681,155,255,22.461,747.610
3682,80,255,249.113,746.087
3683,51,255,908.618,744.167
3684,128,255,1147.812,746.484
3685,60,255,1561.183,744.600
3686,119,255,1574.315,747.021
3687,29,255,205.017,744.603
3688,60,255,526.033,745.500
3689,93,255,592.296,744.833
3690,60,255,1504.067,746.583
3691,126,255,1548.587,747.960
3692,35,255,423.500,745.043
3693,41,255,756.768,745.305
3694,145,255,1352.548,749.066
3695,37,255,516.311,745.878
3696,45,255,746.833,746.856
3697,56,255,1045.393,747.589
3698,39,255,1253.808,746.346
3699,103,255,659.956,749.442
3700,66,255,694.788,747.273
3701,69,255,733.761,748.862
3702,113,255,945.942,750.128
3703,57,255,1057.061,748.132
3704,35,255,1434.557,747.071
3705,39,255,1465.397,747.808
3706,120,255,176.958,750.533
3707,25,255,239.700,748.260
3708,71,255,553.585,749.725
3709,125,255,618.724,749.708
3710,103,255,717.626,750.141
3711,65,255,781.331,748.885
3712,56,255,903.429,749.804
3713,47,255,970.649,748.670
3714,53,255,194.179,750.972
3715,90,255,312.833,753.944
3716,36,255,332.222,749.472
3717,43,255,370.779,749.756
3718,90,255,412.311,751.767
3719,79,255,571.171,750.563
3720,80,255,1131.412,750.500
3721,63,255,871.944,750.611
3722,40,255,999.725,750.175
3723,41,255,1240.159,750.573
3724,125,255,1511.916,754.244
3725,55,255,92.282,753.100
3726,63,255,387.754,751.817
3727,79,255,493.133,752.892
3728,48,255,1161.312,750.979
3729,97,255,1202.366,752.624
3730,24,255,1298.042,750.875
3731,35,255,1403.929,751.871
3732,155,255,1530.365,754.894
3733,73,255,813.541,753.870
3734,81,255,824.401,755.772
3735,76,255,852.961,753.895
3736,133,255,928.004,755.207
3737,58,255,1289.259,753.276
3738,87,255,1374.247,753.443
3739,59,255,1389.517,752.839
3740,81,255,35.265,755.574
3741,33,255,291.742,753.652
3742,37,255,794.959,753.149
3743,46,255,1030.174,753.696
3744,63,255,1261.452,754.722
3745,54,255,395.000,756.019
3746,40,255,770.850,753.975
3747,40,255,1231.375,754.925
3748,70,255,78.157,756.400
3749,56,255,219.804,757.839
3750,46,255,429.087,755.500
3751,38,255,517.842,754.763
3752,51,255,1052.088,756.186
3753,99,255,116.419,758.449
3754,126,255,267.048,761.913
3755,96,255,340.917,757.875
3756,136,255,892.191,760.699
3757,101,255,1247.441,759.282
3758,69,255,234.181,758.022
3759,44,255,438.705,758.182
3760,93,255,739.382,759.747
3761,54,255,788.074,757.944
3762,58,255,1085.328,758.914
3763,120,255,594.417,762.425
3764,63,255,648.802,759.325
3765,21,255,985.643,757.929
3766,64,255,1021.531,758.844
3767,63,255,1431.024,759.929
3768,52,255,997.519,759.231
3769,44,255,1060.773,760.318
3770,110,255,1212.764,762.109
3771,62,255,1384.694,761.000
3772,117,255,131.996,763.671
3773,63,255,177.198,761.659
3774,63,255,366.500,760.738
3775,75,255,476.407,761.993
3776,85,255,664.865,762.288
3777,134,255,681.463,761.881
3778,90,255,837.444,762.356
3779,101,255,1145.282,763.391
3780,76,255,1185.171,760.553
3781,43,255,325.686,761.733
3782,113,255,619.677,764.270
3783,66,255,635.545,762.152
3784,103,255,702.791,764.636
3785,131,255,1231.240,765.836
3786,43,255,1471.593,761.267
3787,120,255,1576.100,764.775
3788,34,255,1588.559,761.882
3789,105,255,295.967,763.357
3790,138,255,56.674,766.297
3791,61,255,247.352,764.270
3792,152,255,760.743,767.757
3793,46,255,1161.457,763.239
3794,69,255,280.152,765.109
3795,66,255,423.652,764.924
3796,42,255,714.786,764.643
3797,53,255,1326.802,764.689
3798,88,255,1405.795,766.455
3799,42,255,1517.214,764.667
3800,94,255,1564.404,767.000
3801,132,255,42.924,770.735
3802,77,255,775.786,766.136
3803,64,255,904.453,766.219
3804,103,255,1114.743,768.481
3805,26,255,255.500,766.154
3806,38,255,414.921,766.658
3807,68,255,516.971,767.368
3808,86,255,1307.384,768.395
3809,38,255,1463.632,765.842
3810,44,255,1549.182,766.705
3811,110,255,15.227,769.127
3812,34,255,85.706,767.059
3813,48,255,370.771,768.229
3814,74,255,846.622,768.865
3815,22,255,922.227,766.364
3816,39,255,966.269,767.654
3817,165,255,1483.282,771.942
3818,76,255,72.276,769.105
3819,92,255,151.815,769.924
3820,138,255,225.514,771.217
3821,68,255,389.103,769.721
3822,71,255,459.894,769.345
3823,43,255,496.360,769.267
3824,37,255,485.365,769.014
3825,65,255,820.408,769.562
3826,92,255,1019.087,772.239
3827,58,255,1343.310,770.069
3828,135,255,106.381,773.996
3829,86,255,955.000,772.128
3830,136,255,1179.485,774.235
3831,22,255,1193.500,768.909
3832,112,255,1388.902,773.554
3833,80,255,791.375,772.938
3834,90,255,883.589,773.089
3835,36,255,1255.778,770.611
3836,50,255,478.420,773.800
3837,64,255,1100.516,773.125
3838,61,255,24.615,775.107
3839,93,255,172.661,776.102
3840,33,255,191.833,772.742
3841,32,255,206.188,773.375
3842,49,255,419.602,773.602
3843,81,255,725.932,774.315
3844,22,255,1084.818,773.091
3845,40,255,1450.675,773.075
3846,57,255,162.132,777.482
3847,112,255,656.857,777.241
3848,52,255,854.635,775.192
3849,108,255,992.463,775.898
3850,135,255,1202.537,777.389
3851,69,255,1432.819,774.587
3852,125,255,124.556,779.884
3853,64,255,248.969,775.891
3854,36,255,979.722,775.194
3855,66,255,1076.439,776.985
3856,51,255,1268.147,775.382
3857,50,255,1366.380,775.100
3858,49,255,307.500,776.500
3859,87,255,535.983,777.351
3860,81,255,588.562,778.179
3861,132,255,679.470,779.765
3862,42,255,739.310,776.262
3863,53,255,770.368,776.972
3864,34,255,1513.647,776.676
3865,54,255,183.889,778.111
3866,72,255,501.847,779.278
3867,38,255,696.158,776.658
3868,79,255,1142.171,778.880
3869,69,255,1158.268,778.268
3870,77,255,1249.695,778.539
3871,66,255,1328.864,779.182
3872,46,255,1410.739,777.326
3873,81,255,6.364,780.512
3874,113,255,329.164,782.199
3875,67,255,390.201,779.799
3876,81,255,404.130,779.883
3877,60,255,557.033,778.650
3878,79,255,1355.171,780.108
3879,77,255,1402.877,780.747
3880,21,255,1534.214,777.690
3881,21,255,61.881,778.071
3882,22,255,961.182,778.773
3883,88,255,1043.000,780.455
3884,88,255,1123.693,781.409
3885,76,255,1285.368,781.434
3886,36,255,73.056,779.861
3887,57,255,269.132,781.395
3888,191,255,351.599,786.071
3889,61,255,839.074,780.467
3890,34,255,1598.206,782.000
3891,21,255,144.881,780.167
3892,133,255,282.906,786.583
3893,112,255,371.170,783.375
3894,42,255,511.381,781.905
3895,69,255,1275.399,783.732
3896,34,255,1520.853,781.382
3897,78,255,237.269,784.026
3898,104,255,705.375,784.298
3899,49,255,1108.969,782.561
3900,36,255,1449.750,782.250
3901,71,255,447.444,783.923
3902,78,255,624.769,783.756
3903,100,255,923.090,785.340
3904,87,255,1060.546,784.454
3905,122,255,579.607,787.754
3906,36,255,1148.917,784.417
3907,89,255,1370.051,786.051
3908,47,255,16.968,786.011
3909,70,255,727.229,786.514
3910,36,255,944.556,785.917
3911,88,255,1465.068,788.318
3912,95,255,63.826,787.668
3913,96,255,465.594,788.198
3914,135,255,520.463,790.337
3915,131,255,903.370,788.813
3916,65,255,978.485,786.638
3917,48,255,1024.792,786.604
3918,28,255,1255.250,786.250
3919,62,255,50.113,788.581
3920,71,255,192.500,788.500
3921,45,255,224.389,787.811
3922,69,255,743.181,788.399
3923,43,255,851.360,787.337
3924,115,255,1302.004,789.761
3925,65,255,1504.162,789.069
3926,86,255,1584.256,788.895
3927,116,255,81.026,790.216
3928,60,255,204.333,788.900
3929,35,255,390.586,788.157
3930,41,255,556.646,788.427
3931,77,255,956.071,789.825
3932,25,255,1326.180,787.540
3933,55,255,1522.973,789.464
3934,43,255,1534.500,787.593
3935,49,255,142.398,789.194
3936,46,255,381.217,789.674
3937,55,255,423.227,789.427
3938,49,255,610.398,789.867
3939,76,255,1239.513,793.605
3940,44,255,1316.432,789.500
3941,55,255,1514.955,790.482
3942,81,255,1172.327,792.216
3943,79,255,1566.475,792.259
3944,49,255,269.929,792.031
3945,41,255,804.232,791.500
3946,66,255,833.985,792.182
3947,93,255,1111.392,793.629
3948,132,255,1138.121,794.629
3949,23,255,1545.761,790.543
3950,54,255,31.130,792.870
3951,49,255,238.357,792.194
3952,106,255,547.943,795.264
3953,120,255,647.417,795.383
3954,97,255,770.201,793.830
3955,74,255,1454.432,794.432
3956,62,255,14.919,794.581
3957,30,255,938.867,794.167
3958,75,255,102.327,795.447
3959,56,255,621.000,795.375
3960,120,255,676.642,797.733
3961,56,255,981.536,794.411
3962,34,255,1026.971,794.500
3963,37,255,1232.041,794.635
3964,74,255,1476.581,796.149
3965,61,255,1535.648,795.107
3966,70,255,432.571,796.586
3967,36,255,599.194,794.861
3968,64,255,847.094,795.297
3969,23,255,1248.413,795.457
3970,65,255,1485.762,796.562
3971,64,255,177.750,797.078
3972,147,255,314.146,798.418
3973,64,255,589.625,797.734
3974,46,255,810.500,796.543
3975,98,255,994.673,797.561
3976,81,255,1069.549,798.969
3977,69,255,1362.268,797.326
3978,62,255,1393.032,796.968
3979,25,255,374.060,796.820
3980,37,255,633.635,797.716
3981,70,255,661.557,797.814
3982,26,255,933.000,796.923
3983,166,255,134.807,801.572
3984,51,255,503.284,799.480
3985,97,255,700.613,800.284
3986,36,255,731.472,798.194
3987,79,255,1342.715,799.677
3988,40,255,1546.200,798.825
3989,105,255,443.852,802.052
3990,23,255,824.587,798.891
3991,53,255,1057.651,800.142
3992,49,255,1228.173,800.173
3993,59,255,112.771,801.025
3994,93,255,156.758,802.048
3995,49,255,276.704,801.194
3996,46,255,460.370,800.000
3997,140,255,486.429,803.186
3998,102,255,949.265,802.902
3999,35,255,962.843,799.786
4000,80,255,1179.875,802.325
4001,127,255,1126.161,805.185
4002,105,255,1159.786,803.005
4003,30,255,1306.967,801.367
4004,34,255,221.206,802.647
4005,95,255,291.553,804.216
4006,32,255,832.969,801.844
4007,63,255,856.579,803.484
4008,57,255,1033.904,802.553
4009,22,255,1042.409,801.409
4010,57,255,1212.377,802.553
4011,48,255,1421.833,802.562
4012,70,255,190.657,804.157
4013,58,255,528.707,804.000
4014,75,255,717.953,803.900
4015,30,255,1191.133,802.867
4016,103,255,1326.209,806.150
4017,84,255,1495.060,804.631
4018,91,255,60.302,807.214
4019,63,255,243.325,805.468
4020,112,255,256.393,806.696
4021,113,255,334.066,807.412
4022,65,255,370.223,805.469
4023,36,255,844.167,803.750
4024,74,255,872.243,806.068
4025,45,255,934.100,804.678
4026,61,255,975.402,805.402
4027,40,255,1104.325,803.850
4028,64,255,1295.578,805.219
4029,53,255,1510.934,805.066
4030,58,255,1557.086,805.207
4031,28,255,70.714,805.500
4032,104,255,744.356,808.365
4033,94,255,778.798,807.702
4034,37,255,1539.446,804.824
4035,85,255,46.959,808.359
4036,59,255,102.246,807.381
4037,41,255,399.061,806.915
4038,116,255,540.845,809.534
4039,47,255,576.521,805.926
4040,69,255,758.964,808.065
4041,131,255,1017.981,810.393
4042,122,255,1262.180,809.082
4043,80,255,1403.900,807.413
4044,30,255,1528.500,806.233
4045,61,255,1578.746,807.467
4046,80,255,232.262,811.475
4047,37,255,267.608,808.122
4048,53,255,303.236,808.217
4049,60,255,389.433,808.617
4050,109,255,412.087,810.069
4051,77,255,597.370,809.305
4052,29,255,1080.672,806.845
4053,71,255,1236.092,808.866
4054,67,255,462.082,809.142
4055,41,255,557.500,808.671
4056,65,255,660.346,810.038
4057,107,255,794.986,809.902
4058,159,255,908.425,812.821
4059,31,255,1430.306,807.597
4060,20,255,1475.900,807.300
4061,46,255,500.000,809.130
4062,73,255,609.432,810.116
4063,77,255,730.565,811.240
4064,87,255,1353.776,810.845
4065,98,255,209.276,813.286
4066,35,255,282.214,810.957
4067,47,255,378.926,810.840
4068,82,255,892.634,812.195
4069,88,255,983.750,812.205
4070,59,255,1274.771,811.297
4071,44,255,1415.500,811.000
4072,80,255,78.787,813.375
4073,98,255,1378.776,814.112
4074,37,255,1438.365,811.716
4075,81,255,1448.352,814.451
4076,82,255,1549.317,812.902
4077,69,255,352.703,813.399
4078,140,255,696.057,813.443
4079,86,255,959.209,813.942
4080,74,255,997.135,813.500
4081,32,255,1245.156,813.469
4082,117,255,1585.850,816.141
4083,55,255,107.664,813.773
4084,119,255,195.912,815.416
4085,73,255,630.390,815.582
4086,62,255,829.435,813.823
4087,58,255,1053.155,813.483
4088,74,255,1285.770,814.554
4089,50,255,1366.540,814.200
4090,55,255,53.409,815.282
4091,142,255,571.620,820.796
4092,99,255,1230.864,817.146
4093,76,255,1567.487,815.513
4094,76,255,511.539,816.276
4095,60,255,127.800,817.483
4096,55,255,338.918,817.373
4097,120,255,644.158,819.958
4098,26,255,740.154,815.769
4099,82,255,766.488,817.305
4100,138,255,861.319,818.051
4101,34,255,1031.529,815.412
4102,39,255,1093.654,816.731
4103,47,255,1139.011,817.330
4104,31,255,1535.371,815.661
4105,37,255,442.392,817.257
4106,87,255,724.132,819.776
4107,42,255,1101.167,818.000
4108,104,255,1115.144,819.615
4109,59,255,1128.975,818.246
4110,84,255,1156.690,818.821
4111,48,255,1322.750,816.688
4112,36,255,150.917,818.167
4113,70,255,300.114,818.943
4114,52,255,556.058,819.019
4115,130,255,928.008,820.346
4116,75,255,1079.927,819.887
4117,38,255,1471.395,818.211
4118,102,255,1521.647,820.167
4119,50,255,1479.860,820.120
4120,58,255,263.793,821.276
4121,49,255,325.704,820.459
4122,55,255,358.845,820.609
4123,160,255,597.944,823.800
4124,122,255,666.303,823.320
4125,74,255,1410.973,821.527
4126,34,255,1458.412,820.088
4127,75,255,164.153,822.833
4128,123,255,424.272,823.622
4129,64,255,1065.688,822.578
4130,101,255,117.035,825.708
4131,87,255,497.925,824.374
4132,62,255,533.210,823.097
4133,37,255,711.824,822.716
4134,122,255,842.500,823.992
4135,56,255,1222.804,823.679
4136,64,255,1259.250,822.891
4137,77,255,1291.890,824.240
4138,42,255,1309.405,822.738
4139,82,255,1540.707,823.695
4140,65,255,36.469,824.531
4141,38,255,45.737,823.053
4142,86,255,62.256,825.267
4143,67,255,823.410,823.157
4144,95,255,1029.816,823.532
4145,58,255,1552.638,824.500
4146,39,255,18.654,824.936
4147,57,255,344.430,825.851
4148,126,255,406.190,827.857
4149,69,255,454.109,825.848
4150,82,255,1054.720,827.390
4151,51,255,1164.206,826.520
4152,33,255,1270.803,824.197
4153,38,255,1400.658,824.711
4154,48,255,1571.854,824.646
4155,68,255,230.471,825.676
4156,48,255,254.521,826.667
4157,92,255,789.804,827.000
4158,67,255,876.858,825.888
4159,58,255,1474.034,826.534
4160,96,255,70.771,828.990
4161,52,255,488.923,827.115
4162,50,255,514.000,826.660
4163,33,255,624.076,826.076
4164,116,255,688.284,830.379
4165,96,255,900.031,827.344
4166,118,255,992.475,829.254
4167,55,255,1196.336,827.064
4168,62,255,1325.710,827.468
4169,30,255,1364.833,826.667
4170,78,255,1514.167,828.141
4171,105,255,87.633,829.138
4172,75,255,136.233,828.327
4173,127,255,376.579,829.972
4174,29,255,1085.983,827.155
4175,62,255,1343.081,828.435
4176,71,255,1493.725,829.261
4177,49,255,243.643,829.418
4178,56,255,477.786,829.536
4179,29,255,763.397,827.362
4180,45,255,1012.900,829.100
4181,51,255,1215.010,828.873
4182,191,255,744.573,833.024
4183,68,255,827.941,830.941
4184,92,255,1354.130,831.663
4185,77,255,1431.227,830.968
4186,67,255,170.604,831.500
4187,87,255,196.063,831.511
4188,67,255,552.112,831.022
4189,46,255,1118.848,830.957
4190,50,255,1261.620,831.240
4191,87,255,952.397,831.741
4192,80,255,1130.525,833.300
4193,47,255,1272.564,831.415
4194,50,255,352.160,832.520
4195,53,255,713.840,832.443
4196,95,255,769.689,834.363
4197,43,255,863.872,832.221
4198,22,255,910.773,831.545
4199,45,255,921.078,832.522
4200,65,255,1108.669,833.238
4201,54,255,1140.741,832.685
4202,69,255,1181.486,833.007
4203,76,255,1303.934,833.500
4204,49,255,1418.031,832.745
4205,132,255,1589.508,835.023
4206,82,255,43.183,835.622
4207,24,255,50.625,832.833
4208,137,255,263.157,837.668
4209,85,255,293.676,834.959
4210,35,255,1038.671,832.557
4211,22,255,1457.455,832.409
4212,36,255,2.667,834.667
4213,80,255,1204.750,836.250
4214,33,255,1222.045,834.894
4215,65,255,24.192,836.700
4216,22,255,452.227,835.000
4217,167,255,615.979,838.692
4218,58,255,223.293,837.621
4219,103,255,277.422,838.947
4220,49,255,327.847,836.337
4221,58,255,384.586,837.000
4222,76,255,428.013,837.539
4223,29,255,507.741,835.672
4224,28,255,600.250,836.750
4225,35,255,800.043,836.586
4226,54,255,808.481,837.130
4227,137,255,1080.558,840.011
4228,84,255,1440.786,839.071
4229,65,255,1449.115,840.238
4230,35,255,154.300,837.329
4231,94,255,443.883,840.319
4232,45,255,492.722,838.233
4233,36,255,530.278,837.056
4234,57,255,661.114,837.798
4235,74,255,1193.986,839.284
4236,44,255,102.591,838.909
4237,43,255,235.523,837.919
4238,35,255,546.643,837.871
4239,89,255,946.017,840.747
4240,49,255,1374.827,838.398
4241,67,255,1543.231,840.172
4242,66,255,464.106,840.545
4243,23,255,480.065,838.587
4244,81,255,639.019,840.858
4245,70,255,903.957,840.614
4246,29,255,1068.983,838.603
4247,38,255,719.711,840.579
4248,59,255,891.364,840.754
4249,60,255,971.150,841.100
4250,155,255,1001.939,845.442
4251,113,255,1232.987,842.235
4252,99,255,338.702,843.652
4253,90,255,1047.367,843.000
4254,85,255,1145.512,843.206
4255,53,255,1286.406,842.104
4256,39,255,4.064,842.038
4257,53,255,162.104,843.858
4258,87,255,175.063,844.063
4259,43,255,303.965,842.826
4260,96,255,701.312,844.115
4261,56,255,863.196,842.875
4262,125,255,875.308,845.932
4263,54,255,959.889,843.111
4264,88,255,1098.023,843.636
4265,120,255,1332.275,845.558
4266,67,255,1528.216,843.291
4267,26,255,1572.846,841.231
4268,71,255,551.810,844.472
4269,38,255,851.342,843.500
4270,47,255,1015.649,843.564
4271,66,255,1391.227,844.864
4272,39,255,1462.705,843.269
4273,156,255,132.429,848.115
4274,57,255,1268.886,844.851
4275,117,255,1307.192,846.816
4276,56,255,1366.625,845.714
4277,50,255,1381.260,844.720
4278,69,255,82.891,848.138
4279,85,255,110.900,846.924
4280,103,255,315.704,846.704
4281,70,255,458.829,848.229
4282,54,255,692.167,848.593
4283,143,255,925.710,848.108
4284,64,255,981.906,846.047
4285,58,255,1168.500,845.379
4286,67,255,1406.888,847.784
4287,103,255,1551.383,846.859
4288,52,255,1579.731,846.173
4289,57,255,71.763,847.974
4290,60,255,232.300,846.933
4291,53,255,359.802,847.123
4292,38,255,401.105,847.158
4293,20,255,525.600,845.550
4294,55,255,789.427,847.845
4295,60,255,1277.433,848.383
4296,49,255,1510.480,847.908
4297,56,255,51.054,848.107
4298,27,255,284.463,847.241
4299,90,255,516.956,850.867
4300,79,255,654.120,848.816
4301,132,255,768.023,850.758
4302,48,255,14.875,848.542
4303,74,255,739.635,849.865
4304,117,255,1038.449,852.637
4305,59,255,1415.958,849.958
4306,41,255,42.378,849.695
4307,124,255,217.742,852.081
4308,44,255,570.727,849.545
4309,62,255,663.935,850.339
4310,108,255,1205.370,851.963
4311,64,255,1565.609,850.125
4312,31,255,325.919,850.887
4313,53,255,597.104,850.708
4314,38,255,1178.474,850.579
4315,71,255,1520.542,851.472
4316,33,255,1593.924,850.076
4317,38,255,61.105,851.632
4318,85,255,96.124,853.041
4319,124,255,193.677,853.395
4320,41,255,561.622,851.598
4321,73,255,832.034,852.418
4322,60,255,845.417,852.533
4323,87,255,249.305,853.707
4324,180,255,417.267,856.578
4325,114,255,679.211,854.570
4326,51,255,719.245,852.422
4327,38,255,728.053,853.263
4328,96,255,753.500,856.458
4329,61,255,475.123,854.648
4330,131,255,1113.615,854.966
4331,69,255,280.645,855.906
4332,68,255,1026.088,855.456
4333,66,255,1057.742,855.364
4334,39,255,1081.910,854.038
4335,111,255,1172.851,857.662
4336,38,255,1192.658,855.053
4337,64,255,1344.422,854.906
4338,134,255,1490.642,859.045
4339,32,255,528.781,855.062
4340,90,255,631.644,857.122
4341,25,255,707.020,854.340
4342,102,255,1255.196,856.304
4343,93,255,1289.876,857.296
4344,118,255,1373.839,857.458
4345,65,255,447.146,858.900
4346,59,255,489.161,857.602
4347,70,255,504.171,857.457
4348,91,255,808.577,857.676
4349,90,255,981.022,856.756
4350,63,255,1008.992,857.135
4351,26,255,107.846,856.385
4352,33,255,406.318,857.833
4353,51,255,548.578,857.735
4354,155,255,897.726,860.429
4355,101,255,1432.827,859.738
4356,42,255,144.786,859.643
4357,107,255,378.154,860.304
4358,41,255,857.061,858.744
4359,154,255,945.240,861.597
4360,160,255,1221.925,862.125
4361,22,255,163.500,858.636
4362,75,255,361.140,860.620
4363,93,255,1139.758,861.683
4364,111,255,1591.662,863.275
4365,97,255,73.933,863.881
4366,25,255,347.580,859.940
4367,97,255,875.335,863.418
4368,86,255,1094.512,861.965
4369,22,255,998.318,860.636
4370,71,255,1130.092,862.908
4371,45,255,1331.744,861.811
4372,60,255,1477.883,861.767
4373,71,255,1574.204,862.092
4374,63,255,604.230,864.421
4375,87,255,662.224,865.270
4376,99,255,703.631,865.571
4377,100,255,839.790,862.530
4378,152,255,919.000,865.329
4379,81,255,241.944,865.241
4380,58,255,558.897,864.259
4381,105,255,614.862,867.395
4382,54,255,640.574,864.111
4383,50,255,690.060,863.980
4384,39,255,762.756,863.705
4385,56,255,786.661,864.304
4386,22,255,966.500,862.500
4387,61,255,1151.975,865.303
4388,98,255,173.418,867.102
4389,111,255,197.941,867.131
4390,127,255,297.539,868.177
4391,20,255,393.750,863.800
4392,121,255,1075.806,866.525
4393,32,255,1196.125,863.500
4394,69,255,1307.891,865.297
4395,36,255,1386.944,863.417
4396,79,255,1558.715,865.234
4397,69,255,11.312,866.761
4398,91,255,45.467,866.896
4399,58,255,61.052,867.276
4400,139,255,114.040,868.968
4401,88,255,882.705,868.955
4402,64,255,1054.281,865.484
4403,33,255,1422.288,866.136
4404,59,255,1454.059,865.568
4405,26,255,306.654,865.846
4406,136,255,473.853,868.368
4407,22,255,549.182,865.818
4408,41,255,588.207,866.427
4409,103,255,720.170,870.141
4410,53,255,862.783,867.330
4411,76,255,1541.750,867.566
4412,45,255,82.767,868.322
4413,83,255,101.066,869.584
4414,77,255,453.591,868.734
4415,152,255,516.283,869.717
4416,90,255,824.467,869.811
4417,43,255,955.174,868.640
4418,42,255,1364.762,867.024
4419,151,255,325.619,871.407
4420,118,255,648.568,873.517
4421,122,255,801.705,869.730
4422,51,255,1027.520,868.500
4423,54,255,1467.407,868.778
4424,58,255,34.293,871.172
4425,33,255,350.439,869.500
4426,53,255,380.368,870.179
4427,67,255,429.142,870.082
4428,35,255,737.586,869.186
4429,82,255,1090.622,871.500
4430,104,255,229.308,872.923
4431,66,255,672.167,871.000
4432,81,255,1286.586,871.809
4433,91,255,1374.335,872.148
4434,120,255,1529.333,875.133
4435,163,255,136.426,873.966
4436,67,255,364.634,872.470
4437,45,255,690.411,871.678
4438,48,255,767.000,871.812
4439,104,255,974.875,873.673
4440,38,255,1189.211,871.658
4441,43,255,1239.128,871.174
4442,64,255,1325.266,872.141
4443,59,255,1353.127,872.178
4444,63,255,1513.389,871.690
4445,52,255,154.538,872.865
4446,122,255,277.303,875.434
4447,89,255,1111.275,873.612
4448,75,255,1273.980,875.073
4449,65,255,1395.915,872.715
4450,66,255,1430.561,872.712
4451,69,255,1477.384,872.428
4452,60,255,1496.050,873.150
4453,24,255,730.250,872.792
4454,94,255,999.426,875.681
4455,59,255,1033.924,874.500
4456,100,255,1162.720,874.510
4457,90,255,1298.111,875.511
4458,87,255,1338.948,876.500
4459,47,255,264.968,875.181
4460,23,255,396.804,873.196
4461,29,255,437.879,874.017
4462,25,255,582.820,874.940
4463,84,255,1179.548,876.560
4464,122,255,161.590,881.549
4465,66,255,341.212,876.530
4466,129,255,540.353,877.345
4467,64,255,836.016,876.219
4468,120,255,1201.592,879.633
4469,126,255,1219.595,879.492
4470,55,255,1256.791,876.136
4471,25,255,1453.540,874.900
4472,145,255,1563.886,877.921
4473,114,255,892.675,879.061
4474,70,255,934.286,876.957
4475,81,255,1582.043,877.735
4476,45,255,184.789,877.500
4477,22,255,492.727,876.818
4478,30,255,430.633,877.267
4479,20,255,1021.950,877.700
4480,40,255,1044.200,877.975
4481,29,255,1056.328,878.121
4482,62,255,216.581,880.097
4483,47,255,404.074,879.734
4484,66,255,485.136,880.455
4485,42,255,676.905,879.095
4486,73,255,753.308,881.582
4487,66,255,1233.273,880.258
4488,38,255,1517.053,879.763
4489,34,255,1546.029,879.088
4490,61,255,521.975,880.369
4491,85,255,698.335,880.312
4492,27,255,742.352,880.056
4493,47,255,789.436,881.330
4494,33,255,844.591,880.015
4495,94,255,1386.915,883.255
4496,75,255,1504.393,881.473
4497,52,255,84.231,881.442
4498,74,255,194.324,882.622
4499,74,255,359.784,880.919
4500,84,255,422.607,882.655
4501,35,255,461.729,881.129
4502,44,255,496.409,881.909
4503,48,255,992.062,882.083
4504,24,255,1346.792,880.708
4505,44,255,1402.023,881.295
4506,104,255,72.558,886.135
4507,23,255,312.457,881.587
4508,76,255,863.171,883.750
4509,26,255,909.231,881.385
4510,72,255,1011.750,884.083
4511,72,255,1133.472,883.806
4512,47,255,1168.904,882.521
4513,59,255,41.737,885.178
4514,75,255,139.007,883.647
4515,59,255,298.042,883.551
4516,72,255,567.361,884.250
4517,77,255,1251.669,883.721
4518,87,255,1307.948,886.109
4519,23,255,52.761,884.022
4520,143,255,385.206,886.374
4521,78,255,612.846,885.923
4522,41,255,1418.573,885.012
4523,45,255,478.878,885.989
4524,39,255,672.064,885.218
4525,86,255,773.570,886.395
4526,120,255,964.400,887.508
4527,88,255,1083.216,888.591
4528,63,255,1118.897,886.167
4529,40,255,1463.400,885.375
4530,60,255,230.350,887.850
4531,68,255,441.103,887.059
4532,94,255,498.926,889.330
4533,36,255,624.750,886.861
4534,109,255,829.500,889.069
4535,78,255,935.462,887.538
4536,50,255,1099.900,886.360
4537,37,255,1353.365,885.986
4538,91,255,1476.962,888.786
4539,48,255,345.688,888.062
4540,74,255,411.297,889.014
4541,124,255,598.935,890.048
4542,42,255,1070.000,886.976
4543,125,255,1325.588,889.940
4544,59,255,1570.076,888.008
4545,91,255,98.291,890.995
4546,62,255,322.468,889.339
4547,51,255,368.265,889.069
4548,48,255,462.750,889.167
4549,72,255,529.611,889.347
4550,107,255,584.687,891.575
4551,47,255,634.926,889.649
4552,29,255,687.086,888.259
4553,40,255,747.575,888.925
4554,62,255,1036.710,888.839
4555,27,255,1443.019,888.093
4556,63,255,63.071,890.802
4557,133,255,274.372,890.936
4558,94,255,705.277,892.191
4559,62,255,913.565,890.839
4560,70,255,948.243,891.214
4561,87,255,1050.638,890.569
4562,40,255,1147.225,888.475
4563,81,255,1453.994,891.142
4564,67,255,1541.321,889.679
4565,97,255,128.871,893.675
4566,30,255,289.800,889.633
4567,49,255,649.092,890.582
4568,50,255,660.540,891.000
4569,36,255,921.472,890.472
4570,30,255,977.867,890.667
4571,79,255,1285.070,892.234
4572,61,255,1295.484,891.500
4573,58,255,1499.983,890.483
4574,66,255,219.091,892.621
4575,124,255,547.839,894.992
4576,53,255,714.481,891.802
4577,88,255,1407.170,893.477
4578,104,255,22.221,894.625
4579,114,255,187.921,893.114
4580,69,255,238.442,894.399
4581,20,255,764.350,891.400
4582,39,255,1093.397,892.859
4583,84,255,1182.202,893.107
4584,55,255,1347.464,893.591
4585,52,255,172.288,894.481
4586,83,255,426.271,896.729
4587,41,255,808.695,893.476
4588,33,255,1228.682,893.288
4589,71,255,1270.077,895.880
4590,76,255,1519.776,893.618
4591,30,255,1588.400,892.800
4592,58,255,9.103,895.086
4593,107,255,39.537,896.201
4594,57,255,397.342,894.991
4595,64,255,731.547,894.656
4596,32,255,881.719,894.375
4597,111,255,996.500,898.401
4598,50,255,1027.500,895.420
4599,85,255,1161.124,896.124
4600,73,255,150.116,897.349
4601,62,255,797.145,895.935
4602,66,255,253.515,897.212
4603,80,255,442.475,896.900
4604,74,255,1015.027,897.365
4605,132,255,1192.091,901.826
4606,34,255,54.647,897.824
4607,99,255,88.722,899.328
4608,41,255,746.256,899.476
4609,25,255,777.260,896.460
4610,57,255,1117.675,897.482
4611,120,255,1378.192,899.442
4612,68,255,1393.000,898.529
4613,51,255,1467.304,897.520
4614,44,255,1596.818,898.159
4615,60,255,344.267,899.450
4616,44,255,357.591,898.818
4617,106,255,470.142,901.057
4618,57,255,786.114,899.904
4619,49,255,1356.276,899.092
4620,67,255,1438.784,898.963
4621,22,255,629.636,898.773
4622,58,255,673.397,898.603
4623,29,255,720.810,899.431
4624,43,255,1335.895,899.407
4625,52,255,1476.192,899.404
4626,94,255,1535.330,900.234
4627,59,255,261.653,901.754
4628,67,255,307.306,901.694
4629,27,255,479.426,900.093
4630,104,255,757.346,903.192
4631,49,255,961.194,900.745
4632,64,255,1211.672,901.031
4633,90,255,1253.400,901.867
4634,31,255,1326.210,899.919
4635,55,255,180.282,901.864
4636,62,255,639.419,901.548
4637,39,255,812.679,900.936
4638,35,255,926.300,900.614
4639,93,255,665.909,905.629
4640,25,255,713.620,901.620
4641,38,255,977.368,901.342
4642,88,255,1053.114,903.091
4643,28,255,1098.071,902.143
4644,161,255,336.724,910.525
4645,62,255,574.694,903.645
4646,34,255,842.294,902.529
4647,25,255,884.260,902.300
4648,65,255,1087.300,904.377
4649,25,255,1286.460,903.100
4650,84,255,1313.155,905.798
4651,55,255,1457.918,903.627
4652,54,255,1548.444,903.556
4653,57,255,3.500,905.219
4654,53,255,66.519,904.387
4655,89,255,118.242,905.624
4656,66,255,272.182,905.273
4657,32,255,353.219,905.406
4658,88,255,517.784,906.239
4659,84,255,532.464,907.131
4660,82,255,868.817,905.634
4661,56,255,1129.393,906.875
4662,45,255,1277.856,905.278
4663,27,255,196.907,905.315
4664,123,255,451.329,909.329
4665,38,255,770.579,904.789
4666,63,255,821.579,906.929
4667,32,255,901.531,905.562
4668,58,255,1140.741,905.966
4669,29,255,1415.948,905.086
4670,137,255,230.624,909.777
4671,74,255,316.216,908.297
4672,55,255,391.918,906.409
4673,20,255,690.750,905.900
4674,62,255,486.306,908.726
4675,60,255,621.800,908.217
4676,39,255,889.064,906.833
4677,54,255,969.352,908.519
4678,47,255,1040.202,907.287
4679,41,255,1221.232,907.646
4680,105,255,1497.957,909.348
4681,56,255,1520.696,909.304
4682,54,255,161.167,909.185
4683,49,255,244.867,909.153
4684,53,255,364.613,908.274
4685,75,255,425.940,909.233
4686,65,255,499.438,908.731
4687,103,255,736.053,912.432
4688,42,255,954.500,908.000
4689,33,255,986.712,908.288
4690,38,255,1009.500,908.000
4691,55,255,1027.300,908.700
4692,49,255,1108.214,908.867
4693,39,255,1347.910,908.038
4694,40,255,45.700,908.725
4695,60,255,553.383,909.633
4696,32,255,929.125,908.375
4697,65,255,1158.500,909.500
4698,64,255,1562.500,910.000
4699,91,255,202.874,913.302
4700,90,255,592.256,911.633
4701,113,255,799.040,913.022
4702,55,255,848.536,910.936
4703,87,255,1074.523,912.466
4704,34,255,1237.206,910.882
4705,60,255,1424.200,910.783
4706,45,255,1528.522,910.611
4707,77,255,609.045,914.487
4708,67,255,702.007,911.649
4709,20,255,714.200,910.750
4710,36,255,1209.583,911.528
4711,30,255,1387.233,910.467
4712,38,255,1406.842,911.105
4713,72,255,1575.875,912.708
4714,103,255,91.073,915.005
4715,148,255,139.189,914.703
4716,75,255,254.807,913.647
4717,74,255,471.000,913.568
4718,36,255,775.500,912.639
4719,29,255,998.155,913.672
4720,33,255,1307.227,912.045
4721,45,255,1325.833,912.989
4722,69,255,28.500,914.935
4723,66,255,571.152,913.424
4724,33,255,745.864,913.015
4725,66,255,901.091,914.227
4726,135,255,67.863,915.293
4727,39,255,398.321,914.782
4728,47,255,538.500,914.755
4729,28,255,830.250,914.250
4730,24,255,1181.583,914.375
4731,27,255,1279.796,913.130
4732,64,255,188.672,916.281
4733,37,255,275.608,915.878
4734,30,255,303.200,915.367
4735,145,255,919.210,917.997
4736,43,255,1044.733,915.244
4737,93,255,1228.263,917.844
4738,48,255,1357.062,916.062
4739,50,255,120.920,916.360
4740,46,255,389.522,916.087
4741,48,255,766.208,916.396
4742,68,255,1021.956,916.824
4743,53,255,1093.651,916.972
4744,54,255,1251.000,917.000
4745,21,255,1.976,916.833
4746,116,255,170.336,920.784
4747,67,255,423.634,918.366
4748,73,255,673.034,917.651
4749,84,255,724.571,921.036
4750,21,255,938.643,916.310
4751,35,255,962.071,916.986
4752,112,255,985.554,919.857
4753,67,255,1195.455,918.052
4754,65,255,1215.992,920.146
4755,42,255,1586.048,918.071
4756,70,255,351.014,919.286
4757,119,255,377.668,922.399
4758,20,255,516.800,917.400
4759,119,255,868.029,920.912
4760,49,255,1152.235,919.602
4761,38,255,1368.974,918.211
4762,127,255,1458.957,920.689
4763,61,255,41.992,920.156
4764,64,255,312.062,920.703
4765,96,255,409.375,921.615
4766,38,255,655.737,919.868
4767,65,255,1339.085,920.346
4768,23,255,179.326,919.848
4769,62,255,268.129,921.677
4770,23,255,284.848,919.935
4771,37,255,508.932,920.284
4772,67,255,839.918,921.007
4773,39,255,1058.449,920.859
4774,63,255,1161.056,920.246
4775,41,255,1408.012,920.720
4776,68,255,1503.853,921.132
4777,108,255,1546.370,921.944
4778,51,255,325.794,921.029
4779,60,255,551.833,922.183
4780,30,255,756.633,921.200
4781,46,255,804.891,921.652
4782,75,255,1005.487,922.167
4783,73,255,1269.240,922.596
4784,54,255,1281.815,922.222
4785,26,255,1314.846,920.385
4786,62,255,203.339,922.516
4787,95,255,437.058,924.005
4788,51,255,952.382,923.108
4789,32,255,1034.344,921.812
4790,78,255,1073.410,923.513
4791,71,255,1099.430,925.317
4792,36,255,1258.472,922.833
4793,51,255,1304.088,923.186
4794,106,255,1476.217,923.170
4795,52,255,1535.115,923.692
4796,54,255,52.426,923.759
4797,40,255,123.450,923.425
4798,36,255,149.528,923.639
4799,79,255,564.120,925.234
4800,63,255,854.437,924.294
4801,90,255,891.156,925.044
4802,59,255,1048.229,924.466
4803,45,255,1174.011,923.433
4804,86,255,1346.616,925.465
4805,23,255,628.413,923.587
4806,68,255,686.162,925.559
4807,42,255,775.619,924.262
4808,52,255,819.288,925.115
4809,65,255,1131.669,925.069
4810,68,255,1141.059,925.265
4811,80,255,1208.237,926.612
4812,32,255,1414.156,924.219
4813,93,255,1567.231,925.511
4814,64,255,1580.328,927.234
4815,107,255,112.023,928.472
4816,56,255,157.911,926.696
4817,44,255,392.341,925.159
4818,62,255,464.887,925.661
4819,28,255,973.393,924.821
4820,39,255,1245.115,925.346
4821,184,255,1373.565,930.587
4822,102,255,577.578,929.235
4823,23,255,1360.935,925.413
4824,82,255,7.512,928.756
4825,68,255,41.309,929.868
4826,72,255,234.292,928.972
4827,42,255,525.571,927.190
4828,84,255,665.524,927.619
4829,41,255,713.329,928.134
4830,80,255,1398.575,929.050
4831,74,255,245.878,930.027
4832,30,255,536.033,928.067
4833,78,255,765.192,932.590
4834,62,255,1289.532,929.435
4835,84,255,1317.607,928.512
4836,62,255,1510.726,928.984
4837,90,255,420.056,932.022
4838,55,255,513.445,929.809
4839,48,255,605.125,929.708
4840,107,255,796.472,931.715
4841,26,255,830.500,928.962
4842,60,255,1179.317,930.183
4843,86,255,1523.326,933.802
4844,41,255,100.866,930.598
4845,75,255,778.313,931.887
4846,104,255,938.019,932.788
4847,56,255,964.375,931.393
4848,37,255,1488.851,930.149
4849,85,255,22.018,933.394
4850,57,255,82.132,931.904
4851,92,255,130.522,933.109
4852,123,255,218.134,936.248
4853,109,255,478.197,934.894
4854,29,255,809.638,931.879
4855,51,255,1020.814,931.304
4856,59,255,1226.195,932.280
4857,56,255,1444.696,931.589
4858,98,255,281.786,934.316
4859,51,255,456.225,932.814
4860,141,255,591.046,937.663
4861,112,255,915.554,936.625
4862,85,255,1237.735,933.982
4863,44,255,59.909,933.568
4864,62,255,615.919,934.613
4865,37,255,851.689,932.689
4866,74,255,1004.419,934.176
4867,73,255,1120.993,934.938
4868,45,255,1258.678,933.256
4869,20,255,1411.800,932.650
4870,100,255,1459.660,935.440
4871,143,255,1590.710,937.696
4872,56,255,150.875,934.571
4873,67,255,353.724,935.336
4874,104,255,674.317,936.692
4875,64,255,752.766,935.328
4876,24,255,837.500,933.250
4877,86,255,878.907,935.349
4878,40,255,926.125,935.100
4879,48,255,176.625,935.438
4880,63,255,260.087,936.087
4881,29,255,409.466,934.707
4882,59,255,704.890,935.669
4883,83,255,823.319,936.380
4884,75,255,899.087,936.033
4885,45,255,1051.633,935.789
4886,35,255,1269.929,934.443
4887,152,255,203.961,941.434
4888,150,255,389.180,940.080
4889,68,255,735.721,937.676
4890,97,255,1303.582,937.387
4891,136,255,440.787,940.169
4892,38,255,463.737,937.921
4893,67,255,547.828,937.828
4894,35,255,627.100,937.043
4895,21,255,989.405,936.405
4896,54,255,1037.111,937.889
4897,79,255,334.310,940.133
4898,52,255,963.231,938.096
4899,83,255,1073.910,939.500
4900,88,255,1425.807,940.341
4901,31,255,1478.726,938.661
4902,46,255,1573.370,937.913
4903,84,255,90.083,941.333
4904,96,255,654.010,940.875
4905,139,255,689.529,941.982
4906,104,255,1333.260,940.827
4907,96,255,3.865,943.042
4908,90,255,62.733,944.044
4909,49,255,114.153,940.704
4910,85,255,743.888,943.512
4911,121,255,1193.880,942.847
4912,69,255,1214.630,942.674
4913,92,255,1505.380,941.685
4914,60,255,1550.617,940.900
4915,23,255,164.543,940.630
4916,159,255,299.928,944.827
4917,72,255,1107.167,942.681
4918,68,255,1142.456,941.309
4919,56,255,1226.482,942.214
4920,43,255,1361.942,940.942
4921,125,255,1444.956,943.924
4922,67,255,1487.619,942.739
4923,144,255,32.674,947.042
4924,72,255,318.889,945.514
4925,98,255,1169.367,945.653
4926,27,255,1179.944,943.315
4927,45,255,1402.589,942.011
4928,74,255,263.203,943.500
4929,84,255,504.619,944.631
4930,70,255,669.714,945.043
4931,37,255,784.230,943.068
4932,82,255,1274.451,945.659
4933,42,255,1415.452,944.000
4934,53,255,1469.613,944.047
4935,63,255,1533.802,943.770
4936,56,255,49.357,945.929
4937,54,255,356.167,944.722
4938,97,255,457.572,947.665
4939,36,255,709.194,943.583
4940,81,255,772.525,946.117
4941,47,255,1156.989,944.521
4942,22,255,954.000,944.318
4943,64,255,1005.078,945.859
4944,45,255,1020.300,944.767
4945,43,255,82.291,946.244
4946,136,255,142.610,953.404
4947,87,255,181.833,947.971
4948,61,255,236.041,946.549
4949,26,255,251.385,946.885
4950,80,255,343.900,947.812
4951,65,255,811.731,947.454
4952,130,255,969.969,949.431
4953,79,255,1349.576,950.411
4954,115,255,633.430,950.109
4955,116,255,845.422,950.405
4956,86,255,859.733,948.012
4957,54,255,884.333,947.833
4958,46,255,896.043,947.370
4959,70,255,936.929,949.229
4960,38,255,1372.421,947.447
4961,79,255,172.690,951.918
4962,47,255,544.245,948.032
4963,65,255,1298.546,948.608
4964,60,255,115.700,950.133
4965,62,255,369.839,949.984
4966,75,255,1571.713,950.580
4967,66,255,272.682,951.197
4968,111,255,436.392,952.491
4969,50,255,480.660,950.540
4970,123,255,522.646,952.362
4971,73,255,604.034,951.130
4972,77,255,761.916,952.721
4973,51,255,1072.971,950.559
4974,110,255,1384.936,953.936
4975,108,255,220.935,952.704
4976,35,255,489.729,951.129
4977,51,255,985.049,951.343
4978,55,255,1362.736,952.136
4979,38,255,1583.816,951.711
4980,31,255,10.694,952.048
4981,80,255,563.200,953.737
4982,139,255,579.234,955.349
4983,46,255,1028.565,953.087
4984,49,255,1234.214,951.745
4985,49,255,1542.745,952.969
4986,118,255,159.475,957.331
4987,87,255,313.810,954.707
4988,81,255,414.969,954.389
4989,54,255,659.556,953.963
4990,80,255,789.888,954.000
4991,124,255,827.887,954.444
4992,70,255,951.014,954.171
4993,31,255,1014.210,952.855
4994,30,255,1150.833,952.467
4995,169,255,1398.908,957.417
4996,122,255,1483.107,956.566
4997,44,255,263.500,954.955
4998,82,255,1253.841,954.780
4999,123,255,1418.175,958.118
5000,104,255,101.019,956.288
5001,48,255,593.854,956.458
5002,64,255,904.016,955.797
5003,105,255,1092.462,956.214
5004,66,255,1137.424,956.212
5005,41,255,1187.427,954.963
5006,107,255,1209.836,958.463
5007,33,255,1267.409,954.682
5008,45,255,1289.433,955.122
5009,41,255,127.768,956.549
5010,37,255,234.095,955.986
5011,28,255,535.786,955.607
5012,24,255,691.375,954.667
5013,38,255,739.789,956.842
5014,56,255,867.268,956.464
5015,41,255,1223.500,956.841
5016,81,255,1450.981,958.401
5017,134,255,359.963,962.418
5018,45,255,399.367,957.744
5019,37,255,804.041,956.878
5020,70,255,1006.429,957.743
5021,101,255,1065.530,959.381
5022,68,255,1116.176,957.074
5023,89,255,85.624,959.208
5024,40,255,1342.450,958.650
5025,72,255,1528.361,959.000
5026,69,255,1560.370,959.384
5027,35,255,273.157,958.729
5028,46,255,499.913,959.630
5029,89,255,671.635,962.253
5030,67,255,684.933,962.201
5031,62,255,1036.806,960.242
5032,116,255,1437.138,962.483
5033,55,255,1591.227,960.336
5034,137,255,50.945,962.821
5035,79,255,287.981,963.133
5036,189,255,340.426,964.542
5037,29,255,696.638,960.466
5038,59,255,774.924,961.025
5039,128,255,27.859,964.672
5040,88,255,728.909,962.057
5041,34,255,873.912,961.147
5042,45,255,1276.500,961.456
5043,41,255,208.573,962.988
5044,75,255,884.593,964.553
5045,24,255,1105.667,962.042
5046,66,255,1233.712,963.939
5047,25,255,1299.340,961.620
5048,115,255,1357.822,964.152
5049,52,255,1580.750,963.231
5050,177,255,419.624,968.540
5051,63,255,481.595,964.214
5052,61,255,628.205,963.779
5053,67,255,712.291,963.351
5054,39,255,812.064,963.936
5055,70,255,946.571,963.986
5056,75,255,1141.620,963.487
5057,91,255,1470.170,966.434
5058,26,255,176.346,963.615
5059,28,255,221.750,963.500
5060,79,255,382.690,967.259
5061,41,255,644.354,964.232
5062,26,255,1269.385,963.769
5063,66,255,1289.333,965.212
5064,51,255,74.324,966.147
5065,63,255,109.341,966.548
5066,43,255,456.988,965.430
5067,33,255,1127.439,965.712
5068,29,255,1330.948,965.155
5069,46,255,1507.587,964.957
5070,58,255,244.086,967.069
5071,100,255,509.900,967.940
5072,43,255,834.988,966.709
5073,54,255,993.370,965.426
5074,42,255,1119.524,966.429
5075,38,255,1261.184,966.658
5076,69,255,1553.283,968.384
5077,190,255,146.105,972.479
5078,23,255,766.109,966.848
5079,58,255,821.724,967.638
5080,51,255,1089.500,967.931
5081,121,255,1500.178,970.731
5082,137,255,10.617,971.391
5083,65,255,298.346,969.731
5084,56,255,802.107,968.696
5085,49,255,868.214,968.031
5086,84,255,1007.405,971.333
5087,27,255,1022.685,968.056
5088,94,255,35.489,972.979
5089,23,255,468.543,969.196
5090,50,255,1048.020,969.840
5091,95,255,1540.100,971.511
5092,57,255,61.360,971.500
5093,74,255,188.459,971.770
5094,37,255,224.284,970.257
5095,60,255,549.217,971.900
5096,117,255,561.731,973.175
5097,67,255,928.575,970.664
5098,46,255,941.761,970.696
5099,28,255,956.821,970.321
5100,33,255,1100.924,969.621
5101,119,255,1167.534,974.113
5102,62,255,1182.597,970.629
5103,85,255,1456.229,971.653
5104,73,255,129.226,972.445
5105,31,255,200.081,971.500
5106,82,255,261.049,973.134
5107,36,255,272.611,970.694
5108,53,255,446.179,972.292
5109,36,255,619.778,970.833
5110,137,255,738.245,973.938
5111,26,255,750.500,971.000
5112,116,255,982.603,974.060
5113,60,255,1201.250,971.700
5114,83,255,1387.596,972.476
5115,102,255,309.696,975.118
5116,28,255,397.893,971.536
5117,115,255,651.570,973.404
5118,23,255,676.761,971.152
5119,93,255,1324.661,974.747
5120,30,255,214.500,972.300
5121,28,255,436.000,972.893
5122,33,255,786.015,973.106
5123,40,255,849.400,973.275
5124,41,255,900.232,973.159
5125,82,255,1223.305,974.244
5126,49,255,1243.908,973.031
5127,64,255,1275.859,974.156
5128,82,255,1308.317,975.317
5129,20,255,1367.450,972.250
5130,58,255,1561.793,973.707
5131,37,255,52.554,974.905
5132,57,255,1056.570,975.009
5133,114,255,349.500,980.561
5134,20,255,462.400,974.900
5135,65,255,609.577,976.115
5136,59,255,79.568,977.025
5137,30,255,243.333,975.933
5138,52,255,280.192,977.231
5139,21,255,585.595,975.833
5140,64,255,826.828,976.438
5141,79,255,1374.158,979.196
5142,158,255,1517.557,981.373
5143,89,255,1577.691,978.028
5144,147,255,95.677,982.405
5145,94,255,475.404,978.904
5146,151,255,593.063,983.275
5147,64,255,908.359,977.578
5148,108,255,963.944,979.870
5149,77,255,1444.565,978.318
5150,62,255,226.919,979.855
5151,114,255,366.746,980.535
5152,66,255,402.394,979.894
5153,75,255,532.060,979.580
5154,46,255,1431.609,978.587
5155,76,255,316.276,980.895
5156,76,255,571.947,980.776
5157,144,255,1087.500,982.333
5158,150,255,1147.747,983.460
5159,84,255,1188.000,980.310
5160,112,255,1250.670,981.696
5161,31,255,109.081,980.113
5162,90,255,208.800,981.156
5163,45,255,338.389,980.367
5164,90,255,491.633,981.811
5165,66,255,679.621,980.955
5166,53,255,719.198,981.274
5167,30,255,999.967,980.233
5168,35,255,1235.900,979.900
5169,45,255,1285.144,980.833
5170,33,255,1422.106,979.439
5171,61,255,1472.074,981.090
5172,57,255,1591.746,980.044
5173,24,255,25.833,980.458
5174,48,255,504.000,981.646
5175,121,255,626.698,982.153
5176,150,255,698.367,986.240
5177,116,255,890.207,983.767
5178,71,255,1205.331,981.852
5179,79,255,1483.070,983.158
5180,117,255,382.714,984.107
5181,155,255,789.706,988.035
5182,106,255,926.236,984.547
5183,103,255,1043.850,983.345
5184,47,255,62.564,983.436
5185,54,255,199.667,984.870
5186,58,255,272.207,984.655
5187,72,255,757.306,984.653
5188,110,255,1358.482,986.318
5189,146,255,1398.603,987.637
5190,51,255,164.833,984.265
5191,108,255,295.630,987.787
5192,113,255,439.509,988.376
5193,38,255,744.974,985.316
5194,57,255,1275.518,985.237
5195,72,255,1545.042,985.681
5196,52,255,119.962,986.038
5197,109,255,256.243,987.729
5198,53,255,543.349,985.481
5199,68,255,732.956,985.853
5200,53,255,826.953,984.670
5201,24,255,1028.750,984.458
5202,25,255,1134.220,986.140
5203,31,255,1259.339,984.984
5204,34,255,1556.324,984.735
5205,72,255,6.986,987.431
5206,107,255,187.322,989.640
5207,58,255,662.655,986.879
5208,94,255,850.223,987.670
5209,57,255,938.974,986.956
5210,63,255,1302.579,986.849
5211,44,255,1325.545,986.682
5212,31,255,1461.855,985.952
5213,65,255,150.823,988.346
5214,24,255,175.750,986.958
5215,40,255,654.050,987.725
5216,81,255,811.302,988.562
5217,50,255,976.560,987.420
5218,106,255,872.792,990.283
5219,66,255,909.273,988.530
5220,85,255,994.712,989.476
5221,26,255,30.808,988.885
5222,34,255,137.382,989.441
5223,155,255,234.687,993.235
5224,28,255,720.000,989.536
5225,95,255,771.374,991.595
5226,63,255,1060.516,989.071
5227,40,255,1374.450,989.475
5228,24,255,1566.167,988.375
5229,75,255,1341.580,990.993
5230,188,255,1430.543,993.814
5231,36,255,1586.333,990.250
5232,43,255,68.616,991.500
5233,35,255,502.157,990.357
5234,75,255,644.407,994.313
5235,63,255,1184.135,991.516
5236,115,255,1572.630,994.822
5237,41,255,108.988,994.305
5238,79,255,516.095,992.880
5239,134,255,557.037,996.045
5240,47,255,570.585,992.309
5241,60,255,1169.833,992.500
5242,41,255,1281.939,991.890
5243,57,255,55.114,994.833
5244,95,255,964.700,996.742
5245,58,255,1007.397,994.741
5246,76,255,1110.316,993.711
5247,57,255,1208.798,993.588
5248,32,255,1550.812,993.688
5249,58,255,18.052,996.741
5250,65,255,823.300,994.223
5251,45,255,1157.611,995.144
5252,65,255,80.285,996.931
5253,95,255,163.879,997.805
5254,58,255,376.103,996.017
5255,40,255,545.925,996.300
5256,65,255,1249.915,995.900
5257,101,255,1306.153,997.134
5258,160,255,1479.394,997.331
5259,106,255,33.642,999.726
5260,99,255,317.298,997.944
5261,74,255,892.054,997.392
5262,40,255,926.725,995.825
5263,37,255,1238.797,996.365
5264,24,255,1414.792,996.208
5265,40,255,129.600,997.650
5266,36,255,268.500,997.000
5267,59,255,602.415,998.449
5268,90,255,614.811,999.311
5269,59,255,977.008,997.924
5270,81,255,1364.377,998.006
5271,50,255,146.040,999.140
5272,27,255,339.352,997.759
5273,49,255,222.663,999.724
5274,86,255,352.012,1001.430
5275,72,255,440.819,999.944
5276,43,255,577.105,999.500
5277,32,255,1061.375,998.500
5278,74,255,1078.946,1000.405
5279,94,255,1166.713,1001.064
5280,80,255,1393.250,1001.075
5281,38,255,1586.184,999.658
5282,61,255,935.303,1001.172
5283,64,255,1107.312,1000.719
5284,60,255,1120.817,1001.383
5285,55,255,1522.900,1000.809
5286,79,255,64.146,1003.297
5287,22,255,299.591,1002.136
5288,109,255,700.408,1003.693
5289,34,255,1028.118,1000.618
5290,90,255,1276.600,1002.811
5291,109,255,470.417,1005.206
5292,42,255,483.810,1001.786
5293,36,255,902.778,1001.667
5294,28,255,1055.571,1002.964
5295,70,255,1135.814,1002.500
5296,131,255,1324.866,1005.653
5297,63,255,378.627,1004.262
5298,141,255,453.152,1006.996
5299,29,255,1068.707,1003.431
5300,21,255,184.119,1002.929
5301,76,255,402.053,1005.789
5302,20,255,118.850,1004.600
5303,46,255,343.478,1006.283
5304,80,255,416.450,1006.250
5305,36,255,757.250,1005.583
5306,61,255,1353.828,1006.057
5307,57,255,1454.202,1005.535
5308,33,255,2.167,1007.652
5309,146,255,49.521,1010.178
5310,56,255,82.607,1006.893
5311,88,255,156.966,1007.295
5312,79,255,201.614,1009.614
5313,55,255,532.936,1005.955
5314,46,255,681.978,1006.239
5315,52,255,1026.058,1007.385
5316,96,255,1247.062,1010.083
5317,114,255,1343.140,1010.035
5318,90,255,103.500,1009.289
5319,34,255,291.412,1007.029
5320,23,255,845.022,1005.761
5321,27,255,988.907,1006.574
5322,157,255,1090.506,1010.589
5323,73,255,1374.062,1008.267
5324,116,255,1519.250,1009.500
5325,54,255,233.296,1009.426
5326,24,255,515.167,1007.375
5327,34,255,653.912,1007.853
5328,65,255,774.746,1009.392
5329,44,255,943.773,1008.614
5330,47,255,1438.968,1008.223
5331,72,255,220.889,1010.111
5332,33,255,426.924,1010.348
5333,27,255,717.574,1008.537
5334,70,255,1155.743,1009.257
5335,83,255,1204.452,1010.127
5336,49,255,1412.786,1009.520
5337,31,255,1461.629,1009.081
5338,73,255,1574.993,1009.596
5339,113,255,496.199,1013.438
5340,48,255,556.292,1009.875
5341,52,255,785.904,1011.673
5342,67,255,853.052,1011.545
5343,52,255,1222.231,1010.962
5344,159,255,1399.808,1015.230
5345,71,255,140.923,1013.345
5346,117,255,186.919,1013.902
5347,94,255,1138.511,1012.383
5348,60,255,1300.150,1011.933
5349,105,255,1482.805,1013.795
5350,71,255,23.500,1013.049
5351,79,255,303.930,1013.943
5352,70,255,569.271,1012.500
5353,71,255,1291.711,1014.880
5354,51,255,508.951,1013.794
5355,48,255,635.021,1013.958
5356,73,255,684.185,1014.007
5357,67,255,796.187,1014.545
5358,53,255,840.670,1014.274
5359,107,255,873.145,1016.921
5360,61,255,1044.139,1014.156
5361,134,255,1232.343,1018.112
5362,36,255,1365.389,1013.944
5363,75,255,1429.793,1015.207
5364,131,255,1446.905,1018.851
5365,61,255,280.533,1015.533
5366,57,255,318.272,1014.342
5367,53,255,727.123,1014.500
5368,51,255,902.245,1014.520
5369,113,255,966.571,1017.624
5370,41,255,1009.744,1013.988
5371,25,255,1125.860,1013.820
5372,36,255,116.139,1014.972
5373,62,255,168.032,1015.613
5374,20,255,394.050,1014.900
5375,70,255,813.043,1017.586
5376,43,255,1567.779,1015.733
5377,26,255,1584.538,1015.385
5378,114,255,289.561,1020.456
5379,70,255,347.157,1016.371
5380,71,255,86.261,1018.444
5381,94,255,1071.638,1019.585
5382,64,255,1267.422,1017.391
5383,59,255,1595.619,1017.805
5384,48,255,656.812,1019.000
5385,21,255,1575.595,1018.167
5386,93,255,265.801,1021.091
5387,67,255,329.813,1021.097
5388,71,255,441.063,1020.965
5389,24,255,912.833,1018.375
5390,42,255,1033.833,1019.500
5391,20,255,1157.400,1018.700
5392,51,255,1167.833,1020.206
5393,102,255,9.794,1023.196
5394,100,255,59.710,1022.560
5395,27,255,405.278,1019.241
5396,116,255,543.431,1022.250
5397,50,255,822.700,1021.240
5398,51,255,1503.441,1020.284
5399,34,255,389.000,1021.794
5400,67,255,927.530,1021.425
5401,67,255,1463.754,1021.410
5402,63,255,1523.563,1021.706
5403,64,255,1547.562,1023.203
5404,143,255,32.276,1023.388
5405,50,255,248.780,1021.520
5406,63,255,419.944,1022.738
5407,51,255,772.441,1022.618
5408,62,255,1000.694,1023.161
5409,116,255,1372.440,1025.888
5410,116,255,313.828,1026.129
5411,39,255,1475.628,1023.449
5412,38,255,1535.579,1023.947
5413,61,255,634.828,1025.107
5414,38,255,647.342,1023.263
5415,39,255,721.038,1024.269
5416,47,255,759.883,1024.606
5417,102,255,1131.245,1028.225
5418,109,255,102.555,1028.335
5419,72,255,368.292,1026.694
5420,86,255,404.279,1026.291
5421,124,255,702.871,1026.597
5422,140,255,733.643,1029.300
5423,101,255,954.985,1028.134
5424,40,255,1084.000,1025.200
5425,58,255,1142.810,1025.293
5426,24,255,1271.500,1024.292
5427,70,255,118.300,1027.629
5428,107,255,150.061,1028.603
5429,149,255,209.654,1030.372
5430,23,255,458.109,1025.152
5431,113,255,672.305,1030.296
5432,24,255,1161.833,1025.625
5433,53,255,1186.670,1026.047
5434,118,255,1297.975,1028.246
5435,54,255,491.389,1027.630
5436,41,255,890.646,1027.646
5437,91,255,1385.918,1029.720
5438,58,255,180.224,1028.741
5439,112,255,195.089,1032.973
5440,81,255,467.796,1030.117
5441,34,255,526.941,1028.235
5442,48,255,778.458,1029.000
5443,40,255,788.225,1029.200
5444,33,255,1112.591,1027.985
5445,25,255,1254.060,1027.820
5446,64,255,1325.094,1029.594
5447,45,255,88.767,1030.500
5448,65,255,164.423,1030.423
5449,66,255,798.515,1030.318
5450,28,255,1048.000,1028.714
5451,116,255,1344.414,1031.448
5452,57,255,1485.868,1029.991
5453,53,255,1528.613,1030.236
5454,32,255,1594.188,1028.594
5455,99,255,68.045,1032.692
5456,33,255,880.258,1029.470
5457,94,255,1021.426,1033.404
5458,73,255,1066.884,1031.527
5459,32,255,1196.000,1030.438
5460,69,255,1398.891,1031.225
5461,33,255,1554.894,1030.076
5462,23,255,597.587,1030.152
5463,38,255,645.447,1031.737
5464,76,255,904.276,1032.079
5465,44,255,1460.477,1031.068
5466,95,255,1498.511,1033.542
5467,91,255,267.907,1034.544
5468,50,255,437.000,1032.860
5469,38,255,655.447,1032.658
5470,51,255,756.324,1033.069
5471,46,255,1264.652,1031.565
5472,114,255,1434.026,1035.333
5473,62,255,26.887,1033.629
5474,74,255,861.635,1033.851
5475,128,255,978.055,1034.664
5476,46,255,1205.370,1033.913
5477,64,255,232.062,1035.281
5478,44,255,535.000,1034.500
5479,70,255,570.914,1035.800
5480,25,255,937.620,1033.860
5481,20,255,1057.450,1034.150
5482,30,255,1541.700,1033.700
5483,87,255,250.132,1038.201
5484,41,255,769.963,1035.427
5485,24,255,1310.542,1035.208
5486,39,255,417.244,1036.551
5487,45,255,876.278,1036.900
5488,79,255,1035.905,1038.070
5489,83,255,1079.066,1037.187
5490,129,255,1154.771,1038.391
5491,58,255,1561.741,1036.776
5492,27,255,1571.315,1035.907
5493,42,255,1581.833,1036.524
5494,127,255,332.650,1039.720
5495,82,255,405.366,1038.293
5496,35,255,624.414,1036.614
5497,71,255,702.528,1037.176
5498,81,255,1100.969,1038.117
5499,59,255,1187.144,1038.449
5500,30,255,476.367,1037.767
5501,35,255,603.414,1038.300
5502,20,255,1197.800,1038.050
5503,60,255,1216.717,1039.150
5504,35,255,1333.271,1038.100
5505,51,255,1464.343,1040.265
5506,46,255,1593.500,1038.130
5507,171,255,114.126,1043.740
5508,100,255,149.610,1041.770
5509,78,255,175.923,1041.333
5510,50,255,1120.860,1039.400
5511,30,255,31.867,1040.667
5512,38,255,239.184,1040.158
5513,42,255,1047.214,1040.952
5514,90,255,1299.989,1042.300
5515,52,255,426.827,1040.769
5516,31,255,555.081,1040.952
5517,37,255,885.851,1040.419
5518,37,255,1451.203,1042.176
5519,60,255,1487.583,1046.067
5520,66,255,1517.682,1041.470
5521,96,255,130.104,1044.865
5522,83,255,486.030,1043.066
5523,85,255,524.782,1043.076
5524,102,255,961.275,1045.461
5525,34,255,997.324,1041.294
5526,132,255,45.045,1045.583
5527,47,255,639.479,1043.415
5528,86,255,931.070,1045.291
5529,60,255,1229.767,1044.000
5530,52,255,1354.481,1043.596
5531,45,255,1399.811,1043.833
5532,68,255,1543.559,1043.397
5533,58,255,851.000,1044.552
5534,34,255,940.618,1043.912
5535,81,255,1060.031,1046.006
5536,73,255,1249.541,1045.404
5537,58,255,1379.397,1043.931
5538,27,255,503.093,1044.426
5539,78,255,665.141,1046.000
5540,80,255,777.775,1045.463
5541,64,255,898.984,1045.828
5542,142,255,1014.458,1047.106
5543,43,255,1334.756,1045.081
5544,109,255,1474.968,1048.399
5545,50,255,1573.140,1046.260
5546,76,255,543.921,1047.224
5547,120,255,595.850,1049.342
5548,65,255,627.715,1047.515
5549,26,255,826.923,1045.269
5550,55,255,1410.445,1047.300
5551,56,255,1585.286,1046.500
5552,76,255,318.447,1048.250
5553,54,255,679.130,1047.852
5554,54,255,704.537,1047.556
5555,79,255,717.399,1048.589
5556,74,255,793.392,1048.081
5557,54,255,863.981,1047.667
5558,25,255,874.940,1046.420
5559,152,255,986.151,1049.612
5560,33,255,1527.833,1047.076
5561,94,255,201.543,1051.223
5562,64,255,385.688,1049.281
5563,64,255,439.469,1049.625
5564,52,255,452.750,1048.558
5565,35,255,609.414,1048.757
5566,36,255,949.889,1049.167
5567,38,255,1040.711,1048.132
5568,54,255,1172.611,1048.296
5569,53,255,1365.047,1049.142
5570,22,255,1442.227,1047.545
5571,118,255,76.508,1051.669
5572,54,255,370.907,1049.685
5573,74,255,426.149,1050.297
5574,65,255,691.915,1050.008
5575,62,255,1290.629,1050.726
5576,107,255,1389.715,1052.453
5577,49,255,1428.806,1049.929
5578,108,255,14.815,1053.204
5579,83,255,136.271,1055.247
5580,41,255,818.085,1050.061
5581,63,255,883.643,1052.357
5582,96,255,61.354,1052.792
5583,65,255,516.069,1052.069
5584,76,255,565.421,1053.013
5585,47,255,731.372,1051.691
5586,79,255,1085.943,1051.956
5587,60,255,1509.283,1051.433
5588,67,255,26.187,1054.813
5589,37,255,235.797,1051.878
5590,69,255,502.413,1052.558
5591,45,255,743.700,1053.011
5592,58,255,839.190,1053.448
5593,22,255,1355.000,1051.000
5594,24,255,158.792,1053.083
5595,123,255,350.565,1056.199
5596,69,255,895.920,1055.370
5597,52,255,1238.481,1054.231
5598,41,255,1546.232,1053.646
5599,48,255,97.000,1054.500
5600,40,255,148.550,1054.275
5601,91,255,583.038,1057.005
5602,37,255,907.932,1054.932
5603,127,255,1132.587,1055.445
5604,65,255,1192.146,1055.038
5605,71,255,45.627,1056.134
5606,24,255,876.958,1055.208
5607,40,255,1220.675,1055.450
5608,66,255,1336.530,1056.485
5609,88,255,530.239,1057.602
5610,64,255,751.984,1058.672
5611,28,255,762.821,1056.250
5612,34,255,771.765,1056.412
5613,41,255,923.232,1056.305
5614,37,255,931.446,1056.122
5615,48,255,1254.438,1056.271
5616,80,255,1375.425,1058.375
5617,44,255,1501.114,1056.500
5618,60,255,1565.583,1058.233
5619,51,255,710.147,1057.892
5620,110,255,784.773,1060.318
5621,39,255,831.500,1058.449
5622,66,255,1168.136,1057.364
5623,42,255,1230.524,1057.929
5624,43,255,187.081,1058.128
5625,46,255,288.587,1057.848
5626,62,255,456.097,1060.355
5627,53,255,674.085,1058.821
5628,50,255,686.440,1058.880
5629,39,255,699.218,1057.962
5630,108,255,1046.546,1061.167
5631,88,255,1279.341,1059.864
5632,65,255,1350.946,1059.654
5633,30,255,1552.967,1058.600
5634,58,255,1586.138,1058.397
5635,33,255,359.652,1059.591
5636,33,255,854.106,1058.470
5637,85,255,1001.876,1060.641
5638,49,255,1413.745,1059.520
5639,24,255,1526.833,1058.625
5640,134,255,319.582,1062.522
5641,33,255,574.227,1061.167
5642,46,255,722.130,1060.652
5643,41,255,736.134,1059.354
5644,47,255,800.926,1060.734
5645,57,255,102.763,1062.553
5646,43,255,417.174,1061.523
5647,21,255,821.929,1060.071
5648,107,255,1064.472,1062.958
5649,35,255,1116.586,1060.957
5650,49,255,1469.153,1061.663
5651,20,255,1508.550,1060.750
5652,32,255,127.062,1062.250
5653,101,255,179.450,1065.767
5654,53,255,280.896,1063.292
5655,42,255,646.071,1062.571
5656,32,255,2.125,1063.938
5657,84,255,429.310,1065.167
5658,42,255,630.452,1062.595
5659,44,255,1132.705,1063.364
5660,35,255,297.957,1063.443
5661,20,255,619.100,1063.150
5662,77,255,1152.851,1065.812
5663,58,255,1304.069,1065.759
5664,34,255,150.853,1065.559
5665,60,255,443.083,1067.033
5666,74,255,972.743,1066.014
5667,87,255,1423.397,1066.109
5668,29,255,1520.914,1064.914
5669,26,255,1559.269,1065.731
5670,45,255,652.389,1067.189
5671,20,255,755.400,1065.450
5672,151,255,887.235,1069.606
5673,47,255,1089.947,1066.053
5674,48,255,1210.792,1066.646
5675,80,255,1290.188,1067.362
5676,96,255,138.448,1070.552
5677,92,255,464.848,1068.717
5678,72,255,488.208,1068.486
5679,74,255,1259.500,1068.095
5680,51,255,1392.559,1067.167
5681,43,255,1547.244,1066.849
5682,57,255,1584.430,1066.904
5683,66,255,1597.197,1070.182
5684,32,255,249.906,1068.375
5685,58,255,986.983,1069.293
5686,112,255,1112.089,1070.089
5687,68,255,1167.897,1069.015
5688,85,255,1365.900,1071.324
5689,48,255,1537.062,1069.229
5690,54,255,69.556,1071.167
5691,29,255,192.397,1068.362
5692,128,255,225.344,1073.523
5693,30,255,240.533,1069.233
5694,154,255,911.922,1072.701
5695,149,255,1493.923,1069.715
5696,20,255,34.150,1069.250
5697,24,255,635.167,1069.125
5698,76,255,735.197,1072.987
5699,71,255,938.444,1070.782
5700,62,255,1331.968,1071.145
5701,45,255,58.322,1071.922
5702,32,255,378.500,1069.938
5703,118,255,406.119,1073.415
5704,51,255,676.225,1071.578
5705,79,255,1196.475,1072.918
5706,59,255,1436.924,1072.517
5707,70,255,1457.943,1072.571
5708,87,255,369.305,1074.511
5709,38,255,551.079,1071.237
5710,75,255,750.687,1076.260
5711,40,255,1031.775,1071.475
5712,31,255,519.242,1073.532
5713,69,255,798.283,1074.819
5714,66,255,999.197,1075.409
5715,118,255,1131.737,1075.551
5716,75,255,532.540,1074.767
5717,52,255,581.462,1075.000
5718,155,255,609.177,1082.184
5719,110,255,765.918,1077.873
5720,88,255,859.034,1076.318
5721,57,255,1275.096,1074.904
5722,108,255,594.083,1077.824
5723,133,255,780.996,1078.635
5724,62,255,982.565,1077.048
5725,31,255,1074.500,1073.984
5726,67,255,6.455,1077.201
5727,31,255,113.468,1075.629
5728,84,255,209.155,1077.274
5729,71,255,808.458,1080.007
5730,83,255,828.693,1077.837
5731,73,255,1013.637,1077.500
5732,131,255,1152.103,1081.050
5733,69,255,1414.804,1077.022
5734,42,255,1445.643,1075.857
5735,58,255,1468.017,1077.190
5736,54,255,251.333,1078.407
5737,73,255,266.459,1078.308
5738,71,255,354.725,1079.120
5739,30,255,510.733,1076.967
5740,56,255,635.536,1076.786
5741,31,255,899.048,1077.726
5742,41,255,1340.915,1077.207
5743,55,255,1383.918,1078.209
5744,25,255,1395.420,1076.580
5745,70,255,1512.443,1077.857
5746,71,255,1563.697,1078.641
5747,38,255,1573.921,1076.605
5748,61,255,22.172,1078.844
5749,33,255,393.530,1077.591
5750,36,255,491.333,1078.028
5751,21,255,817.929,1078.071
5752,69,255,843.848,1079.355
5753,96,255,1242.708,1080.354
5754,34,255,1283.706,1078.559
5755,58,255,331.483,1080.017
5756,25,255,503.060,1078.780
5757,119,255,872.727,1083.676
5758,22,255,991.500,1078.682
5759,23,255,1099.891,1079.065
5760,107,255,454.379,1082.706
5761,75,255,667.687,1080.940
5762,43,255,1212.686,1079.663
5763,29,255,1373.569,1081.431
5764,64,255,1497.422,1081.250
5765,38,255,425.605,1081.289
5766,27,255,438.241,1080.056
5767,68,255,1294.294,1083.132
5768,67,255,1479.321,1081.963
5769,63,255,1586.770,1082.119
5770,35,255,63.300,1081.957
5771,41,255,548.817,1082.427
5772,114,255,1425.526,1084.868
5773,63,255,239.087,1084.024
5774,44,255,906.182,1084.364
5775,134,255,1029.328,1086.537
5776,87,255,1228.868,1084.649
5777,60,255,1261.900,1083.150
5778,65,255,77.962,1085.546
5779,75,255,345.460,1086.927
5780,56,255,849.250,1085.464
5781,45,255,96.056,1085.344
5782,95,255,528.332,1086.563
5783,53,255,735.651,1085.670
5784,61,255,962.566,1087.926
5785,110,255,1534.827,1087.136
5786,91,255,167.698,1087.951
5787,38,255,186.632,1085.289
5788,71,255,280.908,1087.430
5789,41,255,302.451,1085.402
5790,86,255,794.756,1088.767
5791,50,255,931.040,1087.640
5792,42,255,1395.333,1085.429
5793,36,255,210.889,1086.611
5794,32,255,512.594,1086.344
5795,42,255,1305.810,1088.000
5796,43,255,180.407,1090.640
5797,22,255,885.545,1087.500
5798,40,255,899.350,1087.950
5799,100,255,988.780,1091.060
5800,20,255,1117.750,1087.450
5801,36,255,1383.278,1088.222
5802,22,255,1166.864,1088.818
5803,138,255,1183.370,1092.500
5804,98,255,14.041,1092.531
5805,46,255,134.087,1089.739
5806,35,255,436.643,1089.529
5807,22,255,817.273,1089.273
5808,80,255,922.725,1092.412
5809,60,255,1244.433,1091.350
5810,43,255,1278.709,1090.756
5811,42,255,1594.119,1090.405
5812,51,255,264.833,1091.539
5813,61,255,372.533,1091.910
5814,26,255,382.615,1091.000
5815,81,255,593.278,1091.944
5816,41,255,765.232,1091.061
5817,23,255,784.761,1090.717
5818,33,255,1072.288,1090.955
5819,86,255,1557.547,1092.942
5820,99,255,250.540,1093.308
5821,33,255,835.045,1092.742
5822,20,255,1256.600,1091.850
5823,34,255,775.500,1094.000
5824,28,255,972.357,1094.464
5825,59,255,1574.212,1094.568
5826,42,255,874.595,1096.976
5827,51,255,1313.324,1095.853
5828,71,255,1402.669,1096.359
5829,45,255,150.922,1096.722
5830,63,255,210.119,1096.310
5831,25,255,414.820,1095.180
5832,38,255,629.263,1096.211
5833,47,255,649.351,1096.521
5834,50,255,664.840,1096.820
5835,30,255,1134.333,1095.867
5836,30,255,1455.733,1095.767
5837,62,255,1507.774,1096.726
5838,45,255,64.033,1097.433
5839,57,255,288.711,1097.307
5840,23,255,387.587,1096.935
5841,52,255,688.615,1097.288
5842,42,255,1447.524,1097.810
5843,45,255,1489.767,1097.211
5844,33,255,139.894,1097.803
5845,37,255,234.230,1098.068
5846,39,255,509.474,1097.910
5847,44,255,534.727,1097.591
5848,31,255,821.274,1097.855
5849,25,255,897.260,1097.780
5850,35,255,1221.357,1097.871
5851,47,255,1285.117,1098.032
5852,31,255,1427.306,1098.081
5853,56,255,1534.500,1097.786
5854,26,255,726.000,1098.269
5855,22,255,1145.000,1098.136
