 ,Area,Mean,X,Y
1,76,255,1072.592,4.197
2,35,255,1096.557,2.357
3,21,255,604.500,4.500
4,21,255,544.690,5.357
5,125,255,566.788,8.740
6,54,255,596.870,7.463
7,58,255,1115.914,7.966
8,37,255,618.608,7.014
9,54,255,631.333,7.389
10,70,255,516.429,10.886
11,21,255,578.500,7.119
12,34,255,679.647,7.618
13,102,255,746.176,10.039
14,29,255,207.362,8.948
15,28,255,690.786,9.429
16,57,255,472.114,12.149
17,56,255,710.107,12.018
18,128,255,1047.273,15.438
19,52,255,642.788,11.712
20,41,255,1127.793,13.451
21,79,255,529.981,14.335
22,70,255,548.529,12.986
23,30,255,763.967,13.633
24,110,255,1088.227,16.364
25,35,255,459.843,14.329
26,116,255,603.319,18.336
27,59,255,449.534,15.873
28,39,255,501.859,15.885
29,77,255,1110.630,19.318
30,70,255,212.529,18.300
31,32,255,578.000,16.500
32,44,255,785.455,17.682
33,91,255,425.907,19.896
34,56,255,729.893,18.304
35,32,255,1137.469,17.562
36,67,255,669.828,19.575
37,22,255,821.818,18.227
38,91,255,1083.379,22.379
39,26,255,178.231,19.462
40,41,255,235.915,20.256
41,76,255,260.053,22.145
42,39,255,283.782,21.269
43,56,255,295.232,21.143
44,71,255,844.514,21.472
45,20,255,304.150,20.050
46,23,255,332.413,20.761
47,41,255,880.622,21.573
48,22,255,458.727,20.955
49,25,255,714.380,21.820
50,30,255,365.533,22.867
51,76,255,151.250,25.158
52,76,255,169.855,26.066
53,32,255,248.656,24.594
54,63,255,273.532,24.722
55,37,255,830.257,25.014
56,27,255,124.019,24.611
57,54,255,373.148,26.093
58,42,255,563.786,26.643
59,88,255,1064.057,28.523
60,27,255,135.685,26.315
61,31,255,230.113,25.855
62,49,255,1074.541,27.867
63,63,255,387.548,27.087
64,39,255,863.295,27.218
65,100,255,1005.230,31.050
66,104,255,1140.212,28.654
67,24,255,179.708,27.208
68,50,255,522.500,29.220
69,20,255,934.450,27.250
70,50,255,53.600,29.740
71,29,255,72.224,28.534
72,44,255,82.932,29.182
73,79,255,101.842,30.804
74,26,255,965.731,29.192
75,29,255,846.534,29.707
76,54,255,978.685,30.204
77,26,255,991.385,29.654
78,67,255,1019.634,31.813
79,24,255,455.708,30.125
80,88,255,603.693,34.602
81,78,255,785.513,33.192
82,54,255,839.074,32.926
83,64,255,556.234,35.750
84,48,255,128.396,33.771
85,118,255,1034.763,36.720
86,91,255,34.665,37.698
87,45,255,1071.544,36.122
88,44,255,1081.795,36.318
89,52,255,532.500,36.673
90,25,255,873.780,34.940
91,54,255,264.333,38.630
92,37,255,616.392,37.770
93,53,255,1120.443,38.198
94,56,255,191.393,39.179
95,26,255,453.000,38.500
96,29,255,717.121,38.534
97,25,255,1158.860,39.140
98,45,255,878.833,40.433
99,24,255,830.667,41.500
100,46,255,1059.457,41.348
101,27,255,1100.204,44.500
102,67,255,250.873,46.306
103,34,255,1046.000,45.588
104,27,255,506.019,46.093
105,50,255,576.200,48.080
106,35,255,636.386,47.186
107,27,255,1083.722,46.463
108,44,255,163.773,48.114
109,31,255,280.565,47.306
110,36,255,770.778,48.028
111,33,255,154.864,49.833
112,26,255,421.231,48.077
113,42,255,615.238,49.524
114,53,255,1154.123,50.066
115,70,255,1169.671,50.243
116,48,255,209.354,49.917
117,26,255,601.846,49.846
118,42,255,1025.405,50.833
119,48,255,450.646,52.083
120,38,255,463.526,52.816
121,40,255,240.125,53.225
122,59,255,519.992,54.263
123,36,255,783.056,52.694
124,51,255,942.755,53.676
125,29,255,977.328,52.638
126,48,255,128.333,54.354
127,29,255,346.362,55.017
128,52,255,839.500,55.846
129,38,255,57.053,55.684
130,35,255,96.271,57.043
131,59,255,584.602,55.720
132,31,255,184.403,55.952
133,28,255,534.286,56.429
134,37,255,222.392,58.149
135,49,255,263.255,58.071
136,24,255,545.708,57.375
137,31,255,925.629,58.113
138,74,255,1196.986,59.108
139,67,255,11.261,58.828
140,39,255,107.526,59.577
141,35,255,335.414,60.071
142,45,255,610.122,61.122
143,43,255,1289.570,60.965
144,38,255,574.263,61.237
145,26,255,916.846,62.077
146,49,255,1050.969,61.173
147,27,255,1228.648,61.833
148,66,255,30.818,63.667
149,71,255,176.049,64.415
150,55,255,620.773,64.264
151,35,255,759.986,63.500
152,33,255,1238.652,64.379
153,25,255,157.540,64.820
154,27,255,632.944,63.278
155,21,255,701.500,63.500
156,22,255,1217.364,62.773
157,24,255,1322.292,63.292
158,40,255,470.725,65.775
159,86,255,601.523,68.709
160,41,255,849.939,66.061
161,44,255,966.955,66.614
162,36,255,251.889,67.639
163,24,255,307.542,67.083
164,44,255,348.614,68.636
165,65,255,361.531,68.485
166,48,255,444.042,69.042
167,38,255,317.947,69.237
168,48,255,564.125,70.833
169,57,255,1296.588,69.588
170,31,255,40.113,70.758
171,64,255,239.250,70.594
172,24,255,881.917,70.542
173,122,255,1222.230,71.525
174,38,255,378.605,71.289
175,64,255,587.219,72.016
176,35,255,692.929,71.557
177,83,255,1394.259,72.078
178,60,255,1412.117,71.317
179,26,255,1429.038,70.731
180,35,255,1475.014,71.614
181,37,255,500.122,74.257
182,51,255,860.990,72.853
183,45,255,1034.367,73.344
184,33,255,302.621,74.470
185,56,255,453.161,76.036
186,27,255,744.056,76.093
187,51,255,831.931,76.598
188,56,255,1460.982,76.143
189,65,255,1477.377,78.592
190,76,255,1516.342,77.763
191,30,255,778.767,77.400
192,89,255,947.444,77.747
193,54,255,978.611,77.056
194,102,255,434.275,80.647
195,42,255,688.881,78.429
196,32,255,733.406,77.438
197,44,255,1020.091,77.955
198,29,255,1568.328,77.466
199,149,255,105.554,82.252
200,33,255,761.106,78.258
201,33,255,770.258,79.773
202,33,255,792.773,79.682
203,32,255,1403.906,78.531
204,22,255,1495.500,78.864
205,29,255,350.672,79.603
206,60,255,472.333,81.900
207,83,255,261.584,83.319
208,30,255,359.533,81.133
209,53,255,374.613,81.519
210,54,255,586.093,81.241
211,28,255,1531.571,80.571
212,27,255,1545.019,81.093
213,25,255,1551.980,81.340
214,43,255,1592.291,80.384
215,38,255,232.211,82.158
216,50,255,488.860,82.540
217,161,255,609.637,85.065
218,50,255,961.840,82.860
219,59,255,1213.619,84.076
220,38,255,211.868,82.974
221,33,255,1230.712,83.530
222,70,255,1430.729,85.057
223,47,255,853.287,84.117
224,52,255,940.981,86.327
225,34,255,1136.765,83.059
226,48,255,1410.312,84.812
227,46,255,454.870,86.217
228,43,255,639.709,85.523
229,29,255,741.086,85.155
230,39,255,887.679,85.218
231,28,255,1167.750,84.179
232,45,255,1307.389,85.189
233,45,255,1379.433,85.633
234,50,255,1504.900,85.900
235,54,255,663.500,86.204
236,55,255,1155.718,86.555
237,57,255,1220.886,87.482
238,42,255,1293.738,85.190
239,48,255,21.646,89.000
240,32,255,780.000,87.000
241,39,255,999.115,87.269
242,81,255,572.710,90.512
243,65,255,697.638,90.454
244,69,255,757.616,89.341
245,44,255,1072.136,89.750
246,25,255,1474.860,88.180
247,43,255,305.733,90.779
248,54,255,676.963,90.241
249,47,255,819.926,90.053
250,41,255,835.110,90.915
251,56,255,1046.839,91.357
252,24,255,293.000,90.625
253,28,255,654.500,91.000
254,81,255,1018.340,91.488
255,43,255,1148.267,92.453
256,40,255,14.675,92.875
257,49,255,122.439,93.194
258,28,255,162.786,92.357
259,41,255,234.744,91.695
260,84,255,388.905,93.857
261,55,255,408.064,93.809
262,54,255,486.574,93.296
263,43,255,1297.012,93.151
264,55,255,1529.791,92.682
265,48,255,1562.958,93.625
266,36,255,102.917,93.639
267,49,255,556.439,95.194
268,21,255,879.452,93.310
269,64,255,1210.250,96.328
270,53,255,436.708,95.689
271,54,255,535.556,96.537
272,63,255,852.167,95.595
273,102,255,601.833,99.951
274,28,255,706.893,95.571
275,46,255,805.196,96.826
276,54,255,832.907,98.333
277,35,255,1005.900,96.014
278,48,255,1029.979,98.312
279,27,255,1041.167,98.167
280,59,255,1250.585,97.534
281,41,255,1457.427,96.866
282,81,255,648.414,99.747
283,62,255,661.565,98.694
284,46,255,1132.761,97.196
285,62,255,956.661,99.952
286,38,255,1267.079,98.079
287,40,255,1448.400,100.825
288,22,255,300.364,99.500
289,98,255,510.888,102.980
290,70,255,587.557,101.457
291,53,255,1158.066,101.311
292,77,255,781.617,102.825
293,68,255,870.794,102.691
294,21,255,1114.786,100.310
295,46,255,1238.435,101.565
296,68,255,104.471,103.015
297,38,255,206.789,102.132
298,84,255,288.726,103.905
299,88,255,472.091,105.795
300,73,255,717.089,102.582
301,22,255,28.364,103.864
302,35,255,423.557,103.929
303,41,255,1218.037,105.573
304,32,255,1271.062,104.688
305,69,255,60.659,107.543
306,49,255,124.010,104.949
307,22,255,159.091,104.227
308,120,255,630.492,109.125
309,52,255,1404.346,106.192
310,25,255,189.060,106.380
311,62,255,574.548,107.387
312,38,255,973.211,105.368
313,47,255,1014.181,108.011
314,28,255,230.607,108.786
315,90,255,557.622,109.511
316,50,255,1420.780,108.440
317,47,255,1262.606,109.628
318,43,255,219.012,109.872
319,77,255,736.890,111.279
320,31,255,425.629,111.242
321,27,255,603.500,110.278
322,60,255,823.600,113.650
323,133,255,1208.162,115.380
324,24,255,2.125,111.708
325,49,255,297.888,113.398
326,40,255,680.125,112.525
327,38,255,699.368,111.711
328,42,255,763.214,112.714
329,113,255,844.987,115.119
330,48,255,266.875,113.250
331,46,255,441.283,114.435
332,21,255,1448.643,112.357
333,41,255,543.622,114.524
334,91,255,620.148,116.841
335,63,255,652.802,115.405
336,42,255,713.786,114.762
337,51,255,724.049,116.147
338,69,255,860.558,116.746
339,95,255,872.500,119.416
340,31,255,883.726,114.726
341,57,255,1159.623,115.763
342,44,255,1376.091,116.568
343,52,255,223.538,118.577
344,25,255,534.300,117.180
345,91,255,930.863,120.456
346,29,255,948.879,116.879
347,116,255,956.672,122.345
348,30,255,1409.800,116.967
349,43,255,770.337,118.360
350,72,255,805.792,119.764
351,20,255,1510.750,117.500
352,87,255,474.224,121.948
353,94,255,677.138,121.330
354,94,255,1276.436,121.862
355,34,255,1443.088,120.412
356,89,255,606.478,122.365
357,40,255,492.850,121.700
358,72,255,506.250,121.764
359,44,255,584.250,122.364
360,102,255,593.882,125.725
361,87,255,705.500,123.845
362,97,255,984.582,123.077
363,43,255,1253.872,121.314
364,60,255,249.383,123.333
365,76,255,315.855,123.842
366,64,255,461.203,122.875
367,65,255,881.438,123.915
368,73,255,905.103,124.062
369,40,255,155.350,122.600
370,57,255,645.465,123.939
371,65,255,1067.392,123.562
372,42,255,1142.500,123.571
373,39,255,1173.731,123.654
374,117,255,341.132,127.081
375,31,255,536.855,124.887
376,39,255,775.654,124.859
377,41,255,1123.915,124.159
378,53,255,81.443,125.802
379,57,255,292.833,126.939
380,57,255,376.711,125.763
381,69,255,561.254,126.080
382,30,255,999.000,125.133
383,81,255,198.796,128.093
384,82,255,235.110,126.707
385,44,255,725.318,126.318
386,29,255,737.776,125.776
387,120,255,122.958,129.642
388,48,255,695.000,128.583
389,28,255,1185.607,126.571
390,22,255,687.227,127.409
391,32,255,816.531,127.750
392,59,255,1255.212,129.517
393,78,255,269.936,129.987
394,67,255,655.664,130.396
395,36,255,716.056,129.028
396,85,255,852.465,131.724
397,74,255,937.878,130.878
398,58,255,1420.879,130.172
399,59,255,184.025,130.449
400,90,255,525.067,131.667
401,61,255,576.008,131.336
402,67,255,783.873,132.201
403,37,255,897.662,131.257
404,52,255,1064.538,130.269
405,45,255,1234.478,130.011
406,50,255,1392.620,129.900
407,138,255,152.268,134.355
408,76,255,435.711,132.408
409,81,255,628.907,132.833
410,144,255,1437.472,135.764
411,59,255,135.110,133.534
412,48,255,476.979,133.500
413,52,255,762.346,133.058
414,60,255,795.217,133.717
415,60,255,842.450,134.567
416,134,255,1210.925,134.291
417,80,255,501.788,134.775
418,114,255,677.781,135.930
419,50,255,748.640,133.740
420,41,255,808.841,132.963
421,99,255,866.621,135.288
422,40,255,998.300,133.000
423,80,255,1152.287,134.463
424,36,255,1551.139,134.167
425,58,255,492.034,136.690
426,65,255,548.900,134.992
427,44,255,700.318,135.591
428,36,255,1084.361,134.111
429,74,255,97.959,137.122
430,51,255,731.735,136.422
431,51,255,956.480,136.049
432,58,255,986.414,136.172
433,84,255,1020.083,136.143
434,41,255,1189.012,134.768
435,99,255,6.136,140.106
436,54,255,248.333,137.889
437,156,255,300.199,143.000
438,80,255,424.962,139.150
439,78,255,461.885,138.628
440,48,255,831.250,137.292
441,35,255,1310.871,136.329
442,65,255,228.500,140.562
443,63,255,284.849,137.770
444,62,255,323.629,137.710
445,64,255,720.500,138.453
446,87,255,969.293,138.580
447,79,255,1371.500,138.171
448,28,255,1510.214,136.286
449,48,255,240.208,138.750
450,115,255,382.509,140.439
451,107,255,594.509,142.780
452,39,255,1260.423,138.269
453,129,255,198.322,141.733
454,128,255,363.641,142.180
455,85,255,644.394,140.900
456,46,255,882.696,139.326
457,58,255,1052.190,139.552
458,20,255,1353.750,138.450
459,34,255,1522.882,139.618
460,23,255,73.283,141.457
461,143,255,82.437,145.647
462,61,255,219.402,141.008
463,30,255,343.333,139.167
464,34,255,903.206,141.000
465,67,255,16.201,142.425
466,40,255,409.000,141.500
467,55,255,626.736,141.336
468,69,255,944.442,143.065
469,83,255,1065.886,142.789
470,84,255,1331.274,142.643
471,28,255,1346.821,140.893
472,140,255,271.114,144.664
473,121,255,538.698,144.599
474,44,255,786.864,142.500
475,68,255,849.176,144.912
476,61,255,1225.779,142.844
477,47,255,122.883,143.351
478,114,255,179.904,145.333
479,59,255,443.873,143.754
480,73,255,571.445,145.514
481,57,255,692.675,144.728
482,79,255,761.272,143.728
483,63,255,1148.786,143.976
484,123,255,40.581,148.037
485,36,255,167.111,144.167
486,85,255,337.818,146.488
487,58,255,476.828,144.948
488,55,255,525.355,145.245
489,125,255,814.316,147.908
490,75,255,923.287,145.687
491,75,255,1039.380,146.087
492,29,255,1589.810,143.397
493,103,255,607.083,148.345
494,64,255,890.438,146.000
495,29,255,1200.810,146.259
496,39,255,1214.397,145.628
497,47,255,1266.096,145.989
498,49,255,27.888,147.357
499,56,255,142.857,147.179
500,43,255,319.570,146.058
501,48,255,507.708,147.083
502,85,255,752.876,152.406
503,56,255,999.018,147.018
504,64,255,1308.781,146.750
505,60,255,517.900,149.083
506,84,255,556.679,148.512
507,71,255,796.641,148.923
508,48,255,877.771,147.792
509,136,255,985.478,150.919
510,29,255,1364.328,146.397
511,69,255,63.790,148.833
512,67,255,112.649,148.813
513,109,255,207.573,153.748
514,76,255,742.224,150.474
515,72,255,1076.917,149.847
516,63,255,1461.579,149.405
517,47,255,246.479,149.989
518,29,255,434.603,149.362
519,56,255,639.250,150.446
520,46,255,658.543,149.957
521,168,255,711.530,151.762
522,21,255,907.929,148.595
523,41,255,1390.622,148.817
524,122,255,1436.754,151.902
525,30,255,257.700,150.067
526,28,255,1086.643,149.857
527,38,255,368.947,152.868
528,57,255,423.623,152.868
529,48,255,685.104,151.062
530,40,255,1480.525,150.875
531,50,255,839.900,153.280
532,75,255,865.193,153.433
533,58,255,957.328,153.948
534,78,255,1151.756,152.500
535,76,255,320.171,154.263
536,111,255,377.977,158.329
537,140,255,403.350,155.886
538,69,255,767.732,154.993
539,64,255,781.906,154.297
540,108,255,8.148,156.343
541,131,255,163.477,158.210
542,23,255,461.370,154.283
543,40,255,495.000,154.000
544,61,255,628.549,155.238
545,62,255,1019.435,154.952
546,99,255,1052.682,156.106
547,58,255,1375.121,155.672
548,46,255,1524.717,154.717
549,198,255,46.162,160.722
550,132,255,915.818,160.008
551,138,255,936.543,159.674
552,75,255,967.420,156.927
553,130,255,1176.423,159.238
554,82,255,1307.488,157.720
555,91,255,186.467,158.368
556,103,255,441.180,158.413
557,104,255,1455.538,158.933
558,27,255,227.278,157.500
559,90,255,282.678,159.456
560,93,255,309.285,159.866
561,81,255,573.772,158.623
562,81,255,650.944,159.401
563,57,255,1273.868,158.904
564,133,255,1293.079,160.019
565,111,255,1330.617,160.401
566,53,255,1390.066,156.953
567,56,255,1514.107,158.071
568,156,255,24.712,161.974
569,41,255,75.305,158.085
570,83,255,103.934,159.452
571,29,255,145.569,157.948
572,67,255,470.799,159.291
573,41,255,562.451,158.671
574,143,255,819.164,162.052
575,77,255,875.084,160.955
576,29,255,390.914,159.121
577,63,255,453.786,160.643
578,88,255,1110.784,161.136
579,65,255,1217.146,160.238
580,23,255,131.848,159.022
581,49,255,241.929,160.337
582,52,255,333.615,161.442
583,72,255,513.417,161.431
584,52,255,550.596,161.058
585,69,255,725.717,162.761
586,44,255,884.636,160.409
587,46,255,1132.239,160.261
588,36,255,1240.750,160.250
589,80,255,1478.662,161.213
590,104,255,253.788,167.673
591,35,255,347.843,161.100
592,50,255,485.240,161.660
593,25,255,532.940,161.060
594,59,255,621.297,162.280
595,154,255,1202.292,167.552
596,92,255,88.109,164.924
597,26,255,340.385,161.654
598,78,255,802.513,163.885
599,71,255,1008.711,164.035
600,64,255,1541.984,165.719
601,43,255,262.035,163.174
602,36,255,991.556,163.972
603,91,255,1022.951,166.786
604,90,255,1095.222,164.456
605,92,255,1445.543,167.076
606,55,255,1584.791,162.900
607,73,255,592.473,165.747
608,53,255,749.519,164.575
609,50,255,782.000,165.000
610,67,255,858.560,165.948
611,57,255,1118.254,166.360
612,97,255,62.881,167.747
613,55,255,555.718,167.245
614,67,255,717.112,168.590
615,60,255,846.733,167.217
616,63,255,1079.833,167.421
617,70,255,1156.114,167.857
618,25,255,1286.820,165.300
619,63,255,1342.960,166.944
620,67,255,1361.978,167.052
621,72,255,1418.917,167.875
622,88,255,197.216,168.875
623,64,255,603.656,168.484
624,29,255,662.845,166.776
625,166,255,678.849,172.620
626,58,255,477.000,169.276
627,78,255,642.410,170.397
628,100,255,770.850,171.040
629,66,255,961.030,169.258
630,57,255,1563.518,168.535
631,131,255,112.721,171.744
632,24,255,150.667,169.208
633,49,255,339.929,170.173
634,69,255,428.239,171.674
635,83,255,498.247,172.018
636,68,255,1128.897,170.397
637,88,255,1395.602,171.193
638,35,255,135.871,170.271
639,59,255,279.873,171.314
640,42,255,507.667,171.119
641,87,255,883.799,171.741
642,55,255,1216.591,171.591
643,44,255,1293.455,170.955
644,25,255,220.180,170.820
645,112,255,696.071,173.250
646,27,255,821.204,171.352
647,93,255,834.113,173.167
648,49,255,1068.929,171.541
649,43,255,1470.547,170.663
650,82,255,1501.549,172.415
651,63,255,353.214,173.722
652,41,255,399.061,173.329
653,52,255,437.500,173.000
654,55,255,460.827,173.718
655,53,255,526.594,173.330
656,44,255,8.886,173.727
657,45,255,76.167,173.944
658,53,255,851.689,174.085
659,27,255,936.167,173.796
660,119,255,970.643,176.273
661,38,255,1088.895,173.289
662,103,255,1263.782,178.461
663,39,255,1311.603,173.013
664,28,255,1424.929,173.000
665,77,255,209.565,175.838
666,85,255,235.041,177.171
667,52,255,367.885,175.096
668,30,255,1145.367,173.767
669,56,255,1284.268,175.768
670,92,255,1517.913,175.717
671,33,255,86.803,174.561
672,70,255,616.900,176.971
673,135,255,323.122,179.441
674,52,255,543.808,176.519
675,91,255,784.973,178.984
676,35,255,1191.071,176.729
677,34,255,1389.059,177.382
678,65,255,49.500,178.715
679,114,255,656.632,181.895
680,23,255,761.761,177.457
681,58,255,923.414,177.810
682,86,255,948.372,179.093
683,69,255,1224.239,178.601
684,47,255,1364.947,176.628
685,65,255,1472.977,177.900
686,67,255,1530.201,178.888
687,80,255,17.988,180.375
688,121,255,146.971,180.285
689,141,255,896.677,181.521
690,51,255,914.441,179.010
691,52,255,405.308,180.096
692,52,255,467.615,181.500
693,70,255,482.786,180.814
694,83,255,516.380,180.536
695,61,255,733.992,180.139
696,71,255,866.387,181.092
697,91,255,1030.181,181.005
698,88,255,1047.114,181.307
699,29,255,1070.259,178.948
700,79,255,1135.639,181.892
701,33,255,1252.167,179.561
702,59,255,1485.110,180.178
703,105,255,103.976,182.138
704,40,255,201.000,180.000
705,25,255,253.540,179.900
706,69,255,532.543,181.703
707,78,255,577.487,182.603
708,59,255,627.195,181.364
709,61,255,751.697,181.713
710,72,255,808.514,182.583
711,72,255,1460.819,181.361
712,86,255,1570.477,183.430
713,50,255,3.380,182.120
714,94,255,131.564,183.436
715,64,255,264.391,182.531
716,49,255,309.276,182.235
717,89,255,415.466,183.860
718,53,255,937.236,184.009
719,45,255,1063.300,181.544
720,95,255,1085.616,182.911
721,21,255,1106.024,180.595
722,28,255,1420.071,180.821
723,71,255,1593.303,184.303
724,48,255,172.312,183.188
725,68,255,564.471,183.441
726,62,255,643.435,183.452
727,40,255,841.550,183.425
728,175,255,1156.254,185.123
729,74,255,1197.554,184.041
730,79,255,1305.905,184.424
731,40,255,1318.575,181.725
732,45,255,1375.456,182.256
733,21,255,1402.643,181.690
734,68,255,1430.279,183.794
735,43,255,298.919,183.244
736,165,255,378.118,188.045
737,35,255,1411.300,183.843
738,37,255,1537.770,184.662
739,53,255,84.066,184.764
740,62,255,446.081,185.774
741,93,255,547.629,187.392
742,93,255,1178.317,186.296
743,28,255,42.786,185.500
744,43,255,66.709,185.756
745,37,255,75.365,185.770
746,21,255,281.071,184.929
747,47,255,699.479,185.926
748,39,255,798.397,185.500
749,49,255,1325.908,186.602
750,77,255,1548.110,186.279
751,81,255,117.068,187.932
752,69,255,605.399,188.268
753,70,255,1237.914,186.729
754,96,255,1356.656,189.208
755,79,255,498.766,188.880
756,51,255,708.853,188.049
757,57,255,757.272,188.184
758,64,255,861.344,189.297
759,49,255,999.867,187.765
760,73,255,1011.856,188.815
761,77,255,1399.058,189.448
762,92,255,1581.141,191.783
763,64,255,455.578,190.312
764,68,255,692.544,190.765
765,47,255,719.989,188.840
766,69,255,791.457,190.703
767,57,255,820.237,188.816
768,77,255,1099.890,189.201
769,55,255,1290.627,189.664
770,53,255,1335.009,188.858
771,176,255,234.972,193.807
772,95,255,274.058,192.479
773,68,255,296.647,191.015
774,46,255,396.022,189.783
775,36,255,635.611,189.500
776,48,255,735.042,189.875
777,58,255,23.672,190.241
778,94,255,356.809,192.032
779,54,255,1374.870,190.907
780,86,255,204.965,192.535
781,37,255,674.257,191.743
782,88,255,928.398,193.284
783,74,255,149.162,193.324
784,121,255,184.012,194.583
785,62,255,435.016,193.129
786,57,255,775.921,194.044
787,79,255,954.816,194.437
788,97,255,1126.026,195.036
789,89,255,41.624,195.298
790,102,255,92.627,195.422
791,51,255,260.049,194.480
792,24,255,1114.125,192.333
793,157,255,1218.213,195.857
794,43,255,1267.895,193.779
795,60,255,170.083,195.600
796,35,255,216.329,195.214
797,155,255,878.358,198.997
798,31,255,889.274,193.726
799,47,255,1036.479,194.926
800,46,255,1386.000,194.935
801,51,255,1531.324,195.029
802,56,255,427.696,196.982
803,91,255,479.676,199.753
804,131,255,972.202,197.485
805,102,255,1086.853,197.784
806,105,255,1471.833,197.852
807,65,255,1552.885,196.808
808,40,255,1597.225,196.475
809,148,255,10.453,202.014
810,71,255,633.754,197.472
811,95,255,811.332,200.500
812,58,255,993.172,197.138
813,65,255,1022.162,196.885
814,86,255,1141.291,198.209
815,63,255,1193.706,197.929
816,60,255,1201.450,197.433
817,47,255,1456.649,196.798
818,43,255,23.849,197.547
819,55,255,714.027,198.427
820,58,255,737.483,198.603
821,59,255,1157.534,198.059
822,97,255,1238.531,199.046
823,54,255,1337.056,198.019
824,54,255,1438.296,198.481
825,197,255,567.216,202.490
826,53,255,584.274,199.708
827,102,255,1055.902,200.647
828,25,255,1165.980,198.220
829,77,255,1485.279,199.344
830,92,255,161.826,202.674
831,105,255,328.481,202.471
832,51,255,364.696,200.284
833,89,255,653.107,201.556
834,22,255,723.409,198.591
835,40,255,1183.200,200.100
836,24,255,1311.333,199.333
837,94,255,1448.223,203.543
838,64,255,536.219,201.688
839,139,255,605.529,204.960
840,70,255,897.957,201.386
841,47,255,1279.798,200.543
842,71,255,1322.570,201.148
843,110,255,1408.436,203.009
844,36,255,384.556,201.833
845,75,255,840.860,202.380
846,22,255,1289.136,201.273
847,58,255,48.621,203.517
848,58,255,66.897,203.414
849,69,255,454.022,203.196
850,107,255,504.014,203.509
851,73,255,758.075,204.212
852,56,255,1108.339,201.839
853,147,255,1507.418,206.228
854,95,255,442.679,207.289
855,83,255,1523.006,205.319
856,98,255,276.184,206.408
857,90,255,396.289,206.933
858,134,255,724.425,210.022
859,104,255,776.250,205.423
860,105,255,821.700,207.471
861,137,255,861.259,208.427
862,114,255,912.368,205.939
863,49,255,1014.092,205.296
864,67,255,1338.948,205.724
865,63,255,1575.897,205.437
866,57,255,259.465,206.535
867,45,255,354.900,206.256
868,37,255,412.932,205.743
869,85,255,663.182,206.759
870,86,255,1037.791,206.314
871,77,255,470.110,208.227
872,127,255,589.343,209.878
873,157,255,700.882,210.825
874,78,255,1127.718,208.090
875,86,255,1228.244,208.884
876,103,255,1262.034,209.879
877,54,255,1549.444,206.370
878,95,255,1561.679,210.395
879,155,255,244.216,209.990
880,60,255,300.783,208.667
881,60,255,738.567,208.017
882,36,255,1480.611,207.417
883,99,255,1596.803,212.177
884,136,255,23.676,212.728
885,76,255,78.158,209.816
886,56,255,621.571,209.875
887,46,255,1214.217,209.326
888,68,255,1287.662,209.735
889,32,255,1465.469,208.406
890,102,255,57.873,213.539
891,134,255,371.813,212.187
892,69,255,541.094,210.906
893,58,255,949.276,209.741
894,37,255,986.419,210.257
895,64,255,1303.875,210.156
896,105,255,93.357,213.052
897,53,255,115.387,211.764
898,85,255,145.371,212.006
899,42,255,225.048,211.667
900,84,255,340.845,212.155
901,45,255,555.789,210.856
902,53,255,798.217,211.613
903,46,255,1102.130,210.391
904,87,255,514.580,213.580
905,68,255,678.191,213.250
906,92,255,1159.152,212.815
907,38,255,126.342,212.105
908,93,255,493.930,213.747
909,37,255,881.959,212.932
910,85,255,1111.888,215.194
911,89,255,312.298,215.275
912,70,255,994.829,214.157
913,38,255,1063.816,213.368
914,111,255,1375.653,213.923
915,70,255,1434.314,214.957
916,37,255,405.041,215.716
917,115,255,1128.439,217.787
918,52,255,1455.942,214.269
919,110,255,1578.800,217.200
920,53,255,42.274,216.028
921,70,255,631.371,216.657
922,79,255,938.804,216.854
923,100,255,959.010,216.930
924,34,255,978.118,215.353
925,86,255,1319.419,217.919
926,53,255,330.519,217.406
927,41,255,768.232,216.280
928,182,255,896.401,221.203
929,54,255,1025.444,217.463
930,40,255,1075.100,216.275
931,73,255,1245.514,216.884
932,54,255,1329.778,218.148
933,94,255,1341.936,219.149
934,189,255,1534.907,221.870
935,63,255,169.198,218.627
936,37,255,296.500,217.203
937,76,255,470.539,218.987
938,40,255,549.050,218.225
939,58,255,685.655,219.276
940,131,255,846.240,221.706
941,74,255,877.378,219.946
942,113,255,1188.827,222.208
943,87,255,1513.707,220.420
944,129,255,606.818,223.244
945,41,255,1052.744,218.963
946,97,255,1201.170,221.881
947,70,255,1305.171,218.900
948,34,255,1353.882,217.882
949,38,255,1498.895,219.158
950,20,255,73.750,218.400
951,56,255,1446.054,220.589
952,57,255,255.482,221.184
953,33,255,399.076,220.076
954,71,255,418.556,221.937
955,28,255,810.571,220.429
956,97,255,1036.057,222.644
957,69,255,1154.210,221.007
958,63,255,1418.706,221.294
959,143,255,1467.472,225.101
960,35,255,178.186,221.729
961,54,255,218.167,222.000
962,82,255,574.744,224.073
963,91,255,1006.654,223.654
964,22,255,31.182,221.682
965,116,255,205.353,224.362
966,51,255,450.049,223.951
967,71,255,654.768,223.937
968,120,255,912.983,226.017
969,98,255,1167.714,226.551
970,163,255,1265.794,228.236
971,72,255,1562.944,225.097
972,39,255,122.987,223.962
973,53,255,265.085,225.330
974,32,255,699.188,222.562
975,41,255,722.451,223.549
976,23,255,788.457,222.413
977,20,255,1296.550,223.200
978,45,255,1362.500,225.011
979,138,255,1382.696,227.043
980,134,255,67.007,228.985
981,152,255,288.151,228.618
982,54,255,328.741,225.426
983,73,255,432.938,226.349
984,75,255,857.487,226.300
985,37,255,976.905,223.446
986,48,255,50.854,225.854
987,148,255,1093.236,226.946
988,54,255,1219.130,226.000
989,64,255,18.141,227.109
990,89,255,107.208,227.961
991,105,255,362.976,229.862
992,64,255,459.703,228.500
993,59,255,624.229,227.466
994,86,255,756.291,228.860
995,32,255,563.000,227.000
996,125,255,637.396,231.988
997,31,255,1145.661,227.532
998,23,255,1211.065,226.761
999,92,255,1430.446,228.913
1000,61,255,1549.893,228.385
1001,40,255,1587.350,227.025
1002,38,255,134.605,227.816
1003,30,255,162.133,227.867
1004,60,255,482.383,229.267
1005,65,255,495.654,229.177
1006,61,255,706.975,229.664
1007,80,255,742.925,230.662
1008,22,255,1020.591,227.409
1009,31,255,396.629,229.468
1010,101,255,779.094,233.559
1011,45,255,1348.989,230.278
1012,48,255,1392.729,229.896
1013,71,255,174.261,231.387
1014,67,255,404.127,231.933
1015,58,255,539.741,230.655
1016,49,255,787.296,231.908
1017,73,255,804.801,232.226
1018,84,255,931.262,231.893
1019,50,255,1232.500,231.060
1020,68,255,1455.088,230.941
1021,45,255,38.256,231.522
1022,44,255,649.864,232.727
1023,123,255,826.362,235.598
1024,81,255,960.241,233.241
1025,87,255,1279.822,233.684
1026,55,255,1486.755,232.536
1027,85,255,193.112,234.900
1028,36,255,415.750,231.889
1029,50,255,973.940,232.640
1030,89,255,1052.567,233.556
1031,31,255,1412.081,231.952
1032,63,255,1579.865,233.754
1033,79,255,529.766,235.146
1034,102,255,618.980,236.147
1035,65,255,919.454,235.269
1036,114,255,1312.544,236.509
1037,93,255,154.177,236.306
1038,57,255,391.939,235.868
1039,71,255,4.359,237.486
1040,37,255,254.257,235.527
1041,25,255,438.460,234.620
1042,34,255,566.382,236.324
1043,44,255,591.886,236.023
1044,22,255,680.455,234.227
1045,148,255,876.027,239.777
1046,39,255,1213.808,235.808
1047,52,255,1223.750,236.615
1048,67,255,46.246,237.918
1049,123,255,238.663,238.533
1050,59,255,583.686,237.517
1051,46,255,600.543,236.957
1052,85,255,671.865,240.512
1053,51,255,722.186,238.186
1054,79,255,814.310,239.171
1055,173,255,1086.118,241.725
1056,91,255,1247.951,237.764
1057,66,255,1476.788,238.742
1058,128,255,1501.617,238.469
1059,120,255,1542.408,239.217
1060,72,255,1592.944,237.806
1061,114,255,123.816,241.632
1062,141,255,480.379,239.571
1063,41,255,658.232,238.720
1064,95,255,1129.953,240.258
1065,70,255,1563.457,238.886
1066,59,255,327.788,239.686
1067,32,255,1063.844,238.594
1068,32,255,1142.594,238.156
1069,86,255,1525.000,241.407
1070,101,255,297.985,242.252
1071,27,255,573.685,239.241
1072,99,255,941.086,241.783
1073,41,255,347.378,240.232
1074,95,255,1004.553,242.026
1075,134,255,1110.664,243.231
1076,93,255,1337.780,242.532
1077,67,255,26.978,242.530
1078,74,255,187.811,242.635
1079,57,255,276.026,242.395
1080,57,255,312.465,241.939
1081,47,255,415.883,241.862
1082,72,255,684.403,245.986
1083,73,255,705.390,242.719
1084,69,255,794.500,243.558
1085,67,255,863.246,243.231
1086,118,255,1034.881,243.619
1087,168,255,1360.071,244.125
1088,131,255,1399.134,244.424
1089,96,255,1414.625,243.156
1090,64,255,1514.844,243.875
1091,39,255,1572.551,241.936
1092,130,255,93.600,245.969
1093,36,255,173.250,241.694
1094,164,255,259.470,247.457
1095,88,255,365.057,244.489
1096,120,255,837.567,246.117
1097,59,255,853.280,244.517
1098,77,255,968.110,243.942
1099,44,255,1190.864,243.159
1100,87,255,224.362,245.316
1101,74,255,696.662,245.324
1102,69,255,1165.891,244.674
1103,110,255,436.218,245.436
1104,33,255,513.773,243.955
1105,63,255,754.738,245.849
1106,141,255,1017.883,248.060
1107,166,255,1297.964,249.193
1108,61,255,209.500,246.270
1109,67,255,387.873,247.187
1110,57,255,397.956,246.711
1111,73,255,503.733,247.171
1112,162,255,654.630,251.025
1113,79,255,1488.449,247.120
1114,68,255,19.015,248.059
1115,80,255,76.188,248.025
1116,79,255,163.867,248.589
1117,76,255,604.816,248.763
1118,46,255,900.283,246.913
1119,37,255,1198.689,246.311
1120,93,255,1272.543,248.898
1121,36,255,65.944,250.750
1122,58,255,334.741,249.138
1123,88,255,522.398,249.784
1124,96,255,740.948,250.552
1125,100,255,891.240,251.580
1126,29,255,1148.431,248.603
1127,80,255,1238.987,250.113
1128,59,255,3.229,250.297
1129,123,255,551.248,252.102
1130,30,255,1075.767,249.833
1131,181,255,1435.235,251.865
1132,109,255,1583.289,252.032
1133,55,255,475.809,251.500
1134,26,255,565.192,249.538
1135,64,255,620.391,251.422
1136,103,255,1123.927,252.257
1137,32,255,1156.062,250.438
1138,91,255,276.258,253.940
1139,31,255,415.726,250.177
1140,62,255,467.903,254.177
1141,64,255,577.219,253.094
1142,81,255,586.241,254.278
1143,71,255,1218.190,253.134
1144,86,255,154.628,254.477
1145,139,255,315.558,255.651
1146,78,255,845.974,254.962
1147,75,255,912.607,254.033
1148,96,255,245.656,257.177
1149,56,255,805.750,254.750
1150,87,255,1185.799,254.672
1151,51,255,198.500,255.500
1152,66,255,455.470,256.212
1153,57,255,708.518,255.061
1154,108,255,758.824,258.259
1155,95,255,960.742,255.984
1156,81,255,1253.722,255.080
1157,38,255,1568.868,254.684
1158,45,255,10.344,256.389
1159,72,255,104.208,257.764
1160,59,255,187.534,256.568
1161,49,255,672.990,255.173
1162,104,255,791.038,257.433
1163,114,255,931.737,256.877
1164,31,255,1358.435,254.823
1165,67,255,1417.366,257.216
1166,42,255,1472.071,256.333
1167,32,255,121.969,256.156
1168,61,255,136.811,257.533
1169,30,255,177.100,256.400
1170,129,255,987.826,260.213
1171,63,255,1164.278,258.262
1172,66,255,1384.121,258.152
1173,59,255,1481.008,256.669
1174,96,255,1595.750,259.521
1175,49,255,408.724,258.255
1176,121,255,442.450,261.657
1177,36,255,1334.306,257.667
1178,80,255,210.900,260.113
1179,134,255,623.097,262.821
1180,124,255,640.548,260.976
1181,64,255,735.172,259.891
1182,76,255,901.039,260.105
1183,111,255,1561.815,260.662
1184,58,255,813.000,260.638
1185,46,255,1148.543,260.043
1186,83,255,1373.536,261.813
1187,63,255,1461.563,260.548
1188,68,255,234.471,261.618
1189,97,255,291.954,262.747
1190,109,255,721.014,263.417
1191,74,255,1508.865,262.000
1192,81,255,70.364,263.253
1193,35,255,463.414,261.414
1194,87,255,535.948,263.718
1195,28,255,668.857,262.000
1196,98,255,1040.929,262.806
1197,51,255,610.559,263.853
1198,115,255,1087.657,265.335
1199,104,255,1102.692,264.442
1200,23,255,1210.891,262.022
1201,55,255,1236.445,262.864
1202,118,255,1314.203,264.864
1203,26,255,1349.731,262.385
1204,24,255,261.833,262.625
1205,38,255,341.421,264.237
1206,87,255,383.144,265.615
1207,75,255,394.700,265.433
1208,81,255,418.796,265.599
1209,49,255,708.153,263.786
1210,76,255,1176.171,264.526
1211,27,255,1426.056,262.574
1212,105,255,1440.148,266.424
1213,71,255,1534.430,265.810
1214,129,255,43.221,268.407
1215,59,255,54.449,265.619
1216,78,255,173.923,265.436
1217,63,255,331.310,265.706
1218,75,255,509.913,267.767
1219,42,255,694.976,265.095
1220,31,255,908.468,264.048
1221,161,255,1023.835,266.767
1222,88,255,1130.216,266.739
1223,54,255,1359.833,264.648
1224,135,255,1395.300,268.678
1225,52,255,97.000,266.673
1226,68,255,840.250,268.015
1227,76,255,973.224,267.579
1228,47,255,1248.755,266.500
1229,101,255,121.391,268.995
1230,53,255,156.500,266.575
1231,35,255,475.929,266.957
1232,89,255,558.320,269.051
1233,80,255,675.225,269.488
1234,77,255,1330.474,268.058
1235,46,255,83.565,267.500
1236,127,255,580.358,271.083
1237,73,255,596.048,268.596
1238,87,255,863.098,269.213
1239,29,255,1196.534,267.914
1240,39,255,1228.397,269.474
1241,134,255,1518.082,273.164
1242,90,255,659.078,271.589
1243,138,255,768.565,273.000
1244,104,255,925.221,272.010
1245,46,255,947.696,269.087
1246,55,255,1072.100,269.827
1247,50,255,1146.580,270.200
1248,127,255,1421.067,271.406
1249,95,255,1551.026,271.942
1250,26,255,2.385,269.846
1251,53,255,807.953,271.066
1252,44,255,963.682,271.545
1253,68,255,1004.956,271.824
1254,75,255,1574.807,272.300
1255,71,255,29.528,272.514
1256,110,255,217.282,274.091
1257,52,255,291.154,272.769
1258,60,255,349.183,272.567
1259,61,255,685.156,273.320
1260,38,255,1060.368,272.342
1261,129,255,1472.306,273.453
1262,148,255,1497.757,273.270
1263,79,255,92.829,275.032
1264,68,255,105.779,273.529
1265,60,255,160.633,273.917
1266,127,255,246.744,276.287
1267,54,255,467.278,273.204
1268,80,255,546.263,274.587
1269,163,255,786.132,276.574
1270,105,255,820.938,275.529
1271,67,255,1047.366,273.813
1272,52,255,1118.635,273.558
1273,199,255,1453.239,277.068
1274,70,255,618.229,276.129
1275,82,255,881.037,275.061
1276,94,255,944.128,277.521
1277,76,255,1296.092,274.513
1278,24,255,1407.375,273.167
1279,71,255,318.387,275.725
1280,60,255,607.283,275.717
1281,82,255,1160.963,276.146
1282,57,255,150.272,277.272
1283,45,255,525.056,275.567
1284,71,255,1178.063,276.190
1285,68,255,1595.368,276.088
1286,99,255,72.732,280.520
1287,113,255,365.323,280.438
1288,120,255,1129.392,279.675
1289,118,255,1343.017,280.178
1290,75,255,9.727,279.473
1291,56,255,588.286,279.107
1292,75,255,649.393,279.713
1293,45,255,750.633,277.944
1294,109,255,895.885,280.069
1295,154,255,1202.065,281.552
1296,56,255,1215.071,278.375
1297,139,255,1275.687,280.939
1298,57,255,190.728,278.939
1299,85,255,262.700,280.182
1300,39,255,300.500,278.192
1301,98,255,1247.173,280.531
1302,66,255,331.682,280.591
1303,49,255,694.316,279.969
1304,82,255,909.805,281.146
1305,43,255,990.035,280.314
1306,118,255,28.864,281.153
1307,44,255,308.295,281.750
1308,73,255,531.856,281.267
1309,49,255,567.378,281.071
1310,20,255,1055.000,279.800
1311,71,255,51.303,283.458
1312,71,255,236.387,283.092
1313,74,255,414.676,283.189
1314,34,255,512.324,280.324
1315,106,255,803.981,284.981
1316,65,255,864.685,282.300
1317,34,255,1095.176,281.412
1318,43,255,1263.035,281.919
1319,85,255,1291.629,284.029
1320,151,255,1327.175,286.811
1321,159,255,1581.852,285.871
1322,57,255,283.553,282.728
1323,59,255,742.229,284.314
1324,119,255,1432.181,286.996
1325,89,255,1561.556,284.208
1326,77,255,120.695,284.565
1327,66,255,354.742,284.742
1328,65,255,734.054,284.562
1329,106,255,1013.019,287.113
1330,73,255,1103.075,285.911
1331,94,255,1379.574,287.830
1332,63,255,483.468,286.183
1333,45,255,494.078,285.167
1334,62,255,840.806,285.210
1335,113,255,188.942,289.190
1336,89,255,627.174,289.410
1337,28,255,816.571,285.643
1338,42,255,849.119,286.429
1339,56,255,1002.375,286.375
1340,79,255,1145.892,287.222
1341,86,255,1187.814,287.674
1342,44,255,559.614,286.955
1343,82,255,599.085,288.256
1344,85,255,982.088,288.500
1345,56,255,1045.946,287.054
1346,61,255,1511.795,287.172
1347,68,255,1527.515,287.382
1348,102,255,108.637,290.559
1349,103,255,437.985,288.316
1350,86,255,472.977,289.442
1351,126,255,937.246,289.643
1352,60,255,1490.667,288.000
1353,53,255,146.387,289.500
1354,101,255,167.708,290.896
1355,113,255,213.739,294.757
1356,42,255,388.214,289.143
1357,72,255,518.708,289.694
1358,79,255,1032.652,290.956
1359,136,255,1546.757,292.044
1360,173,255,672.130,294.737
1361,126,255,1066.746,293.476
1362,132,255,137.371,294.136
1363,22,255,274.091,291.045
1364,78,255,707.705,293.179
1365,20,255,1164.400,289.800
1366,80,255,1388.912,293.738
1367,68,255,1416.824,292.044
1368,80,255,9.438,293.012
1369,67,255,314.067,292.336
1370,57,255,643.553,292.447
1371,62,255,1022.274,293.339
1372,82,255,203.695,294.488
1373,77,255,283.487,294.877
1374,75,255,397.247,294.953
1375,126,255,530.024,296.754
1376,65,255,996.608,294.423
1377,38,255,1052.605,293.842
1378,74,255,1092.946,295.081
1379,139,255,1234.335,295.205
1380,74,255,1367.486,294.676
1381,97,255,411.015,295.160
1382,159,255,888.242,298.261
1383,82,255,1176.122,295.756
1384,40,255,49.325,294.525
1385,78,255,426.231,296.654
1386,181,255,693.097,299.472
1387,86,255,786.000,296.000
1388,86,255,1399.837,296.791
1389,87,255,1449.213,295.787
1390,73,255,1478.733,296.144
1391,71,255,1515.063,294.965
1392,69,255,296.471,296.703
1393,49,255,384.500,296.786
1394,97,255,493.851,298.407
1395,61,255,715.287,297.057
1396,45,255,801.322,295.922
1397,71,255,823.768,296.528
1398,40,255,567.175,296.525
1399,101,255,761.757,298.381
1400,87,255,975.408,298.511
1401,55,255,1101.082,297.264
1402,23,255,1273.630,295.674
1403,66,255,1566.212,297.182
1404,31,255,158.790,297.694
1405,33,255,335.924,297.591
1406,46,255,346.717,297.652
1407,122,255,544.877,302.164
1408,70,255,590.471,298.714
1409,62,255,734.823,298.806
1410,78,255,849.910,299.910
1411,68,255,1136.074,298.515
1412,81,255,40.080,300.093
1413,29,255,558.224,297.914
1414,116,255,868.776,304.052
1415,58,255,1044.362,299.810
1416,82,255,509.707,301.805
1417,118,255,1489.144,302.322
1418,126,255,238.484,302.833
1419,82,255,447.378,302.317
1420,67,255,477.709,301.515
1421,21,255,617.976,298.881
1422,76,255,901.079,302.882
1423,121,255,912.897,304.128
1424,77,255,937.292,301.409
1425,107,255,1076.117,302.603
1426,69,255,1115.587,301.225
1427,20,255,1500.150,299.950
1428,54,255,1534.204,301.370
1429,152,255,101.355,306.349
1430,107,255,464.930,304.360
1431,45,255,839.211,301.989
1432,40,255,966.675,301.075
1433,41,255,1164.744,301.305
1434,88,255,1224.693,304.068
1435,47,255,128.947,302.436
1436,39,255,796.910,302.833
1437,72,255,1260.069,302.653
1438,51,255,1283.500,302.500
1439,49,255,1406.337,304.704
1440,37,255,57.095,303.203
1441,94,255,583.319,307.457
1442,78,255,747.244,306.077
1443,52,255,1126.904,303.981
1444,48,255,1341.167,303.625
1445,93,255,20.339,305.758
1446,42,255,396.000,303.905
1447,75,255,438.353,306.740
1448,45,255,830.367,305.744
1449,53,255,1361.481,305.443
1450,64,255,1582.625,305.062
1451,89,255,77.006,306.781
1452,83,255,563.946,305.825
1453,96,255,1296.396,309.146
1454,44,255,163.523,306.841
1455,140,255,371.364,308.864
1456,102,255,1202.059,308.686
1457,56,255,1514.000,307.000
1458,80,255,141.525,308.488
1459,55,255,318.227,308.555
1460,27,255,612.981,307.796
1461,117,255,1575.944,313.483
1462,68,255,173.515,310.971
1463,97,255,216.799,312.799
1464,118,255,518.822,312.076
1465,56,255,822.911,309.625
1466,87,255,926.626,311.121
1467,36,255,986.000,309.167
1468,66,255,1268.364,310.394
1469,67,255,1469.321,309.619
1470,59,255,632.364,310.602
1471,62,255,642.968,311.355
1472,53,255,727.877,310.085
1473,79,255,1100.006,310.829
1474,85,255,1238.194,312.218
1475,57,255,1596.991,310.605
1476,87,255,57.029,312.707
1477,103,255,116.461,314.131
1478,69,255,253.326,311.225
1479,58,255,308.759,311.845
1480,115,255,340.274,314.804
1481,108,255,353.630,313.778
1482,113,255,493.659,313.111
1483,128,255,783.430,313.391
1484,65,255,942.223,311.715
1485,32,255,1278.594,310.188
1486,61,255,1313.730,312.303
1487,112,255,1548.670,313.196
1488,101,255,1353.282,313.302
1489,68,255,36.632,313.191
1490,66,255,398.864,313.591
1491,73,255,670.432,314.144
1492,130,255,1184.508,316.792
1493,139,255,1427.018,314.450
1494,112,255,1496.670,314.884
1495,38,255,165.632,313.842
1496,50,255,606.940,314.580
1497,37,255,808.905,313.149
1498,70,255,882.629,315.086
1499,67,255,1058.455,314.007
1500,89,255,1154.343,315.174
1501,112,255,1370.473,316.482
1502,118,255,1443.000,316.305
1503,61,255,1480.959,314.418
1504,98,255,72.418,315.796
1505,104,255,292.317,316.615
1506,132,255,710.061,318.462
1507,41,255,796.915,315.354
1508,56,255,1125.786,315.000
1509,144,255,1251.201,317.986
1510,43,255,1532.942,314.151
1511,61,255,245.828,316.598
1512,55,255,450.736,315.718
1513,75,255,471.567,317.020
1514,59,255,539.093,315.856
1515,30,255,752.767,315.800
1516,125,255,1027.764,319.476
1517,45,255,1114.278,315.900
1518,50,255,1171.740,316.440
1519,51,255,769.578,317.108
1520,169,255,1394.399,319.488
1521,31,255,1588.081,316.048
1522,62,255,27.484,318.597
1523,121,255,12.136,320.434
1524,47,255,198.245,318.628
1525,26,255,226.808,317.846
1526,100,255,568.340,320.060
1527,127,255,646.035,322.193
1528,89,255,1072.567,319.522
1529,74,255,1226.581,320.081
1530,83,255,1559.849,320.367
1531,50,255,443.940,320.820
1532,36,255,838.417,319.806
1533,99,255,1325.702,322.227
1534,27,255,1340.352,319.204
1535,63,255,124.722,322.437
1536,157,255,381.697,326.729
1537,24,255,463.042,321.042
1538,148,255,628.730,324.419
1539,48,255,689.438,322.062
1540,156,255,1039.353,326.583
1541,29,255,189.362,322.086
1542,54,255,254.907,323.148
1543,102,255,267.569,324.853
1544,50,255,397.180,323.140
1545,115,255,972.613,323.230
1546,102,255,1010.931,325.020
1547,61,255,1106.549,322.664
1548,26,255,1518.500,322.231
1549,23,255,361.065,322.587
1550,20,255,409.100,322.550
1551,45,255,679.322,324.633
1552,62,255,805.871,323.935
1553,106,255,957.962,326.594
1554,104,255,1141.712,325.038
1555,60,255,1488.467,324.667
1556,114,255,282.711,327.000
1557,66,255,306.242,325.985
1558,114,255,493.754,327.579
1559,109,255,550.454,327.298
1560,70,255,859.943,326.514
1561,54,255,1001.704,325.444
1562,140,255,1279.486,327.929
1563,104,255,1296.375,328.250
1564,103,255,1409.092,327.850
1565,58,255,1510.121,325.207
1566,31,255,330.081,325.274
1567,47,255,1161.798,326.691
1568,49,255,1307.724,325.888
1569,41,255,202.695,327.159
1570,49,255,322.867,327.398
1571,88,255,882.807,329.489
1572,118,255,1123.542,328.305
1573,65,255,222.715,327.623
1574,146,255,422.178,331.705
1575,85,255,509.159,329.065
1576,56,255,775.964,328.804
1577,75,255,1067.687,327.847
1578,149,255,100.782,331.547
1579,62,255,404.484,328.887
1580,43,255,587.570,328.965
1581,76,255,696.263,331.158
1582,115,255,717.604,332.683
1583,115,255,839.239,331.283
1584,69,255,903.254,329.616
1585,90,255,937.167,330.444
1586,73,255,1434.377,329.363
1587,72,255,1522.667,329.833
1588,165,255,46.518,332.694
1589,162,255,153.352,332.784
1590,30,255,187.300,328.700
1591,105,255,755.938,331.548
1592,56,255,1367.286,329.696
1593,58,255,173.603,331.638
1594,29,255,815.086,329.914
1595,27,255,873.944,330.574
1596,26,255,1180.577,330.577
1597,55,255,1559.227,331.482
1598,82,255,238.744,334.341
1599,116,255,568.793,336.345
1600,42,255,866.976,332.357
1601,30,255,1267.467,331.100
1602,84,255,1503.690,333.869
1603,22,255,26.636,331.500
1604,69,255,340.109,334.080
1605,75,255,443.353,333.540
1606,79,255,1093.095,332.994
1607,131,255,1199.492,335.294
1608,50,255,1336.040,333.140
1609,106,255,1471.038,334.660
1610,106,255,1543.896,337.557
1611,107,255,132.808,336.079
1612,63,255,250.183,334.516
1613,26,255,578.500,333.000
1614,57,255,947.447,335.430
1615,60,255,1460.267,334.600
1616,58,255,122.638,335.310
1617,50,255,452.280,335.000
1618,165,255,799.191,337.967
1619,60,255,966.883,335.383
1620,140,255,984.907,339.536
1621,33,255,1213.682,334.409
1622,116,255,80.905,337.302
1623,36,255,180.889,335.833
1624,99,255,672.641,338.712
1625,44,255,686.773,336.091
1626,40,255,824.675,335.625
1627,61,255,2.385,339.320
1628,83,255,193.970,338.030
1629,67,255,913.560,337.231
1630,104,255,1104.212,338.510
1631,82,255,1349.415,337.695
1632,75,255,1383.527,338.740
1633,53,255,474.368,338.236
1634,115,255,546.622,339.030
1635,76,255,1164.211,338.237
1636,53,255,1371.745,339.330
1637,62,255,1444.565,338.532
1638,83,255,386.331,340.584
1639,66,255,488.894,339.455
1640,24,255,736.792,337.417
1641,101,255,1268.371,341.490
1642,75,255,1315.353,339.820
1643,88,255,20.295,342.284
1644,27,255,282.907,338.426
1645,71,255,397.782,341.035
1646,61,255,1219.500,340.648
1647,94,255,1588.436,341.319
1648,44,255,644.205,340.568
1649,32,255,893.656,340.031
1650,43,255,1146.523,339.849
1651,135,255,222.633,344.767
1652,85,255,611.512,342.429
1653,121,255,1082.087,345.145
1654,47,255,165.777,342.691
1655,106,255,341.642,344.557
1656,72,255,464.208,344.319
1657,72,255,703.194,343.750
1658,137,255,770.485,345.011
1659,84,255,1001.929,345.548
1660,137,255,1325.026,346.339
1661,154,255,1432.130,347.110
1662,69,255,1483.500,344.123
1663,77,255,252.331,344.110
1664,85,255,313.547,344.771
1665,60,255,415.700,344.400
1666,52,255,450.308,344.250
1667,90,255,729.867,346.622
1668,22,255,1012.409,342.409
1669,110,255,1178.055,345.882
1670,55,255,1204.427,344.064
1671,51,255,598.775,345.225
1672,101,255,918.599,346.936
1673,107,255,1122.322,346.640
1674,162,255,1398.154,347.111
1675,71,255,52.401,346.331
1676,74,255,504.500,347.365
1677,100,255,742.920,348.950
1678,52,255,831.115,346.019
1679,33,255,868.227,345.045
1680,45,255,1028.056,346.011
1681,77,255,1358.344,347.240
1682,170,255,97.341,349.959
1683,69,255,517.065,348.181
1684,62,255,844.710,347.355
1685,63,255,877.944,347.103
1686,55,255,1260.609,347.409
1687,47,255,190.819,347.521
1688,49,255,267.520,348.541
1689,65,255,528.208,348.900
1690,104,255,638.221,350.173
1691,32,255,1139.062,347.219
1692,81,255,1562.772,349.241
1693,46,255,12.196,349.283
1694,81,255,66.290,349.414
1695,150,255,365.300,352.333
1696,123,255,481.646,350.996
1697,144,255,623.118,351.847
1698,59,255,660.415,349.263
1699,75,255,856.367,350.327
1700,44,255,1470.955,348.159
1701,21,255,29.881,348.548
1702,71,255,177.120,349.951
1703,78,255,239.667,351.551
1704,113,255,324.102,351.898
1705,49,255,554.255,350.745
1706,58,255,682.155,350.034
1707,30,255,953.100,349.533
1708,70,255,963.457,350.629
1709,20,255,1053.100,349.250
1710,49,255,1290.337,349.847
1711,125,255,280.756,353.876
1712,41,255,295.915,350.305
1713,51,255,539.990,351.167
1714,76,255,795.513,352.382
1715,50,255,932.100,351.440
1716,151,255,1157.639,353.626
1717,118,255,1493.144,353.729
1718,95,255,77.658,354.268
1719,66,255,131.470,352.439
1720,79,255,694.487,353.323
1721,73,255,1233.075,352.377
1722,50,255,1378.060,352.140
1723,47,255,119.394,353.670
1724,57,255,1518.395,353.219
1725,96,255,146.146,355.615
1726,66,255,164.712,354.470
1727,84,255,563.274,356.036
1728,108,255,584.713,356.426
1729,56,255,945.375,354.625
1730,70,255,1033.371,354.486
1731,64,255,1068.828,354.219
1732,49,255,1092.071,353.827
1733,78,255,1535.987,354.705
1734,142,255,416.162,359.634
1735,43,255,445.081,354.477
1736,75,255,808.713,356.327
1737,28,255,865.536,354.071
1738,64,255,994.953,355.453
1739,72,255,1298.250,355.514
1740,116,255,1368.862,358.233
1741,80,255,1553.575,356.325
1742,38,255,39.737,355.500
1743,127,255,838.744,357.461
1744,36,255,1014.222,355.611
1745,48,255,1176.333,354.812
1746,90,255,1341.178,358.144
1747,53,255,1507.104,356.349
1748,60,255,351.667,357.283
1749,33,255,428.136,356.076
1750,72,255,466.069,357.736
1751,174,255,894.305,360.483
1752,72,255,912.736,357.667
1753,26,255,1142.615,355.654
1754,112,255,1449.179,360.366
1755,114,255,1475.614,359.921
1756,117,255,1574.449,358.748
1757,35,255,401.786,357.357
1758,39,255,666.090,357.628
1759,26,255,675.500,357.000
1760,152,255,1242.500,362.276
1761,51,255,196.775,359.696
1762,72,255,776.639,359.736
1763,57,255,816.921,358.711
1764,68,255,936.941,359.941
1765,69,255,1200.254,359.804
1766,124,255,220.331,361.250
1767,48,255,436.021,360.333
1768,66,255,606.197,360.530
1769,139,255,750.032,364.155
1770,57,255,1515.044,360.237
1771,38,255,234.289,360.605
1772,100,255,388.400,363.290
1773,71,255,524.176,361.162
1774,41,255,645.354,360.988
1775,30,255,724.533,360.800
1776,123,255,1048.142,364.159
1777,46,255,1459.587,360.500
1778,102,255,859.343,362.706
1779,26,255,1134.731,361.500
1780,85,255,1350.512,362.994
1781,35,255,1394.729,360.929
1782,54,255,1594.778,362.093
1783,38,255,15.184,362.526
1784,83,255,64.500,364.331
1785,51,255,704.088,362.971
1786,52,255,1074.288,362.558
1787,92,255,1257.935,364.022
1788,75,255,1416.313,364.327
1789,31,255,137.210,363.048
1790,81,255,263.056,365.043
1791,109,255,1215.399,365.381
1792,81,255,1319.006,365.537
1793,57,255,6.096,365.518
1794,44,255,123.659,363.909
1795,72,255,246.167,366.194
1796,42,255,375.333,365.452
1797,71,255,495.613,366.669
1798,54,255,987.500,365.000
1799,71,255,1022.275,366.063
1800,79,255,1166.728,366.272
1801,171,255,44.196,370.518
1802,159,255,447.563,370.387
1803,75,255,1008.700,366.633
1804,132,255,1275.144,367.765
1805,51,255,1306.324,366.520
1806,67,255,81.037,367.052
1807,216,255,155.222,372.556
1808,32,255,191.219,366.281
1809,46,255,364.500,367.413
1810,101,255,687.797,369.629
1811,64,255,1293.516,368.000
1812,40,255,1582.525,366.950
1813,73,255,179.856,368.377
1814,64,255,334.688,368.359
1815,80,255,470.650,369.087
1816,44,255,508.182,367.977
1817,142,255,554.296,371.007
1818,34,255,623.088,368.029
1819,58,255,646.983,368.569
1820,59,255,712.771,369.025
1821,200,255,767.535,375.145
1822,26,255,1114.808,366.962
1823,81,255,303.327,371.167
1824,119,255,567.853,373.223
1825,110,255,587.536,371.018
1826,77,255,658.084,370.032
1827,110,255,829.309,371.073
1828,71,255,959.556,369.458
1829,96,255,1188.375,370.667
1830,141,255,350.422,372.337
1831,37,255,915.554,368.959
1832,64,255,1335.703,370.812
1833,20,255,1.650,370.900
1834,89,255,25.590,372.253
1835,70,255,284.029,371.314
1836,63,255,403.468,371.437
1837,39,255,1073.038,370.115
1838,132,255,1391.583,371.985
1839,80,255,1565.175,372.262
1840,70,255,1588.671,371.871
1841,25,255,57.940,370.700
1842,30,255,116.000,370.700
1843,58,255,210.103,371.259
1844,60,255,519.183,372.050
1845,57,255,939.868,371.833
1846,51,255,970.775,372.265
1847,99,255,1091.328,373.278
1848,144,255,1441.132,376.132
1849,24,255,929.708,372.167
1850,120,255,1371.758,375.233
1851,78,255,1501.897,373.436
1852,87,255,1530.098,373.833
1853,71,255,192.049,375.162
1854,96,255,809.969,376.250
1855,73,255,1106.404,374.459
1856,34,255,1248.559,373.824
1857,51,255,1343.343,374.814
1858,109,255,323.830,376.472
1859,66,255,394.970,377.212
1860,94,255,792.457,378.234
1861,85,255,1222.712,375.994
1862,78,255,880.423,376.718
1863,23,255,894.978,374.978
1864,119,255,996.374,376.441
1865,104,255,226.087,379.135
1866,31,255,381.952,376.081
1867,32,255,1302.844,375.656
1868,49,255,1405.745,377.296
1869,83,255,1491.271,379.934
1870,140,255,1549.764,379.371
1871,52,255,733.827,377.481
1872,51,255,251.637,379.363
1873,86,255,681.186,379.640
1874,40,255,822.175,378.700
1875,103,255,906.772,380.393
1876,27,255,979.426,377.907
1877,43,255,1068.919,378.453
1878,108,255,1416.176,380.491
1879,46,255,1521.348,379.196
1880,42,255,13.571,379.548
1881,85,255,78.124,382.676
1882,38,255,128.500,380.526
1883,57,255,171.114,380.061
1884,97,255,289.345,382.108
1885,21,255,363.357,378.500
1886,64,255,497.859,381.172
1887,25,255,579.260,378.900
1888,32,255,621.562,378.375
1889,67,255,859.858,380.664
1890,77,255,112.747,384.019
1891,130,255,140.238,385.062
1892,51,255,203.500,380.559
1893,90,255,514.567,383.400
1894,55,255,525.227,381.191
1895,58,255,710.414,380.810
1896,91,255,1075.214,384.379
1897,106,255,1150.000,382.717
1898,112,255,1167.732,383.679
1899,67,255,1233.500,381.500
1900,85,255,1293.547,382.288
1901,104,255,541.298,384.269
1902,86,255,1038.291,383.814
1903,128,255,1278.023,384.953
1904,130,255,646.438,386.269
1905,53,255,872.160,382.500
1906,39,255,918.244,382.526
1907,58,255,1047.328,383.517
1908,28,255,241.464,382.929
1909,56,255,942.571,383.536
1910,195,255,1126.356,387.659
1911,27,255,314.093,383.759
1912,133,255,423.861,388.229
1913,62,255,457.742,385.790
1914,26,255,743.038,383.346
1915,71,255,928.585,385.768
1916,49,255,959.663,384.296
1917,21,255,972.262,383.690
1918,20,255,992.350,384.200
1919,55,255,1018.645,384.755
1920,53,255,1244.085,385.085
1921,63,255,471.262,386.103
1922,60,255,1322.883,386.167
1923,50,255,1468.640,385.260
1924,88,255,1512.443,387.239
1925,81,255,1561.130,386.846
1926,56,255,334.571,386.732
1927,89,255,352.489,389.051
1928,51,255,384.775,387.225
1929,26,255,622.269,386.000
1930,45,255,838.211,386.700
1931,46,255,367.130,387.957
1932,44,255,606.818,387.818
1933,72,255,1103.569,388.472
1934,67,255,1450.485,388.709
1935,63,255,572.437,388.976
1936,43,255,590.802,388.756
1937,31,255,715.758,388.306
1938,100,255,731.490,391.490
1939,24,255,755.500,387.625
1940,81,255,888.216,390.031
1941,54,255,1062.815,389.000
1942,31,255,1140.823,388.371
1943,67,255,1196.948,388.843
1944,163,255,1406.071,393.899
1945,68,255,13.088,390.309
1946,86,255,85.860,391.733
1947,51,255,227.794,389.637
1948,79,255,263.551,391.006
1949,81,255,1091.870,391.611
1950,61,255,1380.680,389.926
1951,46,255,102.130,390.609
1952,28,255,155.571,389.357
1953,83,255,694.488,390.717
1954,22,255,819.591,389.409
1955,73,255,898.308,391.500
1956,56,255,996.125,391.054
1957,47,255,1044.138,391.372
1958,132,255,1211.447,393.462
1959,84,255,282.940,393.083
1960,52,255,305.538,391.558
1961,104,255,319.279,393.846
1962,101,255,668.332,392.233
1963,46,255,970.370,392.022
1964,91,255,1541.049,393.401
1965,134,255,61.403,395.679
1966,123,255,443.654,395.768
1967,31,255,478.500,392.435
1968,148,255,855.676,397.081
1969,79,255,1021.146,393.184
1970,76,255,1422.316,394.026
1971,56,255,1473.232,392.964
1972,85,255,43.606,393.665
1973,86,255,171.919,395.814
1974,50,255,554.880,394.160
1975,92,255,625.826,396.402
1976,64,255,746.562,394.234
1977,86,255,829.407,395.581
1978,172,255,943.878,398.169
1979,70,255,1260.800,393.814
1980,96,255,1581.365,394.948
1981,86,255,2.814,400.233
1982,34,255,360.912,394.618
1983,67,255,490.709,395.351
1984,51,255,546.461,395.186
1985,81,255,768.031,396.228
1986,102,255,1147.725,395.029
1987,62,255,1247.484,395.806
1988,52,255,388.038,396.769
1989,57,255,412.675,395.939
1990,83,255,653.524,396.777
1991,47,255,707.351,395.564
1992,56,255,1486.536,397.089
1993,110,255,152.264,398.864
1994,55,255,333.827,396.936
1995,74,255,591.986,398.743
1996,62,255,874.097,396.694
1997,153,255,1319.788,399.265
1998,80,255,1499.200,398.012
1999,93,255,208.543,399.478
2000,45,255,239.544,398.367
2001,106,255,500.811,400.057
2002,113,255,529.863,399.013
2003,21,255,581.833,396.643
2004,55,255,1188.427,398.009
2005,86,255,1299.814,399.267
2006,88,255,1361.102,398.761
2007,75,255,17.020,399.340
2008,89,255,123.961,399.815
2009,155,255,189.532,401.358
2010,72,255,457.917,399.736
2011,40,255,839.575,398.875
2012,81,255,978.611,400.241
2013,89,255,1233.736,399.579
2014,96,255,1269.365,400.958
2015,103,255,1386.403,401.607
2016,43,255,222.895,399.523
2017,39,255,611.269,399.500
2018,69,255,1005.486,400.935
2019,44,255,1067.091,399.614
2020,71,255,1167.120,400.134
2021,65,255,1595.331,401.115
2022,52,255,376.885,401.038
2023,51,255,816.382,401.480
2024,37,255,965.500,400.014
2025,46,255,1088.065,400.130
2026,59,255,1570.076,401.381
2027,75,255,43.380,402.033
2028,40,255,269.425,401.550
2029,118,255,477.271,402.814
2030,33,255,600.076,400.924
2031,98,255,800.051,404.796
2032,38,255,881.579,401.553
2033,161,255,1108.537,404.059
2034,42,255,1201.571,401.643
2035,131,255,1346.294,405.248
2036,134,255,293.709,405.940
2037,22,255,366.818,401.773
2038,168,255,637.583,409.024
2039,56,255,521.089,405.411
2040,38,255,772.211,403.474
2041,27,255,1130.907,403.241
2042,93,255,348.554,404.962
2043,54,255,678.593,404.852
2044,37,255,702.878,404.176
2045,65,255,756.577,405.008
2046,71,255,1034.880,405.528
2047,35,255,1336.671,404.386
2048,109,255,309.968,407.216
2049,66,255,382.773,407.864
2050,75,255,1076.740,407.540
2051,103,255,1142.976,408.248
2052,80,255,1483.688,406.637
2053,142,255,105.070,408.986
2054,82,255,139.146,407.390
2055,48,255,227.542,407.042
2056,66,255,417.576,407.424
2057,60,255,1172.450,407.450
2058,64,255,1449.156,407.531
2059,89,255,1504.983,408.062
2060,59,255,1537.398,407.076
2061,20,255,1551.650,405.050
2062,32,255,258.219,407.844
2063,47,255,462.564,407.777
2064,55,255,874.827,408.318
2065,76,255,926.882,409.974
2066,107,255,245.621,412.341
2067,85,255,403.924,409.865
2068,29,255,616.086,407.224
2069,52,255,715.327,409.250
2070,46,255,891.152,408.239
2071,56,255,958.946,409.000
2072,30,255,1275.967,408.800
2073,70,255,1460.243,410.114
2074,104,255,122.240,410.971
2075,73,255,216.240,410.541
2076,99,255,507.449,411.803
2077,78,255,726.397,411.077
2078,120,255,559.767,414.225
2079,52,255,915.462,411.058
2080,54,255,1018.870,410.759
2081,76,255,1053.276,410.434
2082,60,255,1576.817,410.633
2083,64,255,23.125,412.562
2084,66,255,328.197,412.500
2085,62,255,670.726,412.323
2086,87,255,855.994,413.305
2087,139,255,1119.896,414.910
2088,24,255,655.833,411.375
2089,125,255,818.692,415.628
2090,71,255,1010.500,413.852
2091,142,255,1310.908,415.592
2092,100,255,1369.190,414.440
2093,58,255,1438.759,412.845
2094,66,255,7.182,414.303
2095,86,255,82.616,414.930
2096,46,255,253.913,413.913
2097,57,255,336.833,414.167
2098,60,255,744.267,414.883
2099,61,255,969.730,414.336
2100,71,255,1070.134,415.430
2101,57,255,64.447,415.570
2102,97,255,534.912,415.871
2103,47,255,831.415,414.649
2104,92,255,1244.576,416.043
2105,51,255,1406.167,414.931
2106,60,255,1510.333,415.300
2107,154,255,1565.916,418.591
2108,153,255,597.356,420.042
2109,40,255,1089.625,415.600
2110,65,255,1331.254,416.115
2111,31,255,1547.274,415.274
2112,100,255,272.870,418.670
2113,76,255,781.211,418.092
2114,56,255,933.125,416.607
2115,78,255,1205.718,418.128
2116,61,255,1528.648,417.615
2117,79,255,97.095,418.627
2118,35,255,733.186,418.271
2119,59,255,752.263,418.924
2120,50,255,895.140,417.960
2121,23,255,1152.630,417.457
2122,84,255,1191.619,419.940
2123,43,255,1216.244,417.686
2124,21,255,398.119,417.500
2125,109,255,436.674,420.693
2126,84,255,976.750,419.750
2127,61,255,1176.648,418.959
2128,79,255,1282.133,419.867
2129,50,255,1392.820,418.480
2130,95,255,313.426,421.374
2131,149,255,625.003,422.688
2132,118,255,704.661,422.814
2133,80,255,1589.688,421.225
2134,60,255,51.850,421.950
2135,59,255,192.653,421.347
2136,92,255,843.087,421.989
2137,51,255,1439.422,419.951
2138,27,255,1463.204,420.019
2139,185,255,352.024,427.927
2140,76,255,472.211,422.526
2141,53,255,794.708,422.142
2142,47,255,999.096,421.947
2143,30,255,1050.967,421.133
2144,73,255,1344.336,422.747
2145,109,255,1416.243,424.225
2146,62,255,1483.726,422.065
2147,82,255,1496.122,423.488
2148,67,255,80.709,423.634
2149,29,255,217.466,421.707
2150,30,255,288.600,422.200
2151,114,255,299.482,426.202
2152,153,255,685.663,427.206
2153,50,255,718.100,423.020
2154,43,255,1062.174,422.593
2155,83,255,1097.801,424.211
2156,42,255,66.024,423.905
2157,68,255,177.750,425.338
2158,68,255,578.926,424.706
2159,106,255,664.085,424.377
2160,49,255,1385.459,423.908
2161,47,255,13.202,424.330
2162,101,255,37.411,425.203
2163,61,255,128.156,426.943
2164,128,255,144.758,425.836
2165,90,255,503.178,426.500
2166,40,255,865.175,424.700
2167,146,255,942.288,429.459
2168,68,255,1327.941,425.397
2169,84,255,380.143,428.274
2170,72,255,912.792,426.403
2171,71,255,1032.204,427.120
2172,87,255,1266.718,426.856
2173,35,255,24.357,426.614
2174,46,255,239.087,427.000
2175,77,255,335.734,427.227
2176,118,255,547.703,430.449
2177,46,255,1299.804,426.696
2178,24,255,1473.625,426.000
2179,30,255,59.400,426.800
2180,58,255,1042.155,431.414
2181,114,255,1208.123,430.491
2182,125,255,369.252,432.652
2183,44,255,954.955,428.727
2184,125,255,1082.156,431.060
2185,40,255,1447.750,429.200
2186,47,255,1460.479,428.798
2187,26,255,1506.500,428.000
2188,47,255,110.904,429.500
2189,133,255,195.891,432.726
2190,70,255,429.000,430.500
2191,25,255,519.220,428.900
2192,90,255,787.178,431.778
2193,64,255,853.266,430.266
2194,65,255,1148.315,430.546
2195,132,255,1174.045,432.348
2196,42,255,1379.571,429.905
2197,59,255,1430.246,430.669
2198,75,255,95.087,431.980
2199,45,255,157.700,430.633
2200,48,255,711.771,431.542
2201,101,255,886.678,431.520
2202,73,255,1116.144,430.897
2203,103,255,1315.005,432.364
2204,134,255,1365.500,434.903
2205,33,255,1391.379,429.985
2206,36,255,183.889,431.528
2207,172,255,490.733,434.837
2208,79,255,867.816,432.285
2209,158,255,1062.715,434.722
2210,72,255,1253.500,432.667
2211,50,255,1515.020,431.920
2212,90,255,249.044,433.044
2213,67,255,411.366,434.022
2214,71,255,560.613,433.979
2215,63,255,1288.421,432.992
2216,46,255,1565.000,432.543
2217,30,255,10.967,432.833
2218,34,255,47.000,433.500
2219,54,255,461.167,434.315
2220,119,255,642.013,436.055
2221,111,255,828.374,436.293
2222,62,255,1238.935,434.565
2223,127,255,1343.957,437.831
2224,131,255,24.027,439.592
2225,30,255,514.533,433.900
2226,204,255,1017.426,438.873
2227,55,255,1138.173,435.264
2228,32,255,1492.500,434.406
2229,91,255,1547.434,435.808
2230,38,255,472.026,435.237
2231,31,255,802.210,435.210
2232,84,255,1400.286,436.536
2233,63,255,1470.056,436.421
2234,73,255,72.692,437.555
2235,40,255,135.875,436.000
2236,70,255,224.000,438.157
2237,81,255,275.463,438.907
2238,96,255,627.656,439.562
2239,62,255,1195.984,438.048
2240,67,255,1328.500,437.381
2241,51,255,1591.853,437.284
2242,37,255,4.419,437.959
2243,52,255,58.288,437.423
2244,36,255,508.417,437.972
2245,37,255,569.392,437.905
2246,36,255,754.639,437.556
2247,88,255,843.443,438.955
2248,46,255,1452.804,437.000
2249,28,255,318.964,438.143
2250,70,255,582.129,442.543
2251,76,255,733.276,439.145
2252,84,255,998.845,440.286
2253,69,255,1224.746,439.268
2254,67,255,1302.216,438.470
2255,21,255,1500.071,437.071
2256,67,255,291.396,439.903
2257,61,255,433.598,440.057
2258,36,255,682.139,439.639
2259,172,255,968.779,446.052
2260,126,255,1106.476,442.516
2261,22,255,35.636,439.818
2262,77,255,164.149,441.448
2263,31,255,177.016,439.661
2264,32,255,398.688,440.688
2265,52,255,670.904,441.365
2266,102,255,764.745,444.618
2267,107,255,1160.874,442.509
2268,59,255,1419.822,440.364
2269,77,255,1569.253,441.032
2270,82,255,212.866,443.402
2271,77,255,606.669,443.383
2272,86,255,794.895,442.407
2273,74,255,811.946,443.149
2274,75,255,930.700,442.527
2275,83,255,1520.271,444.789
2276,37,255,49.473,442.446
2277,88,255,409.364,444.136
2278,81,255,653.377,444.228
2279,58,255,914.638,443.034
2280,55,255,1237.827,442.464
2281,64,255,1270.484,443.094
2282,119,255,1380.466,445.811
2283,84,255,1491.631,443.893
2284,44,255,236.250,443.636
2285,110,255,263.827,446.145
2286,38,255,1282.105,443.526
2287,59,255,378.873,445.076
2288,54,255,452.796,445.333
2289,93,255,712.285,446.780
2290,101,255,1052.767,447.074
2291,63,255,1185.881,445.675
2292,57,255,1461.518,446.325
2293,76,255,1140.921,446.829
2294,30,255,1392.133,445.133
2295,41,255,1530.768,445.646
2296,65,255,1584.131,446.377
2297,55,255,201.118,448.409
2298,65,255,347.962,447.423
2299,29,255,468.397,445.776
2300,85,255,702.453,447.829
2301,50,255,820.980,447.940
2302,101,255,1079.599,448.431
2303,22,255,1255.364,445.909
2304,59,255,126.076,449.161
2305,116,255,686.957,449.724
2306,64,255,1559.031,447.969
2307,96,255,38.927,450.510
2308,86,255,515.105,449.360
2309,44,255,559.114,449.182
2310,81,255,866.265,450.883
2311,106,255,947.255,451.292
2312,20,255,1042.650,447.950
2313,131,255,1405.118,455.050
2314,33,255,1439.833,448.258
2315,89,255,1477.264,450.073
2316,93,255,62.446,450.930
2317,118,255,83.847,452.517
2318,35,255,636.414,448.814
2319,50,255,1538.840,449.640
2320,68,255,247.368,450.176
2321,104,255,428.654,451.279
2322,71,255,613.556,451.641
2323,97,255,1344.964,453.531
2324,89,255,152.949,452.736
2325,80,255,489.863,452.500
2326,53,255,568.236,451.915
2327,64,255,994.000,452.281
2328,127,255,1199.193,453.390
2329,40,255,1248.650,450.900
2330,64,255,1289.266,451.984
2331,21,255,1598.214,450.929
2332,102,255,296.265,453.804
2333,55,255,313.791,453.464
2334,73,255,534.062,453.322
2335,21,255,588.024,451.024
2336,33,255,1008.894,451.530
2337,78,255,1155.321,454.449
2338,127,255,325.996,456.067
2339,74,255,472.432,454.919
2340,109,255,733.491,455.803
2341,36,255,758.583,454.361
2342,79,255,811.146,455.070
2343,72,255,1452.250,455.000
2344,57,255,1505.289,453.781
2345,57,255,877.044,455.640
2346,40,255,506.725,455.375
2347,98,255,932.898,458.561
2348,115,255,1172.100,456.804
2349,118,255,231.898,459.195
2350,113,255,369.916,459.084
2351,112,255,546.571,459.036
2352,115,255,669.822,457.943
2353,116,255,774.931,460.086
2354,80,255,854.038,458.212
2355,67,255,1261.590,457.724
2356,112,255,1281.857,459.714
2357,129,255,1549.849,459.492
2358,68,255,16.926,459.000
2359,89,255,171.343,462.163
2360,134,255,352.858,461.694
2361,54,255,444.630,457.556
2362,82,255,655.134,458.866
2363,167,255,1031.111,461.781
2364,154,255,1116.584,458.201
2365,135,255,1361.781,459.759
2366,54,255,1415.889,458.259
2367,135,255,212.078,463.426
2368,61,255,512.730,460.123
2369,80,255,1058.763,460.562
2370,85,255,1230.629,460.382
2371,46,255,1383.565,458.674
2372,82,255,196.232,461.841
2373,43,255,396.919,459.267
2374,75,255,406.460,460.767
2375,46,255,486.196,459.696
2376,64,255,623.891,460.000
2377,78,255,720.051,462.231
2378,88,255,1010.295,461.523
2379,59,255,1213.873,459.873
2380,86,255,1583.895,460.872
2381,128,255,66.438,461.969
2382,59,255,148.992,461.093
2383,95,255,458.616,463.079
2384,107,255,560.107,463.864
2385,119,255,578.055,464.214
2386,50,255,797.540,461.620
2387,68,255,841.941,461.471
2388,58,255,1487.431,461.362
2389,45,255,122.922,461.411
2390,51,255,297.539,461.814
2391,45,255,384.211,461.411
2392,70,255,1145.557,463.043
2393,82,255,1472.512,463.415
2394,115,255,1531.343,463.917
2395,49,255,136.724,462.194
2396,85,255,246.700,464.253
2397,164,255,913.232,464.140
2398,55,255,1324.118,463.282
2399,30,255,1335.067,462.300
2400,35,255,633.900,464.014
2401,67,255,698.515,464.410
2402,83,255,750.958,464.572
2403,76,255,968.434,464.816
2404,34,255,1093.412,463.824
2405,43,255,787.616,464.709
2406,117,255,986.568,466.038
2407,64,255,1569.859,465.781
2408,88,255,181.318,467.716
2409,48,255,1305.896,465.667
2410,61,255,7.877,467.156
2411,125,255,280.820,469.388
2412,48,255,524.938,466.521
2413,110,255,1255.982,468.018
2414,71,255,39.120,468.500
2415,42,255,113.952,467.905
2416,54,255,314.889,468.111
2417,21,255,1190.786,466.786
2418,24,255,1425.292,467.167
2419,44,255,97.341,468.818
2420,106,255,429.651,470.443
2421,59,255,595.568,468.839
2422,86,255,621.593,472.081
2423,42,255,767.238,469.143
2424,95,255,1210.111,469.237
2425,59,255,1240.636,468.907
2426,75,255,1436.553,469.420
2427,82,255,1457.171,469.561
2428,128,255,1503.672,472.219
2429,34,255,447.676,468.676
2430,63,255,478.897,469.833
2431,31,255,659.177,469.274
2432,96,255,819.917,471.708
2433,147,255,1310.418,473.779
2434,67,255,1371.127,470.037
2435,90,255,51.544,473.911
2436,66,255,1063.409,470.667
2437,97,255,85.510,473.820
2438,82,255,540.610,473.329
2439,69,255,676.804,473.399
2440,40,255,1081.150,470.900
2441,79,255,1094.652,472.120
2442,88,255,1136.648,473.761
2443,120,255,1182.250,473.883
2444,149,255,1339.164,474.849
2445,77,255,292.591,475.370
2446,87,255,406.914,474.776
2447,93,255,465.629,474.876
2448,58,255,609.241,473.845
2449,98,255,1162.622,474.204
2450,71,255,1230.993,473.373
2451,57,255,1412.079,472.623
2452,59,255,739.347,474.856
2453,43,255,845.012,473.733
2454,42,255,896.500,474.405
2455,31,255,1353.306,472.403
2456,65,255,1469.592,474.285
2457,68,255,72.971,475.750
2458,37,255,123.986,474.851
2459,41,255,302.720,474.305
2460,102,255,520.902,476.431
2461,82,255,1123.110,476.439
2462,133,255,164.515,477.500
2463,129,255,253.779,479.035
2464,67,255,798.246,476.351
2465,25,255,875.620,474.060
2466,99,255,949.116,477.227
2467,150,255,1563.980,479.373
2468,96,255,198.021,481.094
2469,65,255,368.869,477.638
2470,56,255,380.036,477.393
2471,69,255,391.790,477.703
2472,20,255,856.250,475.250
2473,69,255,934.355,477.486
2474,109,255,1002.225,479.720
2475,77,255,1293.032,477.513
2476,56,255,107.196,478.339
2477,27,255,187.019,477.944
2478,53,255,415.066,478.462
2479,73,255,563.062,478.527
2480,65,255,700.915,478.500
2481,21,255,810.643,476.833
2482,28,255,1219.214,477.393
2483,98,255,1478.347,481.980
2484,22,255,322.727,477.864
2485,57,255,440.482,478.640
2486,20,255,638.350,477.350
2487,37,255,687.365,478.608
2488,44,255,835.182,478.932
2489,134,255,1043.507,480.261
2490,87,255,1111.626,480.856
2491,62,255,1445.532,477.887
2492,60,255,238.000,480.000
2493,25,255,581.900,479.060
2494,77,255,1408.045,480.968
2495,34,255,1495.235,479.206
2496,107,255,224.136,483.388
2497,50,255,865.480,481.280
2498,41,255,919.012,480.768
2499,47,255,987.181,480.628
2500,92,255,1084.848,482.326
2501,66,255,1157.076,482.955
2502,82,255,1268.476,481.451
2503,54,255,1432.426,480.704
2504,71,255,1578.824,481.049
2505,53,255,511.104,482.255
2506,46,255,596.913,481.283
2507,83,255,721.789,482.633
2508,63,255,910.262,483.357
2509,46,255,1359.935,482.130
2510,113,255,1395.429,487.102
2511,43,255,1419.570,482.035
2512,48,255,350.771,482.812
2513,49,255,650.990,483.357
2514,49,255,1517.051,482.439
2515,51,255,44.245,483.206
2516,78,255,86.244,484.628
2517,46,255,307.065,483.609
2518,107,255,671.220,487.463
2519,29,255,789.914,482.776
2520,30,255,9.833,484.400
2521,26,255,264.923,484.192
2522,33,255,658.924,484.076
2523,24,255,880.625,483.833
2524,71,255,900.711,486.148
2525,84,255,1025.548,485.667
2526,35,255,1382.157,484.557
2527,61,255,479.893,486.664
2528,57,255,1222.061,486.535
2529,36,255,26.778,487.000
2530,31,255,285.371,485.629
2531,60,255,574.583,487.450
2532,108,255,607.148,489.704
2533,102,255,628.265,490.294
2534,42,255,641.452,486.952
2535,54,255,1164.778,487.333
2536,98,255,1368.551,489.388
2537,24,255,124.167,486.500
2538,22,255,206.864,486.409
2539,26,255,339.577,486.385
2540,90,255,356.956,489.689
2541,28,255,501.179,486.821
2542,70,255,1595.029,489.471
2543,67,255,67.366,489.201
2544,42,255,165.476,487.905
2545,81,255,401.586,491.500
2546,72,255,453.028,489.514
2547,68,255,547.559,489.603
2548,30,255,700.067,487.700
2549,68,255,750.250,489.353
2550,58,255,798.586,489.552
2551,31,255,853.984,488.145
2552,103,255,962.568,492.704
2553,134,255,1198.336,490.216
2554,78,255,1242.090,489.513
2555,39,255,1284.936,488.449
2556,59,255,1444.958,488.449
2557,64,255,1491.969,489.234
2558,100,255,1295.040,492.180
2559,52,255,178.538,491.019
2560,89,255,387.331,492.140
2561,149,255,766.406,493.943
2562,84,255,1058.417,491.548
2563,100,255,1134.640,493.110
2564,84,255,1254.202,492.119
2565,105,255,1309.995,493.148
2566,139,255,1533.781,493.903
2567,47,255,20.053,491.628
2568,117,255,283.269,495.731
2569,65,255,689.377,492.377
2570,60,255,929.900,491.667
2571,75,255,991.873,491.540
2572,68,255,1213.015,492.515
2573,106,255,1475.566,495.170
2574,88,255,1579.159,492.432
2575,146,255,148.363,495.418
2576,66,255,247.318,493.348
2577,134,255,1179.694,495.918
2578,139,255,1275.270,496.241
2579,63,255,121.849,494.944
2580,51,255,653.480,493.127
2581,85,255,842.594,495.500
2582,128,255,1039.164,495.914
2583,67,255,1336.530,493.948
2584,21,255,41.643,493.881
2585,80,255,85.700,496.325
2586,113,255,299.013,496.252
2587,98,255,324.541,498.204
2588,110,255,433.436,497.664
2589,66,255,515.212,495.439
2590,49,255,736.378,494.806
2591,60,255,1117.050,495.083
2592,44,255,1499.205,494.614
2593,48,255,469.625,495.854
2594,82,255,483.598,498.207
2595,89,255,562.118,497.882
2596,124,255,1383.516,498.944
2597,49,255,1442.806,496.133
2598,85,255,1517.476,497.594
2599,75,255,534.007,498.247
2600,129,255,815.283,501.004
2601,84,255,1141.405,500.262
2602,41,255,218.329,497.768
2603,138,255,374.442,501.406
2604,43,255,447.500,498.314
2605,72,255,595.986,498.750
2606,42,255,751.762,498.500
2607,58,255,908.931,498.259
2608,133,255,1092.252,502.500
2609,58,255,1324.466,497.793
2610,66,255,1455.652,498.652
2611,79,255,187.551,499.601
2612,44,255,205.614,498.295
2613,41,255,267.305,498.256
2614,80,255,635.688,500.062
2615,133,255,936.169,501.094
2616,47,255,1489.521,498.266
2617,40,255,72.600,499.500
2618,39,255,421.064,499.654
2619,33,255,459.530,499.470
2620,132,255,678.394,501.742
2621,116,255,1342.164,501.647
2622,60,255,4.550,501.450
2623,32,255,163.125,500.344
2624,132,255,233.348,502.515
2625,154,255,342.987,507.091
2626,63,255,494.341,501.437
2627,26,255,1100.385,500.231
2628,170,255,1163.565,505.335
2629,36,255,1544.194,500.056
2630,56,255,1591.196,500.589
2631,43,255,173.570,501.407
2632,53,255,506.972,504.104
2633,76,255,540.513,503.461
2634,73,255,806.911,504.555
2635,56,255,1077.982,502.482
2636,84,255,35.560,504.631
2637,35,255,650.643,502.986
2638,67,255,1365.769,503.306
2639,55,255,1408.645,503.500
2640,115,255,1419.517,506.700
2641,57,255,109.061,504.114
2642,24,255,727.833,502.625
2643,112,255,830.589,506.830
2644,77,255,888.968,504.448
2645,167,255,1062.135,507.877
2646,81,255,1190.500,505.154
2647,54,255,1250.500,503.130
2648,75,255,77.500,505.873
2649,66,255,444.636,508.061
2650,45,255,605.033,504.589
2651,114,255,782.632,506.991
2652,86,255,959.116,506.291
2653,76,255,983.066,506.250
2654,97,255,1120.840,505.789
2655,99,255,1311.712,507.631
2656,76,255,1434.118,505.461
2657,100,255,1557.740,506.600
2658,135,255,60.670,508.848
2659,75,255,181.380,506.913
2660,61,255,218.877,506.123
2661,60,255,272.433,506.317
2662,33,255,356.833,504.864
2663,33,255,392.682,504.258
2664,92,255,795.152,509.054
2665,85,255,1206.629,506.876
2666,65,255,1228.700,506.746
2667,51,255,1393.912,506.343
2668,64,255,15.172,507.297
2669,44,255,409.523,508.159
2670,126,255,570.198,509.508
2671,69,255,1536.500,507.572
2672,79,255,258.639,510.196
2673,130,255,525.969,510.600
2674,84,255,904.726,509.095
2675,56,255,1244.054,508.750
2676,74,255,1571.311,508.527
2677,69,255,96.413,509.601
2678,97,255,132.397,511.005
2679,50,255,155.900,509.340
2680,50,255,249.880,509.180
2681,120,255,313.817,511.767
2682,134,255,869.530,511.821
2683,35,255,1182.757,509.243
2684,75,255,591.673,511.300
2685,40,255,1465.550,509.375
2686,53,255,456.689,511.217
2687,62,255,620.274,511.161
2688,141,255,692.770,514.387
2689,107,255,1082.995,514.584
2690,57,255,424.851,512.342
2691,124,255,846.371,515.258
2692,22,255,947.955,510.909
2693,145,255,1145.197,515.852
2694,47,255,1381.926,510.245
2695,74,255,711.432,513.405
2696,87,255,727.293,513.730
2697,33,255,2.136,514.045
2698,86,255,21.942,516.384
2699,152,255,199.566,517.480
2700,152,255,296.533,517.763
2701,114,255,393.684,515.184
2702,59,255,485.246,514.161
2703,56,255,1036.018,514.768
2704,56,255,1110.179,514.536
2705,114,255,1273.491,515.614
2706,50,255,1412.000,514.540
2707,82,255,1501.244,515.585
2708,69,255,111.514,515.645
2709,123,255,667.167,517.671
2710,66,255,970.606,516.212
2711,91,255,1339.995,516.379
2712,51,255,143.010,515.539
2713,41,255,434.061,516.232
2714,91,255,603.830,517.830
2715,93,255,740.274,517.640
2716,60,255,1046.100,516.217
2717,58,255,1219.310,516.638
2718,59,255,1254.483,515.924
2719,93,255,1511.651,518.522
2720,110,255,1537.618,517.355
2721,165,255,374.773,522.348
2722,86,255,636.977,519.070
2723,88,255,989.898,518.523
2724,63,255,626.817,520.167
2725,30,255,1580.133,517.400
2726,75,255,549.073,520.073
2727,128,255,896.570,520.984
2728,41,255,1126.037,519.085
2729,127,255,1361.925,521.846
2730,82,255,1591.463,519.195
2731,143,255,185.220,524.178
2732,56,255,280.714,520.232
2733,38,255,320.553,519.474
2734,64,255,329.203,520.344
2735,26,255,410.000,518.500
2736,95,255,922.995,522.742
2737,32,255,943.000,519.000
2738,74,255,1053.297,521.176
2739,66,255,1381.167,519.848
2740,80,255,52.788,522.487
2741,30,255,353.267,520.133
2742,93,255,561.027,523.446
2743,84,255,1403.286,521.857
2744,84,255,1470.476,522.417
2745,87,255,256.672,523.764
2746,88,255,769.659,524.114
2747,91,255,830.533,523.049
2748,34,255,1246.000,521.176
2749,88,255,1305.864,523.193
2750,72,255,1428.292,523.056
2751,22,255,359.591,521.409
2752,59,255,706.636,523.195
2753,110,255,1227.736,525.255
2754,67,255,1260.888,524.634
2755,104,255,1448.000,525.615
2756,76,255,219.618,524.316
2757,59,255,272.992,524.754
2758,58,255,572.569,524.552
2759,69,255,1488.993,524.239
2760,29,255,87.569,523.672
2761,85,255,484.441,526.735
2762,123,255,1162.622,528.760
2763,106,255,1112.670,528.104
2764,35,255,1271.129,524.929
2765,107,255,69.266,529.696
2766,172,255,164.442,529.029
2767,151,255,450.487,531.407
2768,38,255,98.947,528.342
2769,85,255,391.112,529.688
2770,97,255,806.036,529.407
2771,99,255,964.854,529.904
2772,134,255,1341.627,529.612
2773,181,255,128.434,531.699
2774,24,255,398.917,528.250
2775,23,255,504.543,527.717
2776,164,255,691.646,533.616
2777,79,255,881.500,530.285
2778,89,255,1137.972,529.815
2779,83,255,1295.693,531.078
2780,63,255,1314.500,529.659
2781,75,255,245.193,530.740
2782,83,255,314.910,532.476
2783,73,255,335.993,530.938
2784,45,255,665.833,529.367
2785,96,255,850.677,530.594
2786,82,255,869.512,531.622
2787,94,255,1029.553,531.521
2788,77,255,1461.422,530.201
2789,52,255,1480.769,530.404
2790,126,255,1562.500,531.611
2791,25,255,42.420,529.900
2792,53,255,111.575,529.708
2793,96,255,591.031,532.677
2794,71,255,757.275,531.880
2795,136,255,823.265,534.566
2796,171,255,999.231,532.763
2797,69,255,83.659,532.428
2798,122,255,512.934,535.557
2799,44,255,942.364,532.386
2800,76,255,1042.079,533.000
2801,72,255,1103.361,533.472
2802,51,255,307.206,534.402
2803,154,255,426.429,535.234
2804,61,255,469.762,533.648
2805,92,255,528.620,534.457
2806,39,255,915.115,532.808
2807,107,255,1086.930,535.023
2808,107,255,1539.070,535.472
2809,89,255,1588.500,533.669
2810,40,255,55.025,534.075
2811,121,255,410.888,537.434
2812,84,255,1197.143,535.619
2813,93,255,1505.952,535.984
2814,72,255,225.556,536.681
2815,77,255,839.097,536.448
2816,132,255,954.697,539.303
2817,109,255,1210.124,536.555
2818,104,255,1401.010,536.404
2819,57,255,1495.149,535.500
2820,133,255,277.590,538.906
2821,28,255,705.821,534.750
2822,184,255,730.217,539.576
2823,69,255,1385.601,536.891
2824,29,255,61.362,536.466
2825,192,255,769.484,541.583
2826,74,255,1013.338,540.689
2827,153,255,1279.415,540.180
2828,29,255,1320.914,536.603
2829,92,255,297.370,540.478
2830,61,255,356.713,539.992
2831,89,255,462.062,541.129
2832,60,255,545.233,539.083
2833,47,255,113.011,540.309
2834,26,255,245.769,538.500
2835,68,255,264.632,541.147
2836,60,255,633.317,540.317
2837,125,255,647.908,542.268
2838,81,255,805.673,540.957
2839,94,255,1173.213,543.181
2840,159,255,1229.877,544.821
2841,105,255,1435.148,541.557
2842,77,255,214.747,541.760
2843,44,255,234.705,541.455
2844,134,255,340.022,545.679
2845,97,255,560.304,542.263
2846,33,255,578.530,541.197
2847,46,255,203.783,542.391
2848,114,255,398.570,545.026
2849,103,255,883.510,543.083
2850,64,255,1135.812,542.172
2851,113,255,1160.022,545.456
2852,62,255,1297.145,542.645
2853,48,255,1456.188,543.312
2854,65,255,1555.931,542.915
2855,97,255,1579.387,544.438
2856,49,255,81.949,543.357
2857,57,255,99.360,545.342
2858,137,255,150.391,547.646
2859,61,255,369.123,544.648
2860,137,255,924.544,545.011
2861,87,255,1107.615,545.270
2862,89,255,909.972,546.579
2863,33,255,1264.712,544.045
2864,48,255,1345.229,545.396
2865,123,255,1366.232,547.955
2866,52,255,1591.673,545.596
2867,43,255,71.733,546.523
2868,73,255,248.596,548.377
2869,62,255,500.565,547.952
2870,84,255,1193.952,547.440
2871,92,255,1242.913,548.957
2872,63,255,998.341,547.548
2873,113,255,1045.022,549.686
2874,119,255,477.231,551.996
2875,52,255,591.212,548.846
2876,76,255,800.092,549.842
2877,122,255,839.664,551.189
2878,64,255,951.031,549.500
2879,76,255,1497.145,549.908
2880,122,255,527.131,553.795
2881,74,255,1414.608,551.662
2882,75,255,204.047,552.993
2883,149,255,437.171,553.292
2884,88,255,1477.102,552.011
2885,66,255,168.136,551.803
2886,145,255,971.314,555.383
2887,76,255,1551.789,551.789
2888,75,255,463.060,553.633
2889,105,255,1288.338,554.376
2890,50,255,2.580,555.060
2891,65,255,27.931,555.115
2892,71,255,128.387,555.063
2893,71,255,236.472,554.979
2894,143,255,667.507,556.087
2895,89,255,781.500,554.298
2896,45,255,867.100,553.322
2897,65,255,1506.792,554.700
2898,106,255,68.660,556.547
2899,33,255,272.894,554.409
2900,78,255,892.718,556.077
2901,101,255,1328.530,557.243
2902,106,255,38.557,558.670
2903,73,255,192.952,557.390
2904,96,255,257.396,557.271
2905,140,255,1076.671,558.836
2906,93,255,1341.156,557.876
2907,100,255,1459.900,557.480
2908,54,255,362.833,556.926
2909,66,255,375.424,557.500
2910,67,255,391.500,557.396
2911,111,255,417.446,558.284
2912,115,255,503.509,557.813
2913,156,255,992.385,558.218
2914,73,255,109.541,558.226
2915,89,255,536.399,559.983
2916,84,255,555.714,559.500
2917,80,255,573.175,559.263
2918,73,255,725.459,558.048
2919,24,255,1115.625,557.167
2920,148,255,1373.905,562.649
2921,103,255,1518.121,560.335
2922,91,255,86.236,560.379
2923,96,255,693.177,560.385
2924,49,255,800.867,558.153
2925,29,255,954.224,557.776
2926,56,255,1012.768,559.286
2927,49,255,1123.806,559.806
2928,70,255,1209.200,559.614
2929,68,255,1219.088,560.353
2930,140,255,451.064,564.450
2931,153,255,640.886,562.167
2932,79,255,1030.728,562.867
2933,43,255,1155.430,559.802
2934,87,255,1312.845,560.891
2935,58,255,179.448,561.052
2936,100,255,328.460,562.830
2937,156,255,1048.103,565.135
2938,25,255,136.060,561.340
2939,36,255,153.889,561.750
2940,86,255,231.314,563.163
2941,100,255,272.800,563.980
2942,53,255,860.745,563.236
2943,53,255,1165.840,561.991
2944,53,255,1359.028,562.575
2945,53,255,116.028,564.255
2946,85,255,405.041,565.041
2947,101,255,739.015,564.738
2948,52,255,433.000,563.577
2949,97,255,594.149,565.201
2950,67,255,759.112,564.351
2951,20,255,812.800,562.450
2952,105,255,848.976,565.567
2953,110,255,913.891,566.973
2954,37,255,1243.527,563.122
2955,96,255,1398.083,565.688
2956,24,255,1479.833,562.375
2957,69,255,1563.312,565.109
2958,79,255,1098.614,565.361
2959,117,255,1114.252,566.466
2960,30,255,1406.933,564.100
2961,53,255,778.575,566.123
2962,56,255,1473.000,567.161
2963,98,255,1592.898,565.531
2964,40,255,547.550,567.275
2965,56,255,884.446,566.929
2966,62,255,938.548,567.323
2967,96,255,1200.604,568.802
2968,82,255,1424.744,568.659
2969,70,255,59.243,569.200
2970,131,255,820.332,570.859
2971,90,255,1138.478,569.611
2972,108,255,1293.278,569.620
2973,67,255,167.291,569.858
2974,52,255,386.269,570.058
2975,108,255,900.185,571.472
2976,84,255,133.940,570.619
2977,69,255,185.399,570.877
2978,65,255,580.654,570.700
2979,54,255,958.093,570.111
2980,99,255,72.551,572.672
2981,78,255,122.192,573.244
2982,48,255,367.042,570.729
2983,59,255,492.636,571.754
2984,115,255,611.839,572.952
2985,126,255,654.889,572.841
2986,41,255,767.305,570.793
2987,69,255,1062.254,571.848
2988,115,255,1535.535,573.004
2989,99,255,14.278,573.530
2990,60,255,252.067,571.950
2991,123,255,699.272,574.996
2992,80,255,1278.800,572.800
2993,156,255,1317.654,574.404
2994,25,255,1386.860,571.860
2995,21,255,208.262,571.500
2996,102,255,1364.696,574.853
2997,93,255,755.414,576.102
2998,58,255,295.845,574.966
2999,51,255,1006.461,574.402
3000,80,255,1126.575,576.325
3001,89,255,1185.938,576.433
3002,61,255,1447.352,574.549
3003,92,255,849.880,577.098
3004,123,255,1557.443,577.890
3005,98,255,88.704,578.469
3006,62,255,323.532,577.113
3007,47,255,356.245,576.628
3008,85,255,509.065,577.924
3009,153,255,628.781,580.271
3010,143,255,795.948,579.885
3011,95,255,875.468,578.132
3012,62,255,1077.903,577.613
3013,95,255,1350.153,578.889
3014,36,255,263.750,576.417
3015,56,255,888.607,578.750
3016,99,255,1433.247,579.975
3017,90,255,198.189,580.178
3018,109,255,308.913,581.023
3019,97,255,369.706,580.180
3020,53,255,739.613,578.236
3021,79,255,1596.500,580.842
3022,101,255,333.025,582.589
3023,42,255,549.286,580.190
3024,68,255,665.868,580.515
3025,92,255,154.359,582.815
3026,113,255,390.845,583.412
3027,36,255,480.222,580.222
3028,102,255,773.441,581.618
3029,144,255,1168.896,585.493
3030,93,255,1285.134,584.747
3031,46,255,1411.761,581.870
3032,31,255,1421.210,580.565
3033,102,255,1573.118,583.176
3034,53,255,28.142,582.292
3035,122,255,220.279,583.984
3036,115,255,489.761,586.474
3037,100,255,1111.670,583.190
3038,124,255,1221.895,585.395
3039,108,255,188.000,586.204
3040,88,255,427.523,585.330
3041,67,255,557.754,583.127
3042,85,255,908.559,584.206
3043,47,255,1193.330,583.691
3044,57,255,1331.553,583.781
3045,66,255,7.318,584.636
3046,28,255,594.536,582.679
3047,130,255,713.992,586.515
3048,65,255,1266.223,586.146
3049,71,255,1305.768,584.415
3050,62,255,1339.742,585.532
3051,107,255,728.706,587.397
3052,117,255,1095.774,587.303
3053,58,255,1249.828,584.845
3054,160,255,1492.737,589.288
3055,117,255,44.432,587.611
3056,73,255,174.130,586.623
3057,87,255,439.224,586.557
3058,105,255,676.652,588.738
3059,82,255,825.744,587.695
3060,98,255,277.051,589.214
3061,101,255,346.500,588.550
3062,129,255,523.826,590.167
3063,48,255,974.812,587.083
3064,93,255,1392.005,588.898
3065,86,255,411.733,590.105
3066,92,255,507.337,588.913
3067,97,255,1015.366,590.211
3068,165,255,1465.312,592.779
3069,55,255,1517.591,587.682
3070,108,255,465.593,590.667
3071,77,255,542.695,590.435
3072,95,255,619.879,591.395
3073,37,255,653.419,588.581
3074,193,255,801.806,593.655
3075,147,255,853.425,591.391
3076,109,255,1145.427,590.794
3077,131,255,1182.737,592.164
3078,132,255,1238.553,591.644
3079,137,255,76.690,592.668
3080,178,255,134.236,593.933
3081,81,255,893.623,591.093
3082,74,255,1033.635,590.459
3083,102,255,102.853,592.373
3084,56,255,362.375,590.893
3085,38,255,749.868,590.632
3086,110,255,303.345,594.318
3087,36,255,479.056,591.528
3088,79,255,695.665,592.816
3089,83,255,758.620,594.584
3090,88,255,870.716,593.489
3091,80,255,1063.475,592.962
3092,105,255,1549.338,594.719
3093,34,255,116.088,592.471
3094,151,255,239.533,594.983
3095,69,255,289.239,594.384
3096,113,255,580.907,595.987
3097,63,255,1076.040,592.770
3098,27,255,1272.574,592.093
3099,68,255,1427.368,593.279
3100,111,255,1450.473,595.140
3101,58,255,1538.414,593.690
3102,100,255,149.740,595.900
3103,119,255,837.517,597.055
3104,73,255,1045.253,595.089
3105,22,255,1312.818,592.773
3106,111,255,18.221,597.716
3107,84,255,665.857,596.786
3108,80,255,1328.500,595.350
3109,52,255,1353.385,595.442
3110,110,255,392.209,597.373
3111,72,255,939.694,596.208
3112,153,255,1007.212,600.467
3113,131,255,1295.828,598.431
3114,57,255,592.412,598.570
3115,49,255,220.357,598.296
3116,26,255,427.192,596.846
3117,41,255,473.183,597.305
3118,125,255,958.148,602.788
3119,97,255,982.046,600.655
3120,40,255,1129.825,597.100
3121,24,255,1259.167,597.375
3122,117,255,1520.500,599.714
3123,114,255,603.430,600.544
3124,46,255,1267.522,599.326
3125,36,255,1597.167,598.333
3126,90,255,699.878,601.722
3127,154,255,924.760,604.455
3128,104,255,1562.010,603.183
3129,74,255,283.541,603.311
3130,71,255,318.556,602.965
3131,81,255,490.068,602.586
3132,98,255,684.041,603.592
3133,171,255,779.442,605.974
3134,116,255,31.931,605.509
3135,112,255,158.268,605.250
3136,21,255,175.500,601.500
3137,91,255,445.874,603.588
3138,57,255,559.412,603.377
3139,103,255,634.752,604.752
3140,102,255,826.980,604.814
3141,50,255,894.420,602.480
3142,93,255,971.124,605.339
3143,128,255,1154.648,606.164
3144,199,255,461.957,609.410
3145,75,255,1189.953,606.847
3146,87,255,1395.075,604.385
3147,85,255,1486.029,604.618
3148,134,255,403.224,606.821
3149,105,255,863.881,607.967
3150,67,255,948.112,606.052
3151,48,255,1046.438,604.917
3152,75,255,1210.873,605.527
3153,95,255,1225.637,606.479
3154,87,255,1589.420,605.822
3155,28,255,113.000,604.500
3156,60,255,644.417,606.567
3157,23,255,1103.413,604.239
3158,117,255,1131.295,607.150
3159,42,255,1408.310,605.810
3160,62,255,379.806,607.581
3161,65,255,1071.285,608.054
3162,97,255,1319.737,608.304
3163,46,255,171.848,607.652
3164,73,255,235.144,608.788
3165,99,255,1084.359,610.207
3166,80,255,1466.188,608.300
3167,144,255,42.396,613.757
3168,116,255,101.319,611.345
3169,88,255,218.034,609.966
3170,129,255,261.291,612.740
3171,107,255,506.734,610.977
3172,82,255,523.768,611.024
3173,46,255,86.522,611.609
3174,87,255,206.316,611.948
3175,34,255,592.882,609.853
3176,120,255,798.825,613.600
3177,90,255,1438.544,612.978
3178,51,255,1498.735,611.265
3179,51,255,116.127,611.657
3180,143,255,278.472,615.682
3181,54,255,325.111,612.759
3182,57,255,343.711,612.167
3183,95,255,351.700,614.995
3184,35,255,1040.043,611.071
3185,51,255,1264.657,611.245
3186,58,255,1418.483,612.845
3187,72,255,624.625,614.306
3188,52,255,889.577,613.500
3189,71,255,997.472,613.824
3190,55,255,1143.991,613.518
3191,20,255,1296.350,611.300
3192,128,255,1569.711,615.680
3193,106,255,422.019,616.160
3194,79,255,437.272,615.120
3195,48,255,669.854,613.833
3196,73,255,749.801,615.103
3197,151,255,1512.586,617.646
3198,71,255,3.092,617.317
3199,88,255,311.966,616.159
3200,106,255,702.453,617.491
3201,31,255,760.306,614.565
3202,81,255,1094.673,616.253
3203,83,255,1241.560,616.271
3204,132,255,72.258,621.038
3205,64,255,335.406,620.047
3206,53,255,574.953,616.255
3207,67,255,59.485,617.082
3208,35,255,185.786,616.043
3209,59,255,368.246,618.415
3210,89,255,769.938,618.230
3211,39,255,1216.141,616.346
3212,68,255,1257.794,618.044
3213,87,255,175.787,619.431
3214,41,255,392.598,617.622
3215,23,255,636.109,616.804
3216,105,255,1176.690,620.290
3217,99,255,231.904,620.066
3218,20,255,554.550,617.750
3219,61,255,675.467,620.205
3220,70,255,897.014,620.557
3221,49,255,1070.296,618.316
3222,35,255,1230.157,618.329
3223,91,255,1381.434,620.764
3224,48,255,108.500,620.583
3225,85,255,564.935,622.206
3226,133,255,610.966,625.455
3227,34,255,907.676,619.824
3228,83,255,969.030,621.102
3229,42,255,1026.714,620.143
3230,91,255,1038.753,620.533
3231,117,255,1338.714,621.628
3232,42,255,1587.929,619.667
3233,75,255,380.073,621.633
3234,106,255,864.877,622.481
3235,81,255,1116.340,622.130
3236,143,255,1290.381,623.269
3237,132,255,1405.424,624.061
3238,132,255,1545.227,624.697
3239,53,255,84.009,621.255
3240,131,255,926.874,624.294
3241,143,255,1129.066,625.689
3242,51,255,158.422,622.657
3243,65,255,729.977,624.269
3244,59,255,1004.381,623.381
3245,32,255,1014.000,622.219
3246,88,255,1472.693,625.034
3247,35,255,1597.843,623.129
3248,76,255,531.382,625.461
3249,84,255,645.202,625.810
3250,122,255,834.033,628.352
3251,36,255,1104.528,625.083
3252,77,255,1442.006,624.396
3253,123,255,214.394,626.720
3254,100,255,263.530,626.650
3255,140,255,485.293,628.093
3256,87,255,508.213,625.971
3257,68,255,742.147,625.000
3258,176,255,945.693,628.432
3259,115,255,1274.517,628.022
3260,81,255,51.846,627.130
3261,61,255,167.861,626.746
3262,123,255,194.215,628.890
3263,109,255,431.904,628.106
3264,25,255,623.300,624.740
3265,108,255,751.528,629.259
3266,53,255,842.311,627.745
3267,113,255,1361.615,628.748
3268,106,255,1460.906,629.887
3269,62,255,320.065,628.887
3270,84,255,550.048,630.726
3271,44,255,707.341,628.182
3272,84,255,717.583,630.321
3273,88,255,1065.500,629.159
3274,115,255,1084.004,630.543
3275,33,255,405.985,628.136
3276,106,255,1499.311,630.387
3277,143,255,292.843,633.850
3278,55,255,632.936,630.391
3279,109,255,1218.417,631.151
3280,78,255,159.718,631.167
3281,47,255,372.074,630.670
3282,75,255,998.420,631.487
3283,66,255,1203.439,631.652
3284,91,255,1483.808,632.390
3285,54,255,1585.389,631.444
3286,59,255,683.331,631.992
3287,94,255,1249.394,634.447
3288,28,255,5.750,631.750
3289,152,255,89.164,635.559
3290,76,255,782.211,633.934
3291,158,255,1038.614,636.728
3292,111,255,1421.410,634.536
3293,61,255,1551.205,633.730
3294,144,255,650.368,637.201
3295,169,255,895.547,637.956
3296,50,255,147.280,635.200
3297,117,255,331.876,637.611
3298,46,255,393.696,635.152
3299,111,255,857.941,637.716
3300,26,255,1118.692,634.423
3301,71,255,1167.908,636.190
3302,115,255,406.665,637.561
3303,140,255,69.179,639.971
3304,97,255,230.273,639.263
3305,115,255,248.857,640.117
3306,126,255,345.905,640.056
3307,66,255,423.258,637.803
3308,81,255,564.216,639.685
3309,38,255,710.500,636.842
3310,60,255,842.117,638.250
3311,156,255,924.481,639.679
3312,152,255,973.980,639.197
3313,103,255,49.345,639.850
3314,197,255,171.322,642.236
3315,137,255,821.252,640.471
3316,63,255,1110.341,639.675
3317,41,255,1494.939,637.134
3318,110,255,1532.882,639.827
3319,56,255,1072.464,639.554
3320,124,255,1295.161,642.242
3321,89,255,1385.522,639.680
3322,166,255,108.994,646.343
3323,74,255,448.108,639.824
3324,112,255,538.420,643.214
3325,132,255,606.591,642.909
3326,85,255,622.735,641.665
3327,38,255,798.474,639.105
3328,130,255,1355.731,643.300
3329,41,255,1439.085,639.695
3330,43,255,204.779,640.035
3331,33,255,432.106,640.379
3332,81,255,731.636,641.599
3333,70,255,1013.886,641.557
3334,61,255,1304.746,642.090
3335,188,255,140.149,646.665
3336,33,255,196.833,641.076
3337,134,255,284.119,645.082
3338,59,255,517.907,641.907
3339,122,255,1399.074,646.082
3340,29,255,770.569,642.328
3341,48,255,789.729,643.083
3342,110,255,1276.991,644.327
3343,20,255,1.500,643.450
3344,81,255,220.537,645.648
3345,179,255,307.813,648.237
3346,41,255,468.085,643.817
3347,68,255,662.956,644.941
3348,116,255,15.543,647.957
3349,95,255,374.100,646.900
3350,113,255,637.243,648.748
3351,82,255,994.146,646.354
3352,31,255,127.500,645.500
3353,84,255,721.298,647.107
3354,37,255,951.068,645.932
3355,109,255,1158.317,648.950
3356,68,255,1579.029,646.618
3357,84,255,361.167,648.190
3358,79,255,456.171,648.791
3359,54,255,496.463,646.611
3360,115,255,1134.404,648.639
3361,115,255,1235.474,648.561
3362,104,255,1260.808,648.933
3363,85,255,1421.888,647.159
3364,81,255,1479.117,647.673
3365,154,255,738.909,652.403
3366,44,255,1075.023,647.977
3367,101,255,1491.599,651.045
3368,181,255,804.715,651.246
3369,117,255,1088.970,651.235
3370,27,255,1146.870,648.722
3371,146,255,275.397,656.500
3372,112,255,510.152,651.929
3373,110,255,576.764,653.227
3374,138,255,838.790,652.000
3375,153,255,398.755,655.605
3376,26,255,704.538,649.538
3377,155,255,763.023,655.752
3378,72,255,936.778,651.722
3379,65,255,959.608,651.131
3380,109,255,1205.959,654.307
3381,21,255,1213.262,650.262
3382,119,255,1364.954,653.836
3383,81,255,255.117,653.031
3384,143,255,328.808,656.052
3385,91,255,1033.313,652.203
3386,142,255,1589.768,655.549
3387,97,255,435.015,653.428
3388,59,255,777.042,653.924
3389,57,255,824.605,653.518
3390,47,255,977.734,653.074
3391,125,255,1180.564,654.652
3392,146,255,69.589,656.493
3393,67,255,159.127,655.604
3394,119,255,185.021,659.206
3395,127,255,693.587,656.870
3396,170,255,921.029,659.159
3397,88,255,1221.034,656.523
3398,59,255,1305.636,654.517
3399,63,255,552.389,656.071
3400,118,255,1376.915,657.492
3401,87,255,1510.891,656.500
3402,139,255,1570.615,658.263
3403,79,255,3.386,657.677
3404,117,255,592.107,658.534
3405,158,255,897.152,660.975
3406,148,255,1014.818,661.851
3407,90,255,1059.222,657.444
3408,71,255,1452.162,657.880
3409,94,255,222.340,659.564
3410,73,255,990.774,658.747
3411,76,255,1002.750,660.026
3412,53,255,1120.066,658.594
3413,31,255,1146.306,657.532
3414,154,255,205.240,661.338
3415,80,255,243.863,660.550
3416,75,255,458.980,660.527
3417,121,255,648.136,661.310
3418,96,255,671.365,661.677
3419,105,255,723.233,660.319
3420,151,255,855.500,663.447
3421,82,255,883.049,660.110
3422,82,255,356.585,660.768
3423,49,255,680.745,660.867
3424,96,255,786.198,662.135
3425,25,255,1133.740,658.940
3426,115,255,1326.013,663.248
3427,39,255,1351.295,659.756
3428,45,255,1392.589,658.989
3429,146,255,1422.178,663.397
3430,81,255,369.698,661.969
3431,28,255,1339.250,660.357
3432,44,255,747.250,662.182
3433,37,255,1243.473,661.446
3434,96,255,1294.656,664.469
3435,152,255,1491.263,665.770
3436,154,255,46.636,665.903
3437,106,255,88.519,665.104
3438,105,255,261.090,665.748
3439,42,255,478.619,662.524
3440,91,255,529.082,664.291
3441,44,255,632.159,663.682
3442,61,255,868.221,663.238
3443,111,255,1186.887,665.113
3444,58,255,1314.672,664.138
3445,65,255,498.038,665.808
3446,123,255,1046.061,666.882
3447,91,255,107.060,666.841
3448,98,255,623.551,668.755
3449,56,255,798.839,665.911
3450,65,255,810.992,665.362
3451,81,255,1268.451,665.944
3452,103,255,313.869,668.898
3453,30,255,539.700,665.433
3454,105,255,581.481,668.071
3455,152,255,952.526,669.382
3456,24,255,1278.208,664.458
3457,73,255,1521.212,665.623
3458,57,255,606.921,667.237
3459,68,255,1080.912,667.603
3460,67,255,658.396,668.724
3461,87,255,1109.500,668.879
3462,43,255,1343.291,667.360
3463,74,255,1383.162,669.270
3464,67,255,1506.918,668.545
3465,102,255,1068.716,671.382
3466,76,255,1161.447,670.066
3467,105,255,73.605,672.062
3468,115,255,437.187,674.204
3469,36,255,544.611,669.917
3470,113,255,815.863,673.721
3471,133,255,1138.861,674.665
3472,51,255,398.598,671.794
3473,154,255,476.760,675.351
3474,84,255,507.167,672.857
3475,44,255,613.818,671.364
3476,143,255,1252.269,674.864
3477,72,255,6.361,672.542
3478,151,255,126.957,675.599
3479,36,255,150.889,671.944
3480,66,255,174.424,672.515
3481,150,255,219.360,675.200
3482,106,255,300.679,674.377
3483,152,255,932.711,676.178
3484,146,255,1096.534,675.603
3485,56,255,1438.607,671.446
3486,82,255,1576.451,674.146
3487,42,255,275.738,672.405
3488,64,255,408.875,673.156
3489,53,255,705.104,673.255
3490,44,255,777.250,672.250
3491,58,255,1318.103,673.448
3492,56,255,1461.625,673.500
3493,87,255,1563.730,673.385
3494,50,255,63.060,674.180
3495,85,255,91.782,674.676
3496,61,255,695.566,675.025
3497,46,255,1471.783,674.630
3498,124,255,22.347,676.855
3499,50,255,734.320,674.160
3500,197,255,905.226,682.749
3501,129,255,1226.686,678.097
3502,76,255,165.947,677.882
3503,90,255,973.756,676.900
3504,56,255,1125.214,676.518
3505,33,255,1209.258,675.167
3506,31,255,1452.048,675.210
3507,168,255,1548.131,679.357
3508,66,255,325.712,677.727
3509,105,255,374.043,678.567
3510,62,255,717.903,677.387
3511,22,255,1153.773,675.364
3512,114,255,1297.009,678.868
3513,128,255,183.773,682.109
3514,134,255,250.127,682.328
3515,159,255,351.154,683.877
3516,135,255,768.448,681.641
3517,86,255,1117.128,681.372
3518,54,255,1405.333,678.685
3519,129,255,1493.267,681.508
3520,54,255,668.778,680.093
3521,52,255,837.904,679.692
3522,104,255,1525.500,681.000
3523,104,255,265.817,684.663
3524,70,255,316.657,681.357
3525,76,255,742.461,681.789
3526,122,255,1003.730,683.713
3527,128,255,280.453,685.758
3528,88,255,753.114,683.807
3529,52,255,879.404,681.346
3530,85,255,953.441,682.476
3531,106,255,1047.491,681.906
3532,78,255,1198.795,684.603
3533,69,255,427.312,683.746
3534,172,255,453.122,688.558
3535,162,255,658.117,687.265
3536,85,255,704.524,684.429
3537,161,255,1342.488,686.376
3538,205,255,1425.295,686.890
3539,82,255,1451.232,683.183
3540,127,255,1562.374,686.815
3541,30,255,142.833,683.033
3542,110,255,209.727,686.791
3543,82,255,335.573,685.280
3544,140,255,677.764,687.643
3545,61,255,848.762,684.107
3546,29,255,859.500,682.603
3547,37,255,8.581,684.662
3548,88,255,629.614,685.795
3549,70,255,488.314,687.029
3550,57,255,817.833,685.974
3551,152,255,971.086,690.796
3552,71,255,1164.824,687.711
3553,49,255,1263.827,686.745
3554,99,255,1151.742,690.146
3555,25,255,1221.780,687.020
3556,107,255,1373.248,687.827
3557,85,255,30.041,688.488
3558,37,255,589.068,686.878
3559,43,255,1252.988,687.430
3560,37,255,1272.284,687.176
3561,116,255,1397.207,691.888
3562,91,255,74.269,690.049
3563,147,255,155.704,694.466
3564,113,255,397.624,690.916
3565,45,255,830.411,688.789
3566,98,255,1030.276,691.561
3567,136,255,1067.809,691.956
3568,139,255,232.068,692.888
3569,79,255,329.538,692.589
3570,54,255,898.148,690.593
3571,23,255,924.152,688.717
3572,73,255,1018.692,690.404
3573,47,255,1136.287,689.585
3574,109,255,1298.362,691.830
3575,103,255,49.665,693.490
3576,93,255,875.500,692.059
3577,47,255,1113.968,690.564
3578,41,255,1318.354,690.402
3579,45,255,605.033,692.278
3580,74,255,614.027,693.878
3581,89,255,103.860,694.927
3582,99,255,310.066,693.924
3583,59,255,382.636,692.839
3584,77,255,812.383,695.344
3585,38,255,1475.474,692.421
3586,48,255,242.500,694.000
3587,74,255,1042.392,694.878
3588,88,255,1192.932,696.250
3589,109,255,1209.839,696.298
3590,47,255,1233.202,693.926
3591,71,255,1460.063,694.092
3592,54,255,1491.111,694.241
3593,81,255,513.043,696.451
3594,46,255,823.609,696.457
3595,86,255,859.070,696.337
3596,102,255,1253.863,696.480
3597,58,255,37.983,696.914
3598,155,255,125.274,698.687
3599,66,255,263.894,695.924
3600,133,255,581.673,698.944
3601,107,255,633.425,698.023
3602,47,255,789.606,695.585
3603,104,255,842.692,697.644
3604,147,255,938.099,699.548
3605,37,255,1141.932,695.743
3606,30,255,57.033,695.400
3607,64,255,356.328,697.141
3608,143,255,953.262,699.871
3609,131,255,1165.714,700.065
3610,98,255,1273.041,697.357
3611,101,255,1590.153,698.332
3612,61,255,428.139,698.074
3613,84,255,554.762,699.869
3614,34,255,926.000,697.676
3615,126,255,1000.524,700.103
3616,78,255,1345.000,698.410
3617,91,255,1440.555,698.797
3618,75,255,1525.073,698.100
3619,122,255,7.992,700.762
3620,116,255,143.164,702.216
3621,82,255,500.902,700.012
3622,70,255,544.614,700.943
3623,39,255,1383.474,698.346
3624,74,255,73.568,701.676
3625,72,255,669.917,700.653
3626,132,255,717.705,700.455
3627,131,255,180.279,704.286
3628,110,255,286.591,703.518
3629,69,255,374.804,701.471
3630,130,255,482.600,704.277
3631,109,255,565.904,705.757
3632,125,255,782.468,703.036
3633,191,255,1093.887,703.935
3634,75,255,395.913,702.367
3635,62,255,916.613,702.323
3636,57,255,55.675,702.921
3637,82,255,1478.293,703.573
3638,118,255,1563.966,704.475
3639,145,255,87.410,708.728
3640,116,255,1115.966,704.905
3641,93,255,1513.683,706.156
3642,29,255,383.397,704.845
3643,52,255,444.885,705.096
3644,104,255,657.673,707.423
3645,51,255,1363.049,704.873
3646,51,255,1455.363,704.402
3647,65,255,66.915,708.408
3648,81,255,250.241,708.414
3649,72,255,882.736,705.431
3650,86,255,1202.477,707.640
3651,49,255,1391.418,705.745
3652,116,255,1428.750,707.931
3653,38,255,329.289,706.658
3654,56,255,465.089,706.661
3655,125,255,852.180,711.852
3656,144,255,1301.028,709.056
3657,41,255,1404.841,707.451
3658,61,255,103.369,708.057
3659,77,255,206.526,709.058
3660,200,255,310.840,712.760
3661,70,255,433.157,709.643
3662,106,255,515.142,708.972
3663,95,255,864.679,710.616
3664,96,255,1324.062,709.156
3665,40,255,422.800,710.050
3666,100,255,989.770,710.860
3667,71,255,1218.556,708.951
3668,87,255,1259.121,710.362
3669,42,255,123.667,709.738
3670,103,255,166.568,711.704
3671,81,255,261.204,711.451
3672,116,255,697.853,711.845
3673,121,255,1353.764,713.649
3674,113,255,1412.385,713.022
3675,77,255,1575.786,710.903
3676,107,255,10.547,713.285
3677,43,255,1179.012,711.105
3678,88,255,1383.261,711.727
3679,76,255,1589.434,710.895
3680,31,255,43.855,710.790
3681,136,255,191.059,714.919
3682,35,255,1068.186,711.043
3683,73,255,1283.637,713.116
3684,92,255,1488.446,712.957
3685,82,255,1547.549,712.537
3686,108,255,474.824,715.528
3687,126,255,1018.508,715.397
3688,36,255,1473.611,712.139
3689,112,255,602.821,716.259
3690,74,255,925.649,714.689
3691,181,255,1226.693,718.097
3692,131,255,1530.431,717.469
3693,91,255,215.742,716.830
3694,118,255,234.517,718.085
3695,55,255,840.464,715.173
3696,69,255,915.790,716.094
3697,55,255,1272.045,714.936
3698,29,255,1504.983,714.328
3699,143,255,28.556,721.136
3700,135,255,293.559,720.100
3701,76,255,584.211,716.513
3702,95,255,1338.247,717.016
3703,103,255,454.879,719.733
3704,75,255,538.993,717.567
3705,98,255,683.367,718.480
3706,20,255,507.350,716.800
3707,131,255,624.332,719.844
3708,48,255,713.979,718.708
3709,82,255,747.890,718.378
3710,59,255,961.754,718.076
3711,63,255,48.468,720.198
3712,123,255,822.825,720.598
3713,33,255,894.591,717.955
3714,145,255,1062.576,720.272
3715,59,255,1092.669,720.110
3716,23,255,1163.891,717.935
3717,65,255,1594.869,720.808
3718,104,255,369.462,722.115
3719,37,255,773.878,718.473
3720,72,255,1130.611,719.514
3721,60,255,1245.117,719.267
3722,85,255,271.371,722.229
3723,57,255,333.184,722.219
3724,82,255,653.500,721.707
3725,100,255,734.390,722.790
3726,101,255,784.213,722.510
3727,70,255,978.714,721.614
3728,91,255,1118.390,722.467
3729,92,255,1151.511,721.870
3730,92,255,1450.043,722.739
3731,110,255,1464.455,725.700
3732,55,255,40.427,722.227
3733,76,255,79.434,722.342
3734,67,255,103.022,722.276
3735,142,255,413.880,726.570
3736,66,255,425.985,722.424
3737,125,255,1305.412,724.988
3738,87,255,150.305,724.029
3739,103,255,397.257,726.675
3740,108,255,698.472,725.426
3741,38,255,722.158,723.737
3742,57,255,768.693,724.921
3743,191,255,1024.678,729.971
3744,27,255,1038.907,722.574
3745,33,255,1543.500,722.530
3746,63,255,256.929,725.865
3747,43,255,550.779,723.965
3748,108,255,1178.074,728.269
3749,94,255,1428.713,727.032
3750,64,255,1496.000,725.000
3751,140,255,349.364,729.800
3752,36,255,503.361,725.333
3753,62,255,1260.694,725.774
3754,62,255,879.984,726.984
3755,108,255,992.009,729.704
3756,47,255,1103.989,727.074
3757,69,255,1282.790,727.601
3758,42,255,223.286,727.476
3759,58,255,869.310,729.121
3760,57,255,1211.132,729.254
3761,63,255,1376.421,730.421
3762,126,255,11.675,730.667
3763,65,255,178.238,730.300
3764,21,255,590.071,728.119
3765,64,255,603.406,729.641
3766,24,255,1091.000,727.083
3767,138,255,1195.797,730.652
3768,69,255,1318.949,729.268
3769,118,255,1391.593,731.627
3770,48,255,1408.062,728.875
3771,31,255,363.210,729.339
3772,52,255,620.827,730.192
3773,34,255,748.000,729.412
3774,93,255,945.478,731.296
3775,92,255,1354.109,731.793
3776,51,255,102.755,730.186
3777,97,255,161.964,732.820
3778,132,255,794.174,733.341
3779,92,255,932.772,734.228
3780,35,255,955.129,730.643
3781,49,255,1141.663,731.173
3782,53,255,1157.160,731.387
3783,39,255,1526.192,730.321
3784,77,255,1539.435,731.266
3785,84,255,1582.905,732.000
3786,86,255,91.698,733.419
3787,48,255,286.938,732.500
3788,42,255,487.524,732.214
3789,178,255,905.129,733.640
3790,56,255,972.571,731.464
3791,62,255,1596.823,733.323
3792,103,255,190.791,734.617
3793,69,255,468.268,733.268
3794,78,255,713.974,733.603
3795,107,255,1042.799,734.154
3796,60,255,1264.650,732.867
3797,57,255,1454.939,732.430
3798,64,255,324.266,734.594
3799,86,255,496.895,736.442
3800,125,255,769.548,736.876
3801,108,255,1415.528,737.259
3802,45,255,115.167,736.878
3803,136,255,558.221,740.515
3804,154,255,1233.214,738.318
3805,91,255,54.566,738.005
3806,95,255,131.489,739.995
3807,21,255,151.214,735.357
3808,61,255,213.189,737.254
3809,101,255,255.668,738.906
3810,79,255,433.918,738.196
3811,54,255,573.630,736.741
3812,114,255,748.009,739.044
3813,57,255,1063.781,736.904
3814,111,255,1076.527,738.950
3815,37,255,1096.743,736.527
3816,82,255,36.610,739.890
3817,50,255,393.420,737.800
3818,95,255,542.153,738.942
3819,40,255,806.825,737.775
3820,96,255,877.042,738.302
3821,21,255,1286.738,736.738
3822,209,255,1329.696,741.730
3823,178,255,1553.174,741.472
3824,48,255,80.250,738.500
3825,58,255,458.586,739.741
3826,37,255,479.770,739.662
3827,116,255,664.647,741.966
3828,122,255,732.574,742.361
3829,98,255,270.122,741.908
3830,68,255,418.529,740.691
3831,103,255,1147.859,741.044
3832,21,255,1527.929,738.643
3833,72,255,220.000,742.139
3834,76,255,518.632,741.816
3835,127,255,843.154,743.051
3836,183,255,1250.740,745.167
3837,57,255,1520.851,741.570
3838,29,255,509.362,741.086
3839,46,255,599.130,741.391
3840,107,255,624.519,743.248
3841,73,255,689.966,743.322
3842,21,255,981.690,740.452
3843,59,255,1013.720,741.839
3844,170,255,1473.671,746.806
3845,107,255,1492.864,743.444
3846,72,255,991.139,743.514
3847,63,255,1120.897,743.690
3848,38,255,1312.868,742.526
3849,66,255,1426.894,743.485
3850,77,255,1439.942,748.565
3851,95,255,66.132,746.753
3852,63,255,340.373,744.706
3853,141,255,816.748,748.294
3854,23,255,918.196,742.804
3855,118,255,1297.805,746.873
3856,48,255,1345.292,744.625
3857,75,255,1356.607,744.793
3858,123,255,1380.598,745.915
3859,168,255,1579.256,747.536
3860,72,255,101.903,747.056
3861,128,255,148.742,747.555
3862,101,255,291.470,746.530
3863,47,255,376.691,744.138
3864,186,255,894.930,748.409
3865,78,255,1051.667,745.679
3866,67,255,1450.470,745.575
3867,93,255,1508.360,748.737
3868,27,255,92.204,745.019
3869,68,255,309.897,747.529
3870,85,255,327.006,748.018
3871,49,255,451.745,745.378
3872,108,255,650.500,748.259
3873,44,255,952.136,745.250
3874,30,255,111.500,745.733
3875,55,255,1532.900,746.882
3876,65,255,19.531,749.454
3877,86,255,924.058,749.756
3878,27,255,1177.315,746.685
3879,74,255,390.149,749.446
3880,66,255,681.939,749.652
3881,126,255,763.944,751.349
3882,123,255,860.346,750.183
3883,152,255,965.474,751.855
3884,23,255,1390.413,747.891
3885,53,255,81.179,750.009
3886,113,255,165.730,750.128
3887,95,255,579.184,751.616
3888,70,255,778.371,750.900
3889,103,255,1108.481,752.422
3890,63,255,1416.230,750.040
3891,85,255,401.982,754.959
3892,82,255,1091.000,752.585
3893,34,255,348.500,751.912
3894,55,255,373.573,751.700
3895,115,255,994.813,753.665
3896,35,255,1021.043,751.700
3897,53,255,1073.519,752.198
3898,103,255,1426.636,754.752
3899,66,255,1564.091,753.879
3900,51,255,225.735,752.951
3901,68,255,266.368,753.662
3902,71,255,416.782,754.120
3903,100,255,882.300,755.010
3904,42,255,208.738,753.048
3905,71,255,515.655,754.387
3906,87,255,716.316,755.213
3907,45,255,799.122,754.211
3908,154,255,947.279,758.357
3909,111,255,1197.275,756.194
3910,131,255,251.828,757.263
3911,85,255,457.500,755.112
3912,64,255,544.766,755.875
3913,173,255,1133.720,758.373
3914,30,255,1238.567,753.433
3915,91,255,39.555,758.269
3916,46,255,298.826,755.804
3917,169,255,601.914,759.027
3918,113,255,729.650,758.332
3919,69,255,5.645,758.225
3920,60,255,334.433,758.483
3921,54,255,383.019,757.593
3922,60,255,556.650,757.833
3923,100,255,1036.830,758.430
3924,63,255,1150.849,756.611
3925,62,255,1342.468,757.694
3926,92,255,441.413,759.641
3927,58,255,501.552,758.759
3928,152,255,701.559,761.428
3929,99,255,847.702,758.965
3930,53,255,178.311,758.406
3931,76,255,1067.303,759.263
3932,143,255,1214.962,762.682
3933,113,255,117.969,760.677
3934,48,255,343.042,759.729
3935,160,255,669.562,761.531
3936,32,255,1014.406,758.562
3937,56,255,1046.250,760.857
3938,133,255,1234.996,762.071
3939,112,255,1311.062,763.223
3940,23,255,158.630,759.717
3941,46,255,409.565,760.522
3942,145,255,622.431,763.659
3943,102,255,836.833,763.941
3944,119,255,1179.399,763.601
3945,57,255,1354.781,761.044
3946,35,255,1487.929,760.186
3947,69,255,14.993,763.181
3948,120,255,82.133,765.858
3949,54,255,492.907,762.556
3950,80,255,527.638,763.487
3951,87,255,1094.339,762.236
3952,59,255,1524.788,762.653
3953,84,255,1552.095,763.071
3954,134,255,218.112,768.358
3955,154,255,651.260,765.182
3956,167,255,1501.638,766.368
3957,25,255,1598.460,763.180
3958,46,255,306.043,763.761
3959,65,255,546.638,764.115
3960,106,255,902.594,765.679
3961,48,255,1437.333,763.479
3962,62,255,48.613,765.742
3963,107,255,150.790,765.967
3964,67,255,268.261,765.709
3965,71,255,514.317,765.120
3966,73,255,797.267,765.390
3967,106,255,1390.113,767.632
3968,97,255,1402.603,768.160
3969,126,255,1459.159,767.952
3970,86,255,747.860,767.674
3971,124,255,966.766,768.145
3972,96,255,1300.625,767.312
3973,75,255,1578.100,766.127
3974,42,255,96.357,767.214
3975,46,255,175.870,766.978
3976,126,255,185.810,770.952
3977,65,255,318.500,767.238
3978,27,255,763.722,765.241
3979,121,255,821.202,768.855
3980,65,255,1153.485,767.223
3981,85,255,1413.253,769.159
3982,46,255,1194.435,768.065
3983,50,255,1279.880,767.960
3984,57,255,256.535,770.026
3985,91,255,1019.599,771.775
3986,120,255,235.592,772.667
3987,144,255,359.382,771.243
3988,141,255,381.188,772.862
3989,96,255,577.490,771.458
3990,53,255,604.538,770.481
3991,102,255,768.863,773.500
3992,160,255,981.700,772.756
3993,61,255,1108.221,770.402
3994,42,255,1251.738,769.976
3995,30,255,1287.133,769.267
3996,32,255,1329.781,769.156
3997,69,255,406.558,771.529
3998,182,255,783.115,774.907
3999,70,255,1078.329,771.600
4000,48,255,1368.875,770.354
4001,33,255,57.591,770.955
4002,45,255,303.922,770.389
4003,34,255,937.500,770.765
4004,152,255,1044.829,774.980
4005,92,255,9.717,774.098
4006,69,255,808.543,774.123
4007,127,255,896.996,777.138
4008,36,255,913.083,772.778
4009,56,255,927.286,773.357
4010,63,255,1271.532,773.690
4011,53,255,487.802,775.292
4012,129,255,675.019,776.616
4013,145,255,1000.734,776.493
4014,99,255,1101.490,776.662
4015,84,255,281.619,777.667
4016,87,255,330.270,775.489
4017,26,255,497.115,773.923
4018,42,255,851.286,774.452
4019,65,255,1520.946,776.300
4020,96,255,26.854,778.406
4021,92,255,134.348,777.522
4022,160,255,414.606,780.987
4023,40,255,870.325,775.875
4024,43,255,1361.291,775.616
4025,70,255,292.614,778.500
4026,52,255,351.365,778.135
4027,52,255,558.192,776.365
4028,100,255,584.270,779.000
4029,35,255,644.443,775.929
4030,105,255,750.652,778.519
4031,106,255,1130.377,778.094
4032,101,255,1468.817,779.559
4033,86,255,1532.663,778.791
4034,126,255,60.651,780.230
4035,109,255,881.362,780.252
4036,105,255,945.138,779.767
4037,40,255,301.325,778.175
4038,133,255,460.041,781.515
4039,94,255,840.585,781.649
4040,105,255,1223.452,781.252
4041,20,255,400.400,778.600
4042,59,255,512.280,780.534
4043,120,255,923.742,782.317
4044,106,255,241.491,782.264
4045,95,255,549.679,781.753
4046,97,255,653.376,783.974
4047,38,255,1078.395,780.053
4048,43,255,1149.663,780.384
4049,42,255,1183.905,780.857
4050,122,255,1548.410,783.639
4051,52,255,1563.442,780.673
4052,123,255,1585.703,782.947
4053,43,255,127.174,782.616
4054,83,255,446.898,785.259
4055,58,255,1330.638,782.000
4056,195,255,1355.290,787.003
4057,101,255,622.579,785.262
4058,161,255,1299.922,786.202
4059,152,255,85.868,786.500
4060,33,255,167.258,782.682
4061,33,255,525.561,782.833
4062,36,255,569.917,782.639
4063,102,255,697.118,786.186
4064,114,255,1265.877,785.658
4065,38,255,1374.079,784.316
4066,151,255,1402.301,788.924
4067,28,255,36.714,784.357
4068,34,255,346.676,784.235
4069,98,255,1169.357,786.122
4070,86,255,153.209,787.895
4071,60,255,191.933,785.450
4072,20,255,1115.100,784.650
4073,132,255,1281.795,789.500
4074,135,255,1448.367,788.456
4075,46,255,225.761,787.283
4076,83,255,261.271,787.813
4077,45,255,274.500,786.767
4078,33,255,500.742,786.712
4079,157,255,863.239,790.761
4080,42,255,1474.762,787.405
4081,86,255,335.163,789.698
4082,121,255,751.236,792.723
4083,98,255,1506.480,789.449
4084,74,255,24.595,789.189
4085,65,255,107.638,790.454
4086,62,255,313.903,790.129
4087,99,255,788.783,790.793
4088,154,255,821.403,792.143
4089,120,255,1205.558,792.608
4090,81,255,1235.636,789.623
4091,86,255,1417.581,790.058
4092,106,255,1488.557,790.811
4093,47,255,1516.138,789.372
4094,35,255,741.871,790.243
4095,131,255,956.187,791.683
4096,51,255,1389.716,790.735
4097,74,255,116.284,792.797
4098,120,255,383.592,794.100
4099,37,255,430.554,790.068
4100,73,255,534.267,791.459
4101,90,255,598.967,791.789
4102,59,255,672.619,791.246
4103,176,255,994.960,794.807
4104,93,255,1121.253,792.253
4105,41,255,1141.402,790.232
4106,27,255,1252.315,789.907
4107,52,255,1527.077,791.231
4108,34,255,169.618,791.382
4109,40,255,180.625,791.275
4110,66,255,301.545,792.439
4111,50,255,1036.780,792.100
4112,49,255,1189.969,791.867
4113,80,255,203.875,794.888
4114,71,255,231.908,793.937
4115,51,255,552.696,791.343
4116,197,255,724.485,799.952
4117,58,255,1011.241,795.207
4118,153,255,1063.801,795.977
4119,78,255,1079.590,794.731
4120,194,255,356.933,798.866
4121,69,255,527.486,796.906
4122,48,255,920.958,795.146
4123,206,255,1328.291,799.718
4124,61,255,33.238,796.434
4125,87,255,68.132,796.891
4126,57,255,609.184,796.868
4127,82,255,883.463,797.159
4128,103,255,973.121,797.364
4129,132,255,1311.114,799.341
4130,92,255,277.076,798.207
4131,92,255,562.902,798.728
4132,84,255,1025.786,797.667
4133,106,255,1547.198,798.123
4134,130,255,41.108,806.069
4135,176,255,54.312,804.858
4136,119,255,185.441,800.878
4137,64,255,416.625,799.469
4138,82,255,488.720,799.488
4139,103,255,576.694,801.053
4140,71,255,620.387,798.866
4141,92,255,685.326,798.652
4142,68,255,1088.250,799.265
4143,77,255,1245.747,799.708
4144,81,255,1514.302,798.636
4145,93,255,1590.231,798.618
4146,46,255,171.043,798.196
4147,60,255,899.133,799.250
4148,88,255,146.295,799.977
4149,37,255,406.446,799.770
4150,138,255,509.928,802.551
4151,130,255,650.846,800.646
4152,83,255,1267.428,802.524
4153,56,255,289.589,801.250
4154,46,255,426.565,800.891
4155,24,255,472.000,799.500
4156,111,255,709.410,804.131
4157,117,255,808.774,803.774
4158,45,255,910.078,800.567
4159,49,255,1374.622,801.500
4160,53,255,1460.028,800.915
4161,102,255,1149.980,804.765
4162,65,255,1470.808,802.223
4163,106,255,1572.575,803.557
4164,74,255,123.135,804.514
4165,99,255,668.348,804.672
4166,57,255,758.816,803.623
4167,50,255,783.780,803.440
4168,71,255,1360.979,803.444
4169,138,255,246.703,807.174
4170,77,255,597.942,804.552
4171,95,255,837.900,805.447
4172,58,255,1493.000,803.879
4173,46,255,2.130,807.565
4174,59,255,72.754,805.466
4175,122,255,218.885,806.852
4176,49,255,259.643,805.051
4177,59,255,391.754,805.144
4178,67,255,860.097,804.963
4179,61,255,891.221,805.598
4180,96,255,927.927,806.365
4181,181,255,948.964,807.566
4182,110,255,1111.000,807.064
4183,38,255,1254.868,805.132
4184,73,255,335.103,806.295
4185,74,255,449.122,806.473
4186,32,255,695.594,805.906
4187,34,255,1281.235,804.412
4188,59,255,1406.551,806.364
4189,135,255,84.248,812.041
4190,51,255,799.755,807.696
4191,118,255,112.898,811.492
4192,86,255,478.465,811.535
4193,153,255,745.003,810.310
4194,123,255,984.053,810.378
4195,38,255,1069.711,807.868
4196,132,255,1390.644,811.114
4197,121,255,204.541,812.178
4198,51,255,433.559,809.422
4199,113,255,540.668,811.819
4200,167,255,823.249,813.871
4201,136,255,1292.419,812.096
4202,97,255,525.902,811.015
4203,140,255,846.471,814.343
4204,131,255,1057.447,813.622
4205,100,255,1172.620,811.000
4206,99,255,346.601,812.571
4207,66,255,633.515,811.545
4208,71,255,997.824,812.021
4209,131,255,1221.477,814.515
4210,65,255,1337.500,810.915
4211,94,255,1553.489,813.245
4212,45,255,410.700,810.767
4213,144,255,561.014,813.458
4214,69,255,1038.239,812.384
4215,25,255,1076.300,810.660
4216,72,255,1196.097,811.806
4217,22,255,1352.409,810.591
4218,70,255,371.114,812.700
4219,122,255,903.877,815.893
4220,96,255,1121.302,815.135
4221,47,255,1423.670,813.372
4222,107,255,1468.874,815.780
4223,165,255,1583.197,817.070
4224,148,255,501.831,816.811
4225,69,255,1317.399,814.254
4226,101,255,1365.658,816.203
4227,102,255,1494.647,815.049
4228,44,255,272.977,814.045
4229,50,255,650.100,815.080
4230,97,255,1014.428,815.933
4231,109,255,1093.528,817.060
4232,30,255,1145.500,814.333
4233,32,255,425.344,816.000
4234,65,255,674.038,816.731
4235,70,255,1506.571,817.357
4236,42,255,1597.381,817.214
4237,76,255,67.066,818.671
4238,64,255,284.516,817.094
4239,95,255,575.879,818.984
4240,122,255,659.803,822.992
4241,117,255,711.722,818.611
4242,33,255,1539.773,815.864
4243,68,255,180.221,818.618
4244,82,255,328.171,819.463
4245,89,255,885.051,819.522
4246,63,255,936.357,818.706
4247,78,255,1075.218,819.051
4248,26,255,242.885,818.000
4249,58,255,440.293,819.207
4250,68,255,612.029,820.412
4251,62,255,1135.726,819.710
4252,109,255,146.528,821.197
4253,44,255,229.841,819.841
4254,148,255,414.858,824.372
4255,99,255,775.187,822.540
4256,117,255,1414.953,821.979
4257,169,255,394.938,824.447
4258,72,255,621.528,822.875
4259,71,255,764.486,822.570
4260,96,255,787.188,824.208
4261,86,255,798.500,822.151
4262,97,255,874.046,823.139
4263,127,255,1530.555,824.445
4264,173,255,737.390,826.939
4265,26,255,972.038,820.846
4266,168,255,1262.131,826.411
4267,72,255,1432.569,823.583
4268,85,255,121.418,824.147
4269,114,255,530.044,826.325
4270,52,255,679.808,823.788
4271,85,255,923.159,823.794
4272,114,255,1246.061,825.289
4273,68,255,56.676,824.647
4274,112,255,693.098,826.929
4275,41,255,2.232,825.720
4276,98,255,192.663,826.051
4277,55,255,271.373,824.718
4278,78,255,431.449,826.141
4279,60,255,453.183,825.717
4280,79,255,514.070,825.741
4281,88,255,752.807,826.716
4282,68,255,985.015,824.588
4283,58,255,1010.259,825.224
4284,70,255,1188.214,826.286
4285,89,255,1323.433,827.871
4286,28,255,1517.464,824.393
4287,72,255,16.958,826.403
4288,82,255,79.561,826.463
4289,45,255,467.633,826.167
4290,69,255,1094.978,827.746
4291,65,255,1314.131,827.300
4292,44,255,1458.227,826.500
4293,71,255,217.092,828.049
4294,68,255,374.353,827.353
4295,54,255,486.907,826.889
4296,33,255,634.409,825.136
4297,132,255,822.091,829.886
4298,41,255,1440.085,826.354
4299,114,255,1554.632,828.825
4300,141,255,240.890,829.791
4301,159,255,966.381,830.972
4302,73,255,1071.952,830.116
4303,48,255,1108.229,828.021
4304,91,255,647.940,831.027
4305,68,255,908.529,829.559
4306,49,255,1060.561,829.051
4307,57,255,1169.658,829.535
4308,75,255,1507.940,829.527
4309,58,255,136.483,830.638
4310,75,255,321.007,831.060
4311,74,255,358.649,831.054
4312,52,255,948.577,829.885
4313,130,255,1354.615,833.092
4314,124,255,1399.379,832.694
4315,61,255,104.254,831.025
4316,79,255,283.348,832.120
4317,162,255,547.037,833.630
4318,89,255,1120.219,831.826
4319,87,255,1155.914,831.259
4320,52,255,1219.500,830.827
4321,57,255,1378.342,831.798
4322,90,255,1482.811,833.400
4323,34,255,148.824,831.765
4324,43,255,252.988,832.872
4325,100,255,300.630,834.870
4326,115,255,562.570,835.004
4327,117,255,596.132,835.175
4328,52,255,1142.423,833.942
4329,41,255,1331.720,832.232
4330,128,255,1446.102,835.688
4331,80,255,1465.225,833.000
4332,77,255,202.747,835.136
4333,73,255,922.719,834.212
4334,68,255,1019.500,835.132
4335,57,255,1202.798,833.342
4336,39,255,1342.346,833.474
4337,101,255,448.233,837.332
4338,107,255,62.145,838.313
4339,49,255,330.092,835.786
4340,32,255,613.125,835.000
4341,97,255,1029.861,840.335
4342,88,255,1083.580,837.818
4343,74,255,1368.500,837.176
4344,128,255,23.305,840.227
4345,24,255,169.000,835.375
4346,166,255,264.548,842.560
4347,64,255,632.344,837.031
4348,61,255,767.877,836.861
4349,79,255,837.816,838.184
4350,67,255,880.306,837.381
4351,30,255,34.533,837.433
4352,49,255,43.194,838.255
4353,79,255,110.019,840.703
4354,26,255,406.192,837.077
4355,111,255,433.050,839.734
4356,38,255,661.895,836.658
4357,86,255,1045.965,837.988
4358,108,255,1214.176,841.620
4359,73,255,1255.500,839.870
4360,74,255,1386.851,839.905
4361,79,255,153.209,839.943
4362,153,255,477.814,840.977
4363,112,255,787.393,841.089
4364,128,255,987.086,841.039
4365,72,255,1281.181,840.167
4366,28,255,2.357,839.000
4367,51,255,499.324,840.382
4368,108,255,868.306,843.944
4369,33,255,1475.833,839.318
4370,46,255,11.717,840.978
4371,41,255,72.354,840.695
4372,103,255,380.937,842.869
4373,24,255,463.917,840.083
4374,40,255,524.800,839.775
4375,90,255,695.100,842.244
4376,42,255,1521.857,841.548
4377,40,255,1530.575,841.000
4378,86,255,51.709,846.965
4379,33,255,391.318,840.803
4380,50,255,759.720,842.940
4381,63,255,1597.548,844.960
4382,77,255,712.019,844.123
4383,65,255,1131.623,843.515
4384,32,255,1172.750,842.594
4385,55,255,215.064,844.518
4386,41,255,575.183,843.159
4387,73,255,736.719,844.911
4388,150,255,804.280,846.447
4389,98,255,1187.449,845.959
4390,139,255,1326.219,846.047
4391,79,255,323.399,846.006
4392,163,255,345.426,849.156
4393,66,255,664.258,845.606
4394,52,255,906.731,845.635
4395,66,255,915.955,845.697
4396,53,255,1289.066,845.009
4397,64,255,1541.719,844.906
4398,98,255,1587.020,847.214
4399,55,255,2.827,847.991
4400,58,255,650.345,847.397
4401,153,255,841.199,851.500
4402,88,255,898.136,849.966
4403,116,255,969.414,848.069
4404,94,255,1297.574,848.713
4405,49,255,1432.704,846.520
4406,37,255,1559.797,846.662
4407,106,255,604.547,849.981
4408,149,255,879.030,851.943
4409,48,255,1241.271,847.833
4410,75,255,226.100,849.927
4411,94,255,945.011,850.160
4412,107,255,1411.266,851.584
4413,102,255,1464.735,850.539
4414,47,255,1480.947,848.330
4415,130,255,1510.608,851.562
4416,57,255,42.149,850.044
4417,165,255,189.573,854.282
4418,79,255,250.538,852.171
4419,102,255,455.912,852.039
4420,55,255,552.609,849.573
4421,107,255,571.864,853.528
4422,135,255,1063.211,852.048
4423,104,255,1112.077,850.635
4424,124,255,1231.903,853.468
4425,27,255,1262.722,849.685
4426,117,255,1452.679,855.081
4427,47,255,203.691,850.394
4428,85,255,586.371,851.912
4429,60,255,630.400,851.933
4430,25,255,854.580,850.260
4431,140,255,1014.843,854.293
4432,79,255,1042.576,852.019
4433,72,255,1312.056,851.986
4434,72,255,83.278,852.222
4435,81,255,287.809,853.994
4436,87,255,1251.040,853.592
4437,112,255,1343.786,854.232
4438,34,255,1534.676,851.647
4439,69,255,498.862,853.688
4440,81,255,620.389,854.389
4441,55,255,656.427,853.318
4442,29,255,777.638,852.224
4443,49,255,1441.092,853.194
4444,79,255,1546.968,854.627
4445,29,255,304.190,853.397
4446,182,255,435.885,856.604
4447,100,255,482.770,855.480
4448,131,255,1135.179,858.225
4449,128,255,1274.055,854.906
4450,168,255,397.518,857.310
4451,34,255,468.529,854.059
4452,204,255,526.750,860.784
4453,148,255,695.331,857.176
4454,45,255,758.944,854.256
4455,55,255,799.609,855.827
4456,48,255,1031.146,854.833
4457,73,255,1364.774,855.473
4458,107,255,168.706,857.874
4459,87,255,509.351,857.477
4460,96,255,729.354,858.427
4461,88,255,740.670,856.795
4462,61,255,1522.959,857.910
4463,111,255,858.023,859.725
4464,80,255,1082.550,858.938
4465,56,255,1559.357,857.196
4466,27,255,17.167,857.167
4467,76,255,324.434,858.132
4468,75,255,419.913,859.247
4469,61,255,987.139,858.090
4470,147,255,142.391,862.582
4471,52,255,975.404,859.385
4472,101,255,1156.470,860.916
4473,183,255,1171.238,864.265
4474,125,255,1203.932,862.876
4475,61,255,1477.434,858.910
4476,80,255,1492.050,860.487
4477,42,255,98.905,859.310
4478,161,255,230.196,864.040
4479,86,255,1096.430,860.779
4480,36,255,1188.111,859.472
4481,51,255,2.422,862.245
4482,48,255,50.500,860.792
4483,96,255,677.750,861.781
4484,78,255,946.808,863.269
4485,41,255,77.451,862.232
4486,41,255,557.012,862.744
4487,70,255,709.614,864.029
4488,41,255,832.500,862.305
4489,142,255,929.606,866.246
4490,32,255,1000.281,862.438
4491,65,255,64.408,864.038
4492,107,255,246.472,865.285
4493,51,255,261.225,863.873
4494,139,255,308.579,866.651
4495,121,255,751.533,866.814
4496,52,255,885.615,864.577
4497,125,255,1037.108,866.492
4498,82,255,1118.037,866.512
4499,67,255,1375.425,864.022
4500,30,255,1579.133,863.133
4501,162,255,206.963,870.957
4502,43,255,340.314,864.965
4503,110,255,1289.891,866.927
4504,50,255,1438.680,864.880
4505,56,255,1499.679,864.982
4506,53,255,34.179,866.538
4507,71,255,293.824,866.359
4508,40,255,329.475,865.775
4509,130,255,455.292,868.769
4510,58,255,491.690,866.052
4511,83,255,767.367,867.777
4512,72,255,786.472,867.292
4513,28,255,1255.714,865.000
4514,99,255,1313.328,867.581
4515,34,255,1468.235,865.676
4516,88,255,18.864,867.398
4517,60,255,86.200,867.950
4518,86,255,107.779,868.174
4519,73,255,544.486,869.801
4520,46,255,654.783,866.304
4521,123,255,801.053,870.183
4522,66,255,1276.439,867.485
4523,147,255,1359.418,870.010
4524,65,255,1418.731,868.146
4525,81,255,1512.858,868.154
4526,47,255,381.989,868.074
4527,67,255,475.306,868.918
4528,58,255,643.793,867.897
4529,117,255,1231.748,869.560
4530,146,255,1398.692,870.027
4531,34,255,1549.353,866.529
4532,24,255,7.958,868.167
4533,40,255,57.375,869.275
4534,40,255,183.100,869.250
4535,60,255,349.650,870.133
4536,103,255,845.684,869.578
4537,151,255,1591.811,871.732
4538,66,255,169.394,870.712
4539,24,255,406.083,868.542
4540,116,255,896.017,873.147
4541,36,255,969.194,869.806
4542,170,255,1001.906,872.788
4543,62,255,1536.306,869.597
4544,33,255,70.318,870.591
4545,151,255,416.818,876.083
4546,26,255,953.577,870.308
4547,37,255,1213.257,870.122
4548,48,255,913.083,873.125
4549,78,255,1325.795,873.462
4550,97,255,1344.294,873.851
4551,148,255,1483.115,876.723
4552,110,255,281.164,877.855
4553,24,255,322.167,872.958
4554,136,255,556.949,875.985
4555,193,255,629.536,879.593
4556,54,255,831.593,873.593
4557,30,255,1387.133,873.133
4558,96,255,1574.635,877.250
4559,38,255,195.368,874.553
4560,127,255,259.240,876.193
4561,61,255,367.811,876.910
4562,79,255,571.551,877.373
4563,200,255,695.595,878.240
4564,76,255,1082.579,875.461
4565,58,255,1157.241,875.138
4566,89,255,1442.815,876.163
4567,22,255,375.227,874.500
4568,31,255,741.048,875.048
4569,111,255,811.626,877.329
4570,146,255,1051.199,880.548
4571,81,255,1063.870,877.265
4572,157,255,1130.812,877.131
4573,130,255,46.908,879.969
4574,39,255,524.090,876.167
4575,136,255,721.081,878.485
4576,76,255,878.342,878.382
4577,58,255,1177.379,876.362
4578,56,255,1497.857,877.446
4579,116,255,585.371,879.647
4580,41,255,653.622,877.622
4581,54,255,1370.833,878.000
4582,34,255,1464.118,877.235
4583,102,255,131.029,880.892
4584,83,255,351.994,880.404
4585,84,255,492.583,881.071
4586,87,255,604.236,879.213
4587,152,255,1034.092,883.283
4588,58,255,1241.552,879.207
4589,25,255,1424.820,878.500
4590,116,255,245.578,883.500
4591,45,255,841.433,879.878
4592,40,255,859.275,878.525
4593,145,255,980.410,883.548
4594,80,255,1313.612,880.675
4595,61,255,1537.418,879.910
4596,50,255,57.380,881.020
4597,26,255,401.269,880.269
4598,109,255,455.500,883.362
4599,32,255,513.688,880.594
4600,119,255,675.349,886.340
4601,59,255,1202.178,880.534
4602,121,255,1261.070,884.971
4603,84,255,1283.655,882.310
4604,74,255,1414.770,881.514
4605,58,255,98.414,883.397
4606,57,255,339.202,882.781
4607,55,255,759.973,881.845
4608,88,255,771.784,882.898
4609,113,255,909.137,882.412
4610,33,255,935.258,881.076
4611,27,255,962.019,881.278
4612,67,255,1101.858,881.664
4613,52,255,1229.788,882.212
4614,75,255,1384.340,882.927
4615,71,255,431.106,882.190
4616,38,255,749.211,882.105
4617,96,255,711.146,887.135
4618,67,255,1332.888,884.813
4619,85,255,1549.571,884.512
4620,84,255,146.155,886.048
4621,77,255,290.292,886.045
4622,75,255,316.567,885.273
4623,89,255,378.230,886.904
4624,133,255,889.508,886.026
4625,25,255,1024.580,884.500
4626,62,255,1077.677,885.081
4627,89,255,1450.275,886.376
4628,58,255,158.966,886.534
4629,52,255,394.173,886.192
4630,49,255,475.561,885.929
4631,77,255,524.422,886.266
4632,69,255,739.529,886.210
4633,31,255,851.371,885.145
4634,57,255,1015.009,886.482
4635,67,255,1248.799,887.291
4636,95,255,1509.468,886.868
4637,113,255,28.403,888.270
4638,69,255,167.804,888.167
4639,81,255,1091.302,888.031
4640,87,255,205.385,888.914
4641,33,255,231.652,887.833
4642,85,255,785.888,889.029
4643,48,255,801.333,887.792
4644,39,255,863.295,887.962
4645,97,255,923.057,888.974
4646,89,255,952.815,890.174
4647,138,255,1276.283,892.188
4648,154,255,74.117,893.656
4649,36,255,533.778,888.472
4650,42,255,730.333,888.833
4651,55,255,1146.718,890.173
4652,76,255,1297.368,890.447
4653,132,255,1469.174,892.788
4654,57,255,1531.009,889.272
4655,37,255,119.149,888.959
4656,35,255,1136.929,889.043
4657,68,255,1175.279,890.000
4658,55,255,1217.955,889.282
4659,33,255,107.136,890.621
4660,63,255,651.357,891.627
4661,74,255,696.122,891.176
4662,34,255,1022.559,890.647
4663,81,255,1125.377,892.019
4664,59,255,1582.822,890.754
4665,64,255,558.047,891.438
4666,83,255,820.380,892.645
4667,47,255,836.649,891.479
4668,106,255,1369.491,893.651
4669,31,255,1597.726,891.661
4670,61,255,12.041,892.648
4671,100,255,180.230,895.180
4672,113,255,600.934,894.261
4673,79,255,1157.601,894.335
4674,39,255,2.218,895.167
4675,24,255,58.167,892.625
4676,44,255,418.364,894.045
4677,44,255,1167.659,895.023
4678,126,255,1549.667,895.992
4679,73,255,193.596,896.322
4680,133,255,351.771,899.147
4681,53,255,514.858,895.066
4682,144,255,769.326,899.035
4683,61,255,1187.057,895.123
4684,79,255,147.703,896.335
4685,233,255,276.770,902.152
4686,70,255,498.771,896.457
4687,135,255,1398.559,898.744
4688,52,255,1513.942,895.058
4689,66,255,98.773,898.015
4690,110,255,116.282,898.073
4691,39,255,254.218,896.141
4692,102,255,326.451,896.618
4693,110,255,543.791,900.145
4694,57,255,625.026,897.833
4695,96,255,1060.365,900.531
4696,63,255,1319.405,897.198
4697,53,255,1332.123,896.632
4698,20,255,1534.750,896.400
4699,61,255,393.402,900.598
4700,41,255,1002.622,897.354
4701,86,255,1072.058,899.058
4702,100,255,404.340,901.080
4703,67,255,438.933,899.112
4704,116,255,582.069,901.121
4705,82,255,1340.744,900.159
4706,161,255,1434.239,900.488
4707,75,255,51.207,901.260
4708,77,255,291.916,900.669
4709,59,255,468.720,900.924
4710,55,255,486.336,901.518
4711,103,255,636.092,901.782
4712,37,255,835.824,900.311
4713,68,255,990.647,900.882
4714,76,255,1034.803,900.934
4715,83,255,1050.753,901.681
4716,137,255,1094.186,903.383
4717,44,255,1562.023,900.432
4718,32,255,477.125,901.281
4719,186,255,786.925,906.005
4720,84,255,1116.833,902.643
4721,92,255,1523.446,903.076
4722,39,255,382.628,900.679
4723,88,255,533.545,904.011
4724,147,255,566.779,905.643
4725,165,255,678.330,904.773
4726,50,255,753.340,901.640
4727,74,255,1192.000,903.649
4728,94,255,1213.160,902.543
4729,72,255,1591.056,902.861
4730,53,255,426.500,903.651
4731,58,255,696.172,904.052
4732,136,255,727.309,905.132
4733,79,255,878.576,903.918
4734,92,255,925.283,904.609
4735,86,255,661.523,906.023
4736,85,255,845.629,904.759
4737,63,255,911.500,905.214
4738,95,255,1149.079,907.426
4739,93,255,173.360,907.317
4740,113,255,453.314,905.465
4741,93,255,937.489,905.726
4742,80,255,1362.963,906.312
4743,115,255,1456.813,906.317
4744,46,255,371.826,906.326
4745,32,255,613.656,905.312
4746,78,255,865.154,906.756
4747,80,255,899.075,907.188
4748,99,255,1021.338,906.530
4749,43,255,1179.895,905.198
4750,129,255,1240.810,908.593
4751,30,255,65.733,906.000
4752,114,255,710.684,909.518
4753,60,255,812.333,906.733
4754,67,255,955.634,907.545
4755,67,255,978.575,907.679
4756,55,255,1285.991,906.773
4757,48,255,413.250,908.979
4758,93,255,506.522,908.833
4759,116,255,1167.328,909.483
4760,38,255,1225.447,906.947
4761,44,255,1324.182,907.591
4762,92,255,6.967,910.239
4763,81,255,256.290,910.833
4764,56,255,385.054,909.268
4765,69,255,802.109,909.819
4766,76,255,996.658,909.921
4767,71,255,1204.444,910.190
4768,115,255,1257.926,912.274
4769,70,255,1268.657,910.686
4770,57,255,1483.447,909.623
4771,89,255,27.904,911.129
4772,70,255,88.014,911.200
4773,103,255,223.277,910.500
4774,41,255,264.476,909.622
4775,24,255,317.000,908.208
4776,59,255,649.297,910.686
4777,104,255,78.731,914.548
4778,92,255,205.174,913.217
4779,112,255,595.473,913.554
4780,34,255,774.500,910.000
4781,42,255,965.000,910.095
4782,98,255,1392.765,911.337
4783,40,255,233.875,912.300
4784,67,255,328.306,912.560
4785,70,255,1406.786,913.143
4786,69,255,1492.601,912.732
4787,70,255,137.400,914.500
4788,88,255,605.852,916.920
4789,93,255,745.339,914.919
4790,64,255,1183.094,915.875
4791,41,255,57.720,914.183
4792,53,255,243.104,914.198
4793,45,255,555.678,914.078
4794,37,255,759.662,914.014
4795,100,255,118.480,917.410
4796,29,255,154.466,914.672
4797,82,255,638.817,916.951
4798,94,255,421.840,916.777
4799,46,255,670.565,915.435
4800,92,255,692.772,916.663
4801,27,255,736.907,915.241
4802,49,255,1501.888,916.173
4803,68,255,584.426,918.956
4804,99,255,618.157,918.429
4805,148,255,1054.041,919.149
4806,27,255,1339.833,915.833
4807,43,255,1437.756,917.035
4808,71,255,1540.162,917.373
4809,35,255,67.843,918.043
4810,55,255,104.609,917.827
4811,55,255,337.209,918.555
4812,65,255,360.300,918.315
4813,63,255,468.071,917.833
4814,24,255,530.167,916.875
4815,98,255,861.031,918.694
4816,45,255,884.433,918.744
4817,101,255,970.480,919.767
4818,110,255,1116.091,921.191
4819,79,255,1311.614,919.158
4820,31,255,1576.145,917.468
4821,37,255,842.014,918.338
4822,99,255,904.924,921.510
4823,60,255,914.217,920.217
4824,62,255,952.565,919.565
4825,162,255,1296.593,922.549
4826,50,255,1379.360,919.060
4827,70,255,1513.871,918.929
4828,50,255,1563.340,918.160
4829,93,255,167.962,921.941
4830,97,255,456.180,920.861
4831,57,255,493.272,920.237
4832,84,255,573.036,922.357
4833,53,255,656.896,920.123
4834,85,255,872.806,921.759
4835,143,255,1276.486,923.290
4836,35,255,1328.414,919.071
4837,100,255,1345.320,923.300
4838,55,255,1466.336,919.864
4839,47,255,18.053,921.181
4840,52,255,214.115,920.288
4841,63,255,238.151,921.817
4842,72,255,269.972,922.014
4843,41,255,279.085,919.768
4844,118,255,926.873,922.466
4845,36,255,1139.889,920.139
4846,99,255,1368.015,923.561
4847,20,255,1449.600,919.550
4848,62,255,127.710,923.339
4849,54,255,368.130,922.315
4850,87,255,381.868,922.822
4851,47,255,726.117,921.266
4852,80,255,1171.487,921.775
4853,36,255,291.528,922.417
4854,134,255,502.963,926.373
4855,48,255,809.188,922.438
4856,90,255,822.356,925.589
4857,50,255,1039.400,923.720
4858,89,255,1128.096,925.185
4859,62,255,1244.323,922.548
4860,48,255,1475.979,923.208
4861,39,255,1549.526,922.782
4862,54,255,176.296,925.444
4863,151,255,544.387,927.454
4864,119,255,753.206,925.601
4865,43,255,835.453,923.756
4866,146,255,1005.301,925.295
4867,86,255,1408.244,925.291
4868,70,255,52.943,925.371
4869,130,255,153.477,927.577
4870,53,255,1024.877,924.651
4871,77,255,1149.097,925.162
4872,47,255,1587.691,925.883
4873,48,255,135.083,926.167
4874,56,255,429.661,926.643
4875,66,255,666.121,926.061
4876,53,255,709.481,926.368
4877,63,255,189.294,927.040
4878,39,255,355.269,926.705
4879,41,255,406.915,925.963
4880,45,255,441.233,927.167
4881,37,255,484.743,926.122
4882,71,255,630.444,928.542
4883,62,255,938.161,927.258
4884,33,255,1106.379,926.652
4885,57,255,690.693,927.325
4886,63,255,1508.373,928.405
4887,91,255,333.874,930.896
4888,72,255,471.444,930.292
4889,80,255,1227.412,929.375
4890,54,255,1258.111,928.889
4891,66,255,1451.379,930.606
4892,77,255,1564.032,929.981
4893,36,255,721.361,929.028
4894,67,255,982.604,930.396
4895,61,255,1431.418,929.910
4896,63,255,1485.119,929.897
4897,79,255,5.867,933.095
4898,50,255,395.640,932.520
4899,53,255,532.726,931.236
4900,31,255,1181.048,929.597
4901,42,255,1197.500,931.524
4902,108,255,1329.380,932.194
4903,107,255,1394.005,932.902
4904,119,255,1533.861,934.408
4905,42,255,29.905,933.548
4906,62,255,70.435,932.903
4907,32,255,90.312,931.062
4908,36,255,601.639,931.111
4909,90,255,214.400,933.922
4910,75,255,240.193,933.967
4911,41,255,371.427,932.573
4912,40,255,702.050,932.475
4913,78,255,841.974,933.590
4914,136,255,858.096,935.162
4915,84,255,1025.667,933.190
4916,63,255,1219.548,934.437
4917,28,255,1316.643,932.500
4918,76,255,1465.553,933.697
4919,61,255,227.992,935.631
4920,102,255,294.304,934.745
4921,66,255,449.394,935.485
4922,69,255,616.877,933.978
4923,42,255,781.810,933.571
4924,100,255,793.250,936.390
4925,70,255,807.843,934.171
4926,98,255,976.520,936.745
4927,41,255,1522.841,934.037
4928,21,255,247.976,934.357
4929,53,255,487.632,934.953
4930,173,255,583.292,941.095
4931,45,255,737.233,934.456
4932,138,255,759.826,937.601
4933,115,255,1081.622,936.700
4934,60,255,1245.017,934.400
4935,124,255,47.879,939.113
4936,53,255,59.349,936.368
4937,28,255,418.536,935.393
4938,104,255,728.192,940.327
4939,40,255,1190.825,935.350
4940,111,255,1296.851,936.194
4941,39,255,320.372,938.679
4942,67,255,353.022,937.470
4943,64,255,458.297,937.219
4944,54,255,565.352,937.574
4945,119,255,931.693,941.038
4946,29,255,1006.397,935.362
4947,50,255,1383.460,936.760
4948,45,255,124.922,937.478
4949,114,255,278.842,940.719
4950,55,255,686.464,937.609
4951,62,255,1068.500,938.532
4952,59,255,178.686,939.551
4953,75,255,432.220,941.833
4954,92,255,824.620,940.000
4955,58,255,921.431,939.293
4956,25,255,1107.260,937.540
4957,56,255,1232.589,939.161
4958,55,255,1343.845,939.427
4959,68,255,1482.456,940.441
4960,69,255,1554.949,940.500
4961,169,255,1577.157,941.263
4962,65,255,554.023,940.223
4963,57,255,711.675,940.026
4964,90,255,1118.267,942.100
4965,31,255,1366.565,940.403
4966,25,255,658.460,939.740
4967,53,255,773.764,940.613
4968,68,255,910.632,941.338
4969,79,255,1037.424,941.804
4970,74,255,1353.257,943.135
4971,116,255,1416.078,941.759
4972,49,255,473.908,941.520
4973,79,255,538.981,942.778
4974,55,255,597.573,941.845
4975,105,255,630.995,942.167
4976,98,255,1057.857,943.633
4977,34,255,95.706,942.059
4978,68,255,261.191,943.471
4979,38,255,411.947,942.763
4980,53,255,700.802,942.575
4981,145,255,888.052,946.576
4982,83,255,1141.175,944.922
4983,93,255,1195.403,944.962
4984,35,255,169.643,943.814
4985,24,255,389.583,942.417
4986,79,255,514.222,944.677
4987,56,255,740.589,943.500
4988,75,255,866.300,945.020
4989,23,255,1313.891,942.152
4990,92,255,1436.446,945.424
4991,78,255,1461.423,945.077
4992,43,255,803.942,944.198
4993,26,255,1013.154,943.769
4994,89,255,1219.140,945.163
4995,122,255,1291.197,948.090
4996,45,255,1512.789,944.367
4997,53,255,1597.425,946.708
4998,56,255,36.357,946.429
4999,75,255,197.233,947.353
5000,97,255,244.892,947.758
5001,64,255,302.594,946.156
5002,57,255,368.991,945.939
5003,50,255,399.520,946.420
5004,102,255,488.294,949.333
5005,106,255,1169.830,948.868
5006,94,255,1394.245,947.149
5007,92,255,107.457,950.783
5008,46,255,137.130,946.391
5009,33,255,382.924,946.561
5010,38,255,455.711,946.500
5011,65,255,651.008,948.315
5012,100,255,993.160,949.030
5013,68,255,26.897,949.059
5014,52,255,88.615,948.288
5015,46,255,355.609,947.696
5016,59,255,687.229,947.754
5017,71,255,838.993,948.345
5018,66,255,1369.697,948.788
5019,41,255,1495.939,947.012
5020,125,255,10.356,950.908
5021,79,255,127.905,951.652
5022,151,255,157.639,950.513
5023,42,255,781.262,947.643
5024,206,255,1086.757,953.388
5025,36,255,1427.722,949.111
5026,27,255,206.796,949.056
5027,69,255,499.891,950.891
5028,92,255,710.576,950.522
5029,75,255,1106.113,950.727
5030,67,255,77.112,951.455
5031,76,255,286.105,952.026
5032,72,255,412.931,951.556
5033,60,255,966.167,951.817
5034,67,255,977.799,951.082
5035,44,255,1155.455,950.295
5036,104,255,1254.038,952.135
5037,81,255,1504.056,952.796
5038,58,255,606.879,951.345
5039,106,255,1027.632,956.302
5040,21,255,1443.548,951.071
5041,66,255,1552.288,952.561
5042,113,255,468.527,954.429
5043,87,255,552.707,954.603
5044,47,255,742.585,952.585
5045,60,255,772.867,953.600
5046,125,255,1309.076,956.212
5047,115,255,1388.274,957.361
5048,32,255,1477.406,952.188
5049,104,255,1535.817,954.788
5050,28,255,180.000,953.036
5051,140,255,525.236,957.493
5052,86,255,574.686,954.872
5053,26,255,668.577,953.077
5054,47,255,1039.266,953.713
5055,116,255,1271.500,957.353
5056,75,255,832.407,955.553
5057,54,255,906.167,954.796
5058,59,255,1012.195,954.771
5059,99,255,1151.884,958.399
5060,67,255,46.157,956.590
5061,40,255,139.500,956.000
5062,34,255,320.147,955.735
5063,48,255,332.271,956.312
5064,63,255,1061.198,955.548
5065,59,255,1193.246,955.331
5066,128,255,1357.391,956.039
5067,52,255,1409.288,956.577
5068,34,255,1495.265,955.647
5069,123,255,71.020,961.053
5070,22,255,812.000,955.136
5071,86,255,955.058,958.465
5072,46,255,1211.609,956.935
5073,61,255,187.959,958.369
5074,40,255,388.325,957.400
5075,66,255,619.015,958.818
5076,52,255,854.481,958.115
5077,38,255,1339.711,956.895
5078,98,255,1453.214,959.908
5079,39,255,1481.833,957.628
5080,28,255,1588.000,957.500
5081,29,255,58.741,958.017
5082,80,255,260.113,959.450
5083,24,255,308.708,957.917
5084,94,255,343.213,960.883
5085,91,255,438.808,959.830
5086,43,255,750.802,958.453
5087,132,255,1134.220,960.667
5088,78,255,1232.282,960.974
5089,162,255,1569.309,961.136
5090,67,255,688.112,959.739
5091,55,255,890.682,959.082
5092,52,255,92.192,960.654
5093,43,255,246.430,960.709
5094,37,255,504.662,959.797
5095,71,255,725.162,960.894
5096,85,255,862.829,963.429
5097,114,255,1283.518,962.649
5098,74,255,1422.486,961.892
5099,60,255,564.083,962.817
5100,82,255,788.829,962.561
5101,85,255,986.853,962.688
5102,69,255,1222.543,963.457
5103,112,255,357.911,964.196
5104,49,255,538.357,962.602
5105,36,255,713.139,962.278
5106,59,255,1100.653,962.568
5107,66,255,1204.015,964.682
5108,38,255,3.711,963.500
5109,127,255,230.445,964.492
5110,64,255,283.500,964.000
5111,143,255,398.031,968.367
5112,102,255,483.216,965.431
5113,66,255,612.076,965.439
5114,41,255,646.305,963.695
5115,77,255,772.578,963.877
5116,82,255,971.244,964.000
5117,37,255,1438.392,963.527
5118,108,255,96.444,968.620
5119,57,255,497.412,966.868
5120,80,255,578.413,966.663
5121,87,255,593.994,965.695
5122,91,255,669.137,965.445
5123,174,255,1468.017,969.402
5124,102,255,1595.892,967.216
5125,41,255,35.841,965.207
5126,40,255,898.350,965.450
5127,40,255,1061.700,965.000
5128,121,255,1247.880,967.888
5129,95,255,1528.079,967.574
5130,140,255,117.243,971.307
5131,93,255,131.382,969.253
5132,68,255,145.397,967.956
5133,51,255,162.833,968.441
5134,117,255,1181.970,972.047
5135,35,255,1360.014,967.043
5136,125,255,1037.444,970.012
5137,65,255,1167.392,967.946
5138,38,255,1507.500,967.158
5139,131,255,48.592,972.676
5140,55,255,202.391,969.555
5141,92,255,431.750,971.250
5142,61,255,512.057,969.746
5143,98,255,740.214,970.704
5144,96,255,881.219,971.167
5145,69,255,1305.094,969.355
5146,93,255,252.909,971.005
5147,92,255,320.337,971.293
5148,99,255,915.389,971.439
5149,55,255,944.082,970.355
5150,38,255,1077.947,968.711
5151,56,255,1150.571,970.018
5152,70,255,1542.071,970.843
5153,56,255,59.286,971.339
5154,66,255,180.682,971.394
5155,106,255,338.830,972.311
5156,78,255,413.295,971.962
5157,78,255,444.000,971.679
5158,129,255,636.686,972.430
5159,108,255,927.806,974.593
5160,26,255,1191.000,969.731
5161,97,255,1445.077,972.005
5162,126,255,1492.079,974.675
5163,31,255,2.919,970.952
5164,49,255,153.316,972.480
5165,185,255,306.208,976.743
5166,61,255,456.336,971.811
5167,48,255,1322.000,971.500
5168,116,255,1338.664,973.897
5169,65,255,1421.315,972.854
5170,99,255,620.227,975.914
5171,76,255,829.895,973.171
5172,50,255,1262.840,972.080
5173,53,255,1292.915,973.632
5174,49,255,191.153,974.316
5175,66,255,846.152,974.500
5176,151,255,1227.454,975.440
5177,54,255,381.537,974.556
5178,87,255,774.351,976.121
5179,92,255,1559.370,975.522
5180,161,255,281.835,977.177
5181,56,255,794.875,975.768
5182,47,255,1398.394,975.096
5183,88,255,1584.489,977.920
5184,47,255,82.564,977.883
5185,46,255,606.174,976.043
5186,56,255,660.768,975.839
5187,39,255,1059.321,975.756
5188,57,255,1354.798,976.079
5189,68,255,1375.353,976.618
5190,87,255,74.638,980.247
5191,61,255,475.975,979.254
5192,97,255,522.521,979.273
5193,100,255,568.970,977.770
5194,130,255,990.538,980.254
5195,31,255,1049.500,976.855
5196,27,255,1070.907,976.574
5197,40,255,1082.850,977.275
5198,25,255,1111.380,977.180
5199,121,255,1121.682,980.045
5200,40,255,1208.775,977.775
5201,134,255,1508.664,982.276
5202,59,255,462.568,978.585
5203,132,255,694.530,980.265
5204,84,255,753.893,978.988
5205,56,255,783.107,980.036
5206,100,255,974.080,979.930
5207,45,255,171.144,979.633
5208,59,255,233.025,979.822
5209,129,255,817.066,981.554
5210,88,255,1163.909,981.261
5211,76,255,1434.145,980.224
5212,70,255,34.757,982.086
5213,74,255,135.243,982.297
5214,52,255,541.923,980.442
5215,58,255,649.190,981.259
5216,185,255,1017.511,982.786
5217,170,255,1539.824,984.835
5218,76,255,843.487,983.711
5219,43,255,1134.640,981.616
5220,62,255,1148.919,981.742
5221,23,255,1175.326,981.065
5222,67,255,1318.321,981.843
5223,62,255,7.597,983.774
5224,78,255,399.051,983.462
5225,137,255,497.347,987.018
5226,82,255,1279.232,986.110
5227,35,255,1351.986,982.414
5228,101,255,1398.639,984.946
5229,67,255,1591.903,983.739
5230,36,255,215.833,983.389
5231,150,255,365.093,985.973
5232,85,255,870.394,984.147
5233,103,255,947.374,985.053
5234,37,255,1410.824,983.446
5235,79,255,1451.880,985.146
5236,56,255,1521.625,984.304
5237,57,255,340.377,984.956
5238,51,255,437.010,984.598
5239,70,255,1047.100,985.329
5240,26,255,1235.462,983.192
5241,92,255,95.152,988.152
5242,20,255,106.700,984.050
5243,74,255,59.189,988.743
5244,90,255,247.222,988.267
5245,35,255,417.357,986.243
5246,53,255,576.047,986.292
5247,44,255,666.614,986.705
5248,95,255,910.311,989.089
5249,67,255,1074.440,985.813
5250,54,255,1110.852,987.074
5251,76,255,1264.171,988.763
5252,42,255,1337.000,986.214
5253,102,255,1378.569,988.578
5254,109,255,1422.931,990.610
5255,45,255,164.122,988.789
5256,89,255,180.444,989.736
5257,21,255,257.071,986.786
5258,92,255,327.935,988.457
5259,77,255,1225.032,988.292
5260,21,255,1325.738,987.214
5261,169,255,1478.885,991.654
5262,78,255,1568.551,992.654
5263,34,255,388.647,988.118
5264,157,255,535.424,993.729
5265,91,255,557.698,991.698
5266,115,255,681.526,990.109
5267,88,255,1305.739,988.807
5268,69,255,1359.616,990.022
5269,76,255,155.079,990.382
5270,131,255,204.981,991.416
5271,54,255,230.833,989.537
5272,82,255,629.890,989.524
5273,55,255,650.645,989.318
5274,146,255,1090.842,991.712
5275,90,255,1190.589,991.300
5276,80,255,73.588,991.175
5277,67,255,299.127,991.978
5278,82,255,38.061,991.805
5279,24,255,309.833,990.625
5280,61,255,440.566,993.287
5281,77,255,704.565,992.981
5282,97,255,1576.995,995.160
5283,41,255,141.793,993.037
5284,27,255,425.093,991.944
5285,97,255,511.129,995.490
5286,49,255,1003.133,992.459
5287,52,255,1204.500,992.577
5288,59,255,1239.788,991.975
5289,47,255,290.436,995.883
5290,88,255,411.261,994.761
5291,41,255,743.671,993.549
5292,46,255,811.087,993.000
5293,76,255,1165.105,994.947
5294,42,255,173.095,995.143
5295,81,255,479.475,996.278
5296,95,255,723.079,994.837
5297,47,255,1126.734,995.074
5298,119,255,572.130,996.534
5299,73,255,873.253,996.089
5300,65,255,1045.023,995.438
5301,71,255,1138.782,995.261
5302,40,255,1444.050,994.525
5303,40,255,257.350,996.675
5304,71,255,274.204,998.148
5305,86,255,337.628,998.244
5306,60,255,751.667,997.417
5307,139,255,771.752,1000.687
5308,50,255,1271.100,997.200
5309,63,255,1402.548,997.294
5310,57,255,384.956,996.956
5311,67,255,823.485,998.187
5312,64,255,857.516,997.609
5313,66,255,1174.394,999.576
5314,81,255,1300.562,998.179
5315,23,255,364.891,997.543
5316,53,255,432.745,998.481
5317,113,255,453.668,1001.296
5318,75,255,653.767,998.900
5319,37,255,806.338,998.527
5320,71,255,958.528,998.669
5321,23,255,1468.109,998.022
5322,65,255,104.223,1000.454
5323,32,255,244.781,998.469
5324,56,255,466.214,1000.786
5325,50,255,1589.580,999.320
5326,66,255,20.697,1001.939
5327,98,255,31.327,1004.020
5328,125,255,218.956,1003.252
5329,45,255,626.367,1000.478
5330,70,255,1536.986,1001.400
5331,50,255,265.920,1002.140
5332,85,255,668.418,1004.571
5333,39,255,1243.321,1001.167
5334,40,255,1598.450,1004.950
5335,51,255,154.696,1002.716
5336,108,255,1366.491,1004.389
5337,71,255,136.190,1004.641
5338,58,255,1045.931,1003.310
5339,136,255,1193.449,1005.882
5340,84,255,1283.262,1005.083
5341,26,255,1393.115,1002.731
5342,68,255,1443.044,1004.485
5343,37,255,1486.311,1004.095
5344,95,255,7.689,1007.353
5345,111,255,79.941,1006.302
5346,52,255,309.577,1004.462
5347,81,255,686.068,1004.895
5348,69,255,1151.254,1004.877
5349,81,255,1431.549,1007.093
5350,49,255,1509.071,1003.949
5351,22,255,1523.227,1003.227
5352,129,255,175.733,1008.360
5353,81,255,193.500,1006.759
5354,74,255,478.581,1005.838
5355,149,255,113.144,1010.963
5356,53,255,365.066,1007.028
5357,50,255,792.820,1007.020
5358,123,255,1213.947,1008.809
5359,43,255,1411.756,1006.826
5360,133,255,1491.635,1010.447
5361,70,255,67.486,1009.514
5362,47,255,236.649,1007.372
5363,42,255,254.143,1007.095
5364,42,255,352.548,1007.762
5365,66,255,1399.197,1008.258
5366,44,255,1556.455,1007.705
5367,120,255,392.017,1009.650
5368,76,255,539.895,1009.171
5369,37,255,1243.527,1007.797
5370,37,255,1298.554,1007.500
5371,49,255,728.500,1009.459
5372,27,255,886.685,1008.685
5373,55,255,979.555,1009.227
5374,53,255,1255.934,1009.349
5375,126,255,1343.238,1011.952
5376,85,255,44.429,1011.971
5377,56,255,947.839,1011.482
5378,80,255,1579.463,1011.362
5379,43,255,287.500,1010.733
5380,135,255,333.278,1014.448
5381,41,255,716.744,1011.500
5382,69,255,828.616,1011.761
5383,101,255,962.351,1012.827
5384,93,255,1516.769,1013.317
5385,56,255,1566.518,1012.429
5386,46,255,93.065,1013.217
5387,116,255,153.353,1014.164
5388,20,255,208.100,1011.750
5389,113,255,424.323,1013.898
5390,68,255,576.868,1013.838
5391,64,255,601.203,1013.500
5392,80,255,1074.987,1012.875
5393,81,255,1314.759,1013.512
5394,79,255,533.158,1015.487
5395,54,255,630.704,1012.870
5396,42,255,704.167,1013.500
5397,31,255,991.371,1013.306
5398,72,255,1090.431,1013.431
5399,37,255,1442.797,1012.878
5400,59,255,138.381,1015.822
5401,145,255,316.955,1020.362
5402,125,255,616.828,1016.996
5403,28,255,903.143,1014.036
5404,74,255,1381.203,1015.622
5405,70,255,1415.814,1015.014
5406,36,255,228.139,1015.250
5407,71,255,251.951,1016.289
5408,33,255,801.288,1014.561
5409,81,255,894.241,1016.488
5410,67,255,447.082,1018.082
5411,37,255,877.905,1016.311
5412,68,255,1016.529,1017.162
5413,37,255,215.041,1016.716
5414,86,255,361.291,1018.035
5415,41,255,1117.524,1017.988
5416,35,255,1125.700,1017.500
5417,42,255,1136.310,1017.619
5418,76,255,1243.974,1017.961
5419,36,255,1287.306,1017.694
5420,50,255,1325.160,1019.240
5421,24,255,1455.792,1016.500
5422,93,255,1534.930,1019.091
5423,92,255,1552.098,1018.967
5424,58,255,280.828,1018.431
5425,48,255,303.667,1020.125
5426,42,255,837.905,1018.762
5427,51,255,1297.029,1019.520
5428,116,255,33.603,1021.379
5429,119,255,264.987,1022.542
5430,20,255,398.450,1018.250
5431,59,255,485.144,1019.127
5432,34,255,856.559,1018.618
5433,71,255,11.613,1021.754
5434,27,255,847.278,1019.537
5435,40,255,1522.775,1020.575
5436,108,255,99.583,1024.685
5437,71,255,1148.162,1021.641
5438,74,255,1337.365,1024.297
5439,108,255,1446.204,1023.787
5440,188,255,1587.287,1027.867
5441,47,255,200.032,1022.691
5442,31,255,389.887,1021.694
5443,66,255,438.500,1025.621
5444,22,255,761.409,1021.409
5445,61,255,920.074,1022.533
5446,39,255,971.628,1022.372
5447,86,255,1038.233,1023.512
5448,85,255,1065.465,1023.676
5449,60,255,592.583,1023.967
5450,77,255,753.279,1024.734
5451,44,255,1052.205,1023.523
5452,63,255,1225.643,1024.103
5453,55,255,237.955,1024.591
5454,53,255,463.123,1024.500
5455,58,255,556.241,1024.328
5456,20,255,575.200,1023.000
5457,30,255,608.633,1024.567
5458,76,255,1311.724,1026.263
5459,43,255,1487.174,1025.081
5460,68,255,22.250,1028.632
5461,27,255,86.981,1026.500
5462,32,255,114.844,1027.375
5463,43,255,123.384,1027.384
5464,57,255,132.675,1028.289
5465,151,255,417.712,1028.937
5466,71,255,702.528,1026.951
5467,43,255,1082.779,1026.779
5468,29,255,1131.362,1026.086
5469,121,255,1393.401,1029.483
5470,63,255,1468.913,1026.500
5471,49,255,1513.459,1026.235
5472,62,255,1569.806,1027.887
5473,109,255,210.482,1029.573
5474,105,255,1245.624,1029.662
5475,58,255,1359.741,1029.086
5476,133,255,72.786,1031.026
5477,65,255,185.977,1028.946
5478,24,255,298.042,1027.750
5479,37,255,399.527,1027.932
5480,42,255,819.238,1028.167
5481,41,255,909.305,1028.402
5482,34,255,1138.029,1028.794
5483,88,255,1151.091,1030.193
5484,38,255,1218.132,1028.500
5485,51,255,1347.676,1029.147
5486,35,255,1371.414,1028.186
5487,113,255,1411.810,1031.252
5488,122,255,1424.770,1034.934
5489,57,255,1498.605,1027.939
5490,52,255,168.481,1029.635
5491,136,255,841.779,1032.147
5492,139,255,1264.464,1033.104
5493,37,255,527.635,1029.662
5494,83,255,856.295,1031.380
5495,74,255,926.905,1031.743
5496,50,255,1009.180,1030.800
5497,121,255,1543.566,1033.888
5498,35,255,375.957,1030.757
5499,87,255,474.730,1032.167
5500,48,255,664.625,1030.542
5501,134,255,884.410,1036.007
5502,94,255,826.872,1034.489
5503,70,255,1564.771,1034.957
5504,102,255,608.912,1034.804
5505,45,255,867.211,1033.567
5506,138,255,32.261,1038.819
5507,52,255,395.692,1034.692
5508,43,255,555.128,1034.826
5509,54,255,622.852,1035.648
5510,57,255,797.447,1033.816
5511,24,255,1062.167,1033.250
5512,89,255,1074.230,1035.174
5513,22,255,1125.818,1033.364
5514,59,255,1210.008,1034.398
5515,103,255,1435.073,1038.850
5516,96,255,58.719,1037.479
5517,39,255,384.167,1035.090
5518,89,255,686.421,1036.579
5519,49,255,716.276,1034.969
5520,62,255,737.113,1035.032
5521,54,255,1281.685,1037.130
5522,42,255,1464.167,1035.476
5523,33,255,93.894,1036.621
5524,76,255,116.158,1037.487
5525,55,255,248.645,1037.264
5526,50,255,357.000,1037.000
5527,71,255,905.768,1036.261
5528,69,255,963.138,1037.949
5529,133,255,1482.102,1042.147
5530,57,255,260.096,1038.272
5531,75,255,641.367,1037.820
5532,64,255,775.422,1037.516
5533,32,255,812.688,1036.781
5534,57,255,1369.939,1037.728
5535,62,255,84.274,1040.371
5536,80,255,457.125,1039.050
5537,50,255,503.780,1037.520
5538,72,255,592.444,1040.653
5539,55,255,978.355,1037.918
5540,71,255,1093.641,1038.866
5541,104,255,201.712,1041.731
5542,123,255,233.427,1041.459
5543,111,255,429.734,1040.671
5544,35,255,725.214,1039.300
5545,41,255,1289.500,1039.500
5546,76,255,157.303,1041.526
5547,42,255,172.548,1040.333
5548,43,255,373.477,1040.919
5549,68,255,751.412,1040.147
5550,37,255,932.527,1039.797
5551,45,255,1112.767,1041.233
5552,54,255,1228.241,1039.722
5553,104,255,139.538,1043.788
5554,46,255,218.804,1041.261
5555,76,255,1033.171,1042.697
5556,43,255,1123.919,1041.035
5557,90,255,12.000,1044.200
5558,60,255,189.183,1044.700
5559,43,255,300.942,1042.337
5560,42,255,950.952,1042.000
5561,52,255,1160.865,1042.558
5562,34,255,1361.441,1041.912
5563,79,255,1589.234,1043.703
5564,77,255,178.032,1046.188
5565,69,255,551.877,1043.384
5566,82,255,1493.305,1046.268
5567,71,255,1555.613,1044.444
5568,90,255,492.222,1045.233
5569,72,255,604.111,1044.833
5570,86,255,914.674,1046.279
5571,107,255,472.771,1047.294
5572,32,255,927.750,1045.250
5573,32,255,969.438,1044.438
5574,37,255,1173.068,1045.257
5575,54,255,121.259,1046.963
5576,37,255,677.608,1048.041
5577,68,255,1132.676,1047.765
5578,124,255,1243.911,1049.242
5579,35,255,343.414,1046.929
5580,73,255,816.199,1048.185
5581,87,255,1188.420,1048.902
5582,140,255,106.207,1051.707
5583,39,255,131.346,1049.013
5584,116,255,312.362,1050.776
5585,67,255,1055.187,1050.381
5586,62,255,1081.790,1048.016
5587,106,255,1206.575,1049.566
5588,80,255,333.863,1050.312
5589,76,255,714.618,1050.053
5590,81,255,858.500,1049.475
5591,62,255,941.145,1051.355
5592,57,255,1282.623,1049.412
5593,98,255,1506.622,1051.980
5594,76,255,621.789,1050.355
5595,49,255,729.112,1049.500
5596,49,255,982.153,1050.235
5597,41,255,1109.695,1050.451
5598,46,255,1293.348,1051.196
5599,22,255,1350.818,1049.818
5600,37,255,1360.635,1050.419
5601,86,255,763.244,1052.093
5602,57,255,780.921,1050.746
5603,79,255,879.184,1051.956
5604,111,255,1071.347,1056.104
5605,28,255,383.464,1051.321
5606,57,255,539.219,1053.044
5607,20,255,668.250,1051.500
5608,84,255,834.917,1053.440
5609,80,255,903.888,1052.763
5610,49,255,955.235,1052.418
5611,48,255,1002.521,1051.792
5612,105,255,1543.786,1054.776
5613,80,255,1570.938,1053.912
5614,27,255,1.833,1053.648
5615,109,255,281.528,1055.528
5616,24,255,1455.333,1053.042
5617,54,255,1472.648,1054.481
5618,43,255,1519.407,1053.360
5619,50,255,449.720,1054.940
5620,78,255,661.769,1058.590
5621,59,255,1020.466,1054.042
5622,58,255,1321.793,1055.603
5623,84,255,1396.143,1056.381
5624,32,255,1426.906,1053.906
5625,92,255,59.989,1056.565
5626,100,255,259.090,1058.420
5627,49,255,1302.745,1055.235
5628,42,255,1354.310,1056.167
5629,123,255,555.264,1059.646
5630,51,255,597.951,1056.657
5631,105,255,1146.919,1058.119
5632,65,255,1380.208,1056.623
5633,45,255,1594.256,1057.100
5634,108,255,39.370,1060.111
5635,64,255,482.250,1057.688
5636,57,255,584.289,1057.447
5637,29,255,1177.086,1057.052
5638,44,255,1263.136,1057.477
5639,60,255,1485.950,1059.267
5640,109,255,78.408,1062.665
5641,81,255,132.796,1059.981
5642,136,255,353.919,1062.257
5643,77,255,371.448,1059.500
5644,58,255,497.638,1058.362
5645,40,255,684.700,1058.575
5646,55,255,469.027,1059.336
5647,49,255,569.663,1059.480
5648,35,255,650.129,1060.071
5649,41,255,673.793,1059.598
5650,34,255,1161.206,1058.706
5651,54,255,1561.130,1060.407
5652,76,255,28.079,1063.342
5653,52,255,187.846,1061.058
5654,48,255,406.667,1061.188
5655,53,255,1271.330,1060.575
5656,62,255,296.742,1062.468
5657,56,255,418.411,1062.589
5658,65,255,528.331,1063.192
5659,58,255,610.810,1062.121
5660,20,255,697.700,1059.800
5661,28,255,857.500,1060.714
5662,48,255,1189.354,1061.646
5663,59,255,1224.602,1062.280
5664,63,255,119.532,1063.103
5665,25,255,178.220,1062.660
5666,45,255,396.144,1062.811
5667,93,255,819.468,1065.500
5668,29,255,945.603,1063.224
5669,71,255,1414.585,1063.880
5670,81,255,1575.611,1063.870
5671,46,255,540.239,1064.174
5672,57,255,633.956,1063.711
5673,31,255,786.887,1062.661
5674,41,255,915.061,1064.402
5675,118,255,1521.449,1066.432
5676,58,255,93.759,1065.948
5677,67,255,110.052,1065.963
5678,25,255,153.860,1064.260
5679,31,255,510.790,1063.629
5680,21,255,622.119,1062.929
5681,23,255,770.630,1063.804
5682,100,255,1086.480,1066.670
5683,49,255,1100.745,1064.378
5684,61,255,1237.451,1064.779
5685,53,255,1285.085,1064.255
5686,27,255,1326.204,1064.389
5687,54,255,1338.741,1064.296
5688,46,255,1531.261,1064.826
5689,129,255,64.128,1069.864
5690,33,255,270.379,1064.955
5691,34,255,592.471,1064.647
5692,27,255,600.130,1065.204
5693,107,255,804.593,1068.650
5694,20,255,812.300,1065.100
5695,51,255,837.696,1065.755
5696,39,255,1160.936,1065.090
5697,42,255,644.452,1067.738
5698,138,255,873.841,1069.181
5699,44,255,1295.818,1067.045
5700,64,255,1427.234,1067.672
5701,50,255,242.600,1067.620
5702,158,255,755.759,1070.880
5703,44,255,921.795,1068.114
5704,74,255,1189.203,1070.851
5705,60,255,679.400,1071.383
5706,74,255,1458.338,1070.622
5707,83,255,322.777,1069.572
5708,40,255,448.175,1069.400
5709,47,255,740.585,1069.053
5710,80,255,1115.838,1069.938
5711,25,255,1320.420,1069.300
5712,31,255,1346.242,1069.790
5713,96,255,1551.958,1070.719
5714,43,255,143.384,1070.384
5715,82,255,227.390,1073.037
5716,23,255,1130.891,1069.891
5717,34,255,1306.118,1069.382
5718,39,255,2.859,1071.603
5719,23,255,134.413,1070.587
5720,28,255,956.429,1070.571
5721,30,255,1173.700,1070.833
5722,65,255,1474.254,1072.208
5723,34,255,181.794,1072.000
5724,57,255,306.991,1072.447
5725,37,255,618.770,1071.662
5726,71,255,639.444,1073.500
5727,126,255,712.206,1074.952
5728,61,255,1331.287,1073.041
5729,67,255,1389.261,1073.187
5730,26,255,1420.269,1072.577
5731,38,255,1448.947,1073.289
5732,132,255,1565.242,1076.667
5733,80,255,1592.688,1073.975
5734,88,255,192.420,1074.898
5735,40,255,274.975,1072.925
5736,77,255,507.214,1073.994
5737,39,255,564.577,1073.654
5738,64,255,771.812,1074.406
5739,40,255,856.425,1074.850
5740,78,255,1245.359,1073.692
5741,94,255,161.362,1075.957
5742,62,255,294.161,1074.065
5743,104,255,587.548,1077.087
5744,57,255,9.974,1076.693
5745,56,255,38.589,1075.786
5746,50,255,113.920,1076.320
5747,20,255,217.950,1074.350
5748,65,255,627.208,1078.823
5749,66,255,665.394,1076.848
5750,54,255,1276.315,1075.167
5751,40,255,1497.425,1075.225
5752,99,255,259.732,1076.843
5753,34,255,798.529,1077.029
5754,44,255,836.250,1076.841
5755,53,255,909.443,1076.877
5756,50,255,1120.200,1077.080
5757,31,255,1215.306,1075.694
5758,90,255,1575.944,1078.500
5759,49,255,207.480,1077.378
5760,42,255,531.405,1077.333
5761,51,255,932.167,1079.480
5762,54,255,173.889,1078.556
5763,44,255,739.886,1078.295
5764,102,255,1171.578,1082.667
5765,129,255,1260.128,1081.547
5766,89,255,50.017,1081.298
5767,42,255,242.119,1079.595
5768,66,255,519.758,1082.303
5769,25,255,1505.900,1078.540
5770,76,255,21.539,1081.816
5771,32,255,440.125,1080.094
5772,57,255,487.974,1079.781
5773,26,255,616.385,1079.962
5774,47,255,702.755,1080.947
5775,53,255,896.991,1081.462
5776,37,255,1298.797,1080.500
5777,43,255,464.640,1081.756
5778,57,255,961.202,1082.044
5779,42,255,1287.952,1081.000
5780,111,255,1349.194,1083.734
5781,44,255,1425.318,1080.841
5782,99,255,371.631,1085.510
5783,40,255,1200.350,1082.000
5784,85,255,1222.018,1083.276
5785,43,255,323.267,1083.291
5786,35,255,416.386,1083.671
5787,38,255,512.105,1083.658
5788,109,255,687.491,1085.702
5789,86,255,1238.291,1086.233
5790,30,255,1319.567,1082.333
5791,97,255,1394.696,1083.902
5792,23,255,357.630,1082.848
5793,32,255,452.188,1083.312
5794,29,255,563.983,1083.638
5795,30,255,1310.600,1083.533
5796,46,255,1332.435,1083.543
5797,81,255,1522.512,1087.080
5798,44,255,1596.886,1084.477
5799,46,255,91.826,1085.761
5800,21,255,393.833,1084.643
5801,44,255,671.955,1086.909
5802,47,255,1503.755,1084.989
5803,60,255,311.583,1086.517
5804,84,255,491.214,1087.560
5805,92,255,729.337,1087.826
5806,70,255,804.600,1087.886
5807,21,255,1060.500,1085.500
5808,76,255,1088.605,1087.303
5809,59,255,1101.669,1086.653
5810,86,255,384.151,1089.721
5811,42,255,617.667,1087.452
5812,48,255,1362.354,1087.833
5813,36,255,528.639,1088.361
5814,38,255,575.421,1088.132
5815,22,255,1021.500,1087.136
5816,34,255,1071.000,1088.206
5817,32,255,1265.906,1088.188
5818,90,255,1373.667,1091.400
5819,39,255,184.423,1088.577
5820,54,255,216.630,1089.889
5821,20,255,445.250,1088.550
5822,42,255,458.143,1089.095
5823,96,255,756.927,1092.688
5824,78,255,1119.244,1089.179
5825,32,255,1199.812,1089.156
5826,65,255,1284.762,1089.515
5827,25,255,1441.700,1088.380
5828,22,255,283.136,1088.864
5829,38,255,475.000,1090.500
5830,83,255,497.633,1092.367
5831,41,255,887.256,1090.354
5832,54,255,1336.648,1090.074
5833,92,255,355.163,1092.663
5834,21,255,820.167,1090.786
5835,30,255,906.900,1091.633
5836,49,255,1003.092,1092.480
5837,31,255,1448.371,1091.306
5838,98,255,336.265,1094.918
5839,40,255,431.400,1092.100
5840,31,255,958.048,1092.081
5841,74,255,1138.757,1092.541
5842,31,255,1313.403,1092.048
5843,32,255,1407.125,1092.469
5844,64,255,196.047,1093.906
5845,72,255,1468.833,1093.986
5846,46,255,84.543,1094.935
5847,40,255,47.825,1095.000
5848,48,255,649.625,1095.188
5849,48,255,712.396,1095.479
5850,58,255,775.983,1095.983
5851,22,255,854.455,1094.409
5852,64,255,1395.688,1096.094
5853,42,255,1532.667,1095.048
5854,61,255,169.123,1096.254
5855,52,255,930.673,1096.385
5856,77,255,1581.201,1096.955
5857,45,255,36.967,1097.344
5858,37,255,184.851,1097.608
5859,59,255,258.737,1097.212
5860,21,255,484.929,1095.929
5861,52,255,612.385,1097.308
5862,43,255,883.081,1097.081
5863,30,255,966.667,1097.667
5864,42,255,1277.000,1097.310
5865,36,255,1383.944,1097.528
5866,46,255,1543.696,1097.652
5867,30,255,75.400,1097.800
5868,36,255,321.972,1097.694
5869,32,255,871.562,1097.688
5870,29,255,992.121,1097.707
5871,28,255,1250.179,1097.607
5872,48,255,1346.792,1097.792
5873,36,255,1559.611,1097.889
5874,27,255,112.648,1098.352
5875,23,255,156.761,1098.283
5876,27,255,240.611,1098.056
5877,47,255,307.628,1098.138
5878,26,255,911.500,1098.500
5879,22,255,445.000,1098.591
5880,31,255,472.790,1098.565
