 ,Area,Mean,X,Y
1,53,255,559.877,8.538
2,23,255,620.022,8.022
3,104,255,721.192,11.250
4,87,255,604.868,12.454
5,25,255,701.220,11.140
6,69,255,517.022,12.717
7,50,255,585.380,11.960
8,78,255,387.795,14.051
9,51,255,468.049,11.794
10,79,255,497.247,13.133
11,39,255,741.397,11.321
12,37,255,454.068,13.041
13,25,255,694.940,12.460
14,29,255,402.879,14.086
15,24,255,543.500,13.875
16,71,255,790.880,15.458
17,22,255,364.455,15.591
18,69,255,648.210,18.587
19,85,255,617.606,21.735
20,77,255,777.513,20.201
21,26,255,858.462,17.808
22,41,255,805.573,19.037
23,21,255,1074.024,18.119
24,73,255,768.021,24.007
25,27,255,1186.278,19.685
26,28,255,172.464,23.750
27,48,255,191.062,23.125
28,21,255,264.500,22.500
29,103,255,1213.723,25.762
30,32,255,1130.281,23.656
31,96,255,1197.771,26.240
32,63,255,1257.627,25.976
33,50,255,1284.400,24.540
34,58,255,161.776,26.448
35,23,255,221.500,23.804
36,29,255,305.155,24.776
37,27,255,861.574,25.500
38,61,255,514.779,26.730
39,32,255,1181.781,25.469
40,39,255,1234.269,26.269
41,22,255,645.591,26.591
42,36,255,656.889,27.611
43,96,255,871.781,30.125
44,25,255,1311.460,26.580
45,46,255,1271.978,27.870
46,62,255,1298.774,28.000
47,20,255,149.550,28.750
48,32,255,1320.281,29.281
49,53,255,840.368,30.802
50,58,255,476.310,31.621
51,150,255,893.380,34.147
52,59,255,992.619,33.195
53,21,255,1243.357,30.690
54,39,255,1367.064,30.885
55,34,255,377.706,31.500
56,106,255,915.585,33.821
57,43,255,725.988,32.105
58,34,255,806.559,32.941
59,47,255,452.926,33.883
60,30,255,797.000,33.833
61,51,255,1012.676,34.422
62,37,255,1374.338,35.176
63,39,255,1003.654,35.859
64,29,255,86.603,36.466
65,38,255,604.421,35.789
66,86,255,977.105,39.384
67,22,255,299.227,36.455
68,37,255,492.527,37.284
69,47,255,1363.138,37.415
70,44,255,10.341,37.909
71,58,255,22.517,41.276
72,63,255,940.500,38.976
73,25,255,373.300,39.740
74,24,255,441.833,39.375
75,80,255,1259.125,42.487
76,37,255,1391.392,41.473
77,41,255,868.037,40.939
78,27,255,985.167,41.278
79,58,255,322.103,42.966
80,40,255,1302.950,43.275
81,48,255,235.167,43.188
82,31,255,959.242,43.887
83,28,255,1122.500,44.286
84,48,255,92.958,45.583
85,31,255,819.242,44.210
86,24,255,1055.208,44.500
87,33,255,1146.167,46.136
88,60,255,1432.283,47.533
89,63,255,151.627,50.611
90,31,255,381.694,48.210
91,49,255,465.480,48.337
92,106,255,748.745,50.481
93,47,255,1400.521,48.415
94,20,255,457.450,48.600
95,47,255,947.330,49.160
96,110,255,1476.564,50.491
97,77,255,1493.682,51.097
98,58,255,285.017,50.672
99,28,255,631.679,50.250
100,63,255,891.119,49.754
101,22,255,48.818,51.500
102,29,255,498.569,50.914
103,27,255,619.907,50.574
104,41,255,715.012,50.793
105,134,255,922.925,55.149
106,32,255,525.938,51.719
107,38,255,542.868,51.263
108,51,255,773.422,52.912
109,30,255,1115.133,52.133
110,35,255,1225.929,51.300
111,31,255,60.952,52.694
112,88,255,790.693,54.807
113,68,255,1047.574,57.676
114,36,255,1512.889,52.833
115,41,255,139.207,54.037
116,41,255,737.573,55.793
117,26,255,840.000,53.500
118,59,255,1417.161,54.517
119,43,255,26.058,56.151
120,62,255,124.339,57.177
121,66,255,246.288,57.530
122,24,255,654.167,55.375
123,52,255,934.750,57.596
124,67,255,1499.291,58.276
125,142,255,1532.521,59.472
126,46,255,1571.239,57.630
127,26,255,113.000,56.500
128,68,255,604.897,59.618
129,57,255,693.465,59.149
130,35,255,414.729,59.043
131,53,255,7.179,60.934
132,27,255,264.981,61.574
133,53,255,987.915,62.047
134,22,255,1560.000,59.773
135,38,255,346.342,61.342
136,51,255,716.049,62.127
137,49,255,774.071,61.153
138,40,255,1441.575,61.450
139,55,255,1469.155,60.845
140,61,255,1074.664,63.893
141,43,255,259.430,65.872
142,59,255,108.958,66.686
143,42,255,563.000,65.286
144,52,255,744.962,64.865
145,27,255,316.389,66.722
146,73,255,435.021,68.226
147,39,255,526.679,66.628
148,75,255,793.473,68.847
149,49,255,1087.071,66.827
150,36,255,1112.306,66.028
151,21,255,1452.881,65.690
152,62,255,192.806,68.194
153,53,255,1000.387,67.783
154,57,255,176.675,68.675
155,21,255,1432.500,68.119
156,46,255,47.130,69.609
157,81,255,129.265,70.944
158,89,255,630.421,71.601
159,37,255,937.257,69.041
160,41,255,1528.866,69.476
161,31,255,332.694,70.210
162,41,255,664.988,69.549
163,38,255,981.474,69.737
164,42,255,619.119,72.024
165,67,255,780.530,73.858
166,39,255,926.705,72.090
167,33,255,1041.288,71.985
168,43,255,117.151,73.919
169,54,255,1109.111,75.185
170,23,255,426.109,73.500
171,33,255,351.864,75.045
172,60,255,505.100,76.667
173,67,255,542.321,76.231
174,20,255,1123.150,73.950
175,62,255,1010.403,77.468
176,20,255,1264.800,75.450
177,85,255,139.441,79.100
178,28,255,315.786,76.071
179,67,255,527.560,77.396
180,62,255,727.032,78.548
181,29,255,1179.086,77.086
182,52,255,1345.212,80.077
183,34,255,1440.118,77.059
184,75,255,202.060,79.673
185,41,255,464.573,79.280
186,46,255,670.957,78.478
187,50,255,180.360,80.140
188,103,255,412.160,81.500
189,39,255,921.654,80.500
190,46,255,336.500,80.457
191,94,255,581.351,81.064
192,39,255,387.679,81.756
193,85,255,757.171,83.347
194,40,255,939.550,82.675
195,48,255,1528.812,83.833
196,40,255,41.375,86.225
197,80,255,601.625,84.037
198,75,255,427.593,85.687
199,73,255,547.432,87.212
200,96,255,713.417,87.312
201,73,255,816.897,86.884
202,23,255,981.978,83.630
203,35,255,1173.471,84.329
204,66,255,1245.682,86.621
205,59,255,1550.263,84.144
206,43,255,187.035,85.756
207,84,255,495.179,87.214
208,46,255,1564.478,86.261
209,44,255,733.636,86.750
210,30,255,1000.867,85.867
211,86,255,1281.326,87.047
212,50,255,1326.120,87.680
213,61,255,308.926,87.664
214,55,255,560.936,86.955
215,78,255,656.513,88.513
216,73,255,899.418,89.514
217,136,255,913.721,95.074
218,47,255,623.755,89.202
219,42,255,787.667,88.167
220,61,255,1254.025,89.926
221,83,255,1367.139,89.741
222,80,255,698.862,90.862
223,37,255,1302.176,89.797
224,39,255,1505.782,89.397
225,90,255,526.389,93.089
226,62,255,1052.790,91.323
227,28,255,1414.250,91.250
228,29,255,136.086,91.569
229,68,255,467.529,94.824
230,29,255,475.052,91.810
231,68,255,1086.882,93.985
232,51,255,1145.265,93.029
233,47,255,1335.989,92.713
234,56,255,1584.161,92.607
235,66,255,204.530,94.288
236,28,255,595.893,92.536
237,100,255,929.320,95.200
238,91,255,182.280,98.082
239,60,255,1064.500,95.067
240,62,255,1095.726,96.048
241,96,255,313.083,97.927
242,21,255,794.595,95.071
243,179,255,255.528,101.193
244,60,255,514.017,99.850
245,103,255,577.772,98.956
246,60,255,1270.567,99.317
247,130,255,685.823,100.954
248,53,255,751.500,98.123
249,136,255,821.640,100.728
250,44,255,1487.250,100.273
251,29,255,1568.086,98.086
252,76,255,282.592,100.184
253,21,255,806.548,98.690
254,111,255,1161.122,101.536
255,50,255,1224.260,99.300
256,63,255,224.008,100.849
257,69,255,329.877,101.254
258,51,255,418.186,100.520
259,34,255,1374.118,100.529
260,45,255,367.211,101.367
261,94,255,485.777,103.074
262,83,255,630.886,103.042
263,81,255,772.772,102.488
264,75,255,381.647,103.673
265,57,255,614.833,103.167
266,52,255,1253.038,103.731
267,25,255,1497.340,102.060
268,34,255,407.559,102.971
269,81,255,844.599,104.660
270,39,255,938.321,103.731
271,60,255,1178.033,103.450
272,38,255,1330.895,103.237
273,71,255,747.331,105.303
274,61,255,1147.418,105.189
275,49,255,1408.969,104.316
276,90,255,1588.733,105.600
277,56,255,1349.768,107.125
278,53,255,1519.481,106.443
279,33,255,343.773,105.045
280,29,255,521.224,105.603
281,97,255,1227.727,107.830
282,31,255,37.694,107.919
283,85,255,731.888,109.476
284,49,255,1493.337,109.010
285,106,255,1506.528,110.717
286,61,255,462.008,108.877
287,99,255,704.116,110.924
288,91,255,294.456,111.104
289,59,255,500.975,111.008
290,68,255,596.221,111.279
291,95,255,871.426,111.984
292,87,255,917.466,112.178
293,38,255,1287.553,109.579
294,63,255,1472.373,110.532
295,61,255,392.025,111.254
296,66,255,569.530,111.015
297,47,255,585.564,111.181
298,21,255,1262.690,109.548
299,59,255,1037.890,114.246
300,72,255,1061.639,112.736
301,88,255,1135.875,113.716
302,77,255,1188.760,113.006
303,103,255,409.704,114.684
304,144,255,687.868,114.667
305,56,255,1423.321,112.518
306,79,255,246.829,114.589
307,43,255,303.919,113.756
308,60,255,378.000,113.350
309,53,255,490.387,114.972
310,75,255,529.580,114.687
311,55,255,614.536,113.391
312,23,255,1047.804,112.283
313,100,255,1108.320,115.530
314,128,255,362.375,116.914
315,50,255,718.740,114.580
316,46,255,1097.478,115.500
317,75,255,1164.647,115.873
318,83,255,1213.199,115.608
319,52,255,1302.981,115.269
320,57,255,1576.746,114.763
321,177,255,117.743,120.285
322,58,255,434.931,116.207
323,24,255,652.792,114.500
324,66,255,846.742,116.939
325,73,255,954.514,116.322
326,129,255,766.128,119.035
327,50,255,1178.860,116.660
328,83,255,1254.488,120.777
329,35,255,1385.814,115.957
330,52,255,1406.346,116.327
331,37,255,50.230,117.230
332,99,255,276.298,119.955
333,46,255,388.674,119.587
334,48,255,140.854,118.854
335,147,255,543.044,122.139
336,56,255,633.893,119.589
337,79,255,816.095,120.272
338,70,255,858.443,120.186
339,63,255,39.944,120.325
340,56,255,468.804,119.750
341,40,255,1597.600,120.575
342,140,255,260.314,125.521
343,48,255,455.542,120.708
344,37,255,981.905,119.797
345,68,255,1021.750,122.029
346,126,255,333.333,124.151
347,60,255,969.617,121.900
348,54,255,1065.204,121.370
349,43,255,1243.035,122.407
350,35,255,195.129,121.957
351,60,255,483.283,123.533
352,117,255,513.919,124.850
353,81,255,561.191,123.130
354,156,255,581.308,125.353
355,73,255,598.870,123.267
356,102,255,618.020,125.127
357,91,255,750.258,124.137
358,53,255,1010.802,123.500
359,108,255,1048.685,127.093
360,55,255,1142.155,123.209
361,92,255,1515.370,126.109
362,65,255,216.885,124.223
363,53,255,925.821,124.443
364,108,255,1493.481,125.435
365,20,255,303.900,123.600
366,61,255,834.844,125.238
367,54,255,917.000,125.796
368,29,255,992.603,123.741
369,79,255,1172.108,126.690
370,45,255,683.122,126.078
371,77,255,1290.643,127.318
372,69,255,227.239,128.587
373,76,255,904.079,127.461
374,34,255,1570.676,126.147
375,36,255,420.139,127.722
376,34,255,1161.147,127.147
377,33,255,1334.591,127.652
378,35,255,1465.043,126.843
379,41,255,63.232,128.061
380,31,255,732.629,127.952
381,24,255,792.042,127.542
382,59,255,1405.093,129.025
383,36,255,1582.556,130.250
384,66,255,319.636,132.818
385,96,255,380.146,131.573
386,52,255,503.865,131.192
387,77,255,567.539,131.019
388,114,255,850.728,133.061
389,143,255,1108.878,133.899
390,60,255,1191.133,130.917
391,130,255,287.146,133.208
392,84,255,347.536,131.881
393,64,255,469.812,131.531
394,119,255,706.517,133.004
395,125,255,873.244,131.788
396,53,255,993.613,130.915
397,40,255,1062.000,130.325
398,103,255,1151.180,132.209
399,48,255,1209.125,129.771
400,59,255,1393.432,131.178
401,96,255,200.542,133.344
402,122,255,366.713,135.582
403,101,255,454.450,133.569
404,89,255,724.994,133.815
405,39,255,1138.244,131.397
406,171,255,406.944,137.424
407,70,255,953.714,132.529
408,39,255,1034.628,132.372
409,102,255,1093.343,134.853
410,80,255,107.162,133.900
411,43,255,537.826,133.663
412,81,255,1177.549,135.056
413,36,255,127.222,134.111
414,77,255,188.318,139.071
415,51,255,920.892,134.716
416,73,255,1216.993,136.130
417,47,255,218.351,135.628
418,20,255,590.450,134.650
419,96,255,1123.375,137.625
420,65,255,1463.531,136.223
421,74,255,49.581,136.297
422,84,255,492.345,137.714
423,49,255,528.316,137.276
424,54,255,679.722,137.778
425,121,255,1230.277,139.368
426,77,255,1371.747,137.799
427,64,255,8.547,138.984
428,97,255,653.964,138.624
429,55,255,671.282,138.482
430,65,255,909.254,138.008
431,70,255,1272.357,139.314
432,78,255,1491.090,138.205
433,47,255,1527.074,137.457
434,32,255,178.125,137.844
435,26,255,253.538,137.808
436,78,255,599.256,140.744
437,80,255,1507.925,139.925
438,30,255,473.500,138.700
439,56,255,978.518,139.607
440,27,255,1549.278,138.463
441,55,255,166.209,141.300
442,99,255,212.561,142.429
443,59,255,267.602,142.229
444,86,255,507.605,142.605
445,75,255,543.927,142.767
446,42,255,635.119,140.238
447,34,255,830.618,140.353
448,79,255,839.741,143.753
449,53,255,1302.708,140.783
450,37,255,337.338,141.257
451,65,255,1077.069,142.346
452,79,255,1324.006,143.019
453,35,255,292.471,142.157
454,53,255,304.877,143.236
455,78,255,517.167,144.833
456,62,255,1434.984,143.387
457,72,255,131.736,144.153
458,39,255,559.397,143.244
459,34,255,690.500,143.000
460,130,255,778.823,147.315
461,43,255,27.733,144.826
462,74,255,119.351,146.297
463,112,255,393.607,147.652
464,123,255,431.614,148.037
465,69,255,625.486,145.109
466,70,255,747.371,145.343
467,53,255,805.217,144.972
468,138,255,946.130,147.181
469,44,255,1031.909,145.068
470,43,255,470.733,145.570
471,136,255,585.625,150.110
472,88,255,816.705,147.148
473,131,255,884.233,147.118
474,85,255,1018.371,147.582
475,132,255,86.439,150.386
476,35,255,173.100,145.671
477,57,255,279.202,146.974
478,79,255,718.487,148.108
479,66,255,790.576,147.364
480,34,255,1167.853,145.765
481,58,255,1189.293,147.586
482,70,255,50.786,148.357
483,154,255,147.429,151.104
484,142,255,361.092,150.739
485,74,255,994.135,148.635
486,92,255,1154.217,150.402
487,67,255,1373.112,147.993
488,81,255,3.994,150.660
489,71,255,419.951,150.627
490,55,255,612.609,149.173
491,130,255,673.823,151.177
492,64,255,706.312,149.172
493,102,255,856.069,150.490
494,25,255,1246.380,148.540
495,37,255,1253.203,148.230
496,27,255,1382.278,148.500
497,77,255,1484.435,150.110
498,56,255,1516.018,149.143
499,22,255,1529.727,147.591
500,116,255,1553.103,151.905
501,99,255,446.854,151.722
502,69,255,829.819,149.935
503,64,255,905.875,150.391
504,84,255,927.857,151.179
505,100,255,976.420,151.300
506,53,255,1352.613,150.047
507,74,255,264.365,151.770
508,56,255,533.536,152.250
509,136,255,567.544,152.654
510,31,255,870.597,150.694
511,140,255,1040.843,156.279
512,58,255,1574.397,151.517
513,116,255,238.172,155.302
514,71,255,297.965,152.655
515,81,255,919.093,154.179
516,48,255,1065.875,151.646
517,94,255,1268.351,153.298
518,81,255,42.228,154.636
519,100,255,174.600,156.120
520,41,255,1076.110,151.963
521,63,255,1210.881,153.627
522,144,255,221.347,155.424
523,77,255,285.318,155.279
524,70,255,464.457,155.914
525,67,255,623.515,154.410
526,84,255,23.786,156.000
527,45,255,106.456,153.944
528,128,255,204.055,158.227
529,54,255,473.648,154.833
530,76,255,525.132,156.421
531,167,255,759.680,157.608
532,48,255,1056.604,154.917
533,119,255,1133.836,156.626
534,141,255,1307.741,159.457
535,144,255,1420.958,158.868
536,69,255,1460.688,155.022
537,108,255,72.944,156.833
538,106,255,379.915,157.000
539,61,255,544.172,157.139
540,74,255,686.824,157.095
541,43,255,990.081,155.826
542,27,255,1022.500,154.500
543,92,255,1181.522,157.685
544,55,255,57.955,157.427
545,72,255,800.458,157.125
546,86,255,1095.442,157.767
547,149,255,1163.789,161.339
548,83,255,1252.548,157.223
549,85,255,1407.924,158.171
550,75,255,130.527,158.620
551,48,255,862.500,159.604
552,87,255,1119.282,160.557
553,97,255,1285.273,160.943
554,22,255,1594.136,157.045
555,80,255,600.325,161.025
556,57,255,710.640,161.325
557,71,255,1509.965,161.063
558,72,255,1545.736,160.597
559,30,255,330.467,159.433
560,43,255,641.709,160.477
561,102,255,660.814,163.216
562,57,255,701.553,160.991
563,68,255,937.456,161.456
564,84,255,968.750,161.929
565,85,255,1324.112,161.947
566,100,255,1468.150,162.690
567,117,255,1495.671,162.620
568,61,255,143.762,162.533
569,136,255,188.537,165.007
570,83,255,397.922,163.090
571,145,255,494.541,164.693
572,76,255,735.987,163.724
573,23,255,996.891,161.630
574,131,255,1345.737,164.546
575,43,255,1366.407,162.151
576,76,255,1568.908,162.421
577,79,255,113.994,163.703
578,38,255,251.105,162.000
579,52,255,747.058,163.346
580,78,255,1196.103,164.141
581,62,255,1448.645,163.468
582,85,255,100.112,165.394
583,46,255,531.848,163.674
584,50,255,725.100,164.360
585,51,255,873.873,164.618
586,92,255,888.826,166.152
587,75,255,902.727,164.847
588,72,255,1071.194,164.472
589,55,255,1218.209,164.755
590,81,255,317.833,166.080
591,78,255,366.731,165.385
592,73,255,1532.116,165.541
593,126,255,43.952,169.675
594,46,255,989.239,166.152
595,56,255,1050.696,165.911
596,67,255,1090.873,166.515
597,62,255,1376.710,166.226
598,29,255,1591.810,165.052
599,116,255,60.250,170.112
600,112,255,271.589,168.750
601,29,255,917.121,164.948
602,74,255,957.527,168.284
603,84,255,1433.964,168.250
604,127,255,302.650,170.185
605,36,255,557.806,167.861
606,87,255,607.374,171.052
607,72,255,643.153,168.319
608,25,255,671.700,167.060
609,30,255,682.500,167.167
610,75,255,799.820,168.153
611,48,255,1144.229,167.958
612,22,255,1294.409,168.045
613,146,255,584.233,172.411
614,44,255,785.545,168.432
615,95,255,813.647,171.984
616,73,255,825.774,170.048
617,61,255,1331.336,168.893
618,81,255,28.809,170.685
619,134,255,157.918,170.619
620,171,255,345.781,173.032
621,86,255,445.453,171.314
622,43,255,770.035,170.640
623,89,255,1204.904,171.871
624,78,255,1401.744,170.321
625,83,255,77.199,172.199
626,65,255,207.731,171.592
627,91,255,257.533,171.951
628,63,255,280.960,171.548
629,126,255,462.222,174.611
630,86,255,846.000,171.895
631,80,255,1121.275,172.025
632,63,255,688.722,172.627
633,71,255,1178.908,172.458
634,52,255,1229.212,171.385
635,68,255,89.338,173.632
636,94,255,327.053,174.660
637,62,255,983.048,173.000
638,49,255,999.173,172.929
639,62,255,1524.774,173.629
640,29,255,484.397,173.672
641,81,255,526.969,175.056
642,92,255,566.924,175.359
643,160,255,626.069,178.056
644,131,255,1018.294,177.324
645,83,255,1157.416,174.849
646,43,255,1422.616,173.616
647,54,255,1596.019,174.241
648,25,255,405.140,174.260
649,31,255,416.726,173.210
650,30,255,425.433,174.367
651,73,255,762.856,175.856
652,148,255,1038.473,179.095
653,82,255,1079.134,176.000
654,92,255,1254.435,179.098
655,110,255,1443.200,177.409
656,94,255,1558.957,176.255
657,46,255,107.413,175.783
658,86,255,650.174,177.430
659,31,255,913.565,175.210
660,55,255,512.027,176.827
661,90,255,716.122,178.011
662,118,255,1239.678,179.551
663,78,255,1577.115,178.372
664,71,255,360.190,178.303
665,80,255,778.962,179.150
666,50,255,865.840,177.580
667,82,255,896.024,179.220
668,105,255,937.033,179.633
669,33,255,1066.712,176.530
670,175,255,1292.671,180.774
671,91,255,376.148,180.115
672,60,255,389.967,179.300
673,83,255,804.910,180.717
674,107,255,831.322,181.238
675,103,255,1309.413,183.102
676,31,255,1346.081,178.435
677,41,255,1370.915,178.500
678,85,255,1482.571,180.312
679,101,255,229.896,181.787
680,30,255,878.867,178.867
681,99,255,1354.338,182.389
682,65,255,25.254,180.531
683,86,255,192.535,182.140
684,71,255,433.880,183.655
685,53,255,474.953,181.123
686,160,255,545.538,185.100
687,89,255,1215.545,182.736
688,100,255,1269.440,182.460
689,132,255,1467.295,185.265
690,85,255,63.135,182.900
691,51,255,180.402,181.814
692,80,255,516.237,184.025
693,117,255,1179.756,183.662
694,86,255,1322.302,185.337
695,107,255,1410.556,183.967
696,70,255,1455.471,183.129
697,102,255,140.647,185.108
698,39,255,1136.321,182.705
699,48,255,115.188,183.917
700,26,255,411.923,183.000
701,129,255,698.957,187.624
702,109,255,1007.023,185.940
703,39,255,1030.859,183.449
704,48,255,1154.417,183.500
705,78,255,1514.500,185.359
706,53,255,240.274,185.311
707,78,255,255.513,185.590
708,148,255,678.270,187.993
709,49,255,2.582,187.153
710,56,255,209.893,185.946
711,168,255,757.970,188.060
712,50,255,886.960,186.480
713,59,255,978.178,186.178
714,109,255,1065.271,188.528
715,34,255,1143.029,185.176
716,77,255,1531.968,186.292
717,98,255,153.469,188.602
718,90,255,169.344,188.067
719,47,255,817.926,186.457
720,29,255,945.845,186.397
721,77,255,1193.175,187.825
722,63,255,1590.706,187.389
723,44,255,499.568,188.477
724,58,255,866.793,187.655
725,77,255,915.292,188.318
726,57,255,107.009,189.342
727,66,255,289.242,189.424
728,43,255,447.105,188.570
729,75,255,1078.820,189.433
730,56,255,1341.429,190.250
731,65,255,1364.823,189.731
732,59,255,1567.568,189.110
733,90,255,276.067,191.378
734,52,255,573.981,190.038
735,75,255,1121.673,191.540
736,77,255,69.474,192.565
737,154,255,324.825,195.487
738,60,255,636.383,191.100
739,82,255,656.915,191.902
740,79,255,1548.411,191.475
741,65,255,415.038,192.685
742,31,255,439.694,191.403
743,117,255,835.808,194.415
744,49,255,939.888,192.439
745,98,255,804.245,194.847
746,50,255,998.080,193.180
747,77,255,1148.695,194.903
748,77,255,27.656,195.188
749,59,255,118.025,193.907
750,69,255,382.848,194.457
751,42,255,860.690,193.429
752,80,255,961.763,195.100
753,132,255,303.424,198.159
754,194,255,361.098,197.562
755,94,255,531.330,196.000
756,81,255,561.525,195.981
757,146,255,619.226,197.699
758,182,255,777.313,199.115
759,56,255,1132.464,195.143
760,30,255,1230.667,194.367
761,43,255,1380.593,194.663
762,126,255,1490.651,199.175
763,71,255,1582.880,196.444
764,57,255,130.570,196.184
765,76,255,1183.000,197.000
766,31,255,1261.403,194.984
767,50,255,1415.100,196.700
768,71,255,216.359,197.542
769,66,255,283.833,197.455
770,75,255,1021.447,197.700
771,46,255,1094.739,196.891
772,69,255,1250.558,198.572
773,96,255,1272.604,198.750
774,57,255,1332.237,197.588
775,54,255,1372.630,197.685
776,45,255,1395.056,196.789
777,56,255,506.143,198.054
778,117,255,399.483,200.850
779,37,255,971.743,198.311
780,154,255,1515.136,203.234
781,131,255,42.569,202.660
782,134,255,467.149,201.351
783,58,255,981.190,201.155
784,61,255,1072.516,201.811
785,54,255,1111.111,199.889
786,89,255,1237.140,203.129
787,77,255,1291.162,201.422
788,141,255,168.415,203.152
789,90,255,811.044,202.867
790,22,255,989.273,199.273
791,41,255,427.232,201.695
792,89,255,913.017,203.556
793,140,255,1541.564,206.721
794,104,255,1554.423,206.481
795,52,255,145.231,203.654
796,138,255,681.536,207.232
797,24,255,733.000,202.000
798,57,255,1457.798,203.377
799,57,255,2.711,205.447
800,67,255,15.470,204.500
801,116,255,417.500,207.802
802,141,255,581.379,206.933
803,144,255,658.486,207.438
804,90,255,945.478,207.344
805,95,255,1388.195,205.111
806,69,255,1467.877,205.109
807,66,255,1480.591,205.833
808,91,255,1568.335,206.016
809,129,255,105.360,207.872
810,34,255,255.147,204.206
811,74,255,345.095,206.500
812,20,255,1039.450,203.600
813,82,255,1063.159,206.146
814,84,255,1160.905,206.095
815,124,255,133.460,208.726
816,91,255,233.038,207.445
817,207,255,446.809,210.577
818,50,255,595.340,205.620
819,110,255,608.400,208.500
820,97,255,751.335,208.345
821,40,255,1085.825,205.550
822,66,255,1129.955,205.803
823,41,255,1363.378,205.549
824,44,255,1427.273,206.068
825,46,255,81.674,206.391
826,65,255,634.300,207.131
827,97,255,710.448,208.325
828,98,255,867.929,209.398
829,39,255,965.833,206.192
830,52,255,1442.865,206.500
831,45,255,23.744,207.700
832,20,255,203.450,206.100
833,23,255,506.457,206.196
834,41,255,834.622,207.793
835,76,255,1094.895,208.395
836,145,255,1418.107,211.486
837,52,255,1594.308,208.365
838,82,255,563.927,210.012
839,80,255,765.462,209.700
840,43,255,1187.547,208.570
841,78,255,1344.885,210.192
842,112,255,90.339,213.911
843,83,255,156.042,211.271
844,86,255,394.140,212.163
845,35,255,495.500,209.100
846,75,255,933.727,211.580
847,123,255,1046.077,211.167
848,71,255,115.669,212.218
849,88,255,379.636,211.852
850,74,255,1261.203,211.595
851,77,255,1581.448,211.968
852,111,255,534.239,213.977
853,45,255,1306.367,212.656
854,25,255,464.300,211.580
855,75,255,1195.247,214.127
856,89,255,1295.702,214.028
857,91,255,1332.082,214.742
858,89,255,1372.938,214.893
859,21,255,210.500,212.500
860,132,255,250.682,215.091
861,61,255,266.598,214.697
862,61,255,1006.598,214.615
863,111,255,1123.491,217.077
864,78,255,1214.744,214.526
865,46,255,1400.609,214.652
866,91,255,319.896,216.258
867,70,255,357.671,215.614
868,76,255,474.513,215.763
869,42,255,776.857,214.571
870,67,255,972.231,215.291
871,28,255,1354.786,213.893
872,96,255,1460.125,215.490
873,82,255,919.915,216.963
874,85,255,996.394,217.382
875,85,255,1316.382,217.206
876,33,255,1387.530,214.682
877,142,255,14.296,221.754
878,167,255,283.757,220.710
879,110,255,305.827,220.382
880,105,255,895.862,218.224
881,90,255,1179.233,218.433
882,72,255,198.903,218.583
883,72,255,1134.319,219.486
884,125,255,1148.964,221.540
885,130,255,1277.785,220.500
886,63,255,1442.151,219.056
887,92,255,53.174,220.457
888,96,255,80.469,222.396
889,38,255,547.184,218.158
890,61,255,632.451,219.500
891,140,255,733.521,223.650
892,95,255,1163.426,220.532
893,59,255,1250.873,219.653
894,162,255,1512.093,221.877
895,82,255,127.902,223.890
896,58,255,878.845,220.034
897,87,255,952.971,221.489
898,26,255,1081.000,219.192
899,101,255,689.847,223.193
900,44,255,754.955,220.432
901,37,255,1563.905,221.257
902,80,255,828.200,223.175
903,67,255,204.769,224.440
904,128,255,586.750,225.938
905,108,255,609.852,224.935
906,129,255,652.415,224.965
907,71,255,770.739,223.937
908,38,255,935.289,222.605
909,66,255,1091.818,224.106
910,39,255,346.218,224.346
911,62,255,379.065,223.806
912,56,255,517.089,224.643
913,131,255,862.546,226.126
914,84,255,971.500,224.179
915,31,255,1047.435,223.339
916,108,255,1104.769,227.815
917,56,255,334.071,225.232
918,134,255,394.306,228.746
919,62,255,453.177,226.339
920,54,255,502.630,225.778
921,84,255,562.595,226.000
922,43,255,641.151,225.360
923,83,255,1036.813,226.849
924,86,255,1448.767,225.523
925,81,255,1495.944,225.981
926,150,255,263.600,227.767
927,61,255,463.484,226.451
928,39,255,527.423,225.064
929,100,255,1020.730,227.230
930,76,255,1194.500,226.776
931,141,255,1406.316,227.947
932,101,255,490.866,230.183
933,61,255,810.139,227.385
934,71,255,1343.979,228.120
935,57,255,172.096,229.974
936,77,255,180.383,229.058
937,74,255,704.595,228.216
938,61,255,847.730,228.090
939,76,255,69.618,230.355
940,54,255,161.907,230.796
941,80,255,994.200,229.150
942,48,255,1379.938,228.542
943,80,255,1392.125,230.387
944,70,255,32.714,231.286
945,25,255,42.460,229.020
946,92,255,217.652,231.489
947,51,255,723.206,230.304
948,49,255,753.520,231.051
949,60,255,1052.767,230.767
950,86,255,1221.140,231.593
951,34,255,1267.588,229.471
952,95,255,1469.700,231.174
953,59,255,1593.008,230.195
954,66,255,925.455,232.712
955,152,255,420.803,234.257
956,57,255,762.693,232.395
957,125,255,799.020,234.684
958,57,255,818.325,232.518
959,59,255,936.907,232.195
960,133,255,1233.312,236.282
961,64,255,1250.641,232.688
962,58,255,1541.241,231.810
963,83,255,4.970,234.536
964,97,255,104.201,232.943
965,65,255,136.915,233.808
966,93,255,326.167,233.651
967,50,255,526.400,233.760
968,60,255,1080.883,233.217
969,88,255,1306.545,234.818
970,78,255,570.462,234.949
971,55,255,1293.609,235.209
972,97,255,233.376,236.479
973,119,255,1328.744,238.206
974,57,255,1362.202,236.447
975,129,255,1523.554,238.593
976,34,255,155.029,235.559
977,35,255,275.700,235.957
978,33,255,343.955,235.288
979,128,255,614.312,238.453
980,51,255,987.461,236.147
981,94,255,998.628,240.064
982,142,255,1153.915,238.528
983,31,255,1372.726,235.500
984,89,255,1558.331,236.657
985,90,255,1577.000,237.500
986,70,255,59.529,237.614
987,69,255,706.688,236.862
988,82,255,866.061,238.000
989,112,255,1204.973,237.723
990,70,255,1315.371,238.614
991,104,255,1351.587,239.519
992,56,255,458.679,237.714
993,165,255,507.779,242.076
994,44,255,960.523,237.591
995,83,255,1057.789,239.090
996,68,255,1111.868,239.059
997,44,255,82.477,238.818
998,57,255,203.781,239.465
999,31,255,309.694,237.790
1000,72,255,360.444,240.236
1001,88,255,437.023,240.045
1002,144,255,951.674,243.333
1003,80,255,1070.550,240.213
1004,147,255,478.384,244.337
1005,84,255,676.048,240.786
1006,52,255,825.019,241.596
1007,124,255,1427.661,242.677
1008,111,255,1537.158,242.653
1009,55,255,41.791,240.755
1010,54,255,718.889,240.944
1011,114,255,1188.105,243.158
1012,79,255,321.576,242.639
1013,137,255,373.281,244.142
1014,68,255,634.132,242.118
1015,84,255,648.548,243.250
1016,142,255,747.972,244.676
1017,47,255,1404.202,242.330
1018,75,255,1467.700,243.993
1019,85,255,127.665,244.935
1020,27,255,241.130,243.204
1021,87,255,345.638,245.259
1022,43,255,1566.895,244.105
1023,33,255,110.682,243.955
1024,126,255,302.127,246.905
1025,80,255,687.938,245.887
1026,90,255,842.278,245.967
1027,60,255,878.867,245.200
1028,89,255,1482.298,246.579
1029,78,255,543.487,247.038
1030,103,255,902.675,247.034
1031,86,255,1023.640,246.895
1032,91,255,176.885,248.918
1033,39,255,457.064,246.628
1034,86,255,1083.826,248.616
1035,88,255,1120.705,249.341
1036,60,255,1299.000,246.983
1037,76,255,1368.684,248.197
1038,92,255,1445.413,248.707
1039,130,255,56.392,251.338
1040,38,255,119.447,248.842
1041,55,255,207.755,248.791
1042,47,255,407.117,247.330
1043,55,255,778.755,248.336
1044,95,255,1549.458,249.605
1045,62,255,43.806,249.790
1046,64,255,560.391,249.188
1047,124,255,589.718,252.403
1048,126,255,915.905,254.103
1049,81,255,1129.352,251.710
1050,86,255,1213.814,249.558
1051,45,255,605.122,250.011
1052,30,255,628.233,249.500
1053,41,255,891.841,251.037
1054,114,255,1163.956,251.702
1055,115,255,269.657,253.752
1056,78,255,494.551,252.538
1057,75,255,697.553,251.780
1058,91,255,1503.368,252.126
1059,29,255,158.328,251.466
1060,76,255,396.645,253.566
1061,74,255,764.108,252.568
1062,107,255,1263.678,254.593
1063,83,255,1574.741,253.295
1064,99,255,217.247,255.540
1065,89,255,335.253,255.545
1066,42,255,573.690,252.571
1067,66,255,728.621,254.121
1068,104,255,821.558,254.327
1069,80,255,880.862,254.562
1070,48,255,1250.500,252.604
1071,113,255,1333.296,255.111
1072,75,255,1387.713,253.967
1073,146,255,1417.329,257.041
1074,38,255,232.579,253.132
1075,86,255,281.733,256.372
1076,80,255,325.762,254.850
1077,114,255,421.719,255.807
1078,43,255,975.430,253.430
1079,90,255,1186.778,256.211
1080,158,255,1307.797,258.304
1081,99,255,1400.763,256.722
1082,70,255,1560.800,254.886
1083,68,255,1596.956,256.265
1084,44,255,96.545,255.045
1085,91,255,350.698,256.841
1086,95,255,799.026,256.247
1087,92,255,847.196,256.207
1088,57,255,1198.939,255.535
1089,160,255,1230.463,259.006
1090,77,255,1281.045,255.604
1091,62,255,1465.597,255.274
1092,81,255,146.957,257.302
1093,55,255,466.845,256.409
1094,42,255,526.262,255.833
1095,72,255,944.097,256.917
1096,79,255,255.627,258.234
1097,78,255,436.526,257.654
1098,42,255,737.262,256.833
1099,46,255,1049.913,256.935
1100,103,255,1478.141,258.481
1101,88,255,1535.227,258.125
1102,170,255,15.618,262.653
1103,69,255,105.065,259.022
1104,37,255,294.743,257.662
1105,54,255,1587.037,260.185
1106,103,255,89.015,263.374
1107,131,255,383.302,260.385
1108,50,255,629.520,259.060
1109,36,255,719.556,259.111
1110,57,255,755.202,259.184
1111,121,255,784.178,261.500
1112,97,255,1153.397,260.716
1113,153,255,557.631,263.748
1114,90,255,980.722,261.456
1115,24,255,1377.958,258.750
1116,62,255,120.726,260.855
1117,69,255,136.486,261.645
1118,53,255,238.877,262.198
1119,89,255,306.365,261.927
1120,68,255,1038.162,262.103
1121,101,255,1074.985,262.163
1122,66,255,37.909,262.288
1123,140,255,198.000,263.386
1124,24,255,490.208,260.500
1125,38,255,1555.342,261.447
1126,37,255,175.878,263.635
1127,86,255,602.907,264.919
1128,68,255,710.868,263.897
1129,68,255,968.779,264.088
1130,161,255,1023.606,268.196
1131,45,255,2.300,265.100
1132,38,255,446.526,263.737
1133,38,255,996.132,264.158
1134,86,255,1448.174,265.081
1135,63,255,167.865,265.675
1136,52,255,666.577,264.558
1137,123,255,1509.102,268.370
1138,55,255,360.627,267.300
1139,69,255,575.819,266.457
1140,69,255,616.442,266.819
1141,69,255,855.428,268.210
1142,66,255,946.288,265.985
1143,58,255,1396.155,266.293
1144,55,255,681.609,266.500
1145,96,255,1047.312,270.729
1146,31,255,1102.177,266.435
1147,40,255,326.175,266.675
1148,89,255,912.287,269.073
1149,63,255,1112.690,268.516
1150,72,255,1520.278,269.847
1151,50,255,250.040,269.340
1152,50,255,350.360,269.560
1153,96,255,482.094,269.927
1154,108,255,510.602,271.769
1155,72,255,930.736,269.819
1156,94,255,989.894,271.074
1157,68,255,1262.221,268.985
1158,45,255,55.967,269.789
1159,32,255,461.188,269.844
1160,30,255,530.867,268.867
1161,41,255,801.354,269.183
1162,80,255,813.212,271.087
1163,85,255,1203.771,271.394
1164,199,255,872.274,275.510
1165,104,255,894.250,272.817
1166,106,255,1084.472,272.962
1167,127,255,1216.138,274.689
1168,63,255,1496.373,272.548
1169,74,255,74.973,273.351
1170,88,255,124.534,273.591
1171,63,255,228.484,273.071
1172,32,255,748.281,271.062
1173,30,255,1174.733,271.933
1174,49,255,1298.806,272.724
1175,79,255,1483.829,272.778
1176,102,255,1595.931,275.157
1177,113,255,958.633,274.739
1178,109,255,1439.179,275.372
1179,120,255,1235.400,275.925
1180,147,255,1279.350,277.398
1181,80,255,25.312,276.163
1182,112,255,414.304,276.527
1183,38,255,536.526,275.395
1184,56,255,680.304,274.393
1185,67,255,842.351,275.201
1186,22,255,1146.773,273.727
1187,93,255,1402.973,276.511
1188,48,255,1466.125,275.875
1189,44,255,65.568,276.227
1190,121,255,339.318,279.211
1191,35,255,702.500,275.414
1192,124,255,1130.871,279.516
1193,118,255,1353.068,279.966
1194,79,255,150.120,277.753
1195,151,255,299.023,279.460
1196,117,255,778.782,278.611
1197,61,255,802.648,277.041
1198,96,255,1109.698,278.615
1199,62,255,1248.597,277.548
1200,84,255,1309.964,277.548
1201,22,255,1427.091,275.636
1202,101,255,110.361,279.490
1203,56,255,321.679,278.964
1204,108,255,375.324,279.528
1205,88,255,441.239,279.148
1206,68,255,753.971,278.324
1207,101,255,1379.064,279.302
1208,68,255,612.824,279.588
1209,79,255,628.791,279.829
1210,39,255,695.500,278.577
1211,52,255,934.404,279.538
1212,96,255,974.167,280.354
1213,24,255,1182.000,277.500
1214,41,255,219.598,279.378
1215,126,255,158.508,286.429
1216,104,255,173.904,283.260
1217,76,255,261.737,282.118
1218,143,255,541.738,284.486
1219,55,255,587.445,280.773
1220,52,255,817.519,281.462
1221,78,255,830.000,281.500
1222,85,255,1334.771,281.888
1223,66,255,1535.273,281.197
1224,85,255,236.900,283.535
1225,134,255,1261.963,284.672
1226,64,255,1460.188,282.672
1227,72,255,1499.250,283.306
1228,100,255,15.460,286.290
1229,52,255,1138.596,283.558
1230,75,255,390.527,284.980
1231,95,255,1044.626,285.679
1232,114,255,68.395,286.719
1233,156,255,196.186,289.385
1234,149,255,356.849,287.245
1235,70,255,427.186,285.814
1236,66,255,481.348,285.697
1237,59,255,578.331,285.381
1238,122,255,1170.869,287.541
1239,91,255,1244.929,286.698
1240,107,255,904.033,289.435
1241,88,255,999.273,287.250
1242,103,255,1554.762,287.170
1243,73,255,130.336,288.171
1244,77,255,404.760,288.565
1245,65,255,596.377,287.269
1246,59,255,889.144,287.280
1247,95,255,1192.521,288.174
1248,62,255,1298.677,287.726
1249,37,255,448.716,287.392
1250,71,255,644.725,288.430
1251,48,255,713.500,288.021
1252,30,255,799.867,287.333
1253,34,255,1318.265,287.618
1254,32,255,1418.000,286.875
1255,80,255,1486.100,288.913
1256,54,255,97.907,288.926
1257,77,255,139.201,289.981
1258,86,255,250.407,289.733
1259,152,255,276.401,293.184
1260,44,255,509.432,289.250
1261,92,255,628.065,290.130
1262,22,255,698.000,287.227
1263,71,255,463.049,291.683
1264,69,255,948.413,292.022
1265,69,255,1329.428,290.978
1266,81,255,1513.167,291.512
1267,112,255,27.741,294.009
1268,73,255,310.623,291.870
1269,89,255,660.399,291.534
1270,79,255,966.690,292.095
1271,97,255,1146.201,292.490
1272,42,255,1363.429,291.048
1273,64,255,383.016,292.984
1274,67,255,936.097,293.246
1275,65,255,1096.777,291.962
1276,67,255,1545.664,294.037
1277,60,255,498.033,293.750
1278,62,255,706.468,294.194
1279,157,255,726.226,295.398
1280,154,255,1065.610,296.266
1281,130,255,1209.062,295.638
1282,154,255,1310.084,298.097
1283,105,255,1403.243,296.176
1284,35,255,1495.900,293.614
1285,149,255,1531.674,295.567
1286,105,255,55.433,297.567
1287,141,255,553.323,295.387
1288,50,255,1161.020,293.400
1289,173,255,1283.026,298.575
1290,103,255,1376.393,295.413
1291,45,255,584.456,295.056
1292,109,255,678.326,297.537
1293,86,255,691.733,297.151
1294,72,255,867.431,296.361
1295,109,255,1584.280,297.261
1296,76,255,853.026,296.895
1297,50,255,84.260,296.600
1298,83,255,299.235,297.958
1299,42,255,576.262,297.095
1300,130,255,1015.346,299.569
1301,81,255,1455.352,297.944
1302,64,255,365.609,298.547
1303,63,255,414.087,298.611
1304,99,255,476.288,299.682
1305,36,255,511.833,296.861
1306,75,255,877.993,298.793
1307,89,255,924.433,299.253
1308,58,255,1257.172,298.724
1309,54,255,34.926,299.574
1310,124,255,778.129,301.944
1311,45,255,1002.700,298.767
1312,102,255,1570.569,301.284
1313,81,255,13.204,301.043
1314,26,255,76.231,299.154
1315,48,255,95.375,300.083
1316,88,255,616.602,302.602
1317,24,255,892.083,298.542
1318,63,255,1105.913,300.706
1319,59,255,1187.822,300.263
1320,42,255,44.476,301.262
1321,81,255,225.549,301.660
1322,103,255,1437.034,302.655
1323,76,255,188.368,303.224
1324,38,255,263.500,301.500
1325,29,255,405.328,300.810
1326,76,255,427.382,302.395
1327,129,255,758.973,305.647
1328,53,255,828.330,301.708
1329,132,255,104.735,307.326
1330,23,255,344.283,301.717
1331,96,255,744.250,305.552
1332,74,255,908.716,303.392
1333,184,255,1044.859,306.723
1334,38,255,120.605,303.263
1335,157,255,158.844,307.150
1336,63,255,288.595,305.056
1337,71,255,437.824,305.176
1338,47,255,452.585,303.032
1339,39,255,665.756,303.090
1340,162,255,1414.895,309.259
1341,74,255,640.662,306.054
1342,99,255,800.288,307.894
1343,54,255,1328.463,305.685
1344,77,255,1500.708,306.058
1345,151,255,325.248,310.063
1346,107,255,583.350,307.061
1347,96,255,844.094,307.365
1348,34,255,859.912,304.912
1349,99,255,949.662,307.167
1350,32,255,1089.781,305.688
1351,87,255,1205.546,307.374
1352,72,255,1452.417,307.000
1353,51,255,1555.637,305.618
1354,70,255,138.771,307.700
1355,56,255,308.000,307.000
1356,73,255,380.199,308.021
1357,84,255,521.381,308.024
1358,56,255,1192.054,306.982
1359,41,255,271.500,308.500
1360,41,255,963.500,307.598
1361,39,255,1129.936,307.577
1362,102,255,1350.000,309.000
1363,27,255,399.833,308.093
1364,105,255,565.862,311.129
1365,137,255,1073.945,312.361
1366,138,255,1477.348,313.159
1367,55,255,124.991,311.173
1368,49,255,700.602,309.622
1369,30,255,827.200,309.167
1370,110,255,1223.000,311.500
1371,41,255,258.183,311.037
1372,91,255,454.324,312.401
1373,59,255,647.822,311.958
1374,99,255,813.298,311.348
1375,80,255,971.212,312.738
1376,192,255,1004.271,314.948
1377,148,255,1239.581,313.804
1378,144,255,1255.764,314.069
1379,60,255,1488.350,311.850
1380,66,255,197.788,312.121
1381,25,255,609.900,310.540
1382,48,255,729.146,312.521
1383,112,255,1304.107,314.446
1384,136,255,1367.765,315.625
1385,78,255,1393.321,313.628
1386,84,255,1520.250,313.381
1387,36,255,40.972,312.528
1388,61,255,219.484,313.287
1389,76,255,234.803,313.868
1390,112,255,926.955,315.848
1391,61,255,982.844,313.680
1392,59,255,1273.992,313.500
1393,24,255,300.625,313.167
1394,55,255,394.245,313.973
1395,67,255,1144.694,315.022
1396,59,255,1158.398,314.280
1397,77,255,1508.747,315.903
1398,43,255,76.151,314.407
1399,104,255,184.087,316.337
1400,74,255,339.027,315.662
1401,65,255,352.962,315.592
1402,160,255,1112.806,317.469
1403,84,255,1436.738,315.857
1404,69,255,898.341,316.601
1405,88,255,1555.398,318.114
1406,102,255,474.176,318.716
1407,78,255,779.051,318.141
1408,50,255,791.060,317.980
1409,99,255,1090.096,317.641
1410,85,255,1381.888,319.241
1411,70,255,87.214,318.829
1412,64,255,207.875,319.219
1413,119,255,250.567,321.718
1414,77,255,513.513,318.396
1415,78,255,19.282,320.256
1416,64,255,112.984,319.750
1417,83,255,308.428,320.054
1418,27,255,620.500,317.204
1419,32,255,660.781,317.562
1420,97,255,737.170,321.500
1421,86,255,826.698,321.756
1422,38,255,840.316,317.579
1423,21,255,946.643,317.833
1424,71,255,1129.176,319.415
1425,136,255,1176.338,320.875
1426,66,255,1460.273,319.409
1427,77,255,1570.591,320.643
1428,23,255,8.543,319.239
1429,76,255,272.789,320.816
1430,73,255,377.623,319.267
1431,227,255,1022.980,324.077
1432,85,255,1291.500,320.547
1433,86,255,31.640,321.953
1434,67,255,438.127,321.351
1435,89,255,545.242,321.376
1436,58,255,681.103,321.069
1437,67,255,857.261,322.112
1438,118,255,869.644,323.568
1439,21,255,960.357,319.167
1440,59,255,1192.517,322.144
1441,47,255,1323.819,320.691
1442,61,255,199.287,322.664
1443,67,255,226.201,322.276
1444,64,255,360.594,322.641
1445,55,255,488.609,321.936
1446,53,255,1035.670,322.236
1447,56,255,1409.357,321.625
1448,86,255,58.488,324.721
1449,40,255,171.325,322.550
1450,143,255,290.990,324.052
1451,65,255,695.515,323.746
1452,54,255,708.019,322.870
1453,45,255,720.544,322.767
1454,76,255,1353.671,324.329
1455,96,255,1589.667,324.896
1456,53,255,1546.500,324.594
1457,86,255,93.488,326.221
1458,125,255,399.556,325.660
1459,50,255,650.840,324.640
1460,80,255,905.337,326.113
1461,101,255,1270.847,325.738
1462,85,255,449.206,326.724
1463,60,255,661.750,326.117
1464,50,255,987.340,325.720
1465,104,255,1398.000,327.971
1466,49,255,1489.153,325.745
1467,106,255,1527.443,327.000
1468,73,255,890.075,327.623
1469,51,255,1330.873,327.637
1470,72,255,604.972,328.556
1471,70,255,1047.329,328.900
1472,49,255,1456.847,327.847
1473,75,255,50.567,330.767
1474,34,255,367.029,328.853
1475,57,255,381.991,329.465
1476,60,255,766.783,329.383
1477,21,255,1308.643,327.500
1478,84,255,1378.071,329.179
1479,21,255,798.357,329.214
1480,44,255,808.659,329.977
1481,75,255,932.793,331.273
1482,93,255,977.715,331.855
1483,57,255,1115.149,330.798
1484,68,255,1428.044,330.794
1485,115,255,1443.961,332.143
1486,139,255,176.464,333.529
1487,111,255,341.311,333.689
1488,121,255,513.913,333.806
1489,47,255,1130.202,330.713
1490,25,255,349.740,330.300
1491,100,255,419.050,334.100
1492,74,255,572.554,333.784
1493,84,255,685.405,332.333
1494,76,255,1178.447,331.566
1495,105,255,1344.062,333.757
1496,62,255,124.065,333.097
1497,80,255,325.925,334.175
1498,84,255,753.571,334.381
1499,47,255,818.415,333.096
1500,22,255,1321.636,332.182
1501,40,255,549.700,333.575
1502,88,255,741.136,335.568
1503,80,255,838.263,335.462
1504,41,255,862.354,333.866
1505,71,255,1154.951,334.754
1506,131,255,1286.179,337.523
1507,73,255,1488.500,334.308
1508,66,255,3.000,336.758
1509,46,255,160.565,335.609
1510,48,255,996.208,334.979
1511,43,255,1107.523,334.826
1512,129,255,1305.143,336.469
1513,53,255,357.462,336.066
1514,36,255,582.889,335.361
1515,54,255,612.426,336.222
1516,181,255,634.704,339.174
1517,70,255,703.029,336.429
1518,108,255,851.954,338.407
1519,64,255,880.109,336.438
1520,48,255,944.229,335.833
1521,93,255,958.833,337.876
1522,68,255,1052.985,336.632
1523,114,255,1520.202,339.737
1524,60,255,665.683,336.900
1525,133,255,1080.064,340.944
1526,59,255,1218.788,337.839
1527,49,255,1458.663,337.561
1528,86,255,1546.512,337.663
1529,168,255,1568.065,341.905
1530,85,255,19.159,337.924
1531,63,255,36.437,337.960
1532,106,255,199.425,339.226
1533,112,255,239.491,340.768
1534,124,255,466.161,341.202
1535,87,255,921.764,340.017
1536,74,255,1017.527,339.081
1537,20,255,1068.100,336.550
1538,77,255,481.110,340.032
1539,40,255,526.425,338.650
1540,55,255,890.664,339.027
1541,62,255,1467.597,339.806
1542,40,255,373.325,339.425
1543,80,255,434.250,343.025
1544,116,255,826.922,342.948
1545,32,255,1228.750,339.531
1546,68,255,275.824,341.353
1547,69,255,495.514,341.804
1548,51,255,898.324,341.657
1549,99,255,1139.561,343.106
1550,89,255,88.365,342.961
1551,39,255,248.064,342.782
1552,50,255,800.000,341.800
1553,65,255,1411.346,342.377
1554,76,255,1507.184,342.618
1555,101,255,73.500,344.500
1556,50,255,227.220,342.800
1557,35,255,404.071,342.071
1558,48,255,538.042,342.896
1559,106,255,776.972,346.094
1560,131,255,944.011,346.515
1561,115,255,1273.813,345.517
1562,22,255,1426.818,342.091
1563,35,255,333.129,342.871
1564,80,255,561.725,345.113
1565,43,255,787.895,343.686
1566,112,255,1194.929,345.946
1567,59,255,257.856,345.364
1568,58,255,1058.879,344.931
1569,90,255,1160.056,346.144
1570,59,255,25.873,345.703
1571,74,255,124.351,346.568
1572,58,255,679.517,346.621
1573,56,255,874.286,346.304
1574,120,255,1109.600,347.067
1575,60,255,1172.383,346.717
1576,91,255,1393.093,347.236
1577,77,255,1476.721,346.786
1578,39,255,112.859,346.551
1579,94,255,208.840,348.787
1580,163,255,297.874,350.298
1581,90,255,450.933,348.211
1582,67,255,615.664,347.694
1583,30,255,1236.867,346.000
1584,194,255,1370.010,349.835
1585,87,255,1451.063,348.351
1586,70,255,153.543,348.629
1587,58,255,188.828,348.207
1588,75,255,282.873,349.620
1589,43,255,595.965,348.012
1590,156,255,976.981,353.718
1591,81,255,1012.710,349.327
1592,39,255,1025.500,348.192
1593,68,255,1091.088,348.882
1594,72,255,1263.708,349.278
1595,70,255,1434.257,348.743
1596,73,255,169.747,350.664
1597,49,255,179.990,349.745
1598,107,255,1037.762,350.659
1599,152,255,1537.862,353.395
1600,55,255,104.991,350.427
1601,83,255,404.139,350.090
1602,61,255,1225.074,349.992
1603,64,255,1502.938,350.219
1604,29,255,1582.776,349.259
1605,26,255,649.462,350.500
1606,69,255,991.486,351.703
1607,74,255,1127.108,351.568
1608,48,255,1551.729,351.167
1609,114,255,370.711,354.035
1610,85,255,721.076,352.994
1611,66,255,1412.000,352.000
1612,69,255,385.080,353.587
1613,155,255,809.248,356.177
1614,175,255,846.603,356.060
1615,43,255,915.198,352.500
1616,77,255,1322.890,353.968
1617,89,255,47.792,355.815
1618,55,255,227.264,353.336
1619,61,255,518.221,353.975
1620,31,255,658.919,352.984
1621,94,255,1291.085,355.213
1622,44,255,1461.727,353.750
1623,74,255,1593.243,355.595
1624,78,255,19.846,356.192
1625,71,255,320.246,355.275
1626,59,255,347.975,355.466
1627,21,255,790.119,353.167
1628,41,255,336.963,355.378
1629,30,255,757.767,354.667
1630,57,255,1109.184,356.167
1631,90,255,1139.311,357.722
1632,72,255,1310.222,358.556
1633,54,255,260.519,357.537
1634,159,255,871.582,360.481
1635,40,255,1235.000,356.450
1636,41,255,1477.646,356.622
1637,57,255,109.412,357.886
1638,30,255,412.200,358.033
1639,85,255,429.712,359.182
1640,94,255,484.394,359.266
1641,72,255,885.806,358.903
1642,26,255,1182.000,356.500
1643,90,255,1246.578,359.122
1644,134,255,140.888,362.463
1645,24,255,858.333,358.583
1646,78,255,1566.090,359.513
1647,87,255,31.580,361.730
1648,101,255,273.599,361.728
1649,171,255,463.178,363.482
1650,43,255,737.616,359.384
1651,103,255,785.840,361.112
1652,47,255,940.840,359.862
1653,62,255,1348.790,360.661
1654,107,255,249.771,362.930
1655,24,255,540.208,360.167
1656,32,255,666.250,359.688
1657,80,255,990.413,363.475
1658,117,255,1047.355,362.731
1659,83,255,1085.777,362.139
1660,91,255,1335.654,362.082
1661,138,255,1427.906,366.051
1662,127,255,93.673,363.689
1663,36,255,526.111,361.306
1664,105,255,689.900,363.433
1665,58,255,718.603,362.172
1666,61,255,756.615,361.861
1667,76,255,896.355,362.882
1668,52,255,1009.096,362.365
1669,41,255,1028.085,361.256
1670,64,255,1062.094,362.609
1671,57,255,1074.360,362.588
1672,48,255,1272.688,361.438
1673,85,255,1401.900,363.124
1674,82,255,1510.049,365.744
1675,139,255,927.392,365.622
1676,70,255,1413.314,363.671
1677,67,255,160.366,364.545
1678,33,255,331.167,362.924
1679,99,255,357.035,366.066
1680,62,255,594.984,363.935
1681,55,255,610.227,363.918
1682,101,255,1168.312,365.074
1683,111,255,1387.878,367.446
1684,79,255,1463.234,364.766
1685,46,255,1500.804,364.109
1686,43,255,60.151,364.779
1687,63,255,217.881,365.675
1688,185,255,298.814,370.943
1689,93,255,441.715,368.102
1690,86,255,638.267,367.267
1691,108,255,1216.722,367.287
1692,70,255,232.714,366.671
1693,25,255,910.940,364.700
1694,167,255,1445.805,371.129
1695,59,255,4.212,367.127
1696,83,255,954.873,368.127
1697,44,255,1265.136,367.159
1698,81,255,1289.710,368.833
1699,79,255,1317.032,367.880
1700,117,255,1475.868,369.218
1701,68,255,1522.471,368.015
1702,61,255,183.910,369.484
1703,32,255,205.312,367.031
1704,28,255,369.714,366.929
1705,27,255,1105.907,366.426
1706,88,255,1179.807,369.284
1707,69,255,1236.399,371.283
1708,71,255,515.570,370.500
1709,82,255,675.415,369.390
1710,105,255,730.214,370.881
1711,50,255,764.180,368.960
1712,59,255,799.466,369.229
1713,42,255,1030.429,368.905
1714,77,255,1580.045,369.903
1715,95,255,382.500,370.342
1716,29,255,491.397,369.707
1717,70,255,615.329,370.500
1718,22,255,828.727,368.273
1719,92,255,1133.141,372.087
1720,116,255,1193.043,372.267
1721,59,255,111.907,371.212
1722,28,255,401.750,370.357
1723,60,255,506.383,371.450
1724,56,255,1207.179,371.804
1725,30,255,348.233,371.833
1726,51,255,523.971,372.127
1727,70,255,549.571,373.086
1728,74,255,975.838,372.905
1729,29,255,163.086,372.259
1730,31,255,422.694,373.210
1731,23,255,824.283,371.804
1732,132,255,1561.576,377.485
1733,80,255,48.763,374.900
1734,146,255,125.849,377.822
1735,96,255,149.417,376.042
1736,32,255,223.125,373.156
1737,37,255,267.284,373.176
1738,125,255,341.084,377.924
1739,64,255,887.047,373.906
1740,41,255,1009.256,373.500
1741,46,255,1227.196,374.435
1742,66,255,1260.061,374.712
1743,86,255,1079.430,375.779
1744,73,255,1518.925,377.267
1745,92,255,1533.380,376.337
1746,65,255,1590.700,375.654
1747,143,255,27.892,377.052
1748,81,255,243.105,376.957
1749,131,255,318.607,379.469
1750,29,255,865.534,375.293
1751,97,255,1493.572,377.407
1752,61,255,4.025,376.877
1753,66,255,672.803,377.894
1754,195,255,702.900,381.474
1755,76,255,812.158,380.171
1756,44,255,1052.955,377.045
1757,110,255,1064.836,378.627
1758,59,255,1397.364,377.551
1759,76,255,393.039,379.250
1760,34,255,487.735,378.029
1761,51,255,685.971,378.402
1762,103,255,772.782,379.442
1763,100,255,881.300,381.750
1764,161,255,911.339,380.606
1765,58,255,1107.345,377.603
1766,168,255,1409.524,384.679
1767,20,255,583.600,377.950
1768,63,255,631.738,379.183
1769,41,255,652.988,378.915
1770,79,255,1001.943,380.184
1771,69,255,71.341,381.138
1772,46,255,95.587,380.087
1773,47,255,822.415,379.904
1774,87,255,1014.144,381.971
1775,59,255,1045.415,380.127
1776,25,255,1330.300,379.100
1777,66,255,1572.697,380.727
1778,101,255,1031.342,383.272
1779,28,255,377.607,381.143
1780,123,255,412.654,390.573
1781,43,255,454.616,381.616
1782,55,255,950.027,381.645
1783,174,255,1373.178,383.828
1784,36,255,268.528,382.583
1785,57,255,276.798,383.167
1786,124,255,560.427,383.992
1787,78,255,1117.590,384.128
1788,74,255,1342.324,384.784
1789,74,255,41.257,385.014
1790,45,255,101.811,384.589
1791,41,255,196.427,383.817
1792,49,255,310.663,384.276
1793,96,255,511.958,385.750
1794,97,255,599.964,384.407
1795,36,255,758.472,383.889
1796,131,255,791.744,386.721
1797,97,255,972.459,386.613
1798,85,255,1101.782,385.347
1799,63,255,1214.675,384.468
1800,41,255,1262.427,384.524
1801,89,255,1300.287,384.972
1802,84,255,113.440,386.512
1803,77,255,473.968,385.448
1804,58,255,927.845,385.362
1805,20,255,959.950,383.650
1806,83,255,1174.127,386.259
1807,78,255,1204.590,385.782
1808,86,255,1473.535,388.337
1809,125,255,538.100,389.444
1810,34,255,739.441,385.294
1811,88,255,355.261,387.830
1812,139,255,1276.565,390.083
1813,38,255,150.763,387.632
1814,123,255,437.459,391.638
1815,106,255,495.821,389.038
1816,86,255,586.535,390.128
1817,145,255,1142.086,391.403
1818,65,255,1549.562,388.546
1819,53,255,1597.330,389.255
1820,76,255,9.224,390.079
1821,78,255,286.077,390.718
1822,49,255,389.500,388.378
1823,178,255,663.787,393.921
1824,76,255,947.671,389.803
1825,93,255,1522.608,389.984
1826,44,255,730.091,389.886
1827,88,255,748.739,390.943
1828,21,255,1355.500,388.500
1829,103,255,140.733,392.723
1830,73,255,189.705,392.007
1831,84,255,228.012,391.405
1832,78,255,871.436,391.192
1833,78,255,1253.449,391.359
1834,59,255,33.636,392.788
1835,73,255,769.281,392.308
1836,78,255,1046.603,393.359
1837,41,255,1069.500,391.500
1838,93,255,1394.973,395.543
1839,58,255,1437.017,392.293
1840,58,255,1480.362,392.448
1841,45,255,73.167,392.456
1842,67,255,213.291,394.037
1843,22,255,263.136,391.818
1844,22,255,829.409,390.955
1845,121,255,164.930,395.492
1846,41,255,46.256,394.159
1847,82,255,96.598,397.963
1848,62,255,179.661,396.323
1849,66,255,295.788,396.333
1850,64,255,403.891,395.578
1851,56,255,516.250,394.786
1852,51,255,736.363,396.069
1853,157,255,909.092,397.570
1854,51,255,324.343,395.990
1855,66,255,340.470,396.758
1856,48,255,450.167,396.375
1857,94,255,554.436,396.755
1858,72,255,925.125,396.681
1859,27,255,938.759,394.981
1860,68,255,980.574,396.544
1861,30,255,1079.600,395.000
1862,49,255,1155.500,396.071
1863,59,255,121.975,397.347
1864,71,255,463.275,398.077
1865,24,255,1347.792,396.083
1866,107,255,1364.836,399.808
1867,73,255,1381.664,398.555
1868,70,255,1546.000,397.071
1869,61,255,204.844,398.795
1870,88,255,270.648,399.477
1871,30,255,632.000,397.400
1872,30,255,675.633,397.633
1873,73,255,957.870,399.130
1874,23,255,1092.196,396.717
1875,107,255,1215.687,401.182
1876,58,255,1226.500,398.690
1877,58,255,1234.897,398.741
1878,77,255,1295.149,398.981
1879,47,255,1417.819,398.202
1880,77,255,1557.968,399.370
1881,48,255,523.000,399.521
1882,117,255,724.705,401.748
1883,41,255,3.110,399.256
1884,62,255,310.855,400.323
1885,72,255,370.556,401.306
1886,30,255,1165.233,399.700
1887,43,255,1176.895,400.453
1888,47,255,1427.840,400.436
1889,43,255,356.430,401.105
1890,145,255,645.983,402.886
1891,61,255,999.303,401.336
1892,61,255,1074.779,401.877
1893,34,255,1128.912,400.794
1894,70,255,67.043,403.271
1895,66,255,486.636,402.561
1896,78,255,876.859,403.179
1897,80,255,1030.463,403.425
1898,64,255,232.953,403.094
1899,53,255,247.066,403.047
1900,145,255,428.859,405.810
1901,131,255,620.500,404.240
1902,70,255,750.929,404.086
1903,39,255,287.295,403.269
1904,46,255,333.717,404.457
1905,67,255,1017.321,404.694
1906,30,255,1083.000,403.300
1907,56,255,1249.054,403.786
1908,61,255,1439.811,404.746
1909,70,255,1506.029,404.714
1910,52,255,169.577,405.154
1911,78,255,322.654,409.269
1912,65,255,383.977,406.346
1913,65,255,457.946,405.315
1914,50,255,1468.040,405.100
1915,68,255,496.338,407.132
1916,22,255,974.727,404.364
1917,40,255,1268.650,405.450
1918,80,255,1338.375,406.688
1919,76,255,1571.447,407.224
1920,142,255,687.408,410.711
1921,71,255,789.880,407.894
1922,49,255,1098.704,406.663
1923,126,255,1191.349,409.254
1924,37,255,1255.527,407.014
1925,51,255,1318.422,407.520
1926,32,255,1513.688,406.000
1927,38,255,395.500,407.526
1928,43,255,707.756,407.686
1929,27,255,716.611,406.870
1930,40,255,990.325,408.100
1931,56,255,1006.518,409.036
1932,32,255,1126.062,407.156
1933,74,255,1540.095,408.649
1934,60,255,28.950,409.217
1935,111,255,52.401,413.743
1936,28,255,1109.714,408.464
1937,69,255,1151.326,409.978
1938,55,255,1395.736,409.645
1939,87,255,569.661,410.649
1940,38,255,854.553,409.368
1941,45,255,1458.344,410.144
1942,102,255,6.745,414.206
1943,102,255,763.157,412.314
1944,92,255,1062.467,411.728
1945,123,255,1173.589,412.752
1946,68,255,1235.044,411.015
1947,40,255,1263.825,411.050
1948,75,255,1496.660,412.407
1949,127,255,73.114,414.421
1950,70,255,117.300,413.143
1951,89,255,527.107,414.781
1952,96,255,1407.531,413.927
1953,108,255,96.611,415.370
1954,36,255,286.083,412.778
1955,91,255,444.401,413.907
1956,132,255,515.652,419.326
1957,137,255,548.682,417.661
1958,123,255,844.093,414.053
1959,122,255,1301.254,416.074
1960,87,255,1372.006,414.017
1961,34,255,1583.294,412.206
1962,84,255,198.774,415.690
1963,74,255,308.527,415.189
1964,73,255,963.253,414.966
1965,64,255,1158.188,415.312
1966,59,255,1512.890,412.975
1967,96,255,41.812,419.125
1968,118,255,141.212,416.110
1969,93,255,587.242,416.371
1970,31,255,601.597,414.274
1971,38,255,674.447,415.289
1972,99,255,733.338,416.480
1973,62,255,797.710,414.871
1974,70,255,1435.214,415.657
1975,72,255,1546.625,416.667
1976,58,255,1590.328,415.776
1977,92,255,354.283,417.130
1978,75,255,373.433,418.340
1979,114,255,649.447,417.974
1980,42,255,820.143,415.024
1981,81,255,866.722,417.105
1982,76,255,946.829,416.539
1983,22,255,994.273,414.273
1984,66,255,1207.379,417.106
1985,71,255,1382.641,416.303
1986,55,255,1424.245,416.136
1987,71,255,1465.951,417.176
1988,73,255,164.568,418.500
1989,138,255,233.094,419.616
1990,28,255,397.500,416.429
1991,51,255,575.618,417.971
1992,72,255,612.597,417.486
1993,43,255,887.477,416.430
1994,29,255,177.707,417.741
1995,67,255,417.590,417.694
1996,25,255,775.060,417.580
1997,87,255,1344.052,419.167
1998,46,255,1458.000,417.848
1999,70,255,213.857,419.629
2000,53,255,333.726,419.500
2001,162,255,714.981,421.735
2002,100,255,899.410,420.940
2003,82,255,1043.061,420.207
2004,123,255,1105.614,420.378
2005,108,255,816.546,423.750
2006,140,255,924.757,422.543
2007,55,255,1279.718,420.355
2008,55,255,1363.264,420.282
2009,75,255,1576.327,421.607
2010,106,255,662.462,422.425
2011,57,255,1214.816,421.132
2012,75,255,19.140,422.620
2013,113,255,490.872,423.765
2014,31,255,1055.274,421.500
2015,61,255,1118.943,422.369
2016,79,255,1316.766,423.589
2017,110,255,277.955,424.755
2018,63,255,434.944,423.611
2019,104,255,1001.433,425.808
2020,126,255,1018.635,424.349
2021,61,255,1065.254,423.664
2022,76,255,1190.447,423.474
2023,54,255,1513.333,422.130
2024,85,255,184.276,426.394
2025,126,255,258.976,424.952
2026,32,255,478.344,423.625
2027,78,255,953.936,425.167
2028,44,255,1225.250,423.636
2029,146,255,1238.233,428.007
2030,120,255,1415.808,425.558
2031,135,255,1477.774,427.848
2032,151,255,121.023,429.202
2033,28,255,143.786,424.143
2034,38,255,290.421,423.763
2035,37,255,1168.986,423.689
2036,79,255,1497.728,425.057
2037,64,255,60.766,427.141
2038,76,255,591.013,427.592
2039,178,255,689.522,429.247
2040,66,255,1292.606,426.242
2041,48,255,395.458,427.042
2042,89,255,883.376,429.601
2043,45,255,1146.922,426.967
2044,25,255,152.700,427.060
2045,79,255,833.082,430.386
2046,53,255,1088.179,427.915
2047,43,255,1531.895,427.500
2048,70,255,1557.829,429.086
2049,62,255,1566.548,428.581
2050,71,255,5.430,429.655
2051,71,255,78.725,429.359
2052,83,255,346.018,429.283
2053,37,255,469.122,428.203
2054,101,255,1333.827,430.767
2055,72,255,1542.444,430.514
2056,94,255,793.043,431.447
2057,85,255,1382.253,432.147
2058,148,255,29.628,435.676
2059,65,255,94.515,431.700
2060,67,255,172.276,431.769
2061,59,255,206.975,431.805
2062,57,255,452.553,432.009
2063,96,255,636.406,432.802
2064,50,255,773.080,430.480
2065,28,255,910.607,429.643
2066,124,255,295.177,434.677
2067,39,255,431.679,432.833
2068,60,255,533.950,432.217
2069,141,255,1046.323,434.947
2070,136,255,1464.912,435.353
2071,36,255,1491.583,432.000
2072,47,255,197.330,433.415
2073,59,255,654.331,433.263
2074,37,255,719.608,432.635
2075,75,255,758.860,433.380
2076,69,255,1307.935,433.486
2077,43,255,1511.756,432.895
2078,77,255,147.149,434.682
2079,158,255,232.323,437.899
2080,70,255,1106.514,433.857
2081,41,255,1142.256,433.500
2082,114,255,1525.140,435.325
2083,89,255,522.455,436.522
2084,45,255,782.189,436.078
2085,163,255,806.273,440.702
2086,81,255,1583.586,435.352
2087,92,255,745.913,437.152
2088,51,255,874.716,436.088
2089,63,255,971.103,436.802
2090,135,255,257.063,441.915
2091,113,255,328.987,438.712
2092,33,255,461.167,436.864
2093,138,255,905.109,441.254
2094,78,255,939.615,437.551
2095,50,255,959.560,436.940
2096,83,255,1007.898,438.476
2097,65,255,1286.715,437.454
2098,48,255,245.667,438.521
2099,67,255,595.843,438.291
2100,113,255,865.394,443.606
2101,121,255,1073.979,442.112
2102,122,255,1217.770,439.705
2103,43,255,1598.151,439.872
2104,110,255,416.627,439.409
2105,91,255,1195.962,439.753
2106,87,255,1452.523,440.661
2107,80,255,823.475,441.137
2108,81,255,1094.907,441.068
2109,75,255,1364.127,440.060
2110,77,255,188.162,441.487
2111,66,255,853.636,442.530
2112,78,255,927.128,441.705
2113,59,255,995.551,440.941
2114,73,255,1057.021,442.486
2115,97,255,1084.686,445.211
2116,68,255,1504.176,442.603
2117,41,255,270.500,441.500
2118,66,255,500.288,441.864
2119,148,255,552.649,444.770
2120,120,255,620.392,443.867
2121,89,255,1116.354,443.096
2122,32,255,1513.375,441.344
2123,136,255,683.368,446.478
2124,127,255,765.012,444.209
2125,59,255,952.110,443.415
2126,106,255,983.594,445.604
2127,86,255,1410.174,444.221
2128,59,255,1481.195,443.415
2129,59,255,165.347,443.924
2130,36,255,636.556,442.833
2131,143,255,704.220,448.381
2132,96,255,1025.302,445.396
2133,86,255,1383.035,444.523
2134,110,255,1426.718,446.200
2135,77,255,1569.539,444.747
2136,61,255,12.434,445.041
2137,64,255,132.859,445.000
2138,58,255,428.845,445.034
2139,51,255,470.265,445.029
2140,77,255,83.760,446.864
2141,152,255,310.072,448.408
2142,89,255,380.680,446.938
2143,27,255,519.907,444.426
2144,72,255,650.694,446.222
2145,54,255,970.630,445.815
2146,81,255,1244.858,447.747
2147,69,255,283.268,447.688
2148,117,255,348.295,447.440
2149,79,255,394.563,448.614
2150,64,255,531.625,447.641
2151,130,255,721.277,449.077
2152,72,255,882.986,447.569
2153,102,255,1268.333,448.922
2154,100,255,1542.700,450.680
2155,131,255,1555.973,449.866
2156,45,255,1579.811,447.233
2157,80,255,172.162,448.988
2158,46,255,485.565,446.761
2159,31,255,573.661,447.919
2160,63,255,788.913,447.738
2161,52,255,1143.673,447.558
2162,64,255,35.156,449.906
2163,131,255,414.836,451.294
2164,21,255,582.690,447.738
2165,39,255,599.474,448.526
2166,94,255,917.585,450.926
2167,83,255,1292.259,450.018
2168,66,255,1475.318,450.333
2169,29,255,1179.569,449.362
2170,72,255,1496.333,450.056
2171,83,255,364.669,452.596
2172,108,255,1204.954,452.750
2173,39,255,1280.064,450.628
2174,68,255,1359.441,451.265
2175,63,255,1588.833,451.484
2176,69,255,21.775,452.920
2177,126,255,122.190,454.659
2178,85,255,957.147,453.794
2179,100,255,1327.840,454.680
2180,108,255,48.907,453.861
2181,42,255,206.667,452.214
2182,26,255,494.962,452.000
2183,85,255,842.124,454.324
2184,76,255,860.395,453.882
2185,75,255,1104.993,453.247
2186,40,255,1187.425,453.025
2187,61,255,516.467,454.582
2188,100,255,1438.270,455.990
2189,47,255,8.117,455.032
2190,28,255,449.679,454.036
2191,24,255,476.292,454.375
2192,66,255,828.682,455.848
2193,29,255,898.155,453.776
2194,112,255,1041.268,456.223
2195,31,255,1230.339,454.371
2196,47,255,61.266,456.330
2197,62,255,465.952,456.242
2198,35,255,746.443,456.700
2199,71,255,1337.218,456.359
2200,86,255,1526.907,457.698
2201,56,255,1597.429,458.696
2202,65,255,71.762,457.992
2203,70,255,199.286,458.900
2204,35,255,272.386,456.129
2205,113,255,603.235,457.102
2206,80,255,667.575,457.350
2207,40,255,760.775,455.475
2208,34,255,1059.941,456.029
2209,82,255,142.329,459.390
2210,64,255,228.562,458.625
2211,27,255,326.648,457.685
2212,98,255,486.082,459.265
2213,69,255,798.920,458.746
2214,79,255,211.778,459.665
2215,75,255,258.113,459.513
2216,61,255,295.057,459.057
2217,55,255,546.318,458.936
2218,30,255,647.167,458.100
2219,101,255,1132.243,460.955
2220,157,255,1250.111,460.659
2221,47,255,1281.351,459.649
2222,77,255,1390.994,459.565
2223,130,255,1020.731,463.500
2224,47,255,1419.755,460.777
2225,54,255,93.519,461.315
2226,40,255,336.025,461.375
2227,60,255,528.983,461.100
2228,126,255,688.214,465.357
2229,78,255,818.731,462.603
2230,83,255,892.355,462.054
2231,109,255,1499.674,462.454
2232,34,255,679.941,461.324
2233,25,255,942.500,461.740
2234,79,255,1149.766,463.108
2235,85,255,392.312,465.206
2236,113,255,620.119,464.058
2237,76,255,655.026,463.974
2238,77,255,723.656,464.201
2239,68,255,760.353,463.015
2240,30,255,922.333,462.067
2241,46,255,1295.522,464.391
2242,99,255,1405.753,465.096
2243,43,255,1470.314,462.523
2244,80,255,169.100,465.350
2245,129,255,579.461,467.337
2246,106,255,1077.679,466.151
2247,135,255,1214.033,466.641
2248,76,255,247.921,466.421
2249,59,255,472.568,465.093
2250,66,255,522.182,466.364
2251,79,255,737.500,465.829
2252,67,255,973.052,465.127
2253,190,255,995.237,469.153
2254,51,255,1316.029,464.657
2255,113,255,184.659,468.907
2256,61,255,703.762,465.844
2257,43,255,1285.802,466.872
2258,161,255,1452.780,467.798
2259,54,255,343.833,467.370
2260,102,255,380.275,468.588
2261,20,255,511.750,465.250
2262,39,255,877.526,466.141
2263,38,255,280.789,467.237
2264,72,255,793.875,469.069
2265,76,255,830.763,468.039
2266,92,255,1306.087,469.880
2267,66,255,542.545,468.833
2268,137,255,774.172,469.996
2269,88,255,845.398,469.602
2270,65,255,905.192,470.515
2271,63,255,865.437,471.262
2272,75,255,916.780,470.753
2273,72,255,1127.153,469.917
2274,30,255,457.233,469.333
2275,20,255,499.900,469.400
2276,128,255,602.406,472.992
2277,46,255,942.761,470.935
2278,81,255,1171.673,471.809
2279,57,255,1376.009,472.044
2280,67,255,1510.201,471.455
2281,51,255,76.637,471.559
2282,63,255,103.960,473.786
2283,89,255,566.511,473.174
2284,139,255,1481.586,474.342
2285,85,255,1596.218,473.700
2286,138,255,321.457,476.717
2287,59,255,333.144,473.331
2288,102,255,1106.225,474.275
2289,116,255,1347.828,474.810
2290,69,255,3.659,475.022
2291,67,255,489.515,474.261
2292,102,255,702.775,474.794
2293,41,255,974.085,472.963
2294,143,255,300.220,477.703
2295,69,255,405.804,476.514
2296,94,255,447.160,475.947
2297,123,255,464.435,478.224
2298,84,255,510.083,477.929
2299,124,255,633.387,477.194
2300,84,255,982.964,478.929
2301,82,255,1386.012,476.159
2302,54,255,754.167,476.889
2303,94,255,1040.500,477.713
2304,46,255,1056.500,476.000
2305,49,255,1183.071,476.031
2306,103,255,1532.626,477.694
2307,26,255,264.962,475.846
2308,138,255,544.051,478.514
2309,55,255,839.900,477.409
2310,58,255,42.534,478.448
2311,73,255,92.390,479.377
2312,117,255,174.705,480.859
2313,22,255,276.273,477.000
2314,20,255,415.850,477.050
2315,117,255,1014.791,480.833
2316,90,255,1260.067,479.622
2317,79,255,1437.829,479.386
2318,38,255,61.500,478.526
2319,94,255,117.915,481.660
2320,64,255,364.391,479.344
2321,26,255,766.192,477.462
2322,61,255,816.189,479.746
2323,56,255,827.143,479.661
2324,86,255,880.919,479.767
2325,70,255,1073.414,479.500
2326,77,255,1089.487,479.370
2327,69,255,1361.326,479.529
2328,112,255,1413.759,482.973
2329,64,255,50.672,481.062
2330,30,255,83.600,479.133
2331,116,255,1227.759,481.905
2332,70,255,1558.671,480.243
2333,118,255,211.458,481.932
2334,96,255,255.479,482.188
2335,47,255,436.394,481.202
2336,45,255,797.256,480.500
2337,78,255,937.090,481.167
2338,70,255,950.814,482.957
2339,99,255,1275.712,483.278
2340,30,255,153.467,481.600
2341,159,255,344.550,485.469
2342,109,255,502.271,485.885
2343,105,255,921.833,483.814
2344,79,255,971.234,483.778
2345,87,255,1139.695,484.006
2346,87,255,1304.466,482.052
2347,137,255,24.420,487.931
2348,92,255,780.163,484.609
2349,88,255,862.739,483.295
2350,25,255,1148.300,481.740
2351,117,255,1327.432,484.491
2352,85,255,1575.782,484.382
2353,51,255,13.245,484.363
2354,63,255,273.198,484.452
2355,49,255,647.357,484.235
2356,33,255,806.803,483.742
2357,73,255,959.418,485.705
2358,51,255,579.559,484.951
2359,87,255,662.029,486.753
2360,55,255,1126.045,485.845
2361,67,255,1367.440,486.082
2362,35,255,127.729,485.129
2363,59,255,145.280,486.669
2364,106,255,229.104,487.925
2365,46,255,441.696,486.217
2366,94,255,735.500,486.713
2367,29,255,1102.534,484.397
2368,135,255,1156.404,489.056
2369,125,255,1255.388,489.148
2370,64,255,1446.641,486.812
2371,123,255,1494.549,488.793
2372,111,255,1523.257,488.095
2373,64,255,36.734,488.797
2374,115,255,76.900,488.483
2375,68,255,792.044,487.941
2376,59,255,1429.958,487.839
2377,92,255,375.761,490.804
2378,90,255,395.989,489.144
2379,80,255,680.825,489.550
2380,111,255,710.050,489.950
2381,79,255,1091.019,488.196
2382,48,255,1287.500,488.688
2383,105,255,1474.624,489.433
2384,113,255,1585.314,492.978
2385,58,255,62.207,489.500
2386,29,255,640.155,487.845
2387,62,255,1032.887,488.839
2388,73,255,1190.541,490.705
2389,107,255,1562.182,492.014
2390,23,255,202.109,490.065
2391,72,255,608.028,491.389
2392,189,255,828.124,496.844
2393,120,255,872.608,493.558
2394,89,255,1020.871,492.343
2395,84,255,1054.000,492.250
2396,95,255,1073.321,492.647
2397,59,255,1214.737,491.398
2398,106,255,558.057,493.689
2399,49,255,721.765,492.010
2400,37,255,937.014,490.851
2401,42,255,1134.500,491.905
2402,67,255,170.067,493.261
2403,99,255,289.662,494.076
2404,34,255,462.912,492.176
2405,28,255,1106.714,491.679
2406,30,255,1310.667,492.767
2407,76,255,1336.079,493.842
2408,43,255,1384.244,492.547
2409,94,255,312.777,494.553
2410,61,255,1419.631,494.779
2411,70,255,46.800,494.057
2412,92,255,326.913,496.533
2413,154,255,853.006,496.610
2414,98,255,483.969,497.480
2415,88,255,1403.295,496.989
2416,23,255,147.804,496.196
2417,90,255,205.233,500.556
2418,130,255,572.985,499.446
2419,61,255,693.008,497.238
2420,72,255,1290.000,497.542
2421,97,255,1449.098,498.036
2422,59,255,410.720,499.008
2423,73,255,620.267,498.610
2424,101,255,796.500,498.708
2425,57,255,997.588,498.044
2426,126,255,89.563,502.841
2427,60,255,182.717,499.250
2428,61,255,346.877,499.025
2429,54,255,1357.167,499.704
2430,34,255,1369.088,498.059
2431,130,255,136.277,500.623
2432,87,255,228.822,501.776
2433,29,255,273.086,498.845
2434,102,255,361.461,501.078
2435,67,255,425.082,500.843
2436,94,255,517.979,501.351
2437,32,255,936.312,499.375
2438,110,255,968.218,501.673
2439,52,255,1032.981,499.423
2440,63,255,1534.548,499.944
2441,49,255,434.724,501.990
2442,21,255,758.500,499.500
2443,134,255,905.007,502.791
2444,38,255,1306.395,499.289
2445,42,255,1525.952,500.690
2446,56,255,254.625,502.304
2447,86,255,301.721,503.337
2448,111,255,587.446,504.167
2449,67,255,891.575,502.500
2450,76,255,921.276,503.487
2451,34,255,1320.765,501.235
2452,52,255,374.385,503.096
2453,76,255,444.605,504.211
2454,97,255,1044.119,504.820
2455,118,255,1108.331,504.890
2456,21,255,1211.595,502.071
2457,74,255,1380.405,503.919
2458,73,255,1567.418,503.952
2459,60,255,244.850,505.050
2460,60,255,742.600,503.650
2461,78,255,1240.910,505.923
2462,29,255,58.638,504.810
2463,50,255,339.800,505.080
2464,95,255,469.447,507.816
2465,61,255,775.713,505.811
2466,107,255,1192.276,506.509
2467,63,255,1366.183,506.198
2468,150,255,394.420,507.887
2469,57,255,766.728,505.868
2470,31,255,930.952,505.339
2471,58,255,954.000,506.690
2472,53,255,1232.160,507.406
2473,67,255,1269.440,508.604
2474,78,255,1282.782,508.615
2475,95,255,1582.174,506.826
2476,48,255,48.000,507.000
2477,76,255,76.145,508.553
2478,23,255,119.065,506.196
2479,81,255,557.735,508.179
2480,59,255,703.788,506.568
2481,30,255,412.133,506.833
2482,47,255,729.798,508.032
2483,93,255,1076.532,509.758
2484,115,255,1169.230,509.761
2485,106,255,1497.755,510.575
2486,34,255,106.647,509.676
2487,56,255,150.696,510.071
2488,79,255,180.449,510.361
2489,69,255,287.297,509.848
2490,118,255,534.042,511.534
2491,103,255,626.811,511.519
2492,112,255,645.125,512.446
2493,97,255,850.428,511.747
2494,75,255,1314.793,510.687
2495,138,255,1462.522,512.457
2496,44,255,3.500,511.136
2497,78,255,163.167,512.282
2498,40,255,1533.525,510.800
2499,31,255,1556.242,509.597
2500,63,255,193.532,512.484
2501,126,255,795.833,515.286
2502,72,255,987.361,513.097
2503,129,255,26.632,516.182
2504,128,255,126.703,516.875
2505,80,255,362.887,513.163
2506,53,255,479.934,514.066
2507,97,255,749.634,515.139
2508,38,255,785.895,513.316
2509,131,255,1446.973,515.462
2510,106,255,1485.906,515.840
2511,37,255,1597.824,513.662
2512,70,255,612.629,514.629
2513,91,255,1546.918,516.401
2514,77,255,53.383,515.409
2515,98,255,599.653,516.245
2516,82,255,812.756,516.098
2517,120,255,1051.625,517.700
2518,37,255,1180.068,515.041
2519,53,255,1409.255,514.764
2520,170,255,867.741,519.235
2521,118,255,962.975,517.017
2522,140,255,1019.721,518.786
2523,108,255,1094.148,517.352
2524,131,255,1151.912,518.615
2525,42,255,1527.190,515.524
2526,33,255,208.348,515.773
2527,69,255,245.123,516.703
2528,80,255,346.438,517.525
2529,81,255,508.105,517.957
2530,80,255,929.663,517.250
2531,161,255,263.699,520.674
2532,83,255,543.801,519.681
2533,100,255,688.320,519.780
2534,57,255,94.044,519.149
2535,93,255,110.586,520.694
2536,65,255,142.346,519.377
2537,25,255,702.380,517.220
2538,120,255,1336.958,521.592
2539,36,255,1394.528,518.611
2540,144,255,79.965,524.139
2541,91,255,672.555,521.346
2542,53,255,1171.538,520.953
2543,95,255,1203.311,521.205
2544,102,255,1414.892,522.078
2545,98,255,522.184,522.306
2546,150,255,903.513,524.367
2547,102,255,887.686,523.676
2548,46,255,1268.870,521.152
2549,113,255,62.801,525.323
2550,20,255,296.000,521.800
2551,65,255,426.023,523.608
2552,42,255,485.095,522.690
2553,100,255,498.490,525.030
2554,35,255,657.529,522.671
2555,136,255,1081.441,525.493
2556,76,255,1362.342,524.079
2557,41,255,3.963,522.841
2558,63,255,1115.611,523.976
2559,63,255,1288.071,523.881
2560,152,255,1350.987,529.401
2561,99,255,1514.571,526.308
2562,67,255,1005.082,526.843
2563,152,255,1187.408,528.388
2564,102,255,1379.471,527.412
2565,84,255,1593.476,526.095
2566,111,255,16.491,528.059
2567,65,255,47.223,526.577
2568,65,255,146.069,527.438
2569,100,255,161.200,528.230
2570,62,255,205.081,525.274
2571,22,255,247.364,524.500
2572,127,255,565.083,529.705
2573,99,255,990.571,527.389
2574,57,255,1103.588,526.518
2575,96,255,833.833,527.615
2576,127,255,920.815,528.618
2577,42,255,1390.762,527.167
2578,121,255,1556.302,529.293
2579,28,255,216.679,527.107
2580,51,255,391.049,527.500
2581,54,255,412.907,527.611
2582,43,255,599.616,527.407
2583,100,255,616.030,529.300
2584,48,255,781.271,527.417
2585,99,255,955.439,528.985
2586,67,255,1319.381,528.784
2587,63,255,36.452,529.690
2588,70,255,133.543,529.643
2589,98,255,465.184,531.898
2590,73,255,662.637,530.664
2591,52,255,1208.442,529.385
2592,43,255,1234.128,528.756
2593,120,255,1492.758,530.775
2594,76,255,240.105,530.408
2595,60,255,308.350,530.183
2596,104,255,367.635,532.192
2597,139,255,850.083,532.205
2598,55,255,1061.827,529.918
2599,132,255,1432.614,532.136
2600,27,255,399.019,530.093
2601,121,255,580.525,533.269
2602,125,255,794.596,532.556
2603,83,255,270.090,533.223
2604,24,255,1013.458,530.958
2605,81,255,381.512,534.302
2606,42,255,741.071,532.024
2607,158,255,817.797,536.956
2608,62,255,1538.500,533.758
2609,88,255,339.511,535.216
2610,35,255,523.329,533.243
2611,21,255,1022.071,532.881
2612,27,255,1110.056,532.907
2613,104,255,1243.798,536.269
2614,95,255,1447.711,535.153
2615,68,255,1465.588,534.853
2616,81,255,4.525,536.907
2617,89,255,102.826,536.208
2618,62,255,420.677,538.484
2619,70,255,686.000,536.071
2620,23,255,1035.891,534.283
2621,57,255,1288.711,537.921
2622,93,255,293.608,537.124
2623,69,255,430.094,537.877
2624,23,255,1149.891,535.457
2625,61,255,1218.270,536.910
2626,87,255,445.098,538.960
2627,68,255,633.765,538.441
2628,32,255,881.500,537.094
2629,141,255,894.344,540.670
2630,84,255,777.393,539.369
2631,67,255,1318.112,538.769
2632,89,255,1513.983,539.983
2633,73,255,329.897,541.144
2634,32,255,641.562,540.688
2635,121,255,759.079,542.508
2636,64,255,1175.266,541.953
2637,92,255,1369.924,541.435
2638,133,255,1404.041,545.703
2639,123,255,506.126,542.825
2640,60,255,552.650,540.867
2641,69,255,874.964,541.920
2642,64,255,1391.328,542.328
2643,92,255,1582.000,542.141
2644,73,255,21.171,542.952
2645,62,255,921.290,541.935
2646,39,255,1105.808,541.218
2647,112,255,1263.045,544.839
2648,62,255,1475.403,542.323
2649,119,255,168.122,544.903
2650,98,255,400.469,544.214
2651,99,255,538.025,544.944
2652,55,255,849.482,543.409
2653,51,255,1024.029,542.696
2654,53,255,1415.519,543.726
2655,88,255,37.250,547.045
2656,89,255,1008.770,544.961
2657,59,255,1152.246,544.314
2658,131,255,91.958,548.027
2659,63,255,740.325,545.373
2660,77,255,997.071,546.578
2661,80,255,1359.412,547.300
2662,62,255,319.500,546.226
2663,57,255,358.237,546.342
2664,42,255,783.524,546.405
2665,58,255,120.379,546.879
2666,80,255,277.000,548.025
2667,54,255,576.981,547.407
2668,155,255,681.435,549.261
2669,87,255,1086.810,548.190
2670,85,255,1328.582,547.053
2671,50,255,1461.640,546.460
2672,77,255,1547.513,547.955
2673,85,255,1592.194,549.253
2674,99,255,521.641,549.449
2675,27,255,1438.907,546.574
2676,109,255,1450.904,551.619
2677,136,255,75.213,550.456
2678,131,255,346.645,551.263
2679,52,255,715.712,549.346
2680,127,255,1126.933,551.138
2681,47,255,368.457,549.734
2682,38,255,731.974,548.974
2683,125,255,930.572,551.812
2684,73,255,972.048,550.541
2685,96,255,1221.927,551.427
2686,66,255,48.227,551.379
2687,95,255,268.111,552.795
2688,64,255,293.828,551.391
2689,28,255,413.143,550.000
2690,58,255,586.776,551.759
2691,124,255,639.145,552.161
2692,88,255,868.318,552.364
2693,136,255,1063.346,553.743
2694,131,255,1173.882,554.393
2695,70,255,1208.371,551.671
2696,103,255,1480.587,552.238
2697,114,255,246.044,553.132
2698,64,255,698.828,552.547
2699,38,255,467.553,553.974
2700,63,255,552.087,553.230
2701,69,255,833.746,554.196
2702,21,255,1279.452,550.690
2703,77,255,1512.071,555.643
2704,34,255,775.794,554.000
2705,20,255,888.000,553.500
2706,26,255,1098.115,554.654
2707,78,255,1148.987,556.026
2708,83,255,1540.789,557.139
2709,73,255,309.171,556.774
2710,108,255,479.667,557.972
2711,181,255,946.351,560.992
2712,82,255,1138.537,558.037
2713,60,255,1580.733,555.983
2714,97,255,140.263,557.974
2715,83,255,1115.283,558.813
2716,31,255,187.694,556.855
2717,56,255,655.411,558.768
2718,78,255,737.167,558.769
2719,120,255,1328.650,560.250
2720,72,255,117.278,559.417
2721,84,255,285.607,560.167
2722,118,255,495.534,560.915
2723,68,255,818.397,559.824
2724,90,255,875.089,560.722
2725,48,255,996.354,557.917
2726,107,255,1075.995,560.322
2727,79,255,1373.665,559.462
2728,62,255,513.290,559.823
2729,55,255,1023.609,559.591
2730,124,255,804.000,563.000
2731,138,255,53.486,564.304
2732,116,255,465.336,564.888
2733,38,255,1501.342,562.211
2734,73,255,904.733,563.432
2735,108,255,974.167,564.833
2736,64,255,1016.000,564.094
2737,66,255,1192.000,562.682
2738,134,255,1225.649,566.336
2739,41,255,1565.500,562.500
2740,78,255,324.679,565.769
2741,120,255,703.967,566.308
2742,43,255,721.663,563.733
2743,87,255,1353.718,564.649
2744,21,255,1519.548,563.214
2745,45,255,106.322,564.833
2746,89,255,182.309,566.242
2747,74,255,235.851,565.757
2748,41,255,542.427,563.744
2749,69,255,573.862,565.746
2750,55,255,827.391,564.336
2751,31,255,1254.952,563.790
2752,84,255,1298.131,566.131
2753,101,255,128.252,567.381
2754,68,255,215.824,566.353
2755,99,255,337.561,567.662
2756,35,255,425.243,564.871
2757,44,255,440.114,565.523
2758,169,255,778.411,568.956
2759,37,255,1268.041,565.635
2760,116,255,1435.853,567.940
2761,47,255,2.606,568.117
2762,27,255,65.648,566.611
2763,105,255,81.824,567.567
2764,69,255,158.094,567.514
2765,56,255,408.911,567.000
2766,110,255,449.991,569.945
2767,122,255,565.451,571.254
2768,129,255,623.950,571.213
2769,87,255,1205.902,568.580
2770,86,255,1282.744,568.314
2771,112,255,37.062,569.741
2772,116,255,550.750,569.724
2773,31,255,1027.210,567.210
2774,33,255,1185.773,567.561
2775,46,255,382.000,569.000
2776,53,255,506.198,568.613
2777,69,255,670.181,569.065
2778,95,255,913.795,571.174
2779,72,255,1543.514,568.764
2780,53,255,253.123,570.292
2781,101,255,313.649,572.272
2782,41,255,1053.134,569.573
2783,48,255,1100.708,569.479
2784,39,255,114.962,570.321
2785,114,255,195.447,572.105
2786,67,255,1089.754,572.246
2787,38,255,1315.421,570.737
2788,66,255,1383.682,571.545
2789,106,255,1483.358,572.425
2790,143,255,376.969,577.633
2791,131,255,611.019,574.935
2792,112,255,863.911,573.911
2793,99,255,926.298,574.217
2794,46,255,1263.565,572.217
2795,30,255,1511.233,571.200
2796,71,255,681.120,574.148
2797,76,255,1078.250,573.776
2798,55,255,1192.136,573.445
2799,79,255,1239.411,573.437
2800,50,255,1447.900,572.780
2801,132,255,355.886,576.811
2802,95,255,429.205,575.311
2803,24,255,791.292,573.167
2804,115,255,886.248,575.874
2805,44,255,901.000,573.000
2806,61,255,1115.074,575.844
2807,106,255,1159.896,575.519
2808,65,255,1175.854,574.992
2809,122,255,1343.238,576.795
2810,32,255,10.844,574.625
2811,49,255,225.214,574.582
2812,25,255,1287.460,573.900
2813,79,255,1404.601,575.854
2814,62,255,1521.323,575.581
2815,108,255,991.648,576.935
2816,66,255,1068.955,577.606
2817,48,255,1311.750,576.833
2818,42,255,1427.548,576.214
2819,68,255,1568.721,576.279
2820,125,255,399.028,578.700
2821,43,255,1106.035,576.174
2822,137,255,99.391,581.449
2823,109,255,163.940,580.619
2824,105,255,502.129,580.033
2825,94,255,737.702,579.606
2826,20,255,943.100,577.000
2827,115,255,1024.961,580.170
2828,144,255,234.236,582.903
2829,44,255,462.136,579.545
2830,161,255,955.978,581.351
2831,65,255,976.900,579.115
2832,42,255,1047.619,578.571
2833,49,255,1221.847,578.500
2834,90,255,127.000,582.078
2835,56,255,334.875,580.125
2836,70,255,479.657,580.371
2837,72,255,671.069,580.861
2838,90,255,754.467,581.644
2839,69,255,936.601,582.326
2840,23,255,1009.587,578.717
2841,87,255,1558.063,581.293
2842,60,255,112.817,581.367
2843,44,255,1415.364,581.364
2844,73,255,1503.267,582.185
2845,75,255,1539.473,581.673
2846,94,255,701.989,582.819
2847,34,255,832.412,581.059
2848,58,255,852.121,581.483
2849,66,255,1439.939,583.136
2850,38,255,7.132,582.026
2851,118,255,35.525,585.822
2852,38,255,273.289,583.000
2853,48,255,293.396,583.688
2854,100,255,786.820,585.940
2855,108,255,1097.769,585.028
2856,75,255,1397.967,585.353
2857,51,255,626.912,583.990
2858,66,255,653.121,584.136
2859,118,255,1131.415,587.153
2860,111,255,1360.239,587.005
2861,127,255,218.240,587.650
2862,67,255,727.649,586.440
2863,37,255,772.068,586.203
2864,125,255,825.108,590.060
2865,52,255,1040.269,586.500
2866,67,255,1153.216,586.276
2867,133,255,150.959,590.523
2868,93,255,343.253,588.769
2869,28,255,548.071,585.714
2870,84,255,682.726,588.000
2871,98,255,871.143,588.724
2872,134,255,904.254,589.187
2873,118,255,1208.746,588.559
2874,77,255,180.747,588.539
2875,40,255,927.000,587.525
2876,43,255,976.291,587.593
2877,55,255,1050.900,588.445
2878,56,255,1166.446,588.107
2879,74,255,1288.216,588.662
2880,115,255,1308.665,589.170
2881,73,255,1343.185,587.911
2882,61,255,115.156,589.238
2883,39,255,285.679,589.218
2884,82,255,522.598,590.476
2885,22,255,987.000,587.773
2886,65,255,1426.423,589.223
2887,116,255,1466.069,591.009
2888,88,255,1579.159,589.966
2889,132,255,844.189,591.606
2890,87,255,1373.879,591.247
2891,121,255,508.467,593.128
2892,116,255,591.086,592.034
2893,123,255,1249.240,592.776
2894,118,255,315.975,593.475
2895,53,255,380.594,591.764
2896,28,255,406.964,591.357
2897,126,255,440.984,594.556
2898,89,255,573.489,593.219
2899,54,255,806.222,592.019
2900,38,255,998.500,591.421
2901,103,255,272.286,593.490
2902,59,255,419.822,592.669
2903,56,255,893.732,593.857
2904,74,255,57.838,594.892
2905,109,255,648.271,595.683
2906,99,255,1190.348,595.106
2907,134,255,1540.955,596.328
2908,95,255,458.258,596.574
2909,27,255,546.685,593.907
2910,36,255,708.639,594.111
2911,78,255,858.795,596.436
2912,107,255,1275.173,597.210
2913,47,255,1316.245,595.564
2914,35,255,1562.729,594.071
2915,109,255,1589.188,598.463
2916,88,255,97.443,596.295
2917,91,255,292.379,596.104
2918,174,255,401.132,600.810
2919,76,255,480.171,598.053
2920,53,255,763.802,595.123
2921,69,255,1144.848,596.138
2922,85,255,1165.924,596.053
2923,126,255,250.159,598.206
2924,38,255,332.211,596.105
2925,52,255,538.346,597.615
2926,71,255,951.725,597.486
2927,88,255,1120.034,597.455
2928,80,255,1330.862,596.375
2929,74,255,1361.081,597.189
2930,48,255,1451.812,596.833
2931,70,255,11.671,598.200
2932,56,255,489.036,598.554
2933,88,255,563.170,599.784
2934,79,255,785.728,598.741
2935,26,255,985.154,597.269
2936,112,255,120.402,602.616
2937,65,255,354.192,598.931
2938,151,255,614.056,601.732
2939,47,255,1502.096,598.862
2940,47,255,366.947,601.351
2941,133,255,673.372,602.229
2942,67,255,108.127,602.022
2943,98,255,527.102,603.704
2944,46,255,721.674,601.065
2945,69,255,1080.688,602.022
2946,69,255,1236.761,601.297
2947,75,255,1296.447,601.967
2948,102,255,46.373,604.127
2949,110,255,215.173,604.491
2950,78,255,379.179,602.885
2951,78,255,928.782,602.962
2952,80,255,595.150,603.163
2953,108,255,733.898,605.167
2954,100,255,763.740,604.790
2955,103,255,809.917,604.451
2956,61,255,1048.631,603.254
2957,67,255,1091.754,603.649
2958,118,255,547.271,605.864
2959,91,255,1393.555,604.852
2960,82,255,1489.878,605.293
2961,65,255,81.423,605.238
2962,64,255,313.359,605.891
2963,73,255,424.514,606.062
2964,112,255,703.866,606.152
2965,111,255,13.266,607.005
2966,64,255,436.219,606.656
2967,41,255,658.841,605.280
2968,148,255,941.155,610.196
2969,89,255,994.961,606.669
2970,81,255,1141.747,606.735
2971,44,255,859.000,607.500
2972,109,255,1332.674,609.050
2973,86,255,1532.686,608.047
2974,27,255,66.944,607.204
2975,56,255,245.786,608.000
2976,81,255,1120.673,609.315
2977,54,255,56.093,610.148
2978,112,255,184.839,610.518
2979,62,255,196.726,609.194
2980,101,255,504.490,609.757
2981,32,255,779.281,608.188
2982,139,255,1191.838,611.284
2983,47,255,1263.628,609.436
2984,23,255,1274.022,607.978
2985,101,255,1318.421,612.243
2986,85,255,228.171,611.194
2987,90,255,272.289,611.000
2988,66,255,304.364,610.636
2989,163,255,657.021,613.525
2990,164,255,907.110,613.982
2991,85,255,1558.300,611.006
2992,100,255,87.860,613.190
2993,31,255,326.371,610.210
2994,69,255,689.746,611.674
2995,72,255,1347.306,610.847
2996,152,255,1405.947,614.678
2997,125,255,167.772,613.980
2998,86,255,287.012,613.326
2999,113,255,446.323,613.261
3000,90,255,842.489,612.900
3001,51,255,1040.422,611.676
3002,76,255,341.513,614.303
3003,36,255,492.528,612.139
3004,158,255,1447.519,614.652
3005,68,255,147.618,615.368
3006,31,255,1007.532,613.532
3007,103,255,1220.519,615.519
3008,71,255,351.317,615.810
3009,53,255,379.311,615.047
3010,67,255,522.097,615.276
3011,109,255,708.188,616.995
3012,131,255,876.118,615.653
3013,58,255,1060.776,615.207
3014,47,255,1088.819,614.074
3015,31,255,1504.952,613.919
3016,23,255,735.196,614.761
3017,67,255,802.739,616.291
3018,88,255,1017.057,616.761
3019,85,255,1103.029,619.559
3020,116,255,823.991,619.543
3021,59,255,979.195,617.500
3022,71,255,1250.880,618.092
3023,41,255,116.256,617.841
3024,82,255,551.500,618.573
3025,68,255,891.265,619.279
3026,51,255,1082.069,618.676
3027,57,255,1130.395,618.728
3028,33,255,1164.803,616.985
3029,94,255,1468.489,619.660
3030,20,255,1598.250,617.200
3031,184,255,600.853,624.288
3032,62,255,1546.500,619.242
3033,65,255,28.700,620.654
3034,48,255,433.396,619.917
3035,42,255,563.976,619.976
3036,84,255,745.905,620.464
3037,65,255,990.331,619.700
3038,116,255,1067.845,621.948
3039,55,255,1117.445,620.555
3040,146,255,1369.219,622.637
3041,123,255,1488.850,622.581
3042,107,255,1582.117,622.042
3043,136,255,11.647,624.301
3044,77,255,368.084,621.175
3045,58,255,475.862,621.379
3046,83,255,858.596,621.476
3047,138,255,1145.862,624.254
3048,158,255,1351.203,624.797
3049,72,255,217.000,623.194
3050,84,255,499.298,622.810
3051,68,255,576.000,622.412
3052,75,255,1426.913,622.300
3053,87,255,628.259,624.466
3054,63,255,646.278,623.071
3055,89,255,1042.354,623.983
3056,86,255,1181.860,624.581
3057,174,255,1300.310,626.770
3058,100,255,1385.780,626.960
3059,65,255,1089.177,624.700
3060,120,255,288.192,627.242
3061,92,255,407.946,626.598
3062,121,255,614.740,627.657
3063,60,255,1168.783,625.983
3064,148,255,119.993,628.980
3065,95,255,543.058,629.363
3066,45,255,765.700,625.389
3067,84,255,956.833,627.381
3068,75,255,967.073,626.593
3069,62,255,1505.903,626.161
3070,74,255,1517.338,626.486
3071,49,255,191.398,626.786
3072,29,255,688.500,625.776
3073,98,255,835.918,628.347
3074,88,255,908.511,627.705
3075,91,255,663.027,629.247
3076,38,255,805.158,627.342
3077,95,255,989.132,629.584
3078,111,255,709.347,630.230
3079,57,255,871.132,629.167
3080,37,255,1259.500,628.770
3081,157,255,1325.137,631.016
3082,91,255,1545.005,630.016
3083,67,255,257.455,630.201
3084,97,255,335.057,631.407
3085,99,255,1223.015,631.662
3086,65,255,1399.115,630.531
3087,161,255,434.916,632.904
3088,136,255,458.529,633.735
3089,61,255,940.254,631.156
3090,84,255,1235.810,633.536
3091,64,255,1423.266,631.516
3092,147,255,1567.044,634.316
3093,96,255,100.125,634.260
3094,31,255,134.758,630.855
3095,113,255,418.500,635.668
3096,117,255,557.457,635.107
3097,58,255,1080.310,632.655
3098,100,255,1592.580,633.770
3099,105,255,320.405,636.176
3100,38,255,927.658,632.105
3101,60,255,1245.133,633.467
3102,160,255,1452.481,637.575
3103,21,255,70.786,632.881
3104,95,255,476.984,635.900
3105,75,255,499.407,634.847
3106,58,255,1027.931,634.862
3107,179,255,224.327,640.148
3108,71,255,393.162,634.627
3109,31,255,488.145,634.242
3110,26,255,574.923,634.154
3111,94,255,1202.255,636.287
3112,119,255,1435.987,639.601
3113,161,255,178.668,637.463
3114,65,255,244.254,636.777
3115,76,255,650.053,636.763
3116,101,255,1127.045,637.757
3117,85,255,87.006,638.994
3118,180,255,144.339,641.078
3119,63,255,272.865,637.611
3120,40,255,532.500,637.850
3121,33,255,1187.470,636.409
3122,65,255,1502.992,636.838
3123,140,255,672.907,641.579
3124,44,255,885.750,637.955
3125,117,255,1171.483,639.252
3126,91,255,1404.500,639.841
3127,62,255,1042.016,639.581
3128,65,255,1332.915,640.162
3129,64,255,1369.359,641.000
3130,74,255,22.189,641.432
3131,67,255,125.067,642.187
3132,82,255,735.500,642.171
3133,101,255,1352.609,642.866
3134,57,255,1415.570,642.096
3135,100,255,1465.500,642.290
3136,70,255,1548.571,642.029
3137,108,255,284.630,643.083
3138,23,255,699.283,640.413
3139,38,255,831.342,641.868
3140,93,255,309.522,644.242
3141,139,255,372.665,644.248
3142,111,255,869.770,644.419
3143,114,255,940.868,644.421
3144,77,255,1063.110,644.279
3145,92,255,6.674,645.446
3146,132,255,205.364,646.083
3147,135,255,340.485,645.752
3148,46,255,807.848,643.804
3149,171,255,1101.424,648.249
3150,106,255,1389.547,646.066
3151,50,255,1592.700,643.080
3152,120,255,69.792,647.758
3153,91,255,595.786,645.951
3154,89,255,992.152,645.500
3155,128,255,1534.312,646.891
3156,102,255,978.706,647.843
3157,121,255,53.698,648.715
3158,37,255,1426.635,647.041
3159,115,255,99.178,650.083
3160,115,255,478.943,649.283
3161,100,255,902.980,648.980
3162,56,255,1207.982,648.911
3163,37,255,1491.932,647.311
3164,48,255,813.708,648.583
3165,111,255,34.977,652.761
3166,30,255,390.267,649.033
3167,85,255,571.324,650.465
3168,25,255,635.380,649.020
3169,28,255,747.071,649.536
3170,59,255,922.890,650.347
3171,20,255,1138.800,648.350
3172,62,255,1313.500,650.516
3173,69,255,1325.413,650.717
3174,31,255,179.565,649.306
3175,37,255,581.014,650.581
3176,94,255,610.277,651.638
3177,104,255,1080.721,653.731
3178,43,255,1220.570,651.709
3179,76,255,251.855,652.211
3180,88,255,500.375,653.182
3181,61,255,647.434,651.697
3182,84,255,953.643,652.655
3183,49,255,1132.133,652.296
3184,20,255,1256.600,650.450
3185,47,255,1501.521,652.457
3186,63,255,112.389,653.341
3187,81,255,402.821,653.784
3188,80,255,424.087,653.612
3189,58,255,1377.724,653.000
3190,122,255,1566.008,654.172
3191,57,255,151.149,655.044
3192,88,255,384.205,655.273
3193,128,255,839.328,656.422
3194,59,255,874.008,654.178
3195,63,255,1056.500,655.833
3196,137,255,1290.274,656.077
3197,109,255,1482.106,657.069
3198,84,255,337.226,655.738
3199,115,255,360.509,656.570
3200,56,255,459.857,655.268
3201,67,255,715.888,656.604
3202,97,255,767.005,655.345
3203,170,255,1028.041,657.600
3204,73,255,1163.336,655.760
3205,176,255,1182.256,657.261
3206,126,255,1357.286,657.825
3207,45,255,1553.189,655.411
3208,99,255,274.682,657.177
3209,150,255,621.853,661.033
3210,45,255,862.100,655.989
3211,82,255,1268.012,656.707
3212,90,255,1433.422,657.156
3213,79,255,1510.715,657.462
3214,51,255,3.029,657.127
3215,111,255,76.527,658.743
3216,185,255,192.484,659.122
3217,62,255,725.548,657.694
3218,70,255,174.700,658.229
3219,49,255,1212.582,657.806
3220,49,255,1421.867,658.704
3221,99,255,517.328,659.227
3222,24,255,849.000,658.083
3223,64,255,1307.562,659.547
3224,53,255,1522.840,659.236
3225,72,255,483.986,661.292
3226,28,255,586.893,659.571
3227,59,255,1111.653,660.144
3228,89,255,1122.298,661.129
3229,63,255,23.532,661.325
3230,59,255,89.144,661.517
3231,68,255,644.029,661.015
3232,38,255,654.553,660.421
3233,55,255,824.755,660.791
3234,136,255,1458.132,663.603
3235,127,255,245.618,664.965
3236,68,255,792.382,662.368
3237,36,255,897.472,661.250
3238,101,255,425.738,663.361
3239,61,255,545.352,662.877
3240,95,255,991.489,664.353
3241,51,255,1229.794,662.402
3242,124,255,1386.419,667.065
3243,32,255,1537.094,661.750
3244,112,255,135.527,665.598
3245,85,255,442.276,664.041
3246,65,255,525.977,665.438
3247,136,255,692.162,666.456
3248,70,255,1094.657,664.686
3249,23,255,1414.804,663.630
3250,56,255,1445.571,664.482
3251,55,255,782.973,665.118
3252,100,255,1249.020,665.850
3253,98,255,1582.429,666.092
3254,145,255,304.790,668.176
3255,124,255,324.831,667.645
3256,85,255,941.982,668.676
3257,77,255,1207.240,667.604
3258,138,255,1404.210,669.848
3259,78,255,157.551,668.359
3260,88,255,887.500,668.239
3261,34,255,1376.265,666.941
3262,130,255,38.362,670.185
3263,119,255,222.752,671.710
3264,74,255,844.932,668.703
3265,35,255,950.586,667.729
3266,77,255,1140.097,669.110
3267,131,255,1519.263,670.156
3268,52,255,210.923,669.885
3269,137,255,266.865,671.500
3270,152,255,444.868,673.342
3271,54,255,1150.259,670.222
3272,76,255,1160.224,669.934
3273,35,255,5.329,669.186
3274,71,255,466.824,671.232
3275,138,255,745.775,671.855
3276,73,255,1289.664,670.459
3277,169,255,1346.033,671.802
3278,104,255,1490.788,672.635
3279,54,255,101.296,672.222
3280,25,255,236.380,670.260
3281,41,255,833.500,670.500
3282,120,255,1022.183,673.600
3283,84,255,1043.655,671.833
3284,144,255,1318.833,674.854
3285,118,255,125.008,674.720
3286,125,255,490.324,673.252
3287,103,255,816.549,673.422
3288,46,255,909.435,671.565
3289,78,255,1061.577,672.487
3290,64,255,1083.812,672.172
3291,49,255,177.827,673.378
3292,56,255,410.589,673.250
3293,110,255,651.082,673.691
3294,64,255,670.000,674.141
3295,67,255,716.351,672.828
3296,44,255,856.477,671.932
3297,166,255,976.133,675.633
3298,82,255,1556.890,675.415
3299,50,255,1592.180,673.080
3300,118,255,385.644,675.254
3301,89,255,1226.815,674.882
3302,75,255,1464.593,674.767
3303,47,255,371.032,674.138
3304,146,255,605.089,677.863
3305,75,255,1174.620,676.180
3306,73,255,540.678,676.048
3307,102,255,558.412,677.010
3308,119,255,587.265,676.458
3309,51,255,680.069,676.461
3310,96,255,1260.000,676.573
3311,69,255,285.341,677.514
3312,64,255,315.750,678.203
3313,22,255,359.591,675.409
3314,142,255,1420.063,679.556
3315,96,255,1543.917,678.458
3316,46,255,1566.587,676.891
3317,105,255,476.043,681.157
3318,72,255,766.778,678.681
3319,94,255,64.351,679.840
3320,28,255,569.321,677.893
3321,39,255,945.269,678.833
3322,91,255,1187.522,680.049
3323,63,255,1275.944,679.706
3324,101,255,92.094,682.015
3325,81,255,145.846,680.944
3326,77,255,516.396,680.864
3327,71,255,845.162,680.077
3328,76,255,883.882,680.697
3329,103,255,79.947,685.422
3330,70,255,278.043,682.957
3331,61,255,324.041,681.713
3332,92,255,1113.380,682.913
3333,46,255,1445.043,680.848
3334,30,255,1507.767,680.800
3335,105,255,204.110,684.176
3336,123,255,705.126,683.118
3337,71,255,792.993,682.373
3338,82,255,1054.256,682.573
3339,122,255,1202.098,684.549
3340,90,255,1470.989,683.911
3341,62,255,392.710,683.226
3342,65,255,504.808,683.377
3343,108,255,911.324,684.528
3344,114,255,1379.798,685.158
3345,53,255,1490.858,683.462
3346,20,255,1536.000,682.000
3347,77,255,1086.851,685.045
3348,84,255,6.726,686.536
3349,50,255,307.100,685.480
3350,79,255,636.804,685.652
3351,36,255,868.306,683.917
3352,69,255,15.804,687.370
3353,51,255,898.029,685.598
3354,67,255,938.351,686.649
3355,86,255,231.872,688.186
3356,57,255,648.465,687.149
3357,46,255,816.978,686.478
3358,54,255,1014.222,687.019
3359,96,255,1348.719,687.875
3360,130,255,1587.223,689.346
3361,120,255,624.100,691.100
3362,50,255,1405.500,688.100
3363,35,255,161.586,687.814
3364,84,255,177.321,689.512
3365,75,255,442.113,689.713
3366,65,255,537.992,689.208
3367,74,255,559.622,688.581
3368,91,255,964.478,689.951
3369,121,255,1153.888,692.492
3370,113,255,1172.518,692.093
3371,135,255,1528.567,692.737
3372,101,255,262.936,691.005
3373,72,255,579.917,689.569
3374,72,255,684.708,690.361
3375,124,255,1125.000,693.298
3376,143,255,1219.017,691.682
3377,71,255,1276.655,690.430
3378,110,255,1566.445,692.482
3379,33,255,358.409,689.955
3380,70,255,406.214,691.086
3381,78,255,417.141,691.000
3382,93,255,522.414,692.263
3383,63,255,855.722,691.690
3384,109,255,1001.500,692.931
3385,89,255,1300.230,693.994
3386,70,255,1361.043,691.343
3387,33,255,843.167,690.955
3388,96,255,132.260,695.802
3389,62,255,1091.113,694.452
3390,56,255,1264.250,693.607
3391,119,255,27.626,696.029
3392,46,255,286.435,694.500
3393,43,255,1023.058,694.453
3394,127,255,1059.461,696.398
3395,42,255,52.595,695.476
3396,50,255,61.640,695.140
3397,109,255,112.913,697.271
3398,67,255,509.590,695.172
3399,75,255,982.060,696.353
3400,85,255,1039.241,695.876
3401,94,255,1393.883,696.404
3402,55,255,99.045,696.155
3403,57,255,241.886,695.798
3404,73,255,493.130,696.733
3405,69,255,880.036,696.312
3406,68,255,1077.956,696.588
3407,148,255,1250.676,698.615
3408,101,255,1408.510,698.807
3409,116,255,42.233,699.819
3410,98,255,184.929,699.112
3411,90,255,330.378,699.667
3412,69,255,1502.152,697.341
3413,68,255,350.691,698.103
3414,63,255,604.119,697.690
3415,102,255,762.078,699.402
3416,109,255,821.904,698.693
3417,120,255,903.508,700.600
3418,85,255,936.606,698.876
3419,56,255,204.500,699.161
3420,57,255,559.132,698.991
3421,106,255,1228.962,701.066
3422,108,255,1460.593,701.278
3423,61,255,370.598,699.713
3424,52,255,480.038,699.827
3425,148,255,588.669,700.797
3426,81,255,635.475,700.537
3427,74,255,859.784,700.797
3428,85,255,1317.312,700.559
3429,157,255,1552.041,704.309
3430,44,255,229.818,700.295
3431,46,255,547.739,701.370
3432,150,255,661.813,705.460
3433,39,255,1101.603,700.526
3434,85,255,1193.935,702.394
3435,70,255,705.971,702.229
3436,24,255,750.167,700.625
3437,112,255,1116.179,704.482
3438,38,255,1180.974,701.868
3439,54,255,1279.778,701.222
3440,99,255,1336.278,703.429
3441,63,255,1514.976,703.214
3442,48,255,341.229,705.146
3443,63,255,387.595,703.881
3444,56,255,616.536,703.875
3445,70,255,645.814,704.771
3446,87,255,1168.994,704.638
3447,115,255,1480.474,705.683
3448,74,255,1579.446,704.635
3449,42,255,504.357,704.952
3450,79,255,693.677,705.994
3451,44,255,882.818,704.909
3452,111,255,714.878,709.212
3453,61,255,813.156,707.156
3454,57,255,120.360,707.219
3455,41,255,238.622,706.524
3456,68,255,260.853,707.118
3457,92,255,459.435,709.185
3458,81,255,485.969,709.414
3459,31,255,890.887,707.661
3460,136,255,945.559,712.059
3461,157,255,148.914,712.417
3462,72,255,353.333,711.528
3463,78,255,732.654,709.526
3464,38,255,799.816,709.447
3465,42,255,1029.571,708.548
3466,55,255,1108.155,709.827
3467,67,255,1237.634,709.858
3468,96,255,106.583,711.260
3469,113,255,171.553,711.199
3470,114,255,444.904,713.667
3471,98,255,512.694,711.408
3472,76,255,1080.079,710.908
3473,37,255,1405.932,708.932
3474,120,255,1433.417,711.867
3475,70,255,372.657,711.029
3476,58,255,473.190,711.103
3477,84,255,773.893,711.690
3478,108,255,1000.028,714.694
3479,106,255,1314.726,711.868
3480,94,255,1537.383,712.766
3481,65,255,2.946,713.731
3482,68,255,229.897,712.941
3483,124,255,426.669,714.194
3484,82,255,1012.146,712.500
3485,99,255,1158.086,713.177
3486,31,255,1573.565,711.952
3487,61,255,87.418,713.598
3488,57,255,526.693,713.272
3489,64,255,548.547,712.938
3490,100,255,571.250,715.800
3491,138,255,1204.348,715.275
3492,41,255,1395.061,712.451
3493,61,255,1506.123,713.418
3494,46,255,583.109,713.261
3495,81,255,599.327,715.895
3496,37,255,751.527,713.797
3497,74,255,1366.486,714.149
3498,85,255,1384.747,715.818
3499,67,255,1461.112,713.858
3500,94,255,1561.340,717.394
3501,112,255,130.071,716.188
3502,74,255,393.878,715.230
3503,99,255,616.015,716.439
3504,86,255,909.093,717.349
3505,53,255,918.575,715.613
3506,53,255,967.311,714.462
3507,99,255,1127.561,716.328
3508,123,255,1282.451,717.752
3509,93,255,412.715,717.016
3510,42,255,1253.619,716.095
3511,57,255,30.939,718.132
3512,88,255,216.614,717.830
3513,32,255,287.500,715.906
3514,46,255,318.674,715.761
3515,59,255,817.568,717.449
3516,131,255,961.912,722.324
3517,58,255,989.966,717.466
3518,98,255,671.939,719.867
3519,67,255,846.052,718.724
3520,113,255,884.650,721.305
3521,67,255,1047.127,719.261
3522,63,255,1520.421,718.405
3523,35,255,1598.129,719.357
3524,38,255,241.447,718.395
3525,62,255,628.306,719.806
3526,27,255,1399.241,718.352
3527,53,255,52.745,720.481
3528,58,255,114.690,721.586
3529,95,255,730.553,720.521
3530,46,255,979.391,720.130
3531,90,255,1024.411,720.956
3532,45,255,1037.811,719.722
3533,121,255,1073.740,721.988
3534,112,255,866.518,721.304
3535,83,255,1267.994,721.380
3536,123,255,1491.541,722.679
3537,33,255,1587.591,720.773
3538,52,255,37.519,722.750
3539,49,255,557.296,721.806
3540,37,255,1116.095,721.203
3541,77,255,277.695,723.487
3542,71,255,323.782,723.570
3543,51,255,391.873,723.480
3544,65,255,1058.592,723.515
3545,82,255,1578.073,724.280
3546,57,255,182.289,724.728
3547,41,255,229.915,722.963
3548,160,255,484.275,726.725
3549,50,255,580.120,723.260
3550,25,255,711.780,722.380
3551,66,255,1149.136,724.909
3552,27,255,1170.574,723.352
3553,54,255,1309.852,723.593
3554,80,255,1450.350,724.000
3555,47,255,780.074,724.543
3556,87,255,1179.040,726.040
3557,60,255,1426.617,725.067
3558,58,255,149.448,726.966
3559,66,255,527.591,726.939
3560,159,255,703.104,729.865
3561,38,255,100.289,726.158
3562,52,255,663.404,726.750
3563,69,255,748.109,727.500
3564,107,255,1338.650,729.481
3565,149,255,1360.010,731.715
3566,49,255,1399.051,725.520
3567,76,255,1521.487,726.934
3568,27,255,1567.315,726.315
3569,32,255,311.062,727.562
3570,59,255,595.076,728.331
3571,112,255,1241.759,730.036
3572,124,255,290.565,732.363
3573,91,255,436.951,729.973
3574,131,255,458.767,731.225
3575,118,255,654.839,732.661
3576,99,255,765.783,730.258
3577,74,255,1103.284,729.459
3578,76,255,1204.368,730.684
3579,49,255,1464.214,728.827
3580,43,255,1533.826,728.942
3581,71,255,301.134,731.528
3582,38,255,517.026,729.105
3583,50,255,559.200,729.520
3584,117,255,812.910,732.654
3585,59,255,1213.331,730.619
3586,93,255,1373.769,731.618
3587,89,255,71.691,731.152
3588,42,255,864.119,730.143
3589,35,255,900.471,729.929
3590,60,255,925.150,730.967
3591,50,255,1043.400,730.700
3592,72,255,1229.153,731.833
3593,115,255,43.987,733.300
3594,31,255,388.113,730.468
3595,83,255,407.151,732.440
3596,70,255,722.086,732.571
3597,69,255,1116.152,731.645
3598,105,255,243.205,735.071
3599,60,255,546.917,733.517
3600,56,255,620.768,733.250
3601,104,255,687.269,733.769
3602,92,255,792.620,734.641
3603,37,255,1072.797,731.824
3604,122,255,1288.754,734.639
3605,99,255,324.389,734.631
3606,78,255,632.321,734.718
3607,63,255,753.341,735.056
3608,74,255,1151.108,734.014
3609,52,255,1168.788,734.058
3610,93,255,103.726,735.909
3611,93,255,155.360,736.640
3612,42,255,374.452,734.810
3613,63,255,778.389,735.040
3614,63,255,936.071,735.881
3615,56,255,963.429,734.357
3616,85,255,365.194,737.359
3617,49,255,510.969,737.663
3618,154,255,833.916,741.506
3619,33,255,943.682,736.045
3620,107,255,1315.033,737.182
3621,90,255,1382.100,737.422
3622,50,255,183.480,737.080
3623,30,255,395.233,736.700
3624,43,255,904.756,736.151
3625,75,255,988.060,737.633
3626,46,255,1006.565,736.326
3627,75,255,1268.700,738.193
3628,94,255,1478.000,738.138
3629,57,255,1595.851,736.412
3630,26,255,1050.038,736.346
3631,57,255,1183.114,738.518
3632,55,255,1421.536,738.136
3633,151,255,197.666,740.632
3634,33,255,601.803,737.561
3635,74,255,1539.216,739.608
3636,98,255,1566.755,741.082
3637,66,255,213.667,740.652
3638,72,255,226.333,740.764
3639,61,255,479.041,740.205
3640,38,255,518.684,739.921
3641,27,255,533.204,738.981
3642,86,255,733.663,740.605
3643,74,255,771.797,743.243
3644,116,255,170.276,743.086
3645,74,255,350.919,741.365
3646,46,255,562.413,740.152
3647,51,255,642.441,740.853
3648,66,255,1448.742,741.076
3649,138,255,9.493,743.906
3650,52,255,455.981,742.327
3651,53,255,952.330,742.085
3652,74,255,1091.054,742.824
3653,109,255,1408.087,744.601
3654,65,255,1429.285,742.777
3655,73,255,266.582,743.733
3656,82,255,816.402,744.366
3657,122,255,1331.262,744.656
3658,61,255,1486.746,743.189
3659,62,255,338.113,744.177
3660,107,255,411.061,745.061
3661,45,255,586.544,743.922
3662,121,255,865.789,746.682
3663,52,255,909.596,743.923
3664,57,255,1043.465,744.061
3665,119,255,1233.609,745.685
3666,63,255,56.802,745.675
3667,56,255,66.214,744.875
3668,54,255,83.222,744.426
3669,84,255,257.548,746.595
3670,66,255,444.833,746.000
3671,55,255,491.591,744.991
3672,37,255,595.689,744.689
3673,85,255,622.665,747.476
3674,60,255,896.683,745.617
3675,50,255,971.000,745.140
3676,66,255,1007.833,744.500
3677,78,255,1131.397,744.859
3678,81,255,1168.352,745.401
3679,25,255,1440.620,744.820
3680,86,255,1459.628,745.953
3681,93,255,1529.565,746.124
3682,41,255,959.232,745.598
3683,63,255,1067.341,746.151
3684,123,255,1201.988,747.118
3685,73,255,1398.404,747.555
3686,73,255,301.678,749.336
3687,134,255,531.724,750.552
3688,112,255,564.643,749.750
3689,55,255,1307.009,746.591
3690,88,255,499.898,749.182
3691,62,255,930.935,747.935
3692,67,255,1054.396,748.366
3693,70,255,1596.386,748.786
3694,82,255,240.110,749.793
3695,76,255,1246.816,749.500
3696,88,255,314.307,752.136
3697,173,255,694.552,752.766
3698,119,255,129.256,751.878
3699,87,255,480.638,752.420
3700,83,255,513.837,751.620
3701,70,255,656.800,752.143
3702,31,255,712.500,750.339
3703,112,255,1028.589,751.420
3704,39,255,1149.500,750.500
3705,26,255,218.808,750.692
3706,58,255,902.690,752.069
3707,33,255,1343.045,751.591
3708,79,255,329.601,753.703
3709,88,255,376.420,754.636
3710,92,255,723.522,753.467
3711,41,255,962.476,752.232
3712,22,255,995.182,751.818
3713,127,255,1083.035,753.917
3714,76,255,1139.974,754.618
3715,136,255,1583.846,755.213
3716,30,255,83.500,752.233
3717,44,255,290.705,753.591
3718,143,255,389.787,758.766
3719,66,255,454.303,753.742
3720,83,255,1352.681,755.259
3721,89,255,1371.343,755.478
3722,35,255,1433.043,752.386
3723,134,255,1484.172,755.612
3724,48,255,1522.250,753.938
3725,112,255,1544.304,756.018
3726,78,255,50.821,755.821
3727,66,255,161.273,755.197
3728,36,255,602.778,753.972
3729,117,255,742.423,756.987
3730,81,255,1009.747,755.043
3731,86,255,115.337,757.058
3732,62,255,548.226,756.242
3733,48,255,1311.667,756.000
3734,77,255,193.695,757.448
3735,66,255,278.030,756.818
3736,40,255,353.600,756.625
3737,90,255,578.333,758.289
3738,37,255,665.797,756.419
3739,100,255,1382.480,758.670
3740,72,255,1451.139,758.181
3741,92,255,265.598,760.870
3742,43,255,948.291,756.616
3743,51,255,213.833,758.029
3744,53,255,403.670,759.047
3745,104,255,868.000,761.067
3746,79,255,885.816,759.437
3747,105,255,1198.443,758.976
3748,33,255,152.106,759.258
3749,67,255,919.366,759.918
3750,68,255,958.132,762.132
3751,173,255,1121.639,765.725
3752,37,255,1124.527,759.176
3753,177,255,1156.150,765.811
3754,86,255,85.186,761.802
3755,82,255,412.390,762.171
3756,58,255,991.138,761.069
3757,113,255,1105.668,763.987
3758,69,255,1176.848,761.152
3759,122,255,1230.311,762.459
3760,82,255,1262.902,760.878
3761,82,255,1282.451,761.244
3762,47,255,446.564,761.670
3763,108,255,768.500,764.046
3764,141,255,1401.855,766.082
3765,29,255,345.500,761.879
3766,77,255,499.617,763.448
3767,20,255,144.400,762.450
3768,83,255,170.380,764.765
3769,64,255,289.828,763.953
3770,52,255,806.154,763.635
3771,54,255,928.056,764.167
3772,69,255,970.065,764.514
3773,118,255,999.915,768.873
3774,31,255,1026.113,763.500
3775,56,255,1064.375,763.893
3776,137,255,1418.974,766.434
3777,75,255,468.553,766.153
3778,90,255,489.322,768.200
3779,34,255,562.147,763.882
3780,74,255,613.014,765.257
3781,86,255,939.628,766.593
3782,94,255,1043.617,765.713
3783,76,255,1294.605,765.671
3784,97,255,1325.778,769.015
3785,114,255,74.158,769.833
3786,58,255,219.862,765.948
3787,75,255,332.980,766.700
3788,21,255,480.167,765.357
3789,62,255,661.581,765.339
3790,43,255,1244.733,765.779
3791,105,255,132.043,768.338
3792,77,255,512.968,767.292
3793,87,255,527.040,767.086
3794,43,255,1504.826,766.198
3795,52,255,158.327,768.077
3796,106,255,311.274,768.849
3797,95,255,429.226,769.616
3798,100,255,1313.000,769.040
3799,109,255,1356.931,769.968
3800,81,255,748.537,770.142
3801,75,255,1181.433,769.100
3802,45,255,1513.389,768.722
3803,78,255,188.359,771.115
3804,79,255,454.601,771.601
3805,120,255,808.350,773.283
3806,68,255,894.118,770.059
3807,133,255,977.117,773.778
3808,93,255,1491.973,770.984
3809,39,255,1538.500,769.910
3810,100,255,1553.320,771.670
3811,29,255,146.672,769.603
3812,34,255,402.265,770.324
3813,60,255,541.983,771.667
3814,44,255,679.182,770.705
3815,61,255,690.598,771.156
3816,122,255,831.262,772.697
3817,73,255,1194.212,771.377
3818,116,255,1436.672,771.983
3819,31,255,1453.177,770.113
3820,85,255,1523.429,772.300
3821,35,255,603.643,771.871
3822,51,255,25.363,772.539
3823,59,255,106.144,772.653
3824,89,255,231.803,773.534
3825,58,255,261.862,772.224
3826,50,255,341.600,773.120
3827,74,255,1251.878,773.676
3828,35,255,1262.443,772.700
3829,35,255,1596.586,771.929
3830,49,255,373.541,773.357
3831,28,255,444.643,773.000
3832,21,255,473.690,772.738
3833,75,255,567.793,775.847
3834,64,255,656.375,774.906
3835,43,255,698.802,774.663
3836,24,255,794.375,774.167
3837,111,255,1221.545,777.932
3838,120,255,1582.458,776.408
3839,37,255,363.797,774.689
3840,73,255,1021.801,775.993
3841,88,255,1277.875,777.523
3842,106,255,1378.858,778.538
3843,61,255,197.500,777.057
3844,25,255,251.300,776.260
3845,91,255,283.808,778.522
3846,38,255,707.921,776.974
3847,62,255,768.968,777.161
3848,81,255,1347.586,778.167
3849,134,255,1463.985,779.806
3850,64,255,8.938,778.547
3851,68,255,54.471,777.926
3852,27,255,405.759,777.093
3853,59,255,991.042,778.822
3854,147,255,1089.282,782.187
3855,77,255,94.695,779.747
3856,67,255,1390.440,779.545
3857,45,255,353.211,779.367
3858,89,255,520.871,780.590
3859,24,255,599.167,778.917
3860,63,255,918.087,780.183
3861,122,255,1106.582,782.467
3862,56,255,1423.589,779.786
3863,77,255,119.565,782.539
3864,138,255,393.543,783.783
3865,62,255,677.419,780.387
3866,92,255,1027.348,784.533
3867,125,255,1541.484,782.556
3868,73,255,629.596,782.459
3869,77,255,892.123,782.838
3870,77,255,1137.110,782.435
3871,65,255,106.408,783.931
3872,56,255,229.625,782.000
3873,74,255,264.270,783.149
3874,104,255,323.471,784.962
3875,25,255,415.820,781.780
3876,62,255,447.113,782.694
3877,58,255,1040.345,783.052
3878,97,255,1292.954,784.851
3879,69,255,1505.877,783.181
3880,83,255,81.452,785.464
3881,38,255,295.211,783.500
3882,70,255,369.900,783.200
3883,51,255,470.814,784.127
3884,90,255,491.556,785.067
3885,74,255,617.284,784.703
3886,63,255,1000.246,784.659
3887,74,255,166.378,785.081
3888,76,255,203.553,785.342
3889,71,255,502.697,786.232
3890,87,255,721.339,784.960
3891,53,255,871.821,785.462
3892,94,255,1059.755,785.702
3893,113,255,1407.004,788.792
3894,140,255,425.807,789.343
3895,49,255,655.969,785.929
3896,117,255,776.893,789.517
3897,36,255,1075.111,784.778
3898,88,255,1481.784,787.068
3899,94,255,38.117,788.223
3900,92,255,142.011,788.098
3901,59,255,339.924,787.025
3902,43,255,359.965,786.826
3903,81,255,932.735,787.352
3904,165,255,1197.130,789.512
3905,64,255,245.688,788.031
3906,121,255,575.665,789.574
3907,50,255,668.920,787.960
3908,23,255,1182.500,787.848
3909,104,255,1267.635,789.413
3910,150,255,1322.887,792.333
3911,80,255,1497.925,789.550
3912,63,255,51.325,789.183
3913,70,255,189.986,789.757
3914,65,255,590.438,788.962
3915,50,255,914.220,788.280
3916,74,255,962.284,789.000
3917,64,255,1151.844,787.938
3918,36,255,546.722,789.778
3919,44,255,950.250,789.591
3920,58,255,843.897,791.586
3921,63,255,902.294,791.992
3922,51,255,1174.186,790.657
3923,20,255,1358.200,789.250
3924,74,255,121.554,791.865
3925,176,255,450.977,796.528
3926,64,255,1253.172,792.594
3927,75,255,1437.780,792.367
3928,54,255,224.593,792.333
3929,91,255,283.148,793.929
3930,56,255,381.804,792.304
3931,70,255,537.371,793.886
3932,114,255,689.877,794.395
3933,76,255,743.000,794.474
3934,78,255,1018.090,794.141
3935,69,255,1528.442,793.920
3936,156,255,1572.795,796.571
3937,75,255,299.033,794.567
3938,105,255,560.957,794.910
3939,73,255,763.336,794.253
3940,73,255,804.240,794.541
3941,71,255,667.218,795.697
3942,41,255,979.915,796.085
3943,77,255,992.292,795.422
3944,62,255,1127.774,795.855
3945,50,255,1346.180,794.640
3946,105,255,1372.319,795.871
3947,68,255,1517.515,795.706
3948,77,255,176.994,797.773
3949,47,255,312.394,795.628
3950,155,255,1548.990,799.023
3951,78,255,79.269,797.256
3952,89,255,98.646,799.803
3953,72,255,208.069,797.194
3954,82,255,513.061,798.390
3955,53,255,529.142,797.292
3956,37,255,622.203,795.662
3957,75,255,824.047,797.540
3958,43,255,1116.942,797.058
3959,138,255,1140.870,799.993
3960,52,255,1164.154,796.808
3961,68,255,1451.353,797.544
3962,84,255,18.571,798.667
3963,69,255,162.935,798.993
3964,67,255,404.813,798.216
3965,24,255,479.833,797.042
3966,46,255,970.109,798.326
3967,75,255,1055.567,798.567
3968,127,255,1070.626,800.563
3969,91,255,1290.632,797.830
3970,28,255,1334.821,796.821
3971,84,255,1464.131,798.714
3972,37,255,471.068,798.122
3973,54,255,951.685,798.426
3974,71,255,1084.317,799.232
3975,85,255,49.959,800.335
3976,35,255,68.071,799.386
3977,76,255,145.461,800.118
3978,56,255,615.321,800.196
3979,34,255,930.147,798.882
3980,64,255,1388.484,800.031
3981,62,255,191.081,801.161
3982,40,255,390.050,799.875
3983,111,255,636.932,801.464
3984,56,255,1400.018,800.911
3985,51,255,89.971,802.206
3986,134,255,268.194,804.724
3987,92,255,1104.304,801.989
3988,35,255,1351.729,800.900
3989,85,255,1416.735,802.971
3990,41,255,130.207,801.720
3991,33,255,358.439,801.561
3992,22,255,651.273,801.409
3993,57,255,701.096,803.096
3994,93,255,842.758,804.156
3995,39,255,880.603,802.244
3996,165,255,1173.094,807.858
3997,153,255,1209.624,806.363
3998,53,255,1255.292,802.670
3999,123,255,1484.630,804.850
4000,64,255,427.609,803.375
4001,40,255,578.975,803.100
4002,48,255,782.208,804.250
4003,30,255,870.333,803.233
4004,115,255,1226.735,805.517
4005,99,255,590.298,806.662
4006,51,255,674.716,804.480
4007,148,255,794.115,809.257
4008,69,255,1240.819,805.949
4009,26,255,1438.731,803.769
4010,55,255,9.318,806.664
4011,49,255,761.990,805.969
4012,50,255,1280.020,806.120
4013,96,255,1589.583,807.104
4014,63,255,303.706,807.341
4015,101,255,337.985,808.035
4016,108,255,735.852,808.926
4017,62,255,1014.387,806.935
4018,41,255,1263.500,806.939
4019,51,255,1509.598,806.010
4020,63,255,223.357,808.167
4021,69,255,469.442,808.659
4022,76,255,961.092,809.329
4023,48,255,1002.271,807.583
4024,21,255,1151.690,806.452
4025,62,255,1302.629,808.000
4026,156,255,1324.051,810.981
4027,35,255,1364.071,807.643
4028,53,255,68.538,809.274
4029,73,255,284.144,809.568
4030,28,255,394.143,808.143
4031,23,255,406.196,807.717
4032,92,255,570.315,810.261
4033,39,255,654.372,808.526
4034,151,255,927.142,812.036
4035,37,255,978.203,808.257
4036,68,255,114.147,810.456
4037,24,255,351.708,808.792
4038,62,255,942.387,810.097
4039,61,255,989.664,811.254
4040,88,255,1048.045,810.591
4041,37,255,1088.068,808.716
4042,59,255,1532.636,810.127
4043,31,255,47.500,809.500
4044,83,255,185.910,812.452
4045,58,255,323.500,810.707
4046,130,255,365.885,813.977
4047,53,255,850.425,811.311
4048,45,255,1024.811,810.544
4049,54,255,1191.704,810.648
4050,38,255,1344.395,810.289
4051,66,255,1447.348,811.182
4052,80,255,209.762,812.450
4053,59,255,231.364,811.805
4054,117,255,489.406,814.910
4055,59,255,614.263,812.585
4056,44,255,747.932,812.227
4057,127,255,91.610,815.980
4058,62,255,295.048,813.548
4059,124,255,546.234,815.476
4060,45,255,683.922,812.833
4061,75,255,1075.860,813.327
4062,68,255,1113.382,813.029
4063,138,255,1545.246,816.507
4064,59,255,16.771,813.907
4065,21,255,159.690,812.452
4066,59,255,426.975,813.195
4067,38,255,499.447,813.842
4068,35,255,664.186,813.071
4069,71,255,690.711,816.106
4070,37,255,1140.797,812.581
4071,99,255,1389.278,815.298
4072,113,255,1426.332,816.819
4073,44,255,1434.250,813.068
4074,86,255,637.942,818.442
4075,21,255,877.595,813.071
4076,32,255,1104.750,813.906
4077,24,255,1502.792,814.292
4078,69,255,1513.442,814.993
4079,35,255,1559.586,814.043
4080,67,255,136.604,816.276
4081,112,255,380.768,817.786
4082,22,255,807.500,814.864
4083,46,255,253.109,816.587
4084,51,255,435.402,816.402
4085,92,255,52.837,819.511
4086,52,255,174.923,818.000
4087,30,255,650.300,816.700
4088,32,255,1124.500,816.719
4089,41,255,1276.232,817.085
4090,52,255,1463.231,818.038
4091,76,255,273.105,819.447
4092,74,255,411.568,819.770
4093,48,255,474.812,818.521
4094,45,255,523.567,818.544
4095,128,255,595.914,821.531
4096,40,255,621.200,817.625
4097,100,255,1245.530,822.000
4098,87,255,34.730,820.328
4099,79,255,396.247,819.601
4100,33,255,985.288,818.439
4101,25,255,1000.740,818.660
4102,36,255,1131.778,818.778
4103,74,255,239.324,821.446
4104,26,255,443.923,820.000
4105,92,255,577.478,822.435
4106,129,255,1577.159,823.539
4107,50,255,4.520,821.860
4108,125,255,1167.340,824.596
4109,71,255,1295.092,822.458
4110,104,255,1308.913,825.183
4111,66,255,81.348,823.561
4112,89,255,119.781,825.657
4113,130,255,947.923,825.331
4114,20,255,1176.800,820.850
4115,49,255,1210.724,822.663
4116,56,255,1233.357,822.429
4117,22,255,1495.000,821.682
4118,22,255,354.818,822.682
4119,43,255,803.174,823.756
4120,46,255,855.196,823.000
4121,40,255,1257.475,823.175
4122,33,255,1483.258,823.167
4123,105,255,17.748,825.376
4124,75,255,292.260,824.900
4125,116,255,501.716,825.000
4126,60,255,1026.350,825.533
4127,90,255,1038.667,826.578
4128,110,255,1418.009,827.336
4129,68,255,791.088,826.191
4130,44,255,886.659,825.091
4131,73,255,916.363,826.308
4132,50,255,1502.120,825.600
4133,122,255,58.820,829.582
4134,55,255,101.027,827.100
4135,49,255,178.684,827.051
4136,87,255,214.259,828.454
4137,108,255,743.898,829.213
4138,70,255,1009.529,827.486
4139,191,255,1098.840,830.757
4140,61,255,1185.320,827.123
4141,76,255,248.961,829.053
4142,74,255,311.743,829.689
4143,72,255,433.889,827.958
4144,37,255,621.257,826.905
4145,45,255,651.522,827.989
4146,105,255,776.014,828.776
4147,110,255,839.391,830.155
4148,71,255,1055.134,828.514
4149,47,255,1136.543,827.287
4150,124,255,1326.008,831.556
4151,112,255,136.804,830.839
4152,101,255,1204.144,831.550
4153,50,255,1473.540,829.560
4154,37,255,1537.365,828.635
4155,122,255,157.049,831.131
4156,92,255,195.891,831.196
4157,181,255,817.528,833.251
4158,62,255,872.548,829.919
4159,78,255,1122.859,830.769
4160,66,255,1351.515,829.197
4161,54,255,1450.722,829.574
4162,44,255,224.750,830.318
4163,112,255,344.821,832.482
4164,67,255,482.142,830.455
4165,89,255,527.264,831.545
4166,63,255,542.754,831.056
4167,30,255,553.600,829.767
4168,54,255,566.907,831.111
4169,87,255,673.213,833.500
4170,62,255,706.742,831.355
4171,87,255,1272.937,831.489
4172,45,255,1364.122,831.411
4173,40,255,266.575,831.525
4174,76,255,331.487,832.829
4175,78,255,382.474,832.295
4176,54,255,658.259,832.241
4177,47,255,762.394,831.649
4178,110,255,978.736,835.309
4179,144,255,1218.167,836.778
4180,55,255,1230.536,831.809
4181,60,255,1257.367,831.583
4182,88,255,1553.852,832.489
4183,83,255,41.657,834.199
4184,63,255,371.770,833.706
4185,89,255,1049.399,837.140
4186,83,255,1290.994,834.307
4187,54,255,1381.111,832.796
4188,73,255,1511.336,834.171
4189,96,255,638.615,834.708
4190,101,255,849.054,836.589
4191,89,255,879.174,836.107
4192,45,255,993.767,833.656
4193,56,255,1072.357,834.179
4194,69,255,11.297,835.254
4195,54,255,183.019,834.241
4196,81,255,456.068,835.019
4197,48,255,731.729,834.500
4198,22,255,891.227,833.455
4199,99,255,907.157,836.227
4200,68,255,1459.471,835.353
4201,108,255,74.481,837.657
4202,95,255,1570.889,836.605
4203,35,255,411.100,836.243
4204,44,255,1085.227,836.591
4205,33,255,1339.833,836.258
4206,45,255,1390.944,836.633
4207,46,255,1425.957,837.543
4208,35,255,2.329,838.643
4209,57,255,120.184,838.026
4210,77,255,397.708,839.188
4211,49,255,498.276,837.439
4212,81,255,940.451,839.685
4213,47,255,1179.862,837.691
4214,70,255,1447.443,839.229
4215,66,255,235.424,838.788
4216,56,255,770.893,839.161
4217,53,255,1315.519,839.349
4218,49,255,1484.112,838.602
4219,72,255,155.833,839.806
4220,39,255,647.526,838.910
4221,109,255,1244.784,842.821
4222,68,255,91.500,841.000
4223,62,255,107.661,841.016
4224,39,255,141.295,840.885
4225,39,255,217.064,840.167
4226,63,255,255.960,841.214
4227,113,255,275.712,842.491
4228,99,255,481.227,841.399
4229,72,255,507.278,841.625
4230,39,255,561.936,841.244
4231,80,255,593.775,841.888
4232,39,255,1270.474,840.910
4233,42,255,1436.214,841.238
4234,111,255,1535.617,843.725
4235,42,255,132.929,841.762
4236,58,255,407.155,844.000
4237,90,255,609.511,841.922
4238,72,255,952.514,842.208
4239,65,255,1137.315,842.238
4240,37,255,701.662,841.581
4241,35,255,1010.300,842.043
4242,94,255,1155.713,844.574
4243,47,255,1255.947,842.287
4244,79,255,1371.386,843.323
4245,146,255,1499.192,845.651
4246,88,255,1347.557,844.455
4247,31,255,223.855,844.306
4248,160,255,315.156,849.325
4249,61,255,985.861,845.156
4250,65,255,1514.577,844.808
4251,33,255,444.803,845.773
4252,105,255,816.090,846.690
4253,80,255,1169.450,846.263
4254,81,255,175.525,848.907
4255,63,255,337.087,846.595
4256,82,255,418.915,848.037
4257,56,255,455.661,846.732
4258,60,255,726.817,847.283
4259,69,255,1067.123,848.065
4260,110,255,1077.573,848.555
4261,145,255,1121.576,850.686
4262,142,255,1280.345,851.500
4263,102,255,43.578,849.990
4264,32,255,375.562,846.406
4265,25,255,431.620,847.060
4266,84,255,523.893,848.440
4267,44,255,565.614,847.818
4268,62,255,576.645,849.194
4269,55,255,747.518,847.936
4270,68,255,895.544,847.691
4271,81,255,999.636,848.574
4272,124,255,1021.194,849.427
4273,67,255,1324.306,848.455
4274,41,255,1565.573,847.061
4275,60,255,54.117,849.317
4276,32,255,210.062,848.594
4277,24,255,392.417,848.000
4278,65,255,490.715,849.162
4279,62,255,715.710,848.790
4280,26,255,875.385,848.423
4281,64,255,964.141,848.891
4282,83,255,1038.235,849.633
4283,72,255,1105.361,849.542
4284,115,255,1191.430,850.665
4285,50,255,1264.160,849.460
4286,76,255,1296.974,848.592
4287,78,255,1427.397,849.885
4288,102,255,1458.775,850.235
4289,95,255,1595.563,851.247
4290,71,255,31.176,850.739
4291,63,255,158.437,849.627
4292,37,255,298.203,849.338
4293,60,255,681.950,851.600
4294,52,255,702.904,849.904
4295,30,255,831.133,849.700
4296,51,255,863.363,849.539
4297,73,255,923.212,850.418
4298,39,255,940.295,849.705
4299,20,255,1579.200,848.350
4300,52,255,103.481,850.635
4301,96,255,185.771,854.552
4302,50,255,197.560,850.440
4303,44,255,239.205,850.545
4304,32,255,592.688,849.719
4305,42,255,691.310,850.429
4306,41,255,1094.622,850.354
4307,21,255,1312.881,849.500
4308,37,255,91.203,850.824
4309,41,255,231.012,851.110
4310,67,255,1205.351,852.590
4311,73,255,1216.842,852.034
4312,41,255,1237.646,851.183
4313,159,255,20.664,857.462
4314,145,255,137.493,855.693
4315,65,255,795.054,853.146
4316,73,255,841.089,854.130
4317,57,255,368.939,853.833
4318,131,255,543.508,855.615
4319,123,255,1406.370,856.248
4320,61,255,215.041,854.549
4321,69,255,773.616,855.297
4322,88,255,809.500,855.761
4323,74,255,1545.946,855.959
4324,76,255,277.250,856.724
4325,30,255,606.967,855.267
4326,57,255,885.553,855.974
4327,52,255,993.808,855.442
4328,82,255,1176.841,857.244
4329,136,255,1347.301,856.735
4330,105,255,80.262,856.890
4331,82,255,122.439,858.390
4332,35,255,341.700,855.957
4333,76,255,424.829,857.632
4334,67,255,741.590,857.515
4335,25,255,1521.620,855.780
4336,72,255,1559.000,857.611
4337,61,255,158.434,857.811
4338,44,255,256.068,857.614
4339,72,255,288.431,858.889
4340,87,255,1310.328,859.201
4341,76,255,1328.395,858.500
4342,39,255,1379.372,857.910
4343,81,255,4.858,859.957
4344,43,255,409.593,858.221
4345,90,255,635.011,860.800
4346,137,255,671.741,862.551
4347,23,255,724.065,857.413
4348,54,255,752.148,858.833
4349,58,255,784.362,859.431
4350,70,255,853.886,859.486
4351,36,255,1258.139,857.944
4352,64,255,1578.797,859.672
4353,38,255,332.184,859.184
4354,55,255,658.464,859.718
4355,55,255,763.373,860.409
4356,67,255,970.724,860.336
4357,45,255,1471.700,859.789
4358,99,255,1494.712,862.167
4359,72,255,233.583,861.361
4360,100,255,937.530,861.140
4361,50,255,1040.360,860.820
4362,93,255,301.532,863.392
4363,83,255,398.596,864.958
4364,37,255,433.419,861.581
4365,103,255,561.121,861.704
4366,21,255,797.643,860.881
4367,75,255,1061.220,862.713
4368,45,255,579.011,862.878
4369,72,255,694.250,862.875
4370,31,255,732.274,862.339
4371,36,255,982.333,862.889
4372,170,255,1095.112,867.159
4373,38,255,1111.395,861.947
4374,71,255,112.401,864.669
4375,50,255,245.480,863.840
4376,124,255,368.395,866.919
4377,55,255,213.245,864.609
4378,44,255,447.295,863.682
4379,91,255,535.544,865.599
4380,42,255,805.643,864.405
4381,70,255,1201.600,864.671
4382,31,255,91.629,865.694
4383,46,255,99.130,865.717
4384,45,255,349.789,865.344
4385,118,255,903.763,867.856
4386,44,255,999.068,866.182
4387,60,255,1211.400,867.267
4388,77,255,1242.968,867.474
4389,51,255,1263.716,865.676
4390,35,255,1299.700,865.414
4391,111,255,146.950,868.914
4392,58,255,258.759,867.914
4393,109,255,511.950,868.968
4394,76,255,838.803,869.368
4395,57,255,885.132,867.272
4396,56,255,1080.946,867.732
4397,106,255,1231.925,870.123
4398,59,255,1533.415,867.551
4399,25,255,165.100,868.100
4400,137,255,193.916,871.164
4401,43,255,657.663,867.477
4402,89,255,76.747,870.152
4403,72,255,175.542,868.833
4404,28,255,497.071,868.000
4405,50,255,642.660,868.540
4406,99,255,962.308,871.268
4407,80,255,1120.625,870.087
4408,82,255,1283.415,869.598
4409,130,255,1394.500,871.062
4410,68,255,1516.618,870.294
4411,140,255,1589.029,874.386
4412,33,255,3.379,868.318
4413,157,255,57.048,871.029
4414,59,255,327.381,869.263
4415,85,255,759.935,870.418
4416,41,255,1503.890,869.207
4417,90,255,944.367,872.344
4418,62,255,266.339,874.274
4419,44,255,451.318,871.500
4420,124,255,567.847,873.460
4421,131,255,981.439,873.805
4422,102,255,1141.549,873.029
4423,66,255,1306.455,872.242
4424,57,255,1325.535,872.132
4425,106,255,227.047,873.557
4426,47,255,315.223,872.755
4427,81,255,704.772,872.586
4428,28,255,1131.143,872.750
4429,139,255,1158.040,875.853
4430,82,255,1354.890,873.122
4431,52,255,131.673,873.923
4432,105,255,1033.548,874.786
4433,91,255,1174.038,876.830
4434,42,255,1259.214,873.429
4435,142,255,1451.577,875.444
4436,37,255,340.851,874.257
4437,31,255,355.242,875.113
4438,119,255,381.542,877.433
4439,79,255,744.930,874.525
4440,63,255,122.262,875.817
4441,64,255,439.703,876.469
4442,66,255,1061.818,875.955
4443,107,255,1554.285,877.790
4444,107,255,89.911,878.902
4445,52,255,293.923,876.365
4446,92,255,488.598,877.098
4447,31,255,933.500,875.887
4448,124,255,1188.726,878.065
4449,99,255,1479.965,879.419
4450,39,255,418.654,877.269
4451,37,255,430.230,877.608
4452,92,255,675.620,878.891
4453,87,255,155.259,879.557
4454,67,255,806.649,879.291
4455,95,255,846.795,880.563
4456,59,255,911.059,879.093
4457,69,255,1085.094,878.964
4458,43,255,1249.500,878.523
4459,29,255,1496.328,877.638
4460,37,255,208.176,878.662
4461,66,255,241.167,879.773
4462,43,255,281.895,879.151
4463,123,255,537.386,882.484
4464,59,255,788.059,879.941
4465,21,255,890.357,878.500
4466,36,255,1023.194,879.583
4467,84,255,508.452,881.429
4468,78,255,1222.321,881.782
4469,62,255,1269.597,881.065
4470,46,255,1524.826,880.935
4471,48,255,39.417,881.354
4472,82,255,79.220,883.915
4473,99,255,756.965,883.066
4474,82,255,970.561,882.280
4475,77,255,1001.383,881.994
4476,152,255,1335.026,885.428
4477,75,255,1537.473,882.247
4478,99,255,14.096,882.934
4479,111,255,262.257,884.599
4480,76,255,456.592,882.842
4481,50,255,524.040,882.260
4482,109,255,695.638,885.335
4483,108,255,932.796,885.148
4484,77,255,1013.903,885.409
4485,60,255,1310.583,882.817
4486,59,255,1367.144,883.025
4487,90,255,1511.422,883.733
4488,30,255,1579.867,882.300
4489,58,255,335.483,883.500
4490,50,255,1571.320,883.700
4491,74,255,49.959,885.932
4492,78,255,64.859,885.308
4493,58,255,142.310,884.793
4494,77,255,181.825,887.786
4495,29,255,476.431,883.328
4496,132,255,1073.333,887.409
4497,126,255,1389.222,885.627
4498,62,255,317.371,885.887
4499,40,255,417.025,884.650
4500,72,255,888.403,887.181
4501,115,255,1261.048,889.204
4502,77,255,1282.942,886.552
4503,23,255,218.891,885.457
4504,40,255,325.925,886.825
4505,96,255,636.292,887.740
4506,119,255,660.063,888.508
4507,36,255,898.722,886.833
4508,41,255,947.476,885.866
4509,124,255,989.056,889.460
4510,126,255,1299.421,889.183
4511,94,255,29.468,890.202
4512,131,255,440.859,891.141
4513,67,255,864.396,888.440
4514,61,255,1024.926,887.811
4515,100,255,1459.090,890.170
4516,77,255,172.708,890.032
4517,49,255,281.622,887.643
4518,78,255,297.654,888.910
4519,78,255,562.564,889.295
4520,37,255,648.014,888.689
4521,115,255,1051.448,889.996
4522,69,255,349.297,890.891
4523,62,255,374.306,889.871
4524,84,255,586.988,890.143
4525,92,255,793.207,890.196
4526,84,255,959.464,890.595
4527,106,255,1109.472,892.330
4528,46,255,1238.500,889.000
4529,68,255,1407.118,890.574
4530,26,255,1484.538,889.154
4531,101,255,1579.144,891.639
4532,41,255,194.646,890.159
4533,55,255,477.282,890.609
4534,26,255,854.154,890.038
4535,81,255,1354.932,891.414
4536,116,255,1554.147,892.534
4537,69,255,245.138,892.543
4538,71,255,410.528,892.077
4539,30,255,708.067,891.300
4540,53,255,1177.726,891.179
4541,85,255,1214.888,892.453
4542,35,255,684.071,892.443
4543,25,255,1188.940,891.580
4544,43,255,1321.384,893.058
4545,67,255,1531.187,893.351
4546,49,255,123.071,893.827
4547,22,255,161.591,892.409
4548,33,255,287.652,893.288
4549,99,255,393.561,894.662
4550,118,255,1095.381,896.712
4551,56,255,1201.089,895.554
4552,61,255,1451.254,896.008
4553,68,255,1593.853,896.044
4554,74,255,66.338,896.324
4555,113,255,148.412,899.173
4556,111,255,760.293,897.365
4557,76,255,878.211,896.079
4558,57,255,1375.693,895.886
4559,54,255,535.407,897.093
4560,70,255,1120.443,899.500
4561,111,255,1135.338,897.914
4562,67,255,1154.261,897.888
4563,48,255,1433.208,896.958
4564,100,255,6.820,898.900
4565,87,255,213.477,897.580
4566,60,255,316.933,899.467
4567,25,255,714.540,898.100
4568,62,255,723.468,900.823
4569,41,255,742.012,897.817
4570,60,255,1166.667,899.400
4571,80,255,1336.138,899.413
4572,62,255,47.419,899.694
4573,120,255,110.717,904.183
4574,65,255,858.962,900.408
4575,59,255,897.178,899.364
4576,24,255,1077.458,898.417
4577,46,255,1234.609,898.826
4578,72,255,241.944,900.403
4579,57,255,295.272,900.360
4580,96,255,356.740,901.000
4581,117,255,413.774,902.868
4582,50,255,549.620,900.800
4583,30,255,820.200,899.967
4584,101,255,1185.649,902.134
4585,111,255,1364.167,902.500
4586,88,255,934.977,902.636
4587,79,255,1251.082,901.614
4588,59,255,1489.008,902.161
4589,73,255,95.774,903.390
4590,106,255,201.113,905.047
4591,39,255,371.372,902.705
4592,68,255,463.176,903.162
4593,37,255,698.392,902.392
4594,60,255,870.467,903.650
4595,64,255,133.125,903.578
4596,67,255,302.873,906.978
4597,54,255,949.000,903.556
4598,29,255,1209.052,903.086
4599,63,255,1291.389,904.421
4600,56,255,83.714,905.125
4601,28,255,224.214,904.500
4602,55,255,273.736,905.282
4603,47,255,811.479,904.947
4604,63,255,883.087,905.548
4605,36,255,1033.222,904.361
4606,33,255,1045.742,904.439
4607,50,255,1102.980,905.500
4608,134,255,1473.993,907.701
4609,50,255,1498.080,904.720
4610,90,255,1549.122,905.889
4611,56,255,477.089,906.000
4612,66,255,495.015,906.909
4613,107,255,1221.771,908.407
4614,49,255,1304.051,905.500
4615,60,255,183.667,906.333
4616,72,255,553.569,907.486
4617,43,255,602.965,906.105
4618,70,255,627.814,906.871
4619,161,255,1143.568,909.432
4620,171,255,1568.295,909.909
4621,30,255,1581.767,906.533
4622,120,255,165.875,909.192
4623,38,255,741.026,907.474
4624,132,255,1407.644,910.189
4625,150,255,1514.433,913.840
4626,43,255,216.267,908.640
4627,54,255,360.463,908.796
4628,64,255,843.297,910.234
4629,40,255,36.400,908.875
4630,59,255,73.297,910.449
4631,107,255,399.650,911.463
4632,54,255,448.019,909.889
4633,67,255,591.769,910.560
4634,54,255,904.333,909.685
4635,35,255,1235.214,908.814
4636,62,255,1246.742,910.097
4637,115,255,320.309,913.343
4638,142,255,1008.289,912.908
4639,142,255,51.782,916.275
4640,39,255,542.936,911.244
4641,22,255,986.091,911.955
4642,53,255,241.387,912.632
4643,77,255,286.981,913.370
4644,72,255,129.542,913.694
4645,35,255,389.357,913.757
4646,62,255,792.774,913.903
4647,90,255,65.867,916.467
4648,68,255,182.912,914.853
4649,48,255,265.104,915.792
4650,51,255,349.912,914.363
4651,42,255,1184.548,916.548
4652,58,255,1258.948,914.310
4653,62,255,1300.032,914.016
4654,77,255,1344.448,916.136
4655,81,255,252.870,916.846
4656,52,255,965.000,915.731
4657,58,255,1354.966,915.983
4658,58,255,1432.655,915.586
4659,40,255,38.025,916.650
4660,47,255,341.926,916.862
4661,55,255,412.645,916.555
4662,54,255,616.241,915.870
4663,45,255,741.478,916.722
4664,70,255,9.186,918.243
4665,46,255,892.652,916.870
4666,73,255,1054.801,918.747
4667,59,255,1279.246,918.398
4668,121,255,1457.376,919.103
4669,68,255,1580.147,917.882
4670,33,255,679.439,917.682
4671,66,255,757.818,918.833
4672,64,255,949.938,918.234
4673,76,255,1542.303,919.276
4674,75,255,377.687,919.967
4675,78,255,460.923,919.744
4676,102,255,1078.637,921.598
4677,77,255,1098.214,919.799
4678,68,255,1118.721,920.618
4679,60,255,192.233,921.383
4680,62,255,217.371,920.258
4681,94,255,521.394,921.745
4682,33,255,690.288,920.652
4683,39,255,699.218,920.141
4684,67,255,1035.858,921.037
4685,71,255,1388.782,921.331
4686,69,255,994.587,921.312
4687,44,255,1412.182,921.250
4688,53,255,1424.443,921.915
4689,47,255,137.691,922.202
4690,87,255,231.902,923.420
4691,48,255,300.562,923.208
4692,48,255,332.417,922.396
4693,94,255,27.298,925.745
4694,94,255,802.085,924.596
4695,90,255,870.300,924.900
4696,49,255,1233.724,923.051
4697,42,255,1307.976,923.857
4698,93,255,1532.694,926.704
4699,61,255,204.041,925.795
4700,53,255,1252.708,925.066
4701,67,255,1267.858,924.500
4702,91,255,115.247,926.478
4703,166,255,256.500,929.789
4704,64,255,587.859,926.828
4705,50,255,652.500,925.740
4706,22,255,892.818,923.773
4707,45,255,1211.900,925.678
4708,73,255,1318.048,927.829
4709,68,255,1497.338,925.941
4710,96,255,77.208,927.312
4711,33,255,180.076,925.652
4712,50,255,678.560,925.840
4713,32,255,761.594,926.531
4714,36,255,1189.472,925.806
4715,29,255,43.776,927.155
4716,48,255,366.229,926.917
4717,41,255,620.939,927.012
4718,36,255,630.889,927.361
4719,20,255,639.250,926.250
4720,81,255,956.858,928.488
4721,65,255,1166.162,927.469
4722,57,255,1482.728,927.921
4723,23,255,612.413,927.630
4724,41,255,740.939,928.402
4725,40,255,750.300,928.200
4726,61,255,978.680,928.746
4727,116,255,1288.759,929.578
4728,129,255,1336.112,931.391
4729,61,255,1561.418,928.910
4730,69,255,321.558,929.949
4731,50,255,354.120,929.000
4732,61,255,598.959,929.451
4733,99,255,1184.177,933.359
4734,57,255,1367.307,929.202
4735,35,255,1448.471,929.386
4736,65,255,1512.238,929.500
4737,54,255,100.352,930.426
4738,29,255,218.776,930.328
4739,31,255,451.694,929.952
4740,79,255,549.032,930.095
4741,59,255,784.686,930.585
4742,53,255,919.915,929.972
4743,64,255,1002.281,930.094
4744,76,255,1096.263,930.197
4745,108,255,1573.852,933.343
4746,44,255,138.614,930.659
4747,65,255,1399.885,931.715
4748,50,255,496.280,932.580
4749,30,255,910.000,932.000
4750,117,255,1026.141,935.338
4751,23,255,1391.674,931.500
4752,106,255,166.792,934.811
4753,134,255,411.299,937.119
4754,41,255,724.671,933.866
4755,77,255,898.526,934.851
4756,54,255,1304.296,933.981
4757,94,255,63.426,935.532
4758,51,255,126.676,934.363
4759,73,255,483.582,934.938
4760,31,255,713.468,934.694
4761,45,255,772.211,935.056
4762,34,255,963.794,934.000
4763,62,255,1074.306,934.226
4764,92,255,1355.380,936.098
4765,49,255,441.337,935.602
4766,26,255,706.808,935.462
4767,133,255,1219.357,938.274
4768,68,255,1256.412,937.294
4769,120,255,32.525,939.317
4770,92,255,91.359,939.152
4771,42,255,300.690,935.881
4772,68,255,343.985,936.706
4773,48,255,634.979,936.771
4774,35,255,687.929,935.357
4775,82,255,10.854,938.659
4776,85,255,179.324,939.124
4777,70,255,208.186,938.471
4778,96,255,292.094,941.208
4779,35,255,623.100,936.529
4780,38,255,645.105,938.026
4781,62,255,660.371,936.952
4782,38,255,789.395,936.632
4783,145,255,824.190,941.976
4784,98,255,1126.531,938.051
4785,33,255,1426.803,937.379
4786,68,255,1492.588,938.074
4787,34,255,79.324,938.059
4788,60,255,1268.700,939.617
4789,80,255,1374.412,939.925
4790,87,255,609.937,940.569
4791,46,255,956.239,940.391
4792,29,255,1037.397,939.086
4793,77,255,1388.968,941.578
4794,130,255,1437.238,941.523
4795,37,255,325.176,940.392
4796,36,255,575.917,940.111
4797,92,255,138.696,942.935
4798,52,255,193.788,942.077
4799,48,255,272.167,941.688
4800,32,255,467.969,941.688
4801,113,255,563.872,944.509
4802,45,255,812.456,942.856
4803,34,255,847.853,940.647
4804,61,255,1012.238,941.697
4805,34,255,1285.412,940.412
4806,65,255,1543.792,942.346
4807,50,255,457.860,942.400
4808,95,255,860.974,945.668
4809,47,255,993.202,941.713
4810,29,255,1078.741,941.983
4811,41,255,313.671,943.256
4812,51,255,381.480,944.559
4813,50,255,1089.820,942.920
4814,41,255,1534.134,943.768
4815,86,255,151.419,946.267
4816,75,255,395.220,944.887
4817,128,255,878.180,947.562
4818,90,255,934.778,944.800
4819,71,255,1068.852,946.810
4820,62,255,1102.871,943.887
4821,108,255,1146.667,946.593
4822,66,255,1246.394,945.773
4823,126,255,102.000,949.048
4824,20,255,724.550,944.750
4825,65,255,752.885,946.162
4826,48,255,1325.750,945.229
4827,109,255,1562.665,947.950
4828,71,255,1589.993,946.627
4829,27,255,264.796,945.648
4830,21,255,732.500,945.500
4831,106,255,798.453,950.094
4832,69,255,921.370,949.312
4833,92,255,1167.935,947.978
4834,44,255,1493.909,946.000
4835,35,255,3.586,947.186
4836,59,255,371.737,948.398
4837,26,255,494.423,947.462
4838,77,255,622.838,948.175
4839,102,255,699.735,950.206
4840,95,255,781.037,949.963
4841,33,255,966.045,947.742
4842,49,255,635.765,948.010
4843,116,255,643.862,953.172
4844,36,255,663.611,950.056
4845,25,255,687.060,947.700
4846,73,255,767.568,950.390
4847,45,255,1265.411,948.456
4848,90,255,118.756,951.500
4849,30,255,656.433,949.433
4850,64,255,1405.438,949.094
4851,66,255,1459.864,949.727
4852,68,255,744.368,951.721
4853,31,255,842.758,949.694
4854,43,255,1123.081,949.430
4855,54,255,1195.259,950.593
4856,33,255,1345.742,949.803
4857,51,255,172.324,951.657
4858,77,255,197.773,953.123
4859,102,255,677.157,954.843
4860,90,255,982.011,954.156
4861,75,255,1008.593,950.980
4862,28,255,1537.214,950.929
4863,29,255,90.603,952.672
4864,38,255,325.316,951.737
4865,100,255,903.090,954.790
4866,40,255,1052.675,951.375
4867,102,255,1211.539,952.578
4868,66,255,414.682,953.636
4869,34,255,719.412,952.765
4870,20,255,1386.850,952.100
4871,32,255,1479.250,954.031
4872,55,255,1528.591,953.864
4873,34,255,726.941,954.441
4874,26,255,823.885,953.654
4875,20,255,939.800,954.050
4876,62,255,948.694,955.274
4877,44,255,964.136,955.795
4878,69,255,1493.833,955.514
4879,73,255,44.089,955.144
4880,50,255,69.360,956.100
4881,46,255,398.761,955.391
4882,63,255,455.325,955.643
4883,55,255,1429.827,956.045
4884,79,255,155.184,957.285
4885,50,255,1099.220,954.980
4886,41,255,1175.085,955.768
4887,20,255,1296.050,957.050
4888,33,255,1597.864,956.924
4889,30,255,1031.100,957.200
4890,66,255,1312.485,960.197
4891,47,255,1331.309,956.840
4892,64,255,1353.969,957.891
4893,94,255,1462.309,958.809
4894,20,255,1.750,957.800
4895,57,255,248.447,958.412
4896,90,255,344.278,959.833
4897,59,255,358.585,958.958
4898,69,255,1189.355,958.399
4899,20,255,1303.500,958.550
4900,21,255,1399.214,957.167
4901,53,255,28.783,961.104
4902,69,255,1158.007,958.659
4903,52,255,1235.404,958.865
4904,87,255,1272.741,959.661
4905,58,255,1541.397,959.655
4906,86,255,1578.012,963.488
4907,80,255,203.463,961.388
4908,79,255,435.867,961.070
4909,52,255,625.654,961.750
4910,20,255,804.750,959.550
4911,52,255,1288.404,961.308
4912,42,255,37.667,961.452
4913,67,255,235.201,962.067
4914,32,255,601.781,961.312
4915,43,255,722.081,961.477
4916,78,255,1023.192,962.141
4917,37,255,93.905,962.473
4918,115,255,741.491,965.300
4919,89,255,779.545,962.961
4920,54,255,837.685,962.889
4921,45,255,1480.811,962.211
4922,50,255,1594.120,963.280
4923,31,255,454.823,962.952
4924,63,255,881.119,964.960
4925,52,255,1084.692,963.423
4926,68,255,1109.941,963.574
4927,61,255,1515.123,963.025
4928,40,255,323.075,963.275
4929,42,255,855.429,964.429
4930,36,255,927.861,963.806
4931,61,255,1044.484,965.057
4932,94,255,1434.266,966.000
4933,54,255,54.000,965.500
4934,74,255,422.878,966.351
4935,45,255,889.722,965.478
4936,46,255,944.217,965.109
4937,63,255,1099.373,967.341
4938,30,255,1126.067,964.833
4939,47,255,268.564,965.223
4940,41,255,635.476,966.012
4941,68,255,1523.235,968.691
4942,106,255,19.142,968.830
4943,58,255,507.621,968.414
4944,29,255,609.810,967.431
4945,40,255,845.850,968.200
4946,28,255,1133.036,967.107
4947,46,255,1230.891,968.500
4948,39,255,407.013,969.808
4949,21,255,1003.452,966.643
4950,121,255,1154.153,971.070
4951,52,255,1337.077,968.481
4952,75,255,74.180,970.367
4953,39,255,332.654,969.269
4954,22,255,401.500,969.091
4955,38,255,1019.947,968.947
4956,59,255,1242.415,969.042
4957,49,255,1272.235,969.643
4958,93,255,283.575,973.349
4959,58,255,713.207,970.345
4960,70,255,804.200,971.857
4961,93,255,1197.220,972.210
4962,99,255,1218.379,973.955
4963,83,255,1558.488,970.777
4964,40,255,175.875,970.900
4965,35,255,432.129,970.729
4966,29,255,1346.500,970.914
4967,70,255,160.886,973.200
4968,135,255,316.530,976.604
4969,62,255,580.435,974.532
4970,44,255,886.500,972.636
4971,31,255,1003.694,972.371
4972,44,255,1357.500,973.000
4973,88,255,42.443,974.591
4974,27,255,352.759,972.315
4975,82,255,372.390,975.341
4976,24,255,394.042,973.125
4977,54,255,450.852,972.926
4978,27,255,1168.722,972.426
4979,27,255,1318.685,972.611
4980,70,255,1444.443,974.143
4981,58,255,117.534,974.328
4982,147,255,299.486,979.044
4983,49,255,381.622,974.684
4984,140,255,1120.950,979.671
4985,45,255,1365.722,975.411
4986,95,255,1460.447,976.111
4987,31,255,1256.758,974.952
4988,32,255,211.469,975.812
4989,24,255,269.708,974.792
4990,88,255,334.705,976.966
4991,61,255,511.172,976.139
4992,110,255,641.082,977.564
4993,42,255,1546.786,976.381
4994,90,255,942.333,978.678
4995,26,255,1013.846,977.269
4996,58,255,1057.103,977.621
4997,75,255,1592.660,980.913
4998,33,255,246.742,977.864
4999,30,255,412.867,978.133
5000,31,255,795.919,977.855
5001,69,255,1381.543,977.920
5002,28,255,350.000,978.500
5003,54,255,615.852,980.259
5004,55,255,681.791,980.100
5005,97,255,849.366,980.438
5006,38,255,964.053,980.000
5007,59,255,1032.703,980.517
5008,117,255,258.833,984.620
5009,58,255,431.672,981.138
5010,33,255,1252.167,979.924
5011,46,255,1280.674,980.152
5012,55,255,1297.500,979.609
5013,41,255,1556.671,979.841
5014,48,255,1582.083,980.375
5015,74,255,360.203,982.324
5016,95,255,737.047,983.974
5017,71,255,117.021,983.007
5018,146,255,654.171,986.836
5019,28,255,812.607,981.964
5020,83,255,1229.343,983.355
5021,33,255,1320.076,981.621
5022,38,255,1330.342,981.263
5023,60,255,1403.150,982.217
5024,68,255,1488.485,983.515
5025,63,255,1519.754,982.452
5026,121,255,460.037,985.087
5027,61,255,803.484,984.926
5028,43,255,984.570,983.802
5029,65,255,1069.454,983.808
5030,42,255,1108.833,983.476
5031,98,255,57.684,985.745
5032,72,255,78.042,985.597
5033,49,255,223.908,985.010
5034,52,255,405.808,985.096
5035,74,255,486.162,986.216
5036,54,255,522.019,985.741
5037,110,255,670.809,988.836
5038,71,255,959.697,987.021
5039,49,255,1045.092,984.480
5040,34,255,787.176,984.882
5041,39,255,935.705,985.731
5042,36,255,1259.500,985.000
5043,60,255,32.333,986.683
5044,54,255,170.167,985.981
5045,96,255,212.740,987.917
5046,37,255,272.959,986.257
5047,41,255,1369.524,985.744
5048,50,255,1421.640,986.400
5049,119,255,1483.508,990.660
5050,65,255,100.331,987.531
5051,65,255,1018.608,988.269
5052,49,255,1180.806,987.765
5053,88,255,714.830,990.523
5054,39,255,2.654,989.808
5055,191,255,190.668,995.961
5056,52,255,386.096,989.885
5057,45,255,497.456,990.233
5058,47,255,814.564,989.543
5059,46,255,1169.957,989.609
5060,30,255,1277.567,990.233
5061,68,255,1334.338,989.515
5062,49,255,148.663,990.071
5063,83,255,593.295,992.175
5064,68,255,689.265,991.324
5065,31,255,889.694,989.790
5066,47,255,1306.585,989.777
5067,103,255,1438.364,992.160
5068,63,255,1524.008,990.563
5069,47,255,1594.287,990.521
5070,50,255,323.500,991.980
5071,80,255,918.438,992.263
5072,44,255,1318.023,991.500
5073,102,255,1398.657,993.304
5074,112,255,244.312,995.259
5075,32,255,515.531,993.125
5076,70,255,555.729,993.343
5077,106,255,627.179,995.085
5078,45,255,778.922,993.056
5079,46,255,1037.957,993.022
5080,75,255,118.300,995.047
5081,60,255,764.283,994.917
5082,60,255,985.283,995.583
5083,39,255,1253.808,994.167
5084,59,255,1421.381,994.585
5085,61,255,373.631,997.713
5086,82,255,436.317,996.927
5087,50,255,1131.320,996.180
5088,50,255,1184.580,996.080
5089,52,255,1380.231,995.885
5090,65,255,1457.162,995.346
5091,167,255,166.572,1000.278
5092,40,255,303.625,997.525
5093,97,255,359.686,997.438
5094,54,255,423.741,996.722
5095,56,255,527.161,996.036
5096,39,255,607.064,996.423
5097,131,255,941.462,999.927
5098,29,255,968.431,995.810
5099,40,255,1271.425,996.925
5100,73,255,1472.815,998.774
5101,76,255,278.263,998.947
5102,42,255,803.524,997.833
5103,39,255,898.423,997.628
5104,43,255,907.593,997.151
5105,36,255,1365.278,996.306
5106,78,255,43.654,998.615
5107,37,255,792.770,999.446
5108,24,255,953.042,997.875
5109,39,255,1030.321,998.090
5110,95,255,206.068,1001.900
5111,50,255,618.960,1000.020
5112,43,255,1076.221,999.291
5113,32,255,1153.375,998.500
5114,98,255,145.990,1002.673
5115,21,255,219.071,999.881
5116,46,255,289.652,1001.500
5117,61,255,714.090,1000.975
5118,73,255,1196.938,1000.199
5119,88,255,1213.807,1001.841
5120,34,255,1526.765,999.676
5121,83,255,24.030,1002.380
5122,51,255,551.167,1002.304
5123,24,255,1259.292,1000.792
5124,29,255,1304.500,1000.500
5125,63,255,1328.659,1002.595
5126,24,255,1356.792,1000.458
5127,46,255,1548.761,1001.913
5128,92,255,66.196,1004.120
5129,65,255,400.823,1003.623
5130,54,255,1006.796,1003.407
5131,39,255,1315.577,1003.423
5132,23,255,1347.065,1003.804
5133,22,255,1538.864,1003.091
5134,26,255,1556.962,1002.654
5135,74,255,84.432,1004.311
5136,68,255,130.912,1005.515
5137,34,255,177.382,1004.794
5138,57,255,331.167,1004.868
5139,57,255,419.167,1004.974
5140,54,255,1408.463,1005.259
5141,20,255,1454.450,1003.600
5142,58,255,461.897,1005.897
5143,102,255,963.353,1008.471
5144,52,255,1030.962,1005.808
5145,119,255,783.592,1008.601
5146,71,255,840.613,1007.148
5147,73,255,1052.158,1007.651
5148,138,255,1069.348,1011.065
5149,34,255,1225.206,1006.118
5150,37,255,255.473,1007.311
5151,61,255,382.139,1007.270
5152,92,255,482.043,1009.413
5153,53,255,850.689,1008.689
5154,31,255,1142.790,1007.629
5155,74,255,1392.351,1008.716
5156,43,255,528.802,1008.500
5157,116,255,667.328,1010.733
5158,88,255,909.511,1008.920
5159,119,255,1097.517,1010.483
5160,43,255,344.872,1009.593
5161,48,255,581.000,1009.500
5162,72,255,1013.472,1010.958
5163,53,255,1175.028,1010.387
5164,26,255,33.615,1009.423
5165,42,255,751.071,1010.024
5166,39,255,1239.346,1010.064
5167,56,255,1276.357,1011.661
5168,28,255,1479.821,1010.179
5169,46,255,211.804,1011.261
5170,61,255,1131.238,1012.943
5171,74,255,1468.568,1011.959
5172,29,255,1488.914,1010.569
5173,36,255,1522.000,1011.667
5174,52,255,765.423,1012.462
5175,42,255,1307.143,1013.524
5176,58,255,1415.690,1013.948
5177,87,255,301.132,1015.247
5178,97,255,600.418,1014.448
5179,47,255,1250.840,1014.628
5180,71,255,1532.669,1014.669
5181,94,255,1548.096,1015.596
5182,106,255,89.660,1018.038
5183,58,255,264.379,1015.103
5184,104,255,1193.250,1016.029
5185,46,255,1589.565,1014.196
5186,46,255,77.848,1016.283
5187,85,255,149.771,1015.771
5188,46,255,353.283,1015.370
5189,68,255,397.471,1016.441
5190,142,255,424.986,1018.331
5191,62,255,834.145,1015.565
5192,45,255,896.700,1016.278
5193,55,255,1315.700,1016.664
5194,26,255,20.692,1016.077
5195,49,255,458.214,1016.459
5196,118,255,535.076,1017.915
5197,38,255,1141.553,1016.079
5198,41,255,1165.744,1016.280
5199,46,255,1206.587,1016.717
5200,39,255,123.987,1016.756
5201,86,255,1116.779,1019.605
5202,30,255,1560.567,1016.667
5203,65,255,170.115,1020.008
5204,32,255,221.875,1017.812
5205,86,255,715.570,1019.337
5206,50,255,855.900,1018.700
5207,95,255,996.184,1020.258
5208,64,255,578.016,1019.188
5209,54,255,774.278,1019.870
5210,35,255,981.271,1018.871
5211,97,255,44.376,1022.521
5212,130,255,558.531,1023.623
5213,100,255,702.570,1023.090
5214,124,255,753.048,1022.573
5215,52,255,800.365,1019.712
5216,52,255,903.788,1020.788
5217,74,255,969.595,1022.095
5218,24,255,1434.542,1020.583
5219,34,255,1460.500,1019.912
5220,38,255,27.421,1021.553
5221,43,255,62.081,1021.640
5222,45,255,137.189,1021.367
5223,24,255,312.375,1020.750
5224,61,255,355.746,1022.287
5225,131,255,488.576,1022.653
5226,52,255,942.981,1021.904
5227,35,255,1425.386,1021.386
5228,63,255,1485.278,1021.754
5229,68,255,244.103,1023.603
5230,21,255,879.357,1021.357
5231,45,255,1085.056,1022.144
5232,92,255,1174.402,1024.130
5233,49,255,1293.378,1022.418
5234,47,255,204.160,1023.989
5235,60,255,614.467,1023.283
5236,57,255,218.763,1024.465
5237,53,255,894.236,1024.821
5238,71,255,1472.500,1024.387
5239,64,255,267.156,1025.844
5240,90,255,588.244,1026.500
5241,28,255,657.429,1025.071
5242,60,255,1143.717,1025.817
5243,21,255,1218.119,1024.452
5244,85,255,254.512,1028.476
5245,93,255,514.285,1029.145
5246,45,255,602.767,1027.211
5247,93,255,1109.941,1028.672
5248,193,255,1279.925,1031.604
5249,52,255,1371.000,1027.750
5250,88,255,1557.648,1028.807
5251,25,255,377.700,1026.740
5252,26,255,803.731,1026.000
5253,119,255,1128.937,1029.752
5254,35,255,116.071,1027.957
5255,75,255,372.473,1032.313
5256,106,255,396.679,1031.094
5257,58,255,1332.707,1029.000
5258,86,255,1503.988,1030.360
5259,51,255,387.029,1030.578
5260,113,255,531.447,1030.836
5261,62,255,736.323,1031.032
5262,85,255,1209.229,1031.182
5263,75,255,568.620,1032.540
5264,181,255,875.273,1033.732
5265,21,255,1440.548,1029.690
5266,54,255,1583.037,1030.000
5267,66,255,66.682,1030.833
5268,79,255,413.500,1032.171
5269,61,255,462.975,1031.910
5270,24,255,982.500,1030.750
5271,50,255,997.180,1031.920
5272,87,255,1050.167,1034.339
5273,110,255,1351.636,1033.773
5274,70,255,1413.200,1031.971
5275,22,255,34.500,1031.000
5276,76,255,1007.434,1035.171
5277,104,255,159.846,1034.885
5278,44,255,180.977,1033.136
5279,68,255,710.118,1034.544
5280,74,255,1077.824,1035.108
5281,61,255,1323.648,1035.500
5282,51,255,79.637,1034.637
5283,48,255,133.312,1034.375
5284,95,255,194.721,1036.847
5285,64,255,620.766,1035.484
5286,25,255,1230.180,1033.860
5287,21,255,1299.881,1032.833
5288,57,255,1383.342,1034.588
5289,41,255,1450.402,1034.402
5290,22,255,723.409,1034.591
5291,166,255,792.343,1038.392
5292,65,255,1086.931,1037.623
5293,40,255,1595.800,1036.075
5294,58,255,115.241,1036.276
5295,135,255,294.033,1038.893
5296,43,255,747.593,1036.640
5297,67,255,921.276,1037.978
5298,60,255,957.567,1037.750
5299,95,255,967.047,1039.795
5300,127,255,1028.925,1038.673
5301,101,255,1189.342,1040.114
5302,49,255,1396.418,1037.031
5303,68,255,582.544,1037.279
5304,81,255,1519.093,1037.858
5305,39,255,30.808,1037.885
5306,102,255,443.627,1041.480
5307,89,255,493.556,1040.287
5308,108,255,1160.667,1040.676
5309,44,255,1534.932,1039.364
5310,79,255,57.449,1040.462
5311,65,255,477.531,1040.115
5312,84,255,597.595,1040.702
5313,73,255,645.623,1040.075
5314,47,255,693.053,1039.670
5315,27,255,836.907,1039.056
5316,38,255,1240.737,1039.395
5317,48,255,1252.771,1039.688
5318,39,255,1309.244,1039.218
5319,64,255,1443.578,1042.578
5320,25,255,1585.540,1038.180
5321,65,255,454.008,1041.085
5322,107,255,1223.808,1042.164
5323,53,255,1407.142,1041.047
5324,124,255,324.944,1043.742
5325,51,255,559.559,1041.324
5326,149,255,894.681,1044.567
5327,50,255,1430.140,1042.600
5328,48,255,1455.500,1042.417
5329,92,255,41.467,1043.848
5330,117,255,274.449,1044.688
5331,48,255,424.646,1043.146
5332,51,255,674.206,1042.931
5333,221,255,766.898,1049.686
5334,220,255,980.514,1048.964
5335,32,255,1492.312,1042.000
5336,57,255,97.991,1044.079
5337,42,255,365.429,1044.000
5338,36,255,378.167,1042.806
5339,69,255,606.775,1045.471
5340,58,255,826.138,1044.621
5341,59,255,1181.093,1044.415
5342,65,255,120.623,1045.500
5343,158,255,534.108,1048.380
5344,60,255,815.817,1045.750
5345,63,255,1132.579,1044.056
5346,58,255,1316.000,1045.845
5347,68,255,1327.324,1047.235
5348,49,255,1470.153,1044.194
5349,59,255,1570.975,1046.246
5350,56,255,228.893,1045.161
5351,65,255,548.331,1046.885
5352,76,255,1272.303,1046.053
5353,32,255,1480.188,1045.156
5354,67,255,950.724,1047.396
5355,22,255,1559.318,1046.136
5356,103,255,916.044,1050.325
5357,88,255,1070.659,1048.341
5358,95,255,256.121,1050.816
5359,67,255,941.231,1050.142
5360,57,255,1519.079,1048.746
5361,113,255,148.491,1051.403
5362,29,255,205.500,1048.638
5363,53,255,1247.311,1049.519
5364,86,255,1387.395,1050.884
5365,22,255,60.909,1049.545
5366,143,255,480.682,1053.206
5367,141,255,1150.621,1055.160
5368,58,255,1421.603,1051.190
5369,27,255,1495.093,1049.426
5370,74,255,1509.622,1052.486
5371,89,255,378.287,1051.579
5372,67,255,1486.455,1054.470
5373,40,255,160.300,1052.450
5374,48,255,245.646,1053.396
5375,125,255,397.772,1055.092
5376,100,255,450.850,1054.580
5377,37,255,460.311,1053.446
5378,73,255,835.363,1053.692
5379,119,255,868.567,1054.803
5380,81,255,1013.056,1053.722
5381,115,255,669.317,1055.448
5382,85,255,1173.147,1054.688
5383,68,255,1218.882,1053.735
5384,62,255,1459.419,1053.613
5385,56,255,1472.214,1053.786
5386,42,255,1551.286,1053.833
5387,113,255,1589.155,1054.562
5388,154,255,228.000,1057.299
5389,70,255,429.000,1055.814
5390,76,255,320.237,1055.684
5391,77,255,500.669,1056.851
5392,157,255,630.978,1058.220
5393,145,255,748.990,1059.100
5394,43,255,948.616,1055.407
5395,75,255,1284.327,1056.007
5396,38,255,1368.237,1055.684
5397,90,255,604.333,1057.822
5398,96,255,885.969,1059.479
5399,80,255,1001.962,1057.963
5400,56,255,1160.714,1058.196
5401,44,255,4.795,1057.841
5402,49,255,102.582,1057.908
5403,52,255,550.481,1057.365
5404,74,255,580.149,1058.351
5405,70,255,793.586,1058.200
5406,133,255,1269.816,1060.598
5407,23,255,1576.543,1056.761
5408,108,255,203.556,1060.565
5409,36,255,307.361,1058.389
5410,91,255,722.027,1059.951
5411,106,255,690.085,1061.349
5412,106,255,1110.123,1061.208
5413,108,255,902.620,1062.509
5414,61,255,594.467,1063.352
5415,143,255,271.955,1066.164
5416,61,255,300.992,1064.484
5417,49,255,412.622,1063.684
5418,92,255,563.598,1064.207
5419,77,255,841.344,1064.318
5420,34,255,1316.176,1062.088
5421,49,255,1333.949,1063.276
5422,28,255,160.786,1062.393
5423,66,255,248.970,1064.000
5424,100,255,532.440,1066.020
5425,116,255,856.190,1065.862
5426,168,255,1038.708,1069.601
5427,54,255,1411.685,1063.981
5428,52,255,1024.885,1064.750
5429,104,255,1304.346,1066.529
5430,165,255,704.373,1068.979
5431,87,255,831.661,1068.086
5432,44,255,979.591,1066.568
5433,36,255,1281.944,1065.806
5434,57,255,1323.535,1066.605
5435,150,255,1441.447,1067.520
5436,20,255,1475.950,1063.850
5437,96,255,136.188,1069.083
5438,29,255,188.500,1065.948
5439,147,255,1196.051,1069.262
5440,61,255,1594.680,1067.352
5441,130,255,77.577,1070.015
5442,74,255,168.000,1069.622
5443,54,255,289.685,1068.907
5444,34,255,338.529,1067.853
5445,106,255,463.226,1070.283
5446,45,255,524.122,1068.100
5447,57,255,1096.605,1067.781
5448,20,255,25.250,1067.050
5449,142,255,874.613,1072.606
5450,119,255,990.979,1071.122
5451,184,255,354.674,1072.848
5452,127,255,642.972,1073.035
5453,138,255,1147.043,1072.565
5454,106,255,1549.425,1073.434
5455,37,255,1575.959,1070.068
5456,25,255,44.100,1070.260
5457,37,255,114.149,1071.257
5458,105,255,180.157,1073.681
5459,28,255,583.179,1071.000
5460,50,255,1128.680,1071.520
5461,42,255,1472.286,1071.143
5462,43,255,207.174,1073.035
5463,111,255,762.302,1074.311
5464,56,255,1227.161,1072.661
5465,33,255,15.833,1072.409
5466,26,255,517.577,1073.308
5467,125,255,657.524,1076.684
5468,137,255,779.230,1076.901
5469,69,255,1102.949,1074.775
5470,132,255,381.462,1077.394
5471,73,255,616.363,1076.295
5472,116,255,673.069,1076.966
5473,89,255,915.185,1076.365
5474,94,255,928.787,1076.989
5475,129,255,1075.841,1077.252
5476,44,255,1465.409,1076.568
5477,53,255,624.858,1076.613
5478,112,255,959.768,1077.429
5479,96,255,1248.115,1077.844
5480,53,255,1388.840,1075.934
5481,36,255,323.944,1077.167
5482,32,255,1063.812,1075.938
5483,93,255,1173.715,1078.855
5484,66,255,221.439,1078.712
5485,72,255,504.958,1079.694
5486,23,255,590.978,1076.543
5487,110,255,1022.509,1080.873
5488,34,255,1353.676,1076.941
5489,52,255,1370.231,1078.019
5490,151,255,1425.268,1081.096
5491,30,255,2.633,1078.267
5492,101,255,540.084,1080.827
5493,139,255,567.155,1084.234
5494,48,255,88.708,1079.354
5495,47,255,830.372,1079.394
5496,82,255,1187.646,1081.037
5497,123,255,469.167,1083.337
5498,128,255,737.891,1083.469
5499,95,255,1046.195,1082.921
5500,94,255,162.213,1082.585
5501,134,255,717.194,1084.104
5502,66,255,1218.455,1082.167
5503,64,255,1571.500,1082.609
5504,29,255,74.672,1081.603
5505,85,255,483.876,1084.806
5506,38,255,821.211,1083.079
5507,31,255,1582.113,1082.016
5508,81,255,102.438,1084.907
5509,21,255,255.310,1082.452
5510,81,255,299.562,1085.093
5511,111,255,414.788,1085.590
5512,82,255,754.317,1085.573
5513,49,255,798.867,1083.500
5514,35,255,1543.871,1083.329
5515,45,255,575.944,1084.967
5516,36,255,593.111,1083.611
5517,31,255,1593.661,1083.726
5518,158,255,26.411,1088.095
5519,37,255,210.932,1085.284
5520,121,255,550.930,1088.095
5521,94,255,974.181,1087.415
5522,54,255,995.056,1085.167
5523,36,255,195.556,1086.833
5524,44,255,287.568,1087.045
5525,101,255,1235.936,1090.025
5526,69,255,1361.761,1087.906
5527,71,255,398.683,1088.796
5528,109,255,454.234,1089.766
5529,41,255,1275.524,1088.549
5530,86,255,363.314,1090.651
5531,124,255,599.895,1091.040
5532,82,255,642.622,1092.061
5533,44,255,763.636,1089.909
5534,123,255,844.776,1090.289
5535,146,255,1090.377,1091.493
5536,115,255,1156.526,1090.448
5537,80,255,1286.688,1091.138
5538,90,255,1385.833,1089.800
5539,81,255,1115.068,1091.068
5540,39,255,1531.141,1091.064
5541,52,255,47.481,1092.365
5542,36,255,433.583,1091.889
5543,80,255,664.050,1092.550
5544,39,255,831.782,1090.859
5545,128,255,958.305,1091.766
5546,105,255,1321.281,1092.976
5547,104,255,1553.615,1092.067
5548,74,255,155.716,1092.581
5549,87,255,257.316,1093.098
5550,42,255,795.405,1092.286
5551,71,255,866.218,1092.613
5552,40,255,175.275,1092.100
5553,70,255,510.929,1093.186
5554,73,255,627.377,1093.651
5555,103,255,1062.063,1094.801
5556,73,255,1220.418,1093.295
5557,34,255,348.147,1093.382
5558,82,255,779.073,1094.988
5559,74,255,808.527,1095.162
5560,67,255,918.903,1094.410
5561,69,255,1194.688,1094.457
5562,43,255,1266.709,1094.547
5563,108,255,211.806,1096.213
5564,40,255,333.775,1094.050
5565,53,255,994.594,1094.821
5566,64,255,418.250,1096.188
5567,75,255,1027.127,1096.500
5568,85,255,1352.876,1096.312
5569,55,255,1578.409,1096.664
5570,54,255,134.111,1096.870
5571,66,255,192.121,1097.061
5572,36,255,441.361,1096.806
5573,40,255,501.275,1096.900
5574,74,255,704.230,1097.000
5575,46,255,946.630,1097.304
5576,54,255,1013.000,1097.130
5577,78,255,1491.436,1096.859
5578,56,255,1129.625,1097.321
5579,34,255,725.294,1097.794
5580,40,255,875.850,1097.825
5581,31,255,167.661,1098.274
5582,31,255,397.629,1098.210
5583,30,255,483.000,1098.100
5584,30,255,532.400,1098.333
5585,35,255,1151.900,1098.157
5586,25,255,1303.780,1098.580
