 ,Area,Mean,X,Y
1,67,255,524.873,2.873
2,36,255,557.278,1.611
3,40,255,580.800,2.125
4,23,255,623.022,1.978
5,45,255,633.767,2.300
6,29,255,656.121,1.879
7,66,255,748.621,3.288
8,48,255,777.646,5.188
9,29,255,815.121,1.224
10,32,255,834.000,1.688
11,41,255,860.500,2.159
12,53,255,898.066,2.085
13,63,255,1011.468,3.833
14,41,255,1029.402,3.183
15,71,255,1073.415,2.585
16,30,255,1096.333,2.800
17,103,255,1127.840,4.238
18,73,255,418.486,4.692
19,73,255,455.130,6.185
20,31,255,490.790,4.758
21,61,255,508.172,5.615
22,35,255,789.129,5.129
23,36,255,1144.972,5.417
24,91,255,402.599,9.159
25,91,255,479.093,7.808
26,83,255,733.440,8.705
27,61,255,762.549,7.025
28,77,255,847.461,6.773
29,47,255,957.074,6.734
30,35,255,996.357,6.014
31,30,255,1111.200,5.700
32,32,255,1158.562,5.281
33,32,255,1267.094,6.250
34,31,255,571.371,8.468
35,100,255,1176.320,11.010
36,57,255,431.763,9.430
37,42,255,815.786,8.310
38,37,255,364.122,11.041
39,24,255,370.375,9.458
40,61,255,897.648,11.582
41,49,255,983.949,11.724
42,42,255,622.690,12.571
43,131,255,918.363,14.935
44,106,255,1197.708,14.972
45,128,255,1257.328,15.117
46,57,255,879.939,14.167
47,29,255,353.397,14.672
48,32,255,632.000,14.000
49,51,255,1151.461,16.559
50,94,255,1240.819,16.372
51,96,255,1274.396,17.396
52,59,255,959.771,16.381
53,48,255,1138.396,16.417
54,23,255,326.500,16.326
55,49,255,892.602,19.827
56,35,255,900.214,19.214
57,43,255,941.360,19.570
58,119,255,1188.718,23.559
59,43,255,1248.105,21.384
60,127,255,262.933,26.193
61,20,255,278.150,20.500
62,49,255,301.031,22.276
63,48,255,735.000,21.583
64,64,255,1167.797,21.719
65,81,255,1227.191,25.611
66,52,255,847.462,25.038
67,114,255,1216.956,27.930
68,116,255,1292.560,30.543
69,60,255,245.367,28.117
70,31,255,938.081,27.565
71,81,255,1245.895,28.920
72,32,255,211.000,28.312
73,29,255,1176.259,28.948
74,120,255,1306.717,33.217
75,36,255,972.250,30.694
76,36,255,235.333,33.778
77,24,255,1084.625,32.833
78,48,255,1148.562,34.479
79,25,255,324.140,33.940
80,33,255,128.015,34.530
81,50,255,171.100,35.040
82,31,255,191.081,35.371
83,40,255,207.125,36.200
84,48,255,288.854,35.167
85,37,255,150.311,36.527
86,155,255,1234.713,40.313
87,21,255,1327.643,35.357
88,39,255,617.782,36.962
89,32,255,104.531,37.875
90,23,255,111.587,37.543
91,45,255,1251.856,41.389
92,20,255,485.800,40.000
93,52,255,168.038,42.750
94,31,255,1351.048,42.597
95,39,255,180.064,44.218
96,75,255,239.447,45.807
97,35,255,1303.900,43.929
98,97,255,60.211,49.036
99,22,255,1331.773,44.455
100,28,255,1385.714,45.929
101,26,255,297.077,48.231
102,71,255,1258.725,48.289
103,22,255,423.000,47.000
104,57,255,9.553,52.219
105,43,255,1311.500,50.965
106,33,255,357.591,50.773
107,59,255,1419.873,52.178
108,49,255,1454.357,51.071
109,75,255,42.127,56.087
110,28,255,561.071,53.286
111,50,255,21.820,54.280
112,50,255,404.000,55.200
113,32,255,973.719,55.406
114,41,255,30.012,56.671
115,27,255,989.500,55.833
116,23,255,1475.978,55.587
117,38,255,200.289,57.868
118,47,255,618.117,59.074
119,44,255,1252.341,56.909
120,22,255,293.409,58.636
121,37,255,308.581,58.473
122,25,255,1195.380,57.580
123,37,255,425.581,59.041
124,25,255,779.900,59.220
125,73,255,1289.897,60.500
126,38,255,209.737,61.316
127,48,255,504.125,62.396
128,41,255,557.622,61.500
129,41,255,1074.524,61.573
130,58,255,833.362,65.397
131,28,255,1471.964,62.071
132,39,255,377.115,63.910
133,28,255,179.143,62.893
134,59,255,493.314,65.246
135,90,255,794.289,68.744
136,24,255,1110.833,67.458
137,99,255,47.874,69.914
138,44,255,541.295,67.750
139,27,255,1458.907,68.759
140,40,255,195.625,72.400
141,29,255,1319.017,71.397
142,29,255,570.914,71.914
143,34,255,552.441,73.471
144,32,255,931.125,73.781
145,48,255,1477.688,75.833
146,48,255,486.208,75.646
147,53,255,628.406,74.236
148,41,255,649.695,74.939
149,32,255,1223.219,74.406
150,37,255,272.662,76.365
151,106,255,505.972,78.679
152,61,255,809.828,78.434
153,44,255,827.773,77.614
154,28,255,253.857,77.750
155,45,255,708.144,78.078
156,26,255,1526.846,77.654
157,109,255,971.830,80.729
158,26,255,1197.615,77.423
159,31,255,42.565,80.435
160,47,255,1115.904,80.947
161,22,255,1249.818,79.818
162,31,255,1538.145,79.984
163,67,255,1554.843,81.828
164,123,255,639.809,84.289
165,20,255,356.050,81.600
166,79,255,475.184,84.703
167,25,255,319.540,83.740
168,26,255,601.154,85.385
169,89,255,822.601,89.860
170,50,255,1205.740,84.080
171,60,255,1576.300,85.050
172,36,255,892.139,86.389
173,35,255,101.129,87.729
174,103,255,838.558,89.257
175,45,255,1133.944,87.256
176,29,255,18.224,87.948
177,60,255,1588.767,89.333
178,41,255,1261.768,90.061
179,74,255,295.892,91.324
180,36,255,436.750,90.250
181,24,255,555.000,90.625
182,50,255,632.380,92.760
183,71,255,1551.345,91.951
184,35,255,1570.414,90.900
185,57,255,779.728,94.342
186,40,255,887.450,93.825
187,45,255,756.100,94.322
188,37,255,198.797,95.338
189,51,255,624.598,95.696
190,37,255,1202.797,95.338
191,117,255,1343.765,99.577
192,48,255,6.854,96.792
193,75,255,481.473,98.900
194,25,255,643.540,97.260
195,44,255,975.159,97.432
196,52,255,854.981,98.808
197,34,255,46.412,98.882
198,34,255,112.206,99.029
199,51,255,728.637,101.441
200,53,255,1258.858,99.745
201,29,255,1478.362,99.224
202,31,255,1281.145,99.726
203,40,255,742.875,101.450
204,64,255,787.406,102.766
205,52,255,37.731,103.288
206,53,255,68.670,101.840
207,23,255,1244.022,101.804
208,39,255,313.372,103.628
209,29,255,435.810,102.259
210,95,255,634.521,105.089
211,104,255,810.346,105.913
212,43,255,6.081,104.640
213,50,255,609.740,105.600
214,33,255,760.773,106.076
215,55,255,845.918,105.645
216,42,255,1004.143,104.810
217,92,255,1019.511,106.207
218,27,255,554.611,104.352
219,120,255,1211.558,108.358
220,37,255,102.041,107.419
221,114,255,522.746,109.956
222,39,255,87.577,109.885
223,85,255,337.735,110.618
224,65,255,746.700,110.562
225,20,255,777.250,107.750
226,57,255,829.026,109.167
227,29,255,594.052,110.086
228,43,255,646.616,109.616
229,59,255,49.025,112.212
230,147,255,460.099,114.765
231,26,255,281.615,111.538
232,142,255,1101.521,114.873
233,176,255,325.409,117.852
234,29,255,157.431,113.776
235,55,255,604.900,114.755
236,48,255,1082.062,113.042
237,84,255,1126.964,114.976
238,122,255,13.074,119.516
239,35,255,780.557,113.929
240,40,255,925.375,114.750
241,34,255,104.618,115.912
242,23,255,347.413,116.065
243,77,255,416.734,117.799
244,130,255,627.362,120.246
245,56,255,1278.964,117.839
246,34,255,1544.324,117.147
247,39,255,1555.167,118.654
248,27,255,252.907,117.685
249,79,255,830.854,119.576
250,50,255,310.700,120.960
251,75,255,597.273,122.780
252,31,255,1075.145,119.532
253,88,255,77.875,122.330
254,43,255,113.849,120.314
255,43,255,979.942,120.570
256,121,255,543.946,124.409
257,164,255,725.280,126.122
258,21,255,61.405,121.786
259,34,255,155.000,122.147
260,110,255,791.564,124.809
261,21,255,925.167,122.119
262,20,255,1135.200,122.450
263,27,255,242.019,123.204
264,57,255,294.868,124.167
265,62,255,284.290,125.790
266,83,255,809.355,126.753
267,71,255,179.711,127.458
268,27,255,1564.907,124.574
269,66,255,335.788,128.045
270,28,255,386.893,128.214
271,23,255,516.109,125.413
272,35,255,932.671,126.986
273,90,255,50.944,130.411
274,55,255,164.391,127.500
275,31,255,250.790,127.210
276,77,255,451.981,128.006
277,42,255,1302.143,129.952
278,43,255,1417.360,129.547
279,35,255,153.443,128.900
280,69,255,426.587,132.080
281,33,255,62.076,130.076
282,62,255,638.097,132.532
283,39,255,225.731,132.321
284,72,255,368.000,132.958
285,109,255,522.628,134.427
286,94,255,986.617,135.096
287,91,255,1408.929,134.863
288,50,255,33.920,134.460
289,131,255,292.401,137.294
290,137,255,506.916,135.828
291,74,255,581.730,134.689
292,112,255,761.902,137.473
293,70,255,342.229,136.329
294,41,255,593.744,136.012
295,116,255,87.940,138.483
296,20,255,140.950,135.600
297,55,255,253.755,137.155
298,27,255,375.907,136.537
299,103,255,437.762,138.413
300,142,255,537.085,139.648
301,75,255,392.993,140.527
302,107,255,464.416,139.921
303,101,255,494.025,140.421
304,91,255,607.038,139.368
305,80,255,173.125,139.912
306,124,255,480.621,141.363
307,82,255,657.439,140.512
308,22,255,695.818,137.636
309,40,255,1066.100,138.175
310,126,255,1293.294,142.389
311,51,255,572.304,141.500
312,133,255,681.139,142.989
313,35,255,783.757,139.271
314,38,255,967.105,140.000
315,26,255,1188.038,138.885
316,104,255,1439.260,141.846
317,51,255,13.873,141.402
318,92,255,551.489,142.761
319,83,255,731.235,142.524
320,91,255,744.973,143.940
321,42,255,1592.143,141.429
322,73,255,331.377,142.856
323,62,255,452.726,142.774
324,63,255,640.690,143.071
325,52,255,1392.635,142.481
326,39,255,246.756,142.064
327,65,255,584.715,142.777
328,68,255,801.103,144.250
329,37,255,614.581,143.851
330,55,255,1358.173,144.336
331,37,255,158.743,144.959
332,21,255,217.786,144.643
333,93,255,560.898,146.500
334,38,255,777.947,144.711
335,123,255,1181.516,148.598
336,31,255,1583.758,144.145
337,87,255,314.810,146.615
338,104,255,667.933,148.029
339,34,255,625.735,146.853
340,39,255,948.038,146.782
341,128,255,1007.000,149.500
342,78,255,1068.692,148.885
343,42,255,1530.262,146.405
344,158,255,125.804,151.190
345,31,255,648.887,147.177
346,89,255,1109.601,148.770
347,40,255,1237.000,148.000
348,72,255,180.389,149.792
349,95,255,260.384,150.542
350,85,255,433.782,149.865
351,38,255,598.447,148.132
352,118,255,91.890,151.644
353,42,255,571.190,149.429
354,63,255,879.881,150.929
355,70,255,337.400,151.929
356,62,255,348.613,151.129
357,50,255,364.960,151.300
358,49,255,1365.010,152.398
359,97,255,8.974,154.325
360,82,255,225.305,153.805
361,20,255,270.150,151.650
362,110,255,416.700,154.627
363,182,255,1029.852,157.016
364,33,255,41.652,152.591
365,167,255,55.003,156.608
366,96,255,106.146,155.250
367,65,255,523.854,153.085
368,55,255,621.445,156.064
369,93,255,1047.909,153.306
370,41,255,1127.232,153.622
371,49,255,1245.990,153.786
372,115,255,582.474,156.491
373,87,255,507.925,156.810
374,107,255,632.107,158.079
375,94,255,652.064,157.585
376,51,255,847.931,155.029
377,21,255,859.262,153.786
378,35,255,1448.471,154.557
379,113,255,143.420,158.137
380,34,255,445.735,155.676
381,64,255,719.031,157.141
382,112,255,798.518,158.786
383,42,255,1084.071,156.381
384,73,255,1412.623,156.979
385,109,255,204.583,159.693
386,115,255,987.883,158.970
387,84,255,235.262,160.131
388,116,255,393.845,160.000
389,191,255,534.861,164.223
390,54,255,1465.611,158.093
391,79,255,289.500,159.943
392,101,255,595.777,161.054
393,132,255,740.030,162.227
394,33,255,1109.530,157.833
395,119,255,1146.013,160.819
396,46,255,276.891,159.457
397,20,255,612.400,158.450
398,119,255,1378.971,161.895
399,54,255,83.185,164.241
400,97,255,433.541,161.706
401,48,255,559.208,161.354
402,112,255,819.491,164.241
403,176,255,872.670,165.193
404,74,255,945.797,162.878
405,73,255,1259.801,161.500
406,66,255,1299.333,161.773
407,44,255,34.909,161.841
408,164,255,474.695,165.866
409,72,255,496.250,163.056
410,103,255,770.947,162.189
411,65,255,1589.515,162.808
412,83,255,75.151,164.476
413,30,255,1354.367,162.800
414,116,255,171.724,166.336
415,135,255,683.833,165.500
416,225,255,832.233,170.700
417,139,255,963.435,166.435
418,92,255,308.120,166.696
419,83,255,100.512,167.367
420,94,255,226.191,168.011
421,118,255,451.669,166.492
422,218,255,854.294,172.349
423,34,255,1405.912,165.000
424,104,255,189.058,167.635
425,153,255,258.376,170.101
426,88,255,361.182,168.216
427,46,255,658.391,167.739
428,85,255,1003.429,168.124
429,38,255,347.474,167.263
430,49,255,26.582,168.990
431,132,255,1110.129,171.720
432,51,255,1157.696,168.637
433,42,255,1444.476,168.690
434,43,255,501.779,170.756
435,81,255,513.920,171.463
436,135,255,1078.470,171.841
437,41,255,1230.841,170.280
438,100,255,1250.490,171.030
439,64,255,991.141,170.734
440,58,255,1314.655,171.707
441,87,255,1328.017,171.603
442,27,255,1402.796,170.722
443,100,255,273.090,174.260
444,81,255,591.389,172.969
445,115,255,1057.935,174.126
446,159,255,205.921,175.865
447,81,255,392.796,174.154
448,88,255,702.807,174.614
449,68,255,1143.691,173.441
450,75,255,1215.540,173.860
451,66,255,293.848,174.030
452,79,255,613.070,174.361
453,151,255,668.295,178.036
454,64,255,683.875,175.406
455,81,255,774.463,174.525
456,109,255,1024.931,176.573
457,84,255,115.619,176.762
458,43,255,158.523,175.291
459,61,255,184.975,176.074
460,93,255,1091.543,177.457
461,88,255,1154.864,178.784
462,108,255,1202.843,179.269
463,35,255,493.957,177.443
464,90,255,936.756,179.256
465,54,255,1130.259,176.704
466,133,255,343.816,180.064
467,46,255,452.370,177.413
468,37,255,569.878,177.122
469,82,255,925.378,179.866
470,25,255,1410.900,176.460
471,98,255,649.592,180.224
472,91,255,1299.434,179.709
473,24,255,1346.667,177.417
474,63,255,365.833,180.659
475,84,255,519.690,181.762
476,36,255,578.639,179.111
477,90,255,1168.044,181.389
478,76,255,1366.618,180.855
479,84,255,137.048,182.262
480,144,255,536.451,184.326
481,68,255,738.250,181.353
482,85,255,1224.465,181.712
483,124,255,59.637,186.306
484,98,255,71.857,183.276
485,68,255,409.426,181.529
486,128,255,751.836,185.883
487,134,255,1396.888,185.231
488,77,255,47.188,184.422
489,42,255,151.548,183.190
490,145,255,330.410,187.569
491,82,255,620.659,184.146
492,135,255,1192.293,185.433
493,110,255,1327.855,184.373
494,53,255,1433.179,183.406
495,109,255,31.445,186.050
496,25,255,166.380,183.540
497,128,255,226.531,185.789
498,20,255,380.000,182.500
499,69,255,972.268,185.935
500,80,255,1040.950,184.938
501,66,255,105.833,185.818
502,39,255,284.141,185.526
503,153,255,727.526,189.493
504,74,255,896.838,186.297
505,36,255,1538.639,183.889
506,153,255,181.892,188.134
507,50,255,416.340,189.120
508,93,255,824.898,187.737
509,93,255,990.113,187.704
510,130,255,311.785,188.338
511,98,255,426.786,189.316
512,58,255,1093.517,187.086
513,24,255,1276.000,185.333
514,77,255,1587.708,187.851
515,99,255,240.803,190.167
516,68,255,598.544,188.985
517,134,255,6.813,192.896
518,97,255,703.438,190.448
519,37,255,785.500,187.986
520,82,255,1052.683,189.780
521,77,255,157.318,190.591
522,130,255,1023.931,192.377
523,63,255,1158.833,190.563
524,102,255,1239.147,191.745
525,74,255,1286.176,190.284
526,79,255,78.500,193.057
527,146,255,263.534,192.630
528,52,255,466.442,190.385
529,45,255,1296.189,190.611
530,123,255,1360.687,193.232
531,139,255,375.745,195.615
532,85,255,481.488,192.535
533,93,255,883.855,192.941
534,59,255,1105.568,192.297
535,21,255,1528.929,190.405
536,56,255,1123.411,192.518
537,69,255,1316.558,194.239
538,153,255,1479.082,196.755
539,52,255,453.288,193.615
540,216,255,1006.292,199.542
541,73,255,1172.308,194.897
542,60,255,1378.183,194.350
543,120,255,145.408,197.525
544,98,255,571.398,196.306
545,82,255,669.463,196.049
546,42,255,763.452,194.810
547,51,255,1075.578,196.147
548,81,255,1207.006,196.562
549,38,255,657.921,195.105
550,31,255,963.855,196.274
551,104,255,1274.971,197.587
552,46,255,1548.630,198.022
553,88,255,194.034,199.148
554,156,255,774.301,201.776
555,101,255,855.579,198.084
556,126,255,981.016,199.381
557,76,255,1113.987,198.513
558,55,255,21.791,198.755
559,28,255,1390.893,196.679
560,44,255,106.682,198.455
561,73,255,229.377,199.363
562,72,255,590.583,200.361
563,33,255,786.833,198.773
564,21,255,55.643,198.119
565,125,255,308.596,202.524
566,95,255,361.268,201.732
567,61,255,613.877,200.352
568,82,255,821.134,200.512
569,125,255,1582.628,202.404
570,91,255,42.709,202.434
571,72,255,90.083,201.917
572,87,255,559.557,202.971
573,127,255,493.972,203.870
574,73,255,550.322,204.432
575,100,255,627.110,203.380
576,83,255,1183.789,202.319
577,111,255,1297.725,203.950
578,51,255,99.794,203.716
579,83,255,803.837,203.729
580,84,255,1161.988,203.988
581,88,255,387.398,204.773
582,35,255,727.786,203.557
583,85,255,757.182,204.971
584,95,255,872.911,204.795
585,93,255,931.102,204.715
586,121,255,1334.384,206.417
587,129,255,1387.841,207.267
588,178,255,1416.185,205.955
589,37,255,136.284,204.743
590,131,255,186.416,208.851
591,30,255,469.300,203.100
592,90,255,539.667,206.578
593,69,255,719.297,205.819
594,95,255,1098.332,207.289
595,157,255,1133.621,209.748
596,104,255,1359.615,207.558
597,98,255,518.663,210.765
598,83,255,691.404,208.151
599,72,255,952.833,208.819
600,35,255,994.614,207.529
601,97,255,1218.129,208.490
602,164,255,1249.799,210.476
603,36,255,1309.194,206.056
604,153,255,1432.997,210.873
605,54,255,207.796,208.278
606,92,255,1033.000,208.652
607,102,255,1078.863,209.696
608,72,255,1149.597,209.819
609,115,255,247.691,211.161
610,63,255,286.278,208.929
611,54,255,568.574,209.370
612,131,255,662.187,211.676
613,101,255,908.876,210.292
614,63,255,1596.325,209.881
615,97,255,844.902,211.077
616,50,255,261.960,211.140
617,84,255,578.024,212.476
618,122,255,644.344,213.951
619,111,255,818.293,215.185
620,70,255,28.986,212.329
621,36,255,437.556,211.333
622,95,255,702.763,213.942
623,114,255,790.851,213.395
624,69,255,1060.109,212.370
625,32,255,1325.188,211.719
626,28,255,1370.321,211.607
627,93,255,220.371,214.306
628,46,255,356.565,213.500
629,101,255,675.282,215.401
630,82,255,885.341,213.805
631,145,255,979.190,215.472
632,83,255,1474.416,213.645
633,58,255,73.931,213.603
634,36,255,153.306,213.306
635,118,255,201.136,216.763
636,107,255,1489.388,216.173
637,82,255,342.720,216.256
638,146,255,45.260,220.432
639,49,255,90.337,215.990
640,55,255,802.591,217.209
641,152,255,923.408,220.868
642,20,255,929.650,214.250
643,156,255,1287.718,220.295
644,101,255,1565.015,218.698
645,46,255,538.609,217.065
646,86,255,752.709,218.860
647,152,255,771.125,220.875
648,69,255,871.529,218.688
649,126,255,15.365,220.905
650,38,255,507.447,219.158
651,42,255,1086.976,218.024
652,40,255,1155.525,218.475
653,53,255,149.047,220.500
654,61,255,326.648,219.844
655,105,255,405.614,221.833
656,62,255,461.000,220.516
657,92,255,1112.913,221.348
658,95,255,1184.426,222.511
659,36,255,1236.222,219.722
660,86,255,1359.000,220.733
661,82,255,238.878,222.000
662,102,255,619.549,222.520
663,59,255,840.602,220.907
664,86,255,895.709,222.384
665,107,255,1193.780,225.780
666,72,255,1408.431,223.569
667,61,255,1470.500,221.631
668,59,255,1596.534,221.144
669,77,255,264.084,222.578
670,21,255,1051.262,221.024
671,98,255,1305.337,223.612
672,63,255,1335.532,223.516
673,31,255,1415.403,221.694
674,117,255,1453.047,224.021
675,82,255,1513.134,222.622
676,29,255,1526.190,221.052
677,102,255,1036.392,224.412
678,83,255,1212.404,224.416
679,78,255,302.718,225.244
680,23,255,1374.717,222.978
681,102,255,1393.657,225.804
682,97,255,1579.768,225.747
683,112,255,182.804,226.812
684,47,255,117.138,226.649
685,105,255,605.300,227.214
686,96,255,724.125,227.281
687,75,255,745.407,227.633
688,136,255,958.934,230.235
689,60,255,1433.600,226.533
690,44,255,64.750,227.750
691,120,255,160.967,229.500
692,91,255,1060.038,226.577
693,89,255,74.545,229.803
694,155,255,427.990,231.184
695,91,255,874.148,229.038
696,57,255,274.781,228.605
697,109,255,497.427,231.115
698,41,255,653.622,229.256
699,136,255,694.618,231.301
700,77,255,793.799,230.136
701,61,255,1143.926,230.156
702,94,255,1492.255,230.798
703,79,255,200.310,231.741
704,86,255,544.093,230.779
705,100,255,582.110,233.310
706,34,255,833.029,229.412
707,86,255,1130.616,230.430
708,130,255,1230.623,233.092
709,102,255,1561.922,231.422
710,69,255,713.080,231.920
711,111,255,847.842,233.131
712,52,255,992.712,231.538
713,92,255,1528.359,232.065
714,151,255,29.831,236.129
715,110,255,471.564,233.291
716,92,255,562.076,233.750
717,110,255,1253.436,233.673
718,107,255,1344.874,233.743
719,29,255,4.707,232.741
720,96,255,15.062,234.812
721,52,255,91.288,233.346
722,26,255,1368.308,232.115
723,47,255,1419.606,233.649
724,97,255,1477.912,234.933
725,121,255,314.640,236.285
726,106,255,383.934,235.340
727,65,255,825.285,235.192
728,75,255,1025.580,234.527
729,68,255,54.971,235.618
730,29,255,243.603,234.328
731,99,255,258.258,236.460
732,41,255,459.598,234.988
733,134,255,671.097,238.269
734,73,255,944.418,235.856
735,85,255,1296.618,236.018
736,51,255,1460.422,235.520
737,122,255,354.975,238.631
738,72,255,597.931,236.764
739,89,255,908.039,237.601
740,49,255,1188.745,236.541
741,47,255,506.585,237.543
742,71,255,572.810,238.486
743,83,255,643.645,237.560
744,65,255,898.115,238.500
745,45,255,999.167,237.033
746,74,255,1040.568,237.568
747,71,255,524.754,239.852
748,92,255,1084.098,238.750
749,112,255,330.616,240.562
750,63,255,1314.468,238.944
751,101,255,1397.906,240.698
752,104,255,1453.462,242.163
753,75,255,1579.527,238.753
754,88,255,721.466,241.795
755,50,255,139.100,241.320
756,35,255,1007.957,240.729
757,87,255,1204.339,241.810
758,38,255,1588.395,241.000
759,109,255,66.913,244.069
760,165,255,170.833,246.736
761,70,255,452.471,242.743
762,92,255,534.870,244.565
763,53,255,655.915,241.349
764,92,255,799.924,243.228
765,99,255,1157.944,243.419
766,46,255,1512.522,241.370
767,31,255,49.855,242.694
768,132,255,224.144,246.205
769,121,255,812.335,245.764
770,59,255,831.551,243.500
771,32,255,1471.875,242.188
772,82,255,1524.854,243.902
773,85,255,118.182,244.418
774,26,255,243.000,243.692
775,107,255,477.537,246.734
776,70,255,515.514,245.371
777,101,255,1127.302,245.708
778,39,255,1259.962,243.782
779,202,255,1359.812,248.500
780,167,255,1491.973,248.584
781,109,255,270.390,246.986
782,105,255,291.767,246.548
783,23,255,366.413,243.935
784,55,255,731.518,245.336
785,89,255,925.702,246.803
786,79,255,979.715,246.272
787,129,255,1100.647,246.492
788,51,255,1218.559,245.284
789,52,255,618.750,245.769
790,72,255,856.653,246.361
791,57,255,886.307,246.868
792,72,255,1439.236,247.208
793,74,255,103.257,248.514
794,103,255,204.510,248.684
795,57,255,493.149,248.132
796,74,255,590.959,247.270
797,90,255,749.467,247.967
798,91,255,1284.654,248.280
799,141,255,1386.252,250.337
800,36,255,1579.667,246.167
801,32,255,413.250,246.625
802,75,255,1054.380,248.793
803,39,255,78.987,248.141
804,143,255,551.066,250.136
805,148,255,610.568,252.399
806,102,255,630.402,250.255
807,104,255,662.538,250.962
808,67,255,706.381,249.769
809,72,255,872.528,249.583
810,50,255,1011.100,248.540
811,60,255,1478.400,249.383
812,22,255,1542.591,247.409
813,85,255,912.018,250.841
814,85,255,1209.229,251.547
815,83,255,1504.548,251.958
816,128,255,9.203,253.281
817,123,255,182.939,253.329
818,90,255,443.444,252.133
819,74,255,680.230,251.716
820,84,255,1167.036,252.405
821,131,255,1338.615,254.050
822,111,255,1429.113,253.230
823,92,255,1183.663,253.076
824,75,255,1321.380,252.887
825,58,255,1401.483,253.121
826,57,255,37.026,253.570
827,36,255,501.806,253.639
828,58,255,584.328,253.345
829,39,255,737.654,253.115
830,54,255,964.352,254.167
831,60,255,1514.383,254.550
832,20,255,394.000,252.000
833,59,255,772.381,253.619
834,73,255,823.336,253.897
835,58,255,974.862,254.259
836,46,255,990.087,253.696
837,53,255,1309.274,254.142
838,66,255,1581.530,254.742
839,155,255,152.965,257.365
840,111,255,897.473,256.824
841,56,255,1072.661,255.696
842,108,255,1297.046,257.389
843,147,255,758.459,261.167
844,95,255,1550.868,258.574
845,112,255,81.107,260.616
846,49,255,1009.561,256.214
847,104,255,1563.481,258.846
848,54,255,57.019,258.667
849,75,255,794.980,258.820
850,75,255,1247.847,258.540
851,148,255,576.074,262.264
852,24,255,1051.417,257.375
853,74,255,93.892,260.932
854,162,255,1230.185,264.198
855,89,255,1475.219,260.579
856,157,255,464.099,265.131
857,82,255,706.415,261.146
858,127,255,1030.807,262.839
859,98,255,1118.551,262.694
860,115,255,854.291,263.996
861,44,255,1062.136,262.091
862,102,255,998.000,264.735
863,137,255,1150.296,265.011
864,114,255,1378.825,264.868
865,32,255,1584.406,262.938
866,100,255,219.900,265.200
867,96,255,236.802,265.125
868,69,255,524.471,265.225
869,99,255,939.025,265.247
870,76,255,1167.632,265.553
871,147,255,1188.514,265.813
872,73,255,1316.226,263.678
873,21,255,1491.452,261.548
874,115,255,122.422,267.039
875,21,255,186.643,263.500
876,132,255,196.470,268.318
877,60,255,301.733,264.517
878,85,255,349.594,265.335
879,95,255,841.068,267.058
880,24,255,1573.500,264.167
881,33,255,27.106,266.045
882,66,255,137.000,266.364
883,89,255,265.399,267.084
884,90,255,275.356,267.356
885,67,255,376.828,267.022
886,26,255,516.500,264.846
887,62,255,690.371,266.419
888,92,255,1391.478,268.207
889,38,255,503.000,266.895
890,56,255,781.250,267.054
891,103,255,879.820,268.694
892,56,255,1250.482,268.536
893,62,255,1443.613,268.242
894,124,255,1592.379,270.952
895,117,255,9.081,270.987
896,86,255,330.907,270.709
897,66,255,413.136,270.227
898,72,255,451.194,270.472
899,89,255,654.039,270.343
900,143,255,1065.626,272.073
901,26,255,1213.500,268.000
902,61,255,318.549,270.549
903,50,255,588.360,270.360
904,51,255,701.775,269.794
905,83,255,35.946,272.416
906,131,255,102.378,275.706
907,121,255,723.434,275.351
908,107,255,830.668,273.790
909,188,255,72.319,277.457
910,207,255,168.403,275.490
911,105,255,922.690,273.100
912,123,255,1350.687,274.102
913,38,255,1428.447,271.816
914,36,255,421.028,272.806
915,124,255,629.968,274.621
916,53,255,1154.934,273.877
917,27,255,1491.352,272.093
918,70,255,111.629,275.500
919,59,255,146.924,273.975
920,53,255,543.557,274.689
921,133,255,678.034,275.914
922,48,255,711.458,274.729
923,59,255,805.822,274.788
924,117,255,1120.466,276.842
925,37,255,290.716,275.176
926,29,255,553.569,274.914
927,82,255,647.756,277.829
928,112,255,783.616,278.098
929,25,255,1050.340,274.420
930,64,255,1095.312,276.031
931,87,255,1406.075,278.006
932,35,255,1435.529,275.471
933,140,255,55.407,281.179
934,92,255,487.598,278.141
935,27,255,512.722,276.500
936,107,255,22.322,279.079
937,206,255,133.631,282.704
938,69,255,954.094,278.819
939,81,255,1206.179,278.315
940,40,255,1482.850,277.375
941,75,255,587.673,279.420
942,93,255,814.242,280.005
943,79,255,1337.297,280.108
944,98,255,1459.071,280.704
945,117,255,452.457,281.483
946,59,255,505.280,280.839
947,100,255,667.570,282.240
948,89,255,1013.747,280.848
949,140,255,1244.800,283.271
950,72,255,301.333,282.250
951,85,255,892.076,281.382
952,105,255,234.100,283.633
953,140,255,289.429,284.900
954,112,255,320.509,283.286
955,94,255,613.181,283.883
956,125,255,936.588,284.236
957,53,255,1039.009,282.726
958,79,255,1415.677,283.981
959,81,255,1523.969,283.377
960,87,255,1533.247,283.190
961,63,255,402.500,283.214
962,100,255,711.700,284.280
963,44,255,1083.682,283.227
964,22,255,1103.864,282.091
965,127,255,1168.531,285.138
966,128,255,1371.203,286.836
967,66,255,1427.879,284.515
968,95,255,1228.258,285.605
969,121,255,262.665,286.938
970,105,255,762.643,286.100
971,40,255,923.725,284.725
972,50,255,1583.300,285.700
973,43,255,178.477,285.849
974,91,255,471.753,286.467
975,105,255,521.090,288.167
976,80,255,597.250,287.075
977,36,255,165.083,286.278
978,95,255,220.447,288.742
979,93,255,430.855,287.844
980,109,255,686.408,289.372
981,134,255,800.493,289.299
982,57,255,1355.974,286.570
983,130,255,1571.531,289.546
984,101,255,372.658,289.094
985,150,255,632.020,290.773
986,152,255,877.737,291.822
987,57,255,1145.816,287.640
988,133,255,1203.545,291.553
989,74,255,1326.554,289.027
990,103,255,1500.684,289.655
991,36,255,1559.583,287.833
992,75,255,81.220,289.020
993,84,255,857.131,289.488
994,54,255,1294.648,289.519
995,63,255,1382.437,291.929
996,94,255,1475.830,288.915
997,131,255,348.912,292.989
998,67,255,579.843,290.784
999,72,255,1087.375,292.472
1000,81,255,656.944,291.722
1001,33,255,775.864,290.591
1002,36,255,1097.972,291.667
1003,106,255,199.830,293.406
1004,183,255,832.090,296.910
1005,108,255,1073.028,293.963
1006,150,255,1251.540,295.667
1007,29,255,1046.914,292.086
1008,102,255,1341.637,295.265
1009,105,255,46.767,295.681
1010,62,255,71.839,294.565
1011,89,255,118.556,294.770
1012,58,255,566.793,294.569
1013,37,255,1555.824,294.635
1014,37,255,442.500,295.014
1015,64,255,961.625,296.359
1016,114,255,994.377,296.526
1017,42,255,1153.310,295.786
1018,108,255,1479.796,297.370
1019,88,255,7.011,298.341
1020,84,255,542.738,297.464
1021,162,255,612.716,300.235
1022,99,255,710.197,297.106
1023,116,255,813.043,298.914
1024,127,255,1519.138,299.689
1025,74,255,512.297,299.027
1026,63,255,666.722,298.833
1027,119,255,743.811,299.315
1028,93,255,1131.081,300.371
1029,57,255,154.272,299.254
1030,91,255,234.863,299.896
1031,125,255,265.092,301.380
1032,172,255,330.814,300.174
1033,101,255,369.035,300.639
1034,95,255,422.237,300.363
1035,34,255,1311.206,298.059
1036,125,255,1549.220,301.876
1037,88,255,454.455,301.000
1038,99,255,479.369,301.217
1039,48,255,679.646,300.688
1040,38,255,780.132,300.368
1041,54,255,857.685,299.537
1042,133,255,33.222,305.560
1043,78,255,99.500,302.936
1044,112,255,396.214,303.036
1045,63,255,905.627,301.913
1046,126,255,972.056,304.778
1047,127,255,1035.862,306.500
1048,153,255,1142.428,306.559
1049,71,255,1268.486,302.725
1050,126,255,1414.444,303.270
1051,37,255,870.014,301.608
1052,68,255,915.706,303.265
1053,62,255,931.000,302.855
1054,88,255,1159.330,303.784
1055,87,255,1045.282,303.994
1056,89,255,573.489,305.084
1057,89,255,434.478,305.646
1058,104,255,724.577,306.163
1059,122,255,1206.648,306.844
1060,99,255,1278.348,306.874
1061,41,255,1374.329,305.793
1062,78,255,1495.077,306.154
1063,27,255,384.611,305.463
1064,89,255,509.197,309.826
1065,103,255,535.510,308.189
1066,121,255,771.293,308.574
1067,75,255,1177.567,307.620
1068,91,255,242.852,309.148
1069,28,255,444.321,306.393
1070,95,255,1224.226,308.847
1071,46,255,89.370,308.000
1072,99,255,286.874,310.348
1073,154,255,754.714,311.630
1074,111,255,854.320,309.599
1075,100,255,999.470,309.430
1076,48,255,1309.000,306.979
1077,97,255,1590.108,309.758
1078,133,255,181.801,314.019
1079,93,255,220.220,309.833
1080,94,255,550.053,310.532
1081,63,255,1502.198,310.770
1082,83,255,1532.343,310.572
1083,91,255,78.786,311.467
1084,162,255,131.914,314.099
1085,93,255,208.016,312.263
1086,96,255,581.510,311.833
1087,97,255,1188.448,312.036
1088,79,255,192.677,312.209
1089,95,255,300.174,312.089
1090,44,255,493.136,310.750
1091,114,255,700.026,313.272
1092,113,255,1235.420,313.270
1093,68,255,1298.044,311.662
1094,110,255,1436.227,312.445
1095,74,255,1470.432,312.905
1096,92,255,110.370,313.348
1097,67,255,457.754,312.172
1098,72,255,602.111,312.403
1099,99,255,894.045,313.035
1100,37,255,1577.554,311.068
1101,68,255,170.294,314.647
1102,50,255,405.200,312.880
1103,97,255,522.634,314.572
1104,78,255,908.051,313.115
1105,140,255,1118.914,316.100
1106,114,255,1316.342,315.719
1107,95,255,157.405,315.426
1108,75,255,628.313,314.900
1109,117,255,1388.927,316.936
1110,143,255,806.052,317.115
1111,109,255,936.922,316.417
1112,92,255,1344.457,317.685
1113,23,255,1356.152,314.500
1114,149,255,1516.768,318.963
1115,70,255,47.371,316.371
1116,142,255,253.099,318.775
1117,75,255,1021.460,319.087
1118,52,255,5.135,317.827
1119,88,255,63.795,317.932
1120,58,255,613.276,317.638
1121,73,255,393.527,318.377
1122,45,255,833.589,319.322
1123,115,255,969.926,320.917
1124,93,255,1360.296,321.489
1125,68,255,1446.324,320.338
1126,110,255,338.527,321.600
1127,33,255,1068.803,319.712
1128,117,255,737.739,323.150
1129,76,255,1462.605,322.092
1130,33,255,268.803,320.682
1131,77,255,301.175,323.396
1132,86,255,653.558,323.349
1133,126,255,1549.627,324.738
1134,109,255,1568.115,323.665
1135,155,255,869.919,325.016
1136,45,255,1031.433,323.322
1137,60,255,1075.633,323.250
1138,59,255,1532.619,324.144
1139,23,255,402.065,323.848
1140,136,255,466.632,327.588
1141,42,255,778.048,324.976
1142,36,255,1038.472,323.500
1143,112,255,1267.482,325.875
1144,96,255,34.833,328.521
1145,41,255,442.061,325.354
1146,96,255,638.219,326.531
1147,115,255,1423.613,327.230
1148,119,255,425.618,327.441
1149,65,255,506.377,326.131
1150,79,255,556.462,326.196
1151,100,255,587.160,328.750
1152,85,255,600.594,326.429
1153,125,255,1189.172,327.452
1154,36,255,1239.639,324.889
1155,115,255,1496.883,327.813
1156,74,255,110.568,327.635
1157,146,255,356.144,330.952
1158,99,255,928.864,328.096
1159,87,255,955.178,328.029
1160,131,255,1144.370,329.004
1161,127,255,1217.783,329.193
1162,127,255,318.539,330.398
1163,97,255,380.211,329.366
1164,119,255,675.391,329.450
1165,127,255,822.894,329.752
1166,38,255,1230.526,327.895
1167,75,255,1310.460,328.033
1168,85,255,450.653,330.524
1169,56,255,1060.500,328.500
1170,106,255,1173.425,331.868
1171,135,255,1402.204,331.441
1172,55,255,75.609,330.082
1173,99,255,272.207,331.025
1174,117,255,571.432,331.526
1175,107,255,796.491,332.154
1176,187,255,1092.152,333.618
1177,126,255,1374.063,332.437
1178,140,255,124.907,334.114
1179,23,255,154.457,330.239
1180,69,255,208.181,332.007
1181,80,255,623.138,331.988
1182,43,255,1011.640,331.081
1183,82,255,99.890,333.585
1184,52,255,403.885,332.462
1185,116,255,510.319,336.397
1186,44,255,2.273,334.000
1187,76,255,416.908,335.263
1188,78,255,649.064,334.295
1189,25,255,715.420,332.540
1190,123,255,984.183,335.443
1191,54,255,1343.222,333.093
1192,48,255,24.896,335.125
1193,43,255,199.593,336.128
1194,73,255,492.171,334.788
1195,39,255,964.808,334.244
1196,53,255,1568.500,333.274
1197,162,255,55.494,338.630
1198,24,255,144.042,334.625
1199,116,255,174.552,336.569
1200,75,255,190.407,335.780
1201,99,255,728.005,337.268
1202,112,255,852.580,336.455
1203,80,255,899.200,335.562
1204,21,255,1031.500,333.357
1205,98,255,1237.163,335.918
1206,83,255,1041.307,337.127
1207,103,255,1068.917,337.665
1208,97,255,1117.820,337.644
1209,20,255,1541.800,335.100
1210,68,255,261.353,337.838
1211,108,255,337.981,337.880
1212,111,255,544.959,339.878
1213,92,255,835.337,338.315
1214,120,255,1276.217,338.542
1215,92,255,1533.641,338.891
1216,49,255,427.724,337.031
1217,139,255,809.162,340.867
1218,78,255,881.115,338.718
1219,85,255,1021.724,339.524
1220,114,255,1251.114,339.886
1221,108,255,220.361,340.981
1222,42,255,87.167,339.929
1223,56,255,630.143,340.732
1224,131,255,1356.996,342.989
1225,54,255,80.167,342.444
1226,89,255,161.624,342.118
1227,129,255,529.128,343.399
1228,87,255,706.431,343.259
1229,88,255,941.534,342.125
1230,61,255,1294.484,341.402
1231,105,255,1306.319,343.110
1232,36,255,1455.694,340.306
1233,113,255,1557.500,343.341
1234,68,255,298.456,342.603
1235,107,255,689.126,343.575
1236,184,255,915.043,345.766
1237,106,255,1591.255,343.613
1238,94,255,39.798,345.117
1239,120,255,484.275,344.500
1240,61,255,582.041,343.795
1241,79,255,557.778,345.335
1242,166,255,741.633,347.494
1243,53,255,65.047,345.462
1244,90,255,377.756,345.278
1245,55,255,463.809,344.373
1246,73,255,609.130,345.267
1247,161,255,776.550,348.929
1248,111,255,1186.194,346.842
1249,102,255,206.157,347.784
1250,48,255,764.042,346.396
1251,102,255,832.078,348.696
1252,85,255,1148.406,347.947
1253,67,255,1372.709,346.470
1254,71,255,23.246,346.937
1255,99,255,309.015,349.621
1256,73,255,359.295,347.253
1257,52,255,620.038,347.962
1258,96,255,889.156,348.583
1259,138,255,1101.225,351.130
1260,95,255,149.805,348.974
1261,79,255,240.943,349.019
1262,85,255,413.924,349.194
1263,94,255,718.457,349.245
1264,133,255,1465.981,350.793
1265,122,255,252.918,352.557
1266,77,255,457.565,350.747
1267,92,255,1157.239,351.043
1268,84,255,1203.583,350.881
1269,145,255,1320.190,353.879
1270,52,255,1483.923,349.692
1271,103,255,1515.160,351.209
1272,99,255,875.652,352.308
1273,128,255,999.719,352.672
1274,92,255,1077.707,351.902
1275,137,255,1279.639,353.245
1276,130,255,1494.608,353.415
1277,69,255,3.051,353.036
1278,158,255,278.835,355.544
1279,126,255,1031.444,352.659
1280,55,255,1137.991,351.573
1281,132,255,1537.326,353.614
1282,82,255,75.951,353.024
1283,41,255,122.841,352.524
1284,82,255,372.098,353.232
1285,95,255,1259.668,353.521
1286,99,255,475.338,354.278
1287,93,255,645.457,354.435
1288,125,255,662.108,357.188
1289,56,255,686.268,353.161
1290,44,255,940.318,351.636
1291,79,255,1065.449,354.272
1292,62,255,955.145,353.726
1293,39,255,1115.218,354.038
1294,66,255,1170.833,356.015
1295,132,255,1235.295,356.561
1296,119,255,1451.029,356.147
1297,80,255,170.213,355.150
1298,115,255,392.935,357.022
1299,83,255,1576.801,358.211
1300,81,255,1087.340,360.241
1301,92,255,1212.065,359.304
1302,55,255,51.991,359.355
1303,118,255,141.008,361.415
1304,84,255,229.476,361.024
1305,76,255,317.697,359.474
1306,72,255,587.472,360.056
1307,115,255,627.448,360.361
1308,119,255,677.643,361.878
1309,50,255,59.500,361.420
1310,33,255,151.803,359.591
1311,95,255,802.100,361.626
1312,98,255,1416.561,362.051
1313,94,255,358.532,362.649
1314,70,255,401.900,361.757
1315,81,255,546.673,361.796
1316,146,255,704.712,363.514
1317,125,255,820.276,363.292
1318,46,255,933.130,361.130
1319,85,255,1406.806,363.876
1320,61,255,190.484,362.631
1321,29,255,290.190,361.500
1322,116,255,439.647,365.871
1323,43,255,514.965,361.174
1324,119,255,727.550,364.130
1325,92,255,954.685,362.163
1326,86,255,1263.453,363.221
1327,80,255,1353.400,362.637
1328,55,255,597.118,364.064
1329,43,255,616.895,364.244
1330,137,255,1303.901,365.223
1331,98,255,1395.724,365.582
1332,137,255,178.288,367.033
1333,39,255,1132.885,363.038
1334,98,255,95.633,366.296
1335,79,255,299.095,366.146
1336,63,255,309.865,365.944
1337,109,255,339.904,366.583
1338,71,255,653.289,366.739
1339,87,255,1201.178,366.052
1340,46,255,9.652,366.478
1341,113,255,39.261,368.102
1342,70,255,565.000,368.257
1343,106,255,576.670,367.953
1344,21,255,644.500,364.833
1345,187,255,1506.441,370.206
1346,119,255,114.155,369.113
1347,68,255,451.471,367.441
1348,97,255,495.108,369.046
1349,65,255,532.054,369.269
1350,32,255,1168.406,366.562
1351,46,255,1342.543,368.413
1352,56,255,515.179,368.768
1353,63,255,605.849,369.024
1354,186,255,852.054,373.065
1355,118,255,1030.136,370.839
1356,44,255,1447.545,367.909
1357,52,255,1549.558,369.346
1358,203,255,86.249,376.520
1359,80,255,942.575,371.075
1360,114,255,1223.509,372.553
1361,69,255,1235.746,370.645
1362,92,255,1366.130,372.348
1363,45,255,829.811,371.211
1364,126,255,874.413,373.246
1365,150,255,982.087,374.313
1366,94,255,1052.064,375.149
1367,36,255,1060.889,370.917
1368,101,255,1188.450,372.916
1369,84,255,1247.381,371.857
1370,39,255,1574.731,370.295
1371,66,255,130.061,371.909
1372,106,255,428.142,374.406
1373,28,255,459.429,371.786
1374,87,255,469.948,373.718
1375,52,255,2.346,374.538
1376,81,255,274.648,374.315
1377,90,255,1119.856,375.056
1378,108,255,1473.111,375.380
1379,68,255,252.912,374.471
1380,83,255,813.560,375.596
1381,122,255,1094.451,376.156
1382,122,255,1351.164,376.672
1383,36,255,1453.694,374.500
1384,82,255,1557.634,375.402
1385,79,255,19.108,376.019
1386,101,255,319.797,376.351
1387,146,255,377.253,376.514
1388,58,255,400.000,374.069
1389,33,255,994.530,374.348
1390,97,255,1591.593,376.954
1391,160,255,666.938,377.863
1392,133,255,204.808,380.169
1393,22,255,802.773,376.000
1394,80,255,1069.775,377.750
1395,54,255,1168.315,376.444
1396,182,255,1522.203,383.044
1397,78,255,452.962,378.808
1398,34,255,516.500,377.088
1399,65,255,754.731,378.546
1400,81,255,337.525,379.389
1401,37,255,1322.662,378.743
1402,50,255,539.900,379.880
1403,95,255,683.542,381.574
1404,81,255,1082.364,381.772
1405,86,255,1336.558,381.419
1406,30,255,1598.267,380.767
1407,75,255,235.300,382.193
1408,59,255,527.686,381.076
1409,63,255,1255.167,381.722
1410,64,255,286.672,382.406
1411,106,255,390.660,384.264
1412,26,255,503.769,383.115
1413,51,255,648.873,381.480
1414,57,255,777.939,383.044
1415,38,255,929.868,381.421
1416,115,255,951.152,384.230
1417,99,255,999.015,383.510
1418,123,255,1147.841,384.435
1419,90,255,1276.678,383.167
1420,84,255,1300.095,382.976
1421,115,255,1422.726,384.665
1422,38,255,127.605,382.368
1423,87,255,139.052,383.948
1424,98,255,299.786,384.653
1425,73,255,624.089,383.144
1426,40,255,1124.775,382.425
1427,61,255,216.008,384.205
1428,70,255,246.757,384.700
1429,89,255,406.365,384.837
1430,193,255,483.443,386.754
1431,97,255,867.479,385.160
1432,138,255,901.123,385.384
1433,116,255,1246.638,387.483
1434,120,255,709.342,387.233
1435,99,255,735.944,386.419
1436,133,255,1375.996,387.350
1437,92,255,1488.304,386.815
1438,114,255,269.132,389.088
1439,91,255,434.885,388.390
1440,75,255,601.340,388.087
1441,27,255,823.315,385.537
1442,68,255,1136.721,388.235
1443,96,255,1468.250,388.875
1444,51,255,1566.735,387.127
1445,41,255,562.671,388.232
1446,82,255,1203.646,389.476
1447,75,255,8.220,389.860
1448,165,255,49.506,393.664
1449,61,255,366.254,389.402
1450,93,255,551.414,390.661
1451,32,255,1436.250,388.594
1452,70,255,129.443,390.729
1453,122,255,169.877,391.697
1454,33,255,539.197,388.803
1455,51,255,1326.049,390.931
1456,137,255,509.588,395.354
1457,93,255,611.070,393.199
1458,120,255,759.308,393.000
1459,36,255,784.250,390.667
1460,140,255,921.386,393.536
1461,83,255,1115.392,391.910
1462,72,255,347.014,391.903
1463,114,255,641.053,392.956
1464,88,255,721.966,393.773
1465,152,255,1540.934,395.099
1466,64,255,527.062,392.688
1467,58,255,957.241,393.328
1468,75,255,1159.073,394.420
1469,81,255,1212.698,395.340
1470,98,255,1314.714,394.561
1471,78,255,94.577,395.321
1472,48,255,300.250,393.271
1473,53,255,935.387,394.028
1474,72,255,1264.111,394.681
1475,74,255,30.892,395.432
1476,75,255,628.260,395.887
1477,86,255,855.756,395.651
1478,86,255,1284.326,396.791
1479,64,255,1294.953,396.281
1480,131,255,1447.187,397.561
1481,68,255,1499.794,395.235
1482,94,255,421.170,397.606
1483,45,255,470.144,396.411
1484,111,255,658.860,399.671
1485,31,255,1042.081,394.952
1486,86,255,1178.465,396.767
1487,136,255,68.044,399.206
1488,114,255,117.228,400.404
1489,31,255,154.081,396.210
1490,114,255,323.035,398.904
1491,116,255,689.647,399.198
1492,78,255,968.308,398.564
1493,57,255,1032.202,398.202
1494,26,255,533.885,398.154
1495,98,255,675.235,399.153
1496,53,255,1053.689,398.104
1497,51,255,374.441,398.657
1498,84,255,1349.429,399.357
1499,70,255,1394.157,400.243
1500,103,255,579.209,401.471
1501,51,255,746.853,400.069
1502,24,255,787.792,398.542
1503,117,255,901.491,401.483
1504,40,255,1103.675,399.775
1505,29,255,1254.086,399.466
1506,85,255,1582.841,400.700
1507,95,255,104.784,403.247
1508,48,255,519.417,402.062
1509,33,255,699.470,400.379
1510,31,255,1167.726,399.823
1511,29,255,297.672,400.845
1512,41,255,346.256,401.037
1513,84,255,1018.298,402.845
1514,111,255,1529.977,404.392
1515,74,255,135.527,404.054
1516,75,255,187.220,403.767
1517,82,255,357.646,406.537
1518,47,255,1043.266,403.926
1519,93,255,1080.242,404.306
1520,45,255,336.522,405.189
1521,74,255,449.014,404.784
1522,39,255,637.064,403.833
1523,83,255,865.476,405.235
1524,153,255,1120.827,406.114
1525,89,255,1144.062,405.500
1526,120,255,1562.850,405.867
1527,94,255,146.777,406.968
1528,73,255,310.596,406.404
1529,164,255,592.213,409.402
1530,141,255,211.415,409.670
1531,45,255,740.367,406.056
1532,39,255,761.269,404.987
1533,100,255,885.690,406.890
1534,93,255,1336.005,408.317
1535,88,255,1365.239,407.193
1536,121,255,1504.351,407.616
1537,39,255,1595.064,405.577
1538,106,255,406.000,408.462
1539,50,255,794.540,407.200
1540,42,255,86.500,408.000
1541,54,255,248.444,406.926
1542,59,255,783.805,408.602
1543,94,255,838.330,409.755
1544,108,255,982.750,412.824
1545,37,255,1054.932,407.770
1546,57,255,1165.167,408.430
1547,65,255,1380.177,408.931
1548,106,255,1477.745,409.358
1549,113,255,274.004,411.111
1550,87,255,456.879,410.109
1551,46,255,471.217,408.761
1552,71,255,705.289,409.246
1553,93,255,824.995,410.435
1554,97,255,854.005,410.809
1555,104,255,952.904,410.375
1556,51,255,970.225,409.049
1557,95,255,369.268,411.721
1558,86,255,494.837,411.837
1559,73,255,810.774,411.418
1560,65,255,22.700,411.346
1561,60,255,537.317,411.167
1562,64,255,570.688,411.750
1563,76,255,1237.276,411.474
1564,34,255,1354.765,411.882
1565,54,255,1390.352,411.185
1566,40,255,198.975,411.850
1567,23,255,293.978,410.891
1568,43,255,1016.593,411.709
1569,96,255,1206.927,412.990
1570,39,255,1347.782,411.346
1571,72,255,259.014,414.333
1572,39,255,630.962,412.269
1573,101,255,1249.361,415.094
1574,82,255,347.305,415.500
1575,141,255,383.947,416.720
1576,79,255,512.829,415.576
1577,129,255,38.120,417.167
1578,145,255,133.341,418.362
1579,98,255,184.286,415.980
1580,71,255,283.711,415.894
1581,56,255,618.518,415.411
1582,97,255,744.696,416.675
1583,83,255,903.633,415.994
1584,112,255,1460.768,416.500
1585,36,255,75.639,414.889
1586,96,255,716.260,417.542
1587,81,255,762.204,416.981
1588,108,255,773.565,417.620
1589,37,255,880.095,415.878
1590,71,255,301.176,417.979
1591,77,255,473.474,416.643
1592,110,255,331.518,420.509
1593,41,255,889.866,418.402
1594,101,255,1081.094,419.936
1595,49,255,1412.316,417.398
1596,32,255,17.156,418.219
1597,21,255,1155.262,417.548
1598,127,255,1301.886,422.343
1599,99,255,97.944,421.470
1600,77,255,434.357,421.461
1601,44,255,819.955,418.545
1602,47,255,1011.351,420.500
1603,107,255,1492.631,422.220
1604,92,255,1506.576,421.283
1605,114,255,1580.193,421.465
1606,71,255,1596.218,422.866
1607,47,255,320.223,421.415
1608,120,255,449.383,423.083
1609,112,255,677.339,422.732
1610,78,255,872.846,422.308
1611,80,255,914.600,422.312
1612,72,255,1044.125,421.639
1613,99,255,1139.955,422.551
1614,76,255,1270.895,421.566
1615,96,255,544.000,423.500
1616,100,255,631.870,423.070
1617,62,255,1230.919,422.210
1618,81,255,1344.154,422.685
1619,109,255,1427.950,423.674
1620,75,255,233.660,424.607
1621,25,255,255.180,422.260
1622,72,255,1033.625,427.222
1623,36,255,507.333,424.944
1624,189,255,1171.833,427.971
1625,46,255,82.717,424.065
1626,156,255,557.635,430.404
1627,83,255,573.729,425.367
1628,144,255,699.708,426.799
1629,116,255,1255.828,427.431
1630,93,255,589.629,427.016
1631,149,255,851.111,428.748
1632,31,255,1414.726,425.661
1633,94,255,1476.160,427.383
1634,23,255,2.152,426.109
1635,98,255,154.041,429.184
1636,33,255,163.955,427.318
1637,103,255,171.345,430.024
1638,109,255,370.271,429.261
1639,72,255,716.792,426.944
1640,130,255,1201.700,430.246
1641,101,255,1541.054,429.332
1642,50,255,50.920,427.160
1643,123,255,421.955,430.825
1644,122,255,933.221,429.877
1645,68,255,997.750,428.662
1646,75,255,1061.327,428.873
1647,90,255,1333.411,429.611
1648,30,255,76.367,428.000
1649,113,255,612.261,431.217
1650,85,255,790.853,429.665
1651,64,255,1021.578,430.047
1652,108,255,1464.546,431.870
1653,115,255,95.222,432.091
1654,70,255,189.743,430.371
1655,110,255,318.955,431.982
1656,54,255,821.185,429.944
1657,114,255,961.596,432.053
1658,67,255,1095.067,430.201
1659,85,255,1282.747,431.865
1660,96,255,1394.979,431.375
1661,20,255,65.150,429.750
1662,37,255,120.338,430.986
1663,86,255,219.826,432.907
1664,69,255,260.239,432.471
1665,77,255,666.552,433.526
1666,125,255,732.172,434.348
1667,81,255,777.006,432.500
1668,79,255,807.880,433.234
1669,79,255,285.082,435.373
1670,64,255,306.500,433.719
1671,193,255,1367.127,437.142
1672,88,255,1553.386,434.386
1673,147,255,21.942,437.765
1674,140,255,135.257,436.021
1675,55,255,462.882,434.609
1676,105,255,490.452,435.062
1677,88,255,657.932,435.648
1678,83,255,833.970,435.271
1679,103,255,1234.063,436.112
1680,143,255,1310.458,436.906
1681,81,255,1407.019,435.463
1682,57,255,523.044,435.675
1683,110,255,536.355,436.055
1684,56,255,896.589,435.018
1685,78,255,229.218,437.244
1686,79,255,241.981,436.171
1687,119,255,271.298,438.576
1688,86,255,1124.640,437.221
1689,78,255,1427.679,437.808
1690,43,255,1529.500,436.709
1691,28,255,639.071,436.071
1692,62,255,687.306,437.613
1693,79,255,1112.601,438.386
1694,119,255,1501.458,439.508
1695,72,255,984.583,438.028
1696,88,255,1043.818,439.977
1697,58,255,204.483,440.690
1698,77,255,1094.760,439.240
1699,105,255,1592.738,440.614
1700,32,255,196.219,440.406
1701,125,255,713.988,441.308
1702,147,255,75.738,441.663
1703,75,255,618.140,441.940
1704,88,255,793.773,441.682
1705,66,255,823.212,441.742
1706,87,255,905.408,442.270
1707,58,255,1190.724,441.983
1708,80,255,1221.713,442.075
1709,91,255,1326.676,442.104
1710,106,255,644.896,443.811
1711,110,255,891.982,444.882
1712,46,255,1207.761,441.630
1713,56,255,500.732,442.607
1714,82,255,742.622,443.439
1715,122,255,1173.418,447.525
1716,29,255,475.224,443.534
1717,81,255,810.401,444.957
1718,42,255,1181.071,444.190
1719,87,255,1514.293,445.155
1720,87,255,353.454,445.638
1721,176,255,366.778,449.693
1722,26,255,404.731,444.808
1723,32,255,860.312,444.656
1724,169,255,1142.885,447.423
1725,121,255,1350.831,446.674
1726,43,255,1451.360,444.919
1727,61,255,142.402,446.156
1728,85,255,187.735,447.159
1729,87,255,216.557,447.190
1730,73,255,382.500,447.240
1731,52,255,926.769,446.519
1732,78,255,9.000,447.500
1733,83,255,121.295,448.127
1734,45,255,300.944,446.611
1735,109,255,450.023,448.619
1736,91,255,695.126,448.577
1737,76,255,848.645,447.921
1738,102,255,1268.549,449.676
1739,100,255,32.780,449.910
1740,99,255,575.631,450.066
1741,85,255,665.453,448.947
1742,78,255,1256.795,449.051
1743,62,255,1406.468,447.952
1744,46,255,91.696,448.652
1745,150,255,867.760,451.613
1746,91,255,983.775,450.775
1747,30,255,1554.133,448.133
1748,88,255,323.216,451.011
1749,80,255,596.737,450.613
1750,116,255,780.224,451.793
1751,64,255,245.109,451.875
1752,81,255,1523.870,452.562
1753,91,255,525.346,452.984
1754,56,255,681.786,452.464
1755,125,255,936.780,455.428
1756,101,255,997.163,454.520
1757,135,255,1198.596,455.944
1758,20,255,1284.850,450.650
1759,99,255,1484.399,453.268
1760,48,255,60.396,453.271
1761,74,255,256.459,454.081
1762,89,255,1079.208,453.365
1763,101,255,1295.480,454.282
1764,85,255,1398.300,454.018
1765,110,255,1577.864,454.736
1766,37,255,46.608,453.392
1767,57,255,111.553,453.447
1768,36,255,232.889,453.306
1769,110,255,483.673,455.027
1770,97,255,511.737,455.314
1771,98,255,1019.357,456.541
1772,102,255,1371.480,455.451
1773,78,255,605.872,456.603
1774,104,255,958.529,456.923
1775,107,255,1415.752,457.079
1776,84,255,392.202,458.226
1777,83,255,902.813,456.982
1778,28,255,1010.250,455.107
1779,84,255,1053.702,457.012
1780,54,255,281.185,457.278
1781,99,255,303.551,458.449
1782,109,255,645.482,459.050
1783,83,255,922.211,458.175
1784,27,255,1.944,457.278
1785,106,255,136.094,459.840
1786,35,255,212.500,456.700
1787,97,255,736.851,459.119
1788,140,255,430.100,461.057
1789,104,255,793.577,461.144
1790,101,255,1097.748,460.074
1791,100,255,316.150,462.830
1792,51,255,853.049,459.559
1793,89,255,1257.702,460.882
1794,79,255,1442.032,461.006
1795,65,255,1463.408,460.208
1796,71,255,8.415,461.570
1797,66,255,45.182,462.076
1798,35,255,54.586,460.129
1799,82,255,189.951,462.415
1800,38,255,230.632,459.895
1801,149,255,408.017,464.453
1802,69,255,75.007,462.746
1803,71,255,177.021,462.486
1804,72,255,556.361,462.028
1805,26,255,1039.192,460.385
1806,96,255,1181.979,463.250
1807,84,255,1310.321,463.607
1808,120,255,1333.392,464.142
1809,65,255,1350.177,463.423
1810,54,255,624.852,464.093
1811,37,255,981.743,463.122
1812,181,255,1161.406,466.831
1813,137,255,1522.193,465.500
1814,91,255,1584.467,466.280
1815,70,255,219.000,466.057
1816,182,255,350.143,469.099
1817,82,255,467.659,466.793
1818,87,255,479.282,466.879
1819,118,255,525.144,467.297
1820,78,255,672.231,466.949
1821,85,255,947.547,466.124
1822,38,255,1004.895,464.211
1823,106,255,1394.009,466.915
1824,69,255,762.442,467.688
1825,64,255,167.000,467.859
1826,20,255,659.950,466.200
1827,50,255,909.000,466.460
1828,78,255,1451.256,468.038
1829,46,255,29.500,467.587
1830,80,255,379.312,469.250
1831,149,255,870.554,470.211
1832,90,255,1067.244,469.533
1833,119,255,684.811,470.912
1834,111,255,817.113,470.446
1835,150,255,1358.040,473.193
1836,90,255,1564.567,470.267
1837,20,255,147.700,468.450
1838,135,255,268.767,475.381
1839,57,255,334.307,470.553
1840,39,255,545.269,470.295
1841,100,255,726.990,472.270
1842,105,255,1278.205,471.862
1843,56,255,121.964,471.357
1844,106,255,600.349,472.406
1845,58,255,737.362,472.069
1846,23,255,1013.935,470.717
1847,23,255,1103.500,469.500
1848,85,255,1264.829,472.465
1849,32,255,38.500,471.312
1850,77,255,425.513,472.591
1851,51,255,795.304,472.696
1852,87,255,1126.420,473.730
1853,68,255,1594.559,473.691
1854,100,255,111.840,475.430
1855,84,255,291.786,474.321
1856,71,255,459.176,473.768
1857,60,255,569.250,473.867
1858,69,255,750.920,472.862
1859,71,255,787.585,474.613
1860,60,255,1053.717,473.250
1861,73,255,1498.390,473.733
1862,154,255,191.591,476.974
1863,100,255,369.970,475.940
1864,183,255,972.593,478.811
1865,48,255,1000.083,473.979
1866,89,255,1241.219,475.522
1867,59,255,162.432,475.788
1868,101,255,635.450,476.975
1869,139,255,1082.068,477.428
1870,38,255,1484.711,474.658
1871,48,255,1573.667,475.854
1872,84,255,150.952,477.548
1873,96,255,247.406,477.750
1874,28,255,400.607,474.714
1875,109,255,491.950,477.528
1876,114,255,1468.947,478.377
1877,90,255,556.322,478.011
1878,79,255,651.766,477.576
1879,91,255,1102.962,478.049
1880,78,255,1293.705,478.167
1881,68,255,1309.088,477.059
1882,74,255,69.459,478.730
1883,55,255,234.627,478.627
1884,61,255,323.582,477.844
1885,93,255,1520.048,478.930
1886,53,255,139.915,479.991
1887,106,255,522.906,480.302
1888,46,255,1024.522,478.500
1889,81,255,1059.389,481.525
1890,86,255,1117.058,480.965
1891,123,255,1414.874,481.476
1892,161,255,612.537,484.835
1893,20,255,666.400,478.200
1894,120,255,1183.417,482.692
1895,35,255,37.271,480.329
1896,145,255,95.141,485.879
1897,101,255,392.312,482.114
1898,38,255,1043.816,480.421
1899,128,255,1214.258,482.375
1900,70,255,1232.857,481.957
1901,134,255,1543.687,483.284
1902,42,255,448.667,481.167
1903,90,255,809.011,483.767
1904,69,255,224.717,483.645
1905,47,255,685.309,482.245
1906,102,255,1141.853,484.382
1907,46,255,1275.761,482.630
1908,39,255,1167.628,483.526
1909,34,255,5.618,485.971
1910,81,255,18.796,485.673
1911,99,255,205.520,487.187
1912,65,255,731.515,485.485
1913,104,255,774.240,486.615
1914,70,255,842.771,485.829
1915,75,255,886.167,486.420
1916,80,255,895.225,486.137
1917,106,255,1429.434,487.292
1918,44,255,1480.136,485.909
1919,105,255,1503.138,486.548
1920,21,255,173.119,484.500
1921,59,255,279.534,486.059
1922,120,255,699.675,488.725
1923,73,255,1303.432,486.705
1924,107,255,1328.547,487.491
1925,43,255,576.477,486.988
1926,33,255,1039.106,486.015
1927,107,255,1375.995,489.407
1928,76,255,1389.250,486.921
1929,73,255,378.144,488.568
1930,50,255,1579.940,488.120
1931,109,255,503.124,491.243
1932,34,255,913.000,489.147
1933,39,255,1020.423,490.141
1934,86,255,1314.640,492.116
1935,94,255,861.096,492.383
1936,104,255,934.385,491.990
1937,98,255,1253.786,492.418
1938,29,255,1469.534,489.948
1939,88,255,1558.682,492.193
1940,87,255,182.201,493.707
1941,163,255,449.739,494.758
1942,127,255,476.217,494.744
1943,143,255,1126.346,497.360
1944,54,255,1440.315,493.259
1945,149,255,118.983,496.634
1946,63,255,160.944,493.548
1947,79,255,1005.538,495.196
1948,63,255,1227.008,492.167
1949,75,255,494.047,496.127
1950,100,255,688.120,497.140
1951,51,255,840.480,493.755
1952,67,255,995.664,495.575
1953,63,255,78.579,495.611
1954,107,255,318.500,495.706
1955,33,255,460.803,494.197
1956,104,255,829.404,496.596
1957,45,255,971.344,495.367
1958,66,255,1105.364,495.364
1959,84,255,21.881,496.405
1960,99,255,56.652,498.116
1961,95,255,143.289,497.037
1962,103,255,173.131,500.005
1963,136,255,299.735,498.051
1964,127,255,728.902,498.736
1965,107,255,1147.659,497.491
1966,125,255,279.660,499.060
1967,43,255,395.151,496.733
1968,58,255,1162.259,497.603
1969,186,255,1294.177,501.769
1970,98,255,1342.020,499.071
1971,64,255,90.578,498.469
1972,70,255,652.700,498.829
1973,79,255,811.297,499.905
1974,41,255,908.354,497.768
1975,169,255,955.157,501.760
1976,96,255,1328.990,500.188
1977,69,255,1388.123,498.543
1978,101,255,1548.262,499.946
1979,136,255,524.287,501.456
1980,62,255,1014.548,499.839
1981,67,255,1354.187,499.500
1982,42,255,563.619,499.810
1983,58,255,1058.948,500.069
1984,81,255,1246.377,501.623
1985,75,255,47.220,502.340
1986,74,255,386.392,501.324
1987,46,255,855.239,500.652
1988,109,255,871.757,503.243
1989,83,255,1398.163,502.524
1990,78,255,1593.551,502.513
1991,79,255,67.829,503.095
1992,89,255,263.051,502.882
1993,41,255,462.500,501.085
1994,58,255,593.069,502.224
1995,109,255,768.775,503.537
1996,32,255,898.938,502.344
1997,108,255,1233.565,504.435
1998,79,255,1494.133,502.728
1999,83,255,238.572,503.548
2000,66,255,603.924,504.030
2001,101,255,1052.827,505.589
2002,27,255,132.056,502.944
2003,116,255,210.190,505.828
2004,133,255,424.041,506.492
2005,90,255,663.222,505.822
2006,133,255,989.372,506.643
2007,111,255,1069.950,505.941
2008,148,255,1277.047,507.865
2009,84,255,1506.964,505.690
2010,125,255,1564.564,505.892
2011,80,255,4.125,506.675
2012,51,255,197.324,505.892
2013,53,255,314.085,504.613
2014,83,255,886.066,505.476
2015,131,255,1195.355,507.706
2016,109,255,335.234,507.794
2017,84,255,914.845,507.238
2018,165,255,937.227,509.452
2019,66,255,1182.030,506.106
2020,97,255,1426.448,507.263
2021,54,255,126.074,507.222
2022,66,255,444.439,508.379
2023,106,255,508.142,507.981
2024,70,255,1523.971,507.329
2025,36,255,302.167,506.750
2026,40,255,365.850,507.950
2027,66,255,33.394,509.409
2028,79,255,145.310,509.563
2029,82,255,1355.671,509.220
2030,146,255,101.815,513.370
2031,105,255,617.919,511.405
2032,111,255,1034.239,511.734
2033,65,255,1094.577,510.423
2034,98,255,1406.367,512.071
2035,98,255,1441.510,511.867
2036,105,255,322.538,513.500
2037,87,255,570.029,511.971
2038,67,255,595.231,511.231
2039,26,255,1018.731,510.115
2040,43,255,1475.221,510.221
2041,109,255,376.647,514.197
2042,45,255,843.589,511.789
2043,80,255,1215.100,513.500
2044,40,255,1454.450,511.650
2045,70,255,1495.857,511.757
2046,54,255,346.463,514.259
2047,91,255,977.357,514.489
2048,51,255,1111.912,513.069
2049,85,255,1119.794,515.594
2050,106,255,1223.906,516.321
2051,85,255,179.971,515.676
2052,113,255,258.394,515.500
2053,45,255,450.789,514.256
2054,65,255,718.454,514.485
2055,94,255,746.670,516.149
2056,102,255,782.745,515.843
2057,105,255,1240.338,515.881
2058,112,255,921.312,518.161
2059,109,255,1527.261,518.170
2060,48,255,401.438,516.708
2061,62,255,558.516,516.403
2062,36,255,729.778,516.250
2063,83,255,247.488,519.476
2064,147,255,820.037,519.711
2065,42,255,1074.952,517.262
2066,99,255,416.955,520.056
2067,69,255,509.297,518.123
2068,78,255,1478.910,518.590
2069,26,255,194.808,517.462
2070,128,255,859.578,521.773
2071,59,255,1020.602,518.856
2072,105,255,1593.452,522.005
2073,47,255,638.287,520.032
2074,79,255,1066.120,521.437
2075,60,255,1332.067,520.283
2076,73,255,1378.390,520.842
2077,26,255,297.500,519.000
2078,57,255,1043.500,521.781
2079,107,255,76.435,523.911
2080,153,255,280.703,524.062
2081,39,255,666.423,522.474
2082,146,255,705.836,526.418
2083,64,255,1560.531,523.844
2084,60,255,1164.500,524.350
2085,58,255,1432.655,522.586
2086,76,255,1450.421,524.053
2087,32,255,156.125,524.125
2088,112,255,540.482,525.500
2089,104,255,835.779,526.144
2090,30,255,1274.000,523.500
2091,58,255,135.603,524.914
2092,85,255,169.665,526.088
2093,73,255,342.788,525.692
2094,128,255,885.531,526.664
2095,36,255,992.361,524.083
2096,94,255,1387.840,527.479
2097,31,255,581.339,526.500
2098,109,255,684.876,527.702
2099,113,255,1494.358,527.978
2100,78,255,38.654,529.910
2101,146,255,203.671,529.397
2102,125,255,355.972,529.668
2103,178,255,499.697,531.416
2104,93,255,1015.769,528.167
2105,126,255,1180.262,529.056
2106,81,255,1341.302,529.463
2107,84,255,1461.083,528.702
2108,62,255,1538.500,527.887
2109,70,255,99.771,528.471
2110,95,255,327.437,529.921
2111,148,255,556.372,531.777
2112,34,255,939.147,527.206
2113,116,255,1327.017,531.155
2114,66,255,50.136,529.364
2115,71,255,271.303,530.754
2116,146,255,461.829,531.671
2117,141,255,611.982,531.975
2118,68,255,1290.868,530.191
2119,75,255,1351.473,531.233
2120,126,255,658.095,533.103
2121,64,255,903.562,529.281
2122,148,255,1364.736,532.878
2123,229,255,781.522,535.570
2124,163,255,1406.426,532.690
2125,41,255,1551.915,530.524
2126,23,255,1.457,532.152
2127,166,255,800.476,536.181
2128,60,255,1130.417,532.550
2129,38,255,62.500,532.368
2130,137,255,225.376,535.084
2131,121,255,960.260,535.574
2132,30,255,996.133,531.867
2133,76,255,1262.421,534.342
2134,98,255,1312.439,535.163
2135,44,255,1479.795,533.364
2136,117,255,860.013,536.141
2137,108,255,1422.574,536.500
2138,76,255,124.118,535.803
2139,34,255,365.000,534.647
2140,40,255,732.925,534.400
2141,114,255,896.175,537.351
2142,39,255,988.962,535.218
2143,104,255,1148.923,536.433
2144,42,255,1191.976,535.286
2145,49,255,1543.459,534.255
2146,73,255,338.623,536.884
2147,96,255,639.562,537.198
2148,133,255,816.711,538.056
2149,222,255,926.500,542.405
2150,70,255,1118.771,537.114
2151,128,255,1576.781,539.820
2152,136,255,175.926,540.699
2153,70,255,374.800,538.700
2154,121,255,530.640,539.764
2155,145,255,597.500,539.748
2156,67,255,101.963,537.948
2157,102,255,427.765,539.255
2158,61,255,1088.008,539.221
2159,134,255,1104.873,540.716
2160,64,255,1212.469,539.562
2161,93,255,158.296,541.349
2162,46,255,187.717,539.870
2163,50,255,721.880,539.700
2164,94,255,942.989,541.777
2165,93,255,1061.349,542.274
2166,35,255,1251.986,539.786
2167,101,255,1477.074,542.450
2168,102,255,753.451,542.176
2169,165,255,1033.961,544.355
2170,108,255,392.806,543.583
2171,43,255,1047.756,541.686
2172,109,255,355.977,545.555
2173,74,255,620.338,544.162
2174,20,255,1072.550,540.900
2175,95,255,68.647,545.774
2176,135,255,296.663,547.056
2177,151,255,460.937,545.950
2178,31,255,494.145,543.694
2179,70,255,848.029,544.529
2180,76,255,883.263,545.382
2181,80,255,1009.750,544.812
2182,46,255,4.087,544.000
2183,42,255,50.952,545.690
2184,126,255,261.357,546.706
2185,29,255,687.224,544.914
2186,106,255,1512.462,546.330
2187,76,255,90.395,547.224
2188,70,255,147.586,547.257
2189,134,255,436.933,549.425
2190,123,255,111.866,549.427
2191,135,255,665.011,549.278
2192,57,255,1120.798,547.377
2193,131,255,1269.905,549.317
2194,72,255,381.097,549.361
2195,134,255,826.597,550.493
2196,99,255,1075.157,549.662
2197,92,255,1386.641,549.348
2198,83,255,1549.127,549.090
2199,92,255,1595.826,550.478
2200,133,255,901.831,551.748
2201,177,255,1155.709,552.257
2202,93,255,1315.392,550.392
2203,51,255,1348.618,548.480
2204,58,255,1458.414,550.603
2205,24,255,271.875,549.792
2206,139,255,322.860,551.752
2207,93,255,721.823,551.124
2208,87,255,752.190,551.075
2209,102,255,1173.735,552.010
2210,121,255,1294.847,552.112
2211,135,255,215.278,554.189
2212,73,255,282.158,552.473
2213,104,255,551.202,552.308
2214,83,255,1197.825,553.982
2215,136,255,366.434,555.838
2216,114,255,579.518,555.035
2217,102,255,1377.461,556.304
2218,80,255,1427.662,554.212
2219,80,255,1577.375,554.100
2220,99,255,238.763,556.379
2221,95,255,411.426,557.942
2222,74,255,1060.095,556.284
2223,105,255,1240.548,556.871
2224,74,255,57.986,557.243
2225,31,255,79.597,555.242
2226,101,255,159.381,557.678
2227,51,255,421.618,556.755
2228,165,255,523.367,558.348
2229,64,255,786.625,555.797
2230,38,255,1038.237,555.868
2231,80,255,397.238,558.400
2232,88,255,625.227,557.045
2233,128,255,1091.438,558.750
2234,42,255,1182.238,557.976
2235,103,255,1403.879,558.257
2236,77,255,1557.253,558.539
2237,86,255,686.709,558.605
2238,48,255,809.688,558.708
2239,70,255,922.914,558.186
2240,78,255,1106.859,559.385
2241,139,255,1225.946,560.572
2242,80,255,1419.713,560.200
2243,36,255,193.583,558.806
2244,80,255,256.587,559.850
2245,69,255,989.906,559.225
2246,82,255,1020.561,560.683
2247,143,255,1346.626,561.353
2248,84,255,1567.250,560.690
2249,38,255,98.158,559.421
2250,143,255,298.542,562.934
2251,204,255,447.034,569.593
2252,31,255,2.597,560.274
2253,108,255,39.287,564.296
2254,115,255,125.804,564.126
2255,52,255,564.846,561.308
2256,48,255,199.521,563.042
2257,47,255,716.266,561.351
2258,36,255,769.667,561.639
2259,96,255,1133.625,563.417
2260,125,255,143.388,564.476
2261,124,255,894.282,565.968
2262,36,255,938.750,562.028
2263,51,255,946.598,564.441
2264,100,255,81.860,565.850
2265,30,255,227.633,563.200
2266,93,255,249.575,565.683
2267,46,255,644.500,564.326
2268,118,255,980.144,565.669
2269,62,255,1255.403,564.532
2270,42,255,1596.905,563.357
2271,139,255,467.083,567.335
2272,96,255,1432.948,566.917
2273,180,255,1037.172,570.567
2274,81,255,1367.117,569.364
2275,47,255,1470.202,566.543
2276,70,255,621.943,567.700
2277,124,255,1010.581,570.306
2278,79,255,21.323,569.513
2279,62,255,589.871,569.065
2280,43,255,915.012,567.663
2281,119,255,933.634,571.718
2282,56,255,133.893,571.429
2283,101,255,707.896,571.252
2284,35,255,775.671,569.243
2285,70,255,862.014,571.300
2286,148,255,1201.912,573.020
2287,97,255,379.242,573.541
2288,27,255,881.944,569.352
2289,90,255,1083.967,572.978
2290,106,255,1123.764,572.896
2291,56,255,1305.893,570.839
2292,128,255,1533.188,574.594
2293,98,255,1557.765,572.061
2294,55,255,191.100,573.264
2295,100,255,266.770,574.840
2296,139,255,320.320,573.845
2297,204,255,544.765,574.779
2298,48,255,836.979,571.271
2299,120,255,1183.375,573.600
2300,131,255,1319.538,573.698
2301,29,255,1523.707,571.534
2302,37,255,159.824,572.095
2303,76,255,693.184,573.684
2304,62,255,922.323,574.468
2305,56,255,393.946,574.161
2306,78,255,570.577,574.769
2307,82,255,1259.756,575.939
2308,55,255,594.027,575.609
2309,76,255,808.500,576.882
2310,105,255,1334.652,578.176
2311,58,255,1453.845,576.379
2312,72,255,1596.486,577.153
2313,32,255,560.875,576.125
2314,102,255,723.520,578.078
2315,106,255,1105.085,577.925
2316,86,255,1247.547,578.756
2317,33,255,1387.409,575.652
2318,53,255,1473.575,577.123
2319,58,255,229.172,578.379
2320,140,255,363.707,581.586
2321,42,255,617.095,577.857
2322,139,255,743.241,580.701
2323,92,255,1444.163,579.663
2324,94,255,1502.447,579.500
2325,24,255,1582.667,576.625
2326,32,255,1379.125,578.812
2327,99,255,258.813,584.379
2328,135,255,974.226,583.248
2329,183,255,282.746,585.358
2330,70,255,400.714,580.914
2331,59,255,629.500,580.500
2332,70,255,843.043,581.014
2333,92,255,989.489,582.250
2334,29,255,1155.190,580.914
2335,56,255,1406.875,581.482
2336,51,255,1480.892,580.578
2337,42,255,2.286,583.214
2338,71,255,246.106,583.528
2339,35,255,351.157,581.443
2340,81,255,461.327,583.006
2341,36,255,681.944,582.056
2342,43,255,784.593,581.988
2343,38,255,876.605,581.711
2344,32,255,1029.781,580.781
2345,50,255,1144.140,581.880
2346,74,255,79.243,584.432
2347,35,255,492.386,582.243
2348,77,255,961.721,584.162
2349,23,255,134.978,581.587
2350,56,255,483.446,585.589
2351,44,255,1304.432,585.091
2352,112,255,174.482,586.714
2353,81,255,193.093,586.846
2354,74,255,306.027,584.851
2355,89,255,383.287,585.781
2356,55,255,727.445,585.282
2357,93,255,1000.543,586.457
2358,20,255,1167.300,583.600
2359,72,255,11.333,587.792
2360,98,255,427.694,587.347
2361,45,255,661.167,585.922
2362,47,255,1124.457,585.330
2363,60,255,1390.483,586.100
2364,67,255,25.157,587.022
2365,132,255,580.636,591.068
2366,67,255,834.067,588.276
2367,135,255,1371.307,589.352
2368,76,255,1584.934,587.605
2369,144,255,45.542,590.486
2370,88,255,323.670,589.057
2371,123,255,509.337,590.256
2372,127,255,523.626,591.720
2373,80,255,854.163,589.225
2374,128,255,63.609,592.391
2375,38,255,415.553,588.421
2376,53,255,766.481,589.406
2377,142,255,464.683,593.232
2378,140,255,599.507,591.736
2379,81,255,1100.340,590.031
2380,30,255,1267.700,589.667
2381,120,255,537.583,592.758
2382,21,255,878.167,590.214
2383,134,255,1431.015,593.590
2384,153,255,101.559,594.337
2385,113,255,552.119,594.093
2386,117,255,787.671,594.850
2387,174,255,909.862,596.816
2388,168,255,941.500,597.208
2389,58,255,1051.500,591.897
2390,44,255,1129.568,592.000
2391,20,255,1477.400,590.950
2392,76,255,1510.000,592.605
2393,122,255,220.680,595.049
2394,97,255,439.129,594.562
2395,46,255,639.717,592.435
2396,83,255,845.693,594.343
2397,151,255,1575.242,598.513
2398,83,255,1593.801,594.849
2399,104,255,314.740,596.212
2400,61,255,338.107,594.189
2401,175,255,808.637,599.014
2402,28,255,1121.643,592.643
2403,165,255,1216.742,597.124
2404,107,255,1232.107,596.575
2405,74,255,408.689,596.716
2406,129,255,1059.322,598.345
2407,128,255,389.078,598.141
2408,98,255,1037.561,597.684
2409,126,255,78.151,599.714
2410,53,255,970.708,596.840
2411,196,255,485.765,601.776
2412,120,255,863.167,601.183
2413,119,255,925.584,599.702
2414,113,255,1344.695,599.854
2415,55,255,1524.409,598.918
2416,21,255,155.548,598.262
2417,32,255,358.000,598.000
2418,83,255,623.777,600.139
2419,84,255,991.631,599.857
2420,66,255,1287.273,600.091
2421,65,255,1305.562,599.054
2422,167,255,1558.033,601.171
2423,47,255,699.564,599.947
2424,77,255,1125.396,601.331
2425,104,255,1473.490,601.894
2426,118,255,25.712,602.602
2427,99,255,114.682,602.167
2428,86,255,372.198,601.512
2429,45,255,50.278,602.056
2430,40,255,326.000,603.325
2431,114,255,398.175,606.281
2432,27,255,962.981,602.685
2433,93,255,1013.683,604.317
2434,145,255,1157.079,605.886
2435,85,255,1413.841,604.194
2436,21,255,34.405,603.310
2437,116,255,172.672,606.371
2438,45,255,590.011,604.233
2439,175,255,1255.334,607.066
2440,44,255,573.091,604.841
2441,131,255,1363.523,610.645
2442,129,255,1504.841,607.453
2443,59,255,9.364,605.653
2444,84,255,201.167,606.655
2445,34,255,442.059,605.147
2446,114,255,732.825,608.044
2447,60,255,86.183,608.517
2448,24,255,127.083,605.667
2449,93,255,163.156,610.651
2450,39,255,511.577,606.064
2451,99,255,787.833,608.247
2452,87,255,845.121,608.121
2453,65,255,974.269,609.592
2454,126,255,1077.587,608.024
2455,147,255,1452.364,609.820
2456,43,255,634.477,608.128
2457,105,255,705.071,609.395
2458,62,255,1177.565,608.581
2459,39,255,1204.833,608.269
2460,105,255,756.319,611.481
2461,129,255,955.143,611.888
2462,97,255,463.562,611.490
2463,28,255,556.500,609.000
2464,64,255,626.812,610.812
2465,141,255,1021.890,614.011
2466,96,255,1143.542,611.417
2467,97,255,279.222,612.737
2468,153,255,305.912,612.886
2469,69,255,364.225,611.123
2470,89,255,1035.792,612.152
2471,117,255,1302.791,612.731
2472,93,255,1406.349,612.629
2473,52,255,1116.000,611.904
2474,81,255,433.117,613.636
2475,59,255,856.483,613.873
2476,88,255,1213.352,615.420
2477,130,255,328.323,618.362
2478,67,255,510.306,614.261
2479,113,255,670.146,615.907
2480,123,255,942.370,617.394
2481,73,255,1421.815,614.486
2482,92,255,62.337,617.283
2483,24,255,260.458,613.792
2484,122,255,542.861,616.811
2485,24,255,644.708,614.042
2486,71,255,1059.317,616.134
2487,157,255,1186.449,618.519
2488,52,255,1237.673,614.558
2489,96,255,1319.979,616.031
2490,91,255,1524.247,616.016
2491,94,255,130.915,618.160
2492,106,255,141.783,619.377
2493,103,255,421.296,618.121
2494,21,255,916.690,614.452
2495,76,255,1130.316,616.855
2496,75,255,1228.233,619.580
2497,44,255,1578.182,615.705
2498,62,255,102.161,615.935
2499,150,255,238.727,619.253
2500,217,255,1088.343,621.242
2501,61,255,1330.877,617.680
2502,135,255,1486.478,619.330
2503,121,255,1591.690,619.079
2504,149,255,479.440,622.238
2505,133,255,527.432,620.921
2506,76,255,1390.039,618.382
2507,80,255,727.837,619.025
2508,70,255,801.871,619.129
2509,175,255,823.826,623.140
2510,71,255,4.106,620.500
2511,65,255,363.792,620.362
2512,106,255,406.274,622.019
2513,21,255,997.643,618.643
2514,132,255,200.356,623.432
2515,102,255,214.059,622.833
2516,59,255,492.195,621.025
2517,51,255,744.206,621.598
2518,21,255,1007.595,619.690
2519,59,255,1158.907,621.636
2520,77,255,456.045,622.851
2521,143,255,27.521,625.472
2522,45,255,575.500,623.144
2523,165,255,985.003,626.755
2524,111,255,1554.401,624.284
2525,67,255,83.396,624.888
2526,20,255,753.950,623.350
2527,126,255,505.087,627.690
2528,60,255,791.967,625.917
2529,35,255,1263.814,623.957
2530,96,255,73.781,628.625
2531,98,255,171.806,628.245
2532,109,255,306.968,630.271
2533,63,255,316.960,627.151
2534,125,255,718.884,628.948
2535,129,255,855.554,628.531
2536,47,255,912.032,627.287
2537,58,255,1458.724,627.569
2538,100,255,648.710,627.340
2539,107,255,773.668,630.070
2540,30,255,889.867,625.867
2541,78,255,667.385,628.154
2542,102,255,1014.510,629.873
2543,39,255,1375.269,627.500
2544,28,255,378.964,628.321
2545,142,255,444.697,632.268
2546,44,255,568.318,629.091
2547,100,255,600.230,630.070
2548,71,255,621.035,629.711
2549,90,255,754.011,631.133
2550,119,255,1040.080,631.097
2551,131,255,1311.836,631.859
2552,136,255,393.088,632.559
2553,35,255,692.043,629.929
2554,110,255,1196.482,632.664
2555,98,255,1243.827,632.122
2556,61,255,1530.221,631.303
2557,56,255,1028.643,631.411
2558,140,255,1104.871,633.914
2559,141,255,1421.770,632.954
2560,147,255,1258.622,635.935
2561,37,255,1406.770,631.662
2562,108,255,1509.898,633.685
2563,117,255,133.799,633.910
2564,44,255,781.864,633.205
2565,56,255,1156.161,634.018
2566,101,255,1174.827,634.510
2567,96,255,1592.688,634.990
2568,118,255,41.068,635.780
2569,74,255,238.716,634.514
2570,125,255,339.644,636.796
2571,97,255,430.376,635.253
2572,98,255,1118.316,635.643
2573,55,255,1222.409,635.155
2574,84,255,1442.595,634.988
2575,129,255,528.694,637.120
2576,131,255,841.126,636.912
2577,78,255,893.885,636.333
2578,144,255,1351.319,639.438
2579,94,255,10.170,638.117
2580,66,255,189.045,637.121
2581,120,255,880.075,638.567
2582,147,255,1568.935,638.357
2583,112,255,84.366,639.071
2584,130,255,115.538,640.315
2585,88,255,221.386,638.284
2586,47,255,254.479,636.287
2587,40,255,501.475,636.175
2588,52,255,676.288,637.538
2589,80,255,1057.562,637.725
2590,40,255,1339.275,636.750
2591,161,255,1519.047,642.370
2592,153,255,484.062,642.297
2593,88,255,583.852,639.693
2594,43,255,736.407,639.407
2595,50,255,1230.980,638.200
2596,109,255,1014.876,640.894
2597,174,255,162.356,644.345
2598,47,255,181.734,640.713
2599,40,255,378.875,639.950
2600,38,255,906.868,640.026
2601,148,255,1393.243,642.595
2602,119,255,278.029,643.063
2603,25,255,559.540,640.580
2604,111,255,1068.383,643.671
2605,187,255,1135.270,646.586
2606,126,255,1486.976,643.937
2607,169,255,352.553,645.388
2608,39,255,848.500,643.500
2609,91,255,937.896,644.533
2610,145,255,970.093,647.955
2611,106,255,1471.943,645.802
2612,42,255,915.571,643.690
2613,124,255,1323.371,647.331
2614,68,255,101.485,646.559
2615,44,255,147.432,644.136
2616,65,255,471.485,645.946
2617,30,255,1165.467,643.800
2618,129,255,226.795,649.105
2619,64,255,689.500,646.000
2620,62,255,1443.210,644.984
2621,107,255,320.930,648.808
2622,158,255,450.608,651.171
2623,51,255,544.696,646.461
2624,90,255,501.578,649.067
2625,56,255,948.571,649.357
2626,131,255,1118.156,650.187
2627,107,255,1458.836,649.874
2628,44,255,61.227,649.023
2629,35,255,726.843,648.300
2630,76,255,1034.974,650.276
2631,45,255,1153.056,649.189
2632,85,255,126.782,652.735
2633,91,255,192.291,651.357
2634,24,255,246.375,648.708
2635,155,255,408.997,652.177
2636,45,255,664.322,649.478
2637,72,255,887.125,650.361
2638,137,255,1214.245,654.434
2639,134,255,1372.567,653.343
2640,107,255,140.911,653.332
2641,76,255,301.737,651.697
2642,41,255,537.037,651.232
2643,146,255,696.993,655.205
2644,64,255,1541.016,651.797
2645,42,255,861.476,651.286
2646,123,255,1020.102,655.037
2647,94,255,25.000,654.500
2648,89,255,212.185,654.410
2649,120,255,810.525,654.758
2650,57,255,1423.781,654.272
2651,70,255,1548.757,654.543
2652,67,255,1574.500,653.381
2653,24,255,1597.125,652.250
2654,154,255,39.558,659.805
2655,103,255,608.675,658.141
2656,62,255,572.274,655.516
2657,67,255,1398.679,656.530
2658,63,255,57.437,657.214
2659,40,255,327.850,657.225
2660,175,255,370.814,659.791
2661,98,255,760.398,657.500
2662,121,255,892.393,660.872
2663,67,255,1007.112,656.739
2664,96,255,274.594,657.281
2665,56,255,309.839,657.679
2666,110,255,467.636,659.536
2667,97,255,678.747,658.593
2668,97,255,904.294,659.881
2669,78,255,916.449,658.282
2670,90,255,1530.744,659.311
2671,98,255,1562.143,658.337
2672,43,255,441.453,657.360
2673,90,255,987.944,659.156
2674,131,255,1069.149,659.508
2675,31,255,1293.790,657.048
2676,93,255,1316.565,658.468
2677,134,255,1384.209,661.545
2678,93,255,1465.134,659.984
2679,188,255,1091.271,663.394
2680,101,255,70.401,662.064
2681,240,255,244.608,666.108
2682,30,255,381.967,659.700
2683,27,255,665.204,659.130
2684,36,255,797.889,659.444
2685,51,255,927.225,660.225
2686,89,255,1331.983,661.376
2687,90,255,625.789,661.889
2688,46,255,717.565,660.870
2689,52,255,12.346,663.308
2690,92,255,516.163,662.717
2691,33,255,955.712,661.773
2692,31,255,111.306,662.758
2693,88,255,261.477,664.580
2694,85,255,414.700,664.935
2695,42,255,486.857,661.905
2696,50,255,978.200,663.720
2697,67,255,1110.052,664.500
2698,37,255,1153.176,663.338
2699,102,255,1262.814,665.333
2700,68,255,1287.691,664.162
2701,134,255,149.246,666.679
2702,145,255,292.721,667.341
2703,32,255,478.062,665.250
2704,72,255,501.986,664.986
2705,92,255,646.359,665.793
2706,39,255,851.500,663.090
2707,96,255,1274.260,666.677
2708,61,255,1345.959,664.648
2709,37,255,398.419,664.041
2710,75,255,582.513,666.367
2711,100,255,837.260,667.220
2712,24,255,1479.042,664.417
2713,184,255,818.750,670.005
2714,67,255,1543.022,666.828
2715,117,255,95.295,669.124
2716,45,255,215.278,666.722
2717,30,255,451.167,666.467
2718,25,255,731.540,666.100
2719,110,255,1120.518,667.982
2720,48,255,1300.167,667.250
2721,154,255,1517.156,669.916
2722,123,255,188.329,669.947
2723,122,255,1225.795,669.951
2724,181,255,1488.975,672.715
2725,35,255,58.300,668.414
2726,134,255,307.567,671.254
2727,118,255,767.280,670.415
2728,147,255,1591.194,672.303
2729,28,255,666.107,669.321
2730,76,255,1142.737,671.711
2731,107,255,1191.556,672.079
2732,29,255,1249.293,668.707
2733,82,255,136.756,672.634
2734,108,255,203.824,672.630
2735,147,255,325.398,673.990
2736,151,255,380.275,674.242
2737,32,255,442.469,670.781
2738,150,255,782.120,674.680
2739,85,255,924.688,670.865
2740,127,255,1432.768,674.130
2741,46,255,1475.500,671.761
2742,41,255,118.207,672.451
2743,109,255,222.060,675.106
2744,61,255,405.664,673.549
2745,89,255,485.197,674.017
2746,119,255,1036.819,674.895
2747,169,255,1170.932,675.760
2748,174,255,1571.649,675.448
2749,82,255,71.378,675.012
2750,80,255,339.525,674.950
2751,49,255,1102.153,674.153
2752,57,255,1243.904,675.096
2753,147,255,1363.194,676.942
2754,99,255,750.449,677.247
2755,51,255,615.206,676.775
2756,114,255,1390.272,676.930
2757,29,255,1456.707,674.534
2758,46,255,5.565,676.565
2759,24,255,493.542,676.333
2760,158,255,166.987,682.823
2761,152,255,428.454,680.250
2762,66,255,459.803,678.439
2763,85,255,962.359,679.076
2764,110,255,1278.764,679.309
2765,151,255,559.348,682.030
2766,34,255,607.235,678.971
2767,51,255,832.265,679.265
2768,95,255,1327.079,681.521
2769,68,255,114.691,680.853
2770,85,255,451.865,683.229
2771,55,255,585.427,680.755
2772,27,255,1130.907,679.056
2773,87,255,1204.086,681.132
2774,104,255,1317.077,682.346
2775,59,255,183.619,682.246
2776,89,255,346.556,683.331
2777,102,255,526.824,682.186
2778,46,255,928.761,681.152
2779,187,255,1409.650,684.479
2780,44,255,253.523,680.886
2781,143,255,504.066,683.640
2782,171,255,665.635,685.243
2783,82,255,728.451,682.085
2784,77,255,1147.344,685.266
2785,67,255,100.515,683.291
2786,33,255,211.985,682.894
2787,75,255,763.593,683.620
2788,45,255,1003.211,683.056
2789,51,255,277.971,682.971
2790,66,255,592.500,685.242
2791,87,255,1011.190,685.810
2792,105,255,1028.890,685.300
2793,37,255,1118.932,683.446
2794,46,255,1182.130,684.935
2795,168,255,41.214,688.750
2796,39,255,807.526,684.705
2797,71,255,919.035,685.782
2798,42,255,1091.000,684.167
2799,69,255,1157.181,685.616
2800,57,255,1236.675,685.816
2801,70,255,1542.471,685.186
2802,94,255,91.713,688.021
2803,46,255,269.174,687.065
2804,127,255,892.815,688.461
2805,53,255,1137.028,688.104
2806,63,255,1245.611,686.833
2807,52,255,1434.885,687.635
2808,95,255,18.826,689.500
2809,61,255,539.779,687.123
2810,52,255,1106.558,687.442
2811,60,255,1517.083,687.000
2812,95,255,1224.479,690.089
2813,55,255,406.082,688.664
2814,128,255,940.406,691.523
2815,34,255,1352.882,688.412
2816,26,255,1390.308,687.577
2817,57,255,1468.114,690.009
2818,108,255,467.278,691.833
2819,130,255,779.492,692.931
2820,144,255,1061.431,691.833
2821,32,255,108.406,690.000
2822,143,255,366.794,694.059
2823,73,255,824.445,692.103
2824,137,255,67.588,694.215
2825,123,255,230.167,694.890
2826,78,255,1288.282,693.038
2827,140,255,244.650,697.950
2828,106,255,573.283,695.425
2829,52,255,745.250,692.962
2830,103,255,1575.044,694.354
2831,53,255,735.575,694.236
2832,43,255,964.733,693.384
2833,35,255,1344.300,692.871
2834,22,255,187.091,693.864
2835,152,255,383.237,697.763
2836,53,255,429.085,695.689
2837,75,255,809.527,694.567
2838,109,255,835.748,696.628
2839,86,255,927.802,696.895
2840,137,255,1113.850,698.018
2841,48,255,1385.688,695.188
2842,71,255,1497.120,697.824
2843,31,255,1502.532,694.532
2844,107,255,1592.416,697.304
2845,147,255,125.548,699.765
2846,92,255,292.435,697.109
2847,75,255,411.087,696.913
2848,168,255,439.107,699.571
2849,70,255,525.357,697.171
2850,66,255,538.409,696.667
2851,82,255,560.256,696.890
2852,40,255,678.300,695.000
2853,121,255,794.988,698.343
2854,125,255,1095.596,698.604
2855,94,255,1197.755,696.883
2856,48,255,1355.979,695.396
2857,65,255,216.177,696.946
2858,27,255,653.907,695.574
2859,42,255,1445.976,697.167
2860,94,255,1511.564,698.638
2861,27,255,687.500,697.870
2862,60,255,1312.133,697.967
2863,53,255,9.538,700.538
2864,82,255,25.622,700.549
2865,20,255,175.200,696.750
2866,59,255,264.212,699.042
2867,94,255,99.138,701.415
2868,101,255,1169.332,700.866
2869,66,255,1337.076,701.561
2870,100,255,324.760,702.020
2871,76,255,353.487,703.434
2872,149,255,616.023,703.983
2873,80,255,732.475,700.888
2874,66,255,1435.136,702.152
2875,71,255,1464.528,702.894
2876,106,255,1077.500,703.377
2877,176,255,158.551,709.801
2878,113,255,657.058,704.748
2879,62,255,1233.177,703.774
2880,23,255,1471.935,702.587
2881,53,255,169.858,704.292
2882,78,255,287.308,704.564
2883,106,255,507.321,705.208
2884,82,255,958.366,704.707
2885,73,255,1186.815,704.733
2886,69,255,1344.819,705.500
2887,61,255,198.418,705.156
2888,68,255,907.750,705.221
2889,28,255,1281.179,705.179
2890,54,255,1290.981,707.000
2891,78,255,48.538,707.949
2892,84,255,519.310,709.000
2893,58,255,143.259,708.534
2894,104,255,598.529,710.000
2895,106,255,763.123,709.632
2896,91,255,852.731,708.896
2897,68,255,1249.176,708.574
2898,109,255,1536.610,708.922
2899,63,255,183.960,710.389
2900,49,255,570.724,709.316
2901,116,255,896.362,711.414
2902,104,255,940.817,711.221
2903,172,255,1019.988,712.802
2904,90,255,1046.000,710.322
2905,79,255,1377.665,712.766
2906,119,255,1394.273,710.836
2907,25,255,1566.860,708.100
2908,68,255,394.074,710.176
2909,86,255,643.814,712.047
2910,127,255,704.626,712.862
2911,59,255,930.178,710.568
2912,123,255,1325.427,712.126
2913,88,255,988.057,712.477
2914,57,255,1133.167,711.939
2915,114,255,215.430,713.105
2916,66,255,234.712,711.409
2917,40,255,367.500,711.700
2918,136,255,487.221,713.676
2919,79,255,65.690,713.424
2920,41,255,316.232,711.939
2921,95,255,626.711,714.711
2922,43,255,690.081,712.174
2923,76,255,976.632,714.526
2924,26,255,1158.615,711.769
2925,59,255,3.229,716.008
2926,101,255,32.827,714.698
2927,50,255,955.700,714.040
2928,38,255,1190.737,713.579
2929,27,255,499.907,713.574
2930,98,255,584.755,716.449
2931,115,255,726.326,716.465
2932,89,255,1111.410,717.006
2933,48,255,1152.042,715.417
2934,102,255,1413.294,716.431
2935,92,255,1433.717,716.500
2936,168,255,87.000,719.774
2937,21,255,129.262,715.310
2938,143,255,818.493,718.129
2939,85,255,876.806,715.994
2940,115,255,1240.378,717.778
2941,106,255,1453.009,717.604
2942,48,255,12.396,717.917
2943,46,255,376.391,717.130
2944,118,255,664.839,720.102
2945,109,255,1056.472,721.399
2946,53,255,1470.142,717.877
2947,140,255,1498.000,719.957
2948,92,255,1554.087,717.913
2949,150,255,458.813,721.173
2950,126,255,542.762,721.881
2951,55,255,797.155,717.336
2952,100,255,290.030,719.970
2953,131,255,742.393,721.019
2954,115,255,776.761,723.091
2955,79,255,136.348,722.513
2956,66,255,254.788,721.273
2957,44,255,1128.886,719.682
2958,126,255,1589.317,721.786
2959,92,255,243.815,723.043
2960,99,255,333.419,724.005
2961,78,255,645.346,724.436
2962,106,255,1143.821,724.698
2963,201,255,1261.789,723.923
2964,97,255,71.376,724.892
2965,59,255,356.466,722.398
2966,159,255,1168.072,727.223
2967,59,255,1535.534,722.059
2968,94,255,184.372,724.362
2969,36,255,366.361,721.889
2970,123,255,697.012,725.346
2971,68,255,1090.103,724.221
2972,72,255,145.875,725.972
2973,117,255,233.252,727.021
2974,38,255,346.868,723.737
2975,47,255,426.819,723.926
2976,75,255,494.140,726.593
2977,49,255,898.276,725.112
2978,127,255,1360.705,727.823
2979,90,255,1003.222,728.311
2980,103,255,107.597,729.034
2981,75,255,586.527,727.727
2982,110,255,860.564,728.573
2983,26,255,1047.692,726.500
2984,114,255,1292.342,729.281
2985,213,255,1313.754,733.162
2986,107,255,161.379,729.042
2987,148,255,320.615,731.669
2988,51,255,447.598,729.284
2989,128,255,787.852,730.922
2990,83,255,1279.669,728.958
2991,51,255,1333.324,728.520
2992,121,255,633.252,731.533
2993,58,255,983.379,729.000
2994,88,255,1032.239,730.807
2995,155,255,1397.377,734.132
2996,69,255,1469.442,730.877
2997,107,255,124.724,733.808
2998,71,255,405.246,731.289
2999,53,255,548.915,731.708
3000,25,255,911.820,730.660
3001,86,255,1413.000,732.267
3002,47,255,1011.202,732.181
3003,111,255,370.419,734.365
3004,76,255,385.553,733.053
3005,42,255,500.452,732.095
3006,79,255,673.082,733.563
3007,61,255,1186.090,733.992
3008,104,255,1459.356,734.423
3009,183,255,1526.713,736.691
3010,95,255,92.374,736.637
3011,59,255,186.941,734.466
3012,61,255,338.254,733.385
3013,49,255,1194.051,734.439
3014,55,255,1585.900,733.973
3015,127,255,212.933,738.531
3016,39,255,706.654,734.859
3017,47,255,1083.330,734.479
3018,62,255,14.597,736.677
3019,121,255,285.913,737.252
3020,36,255,471.861,735.500
3021,117,255,827.543,737.363
3022,157,255,900.264,739.143
3023,74,255,942.770,736.878
3024,46,255,1131.630,736.522
3025,33,255,179.591,736.894
3026,80,255,398.875,737.212
3027,180,255,605.444,739.711
3028,73,255,971.199,739.144
3029,86,255,1596.407,739.721
3030,27,255,588.500,736.500
3031,68,255,1120.794,739.676
3032,117,255,1348.637,739.791
3033,171,255,1554.974,741.675
3034,145,255,69.672,741.348
3035,69,255,508.587,740.877
3036,43,255,875.570,739.453
3037,29,255,960.879,737.741
3038,88,255,1241.557,740.477
3039,73,255,1378.144,741.253
3040,103,255,48.587,741.345
3041,51,255,440.088,739.127
3042,56,255,570.786,740.482
3043,27,255,714.759,739.352
3044,38,255,761.947,740.000
3045,119,255,1499.450,742.021
3046,57,255,1576.500,739.588
3047,166,255,267.012,746.012
3048,131,255,535.760,743.630
3049,47,255,579.415,741.904
3050,53,255,661.236,741.142
3051,144,255,682.201,745.076
3052,192,255,1072.958,745.620
3053,128,255,1265.375,743.062
3054,52,255,132.250,741.885
3055,96,255,467.781,743.312
3056,56,255,859.679,742.196
3057,98,255,1046.102,742.918
3058,89,255,311.354,743.916
3059,89,255,930.545,744.534
3060,31,255,1289.468,742.403
3061,96,255,28.198,746.531
3062,81,255,355.340,745.981
3063,63,255,632.579,743.278
3064,112,255,703.429,746.848
3065,49,255,1518.602,744.337
3066,114,255,1105.658,747.228
3067,56,255,1129.500,746.429
3068,153,255,1171.075,748.892
3069,81,255,1276.525,748.290
3070,60,255,424.567,747.050
3071,113,255,1154.252,749.544
3072,21,255,1388.405,747.405
3073,34,255,1425.088,746.824
3074,44,255,574.591,748.818
3075,151,255,994.719,750.877
3076,48,255,2.146,752.146
3077,72,255,85.667,750.764
3078,92,255,336.337,751.054
3079,77,255,835.474,751.279
3080,120,255,890.575,752.017
3081,112,255,913.571,752.643
3082,99,255,250.692,751.702
3083,86,255,477.686,751.907
3084,116,255,850.793,752.491
3085,88,255,1289.193,752.170
3086,75,255,1309.220,751.207
3087,51,255,1333.147,751.324
3088,125,255,1445.284,753.516
3089,85,255,21.006,754.500
3090,72,255,106.389,751.222
3091,97,255,1023.933,753.562
3092,48,255,622.229,753.271
3093,105,255,1095.605,755.062
3094,61,255,1196.828,754.926
3095,61,255,1229.893,754.320
3096,153,255,1565.036,756.193
3097,51,255,1593.637,753.049
3098,110,255,166.200,755.327
3099,89,255,648.534,756.219
3100,74,255,658.081,755.662
3101,88,255,878.080,755.193
3102,104,255,934.990,755.788
3103,22,255,1011.636,753.500
3104,95,255,1038.132,755.668
3105,91,255,1355.962,755.071
3106,35,255,1459.986,753.500
3107,163,255,1539.156,757.745
3108,25,255,39.940,754.100
3109,75,255,52.900,754.913
3110,109,255,772.500,757.335
3111,23,255,1113.152,753.804
3112,64,255,278.234,756.094
3113,116,255,458.155,757.767
3114,49,255,508.806,755.378
3115,97,255,562.366,757.778
3116,104,255,190.894,758.442
3117,67,255,212.784,757.828
3118,70,255,320.886,757.714
3119,111,255,583.950,758.482
3120,99,255,1049.389,758.621
3121,55,255,1341.991,757.355
3122,127,255,118.453,760.681
3123,103,255,296.374,758.898
3124,42,255,382.500,758.024
3125,78,255,391.692,759.833
3126,102,255,535.510,758.735
3127,119,255,820.408,760.349
3128,29,255,902.603,757.672
3129,83,255,957.548,760.705
3130,62,255,1129.500,759.887
3131,178,255,1576.022,764.921
3132,67,255,141.470,761.903
3133,159,255,721.336,763.217
3134,100,255,754.590,762.380
3135,84,255,805.988,762.155
3136,30,255,1469.100,759.767
3137,72,255,240.639,762.042
3138,48,255,374.167,761.562
3139,89,255,479.522,761.781
3140,93,255,637.887,762.618
3141,90,255,674.144,762.800
3142,90,255,745.100,763.656
3143,71,255,968.528,761.852
3144,146,255,1515.226,763.466
3145,67,255,494.231,762.172
3146,123,255,611.484,763.825
3147,101,255,1003.144,763.856
3148,116,255,85.948,764.845
3149,101,255,208.173,765.658
3150,25,255,1121.540,762.540
3151,124,255,1435.008,764.411
3152,28,255,404.786,764.036
3153,78,255,767.051,765.846
3154,135,255,1076.789,766.100
3155,57,255,1382.868,764.132
3156,39,255,1597.321,763.782
3157,64,255,516.391,765.984
3158,48,255,734.792,766.562
3159,27,255,975.944,764.500
3160,148,255,1142.912,766.939
3161,87,255,1328.236,766.213
3162,58,255,1414.707,765.552
3163,130,255,4.823,771.031
3164,173,255,350.494,768.523
3165,65,255,570.746,766.731
3166,98,255,1186.112,767.153
3167,113,255,880.836,769.075
3168,67,255,909.097,766.276
3169,152,255,1206.901,769.362
3170,75,255,44.487,768.940
3171,112,255,58.482,771.107
3172,81,255,251.759,768.772
3173,104,255,266.423,769.856
3174,106,255,784.292,771.094
3175,49,255,157.235,769.173
3176,49,255,285.847,768.949
3177,85,255,545.747,770.524
3178,38,255,979.289,769.895
3179,30,255,294.433,769.033
3180,116,255,866.190,772.509
3181,40,255,924.775,769.875
3182,35,255,1256.814,768.957
3183,63,255,235.659,771.929
3184,96,255,320.812,771.979
3185,21,255,1300.024,769.595
3186,61,255,1367.074,771.910
3187,108,255,189.176,773.315
3188,34,255,311.412,771.529
3189,68,255,1114.926,773.706
3190,52,255,1157.942,772.692
3191,71,255,1168.782,774.218
3192,51,255,144.931,772.971
3193,20,255,679.350,771.100
3194,83,255,798.163,775.319
3195,52,255,1334.385,775.538
3196,64,255,123.516,774.922
3197,56,255,967.196,774.607
3198,192,255,1471.193,777.854
3199,71,255,396.993,775.894
3200,55,255,408.500,775.064
3201,180,255,1290.178,779.672
3202,52,255,1304.865,775.558
3203,46,255,203.304,776.152
3204,88,255,455.545,777.534
3205,26,255,467.269,774.538
3206,80,255,670.100,777.263
3207,135,255,997.974,777.522
3208,113,255,1240.137,778.022
3209,159,255,1426.764,776.821
3210,60,255,1529.217,777.367
3211,70,255,224.343,777.500
3212,68,255,552.426,777.971
3213,52,255,597.558,776.846
3214,66,255,636.727,776.470
3215,43,255,957.849,777.570
3216,117,255,1395.842,779.338
3217,114,255,1489.579,780.193
3218,29,255,66.707,777.776
3219,77,255,112.825,778.760
3220,123,255,166.752,780.289
3221,144,255,500.528,781.958
3222,94,255,1254.681,778.915
3223,122,255,692.770,780.500
3224,105,255,1313.995,781.367
3225,97,255,1352.211,779.448
3226,63,255,211.738,780.405
3227,125,255,612.476,781.444
3228,109,255,1037.427,781.142
3229,52,255,1500.077,780.596
3230,46,255,25.500,781.587
3231,116,255,78.293,782.233
3232,87,255,717.121,782.282
3233,68,255,1142.279,781.544
3234,65,255,1455.685,783.131
3235,69,255,424.529,782.833
3236,34,255,445.265,782.176
3237,41,255,511.744,781.841
3238,105,255,1009.176,784.110
3239,28,255,1064.536,781.250
3240,75,255,1205.153,782.380
3241,23,255,1267.413,780.630
3242,83,255,1406.934,783.114
3243,93,255,337.263,785.005
3244,158,255,354.684,786.842
3245,90,255,542.144,784.900
3246,86,255,34.407,785.081
3247,109,255,434.784,785.463
3248,58,255,579.276,784.172
3249,135,255,921.019,788.737
3250,61,255,1372.648,784.156
3251,51,255,412.480,785.480
3252,87,255,752.649,785.845
3253,94,255,909.543,787.457
3254,182,255,1121.808,788.995
3255,67,255,1153.933,786.231
3256,41,255,2.280,787.110
3257,79,255,282.639,786.538
3258,72,255,460.708,786.542
3259,84,255,727.560,786.845
3260,57,255,1102.711,786.535
3261,71,255,151.528,787.486
3262,53,255,1567.915,786.500
3263,116,255,1588.069,788.629
3264,55,255,256.209,787.991
3265,88,255,372.545,789.773
3266,54,255,869.611,787.926
3267,130,255,978.208,790.146
3268,24,255,1054.500,786.625
3269,120,255,849.600,791.400
3270,118,255,473.958,791.407
3271,90,255,819.922,790.811
3272,98,255,940.847,791.898
3273,106,255,1248.632,791.358
3274,83,255,1262.886,791.127
3275,73,255,65.637,791.719
3276,65,255,518.900,790.992
3277,134,255,564.649,791.940
3278,110,255,655.436,792.627
3279,89,255,788.511,791.242
3280,34,255,1337.529,790.412
3281,149,255,123.856,793.326
3282,164,255,1432.732,795.970
3283,111,255,44.050,794.860
3284,95,255,833.563,793.921
3285,86,255,998.174,792.930
3286,76,255,1067.145,793.118
3287,149,255,82.057,796.379
3288,112,255,707.893,794.857
3289,154,255,1283.247,798.708
3290,112,255,495.482,797.045
3291,63,255,672.468,795.484
3292,98,255,956.122,795.878
3293,55,255,1508.900,795.136
3294,32,255,168.312,795.062
3295,52,255,237.000,796.673
3296,63,255,1205.484,798.341
3297,48,255,1403.729,795.146
3298,80,255,249.312,797.200
3299,30,255,288.567,796.200
3300,59,255,389.466,798.076
3301,56,255,648.161,798.571
3302,92,255,1521.478,798.250
3303,115,255,212.039,799.926
3304,67,255,311.022,798.933
3305,71,255,428.810,797.951
3306,65,255,604.315,798.100
3307,71,255,814.317,799.021
3308,129,255,1175.167,800.849
3309,64,255,18.734,798.969
3310,65,255,759.700,798.854
3311,65,255,863.608,799.746
3312,100,255,1217.980,801.240
3313,73,255,1238.459,800.925
3314,47,255,1597.351,800.138
3315,58,255,63.121,800.552
3316,81,255,224.759,801.043
3317,148,255,631.966,804.277
3318,116,255,1416.164,801.983
3319,64,255,1553.484,799.531
3320,63,255,138.881,802.198
3321,82,255,377.280,801.232
3322,53,255,591.670,801.179
3323,31,255,1254.210,800.371
3324,70,255,110.057,802.243
3325,83,255,269.620,803.139
3326,29,255,1082.397,801.121
3327,97,255,1157.933,803.232
3328,109,255,913.564,804.683
3329,91,255,1192.115,803.885
3330,27,255,1342.426,802.130
3331,182,255,1457.929,806.863
3332,43,255,539.477,802.640
3333,46,255,1009.413,803.391
3334,52,255,1401.673,802.962
3335,63,255,189.103,805.246
3336,31,255,399.887,803.952
3337,71,255,572.599,806.289
3338,90,255,699.244,805.744
3339,65,255,713.300,805.454
3340,90,255,844.322,805.578
3341,57,255,1032.868,805.061
3342,73,255,1304.103,805.281
3343,81,255,320.377,807.377
3344,150,255,1377.353,808.607
3345,159,255,173.909,809.613
3346,132,255,1053.144,809.114
3347,119,255,1352.920,809.029
3348,190,255,1580.711,810.105
3349,182,255,454.736,812.824
3350,116,255,582.810,810.241
3351,126,255,609.548,810.087
3352,64,255,983.547,809.172
3353,44,255,1134.841,807.295
3354,78,255,498.910,810.718
3355,55,255,620.373,809.645
3356,71,255,732.979,809.373
3357,41,255,934.793,809.354
3358,25,255,1486.140,807.580
3359,45,255,305.078,809.989
3360,132,255,333.439,812.909
3361,41,255,438.329,809.598
3362,63,255,971.627,811.008
3363,71,255,1146.585,812.852
3364,100,255,1252.850,810.460
3365,42,255,1277.024,809.643
3366,53,255,34.764,811.613
3367,65,255,113.115,810.638
3368,66,255,258.167,811.212
3369,49,255,280.745,811.031
3370,81,255,957.895,811.130
3371,96,255,45.844,813.667
3372,46,255,86.261,811.217
3373,39,255,103.244,811.064
3374,42,255,395.071,812.619
3375,66,255,510.227,812.697
3376,101,255,1393.124,813.678
3377,60,255,1553.400,812.700
3378,51,255,161.480,813.853
3379,152,255,207.928,817.296
3380,140,255,407.014,817.007
3381,47,255,752.521,814.649
3382,35,255,1535.271,813.271
3383,190,255,783.047,820.142
3384,63,255,849.595,814.944
3385,91,255,891.357,816.555
3386,24,255,1038.500,813.792
3387,28,255,1114.679,813.393
3388,91,255,1341.049,816.775
3389,92,255,147.207,816.609
3390,120,255,472.525,817.925
3391,39,255,926.654,815.218
3392,141,255,565.394,819.989
3393,100,255,668.590,818.710
3394,26,255,948.885,816.115
3395,121,255,1482.161,818.079
3396,21,255,297.500,816.500
3397,27,255,421.315,817.019
3398,108,255,1083.722,819.648
3399,87,255,1297.799,819.121
3400,78,255,12.449,819.974
3401,117,255,82.543,820.440
3402,114,255,427.009,822.675
3403,110,255,488.318,821.100
3404,95,255,689.626,820.111
3405,42,255,879.786,817.952
3406,67,255,287.918,819.410
3407,45,255,720.367,820.056
3408,114,255,800.737,821.825
3409,94,255,825.138,821.298
3410,96,255,989.188,821.479
3411,50,255,1329.560,820.480
3412,85,255,742.018,822.053
3413,50,255,760.760,820.380
3414,103,255,918.112,823.500
3415,71,255,942.951,822.303
3416,154,255,1245.227,824.565
3417,120,255,320.842,824.292
3418,46,255,583.500,821.804
3419,41,255,932.159,822.183
3420,147,255,1027.895,824.153
3421,46,255,1353.565,822.261
3422,150,255,173.247,826.707
3423,66,255,232.848,824.061
3424,127,255,367.445,825.185
3425,73,255,502.842,823.226
3426,41,255,656.841,822.866
3427,85,255,1365.500,824.900
3428,24,255,1397.500,821.625
3429,163,255,1431.543,826.199
3430,138,255,349.116,826.072
3431,96,255,536.562,825.510
3432,63,255,1388.087,824.944
3433,36,255,1559.500,822.806
3434,38,255,251.132,824.079
3435,69,255,1121.138,825.848
3436,131,255,1185.553,827.523
3437,105,255,46.576,826.805
3438,85,255,297.147,828.112
3439,114,255,1535.904,828.860
3440,94,255,155.787,828.745
3441,73,255,605.678,827.075
3442,96,255,1320.583,828.552
3443,68,255,1407.794,827.132
3444,29,255,1197.741,827.638
3445,204,255,1282.083,832.721
3446,164,255,1503.573,831.652
3447,48,255,382.812,828.188
3448,58,255,734.328,829.483
3449,119,255,1046.937,830.517
3450,145,255,1222.169,831.459
3451,102,255,101.118,831.598
3452,89,255,144.669,832.275
3453,83,255,506.910,831.247
3454,53,255,963.255,830.651
3455,95,255,990.921,831.016
3456,43,255,1263.058,829.663
3457,93,255,129.715,832.016
3458,24,255,445.167,830.042
3459,105,255,589.729,832.433
3460,90,255,844.200,831.456
3461,152,255,1107.092,833.678
3462,20,255,1308.700,829.400
3463,23,255,6.109,831.022
3464,54,255,456.037,832.815
3465,93,255,1413.973,833.984
3466,81,255,400.241,834.006
3467,129,255,1451.012,835.453
3468,146,255,1561.349,835.205
3469,114,255,543.816,837.272
3470,208,255,669.750,841.981
3471,88,255,720.920,835.352
3472,34,255,956.353,833.735
3473,76,255,1082.842,833.855
3474,47,255,1542.819,833.479
3475,137,255,745.814,838.150
3476,48,255,887.792,835.000
3477,131,255,248.469,839.240
3478,101,255,271.045,837.144
3479,48,255,385.458,836.271
3480,129,255,705.252,840.539
3481,77,255,759.747,836.422
3482,78,255,1333.769,837.321
3483,115,255,415.613,839.178
3484,84,255,1022.286,837.548
3485,35,255,284.814,837.671
3486,84,255,489.107,838.893
3487,133,255,527.124,840.207
3488,82,255,819.232,839.756
3489,42,255,970.929,838.190
3490,144,255,1483.507,841.889
3491,82,255,429.037,840.329
3492,115,255,568.500,841.161
3493,28,255,980.250,838.143
3494,33,255,1154.379,837.652
3495,108,255,1303.519,840.287
3496,155,255,231.752,841.694
3497,45,255,295.078,839.278
3498,70,255,629.200,841.029
3499,42,255,770.500,841.381
3500,47,255,1132.904,840.202
3501,54,255,801.981,841.704
3502,110,255,1058.773,842.436
3503,39,255,1597.756,841.500
3504,77,255,655.812,843.097
3505,120,255,1368.467,843.267
3506,20,255,1511.900,841.150
3507,178,255,30.826,847.258
3508,65,255,135.962,843.962
3509,125,255,212.828,844.652
3510,86,255,639.791,844.733
3511,85,255,997.006,843.829
3512,91,255,76.720,845.896
3513,35,255,556.557,844.071
3514,96,255,834.885,844.698
3515,144,255,1183.965,848.181
3516,125,255,1245.644,846.548
3517,78,255,50.910,846.090
3518,80,255,190.812,846.337
3519,81,255,468.154,846.327
3520,94,255,894.479,846.191
3521,28,255,1339.607,844.179
3522,58,255,400.638,846.190
3523,122,255,452.508,848.639
3524,120,255,604.717,849.317
3525,153,255,685.428,849.520
3526,44,255,722.045,846.136
3527,95,255,786.679,846.900
3528,122,255,1075.066,849.057
3529,30,255,1533.433,844.900
3530,69,255,88.355,848.152
3531,105,255,120.519,850.976
3532,36,255,264.806,846.778
3533,96,255,330.542,848.458
3534,25,255,371.860,845.740
3535,105,255,478.395,848.890
3536,48,255,504.396,846.833
3537,68,255,985.059,847.809
3538,66,255,1200.227,848.576
3539,134,255,1214.388,848.731
3540,112,255,1395.607,849.098
3541,64,255,1434.234,848.750
3542,130,255,1150.054,850.431
3543,83,255,1470.861,849.428
3544,80,255,65.125,850.200
3545,109,255,586.069,850.390
3546,62,255,615.048,850.597
3547,53,255,1356.255,849.425
3548,78,255,1501.141,850.103
3549,51,255,108.637,850.637
3550,43,255,318.453,850.314
3551,67,255,494.082,850.500
3552,79,255,626.930,850.361
3553,91,255,883.192,851.984
3554,69,255,272.659,851.790
3555,118,255,346.703,852.381
3556,27,255,1007.648,850.463
3557,180,255,1311.561,855.067
3558,30,255,141.133,850.833
3559,202,255,910.772,856.673
3560,94,255,1281.255,852.915
3561,60,255,1540.917,853.067
3562,76,255,1551.947,853.329
3563,64,255,296.359,853.359
3564,82,255,196.707,855.329
3565,62,255,378.452,853.935
3566,136,255,428.162,856.574
3567,82,255,705.854,855.780
3568,78,255,1422.026,855.667
3569,111,255,747.779,858.086
3570,68,255,858.118,854.662
3571,67,255,935.336,854.933
3572,74,255,406.014,856.230
3573,146,255,1022.692,858.534
3574,83,255,1102.175,856.705
3575,116,255,1161.474,858.983
3576,48,255,1455.125,855.875
3577,96,255,773.646,858.656
3578,37,255,824.257,856.527
3579,43,255,1331.547,856.314
3580,113,255,1586.580,858.173
3581,78,255,387.679,859.205
3582,141,255,513.911,860.649
3583,119,255,806.845,861.256
3584,56,255,146.964,859.304
3585,137,255,253.807,863.704
3586,161,255,363.811,862.984
3587,29,255,784.431,858.086
3588,116,255,837.397,860.121
3589,90,255,1372.467,860.656
3590,80,255,490.900,860.663
3591,112,255,726.420,861.750
3592,120,255,1506.133,861.842
3593,66,255,7.909,861.258
3594,83,255,55.825,862.006
3595,59,255,443.500,860.839
3596,128,255,469.133,863.984
3597,82,255,561.524,862.159
3598,110,255,979.100,862.036
3599,87,255,103.937,863.178
3600,85,255,156.853,863.888
3601,22,255,283.182,861.818
3602,81,255,549.302,863.278
3603,99,255,761.045,863.439
3604,74,255,945.905,863.392
3605,61,255,1179.680,862.025
3606,120,255,1356.308,864.050
3607,57,255,1464.167,862.781
3608,76,255,89.513,864.513
3609,40,255,235.750,863.950
3610,130,255,665.092,864.808
3611,78,255,711.744,864.410
3612,63,255,928.373,862.468
3613,56,255,1035.500,863.804
3614,106,255,1073.038,865.264
3615,111,255,1261.572,864.689
3616,51,255,1435.029,862.833
3617,91,255,1568.632,864.324
3618,79,255,870.411,864.184
3619,56,255,77.250,864.804
3620,74,255,484.257,867.108
3621,76,255,989.697,866.000
3622,28,255,1058.107,864.893
3623,75,255,432.633,867.073
3624,23,255,584.109,864.543
3625,163,255,684.187,869.592
3626,56,255,1011.393,867.250
3627,44,255,1104.250,865.364
3628,126,255,1202.127,867.865
3629,62,255,1427.097,866.242
3630,122,255,1447.869,868.246
3631,144,255,1488.812,869.396
3632,39,255,37.551,866.064
3633,85,255,197.265,868.065
3634,153,255,1142.742,870.605
3635,23,255,1211.457,865.630
3636,73,255,882.884,870.075
3637,109,255,960.381,870.748
3638,59,255,1286.585,868.907
3639,99,255,632.106,871.995
3640,92,255,1275.402,871.250
3641,70,255,1530.914,870.671
3642,87,255,30.845,872.351
3643,75,255,332.993,872.287
3644,73,255,796.130,871.075
3645,132,255,1390.144,873.030
3646,47,255,1542.777,871.287
3647,74,255,171.770,872.176
3648,111,255,500.707,874.464
3649,52,255,698.923,872.365
3650,41,255,860.963,871.232
3651,107,255,935.098,873.322
3652,66,255,188.682,874.091
3653,171,255,838.436,875.190
3654,127,255,891.287,876.406
3655,99,255,1325.429,874.500
3656,142,255,9.303,877.775
3657,77,255,216.448,875.032
3658,125,255,908.508,876.284
3659,113,255,1253.031,878.942
3660,144,255,1578.403,877.264
3661,76,255,521.961,875.447
3662,102,255,541.010,876.206
3663,125,255,553.420,878.900
3664,83,255,728.645,876.163
3665,58,255,1464.172,874.776
3666,115,255,57.326,878.057
3667,66,255,739.848,877.288
3668,87,255,808.086,878.144
3669,129,255,1167.306,877.446
3670,74,255,1520.824,876.811
3671,123,255,1595.833,879.484
3672,65,255,79.331,876.531
3673,64,255,160.094,877.266
3674,120,255,580.700,879.925
3675,119,255,594.382,878.920
3676,72,255,1099.639,877.389
3677,85,255,1128.700,878.747
3678,176,255,235.875,881.432
3679,57,255,256.342,878.781
3680,65,255,391.377,878.454
3681,96,255,404.365,879.573
3682,35,255,750.100,877.357
3683,39,255,869.423,877.346
3684,62,255,1021.919,878.387
3685,84,255,1066.988,879.107
3686,31,255,565.790,877.952
3687,85,255,821.135,880.229
3688,98,255,857.663,880.286
3689,73,255,969.788,880.144
3690,99,255,1112.753,879.924
3691,166,255,1311.398,881.777
3692,39,255,90.141,879.449
3693,22,255,296.182,878.318
3694,105,255,354.262,881.748
3695,114,255,607.368,882.009
3696,190,255,773.726,882.832
3697,60,255,1044.100,880.017
3698,24,255,1079.625,879.167
3699,77,255,168.851,883.227
3700,91,255,422.467,882.049
3701,65,255,705.485,881.238
3702,93,255,717.962,882.715
3703,88,255,1428.818,881.682
3704,67,255,1480.082,880.664
3705,101,255,757.629,883.718
3706,115,255,796.630,886.135
3707,140,255,1353.250,885.321
3708,22,255,180.909,882.500
3709,96,255,984.500,883.812
3710,73,255,1094.034,884.432
3711,127,255,117.618,885.358
3712,32,255,1005.500,882.594
3713,84,255,1035.917,885.952
3714,136,255,1144.037,886.669
3715,31,255,47.145,885.565
3716,63,255,329.770,885.563
3717,84,255,629.524,886.690
3718,95,255,949.753,887.016
3719,134,255,381.746,890.000
3720,72,255,572.458,887.236
3721,91,255,1448.544,888.137
3722,86,255,366.023,889.407
3723,50,255,473.740,889.520
3724,141,255,660.408,889.691
3725,88,255,685.364,888.875
3726,97,255,85.397,890.335
3727,90,255,269.589,890.844
3728,81,255,921.858,890.648
3729,114,255,997.439,890.947
3730,73,255,1075.336,891.568
3731,100,255,1558.120,891.550
3732,64,255,483.469,891.969
3733,59,255,1083.839,891.280
3734,78,255,1168.385,891.115
3735,106,255,1242.142,893.906
3736,76,255,1428.211,891.184
3737,23,255,1491.196,890.239
3738,118,255,60.280,894.966
3739,108,255,287.704,894.222
3740,45,255,507.433,890.944
3741,82,255,703.366,892.146
3742,60,255,892.233,891.933
3743,80,255,1195.425,892.850
3744,131,255,1372.782,894.210
3745,98,255,1205.071,894.980
3746,146,255,142.164,895.849
3747,126,255,323.579,898.183
3748,61,255,493.992,894.795
3749,89,255,1275.062,895.140
3750,166,255,42.380,898.663
3751,46,255,189.087,895.348
3752,140,255,201.564,897.479
3753,88,255,393.125,896.750
3754,184,255,552.652,901.587
3755,160,255,1118.319,898.712
3756,84,255,1253.845,896.750
3757,68,255,606.544,896.853
3758,76,255,967.118,896.355
3759,32,255,1309.969,894.406
3760,91,255,15.115,898.940
3761,86,255,96.686,898.267
3762,79,255,157.766,897.930
3763,100,255,178.640,901.840
3764,115,255,235.752,899.909
3765,115,255,716.900,901.483
3766,69,255,762.529,897.630
3767,155,255,850.261,900.945
3768,80,255,1297.838,898.087
3769,125,255,1396.284,898.836
3770,120,255,1531.808,899.225
3771,49,255,168.949,898.459
3772,99,255,505.894,899.177
3773,78,255,872.372,899.154
3774,59,255,71.500,899.669
3775,30,255,370.933,898.667
3776,43,255,438.337,898.640
3777,84,255,659.405,899.917
3778,31,255,933.855,897.984
3779,41,255,1092.915,898.671
3780,105,255,633.614,901.052
3781,108,255,686.769,902.528
3782,129,255,734.306,901.547
3783,77,255,775.578,900.929
3784,39,255,918.321,899.218
3785,78,255,1037.141,901.333
3786,23,255,1285.500,898.674
3787,64,255,3.281,901.750
3788,80,255,219.575,901.237
3789,74,255,618.851,901.176
3790,111,255,1465.329,903.410
3791,48,255,579.250,902.521
3792,38,255,785.053,901.947
3793,96,255,824.312,902.521
3794,48,255,941.875,901.833
3795,86,255,1104.337,903.337
3796,56,255,1167.179,903.036
3797,97,255,1324.273,903.479
3798,127,255,1336.980,905.169
3799,119,255,1579.887,904.332
3800,42,255,568.857,903.167
3801,54,255,804.259,902.500
3802,91,255,1408.522,905.016
3803,74,255,84.270,905.014
3804,96,255,262.698,905.240
3805,36,255,311.083,903.944
3806,31,255,1311.694,902.597
3807,101,255,1422.015,905.173
3808,160,255,1553.419,907.394
3809,42,255,34.000,905.571
3810,50,255,274.980,904.880
3811,70,255,990.729,905.900
3812,104,255,1156.423,906.462
3813,74,255,1504.635,905.689
3814,34,255,673.059,905.971
3815,91,255,897.467,906.181
3816,35,255,926.500,905.329
3817,104,255,1362.558,907.962
3818,69,255,101.601,908.457
3819,109,255,1269.766,911.280
3820,55,255,1302.245,907.536
3821,147,255,1517.058,911.207
3822,82,255,26.610,909.829
3823,114,255,122.272,909.535
3824,75,255,449.273,908.207
3825,58,255,388.121,910.500
3826,137,255,1250.215,912.726
3827,82,255,426.756,911.756
3828,26,255,587.846,909.538
3829,119,255,1209.517,912.912
3830,20,255,59.650,910.250
3831,54,255,496.426,911.889
3832,37,255,607.392,910.446
3833,48,255,940.833,911.229
3834,90,255,411.933,913.389
3835,141,255,641.599,915.961
3836,25,255,1110.380,912.340
3837,73,255,1183.911,914.144
3838,52,255,172.596,913.269
3839,80,255,374.900,914.650
3840,32,255,482.250,913.688
3841,179,255,739.036,916.992
3842,148,255,758.155,917.446
3843,91,255,981.852,918.137
3844,102,255,1006.451,915.088
3845,100,255,1035.810,915.340
3846,53,255,1127.821,913.745
3847,82,255,1453.585,914.561
3848,126,255,529.254,916.532
3849,129,255,568.779,917.702
3850,110,255,803.245,918.218
3851,114,255,817.430,917.254
3852,40,255,1054.050,914.600
3853,97,255,1142.469,916.438
3854,90,255,148.433,916.911
3855,63,255,250.119,916.929
3856,72,255,320.111,916.500
3857,52,255,333.981,915.596
3858,76,255,1082.697,917.368
3859,55,255,1239.809,917.445
3860,63,255,1322.897,915.341
3861,107,255,5.575,920.724
3862,95,255,402.879,918.658
3863,20,255,629.750,915.450
3864,96,255,1171.990,919.208
3865,30,255,1197.033,916.700
3866,71,255,188.570,918.725
3867,89,255,354.826,919.062
3868,115,255,437.161,919.961
3869,71,255,596.162,918.754
3870,86,255,1465.884,920.174
3871,52,255,106.115,918.596
3872,119,255,204.609,922.492
3873,52,255,617.212,918.673
3874,141,255,677.777,921.621
3875,79,255,701.880,919.589
3876,42,255,1063.571,918.571
3877,41,255,89.354,918.988
3878,125,255,234.596,922.876
3879,54,255,452.944,919.796
3880,47,255,776.926,919.904
3881,78,255,1091.436,921.372
3882,34,255,1359.647,918.353
3883,72,255,127.653,921.444
3884,109,255,465.041,923.784
3885,64,255,490.078,920.641
3886,58,255,691.397,922.190
3887,114,255,848.623,923.851
3888,63,255,1423.849,921.563
3889,91,255,715.379,923.115
3890,27,255,1072.241,921.907
3891,30,255,1154.567,921.067
3892,44,255,1329.318,921.159
3893,110,255,1592.573,923.682
3894,53,255,342.858,923.557
3895,43,255,604.314,923.105
3896,56,255,793.696,922.643
3897,86,255,1262.012,923.860
3898,60,255,217.333,923.817
3899,86,255,266.244,924.942
3900,117,255,513.756,926.184
3901,72,255,655.306,924.833
3902,106,255,1481.142,925.575
3903,50,255,144.240,925.020
3904,83,255,868.235,926.187
3905,58,255,1102.259,924.603
3906,35,255,1413.814,924.957
3907,102,255,479.735,928.539
3908,59,255,921.924,927.941
3909,115,255,1296.622,927.343
3910,109,255,1313.252,927.023
3911,98,255,1525.194,927.163
3912,136,255,540.713,930.272
3913,30,255,911.900,926.467
3914,98,255,1049.459,928.582
3915,90,255,1538.533,928.133
3916,90,255,278.633,930.356
3917,94,255,314.447,930.787
3918,24,255,337.667,928.583
3919,88,255,1120.125,929.568
3920,102,255,103.029,930.922
3921,90,255,494.644,931.000
3922,56,255,586.482,929.571
3923,120,255,1330.067,931.392
3924,50,255,1358.780,929.680
3925,97,255,1456.582,931.149
3926,47,255,26.074,930.691
3927,80,255,401.225,932.712
3928,80,255,564.263,931.525
3929,76,255,783.382,931.513
3930,71,255,938.359,931.035
3931,52,255,34.904,932.462
3932,76,255,613.105,932.316
3933,165,255,737.967,935.742
3934,46,255,768.522,931.761
3935,28,255,1169.893,931.036
3936,50,255,1275.840,931.700
3937,169,255,167.352,935.920
3938,78,255,439.205,933.731
3939,90,255,526.222,934.322
3940,51,255,1079.559,932.951
3941,132,255,1432.705,935.765
3942,91,255,628.863,934.313
3943,76,255,796.553,935.145
3944,42,255,888.262,933.095
3945,60,255,1000.450,934.650
3946,142,255,1063.021,936.669
3947,68,255,1095.838,934.324
3948,29,255,134.293,934.086
3949,59,255,1267.347,935.551
3950,103,255,44.782,938.529
3951,39,255,299.603,935.577
3952,63,255,657.056,935.548
3953,110,255,703.618,936.645
3954,37,255,905.095,935.608
3955,83,255,1199.054,936.922
3956,59,255,513.941,937.585
3957,30,255,576.533,936.300
3958,24,255,647.917,935.208
3959,44,255,684.318,937.318
3960,67,255,1292.813,937.903
3961,31,255,1398.597,936.016
3962,91,255,1505.412,938.830
3963,78,255,195.500,938.744
3964,83,255,1031.801,939.018
3965,109,255,1181.445,938.977
3966,67,255,1418.739,938.933
3967,47,255,2.181,940.883
3968,71,255,186.092,939.768
3969,29,255,346.190,937.603
3970,91,255,414.874,939.951
3971,80,255,596.775,940.263
3972,102,255,1255.363,940.843
3973,109,255,1548.977,940.454
3974,74,255,24.716,940.014
3975,74,255,752.986,940.432
3976,53,255,841.783,939.292
3977,65,255,1124.869,940.931
3978,87,255,1231.282,940.615
3979,45,255,1353.322,939.522
3980,39,255,1385.577,939.859
3981,22,255,430.364,940.045
3982,84,255,774.917,942.024
3983,103,255,810.908,944.053
3984,71,255,1115.458,941.415
3985,109,255,1282.757,945.427
3986,131,255,1313.981,942.813
3987,152,255,64.796,944.947
3988,117,255,357.192,942.876
3989,103,255,1451.782,943.034
3990,51,255,250.284,943.245
3991,121,255,330.252,944.698
3992,108,255,449.120,944.398
3993,86,255,473.477,943.977
3994,59,255,763.042,943.500
3995,88,255,1143.545,943.602
3996,44,255,10.932,945.818
3997,86,255,108.186,946.814
3998,39,255,138.577,945.654
3999,44,255,575.432,945.227
4000,122,255,666.164,946.074
4001,27,255,875.019,943.907
4002,87,255,1162.833,946.282
4003,78,255,230.603,947.526
4004,28,255,342.714,945.857
4005,59,255,382.381,946.839
4006,69,255,621.891,946.543
4007,85,255,792.500,946.406
4008,28,255,888.464,945.393
4009,33,255,1081.348,944.894
4010,90,255,1200.644,946.022
4011,108,255,1398.944,947.194
4012,130,255,84.700,949.723
4013,49,255,202.888,947.745
4014,97,255,216.562,947.933
4015,58,255,512.638,946.293
4016,71,255,716.796,948.007
4017,119,255,727.912,949.492
4018,75,255,295.140,948.673
4019,109,255,544.381,949.023
4020,27,255,903.056,946.833
4021,51,255,913.931,948.029
4022,72,255,163.556,949.278
4023,63,255,239.484,949.627
4024,62,255,833.306,949.097
4025,176,255,1218.210,952.307
4026,67,255,1268.246,949.739
4027,61,255,1412.861,949.156
4028,34,255,1584.353,948.029
4029,70,255,306.957,951.129
4030,69,255,818.370,950.007
4031,124,255,1074.524,953.242
4032,98,255,1489.571,951.122
4033,89,255,41.376,952.421
4034,81,255,263.204,951.500
4035,89,255,411.433,952.084
4036,162,255,606.679,955.284
4037,103,255,640.325,952.131
4038,145,255,1358.341,953.355
4039,75,255,1520.647,952.953
4040,73,255,589.418,952.336
4041,39,255,960.910,952.474
4042,33,255,1021.015,952.318
4043,117,255,1054.192,953.534
4044,59,255,1344.161,952.720
4045,48,255,1578.688,952.292
4046,36,255,119.444,951.806
4047,69,255,282.065,953.804
4048,57,255,953.149,953.044
4049,42,255,1128.690,952.214
4050,52,255,1188.615,953.385
4051,80,255,565.312,955.388
4052,64,255,622.938,954.344
4053,160,255,753.919,956.862
4054,77,255,982.422,957.032
4055,25,255,1177.860,953.820
4056,63,255,1375.659,956.103
4057,130,255,1388.654,958.723
4058,96,255,454.521,956.677
4059,70,255,473.000,956.000
4060,97,255,486.088,957.098
4061,86,255,696.430,956.872
4062,61,255,972.877,956.123
4063,97,255,7.067,959.912
4064,70,255,373.400,957.700
4065,95,255,792.605,958.574
4066,76,255,1145.947,958.224
4067,147,255,1240.704,961.044
4068,44,255,1333.636,958.182
4069,38,255,1423.447,958.263
4070,82,255,1533.024,958.780
4071,94,255,21.245,960.809
4072,112,255,94.018,961.205
4073,62,255,244.371,959.516
4074,61,255,573.861,959.402
4075,59,255,669.195,958.958
4076,49,255,910.214,957.724
4077,132,255,1109.659,962.280
4078,58,255,1436.621,959.379
4079,34,255,1465.353,958.618
4080,44,255,1504.932,958.250
4081,63,255,122.167,959.325
4082,60,255,204.383,959.783
4083,56,255,383.500,961.054
4084,90,255,400.800,961.022
4085,83,255,424.886,961.681
4086,44,255,440.932,960.750
4087,107,255,653.089,961.173
4088,222,255,329.450,967.279
4089,128,255,711.609,963.469
4090,81,255,805.735,961.475
4091,152,255,831.467,963.250
4092,59,255,1157.568,961.839
4093,20,255,1591.150,960.600
4094,180,255,45.022,965.706
4095,62,255,262.065,962.258
4096,66,255,1487.152,961.545
4097,74,255,1128.662,963.824
4098,89,255,1192.421,964.399
4099,151,255,1270.156,966.394
4100,79,255,144.665,964.437
4101,107,255,216.565,966.481
4102,39,255,553.885,963.474
4103,55,255,955.464,963.336
4104,113,255,1000.004,965.243
4105,158,255,1210.557,966.943
4106,84,255,1015.095,966.071
4107,89,255,1528.949,967.781
4108,109,255,1543.950,966.693
4109,73,255,193.760,966.651
4110,93,255,303.102,967.285
4111,161,255,351.183,967.817
4112,111,255,881.230,969.050
4113,84,255,1136.238,968.500
4114,85,255,1255.065,967.135
4115,68,255,1430.118,967.868
4116,48,255,375.875,967.938
4117,101,255,944.955,968.490
4118,82,255,1076.207,968.159
4119,97,255,1296.191,967.696
4120,94,255,502.255,969.138
4121,98,255,540.704,968.327
4122,54,255,564.241,966.981
4123,157,255,680.385,970.965
4124,91,255,177.181,970.368
4125,43,255,624.221,968.267
4126,57,255,736.342,968.640
4127,65,255,916.623,968.577
4128,103,255,1510.335,970.150
4129,89,255,1062.893,970.893
4130,54,255,1329.611,969.481
4131,38,255,1559.395,969.316
4132,84,255,103.988,972.500
4133,27,255,363.167,970.167
4134,61,255,394.516,970.303
4135,91,255,519.478,971.588
4136,97,255,772.510,971.119
4137,34,255,1285.235,970.647
4138,138,255,1411.087,972.942
4139,29,255,153.741,971.121
4140,129,255,440.438,973.888
4141,81,255,466.512,972.475
4142,85,255,1042.347,973.076
4143,158,255,1155.424,975.019
4144,119,255,1481.903,973.181
4145,78,255,1567.667,973.167
4146,55,255,20.009,973.573
4147,170,255,1178.647,976.471
4148,97,255,418.015,974.242
4149,96,255,1341.646,975.417
4150,38,255,1387.289,972.605
4151,88,255,598.125,975.477
4152,56,255,638.946,973.911
4153,72,255,655.139,975.194
4154,95,255,1318.289,976.500
4155,58,255,210.328,976.586
4156,86,255,1398.000,977.977
4157,156,255,477.795,981.474
4158,110,255,578.827,978.391
4159,55,255,851.773,976.482
4160,89,255,982.669,977.646
4161,106,255,1354.698,978.887
4162,127,255,124.776,981.217
4163,82,255,258.378,978.780
4164,89,255,299.747,978.803
4165,90,255,165.633,980.544
4166,77,255,245.539,980.097
4167,86,255,383.267,980.360
4168,60,255,1442.167,979.417
4169,80,255,3.638,982.413
4170,134,255,42.866,980.239
4171,54,255,232.741,979.981
4172,171,255,534.529,982.541
4173,40,255,916.700,978.500
4174,104,255,947.952,980.731
4175,91,255,1094.731,981.104
4176,76,255,1380.289,980.605
4177,69,255,368.804,981.819
4178,122,255,512.664,983.746
4179,22,255,630.636,979.909
4180,133,255,1111.628,983.477
4181,65,255,1462.946,981.300
4182,85,255,1494.429,981.818
4183,103,255,736.811,982.995
4184,143,255,802.003,986.178
4185,52,255,1291.519,982.308
4186,96,255,324.427,985.573
4187,59,255,647.653,984.398
4188,78,255,1197.295,983.474
4189,92,255,1253.772,983.804
4190,42,255,865.143,983.500
4191,26,255,1028.385,982.769
4192,138,255,1541.072,987.188
4193,91,255,16.786,986.874
4194,103,255,151.578,987.607
4195,76,255,354.882,985.355
4196,46,255,449.870,984.739
4197,151,255,562.639,987.699
4198,110,255,658.336,987.655
4199,75,255,687.300,985.473
4200,99,255,700.662,985.520
4201,89,255,764.253,985.725
4202,99,255,1224.813,986.177
4203,36,255,1238.167,984.056
4204,88,255,1307.830,985.977
4205,110,255,1557.755,986.600
4206,77,255,103.942,987.279
4207,90,255,179.789,987.433
4208,93,255,214.747,986.790
4209,29,255,424.707,984.638
4210,64,255,721.938,986.734
4211,74,255,893.959,986.919
4212,177,255,926.771,990.444
4213,112,255,1430.554,987.518
4214,39,255,401.731,986.577
4215,45,255,604.989,986.256
4216,51,255,819.500,986.500
4217,44,255,847.318,986.545
4218,31,255,1128.629,985.790
4219,138,255,1366.971,990.399
4220,81,255,1510.488,987.562
4221,77,255,1591.539,987.552
4222,46,255,635.804,989.130
4223,79,255,1065.753,988.095
4224,64,255,1340.281,987.312
4225,41,255,78.476,988.085
4226,71,255,270.570,988.725
4227,41,255,412.768,988.500
4228,107,255,1489.005,990.547
4229,37,255,789.554,988.824
4230,120,255,443.158,993.592
4231,38,255,1135.105,990.237
4232,96,255,49.604,993.198
4233,74,255,236.000,992.500
4234,47,255,290.053,991.564
4235,36,255,489.444,991.278
4236,67,255,611.306,992.858
4237,58,255,626.379,992.828
4238,111,255,1145.572,993.482
4239,72,255,368.875,993.042
4240,85,255,586.594,993.429
4241,59,255,912.076,993.110
4242,81,255,1050.907,993.130
4243,82,255,1161.488,994.256
4244,80,255,1183.338,995.013
4245,80,255,34.712,995.800
4246,59,255,332.703,994.212
4247,70,255,346.043,995.186
4248,32,255,598.875,994.156
4249,58,255,834.293,994.448
4250,61,255,877.828,994.828
4251,99,255,994.369,995.399
4252,118,255,1387.780,996.246
4253,64,255,83.016,994.922
4254,36,255,123.806,994.194
4255,65,255,189.777,994.269
4256,80,255,816.125,994.925
4257,56,255,848.214,994.179
4258,41,255,950.451,993.939
4259,55,255,1209.173,995.245
4260,121,255,1575.343,997.351
4261,70,255,1098.843,995.957
4262,98,255,1172.204,999.908
4263,92,255,1196.880,997.402
4264,49,255,1468.663,996.276
4265,62,255,10.484,996.903
4266,124,255,246.234,999.621
4267,48,255,519.250,996.208
4268,123,255,716.988,998.947
4269,56,255,1117.964,996.589
4270,93,255,1242.489,998.016
4271,103,255,1335.131,998.646
4272,78,255,1411.590,997.462
4273,39,255,427.269,997.654
4274,33,255,549.015,997.591
4275,135,255,1224.144,1000.441
4276,113,255,1309.633,1000.889
4277,70,255,1509.457,997.743
4278,89,255,415.163,1000.343
4279,85,255,750.371,1000.618
4280,129,255,1078.236,1001.469
4281,21,255,1286.167,997.976
4282,92,255,1435.467,999.641
4283,62,255,116.210,999.806
4284,83,255,312.452,1001.090
4285,140,255,691.064,1003.029
4286,67,255,790.694,999.918
4287,28,255,1128.286,999.286
4288,103,255,1531.888,1001.597
4289,37,255,1597.554,1000.473
4290,58,255,150.034,1000.914
4291,55,255,276.027,1001.700
4292,40,255,21.950,1002.000
4293,58,255,391.828,1002.500
4294,53,255,1588.443,1002.047
4295,34,255,193.353,1001.765
4296,81,255,576.389,1003.907
4297,78,255,741.744,1004.500
4298,84,255,974.548,1003.917
4299,74,255,1366.284,1003.068
4300,91,255,380.148,1004.599
4301,81,255,516.957,1004.130
4302,63,255,660.976,1004.103
4303,37,255,888.743,1003.365
4304,58,255,1030.414,1003.448
4305,47,255,986.798,1005.011
4306,101,255,90.441,1007.312
4307,140,255,130.593,1009.800
4308,27,255,358.500,1005.019
4309,61,255,436.910,1006.221
4310,43,255,671.733,1006.407
4311,73,255,846.377,1005.705
4312,54,255,897.907,1005.870
4313,58,255,1460.241,1006.603
4314,47,255,1508.415,1007.138
4315,57,255,264.482,1006.763
4316,34,255,784.353,1006.088
4317,82,255,859.707,1008.854
4318,59,255,1257.195,1007.568
4319,66,255,1429.909,1008.227
4320,93,255,12.704,1009.747
4321,53,255,808.840,1007.311
4322,79,255,929.399,1008.348
4323,26,255,1195.231,1006.385
4324,40,255,1208.375,1006.850
4325,73,255,80.103,1010.705
4326,113,255,173.934,1010.615
4327,33,255,347.712,1008.045
4328,89,255,950.612,1009.455
4329,92,255,1092.293,1011.272
4330,97,255,1148.139,1009.376
4331,91,255,155.808,1010.962
4332,162,255,300.994,1013.623
4333,124,255,1106.605,1011.508
4334,99,255,1270.520,1011.621
4335,56,255,1380.339,1010.679
4336,83,255,713.536,1012.343
4337,39,255,1185.603,1010.859
4338,159,255,1355.965,1013.953
4339,90,255,1553.133,1012.133
4340,70,255,700.829,1012.629
4341,74,255,1225.459,1011.946
4342,78,255,1285.077,1012.590
4343,65,255,1440.315,1012.762
4344,39,255,40.654,1013.295
4345,105,255,67.386,1014.176
4346,99,255,114.864,1015.136
4347,108,255,318.148,1014.389
4348,29,255,430.086,1012.086
4349,81,255,830.636,1013.031
4350,37,255,964.149,1012.392
4351,79,255,1297.728,1014.032
4352,79,255,1568.222,1013.551
4353,101,255,49.540,1016.124
4354,56,255,208.768,1013.839
4355,33,255,586.500,1013.682
4356,62,255,595.758,1014.452
4357,49,255,623.622,1014.255
4358,70,255,984.743,1014.457
4359,107,255,1000.584,1020.407
4360,51,255,1204.578,1014.716
4361,144,255,1311.896,1018.007
4362,83,255,572.367,1015.331
4363,61,255,1011.041,1016.697
4364,75,255,1237.953,1016.127
4365,83,255,103.777,1018.223
4366,96,255,182.656,1018.250
4367,51,255,415.245,1016.794
4368,59,255,478.771,1017.347
4369,121,255,758.145,1020.475
4370,54,255,1020.963,1018.667
4371,38,255,1031.605,1017.737
4372,84,255,1452.143,1019.179
4373,79,255,142.500,1020.146
4374,85,255,274.594,1020.006
4375,67,255,1141.634,1018.694
4376,85,255,1381.853,1019.229
4377,36,255,1591.944,1017.750
4378,56,255,856.107,1019.804
4379,86,255,970.849,1021.047
4380,75,255,1251.820,1019.767
4381,94,255,1395.798,1021.436
4382,85,255,261.100,1021.606
4383,87,255,933.224,1022.029
4384,96,255,1080.896,1021.552
4385,32,255,1217.406,1020.156
4386,74,255,219.108,1022.135
4387,28,255,292.464,1021.714
4388,62,255,352.629,1021.694
4389,71,255,365.838,1022.739
4390,129,255,399.043,1023.384
4391,99,255,428.561,1025.338
4392,60,255,735.617,1021.583
4393,83,255,1339.849,1023.163
4394,63,255,282.198,1024.579
4395,32,255,459.312,1022.406
4396,72,255,503.597,1022.653
4397,106,255,956.208,1024.877
4398,58,255,1160.603,1022.897
4399,48,255,417.479,1023.708
4400,49,255,442.173,1024.663
4401,50,255,607.000,1023.160
4402,42,255,634.429,1023.452
4403,73,255,88.815,1024.747
4404,54,255,133.481,1025.630
4405,31,255,546.242,1023.468
4406,24,255,886.792,1023.917
4407,67,255,896.381,1025.306
4408,79,255,1108.120,1025.323
4409,200,255,1489.530,1027.465
4410,55,255,1596.664,1025.627
4411,31,255,311.500,1024.500
4412,63,255,615.659,1026.262
4413,116,255,673.560,1027.836
4414,52,255,771.135,1025.788
4415,43,255,1026.965,1025.686
4416,113,255,1556.553,1027.173
4417,63,255,532.468,1026.595
4418,55,255,745.009,1027.536
4419,105,255,1121.976,1029.405
4420,56,255,1144.429,1027.857
4421,65,255,1232.115,1026.669
4422,90,255,1290.378,1027.467
4423,49,255,562.704,1026.969
4424,86,255,1247.674,1028.709
4425,90,255,1360.433,1028.956
4426,94,255,1416.713,1029.085
4427,107,255,47.379,1030.500
4428,44,255,520.841,1028.841
4429,44,255,833.318,1028.364
4430,22,255,1205.455,1027.818
4431,51,255,1537.265,1028.853
4432,38,255,25.500,1029.000
4433,62,255,151.226,1029.952
4434,47,255,206.138,1030.479
4435,175,255,1514.603,1033.254
4436,34,255,880.176,1030.059
4437,67,255,918.813,1031.201
4438,105,255,255.795,1033.748
4439,63,255,1456.976,1031.881
4440,68,255,1584.632,1032.397
4441,83,255,162.633,1034.223
4442,106,255,504.425,1034.075
4443,31,255,660.274,1031.274
4444,39,255,850.372,1032.321
4445,71,255,1030.697,1033.669
4446,40,255,1050.325,1031.125
4447,138,255,1433.725,1034.551
4448,46,255,357.957,1034.391
4449,27,255,800.907,1032.574
4450,64,255,936.188,1033.812
4451,39,255,1014.141,1033.013
4452,98,255,1279.092,1036.061
4453,72,255,1325.278,1033.931
4454,128,255,1572.523,1037.133
4455,64,255,4.188,1035.266
4456,102,255,136.539,1038.373
4457,62,255,215.355,1036.919
4458,52,255,370.519,1033.808
4459,50,255,694.780,1034.700
4460,71,255,820.246,1034.261
4461,69,255,885.080,1036.688
4462,116,255,1346.026,1037.845
4463,60,255,1545.517,1035.600
4464,34,255,584.706,1035.059
4465,90,255,1172.122,1037.189
4466,81,255,110.056,1037.302
4467,67,255,1151.455,1037.440
4468,70,255,1263.971,1036.814
4469,53,255,1591.349,1037.406
4470,90,255,176.756,1038.478
4471,99,255,237.894,1040.015
4472,65,255,423.854,1038.008
4473,66,255,1231.803,1038.364
4474,86,255,1475.209,1038.442
4475,134,255,23.388,1043.007
4476,22,255,684.818,1038.227
4477,77,255,842.006,1039.929
4478,37,255,870.662,1037.581
4479,37,255,1401.122,1038.581
4480,80,255,1416.787,1039.100
4481,74,255,83.203,1040.365
4482,84,255,281.298,1041.345
4483,122,255,297.475,1040.680
4484,56,255,713.464,1040.321
4485,72,255,856.139,1040.833
4486,59,255,966.246,1039.517
4487,184,255,1194.250,1044.174
4488,70,255,1244.529,1040.171
4489,27,255,542.981,1039.907
4490,81,255,553.846,1041.907
4491,67,255,728.769,1040.261
4492,49,255,757.255,1040.133
4493,53,255,770.123,1040.802
4494,94,255,783.638,1041.851
4495,31,255,1116.661,1039.726
4496,33,255,652.530,1040.197
4497,94,255,983.011,1044.128
4498,72,255,1079.139,1041.847
4499,102,255,1366.314,1043.382
4500,45,255,99.789,1042.411
4501,48,255,532.458,1042.521
4502,37,255,823.554,1042.068
4503,53,255,1011.142,1041.783
4504,40,255,1180.025,1042.475
4505,68,255,1304.912,1043.794
4506,39,255,1445.782,1042.038
4507,21,255,1.786,1043.071
4508,83,255,43.681,1045.355
4509,104,255,204.413,1044.490
4510,37,255,803.959,1042.851
4511,64,255,909.156,1043.531
4512,58,255,946.172,1043.362
4513,50,255,997.420,1043.140
4514,50,255,1097.680,1043.340
4515,55,255,73.700,1045.318
4516,138,255,516.739,1047.406
4517,100,255,587.720,1045.120
4518,55,255,697.864,1044.100
4519,86,255,835.756,1046.326
4520,47,255,925.074,1044.457
4521,77,255,1065.851,1047.149
4522,35,255,1107.757,1044.014
4523,21,255,272.643,1044.690
4524,62,255,610.484,1046.355
4525,86,255,642.105,1045.988
4526,58,255,1056.086,1046.655
4527,70,255,1471.057,1046.514
4528,66,255,156.712,1046.970
4529,59,255,570.059,1046.449
4530,51,255,666.108,1045.206
4531,132,255,1226.795,1050.795
4532,131,255,113.981,1049.981
4533,51,255,342.324,1047.284
4534,51,255,379.775,1047.990
4535,40,255,392.650,1046.575
4536,24,255,491.417,1046.167
4537,27,255,601.278,1046.981
4538,47,255,870.415,1046.543
4539,40,255,959.075,1047.750
4540,58,255,1317.190,1047.810
4541,78,255,1339.923,1048.423
4542,56,255,1505.929,1047.821
4543,49,255,65.051,1049.153
4544,30,255,178.933,1047.700
4545,54,255,474.685,1049.648
4546,90,255,1121.544,1051.533
4547,26,255,191.923,1048.577
4548,31,255,432.403,1049.274
4549,79,255,737.487,1049.601
4550,20,255,1046.950,1048.400
4551,31,255,1178.242,1049.758
4552,77,255,1452.461,1050.045
4553,44,255,1554.591,1049.864
4554,58,255,170.362,1051.724
4555,140,255,251.364,1051.386
4556,37,255,412.500,1050.500
4557,59,255,443.822,1051.347
4558,47,255,499.840,1051.202
4559,38,255,951.763,1050.053
4560,50,255,1159.880,1050.400
4561,121,255,1212.211,1051.880
4562,122,255,1496.590,1055.475
4563,22,255,97.273,1051.227
4564,59,255,538.924,1051.992
4565,48,255,809.500,1051.104
4566,40,255,1001.050,1050.800
4567,49,255,1359.847,1051.541
4568,54,255,282.519,1052.389
4569,44,255,423.955,1051.773
4570,50,255,483.800,1053.060
4571,44,255,557.750,1051.909
4572,81,255,791.796,1052.500
4573,50,255,865.740,1052.380
4574,64,255,1516.516,1054.078
4575,32,255,30.750,1052.750
4576,47,255,394.415,1052.862
4577,31,255,547.113,1054.790
4578,75,255,671.340,1053.433
4579,35,255,914.729,1052.929
4580,59,255,973.636,1053.347
4581,56,255,160.143,1056.179
4582,95,255,221.268,1056.079
4583,23,255,326.370,1053.761
4584,34,255,880.647,1054.235
4585,99,255,927.066,1056.662
4586,72,255,1077.181,1055.056
4587,23,255,1596.239,1054.109
4588,38,255,776.053,1054.237
4589,100,255,1385.380,1057.000
4590,105,255,1404.624,1057.024
4591,101,255,314.163,1059.629
4592,23,255,599.717,1055.630
4593,38,255,1011.579,1056.132
4594,92,255,1246.935,1057.946
4595,24,255,1339.417,1055.667
4596,92,255,2.902,1063.022
4597,80,255,143.000,1058.700
4598,40,255,373.750,1057.325
4599,58,255,892.155,1058.172
4600,77,255,1109.032,1058.552
4601,75,255,1259.687,1059.687
4602,36,255,1096.194,1059.306
4603,69,255,1418.384,1059.688
4604,93,255,1428.618,1060.220
4605,61,255,752.533,1059.434
4606,49,255,941.255,1059.806
4607,44,255,1000.864,1059.705
4608,120,255,1529.167,1062.383
4609,40,255,87.625,1060.150
4610,82,255,292.927,1061.329
4611,38,255,713.737,1060.263
4612,92,255,1031.120,1063.283
4613,156,255,1302.154,1063.942
4614,23,255,1347.065,1058.761
4615,78,255,29.705,1062.654
4616,83,255,202.524,1063.054
4617,75,255,641.420,1062.513
4618,66,255,731.515,1062.348
4619,82,255,1458.622,1062.476
4620,119,255,657.004,1065.113
4621,46,255,703.217,1063.543
4622,51,255,1143.402,1061.990
4623,79,255,1589.994,1065.158
4624,52,255,226.577,1063.827
4625,27,255,466.611,1062.685
4626,22,255,694.409,1062.545
4627,35,255,1018.471,1063.271
4628,109,255,18.326,1068.298
4629,70,255,574.843,1064.686
4630,28,255,600.000,1063.214
4631,94,255,620.489,1063.926
4632,88,255,764.511,1065.682
4633,90,255,807.422,1067.267
4634,41,255,1121.793,1064.768
4635,102,255,1360.549,1065.392
4636,90,255,1575.822,1066.711
4637,87,255,125.845,1068.638
4638,31,255,347.887,1064.726
4639,45,255,360.100,1065.678
4640,27,255,455.278,1064.722
4641,28,255,480.250,1064.179
4642,48,255,551.521,1065.854
4643,103,255,846.966,1067.209
4644,61,255,1132.664,1066.713
4645,53,255,1282.802,1066.160
4646,51,255,1506.029,1066.186
4647,82,255,1563.963,1066.902
4648,47,255,139.330,1066.798
4649,99,255,791.025,1068.773
4650,118,255,990.212,1068.653
4651,50,255,1081.060,1066.660
4652,58,255,1236.879,1066.638
4653,45,255,1326.811,1066.278
4654,107,255,83.621,1069.678
4655,54,255,114.093,1069.185
4656,99,255,536.692,1069.520
4657,69,255,1092.384,1068.746
4658,196,255,1481.168,1072.786
4659,34,255,437.059,1068.882
4660,60,255,594.467,1068.400
4661,52,255,826.538,1067.981
4662,59,255,885.127,1068.975
4663,100,255,1173.160,1069.740
4664,70,255,1270.029,1069.657
4665,53,255,1319.198,1069.519
4666,50,255,403.820,1071.880
4667,66,255,1251.500,1069.515
4668,75,255,55.580,1071.887
4669,68,255,415.250,1071.368
4670,28,255,427.500,1069.750
4671,50,255,498.920,1071.220
4672,69,255,896.819,1071.601
4673,40,255,1103.475,1070.175
4674,55,255,162.973,1071.718
4675,58,255,311.345,1072.138
4676,35,255,331.243,1071.100
4677,63,255,1394.754,1073.913
4678,45,255,1412.589,1071.189
4679,30,255,207.767,1072.033
4680,90,255,293.689,1074.456
4681,23,255,485.891,1070.935
4682,38,255,694.553,1071.921
4683,23,255,907.935,1071.891
4684,121,255,1333.219,1075.070
4685,58,255,1511.345,1073.103
4686,79,255,1540.601,1073.475
4687,38,255,269.474,1073.289
4688,40,255,453.650,1073.875
4689,72,255,673.431,1074.264
4690,71,255,867.162,1074.415
4691,30,255,1057.500,1073.000
4692,74,255,1378.176,1074.527
4693,81,255,1453.006,1074.500
4694,89,255,1463.309,1076.691
4695,32,255,1522.438,1072.938
4696,51,255,73.853,1075.343
4697,26,255,1.769,1075.731
4698,51,255,30.480,1075.422
4699,66,255,192.212,1076.530
4700,58,255,952.448,1079.190
4701,35,255,40.129,1076.071
4702,45,255,214.856,1076.433
4703,71,255,227.880,1078.542
4704,24,255,430.042,1075.917
4705,41,255,580.402,1076.573
4706,46,255,742.457,1076.804
4707,36,255,775.639,1076.111
4708,57,255,1122.500,1076.728
4709,46,255,1366.891,1076.891
4710,96,255,1550.240,1079.417
4711,57,255,139.991,1078.570
4712,36,255,152.944,1077.306
4713,55,255,325.118,1077.445
4714,55,255,1188.755,1078.009
4715,52,255,547.846,1078.942
4716,41,255,657.012,1079.085
4717,36,255,751.361,1077.889
4718,72,255,939.917,1079.319
4719,26,255,964.923,1077.923
4720,84,255,1136.964,1078.881
4721,41,255,1218.085,1078.256
4722,36,255,1420.639,1078.111
4723,66,255,381.303,1080.788
4724,41,255,491.671,1079.720
4725,44,255,608.273,1079.250
4726,49,255,815.214,1079.663
4727,79,255,1004.690,1079.791
4728,70,255,1067.557,1079.914
4729,58,255,1265.017,1079.569
4730,33,255,19.621,1080.470
4731,63,255,102.452,1081.151
4732,44,255,373.159,1081.318
4733,63,255,1090.516,1081.151
4734,102,255,1110.980,1082.206
4735,30,255,1151.067,1079.833
4736,35,255,1497.414,1080.043
4737,28,255,641.286,1081.500
4738,69,255,989.326,1082.746
4739,113,255,1440.881,1082.695
4740,39,255,1559.064,1081.756
4741,31,255,270.952,1081.242
4742,49,255,914.133,1082.602
4743,49,255,1201.602,1081.867
4744,46,255,1242.739,1081.543
4745,41,255,695.915,1083.256
4746,44,255,355.205,1085.614
4747,22,255,364.227,1083.500
4748,87,255,898.282,1087.098
4749,52,255,979.923,1084.692
4750,71,255,1024.345,1084.838
4751,81,255,1397.302,1085.981
4752,82,255,1412.268,1084.915
4753,34,255,1565.706,1084.118
4754,58,255,178.086,1086.241
4755,35,255,668.786,1085.357
4756,40,255,767.625,1085.250
4757,96,255,1379.094,1086.969
4758,36,255,256.250,1085.750
4759,65,255,344.162,1087.115
4760,36,255,330.722,1086.694
4761,42,255,502.310,1087.762
4762,41,255,745.598,1086.744
4763,50,255,805.300,1088.180
4764,37,255,1212.824,1087.203
4765,32,255,20.125,1088.156
4766,62,255,222.226,1087.968
4767,52,255,400.250,1089.288
4768,49,255,606.541,1088.133
4769,29,255,1368.224,1088.086
4770,54,255,32.593,1089.722
4771,84,255,244.714,1090.786
4772,51,255,515.990,1090.912
4773,54,255,1513.741,1090.130
4774,38,255,47.842,1089.895
4775,50,255,265.640,1090.940
4776,63,255,434.437,1091.690
4777,35,255,908.129,1090.271
4778,70,255,1440.771,1090.800
4779,54,255,309.796,1091.296
4780,43,255,416.523,1092.105
4781,24,255,623.708,1089.792
4782,41,255,722.037,1091.573
4783,55,255,878.245,1091.500
4784,77,255,286.669,1094.942
4785,29,255,524.845,1093.466
4786,37,255,774.446,1092.068
4787,48,255,968.292,1092.312
4788,36,255,1134.556,1094.083
4789,95,255,1528.847,1093.447
4790,31,255,373.403,1092.565
4791,60,255,483.600,1093.317
4792,45,255,1018.500,1093.011
4793,43,255,1204.221,1093.616
4794,49,255,1258.418,1093.296
4795,51,255,1566.833,1093.833
4796,39,255,207.295,1094.628
4797,29,255,298.845,1093.776
4798,47,255,1299.266,1094.181
4799,67,255,1337.873,1094.590
4800,40,255,1389.150,1094.575
4801,72,255,1426.931,1095.264
4802,26,255,1477.000,1093.500
4803,21,255,106.262,1094.786
4804,51,255,137.304,1095.833
4805,50,255,678.240,1095.680
4806,46,255,860.500,1094.935
4807,70,255,1068.271,1096.129
4808,23,255,1098.935,1094.109
4809,46,255,1126.543,1095.109
4810,51,255,1187.363,1096.657
4811,67,255,1465.067,1096.455
4812,57,255,92.868,1096.307
4813,49,255,460.337,1095.663
4814,28,255,827.607,1095.500
4815,76,255,1584.171,1097.237
4816,50,255,192.860,1097.700
4817,21,255,819.786,1096.881
4818,38,255,983.368,1097.105
4819,44,255,1362.818,1097.250
4820,54,255,41.593,1097.778
4821,51,255,363.167,1097.637
4822,33,255,383.955,1097.864
4823,28,255,868.000,1097.643
4824,43,255,1083.570,1097.733
4825,37,255,1213.905,1097.608
4826,25,255,7.580,1098.180
4827,27,255,70.352,1098.352
4828,33,255,157.470,1098.258
4829,21,255,421.071,1098.214
4830,39,255,591.372,1098.167
4831,42,255,930.000,1098.167
4832,25,255,1272.500,1098.580
