 ,Area,Mean,X,Y
1,29,255,1007.121,2.328
2,39,255,1017.321,2.115
3,48,255,1030.062,2.292
4,21,255,1142.548,1.405
5,35,255,1153.414,2.414
6,36,255,1368.500,1.806
7,61,255,1386.451,4.090
8,29,255,1400.086,1.845
9,43,255,1445.849,1.733
10,22,255,1476.682,1.636
11,86,255,1502.093,3.581
12,33,255,1524.076,1.742
13,62,255,1552.839,2.726
14,35,255,1579.671,1.957
15,51,255,1593.284,3.402
16,44,255,1352.136,5.977
17,41,255,672.500,5.500
18,27,255,725.130,4.056
19,125,255,950.428,8.868
20,69,255,1233.109,7.181
21,39,255,1562.372,5.321
22,34,255,683.382,6.118
23,63,255,913.611,6.516
24,35,255,929.729,5.129
25,87,255,1165.580,9.305
26,85,255,1271.124,8.841
27,85,255,750.512,8.194
28,50,255,769.020,8.160
29,69,255,1148.616,9.297
30,67,255,1217.127,8.515
31,23,255,1366.283,7.804
32,117,255,1543.380,10.235
33,53,255,1576.311,9.594
34,61,255,889.533,9.287
35,93,255,1066.618,11.812
36,52,255,1097.923,9.538
37,49,255,650.949,9.296
38,61,255,696.369,10.402
39,55,255,717.718,10.591
40,38,255,733.789,9.579
41,164,255,968.280,13.616
42,73,255,609.062,13.897
43,27,255,779.352,10.241
44,21,255,1313.071,10.738
45,41,255,630.963,12.524
46,22,255,664.182,11.364
47,73,255,875.555,13.075
48,70,255,1129.614,14.486
49,47,255,1445.287,12.032
50,160,255,1082.294,16.781
51,43,255,1223.802,14.151
52,45,255,418.344,13.744
53,26,255,601.077,13.269
54,73,255,1249.760,15.034
55,56,255,1036.661,17.393
56,112,255,1059.384,18.705
57,81,255,496.907,18.525
58,53,255,818.349,17.726
59,20,255,988.000,15.000
60,32,255,538.406,16.562
61,24,255,931.792,16.458
62,56,255,652.375,17.982
63,30,255,1115.600,17.833
64,20,255,361.450,18.400
65,39,255,454.013,18.654
66,72,255,582.861,20.361
67,53,255,1099.443,19.066
68,42,255,396.976,19.500
69,66,255,320.167,21.970
70,41,255,808.744,22.232
71,58,255,1574.810,21.690
72,108,255,223.880,25.176
73,105,255,237.719,24.786
74,148,255,255.601,25.041
75,46,255,340.609,22.457
76,74,255,1185.878,23.041
77,39,255,311.756,23.936
78,129,255,1009.407,24.399
79,26,255,1298.308,22.846
80,68,255,624.118,25.500
81,46,255,895.022,24.370
82,42,255,962.119,26.500
83,62,255,1215.790,26.145
84,39,255,1584.013,24.577
85,20,255,693.400,25.050
86,20,255,701.200,24.750
87,95,255,984.363,27.563
88,122,255,1043.820,28.820
89,95,255,831.784,29.437
90,45,255,1338.011,28.478
91,129,255,179.616,30.407
92,38,255,195.579,28.474
93,40,255,635.325,30.375
94,23,255,162.109,29.239
95,21,255,208.310,29.929
96,26,255,294.500,29.846
97,94,255,321.862,32.553
98,47,255,646.032,30.436
99,57,255,1233.535,30.939
100,26,255,1346.192,30.308
101,34,255,277.294,30.500
102,88,255,310.295,33.239
103,59,255,1140.212,30.805
104,67,255,344.007,32.470
105,42,255,420.690,32.000
106,55,255,877.336,32.427
107,36,255,589.333,31.972
108,54,255,957.389,33.222
109,61,255,1105.484,33.418
110,31,255,809.500,33.500
111,25,255,168.420,35.140
112,20,255,692.900,33.700
113,36,255,756.083,36.167
114,48,255,1267.604,36.125
115,76,255,145.895,37.276
116,35,255,1414.586,36.586
117,40,255,410.400,37.900
118,52,255,1190.558,37.750
119,38,255,1422.447,37.342
120,48,255,1510.000,37.292
121,62,255,531.871,37.823
122,28,255,617.321,37.214
123,58,255,709.345,38.517
124,42,255,744.000,38.476
125,48,255,982.521,39.104
126,105,255,1209.948,40.519
127,41,255,642.305,40.183
128,92,255,971.087,41.935
129,52,255,181.269,40.692
130,46,255,393.087,40.696
131,23,255,914.196,39.848
132,34,255,949.000,39.676
133,73,255,1095.390,43.130
134,49,255,1441.724,39.867
135,117,255,154.312,45.842
136,43,255,580.942,40.384
137,48,255,1577.833,43.312
138,28,255,1278.286,42.357
139,34,255,1352.206,42.000
140,59,255,1141.449,43.398
141,22,255,850.500,44.227
142,47,255,992.011,44.926
143,58,255,1154.138,45.379
144,22,255,1414.500,43.000
145,40,255,65.400,44.800
146,116,255,1178.991,49.526
147,55,255,1261.209,45.718
148,84,255,92.357,48.250
149,98,255,317.010,49.061
150,59,255,19.364,47.703
151,61,255,75.156,49.877
152,62,255,836.129,47.952
153,41,255,1371.841,47.354
154,44,255,569.568,48.977
155,48,255,655.792,48.542
156,27,255,903.907,47.759
157,58,255,1528.759,49.224
158,32,255,54.906,49.719
159,30,255,605.367,48.867
160,57,255,618.167,51.395
161,28,255,946.071,48.214
162,75,255,1433.633,50.460
163,92,255,333.348,52.717
164,57,255,509.658,50.711
165,65,255,749.208,50.100
166,79,255,1224.082,51.981
167,60,255,1288.150,52.433
168,32,255,1486.906,50.125
169,35,255,883.186,50.643
170,49,255,956.480,51.541
171,75,255,1019.193,51.913
172,46,255,1085.848,52.022
173,62,255,1511.468,52.194
174,39,255,61.500,52.885
175,87,255,109.086,55.029
176,23,255,463.022,51.413
177,52,255,676.769,52.500
178,23,255,722.326,51.674
179,34,255,1322.206,51.824
180,23,255,1463.152,51.891
181,59,255,444.568,55.534
182,59,255,1385.229,54.008
183,94,255,1413.436,54.330
184,30,255,9.000,53.867
185,69,255,90.109,55.384
186,40,255,363.100,53.775
187,63,255,541.944,53.960
188,21,255,586.071,53.881
189,52,255,692.692,55.288
190,66,255,1068.197,56.167
191,47,255,1334.713,53.968
192,94,255,120.989,58.053
193,27,255,399.130,55.093
194,32,255,199.094,57.219
195,28,255,265.786,55.393
196,27,255,822.241,55.796
197,96,255,965.031,61.427
198,64,255,1046.547,56.938
199,39,255,1124.705,55.654
200,56,255,522.911,58.607
201,54,255,1246.278,58.778
202,51,255,1271.931,58.029
203,37,255,1394.554,57.716
204,38,255,1.974,62.053
205,46,255,46.043,60.826
206,50,255,57.580,60.300
207,25,255,1206.060,58.580
208,85,255,1450.782,60.394
209,63,255,658.246,60.944
210,111,255,764.788,63.869
211,25,255,1570.860,59.380
212,45,255,31.433,63.056
213,44,255,326.295,62.727
214,51,255,1158.324,62.029
215,30,255,417.733,61.867
216,70,255,1505.743,64.429
217,75,255,364.047,67.167
218,61,255,509.352,64.762
219,34,255,588.206,63.294
220,72,255,1008.694,64.639
221,49,255,1166.888,64.908
222,64,255,1463.344,65.031
223,27,255,395.759,65.241
224,21,255,647.881,63.929
225,74,255,1522.351,66.676
226,56,255,18.607,66.375
227,24,255,103.125,65.500
228,58,255,253.638,66.793
229,37,255,336.959,66.554
230,36,255,734.694,66.028
231,26,255,919.500,64.962
232,66,255,1420.909,67.091
233,37,255,1585.176,66.230
234,82,255,212.305,68.415
235,78,255,274.410,68.551
236,22,255,387.591,66.409
237,35,255,495.614,67.357
238,27,255,723.500,66.204
239,58,255,1054.759,68.517
240,51,255,1394.755,68.245
241,63,255,1107.960,69.563
242,37,255,1287.365,68.824
243,36,255,203.944,72.472
244,65,255,523.315,71.977
245,72,255,684.806,70.972
246,48,255,712.875,71.479
247,35,255,868.957,71.471
248,27,255,979.500,70.500
249,43,255,80.221,72.035
250,99,255,653.995,74.641
251,56,255,1364.500,72.768
252,38,255,1174.658,72.632
253,23,255,1412.935,72.674
254,46,255,768.022,74.196
255,82,255,963.024,75.841
256,43,255,1250.453,75.081
257,20,255,570.350,74.100
258,55,255,881.355,76.118
259,57,255,1214.816,76.623
260,22,255,1450.591,74.409
261,31,255,1593.242,74.468
262,44,255,168.909,76.614
263,50,255,347.320,75.660
264,44,255,991.591,76.795
265,37,255,1280.365,76.176
266,26,255,1443.769,75.846
267,58,255,148.310,78.034
268,25,255,247.500,77.180
269,33,255,302.894,76.924
270,82,255,394.280,78.378
271,20,255,445.800,75.900
272,43,255,689.640,77.337
273,67,255,1231.724,77.978
274,39,255,1129.038,78.064
275,62,255,1509.371,78.226
276,62,255,1542.742,79.306
277,54,255,1029.037,78.741
278,51,255,1370.402,79.696
279,36,255,123.944,79.750
280,45,255,416.544,80.056
281,29,255,1060.155,79.879
282,59,255,78.314,81.873
283,30,255,559.000,80.633
284,67,255,445.351,83.082
285,27,255,526.389,82.019
286,28,255,612.429,82.536
287,102,255,827.441,83.451
288,44,255,870.455,82.682
289,97,255,926.964,83.665
290,39,255,157.936,84.962
291,46,255,368.326,84.500
292,59,255,538.195,84.398
293,42,255,773.095,84.452
294,38,255,1451.158,84.737
295,49,255,220.031,85.622
296,109,255,883.977,90.399
297,37,255,955.851,85.959
298,25,255,970.540,84.660
299,72,255,1037.500,86.292
300,48,255,1577.396,86.000
301,38,255,376.895,87.158
302,51,255,810.441,86.500
303,42,255,841.476,86.786
304,45,255,995.300,87.767
305,71,255,1509.444,86.697
306,145,255,89.355,90.507
307,47,255,165.415,89.904
308,46,255,273.152,88.783
309,54,255,285.352,87.944
310,94,255,328.745,91.309
311,52,255,518.327,87.942
312,24,255,1098.250,87.875
313,30,255,1496.133,87.167
314,45,255,188.900,89.189
315,63,255,597.357,88.897
316,66,255,649.106,91.515
317,73,255,666.226,90.377
318,80,255,691.550,90.338
319,48,255,59.146,91.625
320,30,255,475.400,89.633
321,33,255,793.833,89.955
322,56,255,468.107,91.107
323,85,255,962.041,93.382
324,57,255,1214.061,91.009
325,56,255,1469.143,89.179
326,55,255,1526.518,90.136
327,45,255,212.433,93.944
328,44,255,707.250,92.477
329,46,255,758.413,93.043
330,28,255,785.643,92.000
331,45,255,133.544,93.233
332,171,255,573.816,99.412
333,66,255,771.515,94.121
334,129,255,822.748,95.671
335,64,255,902.562,95.719
336,24,255,1306.458,93.708
337,82,255,556.488,98.415
338,76,255,682.158,96.079
339,57,255,1020.781,94.728
340,29,255,1133.534,95.190
341,92,255,1369.098,97.783
342,23,255,1.370,96.804
343,61,255,28.254,97.123
344,78,255,1586.192,97.410
345,70,255,196.100,97.857
346,23,255,259.022,96.326
347,28,255,349.500,96.000
348,60,255,866.717,97.900
349,48,255,893.333,97.229
350,75,255,1035.927,96.793
351,25,255,506.100,96.540
352,76,255,589.447,98.013
353,60,255,281.133,98.417
354,30,255,1139.567,98.167
355,46,255,18.087,99.739
356,42,255,184.024,100.643
357,57,255,485.535,100.851
358,50,255,740.220,100.080
359,34,255,1379.794,99.235
360,52,255,44.269,100.731
361,27,255,1563.907,99.574
362,62,255,608.919,103.113
363,39,255,786.474,101.244
364,81,255,1480.870,102.006
365,38,255,1165.816,102.316
366,102,255,63.343,107.010
367,37,255,746.851,103.608
368,47,255,942.053,103.883
369,33,255,1015.742,103.500
370,26,255,1178.038,102.962
371,73,255,1414.760,104.459
372,72,255,1458.722,106.250
373,29,255,428.362,103.500
374,68,255,1125.368,105.853
375,95,255,1346.016,106.784
376,58,255,1528.948,105.155
377,31,255,93.758,105.048
378,83,255,323.343,109.030
379,30,255,598.300,104.833
380,34,255,1188.265,104.971
381,74,255,1232.068,105.324
382,42,255,443.167,106.857
383,27,255,452.907,105.426
384,35,255,511.529,106.100
385,45,255,720.922,106.789
386,65,255,1051.669,107.054
387,99,255,1108.348,109.015
388,71,255,1276.739,107.951
389,100,255,1292.050,109.150
390,71,255,1506.937,107.852
391,37,255,871.770,107.311
392,27,255,102.944,107.722
393,116,255,646.397,111.422
394,75,255,1471.660,109.633
395,21,255,49.690,108.833
396,89,255,525.556,111.826
397,34,255,605.059,110.353
398,24,255,1374.833,109.375
399,57,255,1393.781,111.833
400,44,255,150.682,111.841
401,108,255,817.491,114.148
402,50,255,935.800,112.000
403,89,255,1383.713,115.702
404,72,255,632.431,114.250
405,119,255,1013.651,115.391
406,59,255,1212.958,112.788
407,88,255,1310.318,113.261
408,60,255,1332.300,113.250
409,26,255,948.731,112.923
410,38,255,1046.263,113.658
411,84,255,1164.940,115.940
412,99,255,1191.419,115.904
413,57,255,90.026,117.184
414,102,255,469.049,116.725
415,111,255,1239.842,116.041
416,59,255,1256.805,115.636
417,92,255,660.685,117.391
418,167,255,961.260,119.123
419,74,255,1140.662,117.324
420,57,255,1587.132,116.711
421,81,255,33.167,117.809
422,64,255,285.094,118.094
423,107,255,805.631,118.921
424,96,255,1270.219,119.156
425,56,255,70.536,118.286
426,117,255,993.278,119.380
427,78,255,1221.064,119.590
428,138,255,1320.587,123.891
429,75,255,1428.687,119.713
430,94,255,1439.053,120.096
431,92,255,102.120,119.641
432,137,255,188.069,120.960
433,71,255,1153.472,119.937
434,118,255,1203.915,121.585
435,41,255,1533.207,118.280
436,134,255,1570.724,120.366
437,29,255,1.776,119.948
438,63,255,1037.643,120.167
439,43,255,135.128,120.500
440,37,255,1027.716,120.041
441,93,255,1287.048,122.113
442,44,255,1391.523,121.000
443,99,255,1493.581,123.773
444,60,255,1545.983,121.717
445,56,255,245.000,121.839
446,72,255,266.306,122.917
447,98,255,456.673,123.224
448,35,255,848.414,121.043
449,33,255,14.439,122.591
450,90,255,501.122,124.856
451,70,255,859.986,123.586
452,148,255,1124.865,125.966
453,170,255,1416.759,128.082
454,80,255,1461.200,124.200
455,78,255,1505.026,124.846
456,101,255,766.609,125.134
457,78,255,1064.256,124.526
458,41,255,1093.256,122.841
459,74,255,1335.351,125.770
460,50,255,553.660,125.500
461,68,255,482.426,126.059
462,69,255,826.370,126.587
463,44,255,979.659,127.568
464,96,255,1103.802,128.177
465,35,255,1249.414,125.071
466,126,255,1367.754,128.690
467,60,255,74.967,127.850
468,30,255,213.933,126.667
469,133,255,566.432,129.019
470,87,255,593.236,128.523
471,29,255,275.776,126.914
472,69,255,306.167,129.341
473,142,255,903.606,130.296
474,65,255,1537.962,128.223
475,28,255,360.464,128.357
476,66,255,941.621,129.727
477,74,255,1022.946,130.014
478,56,255,1077.821,130.714
479,63,255,677.183,130.611
480,100,255,1380.610,132.600
481,23,255,314.587,131.022
482,123,255,531.118,132.435
483,29,255,621.810,130.500
484,114,255,745.868,132.509
485,40,255,804.500,130.300
486,62,255,842.306,131.484
487,94,255,1151.904,131.681
488,92,255,1232.196,133.446
489,94,255,1455.032,133.298
490,39,255,63.756,132.269
491,49,255,99.541,131.745
492,187,255,873.660,135.356
493,107,255,887.276,133.621
494,108,255,1049.565,133.648
495,84,255,1221.095,133.417
496,79,255,1244.741,133.070
497,57,255,1257.570,132.535
498,132,255,1431.826,134.689
499,24,255,14.292,131.833
500,113,255,188.588,134.633
501,60,255,251.867,135.467
502,110,255,687.164,135.000
503,46,255,708.152,133.000
504,75,255,955.247,133.753
505,37,255,1094.905,132.473
506,71,255,1281.585,132.880
507,78,255,1594.192,135.128
508,47,255,289.947,134.011
509,127,255,322.461,137.933
510,74,255,503.068,134.514
511,213,255,928.866,139.331
512,67,255,608.828,134.799
513,69,255,1512.964,135.703
514,48,255,111.542,136.042
515,51,255,437.049,135.049
516,148,255,626.507,140.047
517,69,255,984.152,136.036
518,108,255,414.583,138.574
519,23,255,1390.500,135.674
520,128,255,1525.766,140.461
521,78,255,715.974,140.038
522,64,255,730.016,138.484
523,40,255,1033.925,137.675
524,23,255,298.717,137.413
525,37,255,370.851,139.230
526,35,255,585.157,138.243
527,68,255,825.059,138.588
528,78,255,1297.064,138.821
529,58,255,486.052,140.724
530,103,255,553.811,141.519
531,59,255,698.212,140.415
532,168,255,771.881,144.286
533,122,255,1202.197,142.738
534,86,255,1312.419,140.605
535,49,255,596.888,140.663
536,76,255,641.645,141.789
537,66,255,1074.136,140.833
538,31,255,1474.339,140.339
539,24,255,103.458,140.250
540,65,255,212.054,143.592
541,158,255,474.076,145.538
542,72,255,812.500,142.444
543,50,255,1009.740,142.340
544,96,255,1057.938,144.573
545,94,255,1121.202,142.394
546,119,255,1410.172,145.147
547,50,255,508.440,143.500
548,52,255,568.673,143.385
549,92,255,998.587,146.598
550,48,255,1370.396,142.708
551,33,255,308.561,143.015
552,184,255,791.239,147.283
553,24,255,4.167,144.208
554,119,255,419.223,147.315
555,148,255,1027.520,147.473
556,120,255,1272.267,145.033
557,52,255,257.962,146.500
558,80,255,434.062,146.750
559,111,255,527.077,148.635
560,29,255,1153.017,145.086
561,145,255,1168.038,148.190
562,45,255,1238.100,145.967
563,67,255,1512.022,145.873
564,37,255,96.095,146.797
565,45,255,739.678,148.656
566,208,255,866.130,151.596
567,28,255,903.964,147.321
568,53,255,956.519,147.670
569,93,255,1318.909,148.048
570,152,255,1563.118,149.921
571,71,255,724.528,148.218
572,70,255,916.571,148.386
573,181,255,494.113,153.820
574,35,255,580.986,147.614
575,42,255,980.405,148.738
576,42,255,1082.381,149.048
577,73,255,1139.432,150.322
578,80,255,1291.100,150.550
579,94,255,1432.362,151.298
580,77,255,352.071,151.136
581,83,255,897.705,153.789
582,24,255,1299.708,149.042
583,87,255,1351.443,151.776
584,42,255,105.238,151.429
585,67,255,612.231,152.739
586,141,255,645.011,154.926
587,90,255,661.100,152.489
588,31,255,706.242,150.435
589,64,255,1337.562,152.219
590,27,255,1420.463,150.315
591,21,255,157.881,150.262
592,41,255,199.207,151.037
593,29,255,448.121,150.052
594,134,255,557.948,155.007
595,93,255,947.435,153.844
596,140,255,1476.586,157.314
597,47,255,1545.181,151.436
598,44,255,511.795,154.727
599,123,255,807.654,156.199
600,58,255,3.310,155.828
601,57,255,124.553,154.465
602,155,255,1254.545,158.758
603,39,255,247.141,155.603
604,42,255,380.286,155.881
605,69,255,1012.297,156.036
606,50,255,1124.900,155.440
607,67,255,1236.381,155.545
608,40,255,50.050,157.075
609,68,255,173.529,157.559
610,20,255,715.250,155.750
611,81,255,763.772,158.796
612,149,255,928.419,159.815
613,47,255,971.670,155.904
614,116,255,1360.836,159.552
615,77,255,1527.799,157.552
616,115,255,284.604,161.943
617,128,255,452.062,161.664
618,41,255,992.598,157.427
619,160,255,1071.625,161.094
620,94,255,1153.723,159.202
621,107,255,1380.547,159.248
622,69,255,296.949,159.283
623,54,255,704.093,160.407
624,136,255,748.971,162.993
625,40,255,666.825,160.050
626,139,255,885.802,163.212
627,68,255,961.824,161.147
628,138,255,1315.725,161.928
629,101,255,22.668,162.817
630,45,255,982.367,161.744
631,51,255,1276.755,161.382
632,122,255,1393.262,163.574
633,56,255,1495.500,160.768
634,33,255,55.712,161.258
635,112,255,272.946,167.589
636,35,255,677.043,162.357
637,91,255,825.291,162.819
638,90,255,1033.122,164.933
639,61,255,1223.680,161.844
640,62,255,1286.516,162.177
641,74,255,1547.027,161.865
642,129,255,410.151,165.376
643,53,255,618.821,163.160
644,72,255,1595.556,164.236
645,52,255,105.577,165.692
646,36,255,152.806,163.417
647,70,255,262.071,164.800
648,65,255,377.008,164.054
649,68,255,1198.471,163.809
650,128,255,1423.227,165.906
651,112,255,1572.670,167.777
652,69,255,323.312,165.065
653,136,255,350.140,169.772
654,141,255,471.528,168.167
655,62,255,733.065,164.871
656,77,255,1519.058,167.214
657,118,255,1560.466,169.881
658,42,255,208.071,165.095
659,34,255,812.824,165.059
660,123,255,1106.654,168.963
661,44,255,1117.045,166.295
662,123,255,1504.939,169.346
663,20,255,589.350,165.650
664,142,255,787.317,170.873
665,76,255,1056.737,167.145
666,65,255,1448.746,167.700
667,50,255,1529.640,166.680
668,50,255,97.680,169.380
669,141,255,512.748,171.067
670,63,255,563.056,167.881
671,20,255,1044.050,167.250
672,44,255,1437.818,168.705
673,105,255,238.357,170.471
674,57,255,315.535,170.377
675,37,255,494.716,169.122
676,37,255,766.905,169.149
677,53,255,867.519,171.066
678,66,255,950.015,168.848
679,140,255,999.629,171.700
680,23,255,837.891,168.717
681,92,255,965.098,170.870
682,142,255,1465.761,173.817
683,60,255,127.550,171.600
684,51,255,340.775,171.284
685,33,255,431.561,169.742
686,70,255,462.243,172.343
687,131,255,645.393,174.416
688,165,255,802.209,175.603
689,125,255,547.212,174.316
690,93,255,696.199,173.554
691,67,255,1017.500,172.963
692,89,255,1174.478,173.478
693,124,255,1342.347,173.903
694,29,255,28.052,172.155
695,35,255,38.271,171.957
696,42,255,161.833,173.238
697,98,255,622.592,174.102
698,53,255,716.330,173.557
699,118,255,730.763,175.212
700,54,255,1094.130,173.296
701,45,255,1225.078,172.322
702,35,255,758.300,173.586
703,79,255,909.373,173.766
704,52,255,1196.192,173.615
705,55,255,1204.118,176.391
706,66,255,1596.470,174.515
707,56,255,377.696,176.000
708,97,255,574.273,176.923
709,151,255,593.268,178.930
710,72,255,1140.319,175.278
711,72,255,1155.000,176.417
712,40,255,1163.375,174.475
713,115,255,450.648,178.274
714,130,255,1243.931,177.908
715,92,255,1402.489,176.315
716,63,255,2.468,180.071
717,75,255,83.060,180.580
718,69,255,197.051,178.036
719,90,255,214.767,177.067
720,145,255,821.817,179.948
721,26,255,1129.308,177.538
722,121,255,1274.293,179.054
723,21,255,1358.214,175.024
724,72,255,1584.875,177.847
725,51,255,175.186,177.127
726,48,255,263.271,177.979
727,86,255,937.302,179.105
728,46,255,1075.261,177.174
729,64,255,1538.500,177.625
730,104,255,106.452,184.115
731,34,255,281.324,178.324
732,88,255,323.875,182.114
733,74,255,852.054,180.932
734,92,255,1445.098,180.424
735,28,255,289.679,180.321
736,67,255,747.067,181.813
737,136,255,897.779,183.882
738,97,255,1025.459,183.232
739,40,255,389.450,181.425
740,84,255,423.988,183.738
741,25,255,525.900,180.540
742,32,255,614.812,181.406
743,105,255,669.186,184.481
744,46,255,681.043,181.543
745,77,255,761.461,182.474
746,88,255,1095.455,182.011
747,119,255,1490.626,185.189
748,41,255,96.085,182.524
749,91,255,232.071,184.841
750,102,255,886.637,186.431
751,56,255,1009.214,182.821
752,88,255,1223.920,183.955
753,51,255,332.127,184.971
754,143,255,476.416,186.325
755,140,255,843.500,186.664
756,107,255,1388.248,184.902
757,21,255,45.500,183.500
758,55,255,244.755,185.282
759,136,255,275.478,187.287
760,42,255,974.048,183.595
761,60,255,303.950,188.200
762,21,255,535.405,186.405
763,51,255,554.245,185.853
764,98,255,564.592,187.847
765,88,255,1461.227,185.830
766,40,255,1589.875,185.575
767,115,255,181.926,188.952
768,97,255,709.603,188.397
769,74,255,946.365,188.000
770,37,255,958.122,186.932
771,104,255,1036.990,189.433
772,63,255,1253.516,187.738
773,171,255,1304.909,190.418
774,101,255,1322.124,189.540
775,56,255,1515.804,187.321
776,146,255,1541.993,188.897
777,41,255,251.500,188.549
778,102,255,373.441,188.686
779,58,255,610.690,188.690
780,134,255,1180.313,192.060
781,32,255,1264.531,187.406
782,39,255,1347.782,188.115
783,147,255,1357.405,191.500
784,89,255,408.343,192.410
785,83,255,432.873,191.307
786,105,255,638.833,190.043
787,45,255,1142.967,188.700
788,69,255,1209.891,189.384
789,38,255,394.868,190.211
790,170,255,691.500,194.506
791,48,255,1118.271,189.729
792,65,255,1288.192,189.777
793,62,255,1418.210,190.548
794,30,255,41.867,189.867
795,147,255,206.935,192.901
796,129,255,871.593,193.081
797,128,255,932.898,192.898
798,88,255,1496.273,192.227
799,50,255,744.100,191.900
800,59,255,1009.025,192.161
801,53,255,120.877,193.689
802,27,255,461.500,192.648
803,85,255,783.818,193.006
804,48,255,979.312,192.354
805,65,255,988.254,193.592
806,51,255,190.931,195.147
807,38,255,236.000,192.816
808,77,255,296.942,196.396
809,47,255,550.394,193.287
810,90,255,621.211,195.544
811,117,255,1247.910,196.312
812,48,255,1400.583,194.000
813,45,255,1582.656,195.878
814,34,255,102.265,194.294
815,45,255,859.967,194.411
816,110,255,907.982,196.327
817,50,255,1050.500,194.800
818,94,255,1094.936,196.032
819,48,255,1216.708,194.583
820,92,255,1340.913,196.772
821,92,255,265.717,197.054
822,40,255,583.000,196.250
823,154,255,656.260,198.630
824,78,255,732.718,196.474
825,94,255,327.383,198.128
826,42,255,520.333,196.929
827,68,255,755.132,197.132
828,37,255,954.716,195.824
829,45,255,1166.833,196.433
830,43,255,528.453,197.895
831,54,255,769.556,197.444
832,154,255,1131.708,201.896
833,59,255,1411.263,199.161
834,121,255,1591.806,200.740
835,40,255,443.625,197.750
836,117,255,1057.534,201.603
837,56,255,1454.304,198.286
838,73,255,707.158,201.185
839,54,255,1073.741,200.463
840,98,255,1567.847,201.082
841,76,255,110.513,202.303
842,101,255,997.431,202.955
843,103,255,1477.578,202.481
844,170,255,242.694,207.000
845,82,255,284.171,205.073
846,80,255,795.237,203.500
847,131,255,1504.805,204.385
848,83,255,257.066,205.440
849,61,255,380.746,203.418
850,96,255,417.438,204.500
851,71,255,510.415,203.993
852,37,255,740.824,202.392
853,131,255,847.798,204.752
854,32,255,1080.875,203.312
855,56,255,1281.411,202.768
856,49,255,37.765,204.214
857,63,255,163.611,204.357
858,74,255,599.149,204.919
859,92,255,1150.283,205.576
860,191,255,1548.924,208.312
861,66,255,195.167,207.409
862,53,255,883.594,204.745
863,58,255,967.741,204.500
864,98,255,1037.153,206.204
865,79,255,1114.690,206.032
866,82,255,1357.341,205.207
867,48,255,314.750,206.167
868,67,255,948.604,206.410
869,209,255,1227.701,210.141
870,105,255,1371.414,207.662
871,65,255,1533.946,206.654
872,44,255,205.568,206.341
873,41,255,628.744,206.915
874,164,255,670.616,213.091
875,101,255,1418.728,207.559
876,43,255,589.919,207.849
877,59,255,24.076,209.737
878,20,255,491.750,206.900
879,84,255,904.310,210.012
880,61,255,321.598,211.041
881,100,255,472.560,211.210
882,106,255,543.189,213.802
883,55,255,705.845,210.355
884,37,255,961.581,209.824
885,54,255,1087.148,210.167
886,67,255,1193.500,209.873
887,60,255,1491.617,209.917
888,66,255,124.561,211.273
889,75,255,739.287,211.393
890,111,255,823.815,213.311
891,79,255,922.563,212.753
892,92,255,1006.565,213.750
893,86,255,1347.430,213.477
894,49,255,1566.561,211.439
895,53,255,187.726,211.783
896,198,255,356.369,217.338
897,101,255,716.421,213.470
898,167,255,1513.925,216.404
899,52,255,70.885,213.423
900,46,255,387.109,213.609
901,47,255,880.436,212.436
902,56,255,939.375,213.554
903,120,255,1097.858,217.167
904,86,255,1288.942,214.116
905,52,255,99.885,214.442
906,95,255,147.542,216.416
907,84,255,432.071,215.714
908,135,255,442.544,218.181
909,70,255,636.371,215.471
910,24,255,654.042,212.833
911,60,255,806.467,213.383
912,35,255,930.814,214.443
913,57,255,1059.693,215.044
914,87,255,1180.063,214.259
915,103,255,1306.374,215.092
916,100,255,1477.490,214.720
917,42,255,131.810,215.976
918,97,255,167.747,216.552
919,39,255,271.013,215.397
920,78,255,845.949,215.090
921,128,255,858.680,220.844
922,71,255,973.810,215.570
923,73,255,1207.911,214.678
924,37,255,1332.203,213.770
925,48,255,33.292,215.312
926,141,255,379.989,219.982
927,78,255,591.385,216.769
928,81,255,685.093,216.315
929,107,255,1249.051,218.033
930,102,255,1265.441,219.314
931,113,255,1455.456,218.588
932,83,255,396.741,219.102
933,122,255,1029.123,218.648
934,73,255,1132.979,217.185
935,24,255,1279.792,215.500
936,89,255,207.129,220.466
937,98,255,309.265,219.633
938,99,255,622.581,219.409
939,54,255,10.037,219.370
940,53,255,196.028,220.047
941,115,255,486.709,220.726
942,105,255,757.652,220.452
943,116,255,890.991,220.862
944,52,255,1496.154,218.596
945,43,255,1560.337,218.709
946,56,255,232.786,220.571
947,50,255,292.040,220.560
948,95,255,461.300,222.142
949,93,255,642.661,223.328
950,64,255,139.266,223.547
951,86,255,533.337,224.965
952,77,255,1146.929,222.526
953,74,255,1357.203,224.365
954,87,255,120.661,223.511
955,29,255,178.293,222.293
956,65,255,1540.192,222.808
957,141,255,604.096,227.670
958,104,255,1279.442,225.125
959,31,255,1435.210,222.952
960,63,255,1462.817,225.087
961,46,255,100.957,224.609
962,86,255,573.895,226.686
963,47,255,964.287,225.691
964,51,255,1160.892,224.167
965,73,255,1369.418,225.911
966,62,255,1443.613,225.613
967,118,255,744.958,228.907
968,63,255,988.532,226.468
969,109,255,1112.803,227.986
970,21,255,1192.690,225.071
971,42,255,1306.500,225.190
972,131,255,1392.561,228.882
973,54,255,1315.463,226.741
974,84,255,1424.190,228.405
975,54,255,90.815,229.167
976,108,255,249.222,230.093
977,95,255,943.037,229.974
978,49,255,45.990,229.398
979,98,255,322.398,230.031
980,57,255,698.167,229.167
981,53,255,707.632,228.972
982,32,255,767.594,227.438
983,144,255,792.528,232.382
984,51,255,817.598,229.088
985,126,255,829.365,231.040
986,89,255,1172.893,230.118
987,76,255,1249.789,230.224
988,131,255,1330.546,232.454
989,45,255,58.100,230.167
990,55,255,1344.991,229.736
991,144,255,1557.403,232.576
992,38,255,429.105,230.842
993,112,255,451.268,232.482
994,125,255,549.324,231.748
995,161,255,911.531,233.239
996,96,255,1073.229,233.073
997,167,255,1417.422,235.530
998,64,255,5.547,233.016
999,109,255,189.014,233.647
1000,73,255,392.158,233.226
1001,73,255,1055.582,232.541
1002,56,255,1234.357,232.143
1003,39,255,160.885,231.910
1004,77,255,341.305,233.981
1005,35,255,414.786,233.157
1006,50,255,596.520,233.840
1007,84,255,869.333,233.095
1008,138,255,1015.855,235.029
1009,92,255,617.554,235.837
1010,29,255,1154.948,232.776
1011,87,255,101.247,235.615
1012,129,255,229.120,238.469
1013,155,255,276.410,240.629
1014,24,255,662.625,234.000
1015,144,255,672.347,237.958
1016,83,255,216.151,238.199
1017,73,255,352.692,237.226
1018,93,255,488.640,239.371
1019,82,255,950.122,238.695
1020,73,255,1034.377,237.171
1021,56,255,78.946,237.857
1022,61,255,174.566,238.582
1023,34,255,1129.559,236.441
1024,104,255,1579.202,238.644
1025,53,255,27.425,238.009
1026,34,255,120.882,237.324
1027,54,255,311.519,238.111
1028,80,255,511.925,238.300
1029,120,255,715.200,239.050
1030,59,255,1592.754,238.161
1031,64,255,63.609,239.688
1032,85,255,919.524,240.218
1033,124,255,995.137,240.500
1034,104,255,1094.721,240.875
1035,55,255,1236.936,239.536
1036,139,255,1402.385,244.248
1037,51,255,166.029,240.657
1038,25,255,258.500,238.700
1039,73,255,686.637,241.870
1040,85,255,889.147,240.959
1041,49,255,1140.908,239.724
1042,87,255,1436.339,241.339
1043,122,255,1444.680,244.943
1044,151,255,528.361,242.738
1045,86,255,563.849,241.872
1046,66,255,1204.182,242.076
1047,52,255,1253.769,241.423
1048,126,255,1303.071,244.579
1049,46,255,405.152,242.435
1050,141,255,441.550,247.486
1051,91,255,584.489,243.896
1052,23,255,810.891,240.413
1053,67,255,938.216,243.127
1054,82,255,1155.561,242.146
1055,116,255,1366.948,243.922
1056,35,255,643.700,242.386
1057,69,255,741.746,242.819
1058,173,255,963.396,247.321
1059,67,255,1059.381,243.440
1060,111,255,1190.338,245.473
1061,73,255,1388.527,243.651
1062,115,255,1496.404,244.813
1063,31,255,183.403,243.371
1064,91,255,1265.346,245.203
1065,121,255,1462.525,247.913
1066,84,255,1475.071,245.464
1067,101,255,1523.450,246.649
1068,136,255,1563.824,247.044
1069,88,255,35.841,249.273
1070,69,255,49.500,246.239
1071,31,255,120.500,244.726
1072,98,255,205.724,247.255
1073,83,255,636.367,247.934
1074,87,255,1050.063,248.385
1075,34,255,1107.647,244.735
1076,57,255,110.079,247.430
1077,127,255,464.807,248.248
1078,108,255,722.352,248.130
1079,167,255,841.207,249.284
1080,46,255,359.000,247.413
1081,31,255,430.758,246.758
1082,117,255,1282.201,248.979
1083,23,255,1378.848,246.109
1084,50,255,1544.060,246.800
1085,41,255,1595.768,246.159
1086,21,255,21.595,246.452
1087,66,255,98.045,248.909
1088,105,255,250.567,249.433
1089,178,255,297.927,252.371
1090,61,255,621.648,247.844
1091,67,255,1041.127,248.948
1092,114,255,1315.947,249.912
1093,41,255,2.329,249.402
1094,65,255,81.115,249.392
1095,132,255,340.697,252.295
1096,115,255,858.552,253.883
1097,107,255,1006.855,251.846
1098,56,255,1220.750,249.339
1099,36,255,11.417,250.472
1100,28,255,159.250,248.464
1101,57,255,478.904,251.412
1102,25,255,487.380,248.860
1103,137,255,500.456,254.624
1104,39,255,548.885,249.808
1105,136,255,647.228,254.250
1106,150,255,744.880,254.567
1107,132,255,789.652,252.379
1108,113,255,1511.049,253.881
1109,85,255,1583.582,250.982
1110,154,255,200.039,258.805
1111,52,255,691.846,252.135
1112,157,255,764.920,254.596
1113,134,255,824.104,254.664
1114,76,255,923.605,252.487
1115,41,255,1140.817,251.354
1116,110,255,1207.018,253.164
1117,88,255,1550.477,254.466
1118,149,255,385.628,256.560
1119,55,255,987.409,253.936
1120,84,255,426.071,255.381
1121,103,255,1021.723,256.636
1122,78,255,318.872,257.090
1123,35,255,512.929,255.586
1124,51,255,541.441,256.206
1125,43,255,871.430,255.570
1126,140,255,911.907,259.600
1127,90,255,1090.778,258.122
1128,99,255,1243.369,257.157
1129,169,255,1424.524,258.849
1130,50,255,70.940,257.280
1131,146,255,138.185,260.178
1132,52,255,165.635,257.923
1133,42,255,283.405,256.976
1134,135,255,267.537,262.256
1135,63,255,893.976,258.532
1136,54,255,973.889,258.259
1137,106,255,1077.274,259.972
1138,60,255,1104.033,258.767
1139,59,255,1224.263,257.517
1140,35,255,1327.843,257.157
1141,91,255,1356.643,261.236
1142,43,255,1472.849,257.453
1143,133,255,119.154,260.763
1144,49,255,254.643,259.867
1145,132,255,708.606,263.508
1146,126,255,1170.929,262.532
1147,65,255,1344.592,259.115
1148,129,255,87.640,265.252
1149,51,255,243.912,260.735
1150,53,255,368.594,260.481
1151,147,255,1117.724,264.085
1152,101,255,1389.213,260.876
1153,50,255,47.420,261.180
1154,55,255,156.555,262.555
1155,184,255,568.745,264.935
1156,29,255,614.776,260.086
1157,36,255,981.611,260.639
1158,94,255,1146.819,262.447
1159,71,255,1306.120,262.063
1160,60,255,1560.233,261.900
1161,45,255,56.922,263.278
1162,67,255,233.037,263.157
1163,33,255,330.288,260.591
1164,149,255,463.500,265.104
1165,54,255,532.796,262.352
1166,64,255,995.484,262.750
1167,46,255,1035.891,262.457
1168,22,255,1497.000,260.773
1169,23,255,1529.152,260.717
1170,155,255,405.558,266.377
1171,93,255,928.586,264.586
1172,63,255,1053.500,262.405
1173,72,255,1284.903,263.625
1174,116,255,15.345,267.397
1175,53,255,357.840,264.443
1176,60,255,1337.850,264.717
1177,58,255,1535.828,264.276
1178,86,255,448.988,266.058
1179,83,255,588.367,265.717
1180,41,255,698.037,265.378
1181,163,255,168.666,273.451
1182,118,255,482.508,269.331
1183,89,255,550.657,267.545
1184,49,255,32.827,267.990
1185,67,255,107.843,268.396
1186,76,255,950.237,267.553
1187,72,255,1229.833,268.583
1188,95,255,189.932,271.026
1189,69,255,791.500,268.428
1190,73,255,850.527,269.034
1191,72,255,1508.458,267.458
1192,118,255,216.763,271.695
1193,67,255,667.097,270.754
1194,73,255,728.993,269.021
1195,108,255,985.500,273.481
1196,57,255,1265.149,268.640
1197,91,255,1546.137,270.962
1198,114,255,282.307,272.211
1199,67,255,342.694,271.127
1200,29,255,905.500,269.466
1201,127,255,1479.130,272.177
1202,47,255,65.074,270.968
1203,28,255,131.036,270.143
1204,105,255,308.424,273.214
1205,123,255,508.760,273.492
1206,94,255,653.117,273.255
1207,54,255,1184.352,272.333
1208,51,255,1382.324,270.833
1209,56,255,694.643,273.375
1210,84,255,743.988,273.345
1211,153,255,808.337,275.016
1212,164,255,963.854,275.482
1213,39,255,995.397,271.141
1214,48,255,1299.958,271.250
1215,41,255,1597.549,272.305
1216,64,255,318.562,273.781
1217,119,255,367.298,275.130
1218,20,255,760.400,271.800
1219,77,255,863.474,273.916
1220,64,255,1370.594,273.906
1221,22,255,1454.818,271.773
1222,55,255,1526.864,272.791
1223,61,255,39.713,273.811
1224,21,255,228.452,273.262
1225,146,255,536.397,277.158
1226,191,255,775.332,277.343
1227,82,255,1206.610,274.817
1228,59,255,1288.110,274.653
1229,21,255,1393.071,272.071
1230,118,255,1571.975,277.780
1231,44,255,122.273,275.227
1232,64,255,151.328,275.594
1233,81,255,599.660,275.759
1234,92,255,1068.891,275.848
1235,45,255,1150.900,275.144
1236,38,255,1440.842,274.447
1237,130,255,350.046,279.046
1238,86,255,446.128,278.372
1239,157,255,616.736,277.462
1240,94,255,1419.904,276.713
1241,62,255,182.806,278.290
1242,52,255,252.519,276.865
1243,63,255,1257.389,277.690
1244,97,255,1274.572,278.129
1245,63,255,496.659,278.849
1246,92,255,827.315,278.750
1247,71,255,1533.768,280.500
1248,57,255,582.728,279.026
1249,48,255,688.042,279.917
1250,28,255,875.107,278.286
1251,139,255,1093.227,280.097
1252,104,255,1139.798,280.375
1253,61,255,846.336,279.500
1254,55,255,1013.355,281.318
1255,51,255,1219.441,279.284
1256,70,255,1304.814,279.871
1257,54,255,1378.185,280.815
1258,35,255,436.071,280.586
1259,72,255,516.750,282.042
1260,133,255,905.132,283.801
1261,162,255,1453.852,283.926
1262,32,255,97.812,281.125
1263,40,255,234.550,281.425
1264,167,255,948.865,286.320
1265,64,255,1393.609,281.969
1266,46,255,1406.000,281.935
1267,110,255,1491.900,282.073
1268,75,255,40.593,285.673
1269,56,255,88.429,283.857
1270,90,255,199.067,284.578
1271,115,255,1341.378,285.248
1272,71,255,59.923,285.289
1273,43,255,81.151,283.942
1274,51,255,553.265,284.265
1275,21,255,747.833,281.976
1276,124,255,1023.315,286.516
1277,84,255,1055.405,285.952
1278,108,255,1179.731,285.222
1279,71,255,1430.373,285.204
1280,46,255,11.957,285.065
1281,38,255,22.132,284.263
1282,93,255,400.328,287.285
1283,177,255,474.347,291.059
1284,48,255,1196.938,286.167
1285,96,255,1581.802,287.208
1286,70,255,50.986,288.243
1287,91,255,263.456,287.269
1288,87,255,280.293,287.902
1289,22,255,321.727,285.227
1290,107,255,659.210,287.762
1291,92,255,697.554,287.967
1292,27,255,886.241,285.167
1293,59,255,1106.229,286.602
1294,133,255,1122.613,288.914
1295,35,255,1330.643,285.529
1296,85,255,1370.265,286.876
1297,115,255,364.874,288.943
1298,159,255,791.525,290.525
1299,132,255,825.970,288.538
1300,106,255,972.160,289.245
1301,85,255,1244.876,287.312
1302,42,255,1320.857,286.952
1303,75,255,1522.980,289.087
1304,45,255,30.167,288.922
1305,83,255,144.367,290.428
1306,75,255,629.553,289.033
1307,60,255,678.267,287.600
1308,83,255,1071.090,288.753
1309,88,255,1231.114,289.307
1310,111,255,377.428,293.887
1311,29,255,436.293,288.293
1312,150,255,491.080,291.947
1313,83,255,228.355,291.693
1314,118,255,451.644,293.881
1315,93,255,861.425,292.349
1316,148,255,125.953,293.047
1317,56,255,985.446,292.143
1318,58,255,1212.793,289.552
1319,99,255,1305.621,291.773
1320,101,255,1352.431,292.500
1321,73,255,919.582,292.856
1322,120,255,1591.058,295.683
1323,21,255,170.881,291.548
1324,91,255,184.379,294.599
1325,53,255,386.009,293.406
1326,119,255,569.399,296.929
1327,89,255,1387.669,294.421
1328,70,255,512.371,294.371
1329,173,255,532.540,298.257
1330,89,255,778.062,295.298
1331,96,255,297.250,296.833
1332,132,255,311.258,297.091
1333,124,255,1257.645,296.685
1334,82,255,1496.146,295.415
1335,110,255,1561.973,296.536
1336,91,255,85.687,296.533
1337,127,255,202.650,297.382
1338,58,255,677.500,296.121
1339,42,255,1138.524,294.881
1340,35,255,1204.586,295.071
1341,78,255,1271.385,296.821
1342,30,255,21.000,296.000
1343,163,255,107.666,299.506
1344,82,255,241.768,298.720
1345,121,255,349.285,302.698
1346,35,255,1101.329,296.186
1347,92,255,1181.641,299.120
1348,85,255,1462.300,297.241
1349,114,255,1477.000,298.474
1350,42,255,150.738,298.381
1351,121,255,592.649,299.814
1352,75,255,610.807,299.447
1353,116,255,841.362,299.888
1354,53,255,1069.236,297.840
1355,60,255,549.367,300.650
1356,30,255,1361.500,298.467
1357,88,255,64.193,302.261
1358,39,255,431.962,299.910
1359,98,255,650.082,302.122
1360,95,255,1081.700,301.605
1361,37,255,1221.554,299.581
1362,78,255,1279.410,301.910
1363,36,255,3.167,300.583
1364,55,255,52.282,301.827
1365,75,255,637.727,302.127
1366,83,255,738.307,302.416
1367,90,255,771.767,302.089
1368,135,255,888.611,304.419
1369,88,255,993.943,302.080
1370,89,255,263.388,303.815
1371,75,255,577.273,302.940
1372,91,255,749.643,305.423
1373,125,255,936.492,303.572
1374,106,255,1144.415,304.491
1375,83,255,290.934,304.343
1376,104,255,398.000,305.317
1377,103,255,414.558,305.218
1378,64,255,458.969,303.734
1379,50,255,699.160,301.860
1380,75,255,714.180,303.567
1381,39,255,913.731,302.423
1382,83,255,1166.657,304.211
1383,20,255,1199.250,301.450
1384,73,255,1334.664,304.418
1385,129,255,1410.422,305.841
1386,93,255,1511.091,304.715
1387,44,255,1007.364,304.455
1388,31,255,1060.952,303.597
1389,53,255,1553.104,303.123
1390,114,255,27.947,306.886
1391,67,255,126.649,305.918
1392,95,255,154.721,306.489
1393,27,255,492.537,303.241
1394,75,255,862.047,305.780
1395,135,255,1300.078,308.078
1396,86,255,1391.802,306.198
1397,85,255,1432.806,305.194
1398,20,255,41.750,304.450
1399,47,255,849.989,305.734
1400,85,255,1031.947,307.135
1401,86,255,1105.372,306.930
1402,107,255,1205.883,308.051
1403,53,255,1492.651,305.500
1404,57,255,192.167,307.693
1405,22,255,956.682,306.000
1406,122,255,1247.295,308.541
1407,135,255,205.396,312.885
1408,80,255,1349.213,308.413
1409,153,255,316.552,314.487
1410,110,255,380.455,312.364
1411,51,255,809.382,309.108
1412,54,255,1450.259,309.407
1413,33,255,1564.076,308.167
1414,103,255,1585.510,309.422
1415,73,255,46.705,310.185
1416,76,255,218.434,310.816
1417,67,255,592.291,309.888
1418,53,255,1472.330,310.198
1419,92,255,231.935,312.424
1420,57,255,358.974,312.395
1421,125,255,610.124,312.844
1422,126,255,830.817,314.056
1423,82,255,900.988,312.488
1424,64,255,470.969,313.266
1425,121,255,728.798,316.855
1426,84,255,910.214,314.190
1427,114,255,704.772,315.614
1428,86,255,967.802,312.547
1429,74,255,1053.676,313.135
1430,36,255,1167.861,312.250
1431,47,255,1556.585,313.032
1432,41,255,425.085,315.768
1433,46,255,1155.609,313.978
1434,131,255,1426.073,317.439
1435,70,255,1546.486,314.871
1436,64,255,1597.188,318.312
1437,168,255,80.286,321.095
1438,68,255,133.956,316.882
1439,142,255,500.042,317.606
1440,107,255,566.416,317.332
1441,77,255,648.565,315.838
1442,22,255,740.318,313.773
1443,103,255,792.801,315.218
1444,108,255,1017.898,316.019
1445,57,255,64.307,316.833
1446,120,255,717.758,320.183
1447,53,255,997.613,315.519
1448,76,255,1113.237,316.079
1449,37,255,1515.257,315.527
1450,82,255,10.415,318.451
1451,90,255,369.244,319.500
1452,155,255,475.403,322.268
1453,83,255,542.898,317.898
1454,22,255,662.227,316.136
1455,131,255,924.149,318.828
1456,52,255,985.942,317.154
1457,113,255,1080.429,318.580
1458,161,255,1136.463,318.941
1459,93,255,1321.629,318.005
1460,67,255,1456.784,317.216
1461,110,255,343.527,319.245
1462,39,255,818.654,317.603
1463,96,255,1391.969,318.979
1464,77,255,515.838,320.305
1465,128,255,530.180,322.328
1466,73,255,941.966,319.473
1467,57,255,1535.675,319.202
1468,50,255,156.480,321.040
1469,46,255,173.413,320.522
1470,60,255,396.800,320.950
1471,178,255,630.843,323.090
1472,137,255,870.726,322.566
1473,40,255,1469.250,319.250
1474,120,255,94.958,323.825
1475,71,255,145.444,323.387
1476,113,255,770.031,322.535
1477,47,255,978.266,321.309
1478,86,255,1171.372,322.081
1479,112,255,1203.491,323.598
1480,80,255,1219.625,321.175
1481,79,255,124.222,324.411
1482,68,255,1380.088,323.294
1483,22,255,1508.909,320.955
1484,49,255,223.276,323.255
1485,55,255,268.864,323.827
1486,104,255,1578.471,323.087
1487,58,255,47.086,324.466
1488,46,255,193.457,324.913
1489,35,255,597.871,324.129
1490,67,255,846.754,324.321
1491,51,255,962.971,322.676
1492,70,255,1027.371,324.357
1493,54,255,30.074,325.370
1494,117,255,260.662,328.987
1495,97,255,1187.335,326.747
1496,44,255,1259.136,324.977
1497,71,255,63.923,326.458
1498,108,255,111.620,328.148
1499,67,255,565.276,326.425
1500,71,255,1007.401,326.458
1501,66,255,1228.833,326.227
1502,71,255,1300.092,326.415
1503,86,255,456.419,329.140
1504,78,255,551.282,328.564
1505,91,255,947.082,328.940
1506,97,255,1057.149,328.521
1507,123,255,169.565,329.923
1508,180,255,413.172,331.211
1509,132,255,1155.485,330.189
1510,103,255,185.121,332.587
1511,80,255,205.600,330.012
1512,52,255,519.462,329.269
1513,153,255,609.003,331.350
1514,64,255,855.172,330.484
1515,68,255,1117.000,329.441
1516,96,255,1269.823,331.104
1517,72,255,1316.222,330.097
1518,52,255,1482.865,329.673
1519,64,255,1491.219,329.219
1520,63,255,1563.833,329.278
1521,84,255,299.024,331.190
1522,80,255,436.413,331.975
1523,48,255,1037.271,329.812
1524,20,255,1278.400,329.000
1525,90,255,1361.367,330.422
1526,95,255,1406.795,331.321
1527,69,255,322.790,331.717
1528,183,255,342.713,334.074
1529,88,255,496.375,333.250
1530,75,255,641.580,334.313
1531,78,255,656.410,332.192
1532,112,255,692.036,334.500
1533,47,255,838.585,330.649
1534,45,255,920.544,329.522
1535,113,255,1105.712,335.013
1536,78,255,1287.205,332.846
1537,84,255,1328.738,332.440
1538,68,255,279.191,332.941
1539,88,255,1047.932,335.000
1540,124,255,1242.403,334.613
1541,98,255,1448.867,333.541
1542,108,255,1512.880,331.824
1543,93,255,19.758,335.091
1544,101,255,41.490,337.470
1545,79,255,390.272,334.424
1546,68,255,800.632,334.426
1547,28,255,813.786,332.179
1548,118,255,1537.347,335.042
1549,88,255,1591.318,333.148
1550,28,255,2.071,333.536
1551,54,255,664.463,334.852
1552,95,255,428.784,338.511
1553,89,255,1348.792,336.163
1554,41,255,1417.256,334.427
1555,58,255,55.586,336.121
1556,89,255,365.736,338.230
1557,74,255,893.446,335.878
1558,90,255,1199.889,336.578
1559,62,255,1304.016,335.677
1560,121,255,739.079,338.632
1561,49,255,1090.337,336.071
1562,148,255,1126.041,339.953
1563,87,255,1427.925,338.224
1564,109,255,97.307,338.794
1565,59,255,565.093,338.636
1566,102,255,929.843,338.333
1567,91,255,1078.390,338.885
1568,58,255,160.931,340.552
1569,109,255,482.280,340.280
1570,176,255,1379.688,342.205
1571,43,255,1498.430,338.105
1572,94,255,1572.681,339.096
1573,95,255,251.911,341.689
1574,113,255,299.712,340.075
1575,57,255,809.044,341.114
1576,36,255,314.417,340.833
1577,127,255,523.996,344.665
1578,84,255,575.238,343.262
1579,79,255,626.437,342.006
1580,138,255,875.681,345.152
1581,93,255,966.984,343.113
1582,103,255,1518.917,342.034
1583,26,255,1.846,341.885
1584,30,255,678.767,340.633
1585,128,255,946.039,344.047
1586,59,255,1027.619,342.398
1587,37,255,1188.365,342.932
1588,61,255,1361.270,342.074
1589,164,255,766.921,346.024
1590,170,255,908.876,345.512
1591,158,255,1171.177,346.316
1592,56,255,1416.232,343.661
1593,70,255,375.643,345.057
1594,24,255,392.958,342.000
1595,64,255,665.359,344.297
1596,85,255,1015.582,344.641
1597,34,255,185.176,343.941
1598,45,255,273.856,344.256
1599,21,255,993.738,343.690
1600,70,255,1156.871,345.857
1601,98,255,1218.071,347.204
1602,82,255,1227.890,346.573
1603,81,255,1566.290,345.574
1604,78,255,140.962,348.000
1605,149,255,201.426,349.070
1606,82,255,319.598,348.500
1607,91,255,387.511,349.159
1608,89,255,441.118,348.253
1609,129,255,831.151,348.802
1610,83,255,1001.428,347.452
1611,92,255,1464.891,348.152
1612,81,255,1145.414,348.290
1613,92,255,1298.315,348.902
1614,38,255,1454.737,346.974
1615,51,255,35.010,347.814
1616,147,255,588.466,350.847
1617,145,255,1541.383,350.314
1618,42,255,238.786,349.405
1619,109,255,278.335,353.399
1620,47,255,1099.798,348.883
1621,82,255,1326.512,350.780
1622,75,255,1586.580,348.967
1623,51,255,83.500,350.402
1624,42,255,336.167,350.405
1625,55,255,638.609,349.555
1626,80,255,720.350,351.575
1627,23,255,799.935,348.326
1628,91,255,990.203,352.797
1629,101,255,1080.025,350.797
1630,46,255,1430.413,349.435
1631,106,255,3.858,355.462
1632,63,255,108.595,352.198
1633,48,255,702.792,350.688
1634,62,255,888.484,351.516
1635,83,255,976.416,352.127
1636,81,255,1250.068,351.722
1637,89,255,1313.174,351.747
1638,82,255,157.305,353.476
1639,64,255,676.234,352.344
1640,123,255,850.045,353.020
1641,53,255,1201.670,352.349
1642,77,255,1440.630,353.513
1643,58,255,98.362,354.431
1644,23,255,482.152,350.978
1645,78,255,509.500,354.308
1646,126,255,787.238,355.817
1647,28,255,865.929,352.321
1648,68,255,1280.529,353.441
1649,36,255,68.056,353.917
1650,56,255,74.571,355.982
1651,111,255,330.410,358.428
1652,86,255,368.256,355.884
1653,81,255,753.673,354.142
1654,59,255,1065.500,354.042
1655,59,255,1519.771,353.161
1656,36,255,178.583,354.778
1657,38,255,1401.263,354.342
1658,111,255,1409.419,358.248
1659,149,255,298.721,359.768
1660,68,255,431.324,358.250
1661,110,255,952.700,358.555
1662,70,255,1051.971,356.257
1663,133,255,1183.019,359.665
1664,83,255,217.801,358.669
1665,58,255,229.155,357.707
1666,96,255,526.594,358.562
1667,63,255,1370.167,357.294
1668,58,255,55.466,358.724
1669,128,255,488.820,361.781
1670,101,255,648.748,359.916
1671,200,255,687.625,361.800
1672,43,255,1001.384,359.174
1673,82,255,1344.756,358.598
1674,145,255,121.631,363.624
1675,95,255,462.311,360.111
1676,119,255,549.853,361.231
1677,113,255,27.049,362.137
1678,91,255,729.291,361.060
1679,33,255,805.924,359.621
1680,27,255,906.574,358.759
1681,78,255,1088.090,360.910
1682,108,255,1163.778,361.083
1683,81,255,1458.537,361.265
1684,171,255,252.751,365.091
1685,135,255,347.107,363.078
1686,221,255,565.360,366.038
1687,167,255,599.392,364.314
1688,138,255,1503.783,363.413
1689,43,255,1555.919,359.547
1690,23,255,499.022,361.500
1691,129,255,627.384,365.229
1692,81,255,863.117,362.290
1693,201,255,930.600,366.808
1694,48,255,1022.896,362.146
1695,174,255,1132.448,366.845
1696,112,255,1240.071,364.170
1697,46,255,1254.457,362.370
1698,83,255,1380.849,364.102
1699,96,255,1584.604,363.177
1700,83,255,147.741,363.139
1701,56,255,309.839,364.821
1702,89,255,451.938,366.770
1703,40,255,1265.200,361.925
1704,26,255,1388.923,363.231
1705,38,255,100.921,364.132
1706,72,255,765.583,364.139
1707,136,255,973.551,366.890
1708,22,255,1276.409,363.045
1709,55,255,1545.845,365.209
1710,59,255,398.636,365.907
1711,32,255,740.812,364.281
1712,42,255,751.595,365.333
1713,156,255,795.449,369.782
1714,31,255,1009.048,364.339
1715,75,255,1206.967,366.567
1716,34,255,1473.059,364.206
1717,38,255,1484.474,364.263
1718,74,255,131.784,367.459
1719,97,255,275.428,367.191
1720,22,255,664.591,364.909
1721,97,255,1059.665,367.552
1722,117,255,1284.013,369.150
1723,86,255,1314.605,366.558
1724,49,255,1336.929,366.031
1725,85,255,1523.171,366.665
1726,81,255,89.401,368.673
1727,109,255,164.610,369.766
1728,106,255,208.585,369.113
1729,66,255,234.545,368.667
1730,106,255,1072.453,370.245
1731,67,255,1224.873,367.455
1732,43,255,41.035,367.802
1733,42,255,195.214,369.500
1734,128,255,948.031,372.672
1735,55,255,1559.864,368.555
1736,21,255,179.405,367.548
1737,108,255,322.130,371.324
1738,23,255,840.239,368.239
1739,137,255,895.376,371.055
1740,142,255,1040.401,371.761
1741,33,255,1479.864,369.227
1742,68,255,78.382,371.574
1743,122,255,106.623,373.492
1744,95,255,912.626,372.595
1745,65,255,1196.946,370.331
1746,142,255,1399.845,373.169
1747,57,255,263.307,372.377
1748,64,255,359.531,371.438
1749,34,255,820.029,371.000
1750,57,255,1155.465,370.553
1751,66,255,1346.545,372.924
1752,35,255,1491.014,371.014
1753,61,255,524.041,370.959
1754,103,255,1115.170,373.549
1755,20,255,1249.250,370.550
1756,76,255,1268.079,373.053
1757,89,255,1573.433,373.725
1758,67,255,69.157,375.396
1759,123,255,875.150,376.541
1760,79,255,1090.424,375.146
1761,63,255,1325.833,373.230
1762,107,255,1424.266,375.266
1763,101,255,542.411,375.302
1764,78,255,645.513,375.269
1765,95,255,1359.111,374.142
1766,78,255,10.244,376.141
1767,77,255,701.513,377.032
1768,142,255,757.500,377.732
1769,28,255,810.571,374.571
1770,68,255,1471.103,376.088
1771,85,255,635.159,378.724
1772,21,255,1374.833,374.357
1773,87,255,1588.603,376.420
1774,54,255,31.648,377.426
1775,130,255,45.554,381.246
1776,94,255,375.894,379.553
1777,37,255,1146.986,377.095
1778,95,255,1440.605,378.005
1779,79,255,1554.665,378.297
1780,115,255,147.317,380.491
1781,58,255,327.966,378.759
1782,59,255,1010.314,377.924
1783,80,255,1099.688,378.700
1784,94,255,1024.904,379.074
1785,43,255,1054.872,378.407
1786,100,255,1288.400,381.100
1787,176,255,1511.182,381.852
1788,72,255,415.653,381.083
1789,110,255,682.100,384.664
1790,25,255,959.740,378.380
1791,74,255,994.973,379.568
1792,24,255,903.875,379.583
1793,50,255,1301.660,381.160
1794,126,255,59.381,385.778
1795,169,255,212.382,384.885
1796,86,255,306.535,383.349
1797,69,255,356.196,383.283
1798,218,255,494.142,386.376
1799,62,255,835.645,382.323
1800,46,255,926.739,382.522
1801,38,255,1328.763,381.237
1802,26,255,285.615,382.769
1803,27,255,618.907,383.167
1804,67,255,692.187,384.754
1805,82,255,854.049,384.744
1806,124,255,1138.073,385.742
1807,152,255,1207.322,384.789
1808,113,255,1530.553,384.916
1809,57,255,188.921,384.044
1810,47,255,265.649,384.074
1811,25,255,520.380,383.020
1812,86,255,566.547,385.465
1813,132,255,605.508,386.477
1814,63,255,966.849,385.563
1815,48,255,1035.708,384.042
1816,58,255,1384.138,383.466
1817,78,255,108.872,386.423
1818,20,255,240.350,383.550
1819,102,255,294.029,388.422
1820,78,255,458.256,386.115
1821,33,255,746.500,384.500
1822,61,255,789.811,386.303
1823,57,255,800.851,385.044
1824,77,255,978.903,386.604
1825,52,255,1240.596,384.827
1826,62,255,1276.790,385.306
1827,86,255,1457.302,385.756
1828,83,255,433.958,387.199
1829,51,255,909.676,385.480
1830,77,255,647.760,388.214
1831,79,255,716.551,387.576
1832,50,255,1166.080,386.500
1833,20,255,1372.950,385.150
1834,76,255,76.987,389.395
1835,46,255,529.348,387.609
1836,72,255,994.806,388.125
1837,112,255,1544.616,390.357
1838,129,255,1577.477,390.081
1839,120,255,26.883,391.808
1840,90,255,420.178,390.244
1841,45,255,470.389,388.811
1842,68,255,1473.456,389.279
1843,46,255,1592.196,388.500
1844,109,255,396.748,392.573
1845,94,255,445.383,392.915
1846,58,255,1188.414,389.810
1847,77,255,162.851,391.669
1848,189,255,327.669,394.045
1849,35,255,372.729,390.671
1850,104,255,510.481,393.260
1851,86,255,550.047,392.256
1852,42,255,1018.405,390.881
1853,89,255,1154.343,391.298
1854,70,255,1249.414,391.614
1855,82,255,86.744,393.988
1856,52,255,364.481,392.423
1857,151,255,814.758,395.983
1858,54,255,1094.426,391.593
1859,83,255,1418.849,392.139
1860,55,255,593.609,393.482
1861,94,255,626.160,393.819
1862,65,255,830.300,393.808
1863,147,255,892.276,397.473
1864,114,255,1365.570,395.509
1865,74,255,269.365,394.932
1866,104,255,871.154,395.990
1867,48,255,1174.646,394.083
1868,46,255,1292.500,393.000
1869,61,255,1352.336,393.926
1870,101,255,1382.569,395.678
1871,62,255,235.032,395.177
1872,76,255,671.026,395.579
1873,61,255,736.730,395.336
1874,76,255,1338.947,396.434
1875,63,255,118.516,397.071
1876,83,255,383.018,397.645
1877,119,255,523.576,399.155
1878,61,255,707.566,396.910
1879,60,255,916.950,396.850
1880,59,255,959.263,396.398
1881,152,255,1059.645,402.579
1882,88,255,1399.773,398.000
1883,105,255,1435.795,397.710
1884,93,255,148.704,399.790
1885,50,255,584.860,398.180
1886,121,255,241.045,403.103
1887,136,255,467.169,403.081
1888,54,255,565.815,398.167
1889,96,255,723.198,399.333
1890,74,255,745.486,400.959
1891,61,255,801.238,399.205
1892,59,255,928.873,398.059
1893,39,255,1086.397,397.500
1894,65,255,1111.100,398.469
1895,83,255,1501.114,399.464
1896,78,255,177.923,400.615
1897,44,255,768.227,399.409
1898,60,255,851.133,399.283
1899,78,255,1511.744,399.731
1900,50,255,2.240,401.840
1901,63,255,41.675,398.881
1902,170,255,427.647,403.365
1903,128,255,980.906,402.039
1904,89,255,1473.500,400.590
1905,44,255,313.591,401.136
1906,52,255,402.885,401.519
1907,49,255,534.929,401.071
1908,63,255,576.817,401.500
1909,129,255,1166.678,404.229
1910,51,255,1274.343,401.265
1911,81,255,1313.340,403.105
1912,59,255,159.381,402.754
1913,45,255,630.856,402.167
1914,75,255,641.660,404.233
1915,60,255,1150.833,401.983
1916,26,255,1193.385,400.962
1917,59,255,1409.686,402.246
1918,30,255,1459.500,401.533
1919,27,255,1483.907,401.722
1920,82,255,14.890,404.585
1921,132,255,836.364,404.758
1922,20,255,861.800,401.600
1923,71,255,1007.246,402.641
1924,79,255,1093.854,403.627
1925,66,255,1261.318,404.273
1926,57,255,1296.781,402.711
1927,68,255,1343.279,404.000
1928,131,255,1452.141,406.805
1929,29,255,1489.431,401.914
1930,39,255,51.090,404.218
1931,113,255,451.288,406.412
1932,25,255,650.980,402.780
1933,112,255,790.768,405.902
1934,63,255,225.627,405.690
1935,103,255,256.150,407.092
1936,107,255,366.201,407.145
1937,142,255,484.317,409.542
1938,119,255,599.307,408.433
1939,67,255,877.858,405.858
1940,114,255,906.702,406.982
1941,54,255,1585.389,404.796
1942,27,255,107.574,405.722
1943,87,255,142.960,408.879
1944,107,255,1035.397,407.322
1945,28,255,1325.036,404.571
1946,145,255,303.383,411.452
1947,57,255,923.395,406.763
1948,33,255,966.864,406.167
1949,101,255,1133.510,407.906
1950,64,255,1232.625,407.234
1951,52,255,1245.692,406.731
1952,56,255,1539.589,406.375
1953,71,255,82.599,408.401
1954,21,255,197.071,406.881
1955,44,255,383.250,407.364
1956,87,255,709.534,409.316
1957,83,255,758.187,408.572
1958,108,255,1114.157,410.565
1959,198,255,543.247,414.990
1960,193,255,618.728,415.065
1961,67,255,1365.396,408.724
1962,63,255,1569.310,409.103
1963,95,255,217.626,413.395
1964,54,255,397.370,411.000
1965,74,255,695.230,411.000
1966,59,255,1204.161,411.483
1967,87,255,1436.994,411.776
1968,144,255,103.924,414.500
1969,44,255,267.841,410.818
1970,27,255,579.611,410.241
1971,80,255,853.112,410.850
1972,114,255,951.430,412.175
1973,63,255,1012.056,410.881
1974,59,255,1190.229,410.975
1975,54,255,1148.426,412.778
1976,57,255,1300.868,411.044
1977,111,255,29.581,417.176
1978,124,255,67.435,417.032
1979,65,255,498.654,412.146
1980,64,255,558.875,413.922
1981,95,255,731.753,413.447
1982,81,255,1478.389,413.586
1983,60,255,277.850,414.283
1984,49,255,1044.684,414.459
1985,100,255,1272.620,417.000
1986,65,255,1288.285,414.577
1987,100,255,1318.960,416.030
1988,72,255,1374.681,414.250
1989,159,255,189.487,417.569
1990,151,255,779.632,418.070
1991,34,255,837.794,414.647
1992,82,255,1245.488,416.317
1993,76,255,1399.500,415.000
1994,54,255,1465.778,415.704
1995,76,255,1553.711,415.868
1996,57,255,207.184,417.553
1997,26,255,388.000,414.808
1998,60,255,646.400,416.183
1999,59,255,684.500,416.568
2000,49,255,819.337,416.071
2001,100,255,1092.850,416.210
2002,109,255,1343.151,418.583
2003,43,255,162.453,417.244
2004,153,255,322.016,420.683
2005,46,255,451.891,416.870
2006,121,255,520.260,419.426
2007,46,255,1156.174,416.652
2008,151,255,1414.858,419.460
2009,81,255,1536.821,418.870
2010,126,255,742.627,419.865
2011,57,255,896.553,418.605
2012,105,255,964.338,420.938
2013,69,255,1578.428,418.036
2014,64,255,380.109,420.172
2015,55,255,571.918,419.318
2016,41,255,1181.524,419.037
2017,132,255,1213.652,423.523
2018,38,255,1256.921,419.395
2019,75,255,1509.260,419.193
2020,112,255,133.000,422.500
2021,81,255,288.500,420.623
2022,70,255,1027.986,420.086
2023,73,255,1195.253,419.445
2024,48,255,1301.125,419.354
2025,75,255,1492.167,420.260
2026,139,255,15.543,424.191
2027,125,255,761.860,423.652
2028,50,255,878.080,421.220
2029,41,255,886.476,420.841
2030,78,255,1072.000,421.833
2031,70,255,227.971,423.729
2032,122,255,426.549,423.557
2033,104,255,835.192,424.538
2034,191,255,946.102,426.641
2035,94,255,465.266,425.106
2036,94,255,805.277,425.287
2037,41,255,1386.451,422.768
2038,129,255,1433.919,424.647
2039,36,255,1597.472,423.111
2040,73,255,40.199,425.747
2041,236,255,504.653,430.335
2042,118,255,585.305,426.203
2043,49,255,1042.827,423.459
2044,96,255,86.448,426.896
2045,45,255,601.100,425.389
2046,88,255,672.205,425.636
2047,74,255,1061.905,426.622
2048,87,255,1125.534,425.718
2049,100,255,1458.710,428.550
2050,187,255,1009.783,433.190
2051,53,255,1110.123,425.462
2052,101,255,1168.550,427.035
2053,117,255,405.868,429.560
2054,43,255,561.756,426.965
2055,153,255,642.735,428.578
2056,39,255,917.423,425.577
2057,33,255,974.076,426.833
2058,60,255,1183.867,426.417
2059,152,255,1522.086,429.829
2060,96,255,72.323,431.135
2061,188,255,369.005,433.750
2062,93,255,442.715,428.737
2063,73,255,991.664,428.075
2064,58,255,1144.345,427.793
2065,73,255,1232.089,428.048
2066,29,255,2.879,428.224
2067,136,255,106.478,431.757
2068,170,255,170.218,431.735
2069,87,255,332.328,430.638
2070,121,255,1026.260,430.153
2071,85,255,1564.394,430.194
2072,186,255,480.672,432.398
2073,51,255,793.500,430.461
2074,98,255,862.133,431.510
2075,99,255,894.975,430.207
2076,82,255,1253.402,429.732
2077,45,255,1283.522,429.011
2078,77,255,1332.539,430.747
2079,59,255,1487.873,429.280
2080,82,255,555.220,432.988
2081,61,255,57.910,431.418
2082,69,255,455.181,433.138
2083,118,255,1085.356,433.483
2084,28,255,1154.321,431.143
2085,39,255,355.013,432.910
2086,137,255,626.427,436.544
2087,25,255,749.220,432.020
2088,38,255,1389.263,432.289
2089,121,255,1475.467,435.971
2090,125,255,1503.804,434.396
2091,41,255,1552.890,432.280
2092,100,255,246.690,437.430
2093,42,255,1051.095,434.929
2094,62,255,1361.403,434.274
2095,134,255,732.463,438.231
2096,128,255,1584.445,437.281
2097,68,255,149.015,436.309
2098,86,255,569.779,436.337
2099,59,255,1038.466,435.636
2100,71,255,1197.585,436.683
2101,72,255,1235.167,435.597
2102,124,255,1265.629,438.065
2103,171,255,308.635,440.722
2104,125,255,538.084,439.884
2105,133,255,1382.477,439.635
2106,71,255,1420.162,437.824
2107,71,255,1434.683,436.951
2108,75,255,231.460,439.393
2109,103,255,264.820,439.850
2110,49,255,667.316,437.010
2111,133,255,1066.831,441.019
2112,119,255,1099.139,440.374
2113,50,255,1184.720,437.780
2114,20,255,1348.450,436.650
2115,85,255,1545.394,440.241
2116,20,255,579.400,437.050
2117,113,255,758.102,441.137
2118,64,255,908.500,439.000
2119,45,255,921.944,438.567
2120,21,255,958.119,436.929
2121,67,255,1314.157,439.590
2122,94,255,1455.947,441.053
2123,56,255,33.875,440.929
2124,175,255,383.346,446.797
2125,104,255,681.683,441.000
2126,124,255,996.742,444.113
2127,75,255,1566.780,439.967
2128,102,255,116.725,443.245
2129,52,255,838.712,440.423
2130,44,255,1114.045,440.659
2131,119,255,199.744,444.088
2132,30,255,431.633,441.267
2133,62,255,458.355,443.468
2134,72,255,887.472,442.472
2135,50,255,1153.500,441.700
2136,128,255,1330.461,444.219
2137,64,255,1408.625,442.391
2138,84,255,54.619,444.250
2139,68,255,333.750,443.868
2140,168,255,780.268,445.393
2141,102,255,874.373,445.863
2142,101,255,1124.460,445.738
2143,70,255,1300.314,443.486
2144,81,255,275.735,445.451
2145,86,255,290.488,445.372
2146,59,255,596.856,443.873
2147,61,255,619.221,444.762
2148,31,255,949.306,443.048
2149,153,255,1357.474,447.611
2150,121,255,80.260,447.062
2151,114,255,140.675,447.228
2152,93,255,175.941,446.435
2153,67,255,568.216,444.619
2154,164,255,669.140,449.348
2155,24,255,714.208,443.708
2156,114,255,816.316,445.632
2157,70,255,962.614,445.457
2158,143,255,978.955,447.927
2159,61,255,1145.123,446.893
2160,68,255,1529.426,446.618
2161,61,255,417.697,447.238
2162,73,255,865.281,447.747
2163,57,255,1190.921,446.535
2164,69,255,1203.920,446.862
2165,151,255,354.487,449.818
2166,67,255,477.321,446.843
2167,60,255,702.100,447.817
2168,82,255,67.293,451.561
2169,70,255,100.129,448.486
2170,62,255,546.113,448.919
2171,82,255,1285.622,448.317
2172,95,255,399.416,450.247
2173,95,255,735.974,451.258
2174,86,255,1517.419,450.779
2175,53,255,1543.425,449.368
2176,91,255,835.775,450.874
2177,20,255,1048.150,448.450
2178,119,255,1088.155,452.777
2179,136,255,1106.000,454.375
2180,78,255,1414.949,451.526
2181,37,255,1498.041,450.014
2182,119,255,1559.592,452.626
2183,88,255,16.795,452.795
2184,58,255,43.241,451.948
2185,198,255,221.490,455.652
2186,66,255,486.439,452.621
2187,153,255,522.605,453.971
2188,162,255,1018.704,455.019
2189,88,255,1035.830,452.318
2190,79,255,154.196,455.627
2191,162,255,605.710,456.642
2192,59,255,650.364,453.381
2193,64,255,802.734,452.719
2194,73,255,1129.925,453.281
2195,37,255,1255.581,451.041
2196,88,255,753.830,454.386
2197,66,255,937.939,452.667
2198,88,255,1152.330,453.636
2199,60,255,329.550,453.667
2200,20,255,372.600,452.600
2201,134,255,1341.463,459.433
2202,51,255,127.912,455.245
2203,88,255,902.955,456.614
2204,75,255,1055.233,455.633
2205,77,255,1168.448,455.006
2206,76,255,1229.947,455.342
2207,67,255,1307.455,454.515
2208,21,255,1458.405,453.595
2209,84,255,1596.714,458.060
2210,59,255,256.466,457.551
2211,60,255,311.183,456.417
2212,41,255,444.646,455.671
2213,21,255,467.310,454.357
2214,72,255,629.222,456.694
2215,40,255,793.825,455.525
2216,38,255,1573.184,455.000
2217,78,255,275.103,458.667
2218,73,255,339.856,458.966
2219,81,255,688.463,458.759
2220,130,255,705.738,457.685
2221,113,255,926.704,458.739
2222,63,255,1002.627,456.738
2223,26,255,1378.077,455.308
2224,101,255,1403.738,459.054
2225,51,255,1269.951,457.049
2226,55,255,1291.064,457.391
2227,129,255,1324.105,461.810
2228,83,255,32.223,460.946
2229,58,255,84.879,459.879
2230,111,255,1211.383,461.563
2231,144,255,1439.681,460.222
2232,43,255,1474.895,458.314
2233,62,255,1491.516,458.742
2234,100,255,165.960,464.170
2235,85,255,547.065,460.935
2236,65,255,856.562,461.362
2237,100,255,132.670,462.540
2238,28,255,204.250,461.036
2239,34,255,817.000,459.618
2240,49,255,825.133,461.276
2241,69,255,889.036,460.949
2242,61,255,946.730,461.434
2243,89,255,1455.691,462.500
2244,72,255,72.417,462.792
2245,70,255,248.471,463.100
2246,87,255,406.695,463.730
2247,174,255,506.603,466.425
2248,25,255,576.660,460.820
2249,44,255,1118.091,461.886
2250,116,255,92.121,466.112
2251,83,255,962.934,463.139
2252,127,255,978.965,466.531
2253,54,255,1192.259,462.704
2254,93,255,1386.016,464.844
2255,92,255,1511.891,464.337
2256,45,255,446.122,463.878
2257,62,255,478.532,464.355
2258,32,255,743.406,462.562
2259,90,255,1225.289,464.500
2260,42,255,1257.095,464.786
2261,101,255,1272.233,465.550
2262,37,255,1464.608,463.770
2263,62,255,1579.677,464.032
2264,154,255,112.896,467.266
2265,120,255,296.192,467.825
2266,96,255,590.958,468.625
2267,44,255,631.886,464.659
2268,102,255,649.912,466.804
2269,64,255,1037.578,464.484
2270,129,255,1067.578,467.717
2271,79,255,1167.981,464.627
2272,127,255,1542.303,467.846
2273,51,255,811.324,467.382
2274,33,255,1501.197,465.197
2275,63,255,459.833,468.183
2276,28,255,487.607,466.607
2277,90,255,1131.722,468.044
2278,86,255,1182.523,469.453
2279,39,255,1351.269,467.372
2280,95,255,1481.679,467.489
2281,21,255,196.738,467.119
2282,24,255,334.833,466.375
2283,199,255,787.957,471.435
2284,151,255,902.553,470.103
2285,37,255,1360.014,468.581
2286,86,255,1567.628,469.244
2287,55,255,42.536,469.300
2288,74,255,174.703,470.095
2289,61,255,440.205,470.090
2290,76,255,879.447,468.829
2291,29,255,1019.293,468.224
2292,140,255,1241.100,472.871
2293,43,255,1309.291,468.593
2294,152,255,225.743,471.868
2295,127,255,563.343,472.413
2296,76,255,690.487,470.355
2297,178,255,769.994,474.933
2298,68,255,948.456,469.250
2299,71,255,141.049,472.894
2300,136,255,259.522,474.809
2301,43,255,360.267,470.500
2302,100,255,392.830,472.050
2303,83,255,429.030,472.584
2304,45,255,826.256,470.567
2305,54,255,862.519,471.315
2306,72,255,920.639,471.403
2307,61,255,1095.631,471.385
2308,61,255,1368.730,472.090
2309,37,255,1393.608,470.473
2310,61,255,72.451,471.566
2311,126,255,15.159,477.278
2312,54,255,348.815,473.537
2313,60,255,1150.167,473.350
2314,172,255,1291.622,477.140
2315,83,255,1581.886,473.355
2316,25,255,1598.140,472.380
2317,51,255,28.245,473.951
2318,118,255,668.992,475.136
2319,58,255,464.724,477.000
2320,74,255,1073.730,477.703
2321,84,255,1419.393,475.214
2322,58,255,123.724,476.086
2323,113,255,203.288,479.066
2324,71,255,239.838,477.866
2325,146,255,529.767,477.685
2326,94,255,733.106,476.351
2327,46,255,754.674,475.848
2328,125,255,869.844,478.996
2329,51,255,1045.559,476.265
2330,75,255,1107.327,476.647
2331,112,255,1474.455,478.893
2332,118,255,1552.169,479.364
2333,110,255,154.700,479.736
2334,101,255,339.777,479.084
2335,81,255,476.648,478.130
2336,89,255,608.331,478.174
2337,78,255,804.295,478.628
2338,20,255,936.700,475.600
2339,102,255,1015.755,480.324
2340,53,255,1128.745,476.462
2341,60,255,1404.083,476.683
2342,60,255,57.517,479.317
2343,112,255,274.348,481.036
2344,46,255,448.848,477.696
2345,110,255,493.245,482.218
2346,82,255,814.451,479.817
2347,64,255,974.672,479.328
2348,46,255,1085.152,477.957
2349,134,255,1219.239,481.493
2350,46,255,1453.870,477.609
2351,40,255,190.000,478.825
2352,72,255,1495.000,479.264
2353,107,255,305.444,481.407
2354,68,255,320.088,480.735
2355,86,255,369.000,480.535
2356,103,255,589.024,481.655
2357,65,255,963.208,480.638
2358,60,255,1060.233,480.033
2359,51,255,354.324,481.304
2360,35,255,850.900,480.357
2361,122,255,951.672,483.959
2362,142,255,989.141,484.838
2363,60,255,1306.267,480.833
2364,46,255,1432.543,480.196
2365,72,255,45.222,482.611
2366,157,255,86.366,485.589
2367,131,255,112.935,485.431
2368,83,255,648.717,484.247
2369,54,255,712.685,481.907
2370,99,255,740.460,483.975
2371,73,255,837.240,482.459
2372,54,255,1003.685,481.833
2373,82,255,1090.000,484.573
2374,62,255,1316.048,484.661
2375,66,255,1387.697,483.121
2376,149,255,673.721,486.782
2377,92,255,1171.500,485.000
2378,96,255,1198.125,484.844
2379,48,255,1255.979,483.896
2380,36,255,1038.806,484.806
2381,68,255,1364.838,485.897
2382,98,255,1486.592,487.102
2383,87,255,1594.397,485.914
2384,43,255,69.942,486.081
2385,76,255,388.421,487.184
2386,69,255,707.645,488.167
2387,73,255,785.774,486.281
2388,23,255,1210.283,485.761
2389,68,255,1336.897,486.706
2390,98,255,1532.031,487.724
2391,53,255,251.519,487.726
2392,129,255,415.322,490.430
2393,26,255,636.385,485.654
2394,76,255,826.513,487.829
2395,20,255,1246.850,486.200
2396,172,255,1568.698,489.244
2397,130,255,937.923,490.731
2398,53,255,1422.538,487.179
2399,96,255,99.052,492.323
2400,80,255,209.762,490.538
2401,83,255,502.247,489.922
2402,132,255,858.379,491.871
2403,41,255,1134.768,489.329
2404,43,255,1152.081,488.058
2405,125,255,28.268,491.564
2406,258,255,569.043,496.450
2407,59,255,627.127,490.178
2408,134,255,881.060,491.925
2409,49,255,1074.867,490.214
2410,171,255,360.132,494.395
2411,116,255,599.405,493.414
2412,68,255,1275.294,491.176
2413,74,255,61.108,492.838
2414,69,255,263.196,493.036
2415,40,255,904.875,491.525
2416,110,255,1290.518,494.445
2417,50,255,1346.240,492.020
2418,76,255,1396.092,493.224
2419,105,255,1411.967,493.367
2420,67,255,165.187,493.754
2421,43,255,283.337,492.593
2422,113,255,302.969,495.164
2423,81,255,321.858,495.512
2424,136,255,550.228,497.529
2425,146,255,1031.973,496.555
2426,114,255,1232.711,495.500
2427,86,255,1372.988,494.919
2428,241,255,1546.998,497.251
2429,81,255,148.809,494.735
2430,145,255,516.783,497.066
2431,70,255,1045.971,495.229
2432,94,255,1260.000,495.298
2433,63,255,126.865,496.040
2434,84,255,192.679,498.286
2435,86,255,394.047,496.872
2436,62,255,467.903,494.806
2437,74,255,735.689,495.716
2438,91,255,803.401,496.907
2439,37,255,200.230,496.095
2440,27,255,815.463,495.019
2441,147,255,41.500,500.976
2442,62,255,217.290,498.774
2443,69,255,446.935,497.645
2444,94,255,702.840,499.851
2445,102,255,975.618,498.824
2446,91,255,1188.115,497.896
2447,71,255,1245.176,497.472
2448,88,255,1459.614,498.398
2449,153,255,1517.788,501.147
2450,25,255,610.180,497.340
2451,33,255,656.197,497.591
2452,118,255,690.186,501.144
2453,46,255,782.304,497.913
2454,84,255,1151.810,498.024
2455,82,255,1209.683,498.512
2456,59,255,1358.415,497.873
2457,51,255,1446.069,497.559
2458,45,255,1504.500,497.278
2459,85,255,911.582,498.900
2460,56,255,958.589,498.393
2461,67,255,1473.769,499.828
2462,68,255,408.029,500.588
2463,46,255,495.217,498.891
2464,90,255,623.933,500.656
2465,73,255,822.007,502.418
2466,124,255,1169.234,503.847
2467,24,255,140.000,500.042
2468,90,255,282.911,502.433
2469,79,255,375.386,502.639
2470,64,255,535.000,502.438
2471,66,255,773.273,501.697
2472,168,255,1121.494,504.345
2473,96,255,1582.365,502.250
2474,140,255,588.779,505.321
2475,32,255,642.531,500.781
2476,119,255,1434.223,505.819
2477,20,255,178.650,501.700
2478,102,255,243.637,505.422
2479,43,255,1345.733,502.477
2480,86,255,474.756,505.628
2481,58,255,1402.345,504.414
2482,80,255,119.938,506.100
2483,66,255,159.879,505.303
2484,32,255,202.938,504.844
2485,29,255,222.810,504.431
2486,53,255,455.500,505.972
2487,28,255,1483.179,503.929
2488,106,255,484.943,510.330
2489,92,255,787.641,507.967
2490,66,255,920.167,506.970
2491,148,255,94.324,511.311
2492,50,255,295.600,506.700
2493,71,255,897.415,507.627
2494,47,255,1597.457,508.309
2495,97,255,425.706,509.655
2496,128,255,440.633,510.289
2497,54,255,644.796,508.074
2498,68,255,736.382,508.824
2499,60,255,1321.567,508.900
2500,102,255,107.314,513.118
2501,54,255,323.500,509.111
2502,124,255,337.218,512.718
2503,145,255,1012.403,510.314
2504,107,255,1183.285,511.509
2505,73,255,19.705,510.541
2506,132,255,57.947,511.348
2507,127,255,267.531,512.531
2508,109,255,353.950,511.830
2509,82,255,1102.317,510.500
2510,104,255,1245.452,510.990
2511,86,255,1359.023,510.605
2512,101,255,1391.639,513.936
2513,72,255,1490.944,510.486
2514,66,255,147.561,511.485
2515,52,255,209.500,512.096
2516,70,255,656.543,512.629
2517,122,255,850.320,513.803
2518,50,255,1275.960,510.660
2519,36,255,884.889,511.028
2520,91,255,1197.159,512.885
2521,90,255,1290.156,512.511
2522,105,255,1366.471,515.462
2523,20,255,1426.100,511.250
2524,66,255,27.182,514.333
2525,60,255,78.467,513.450
2526,122,255,173.352,515.844
2527,56,255,198.357,514.000
2528,115,255,522.561,515.196
2529,165,255,544.300,515.385
2530,67,255,774.784,512.843
2531,59,255,992.856,513.890
2532,96,255,1057.073,514.146
2533,86,255,1310.581,514.849
2534,47,255,1552.457,512.947
2535,29,255,1.707,514.431
2536,94,255,613.638,515.543
2537,100,255,1265.760,515.420
2538,56,255,218.554,514.946
2539,78,255,303.962,515.744
2540,32,255,392.406,513.781
2541,43,255,628.965,515.105
2542,32,255,981.844,513.781
2543,40,255,1085.950,514.600
2544,84,255,1411.869,516.024
2545,104,255,1456.981,517.712
2546,61,255,1466.877,515.320
2547,40,255,373.700,515.700
2548,82,255,1074.927,516.720
2549,91,255,1163.313,517.632
2550,95,255,185.111,520.711
2551,68,255,454.706,516.897
2552,127,255,685.272,519.248
2553,83,255,702.705,518.596
2554,100,255,833.820,518.960
2555,69,255,1033.819,518.022
2556,52,255,1212.635,517.404
2557,40,255,255.825,517.525
2558,130,255,569.538,518.815
2559,189,255,898.981,521.934
2560,64,255,1322.719,517.750
2561,122,255,1562.656,520.467
2562,109,255,399.445,520.408
2563,36,255,764.583,517.611
2564,59,255,880.873,519.263
2565,110,255,923.291,524.255
2566,75,255,935.060,519.233
2567,85,255,971.829,519.994
2568,21,255,1102.643,518.167
2569,26,255,1111.731,519.000
2570,49,255,1125.561,520.071
2571,54,255,44.111,521.444
2572,38,255,116.711,520.500
2573,38,255,328.737,519.974
2574,167,255,415.392,524.638
2575,152,255,752.461,524.868
2576,117,255,1496.885,522.389
2577,163,255,1582.445,523.402
2578,68,255,134.456,522.456
2579,56,255,286.696,523.036
2580,64,255,947.828,522.844
2581,101,255,992.490,524.401
2582,77,255,1479.487,522.994
2583,88,255,369.352,524.602
2584,79,255,152.209,525.462
2585,35,255,487.757,523.929
2586,150,255,507.167,526.713
2587,182,255,721.896,527.753
2588,44,255,1206.727,524.955
2589,108,255,1239.509,526.519
2590,71,255,1283.472,525.387
2591,103,255,1434.422,527.209
2592,115,255,637.987,527.952
2593,109,255,660.390,527.830
2594,43,255,1069.058,524.942
2595,57,255,1273.482,526.114
2596,70,255,6.914,527.686
2597,57,255,58.991,527.570
2598,97,255,616.716,528.418
2599,118,255,852.271,528.720
2600,104,255,1322.865,529.221
2601,56,255,1405.089,527.375
2602,25,255,676.100,526.860
2603,97,255,772.160,528.624
2604,159,255,797.695,532.368
2605,83,255,221.560,529.910
2606,202,255,250.307,532.054
2607,37,255,443.986,528.230
2608,72,255,810.708,530.514
2609,55,255,1194.682,529.100
2610,77,255,957.240,529.344
2611,54,255,1095.241,529.907
2612,44,255,1343.000,529.364
2613,69,255,114.935,531.210
2614,92,255,558.891,531.891
2615,85,255,740.453,532.724
2616,48,255,827.688,531.083
2617,25,255,1514.340,530.020
2618,56,255,1571.429,531.857
2619,53,255,14.292,532.896
2620,72,255,449.931,534.278
2621,92,255,881.446,532.261
2622,105,255,1130.500,532.033
2623,205,255,1154.198,535.841
2624,87,255,1369.603,532.661
2625,98,255,38.031,533.653
2626,40,255,291.750,531.975
2627,54,255,332.796,533.111
2628,104,255,426.654,534.096
2629,63,255,1212.056,534.198
2630,172,255,1302.192,536.006
2631,151,255,25.560,540.440
2632,118,255,546.695,536.831
2633,90,255,910.656,535.478
2634,39,255,1442.731,533.013
2635,80,255,92.675,536.388
2636,99,255,574.641,538.227
2637,79,255,783.285,536.006
2638,102,255,943.588,536.882
2639,60,255,1032.250,534.983
2640,59,255,199.737,536.466
2641,113,255,699.500,538.465
2642,81,255,1346.426,536.500
2643,96,255,1457.052,536.490
2644,79,255,356.791,538.538
2645,38,255,371.474,536.289
2646,71,255,489.035,537.923
2647,91,255,1008.588,538.654
2648,146,255,1393.384,540.329
2649,72,255,1531.083,538.736
2650,162,255,58.920,543.957
2651,74,255,144.311,539.081
2652,26,255,1044.038,537.231
2653,90,255,1408.344,539.244
2654,64,255,285.188,539.703
2655,145,255,533.459,542.376
2656,151,255,684.368,541.129
2657,58,255,820.414,538.638
2658,133,255,865.447,541.876
2659,83,255,967.452,539.271
2660,96,255,1093.229,540.865
2661,45,255,1427.878,539.456
2662,103,255,379.947,542.228
2663,133,255,395.019,544.199
2664,37,255,1562.203,539.122
2665,50,255,1592.160,541.240
2666,118,255,208.466,542.890
2667,43,255,925.826,540.500
2668,97,255,1116.273,542.356
2669,170,255,506.047,545.118
2670,48,255,649.062,544.188
2671,112,255,1182.679,543.938
2672,89,255,177.567,543.736
2673,25,255,319.300,541.580
2674,72,255,469.153,543.861
2675,134,255,1229.522,546.209
2676,69,255,1520.065,543.413
2677,79,255,1547.323,543.892
2678,89,255,271.882,546.399
2679,97,255,663.428,545.201
2680,77,255,752.981,544.656
2681,56,255,1104.607,545.911
2682,59,255,1249.449,543.602
2683,66,255,111.182,545.227
2684,42,255,241.905,544.619
2685,155,255,344.906,550.274
2686,101,255,425.064,545.609
2687,25,255,843.940,543.300
2688,30,255,903.333,543.333
2689,65,255,1018.192,545.638
2690,36,255,1285.111,544.250
2691,100,255,1318.690,546.610
2692,92,255,188.065,549.478
2693,44,255,328.250,546.159
2694,35,255,587.471,545.643
2695,40,255,157.225,547.525
2696,67,255,220.933,547.515
2697,161,255,622.935,549.997
2698,78,255,1043.897,547.090
2699,46,255,1453.348,545.913
2700,207,255,780.157,551.123
2701,139,255,823.507,549.601
2702,90,255,974.111,549.044
2703,42,255,1128.714,549.333
2704,115,255,1364.143,551.265
2705,96,255,1377.542,549.594
2706,84,255,451.821,549.619
2707,84,255,485.000,549.214
2708,66,255,1160.788,549.970
2709,123,255,1571.264,550.890
2710,27,255,102.500,549.130
2711,69,255,86.167,551.761
2712,62,255,311.500,550.661
2713,29,255,598.672,550.603
2714,111,255,889.266,553.743
2715,23,255,1089.587,549.848
2716,65,255,1148.731,552.069
2717,93,255,1330.715,552.457
2718,129,255,1480.422,552.756
2719,20,255,298.750,551.550
2720,55,255,807.736,552.664
2721,78,255,934.462,553.744
2722,90,255,1193.489,553.333
2723,43,255,1459.128,553.198
2724,74,255,50.324,555.027
2725,75,255,72.073,555.660
2726,123,255,130.654,556.866
2727,73,255,177.705,554.884
2728,51,255,652.441,555.186
2729,81,255,736.438,554.920
2730,69,255,873.094,554.341
2731,73,255,1438.500,554.473
2732,73,255,642.747,556.267
2733,27,255,754.315,553.685
2734,145,255,1058.245,558.162
2735,120,255,1246.275,558.625
2736,104,255,1497.298,556.788
2737,23,255,1543.804,554.196
2738,45,255,2.011,558.033
2739,166,255,35.494,559.265
2740,116,255,166.733,559.560
2741,98,255,238.490,558.551
2742,82,255,471.256,556.939
2743,62,255,488.774,556.548
2744,73,255,584.500,556.308
2745,68,255,724.235,556.603
2746,25,255,981.540,554.740
2747,57,255,1014.570,555.254
2748,80,255,1309.662,556.562
2749,43,255,1535.430,556.151
2750,69,255,280.283,557.572
2751,45,255,321.411,557.211
2752,60,255,502.550,557.633
2753,102,255,916.098,559.225
2754,55,255,1168.991,557.682
2755,95,255,1234.121,558.605
2756,97,255,1413.974,561.160
2757,57,255,1509.009,557.342
2758,81,255,1587.883,558.660
2759,108,255,1076.917,560.713
2760,107,255,98.220,559.491
2761,74,255,152.595,561.027
2762,76,255,254.632,560.079
2763,155,255,597.274,561.842
2764,49,255,669.316,559.337
2765,148,255,854.500,561.399
2766,36,255,974.806,558.139
2767,89,255,1380.893,561.118
2768,97,255,359.490,560.954
2769,54,255,373.204,559.963
2770,46,255,395.783,559.217
2771,71,255,553.838,560.387
2772,89,255,747.871,560.511
2773,34,255,1120.824,559.176
2774,107,255,1215.846,562.089
2775,35,255,1404.357,558.986
2776,65,255,1088.792,561.977
2777,53,255,1133.274,561.764
2778,75,255,1339.873,562.140
2779,27,255,18.500,561.389
2780,63,255,271.151,563.500
2781,224,255,687.674,566.170
2782,72,255,925.861,563.403
2783,22,255,301.500,561.182
2784,40,255,711.675,562.550
2785,81,255,946.364,565.093
2786,85,255,1038.124,564.959
2787,75,255,1163.833,564.567
2788,53,255,1327.726,563.142
2789,155,255,1462.435,566.365
2790,74,255,216.027,564.473
2791,106,255,383.358,565.736
2792,111,255,1278.878,565.815
2793,140,255,1439.286,566.671
2794,92,255,123.239,567.011
2795,88,255,443.398,565.750
2796,179,255,488.249,568.405
2797,62,255,511.581,566.226
2798,182,255,528.308,569.291
2799,122,255,1568.910,566.131
2800,36,255,263.194,565.667
2801,86,255,761.221,567.453
2802,92,255,1527.348,566.272
2803,69,255,99.225,567.138
2804,89,255,17.601,571.669
2805,99,255,72.803,571.551
2806,193,255,565.733,571.319
2807,87,255,730.764,570.224
2808,76,255,874.803,569.934
2809,144,255,892.833,575.812
2810,138,255,904.283,572.949
2811,46,255,1048.348,568.587
2812,81,255,1121.710,568.883
2813,45,255,6.256,571.033
2814,24,255,159.167,569.167
2815,107,255,199.435,570.836
2816,148,255,469.088,572.885
2817,95,255,835.447,570.805
2818,58,255,1096.862,570.397
2819,74,255,1155.176,571.392
2820,34,255,1582.647,569.794
2821,137,255,303.376,573.223
2822,82,255,602.524,572.768
2823,95,255,996.174,572.363
2824,133,255,1239.079,572.733
2825,57,255,1593.149,571.412
2826,58,255,704.155,574.362
2827,160,255,31.262,577.875
2828,96,255,279.042,574.396
2829,115,255,402.517,574.222
2830,84,255,653.071,574.524
2831,29,255,772.776,571.914
2832,109,255,356.206,575.390
2833,37,255,786.446,573.095
2834,96,255,1174.406,575.833
2835,40,255,1390.475,574.350
2836,79,255,1414.285,574.323
2837,132,255,1502.545,576.462
2838,20,255,1537.550,572.900
2839,49,255,1550.541,574.214
2840,44,255,59.591,575.455
2841,62,255,240.419,576.645
2842,76,255,421.053,576.474
2843,47,255,797.521,574.883
2844,48,255,1211.792,574.896
2845,107,255,1481.435,576.164
2846,86,255,542.756,576.895
2847,97,255,932.861,577.686
2848,89,255,1524.039,577.837
2849,71,255,141.500,578.908
2850,68,255,1359.162,578.441
2851,68,255,109.588,579.824
2852,119,255,154.895,582.727
2853,92,255,190.957,581.207
2854,67,255,713.022,581.172
2855,80,255,727.575,579.688
2856,43,255,814.314,578.430
2857,80,255,863.812,579.800
2858,60,255,878.333,579.300
2859,96,255,1009.198,580.625
2860,43,255,1424.779,579.407
2861,76,255,220.184,580.711
2862,141,255,247.408,584.982
2863,114,255,455.465,581.737
2864,52,255,790.538,579.827
2865,115,255,1259.491,584.283
2866,116,255,1403.379,582.241
2867,74,255,1560.716,579.608
2868,82,255,100.634,583.512
2869,47,255,596.032,580.500
2870,88,255,665.534,581.693
2871,87,255,1079.718,582.925
2872,46,255,692.043,581.848
2873,184,255,774.370,587.071
2874,35,255,1069.900,581.500
2875,61,255,1451.320,582.123
2876,75,255,518.887,584.060
2877,57,255,748.430,584.430
2878,64,255,965.984,583.578
2879,63,255,1195.770,585.389
2880,40,255,605.750,585.100
2881,134,255,677.060,587.261
2882,74,255,1336.257,584.811
2883,77,255,555.201,586.669
2884,101,255,837.262,586.035
2885,136,255,1097.250,589.978
2886,98,255,1235.122,586.551
2887,48,255,1276.625,584.271
2888,93,255,57.113,587.489
2889,49,255,72.031,586.010
2890,99,255,1546.561,587.793
2891,80,255,1024.250,587.712
2892,64,255,1061.031,588.672
2893,44,255,1495.182,587.386
2894,101,255,1576.817,588.520
2895,80,255,305.000,589.450
2896,83,255,527.163,590.090
2897,171,255,589.272,590.658
2898,31,255,1113.210,587.177
2899,83,255,1186.512,589.729
2900,109,255,1532.041,591.509
2901,128,255,167.516,594.289
2902,116,255,265.586,591.345
2903,94,255,645.064,589.383
2904,121,255,1043.475,591.459
2905,89,255,927.028,592.140
2906,36,255,1222.444,588.944
2907,34,255,1391.353,590.235
2908,80,255,21.825,592.800
2909,39,255,347.090,589.910
2910,75,255,410.007,591.220
2911,64,255,443.844,592.000
2912,145,255,730.155,594.569
2913,136,255,957.581,592.544
2914,117,255,1283.603,592.825
2915,55,255,1563.045,590.755
2916,115,255,124.222,593.970
2917,66,255,181.061,592.318
2918,122,255,376.115,593.156
2919,69,255,146.399,593.833
2920,83,255,421.934,594.199
2921,47,255,434.181,594.053
2922,38,255,759.737,592.658
2923,76,255,813.737,594.329
2924,28,255,865.429,591.393
2925,29,255,1125.638,592.603
2926,139,255,1308.435,595.932
2927,114,255,1352.316,595.456
2928,96,255,1386.104,596.552
2929,106,255,1406.887,594.915
2930,71,255,82.387,595.908
2931,97,255,223.077,596.304
2932,120,255,741.375,599.200
2933,78,255,1084.987,595.538
2934,113,255,1441.013,595.518
2935,117,255,1592.226,596.415
2936,96,255,38.781,597.823
2937,56,255,97.839,595.429
2938,55,255,319.045,597.136
2939,62,255,328.016,595.339
2940,87,255,353.672,595.799
2941,29,255,1476.397,594.638
2942,34,255,111.706,595.912
2943,59,255,214.246,597.669
2944,170,255,499.235,598.824
2945,23,255,549.674,594.848
2946,45,255,274.189,597.789
2947,136,255,470.485,598.853
2948,116,255,685.681,600.043
2949,62,255,704.645,597.210
2950,118,255,843.788,597.729
2951,83,255,998.777,597.608
2952,75,255,1030.913,597.447
2953,160,255,1115.419,603.400
2954,104,255,1326.019,598.077
2955,58,255,298.052,598.362
2956,94,255,340.064,600.234
2957,46,255,387.870,598.152
2958,83,255,942.584,598.657
2959,69,255,1369.254,598.877
2960,175,255,978.946,603.991
2961,53,255,1466.972,598.575
2962,122,255,1491.975,600.811
2963,141,255,1514.805,601.032
2964,101,255,59.540,601.450
2965,143,255,630.808,604.066
2966,44,255,793.523,599.841
2967,94,255,1059.947,600.574
2968,64,255,1201.938,599.844
2969,148,255,520.865,605.068
2970,82,255,712.988,603.622
2971,64,255,145.906,603.125
2972,130,255,177.185,605.300
2973,42,255,239.024,602.857
2974,89,255,251.096,605.365
2975,73,255,874.103,603.705
2976,77,255,931.799,604.110
2977,59,255,1018.076,602.992
2978,72,255,1291.306,603.389
2979,109,255,426.381,605.794
2980,145,255,859.486,606.576
2981,113,255,1144.615,605.226
2982,100,255,1406.530,605.030
2983,86,255,1556.302,604.651
2984,55,255,16.227,605.791
2985,66,255,88.697,605.682
2986,60,255,439.067,605.267
2987,121,255,563.384,606.566
2988,36,255,991.583,605.389
2989,95,255,102.205,607.521
2990,63,255,1534.230,605.595
2991,48,255,290.292,607.667
2992,105,255,370.652,608.157
2993,49,255,503.378,607.888
2994,94,255,1176.415,608.160
2995,110,255,1209.645,608.882
2996,111,255,1375.437,609.023
2997,95,255,1436.279,607.279
2998,62,255,1456.323,607.194
2999,66,255,1581.682,607.591
3000,48,255,401.250,607.500
3001,67,255,483.754,609.709
3002,103,255,812.432,609.927
3003,47,255,894.032,608.074
3004,78,255,1034.923,609.346
3005,99,255,1057.611,609.732
3006,39,255,1192.397,608.321
3007,66,255,1421.652,608.424
3008,51,255,211.422,608.990
3009,102,255,592.441,610.843
3010,74,255,693.459,611.351
3011,131,255,1234.920,610.897
3012,92,255,1278.859,610.391
3013,25,255,1466.900,608.100
3014,49,255,322.051,610.194
3015,148,255,619.838,614.791
3016,23,255,656.935,610.283
3017,142,255,906.690,615.880
3018,82,255,958.646,612.427
3019,73,255,1024.390,614.760
3020,77,255,41.968,614.474
3021,36,255,160.528,611.139
3022,98,255,334.561,613.418
3023,59,255,832.347,611.771
3024,115,255,1163.204,614.352
3025,96,255,1528.292,613.292
3026,29,255,153.293,612.466
3027,96,255,556.719,615.500
3028,134,255,942.918,616.052
3029,108,255,1261.370,614.176
3030,113,255,51.164,618.279
3031,107,255,115.388,616.229
3032,56,255,130.571,615.982
3033,62,255,246.081,613.726
3034,62,255,779.419,614.548
3035,43,255,823.337,614.314
3036,80,255,1341.612,614.712
3037,67,255,1567.784,613.888
3038,113,255,666.721,617.323
3039,44,255,729.091,614.318
3040,32,255,770.625,614.094
3041,41,255,1499.695,614.378
3042,24,255,541.750,614.250
3043,43,255,787.314,616.919
3044,55,255,29.955,617.409
3045,26,255,215.192,616.615
3046,56,255,227.857,618.321
3047,54,255,265.426,617.796
3048,238,255,431.559,621.870
3049,160,255,1587.875,620.138
3050,150,255,12.387,620.947
3051,34,255,534.912,617.088
3052,83,255,921.464,620.572
3053,48,255,1031.688,618.188
3054,111,255,1460.779,618.563
3055,56,255,296.018,618.696
3056,43,255,396.105,618.570
3057,69,255,1002.471,621.500
3058,158,255,1087.253,620.665
3059,56,255,1286.839,619.786
3060,66,255,162.121,621.212
3061,46,255,650.761,620.000
3062,32,255,797.594,619.219
3063,149,255,866.742,625.272
3064,49,255,930.092,620.071
3065,34,255,1387.235,619.500
3066,121,255,367.269,621.921
3067,156,255,412.571,625.269
3068,120,255,463.083,622.942
3069,83,255,736.199,622.464
3070,62,255,1226.629,622.194
3071,55,255,385.864,622.518
3072,153,255,525.186,625.062
3073,34,255,639.882,621.765
3074,63,255,1113.548,623.754
3075,103,255,1129.733,624.170
3076,114,255,1190.886,624.158
3077,107,255,100.836,624.640
3078,80,255,705.125,623.962
3079,67,255,807.828,623.784
3080,57,255,836.061,623.044
3081,97,255,1063.242,624.325
3082,63,255,1373.310,623.198
3083,107,255,1405.528,626.182
3084,114,255,1419.061,625.974
3085,70,255,989.700,625.057
3086,117,255,1349.868,625.457
3087,84,255,1558.083,624.512
3088,54,255,683.722,625.556
3089,23,255,1051.500,623.326
3090,94,255,64.670,627.170
3091,169,255,81.612,628.624
3092,139,255,349.781,628.867
3093,45,255,1103.811,626.167
3094,57,255,1438.851,626.868
3095,84,255,1498.214,626.000
3096,92,255,776.685,626.739
3097,208,255,1161.678,632.510
3098,30,255,1234.200,626.833
3099,38,255,1362.000,626.632
3100,84,255,1513.548,628.000
3101,38,255,794.342,627.158
3102,81,255,1311.377,627.932
3103,167,255,189.009,631.674
3104,66,255,271.561,630.076
3105,97,255,288.376,629.376
3106,87,255,330.155,629.879
3107,213,255,658.026,634.932
3108,39,255,741.885,629.500
3109,28,255,751.750,628.321
3110,134,255,624.067,633.082
3111,35,255,641.443,629.386
3112,87,255,1040.707,631.592
3113,69,255,1203.732,630.181
3114,141,255,1296.472,634.812
3115,58,255,1594.293,630.862
3116,105,255,482.567,632.176
3117,70,255,510.271,632.000
3118,61,255,587.926,630.697
3119,142,255,970.627,634.528
3120,60,255,1279.817,631.000
3121,89,255,1457.826,633.287
3122,83,255,120.235,633.825
3123,32,255,308.438,631.406
3124,177,255,1266.511,636.014
3125,37,255,1475.662,631.743
3126,58,255,1487.138,633.155
3127,57,255,150.693,633.412
3128,85,255,400.900,634.841
3129,46,255,469.913,633.522
3130,48,255,725.896,633.042
3131,59,255,885.178,633.042
3132,111,255,917.887,634.275
3133,41,255,1066.841,632.866
3134,93,255,1081.694,634.210
3135,114,255,1538.325,633.737
3136,83,255,214.307,635.825
3137,115,255,234.448,636.196
3138,49,255,462.031,633.541
3139,136,255,555.206,634.971
3140,90,255,702.178,635.044
3141,80,255,1383.975,635.337
3142,37,255,944.122,635.203
3143,60,255,1135.500,635.200
3144,72,255,830.722,636.181
3145,48,255,1226.583,636.229
3146,30,255,48.433,635.333
3147,102,255,255.931,639.167
3148,82,255,431.220,639.390
3149,76,255,1522.474,637.079
3150,88,255,527.864,638.420
3151,53,255,673.009,638.028
3152,37,255,1344.338,636.824
3153,116,255,1401.888,639.543
3154,80,255,319.200,639.775
3155,78,255,382.205,639.577
3156,151,255,1029.195,643.666
3157,102,255,1108.088,639.971
3158,95,255,607.921,641.553
3159,133,255,1325.327,643.237
3160,28,255,1354.107,639.429
3161,88,255,302.761,641.852
3162,60,255,895.083,640.400
3163,105,255,995.281,643.252
3164,62,255,1447.097,641.387
3165,76,255,3.697,643.895
3166,77,255,88.110,644.110
3167,131,255,132.118,644.546
3168,58,255,219.776,642.672
3169,102,255,766.412,643.167
3170,80,255,1145.588,642.850
3171,30,255,1235.133,641.067
3172,82,255,1466.756,643.415
3173,148,255,1495.932,644.777
3174,39,255,1363.090,643.013
3175,94,255,1568.766,646.298
3176,170,255,24.400,650.394
3177,56,255,48.857,645.643
3178,122,255,325.377,648.377
3179,158,255,746.259,648.272
3180,52,255,780.885,645.077
3181,68,255,907.471,645.088
3182,29,255,959.224,643.845
3183,78,255,1061.000,646.000
3184,169,255,1206.388,648.607
3185,104,255,1305.346,648.500
3186,30,255,1559.267,644.133
3187,95,255,39.405,650.079
3188,104,255,183.510,649.212
3189,175,255,664.769,650.031
3190,93,255,720.263,647.306
3191,122,255,858.492,647.770
3192,53,255,950.047,646.500
3193,67,255,1073.366,646.440
3194,45,255,1134.056,645.433
3195,46,255,100.043,647.587
3196,47,255,487.947,647.202
3197,71,255,888.430,648.599
3198,103,255,1046.481,649.335
3199,65,255,1352.515,647.131
3200,105,255,1476.243,649.662
3201,118,255,113.508,650.246
3202,90,255,292.478,650.622
3203,101,255,801.203,649.233
3204,114,255,828.395,649.816
3205,50,255,935.620,647.340
3206,177,255,438.573,653.788
3207,126,255,474.063,651.429
3208,143,255,633.150,653.731
3209,98,255,1005.735,650.531
3210,69,255,1184.659,650.036
3211,100,255,149.450,652.100
3212,155,255,699.603,654.003
3213,111,255,1415.869,651.572
3214,74,255,377.919,652.878
3215,51,255,902.794,651.853
3216,143,255,971.871,655.556
3217,89,255,1079.972,655.522
3218,52,255,1094.596,653.058
3219,121,255,356.938,655.293
3220,52,255,386.308,654.058
3221,111,255,565.212,654.032
3222,72,255,816.042,653.847
3223,117,255,1293.415,655.047
3224,119,255,459.693,656.803
3225,129,255,875.547,656.120
3226,84,255,956.452,655.238
3227,106,255,1532.991,655.425
3228,88,255,234.886,655.557
3229,127,255,280.358,658.209
3230,41,255,420.500,654.890
3231,98,255,617.418,657.306
3232,34,255,764.118,654.559
3233,108,255,778.194,658.204
3234,169,255,1316.784,658.251
3235,89,255,1562.287,657.433
3236,24,255,299.083,656.208
3237,81,255,410.685,658.290
3238,109,255,1454.995,658.922
3239,92,255,58.087,659.359
3240,93,255,135.306,657.855
3241,111,255,991.356,658.707
3242,128,255,1254.102,661.188
3243,52,255,81.385,658.673
3244,65,255,600.715,659.669
3245,124,255,1103.137,661.823
3246,61,255,1230.893,659.402
3247,26,255,1548.154,657.154
3248,160,255,1344.494,662.869
3249,116,255,1368.017,660.034
3250,37,255,218.851,658.959
3251,56,255,368.214,661.018
3252,149,255,580.379,665.648
3253,81,255,944.994,661.278
3254,41,255,1266.939,660.573
3255,26,255,13.577,659.923
3256,136,255,171.463,664.228
3257,57,255,900.570,660.465
3258,134,255,925.664,663.269
3259,105,255,101.567,663.662
3260,21,255,733.310,660.548
3261,33,255,1166.561,661.076
3262,67,255,1521.873,662.500
3263,86,255,383.477,663.372
3264,173,255,501.899,666.968
3265,59,255,676.500,662.331
3266,75,255,1054.380,663.953
3267,65,255,1393.562,663.146
3268,54,255,223.889,665.704
3269,50,255,527.140,664.760
3270,24,255,569.333,662.375
3271,56,255,842.125,663.732
3272,58,255,1182.034,663.776
3273,106,255,199.811,667.047
3274,115,255,255.361,667.117
3275,157,255,829.016,672.850
3276,125,255,1011.356,666.476
3277,57,255,1155.675,664.816
3278,39,255,17.321,666.705
3279,41,255,517.695,666.817
3280,80,255,748.825,666.550
3281,93,255,136.328,666.866
3282,93,255,213.005,669.242
3283,72,255,483.375,666.444
3284,94,255,803.947,668.564
3285,82,255,1545.512,668.207
3286,111,255,325.545,669.824
3287,144,255,558.688,672.083
3288,28,255,667.000,666.607
3289,37,255,910.203,667.122
3290,117,255,1043.868,670.962
3291,130,255,1196.223,671.615
3292,108,255,1288.620,669.176
3293,59,255,547.534,669.178
3294,46,255,768.217,668.957
3295,83,255,1123.729,670.355
3296,99,255,1379.803,670.540
3297,93,255,1495.597,670.554
3298,79,255,394.070,670.589
3299,43,255,445.593,668.965
3300,43,255,655.384,669.291
3301,67,255,713.933,671.187
3302,76,255,1174.092,671.447
3303,36,255,1474.833,669.444
3304,104,255,1579.750,671.962
3305,36,255,347.806,670.194
3306,87,255,953.914,672.971
3307,103,255,1066.481,674.083
3308,54,255,1091.981,671.852
3309,136,255,1210.176,675.625
3310,56,255,1569.179,671.875
3311,65,255,468.438,673.192
3312,64,255,629.406,672.031
3313,74,255,676.676,673.162
3314,45,255,1595.900,671.500
3315,95,255,32.711,674.626
3316,90,255,59.678,673.678
3317,50,255,148.440,672.980
3318,84,255,239.952,674.381
3319,60,255,271.683,672.100
3320,23,255,663.587,672.457
3321,198,255,1422.081,677.556
3322,99,255,10.167,676.217
3323,35,255,410.900,673.186
3324,25,255,645.980,672.620
3325,91,255,865.302,674.555
3326,61,255,989.025,674.139
3327,141,255,1524.947,676.053
3328,79,255,93.171,676.778
3329,92,255,797.620,675.935
3330,25,255,1280.100,674.620
3331,139,255,1356.090,677.090
3332,83,255,1483.343,676.813
3333,58,255,356.793,676.397
3334,55,255,483.973,676.245
3335,65,255,848.331,676.962
3336,36,255,912.694,675.444
3337,133,255,1133.011,679.620
3338,101,255,1233.470,677.470
3339,104,255,1463.663,677.923
3340,29,255,206.638,676.948
3341,131,255,423.073,681.126
3342,80,255,874.550,678.950
3343,157,255,139.627,683.258
3344,58,255,161.569,678.052
3345,100,255,449.330,678.830
3346,103,255,747.733,678.684
3347,27,255,1018.907,676.574
3348,151,255,1440.361,681.474
3349,59,255,897.161,679.669
3350,56,255,1113.446,679.571
3351,97,255,1389.356,679.696
3352,145,255,400.838,683.231
3353,159,255,120.035,685.469
3354,68,255,177.059,682.206
3355,126,255,605.246,683.143
3356,91,255,721.533,681.885
3357,136,255,1009.831,685.228
3358,191,255,1268.762,683.668
3359,69,255,1549.819,681.109
3360,78,255,1093.679,683.244
3361,96,255,1293.990,681.802
3362,117,255,1318.175,685.038
3363,64,255,70.328,683.750
3364,94,255,268.543,684.106
3365,26,255,315.154,681.654
3366,22,255,462.818,681.182
3367,106,255,1588.670,684.377
3368,104,255,507.990,685.510
3369,116,255,653.681,686.190
3370,206,255,692.786,689.282
3371,60,255,1028.617,684.067
3372,137,255,906.938,688.237
3373,141,255,930.996,688.493
3374,98,255,951.316,686.633
3375,44,255,1341.159,684.045
3376,102,255,81.676,687.216
3377,42,255,191.143,686.619
3378,75,255,331.420,687.407
3379,63,255,619.373,685.706
3380,47,255,863.330,685.521
3381,130,255,980.700,688.462
3382,96,255,1045.260,686.854
3383,101,255,1216.193,689.589
3384,98,255,1467.561,687.378
3385,72,255,218.139,688.417
3386,111,255,304.662,689.707
3387,124,255,477.226,690.395
3388,120,255,823.792,689.367
3389,47,255,1055.032,687.160
3390,130,255,1160.377,689.238
3391,91,255,164.621,690.324
3392,64,255,809.266,688.734
3393,166,255,1101.759,692.452
3394,33,255,1224.924,686.924
3395,77,255,27.682,690.214
3396,38,255,486.053,689.237
3397,33,255,633.197,688.409
3398,26,255,1121.115,688.923
3399,68,255,1146.706,690.662
3400,98,255,249.378,692.857
3401,22,255,1520.682,688.727
3402,34,255,1537.912,689.912
3403,177,255,42.562,696.364
3404,92,255,356.152,691.478
3405,132,255,592.841,693.235
3406,115,255,1082.057,695.013
3407,66,255,231.409,694.030
3408,69,255,1596.877,693.819
3409,63,255,548.230,693.008
3410,76,255,1361.224,695.711
3411,90,255,3.444,696.911
3412,73,255,316.527,694.692
3413,62,255,376.387,694.661
3414,46,255,730.261,694.239
3415,98,255,1306.347,696.122
3416,113,255,1425.031,698.704
3417,38,255,364.632,696.026
3418,113,255,458.040,697.013
3419,59,255,505.483,696.195
3420,80,255,622.188,695.438
3421,95,255,756.963,695.963
3422,110,255,1196.264,697.600
3423,114,255,1482.640,698.825
3424,66,255,1536.333,697.515
3425,74,255,274.622,698.230
3426,95,255,331.289,697.805
3427,100,255,883.810,698.320
3428,86,255,963.500,698.058
3429,61,255,1028.336,696.975
3430,44,255,1284.386,696.182
3431,59,255,1351.297,697.890
3432,92,255,144.446,700.337
3433,102,255,1019.137,702.010
3434,117,255,419.731,701.611
3435,67,255,606.336,699.142
3436,46,255,780.283,698.783
3437,85,255,1406.288,699.429
3438,49,255,1507.173,699.051
3439,84,255,101.798,701.774
3440,100,255,1040.330,702.300
3441,47,255,1371.223,699.521
3442,168,255,1584.411,702.946
3443,61,255,25.287,701.057
3444,30,255,170.800,700.600
3445,74,255,537.162,703.135
3446,124,255,929.040,703.524
3447,87,255,946.523,702.017
3448,33,255,988.409,699.530
3449,73,255,1227.568,700.884
3450,147,255,1292.806,705.731
3451,107,255,1520.808,702.547
3452,90,255,160.444,704.611
3453,81,255,751.105,703.858
3454,99,255,850.328,703.470
3455,90,255,979.789,703.833
3456,57,255,1158.939,701.482
3457,90,255,1257.922,703.311
3458,72,255,113.361,703.542
3459,28,255,283.286,702.000
3460,118,255,401.093,705.186
3461,65,255,722.269,702.285
3462,95,255,791.321,704.468
3463,25,255,813.740,701.500
3464,156,255,1274.929,706.853
3465,100,255,1384.640,704.980
3466,48,255,72.167,704.562
3467,35,255,513.500,703.014
3468,44,255,548.886,703.523
3469,58,255,908.069,703.500
3470,31,255,1501.048,704.306
3471,101,255,491.698,706.223
3472,91,255,567.082,706.379
3473,79,255,1183.791,706.044
3474,27,255,1430.907,704.352
3475,94,255,87.851,707.309
3476,52,255,1465.135,705.288
3477,68,255,1568.794,707.294
3478,75,255,188.753,707.753
3479,124,255,250.597,709.702
3480,67,255,278.515,708.590
3481,101,255,386.084,708.381
3482,161,255,640.506,709.717
3483,136,255,679.647,711.478
3484,89,255,1129.017,707.860
3485,40,255,479.125,708.100
3486,103,255,663.306,709.558
3487,74,255,823.338,709.365
3488,51,255,1507.971,707.814
3489,76,255,63.908,710.474
3490,81,255,1414.167,711.315
3491,70,255,23.314,710.657
3492,142,255,695.092,713.923
3493,117,255,894.440,711.927
3494,83,255,1114.873,711.946
3495,59,255,1482.788,709.483
3496,122,255,124.516,712.336
3497,143,255,329.206,714.052
3498,23,255,615.891,709.543
3499,70,255,859.886,711.157
3500,60,255,1193.733,712.850
3501,62,255,1205.935,711.758
3502,40,255,1311.300,711.250
3503,51,255,35.735,712.265
3504,143,255,146.248,715.493
3505,37,255,1076.932,712.878
3506,131,255,355.385,714.958
3507,56,255,919.250,712.036
3508,31,255,1318.339,711.726
3509,169,255,311.068,717.364
3510,38,255,371.289,713.632
3511,46,255,540.022,713.413
3512,40,255,740.775,713.050
3513,42,255,831.738,713.667
3514,64,255,75.500,715.078
3515,137,255,174.588,721.018
3516,70,255,294.129,715.829
3517,79,255,419.285,715.475
3518,132,255,724.652,717.833
3519,69,255,990.877,715.775
3520,53,255,1304.009,715.519
3521,84,255,1340.690,717.190
3522,71,255,1400.162,717.035
3523,67,255,1580.888,715.037
3524,107,255,111.911,719.650
3525,190,255,575.837,720.600
3526,113,255,625.518,719.748
3527,46,255,769.000,715.783
3528,171,255,960.904,721.254
3529,113,255,1353.889,721.730
3530,24,255,1389.917,716.125
3531,86,255,1439.081,717.256
3532,44,255,209.205,717.455
3533,148,255,798.595,721.101
3534,66,255,1053.000,719.364
3535,116,255,1100.078,719.776
3536,100,255,1256.340,717.940
3537,57,255,201.061,719.026
3538,183,255,389.265,723.806
3539,115,255,462.561,719.770
3540,67,255,599.515,718.799
3541,110,255,996.018,724.927
3542,120,255,1016.458,720.892
3543,35,255,1213.100,718.586
3544,43,255,1318.384,718.291
3545,63,255,746.706,720.611
3546,154,255,1137.422,723.779
3547,170,255,1288.035,722.547
3548,41,255,1420.476,719.110
3549,63,255,1483.135,720.500
3550,64,255,1597.203,721.969
3551,139,255,53.464,724.831
3552,110,255,524.527,723.582
3553,72,255,653.833,722.361
3554,50,255,875.000,721.640
3555,77,255,1121.656,722.396
3556,66,255,1504.227,722.106
3557,59,255,1538.415,722.432
3558,113,255,433.226,723.013
3559,133,255,705.778,725.635
3560,97,255,820.830,722.830
3561,50,255,1044.620,721.740
3562,31,255,1082.790,721.403
3563,134,255,221.239,725.761
3564,71,255,256.655,722.965
3565,59,255,761.093,724.042
3566,156,255,12.538,729.929
3567,72,255,505.889,724.708
3568,55,255,1270.555,724.609
3569,56,255,676.125,725.018
3570,57,255,1448.921,724.886
3571,49,255,591.602,726.582
3572,45,255,779.478,726.233
3573,89,255,845.713,728.545
3574,127,255,1570.406,728.602
3575,67,255,1584.843,727.933
3576,75,255,87.607,729.553
3577,30,255,481.333,727.700
3578,39,255,615.628,727.628
3579,45,255,769.522,729.411
3580,36,255,890.639,727.889
3581,54,255,1090.185,729.907
3582,133,255,1417.440,730.109
3583,100,255,73.960,732.260
3584,70,255,733.086,728.700
3585,160,255,1191.475,732.263
3586,50,255,333.700,729.780
3587,52,255,473.077,730.981
3588,101,255,547.975,731.718
3589,24,255,858.542,729.125
3590,70,255,1527.286,730.786
3591,93,255,275.500,732.726
3592,92,255,752.370,731.761
3593,29,255,948.224,729.914
3594,72,255,1073.139,731.708
3595,154,255,1157.766,733.721
3596,90,255,1399.167,731.944
3597,63,255,1499.897,731.008
3598,59,255,439.161,731.703
3599,66,255,456.273,732.500
3600,27,255,788.611,731.019
3601,84,255,1513.095,733.179
3602,27,255,194.352,731.537
3603,85,255,599.688,734.359
3604,160,255,973.888,735.837
3605,115,255,1173.822,735.787
3606,39,255,1301.679,733.756
3607,27,255,1486.759,732.278
3608,52,255,158.500,733.346
3609,129,255,248.841,736.826
3610,70,255,489.629,734.814
3611,75,255,626.887,734.433
3612,60,255,869.233,734.400
3613,141,255,1062.436,738.869
3614,78,255,1271.923,735.526
3615,42,255,1431.405,734.119
3616,33,255,1547.591,734.288
3617,118,255,115.093,737.831
3618,127,255,374.232,736.933
3619,76,255,424.276,735.645
3620,93,255,509.339,736.091
3621,98,255,940.939,737.133
3622,110,255,1004.918,736.827
3623,58,255,26.000,736.414
3624,80,255,927.125,738.062
3625,35,255,1098.929,735.871
3626,63,255,1362.849,736.579
3627,101,255,201.757,741.173
3628,68,255,324.632,738.309
3629,121,255,357.219,738.698
3630,70,255,401.743,738.000
3631,109,255,908.463,738.904
3632,35,255,1243.529,736.157
3633,95,255,234.921,742.121
3634,97,255,538.634,740.665
3635,50,255,1210.740,738.800
3636,55,255,1283.555,738.336
3637,37,255,1294.500,737.500
3638,214,255,1448.949,741.879
3639,36,255,293.833,738.556
3640,129,255,694.686,741.694
3641,49,255,1328.561,740.643
3642,72,255,524.472,740.375
3643,35,255,753.929,738.900
3644,151,255,806.692,746.328
3645,56,255,1045.054,740.446
3646,123,255,1234.012,743.110
3647,103,255,1581.840,740.801
3648,46,255,473.478,740.543
3649,114,255,881.553,742.798
3650,95,255,41.374,743.668
3651,119,255,390.853,745.416
3652,100,255,452.450,743.170
3653,85,255,567.265,742.665
3654,98,255,1421.541,744.020
3655,89,255,1481.421,743.062
3656,108,255,1543.250,743.491
3657,183,255,1569.495,748.309
3658,124,255,135.290,746.331
3659,139,255,662.478,743.716
3660,102,255,793.814,744.333
3661,37,255,855.689,742.041
3662,87,255,1082.592,743.557
3663,67,255,82.828,744.515
3664,70,255,154.086,745.843
3665,71,255,711.514,744.627
3666,96,255,960.292,745.250
3667,98,255,1127.378,744.459
3668,102,255,1349.863,746.294
3669,44,255,2.114,746.841
3670,72,255,60.778,746.222
3671,51,255,258.716,747.147
3672,109,255,269.959,746.803
3673,61,255,593.090,747.680
3674,35,255,1146.614,744.329
3675,58,255,1248.983,745.241
3676,96,255,1263.083,747.167
3677,43,255,1299.407,744.523
3678,63,255,605.516,745.770
3679,110,255,1155.973,749.882
3680,61,255,1188.057,745.959
3681,26,255,1222.154,744.500
3682,91,255,72.500,749.819
3683,72,255,1011.806,747.333
3684,155,255,1408.145,752.068
3685,126,255,1535.754,750.810
3686,37,255,492.797,748.068
3687,169,255,833.376,750.814
3688,57,255,912.553,747.360
3689,143,255,1336.801,752.402
3690,30,255,865.833,748.033
3691,54,255,1388.852,748.667
3692,85,255,1520.618,749.324
3693,46,255,283.326,750.630
3694,106,255,314.443,752.991
3695,144,255,617.972,751.382
3696,112,255,1138.634,753.384
3697,96,255,331.125,752.562
3698,46,255,403.543,750.087
3699,121,255,472.310,752.368
3700,123,255,516.215,752.752
3701,152,255,702.592,754.487
3702,125,255,25.372,755.268
3703,69,255,347.254,752.833
3704,116,255,1057.922,752.940
3705,40,255,122.675,752.550
3706,138,255,782.043,755.703
3707,109,255,1210.711,754.381
3708,66,255,146.288,753.970
3709,133,255,425.455,756.530
3710,69,255,550.181,754.007
3711,146,255,857.123,757.329
3712,145,255,888.997,755.438
3713,69,255,1027.616,754.514
3714,33,255,1191.682,753.227
3715,50,255,441.580,755.400
3716,77,255,657.916,754.942
3717,91,255,678.786,757.214
3718,87,255,1116.454,755.684
3719,95,255,1433.058,757.047
3720,58,255,1502.586,755.293
3721,91,255,107.368,757.918
3722,46,255,200.348,755.826
3723,34,255,291.118,756.529
3724,86,255,455.547,757.128
3725,75,255,943.887,756.913
3726,23,255,1221.978,755.370
3727,124,255,168.048,761.968
3728,133,255,362.086,758.297
3729,102,255,632.196,760.000
3730,50,255,972.340,756.060
3731,64,255,239.734,758.422
3732,113,255,1477.659,760.394
3733,168,255,45.542,765.095
3734,20,255,61.600,756.850
3735,46,255,89.457,759.261
3736,192,255,764.344,762.844
3737,78,255,1044.974,759.667
3738,67,255,1073.201,759.410
3739,163,255,1163.862,762.604
3740,110,255,1260.027,760.655
3741,44,255,1274.568,759.386
3742,142,255,1587.655,762.683
3743,75,255,485.687,762.287
3744,66,255,536.576,761.030
3745,31,255,820.016,760.887
3746,49,255,905.929,760.827
3747,36,255,979.278,761.278
3748,72,255,1198.139,761.125
3749,123,255,1286.362,763.898
3750,43,255,1363.802,760.453
3751,46,255,211.196,763.000
3752,159,255,252.481,766.940
3753,97,255,264.954,765.778
3754,82,255,721.573,763.049
3755,43,255,927.407,761.384
3756,156,255,1009.859,765.571
3757,107,255,1463.565,764.332
3758,96,255,121.979,763.990
3759,51,255,6.343,763.245
3760,133,255,569.590,766.538
3761,120,255,802.167,765.858
3762,30,255,1063.800,763.867
3763,84,255,1533.440,765.310
3764,125,255,401.692,767.772
3765,96,255,497.500,766.302
3766,55,255,644.391,765.318
3767,24,255,1185.375,764.125
3768,55,255,273.773,767.918
3769,117,255,306.936,767.517
3770,63,255,325.690,766.738
3771,37,255,546.311,765.932
3772,85,255,743.865,767.288
3773,61,255,414.107,768.090
3774,136,255,605.044,770.787
3775,105,255,657.252,768.424
3776,89,255,945.893,768.242
3777,154,255,989.558,771.688
3778,116,255,1232.009,768.681
3779,31,255,1336.887,765.468
3780,40,255,1556.675,767.900
3781,126,255,92.929,770.675
3782,118,255,186.331,772.347
3783,75,255,346.260,769.860
3784,107,255,473.360,770.958
3785,92,255,537.793,769.826
3786,118,255,709.814,772.271
3787,40,255,1095.625,768.125
3788,83,255,1443.114,769.548
3789,35,255,584.357,769.100
3790,23,255,1330.935,768.674
3791,37,255,1503.770,769.365
3792,44,255,288.136,769.909
3793,122,255,458.844,772.516
3794,113,255,1175.447,774.571
3795,70,255,812.600,772.586
3796,91,255,912.588,772.918
3797,125,255,971.868,773.660
3798,59,255,1083.347,772.229
3799,69,255,1191.022,772.703
3800,117,255,58.175,775.184
3801,74,255,202.824,777.770
3802,125,255,686.820,773.740
3803,53,255,956.462,772.594
3804,90,255,1119.122,775.278
3805,63,255,1243.119,773.325
3806,77,255,1497.994,774.747
3807,81,255,106.599,775.611
3808,76,255,215.211,774.816
3809,106,255,724.085,776.132
3810,65,255,1255.869,774.208
3811,49,255,1547.888,774.276
3812,50,255,9.160,775.200
3813,58,255,28.810,775.483
3814,61,255,316.205,775.631
3815,81,255,558.698,776.117
3816,141,255,930.301,778.259
3817,122,255,78.451,779.852
3818,66,255,233.818,776.197
3819,81,255,360.660,777.599
3820,92,255,382.913,777.728
3821,27,255,771.056,774.907
3822,44,255,858.182,775.864
3823,65,255,1069.838,776.485
3824,33,255,1098.348,774.652
3825,123,255,1408.760,777.931
3826,118,255,1591.110,778.153
3827,85,255,335.818,777.453
3828,102,255,508.422,778.618
3829,79,255,1034.158,778.373
3830,73,255,577.336,778.514
3831,55,255,898.027,777.700
3832,192,255,284.016,781.995
3833,81,255,495.599,781.105
3834,133,255,635.455,781.282
3835,40,255,779.000,779.000
3836,82,255,870.659,779.085
3837,27,255,883.426,778.241
3838,47,255,1004.606,779.202
3839,102,255,1089.039,780.618
3840,36,255,1348.889,779.083
3841,145,255,1481.279,782.045
3842,109,255,142.977,782.225
3843,90,255,652.644,782.456
3844,23,255,742.370,778.500
3845,26,255,846.192,778.423
3846,42,255,1154.595,779.476
3847,87,255,1373.833,780.546
3848,95,255,1435.521,781.605
3849,22,255,1449.955,778.318
3850,36,255,1535.056,778.583
3851,32,255,223.781,780.906
3852,22,255,750.773,779.136
3853,129,255,830.120,783.709
3854,86,255,409.116,783.616
3855,195,255,428.172,786.449
3856,81,255,973.167,783.562
3857,74,255,1262.459,782.689
3858,81,255,1551.907,784.414
3859,76,255,129.974,783.987
3860,119,255,590.038,784.273
3861,185,255,1130.900,785.592
3862,74,255,764.068,784.041
3863,24,255,912.833,782.375
3864,65,255,1232.869,784.146
3865,83,255,20.584,785.813
3866,53,255,156.160,784.953
3867,110,255,170.727,788.064
3868,64,255,322.547,785.109
3869,98,255,616.388,786.133
3870,73,255,791.705,785.432
3871,37,255,844.284,785.824
3872,173,255,1015.951,789.702
3873,22,255,1170.000,783.409
3874,107,255,1293.079,785.977
3875,51,255,1459.735,784.755
3876,53,255,399.047,785.934
3877,74,255,943.284,786.608
3878,66,255,1075.470,786.409
3879,34,255,1221.794,785.000
3880,64,255,1540.188,787.312
3881,66,255,102.742,787.455
3882,85,255,218.394,787.759
3883,89,255,901.309,788.871
3884,110,255,1100.009,790.636
3885,91,255,1199.258,787.720
3886,28,255,1426.000,786.107
3887,47,255,1505.798,786.691
3888,93,255,334.565,790.446
3889,136,255,742.904,792.176
3890,54,255,64.222,790.333
3891,149,255,462.963,791.728
3892,125,255,602.572,793.268
3893,81,255,683.796,791.253
3894,105,255,809.805,792.005
3895,61,255,1313.041,789.844
3896,89,255,1047.826,791.264
3897,44,255,1349.795,790.818
3898,66,255,1385.167,791.591
3899,177,255,1564.895,793.653
3900,118,255,662.475,795.076
3901,30,255,961.233,790.400
3902,123,255,1183.695,795.159
3903,52,255,870.442,793.615
3904,39,255,878.936,793.500
3905,71,255,1284.697,793.077
3906,94,255,6.564,794.862
3907,87,255,123.914,795.983
3908,81,255,406.105,793.722
3909,79,255,512.335,794.614
3910,51,255,797.343,795.206
3911,100,255,1328.370,795.720
3912,102,255,1457.294,795.049
3913,89,255,85.781,796.680
3914,109,255,150.757,796.142
3915,124,255,388.637,799.435
3916,98,255,491.776,796.510
3917,54,255,721.481,797.944
3918,86,255,834.837,795.895
3919,20,255,1214.700,793.400
3920,39,255,1430.910,794.654
3921,195,255,1490.767,801.162
3922,70,255,210.157,797.557
3923,104,255,358.231,798.375
3924,74,255,650.662,797.527
3925,31,255,754.468,794.758
3926,71,255,926.387,796.218
3927,90,255,1369.000,796.500
3928,209,255,1509.328,800.711
3929,81,255,48.401,798.735
3930,191,255,1065.537,801.217
3931,37,255,1258.230,796.770
3932,62,255,245.645,798.452
3933,76,255,289.500,798.763
3934,73,255,550.651,799.692
3935,41,255,730.451,798.329
3936,112,255,95.232,802.464
3937,24,255,378.625,797.833
3938,126,255,563.722,801.968
3939,95,255,913.889,802.195
3940,55,255,952.845,799.555
3941,67,255,582.903,800.739
3942,156,255,632.795,802.103
3943,58,255,785.759,800.397
3944,187,255,1224.837,803.628
3945,156,255,1299.622,803.077
3946,74,255,1413.378,799.419
3947,206,255,305.252,806.010
3948,27,255,448.500,800.463
3949,125,255,1023.468,803.340
3950,104,255,1274.183,803.625
3951,116,255,1441.190,802.276
3952,56,255,1577.071,801.946
3953,145,255,60.748,804.824
3954,68,255,110.088,803.603
3955,96,255,516.698,802.823
3956,45,255,822.789,801.789
3957,71,255,1043.021,802.669
3958,84,255,1122.464,803.905
3959,65,255,1156.900,802.362
3960,41,255,1388.671,801.232
3961,92,255,176.554,804.674
3962,57,255,460.658,804.219
3963,73,255,541.938,804.144
3964,120,255,1208.442,806.350
3965,47,255,689.223,803.777
3966,92,255,193.500,806.696
3967,85,255,259.547,806.500
3968,27,255,757.944,803.759
3969,84,255,848.869,805.417
3970,73,255,991.925,805.322
3971,24,255,1194.375,804.125
3972,72,255,1466.750,804.639
3973,136,255,1590.500,807.610
3974,96,255,161.583,807.990
3975,101,255,277.728,806.965
3976,182,255,435.363,809.588
3977,58,255,711.569,806.897
3978,133,255,1318.523,808.162
3979,172,255,1344.465,809.308
3980,115,255,1552.804,808.500
3981,102,255,362.118,809.402
3982,33,255,416.288,805.864
3983,71,255,492.120,807.303
3984,76,255,603.224,808.171
3985,54,255,1394.926,806.500
3986,75,255,801.913,809.500
3987,65,255,1185.762,807.992
3988,65,255,789.669,808.992
3989,104,255,813.635,811.548
3990,137,255,17.836,815.142
3991,23,255,1001.065,808.717
3992,177,255,1086.336,812.890
3993,116,255,1538.905,812.517
3994,78,255,682.179,811.910
3995,66,255,937.621,811.530
3996,117,255,1239.449,813.671
3997,121,255,1286.988,812.517
3998,26,255,118.231,810.923
3999,98,255,719.888,813.816
4000,197,255,1415.556,816.170
4001,73,255,234.418,813.404
4002,49,255,457.827,812.765
4003,66,255,923.106,813.015
4004,76,255,1131.882,814.974
4005,111,255,1249.824,815.887
4006,67,255,1151.067,814.336
4007,99,255,1264.035,815.056
4008,38,255,149.316,814.974
4009,100,255,523.320,817.640
4010,42,255,860.714,814.095
4011,113,255,882.951,816.863
4012,130,255,1444.223,816.492
4013,67,255,383.440,816.963
4014,142,255,405.007,818.134
4015,70,255,611.543,817.100
4016,23,255,984.717,814.413
4017,88,255,1050.830,818.682
4018,209,255,1107.978,819.849
4019,26,255,1496.385,815.154
4020,119,255,128.416,820.181
4021,73,255,212.486,817.637
4022,104,255,491.625,817.933
4023,107,255,838.874,817.827
4024,105,255,900.338,819.586
4025,135,255,1125.685,822.404
4026,68,255,1395.279,816.529
4027,137,255,256.266,820.770
4028,46,255,309.022,817.652
4029,79,255,1003.551,819.854
4030,201,255,1520.381,820.480
4031,29,255,351.155,817.776
4032,80,255,544.062,819.388
4033,101,255,634.153,821.856
4034,40,255,942.500,817.875
4035,71,255,1064.613,820.148
4036,112,255,1216.973,822.036
4037,96,255,1473.552,820.594
4038,112,255,225.857,823.536
4039,133,255,654.071,822.034
4040,66,255,1458.303,820.561
4041,86,255,1572.919,820.919
4042,69,255,46.051,821.891
4043,178,255,108.618,825.893
4044,76,255,194.000,821.618
4045,82,255,317.402,823.768
4046,106,255,601.887,824.104
4047,77,255,862.227,822.266
4048,44,255,1143.750,823.250
4049,130,255,1548.400,824.831
4050,54,255,30.778,823.407
4051,55,255,372.427,821.991
4052,176,255,1195.233,825.483
4053,124,255,1372.790,824.008
4054,134,255,160.791,826.119
4055,59,255,287.415,822.958
4056,49,255,448.480,822.602
4057,95,255,575.353,823.679
4058,71,255,968.768,823.162
4059,45,255,1425.056,822.722
4060,173,255,75.841,827.679
4061,62,255,269.661,825.194
4062,200,255,778.415,827.555
4063,91,255,344.214,827.049
4064,30,255,760.133,823.867
4065,86,255,947.640,824.988
4066,92,255,1031.576,826.359
4067,52,255,1286.673,824.288
4068,180,255,1591.072,827.394
4069,137,255,696.916,828.602
4070,71,255,846.542,826.021
4071,124,255,1396.500,827.806
4072,179,255,1482.975,830.612
4073,72,255,551.069,828.153
4074,20,255,1344.200,825.100
4075,97,255,679.160,828.933
4076,136,255,1277.007,831.199
4077,66,255,330.909,828.652
4078,172,255,512.541,832.000
4079,158,255,756.462,832.146
4080,180,255,892.694,836.117
4081,92,255,932.848,830.239
4082,67,255,1008.187,830.813
4083,212,255,1231.547,836.358
4084,77,255,1311.097,829.968
4085,105,255,202.376,833.014
4086,152,255,1246.303,834.467
4087,40,255,379.775,830.350
4088,68,255,484.309,830.882
4089,44,255,737.773,830.227
4090,106,255,876.472,832.858
4091,39,255,1084.115,830.705
4092,67,255,1210.724,831.201
4093,126,255,1298.000,834.651
4094,85,255,35.818,833.782
4095,57,255,134.342,832.272
4096,90,255,149.422,833.267
4097,20,255,1409.350,830.400
4098,135,255,619.315,835.544
4099,145,255,808.893,835.259
4100,137,255,1329.982,835.828
4101,91,255,55.896,835.995
4102,91,255,299.280,836.082
4103,89,255,535.455,834.556
4104,29,255,706.328,833.259
4105,70,255,965.771,833.900
4106,144,255,1143.153,837.444
4107,101,255,1527.569,835.351
4108,51,255,404.186,834.657
4109,124,255,570.718,837.379
4110,183,255,20.199,840.270
4111,149,255,599.077,841.057
4112,158,255,1023.513,838.443
4113,90,255,1156.467,838.633
4114,87,255,1503.592,838.040
4115,106,255,221.972,839.245
4116,151,255,250.268,838.778
4117,25,255,357.620,836.660
4118,79,255,367.171,838.589
4119,83,255,436.741,838.367
4120,124,255,1103.073,839.121
4121,105,255,1355.481,837.910
4122,76,255,2.803,840.803
4123,64,255,348.328,838.797
4124,25,255,412.460,837.540
4125,154,255,843.760,840.922
4126,82,255,1118.549,839.073
4127,111,255,1168.824,839.545
4128,99,255,95.833,841.662
4129,148,255,273.642,842.831
4130,43,255,551.291,838.267
4131,143,255,978.619,841.906
4132,71,255,1062.951,839.345
4133,166,255,1429.880,843.163
4134,67,255,466.381,840.604
4135,132,255,491.402,842.364
4136,79,255,642.500,841.044
4137,80,255,913.450,842.075
4138,87,255,941.787,841.925
4139,100,255,1406.470,840.650
4140,87,255,858.937,841.891
4141,45,255,1385.367,839.878
4142,94,255,657.830,843.915
4143,65,255,735.115,843.162
4144,120,255,1562.975,843.317
4145,57,255,372.798,844.711
4146,46,255,383.522,843.804
4147,67,255,404.515,842.530
4148,95,255,421.974,844.700
4149,87,255,1074.695,843.764
4150,173,255,1472.153,847.829
4151,68,255,61.456,845.059
4152,45,255,155.500,843.522
4153,80,255,1186.225,844.062
4154,104,255,108.096,846.712
4155,49,255,334.969,844.602
4156,48,255,557.875,846.375
4157,136,255,581.338,847.779
4158,152,255,1003.250,848.934
4159,99,255,1588.318,846.470
4160,78,255,44.205,847.410
4161,113,255,141.394,848.261
4162,108,255,172.667,847.741
4163,54,255,676.000,846.352
4164,21,255,759.214,844.595
4165,40,255,782.625,846.275
4166,46,255,874.457,844.957
4167,87,255,948.408,848.466
4168,40,255,963.400,845.800
4169,108,255,1046.250,848.343
4170,33,255,1338.591,844.955
4171,169,255,1377.488,850.104
4172,122,255,1524.057,848.631
4173,77,255,716.006,847.123
4174,62,255,296.532,848.677
4175,21,255,690.452,846.690
4176,35,255,817.529,847.186
4177,25,255,442.700,848.060
4178,155,255,187.719,852.984
4179,73,255,470.815,850.856
4180,39,255,540.654,848.987
4181,36,255,772.194,849.583
4182,60,255,1133.583,850.283
4183,56,255,221.714,850.500
4184,52,255,869.500,852.288
4185,66,255,1343.773,852.515
4186,118,255,330.322,854.814
4187,71,255,412.880,853.134
4188,39,255,548.115,851.936
4189,105,255,763.176,854.814
4190,134,255,892.567,852.687
4191,136,255,1172.044,853.838
4192,93,255,1326.651,852.263
4193,116,255,1082.233,855.491
4194,58,255,532.897,855.052
4195,114,255,822.482,857.412
4196,46,255,833.413,853.630
4197,109,255,909.766,855.583
4198,61,255,1059.730,854.156
4199,70,255,1220.700,854.586
4200,72,255,49.819,856.792
4201,98,255,265.918,856.347
4202,50,255,459.660,854.620
4203,109,255,975.390,856.280
4204,122,255,1197.590,858.000
4205,52,255,1231.327,854.385
4206,65,255,1412.023,854.685
4207,42,255,1423.333,854.452
4208,118,255,1509.508,857.042
4209,76,255,1538.079,856.224
4210,42,255,286.500,856.167
4211,151,255,643.487,859.096
4212,113,255,1155.934,858.332
4213,86,255,1277.116,857.186
4214,71,255,1303.993,857.570
4215,83,255,1492.416,857.608
4216,160,255,28.150,860.050
4217,93,255,155.435,859.306
4218,75,255,311.780,858.033
4219,63,255,385.611,856.468
4220,59,255,402.941,858.025
4221,22,255,848.545,855.591
4222,111,255,859.122,859.599
4223,33,255,936.258,856.197
4224,71,255,1020.204,858.134
4225,141,255,1591.259,859.514
4226,92,255,523.565,861.054
4227,94,255,627.447,858.851
4228,47,255,711.479,857.415
4229,37,255,1030.527,857.392
4230,74,255,1138.378,857.986
4231,72,255,1262.014,858.597
4232,110,255,1312.445,862.436
4233,32,255,1399.250,856.969
4234,128,255,508.969,862.797
4235,76,255,561.592,859.961
4236,164,255,612.360,864.098
4237,46,255,1092.261,858.457
4238,52,255,700.981,859.904
4239,91,255,773.533,861.467
4240,121,255,1114.153,861.698
4241,143,255,1243.395,863.885
4242,85,255,1292.888,861.982
4243,141,255,1390.777,863.018
4244,78,255,360.449,861.577
4245,53,255,377.934,861.557
4246,116,255,441.284,863.267
4247,70,255,1129.043,862.143
4248,102,255,1326.510,862.049
4249,79,255,1449.563,860.880
4250,84,255,466.917,861.750
4251,37,255,799.932,861.662
4252,101,255,924.510,864.748
4253,56,255,1174.964,862.679
4254,127,255,236.319,864.091
4255,170,255,735.812,865.671
4256,31,255,807.048,862.887
4257,54,255,876.833,862.593
4258,28,255,987.929,862.179
4259,43,255,1008.314,862.244
4260,49,255,1577.378,863.133
4261,38,255,490.447,863.079
4262,42,255,547.548,863.429
4263,76,255,77.553,866.618
4264,76,255,838.079,866.211
4265,57,255,1039.342,865.167
4266,47,255,1408.713,864.436
4267,179,255,7.874,870.673
4268,58,255,197.448,867.397
4269,86,255,345.035,868.244
4270,131,255,1055.676,868.225
4271,39,255,1148.372,865.628
4272,23,255,1540.022,864.457
4273,41,255,189.402,867.207
4274,34,255,414.500,866.294
4275,130,255,716.854,870.323
4276,66,255,937.121,867.833
4277,70,255,947.671,869.057
4278,45,255,1223.922,866.967
4279,86,255,116.686,869.302
4280,90,255,175.989,869.611
4281,72,255,271.889,869.028
4282,75,255,303.447,869.567
4283,56,255,568.643,867.982
4284,88,255,999.898,870.886
4285,46,255,1363.891,868.239
4286,98,255,1477.908,869.255
4287,73,255,1558.363,868.404
4288,58,255,904.948,869.672
4289,45,255,1081.989,869.011
4290,95,255,1433.395,869.984
4291,42,255,40.857,869.619
4292,59,255,55.619,870.144
4293,57,255,223.360,871.096
4294,51,255,818.441,869.461
4295,113,255,1198.438,875.774
4296,35,255,329.157,870.157
4297,100,255,487.330,871.410
4298,43,255,556.849,870.616
4299,39,255,680.064,870.679
4300,81,255,795.957,871.537
4301,100,255,973.310,873.890
4302,67,255,587.351,872.261
4303,135,255,696.278,874.315
4304,45,255,879.611,872.233
4305,62,255,1093.097,872.516
4306,46,255,1376.478,872.652
4307,53,255,138.708,872.915
4308,65,255,210.762,874.777
4309,64,255,501.141,873.984
4310,46,255,539.870,872.891
4311,50,255,912.500,873.960
4312,28,255,961.107,872.643
4313,53,255,985.557,873.406
4314,112,255,1155.393,874.562
4315,104,255,1178.385,874.990
4316,44,255,1207.750,872.818
4317,165,255,1252.821,876.639
4318,122,255,1416.508,875.156
4319,69,255,281.703,876.225
4320,52,255,353.692,874.288
4321,20,255,374.650,872.350
4322,34,255,532.147,873.000
4323,33,255,767.561,872.924
4324,54,255,893.315,873.556
4325,56,255,954.179,875.036
4326,81,255,1451.796,874.451
4327,89,255,22.376,877.219
4328,34,255,154.559,874.735
4329,93,255,364.866,876.973
4330,122,255,781.574,878.492
4331,48,255,852.396,875.208
4332,71,255,36.190,875.923
4333,63,255,924.960,876.563
4334,142,255,1539.923,879.035
4335,82,255,336.598,878.890
4336,138,255,396.174,879.710
4337,120,255,812.250,877.983
4338,144,255,868.604,880.042
4339,75,255,1011.060,877.527
4340,52,255,1044.500,877.115
4341,83,255,1225.187,877.837
4342,120,255,1268.375,878.900
4343,64,255,1593.328,877.609
4344,142,255,241.570,882.373
4345,102,255,596.176,880.451
4346,174,255,1314.489,882.822
4347,100,255,1359.180,879.330
4348,84,255,1555.393,878.143
4349,113,255,165.429,883.013
4350,22,255,305.000,877.500
4351,126,255,92.802,882.310
4352,78,255,453.154,881.282
4353,70,255,651.600,880.400
4354,59,255,663.941,880.975
4355,170,255,1075.406,883.906
4356,171,255,1127.278,884.851
4357,50,255,118.000,881.000
4358,106,255,186.038,884.953
4359,73,255,568.486,881.281
4360,54,255,628.574,881.296
4361,77,255,1430.877,881.539
4362,44,255,228.227,883.614
4363,117,255,524.303,884.774
4364,37,255,677.959,881.338
4365,55,255,754.064,881.827
4366,26,255,1111.000,881.192
4367,122,255,1330.697,885.156
4368,124,255,1503.790,883.185
4369,37,255,1574.878,882.392
4370,134,255,854.664,887.239
4371,101,255,466.262,885.718
4372,82,255,1448.293,886.341
4373,50,255,79.260,885.700
4374,65,255,151.685,885.992
4375,76,255,427.013,886.000
4376,72,255,608.625,885.819
4377,79,255,764.728,886.348
4378,159,255,1054.475,887.739
4379,113,255,1389.040,886.235
4380,92,255,1415.054,885.043
4381,112,255,1565.080,887.741
4382,49,255,1585.133,885.520
4383,63,255,984.897,887.040
4384,46,255,1001.283,885.283
4385,94,255,1346.734,887.830
4386,86,255,369.186,889.349
4387,73,255,446.390,888.199
4388,106,255,639.491,889.292
4389,46,255,707.500,886.435
4390,102,255,1173.147,887.833
4391,45,255,1208.767,887.633
4392,124,255,1230.758,889.073
4393,77,255,9.968,889.500
4394,51,255,696.069,887.853
4395,197,255,1143.947,892.581
4396,70,255,103.629,890.929
4397,53,255,195.255,889.519
4398,84,255,287.964,889.524
4399,219,255,345.130,895.130
4400,63,255,543.754,889.262
4401,105,255,1200.881,891.500
4402,103,255,40.354,892.180
4403,79,255,58.956,891.196
4404,251,255,132.070,896.918
4405,83,255,506.741,891.873
4406,49,255,684.847,890.439
4407,26,255,946.000,890.000
4408,73,255,974.705,891.390
4409,93,255,1275.941,891.726
4410,99,255,276.025,893.126
4411,94,255,578.160,892.213
4412,61,255,662.254,891.533
4413,51,255,745.127,891.147
4414,55,255,802.936,890.955
4415,35,255,835.071,890.043
4416,104,255,1099.990,891.990
4417,114,255,1293.596,892.535
4418,54,255,389.685,892.259
4419,45,255,551.389,893.656
4420,81,255,622.241,893.747
4421,198,255,888.949,894.576
4422,106,255,1483.726,893.415
4423,96,255,249.146,894.896
4424,121,255,716.921,895.525
4425,141,255,1262.365,896.571
4426,70,255,1440.386,894.329
4427,74,255,777.716,894.581
4428,78,255,812.128,896.077
4429,73,255,1530.171,894.089
4430,34,255,420.471,894.647
4431,70,255,1321.700,896.757
4432,117,255,1458.679,897.303
4433,79,255,1516.146,895.690
4434,142,255,915.444,896.852
4435,52,255,1163.327,895.538
4436,103,255,111.879,899.413
4437,69,255,172.384,898.384
4438,65,255,266.546,898.869
4439,84,255,479.381,898.821
4440,104,255,519.269,898.750
4441,50,255,540.000,897.360
4442,84,255,672.512,897.940
4443,46,255,750.761,896.457
4444,48,255,936.000,897.083
4445,112,255,1335.893,899.214
4446,155,255,1547.223,900.719
4447,185,255,838.803,901.986
4448,28,255,952.393,897.679
4449,72,255,1573.708,898.000
4450,39,255,30.064,898.038
4451,40,255,729.375,899.250
4452,26,255,762.192,897.731
4453,47,255,1507.947,901.309
4454,81,255,85.031,901.438
4455,78,255,325.013,900.667
4456,126,255,455.873,903.651
4457,35,255,493.814,899.757
4458,23,255,803.630,898.717
4459,93,255,1077.188,901.317
4460,34,255,1126.824,899.059
4461,123,255,870.402,904.142
4462,78,255,995.423,901.885
4463,33,255,1012.409,899.803
4464,53,255,1375.425,901.481
4465,65,255,1415.685,901.500
4466,40,255,195.175,901.725
4467,90,255,399.789,903.800
4468,71,255,590.092,903.923
4469,163,255,611.021,905.592
4470,87,255,795.063,905.845
4471,206,255,1168.379,907.704
4472,85,255,1186.829,903.512
4473,75,255,1363.727,903.967
4474,71,255,214.613,903.725
4475,80,255,227.075,903.225
4476,59,255,741.466,904.619
4477,47,255,1355.138,903.181
4478,75,255,1397.593,904.007
4479,68,255,60.515,904.721
4480,70,255,360.786,905.171
4481,63,255,444.103,904.595
4482,29,255,653.362,902.397
4483,119,255,687.971,906.609
4484,32,255,1151.875,903.219
4485,131,255,1224.103,907.080
4486,112,255,1497.259,904.357
4487,98,255,546.337,905.898
4488,103,255,1056.840,906.024
4489,163,255,1433.347,909.715
4490,92,255,1474.185,906.402
4491,71,255,1521.852,905.880
4492,51,255,469.441,905.186
4493,58,255,1596.000,905.948
4494,135,255,248.352,909.515
4495,110,255,642.373,909.800
4496,80,255,707.562,907.562
4497,98,255,974.857,909.051
4498,94,255,1107.074,907.415
4499,34,255,1302.500,906.000
4500,65,255,12.685,909.085
4501,99,255,151.076,909.904
4502,112,255,182.625,909.688
4503,41,255,747.988,908.915
4504,127,255,889.358,910.169
4505,100,255,958.810,909.710
4506,104,255,1013.029,909.337
4507,120,255,1033.808,910.792
4508,69,255,758.935,909.355
4509,83,255,770.861,909.681
4510,52,255,1086.192,909.365
4511,74,255,1208.162,909.676
4512,59,255,30.941,910.754
4513,37,255,98.743,909.878
4514,64,255,732.094,910.281
4515,69,255,1315.906,909.833
4516,79,255,1482.829,911.525
4517,27,255,1.833,911.352
4518,32,255,42.531,910.469
4519,72,255,83.389,910.875
4520,153,255,322.892,913.049
4521,99,255,389.126,912.722
4522,99,255,490.490,914.187
4523,72,255,678.083,912.333
4524,86,255,1454.593,911.407
4525,153,255,1561.788,912.108
4526,52,255,116.942,912.115
4527,156,255,628.423,916.090
4528,109,255,809.335,915.161
4529,112,255,909.116,913.973
4530,52,255,1118.462,912.462
4531,47,255,1267.989,911.926
4532,49,255,1294.949,912.582
4533,95,255,1393.574,913.142
4534,56,255,477.250,914.071
4535,51,255,574.088,913.853
4536,56,255,1239.589,913.143
4537,122,255,20.205,917.697
4538,28,255,525.071,913.179
4539,24,255,848.708,912.542
4540,27,255,1258.500,913.537
4541,69,255,1285.500,914.007
4542,44,255,1540.773,913.568
4543,52,255,209.904,914.981
4544,130,255,1099.085,917.654
4545,146,255,1193.459,917.966
4546,29,255,581.155,915.224
4547,40,255,697.375,915.375
4548,75,255,1592.487,916.740
4549,23,255,198.196,916.630
4550,46,255,423.304,917.609
4551,71,255,716.599,917.359
4552,94,255,356.617,919.691
4553,56,255,875.393,918.464
4554,133,255,1066.455,920.041
4555,39,255,1252.423,917.987
4556,63,255,1459.929,919.532
4557,42,255,1506.905,916.929
4558,71,255,1576.852,918.951
4559,104,255,369.077,920.923
4560,102,255,450.490,921.049
4561,57,255,501.482,919.009
4562,88,255,1323.534,922.068
4563,33,255,1358.106,917.985
4564,123,255,985.329,923.305
4565,57,255,1229.816,920.675
4566,144,255,181.028,924.625
4567,64,255,304.422,921.797
4568,115,255,552.465,923.578
4569,69,255,607.688,920.964
4570,55,255,1241.009,921.082
4571,115,255,221.657,926.100
4572,94,255,670.989,922.723
4573,53,255,745.179,921.462
4574,39,255,1126.321,921.782
4575,27,255,1143.241,920.944
4576,102,255,119.382,926.255
4577,63,255,617.786,923.817
4578,76,255,853.934,923.987
4579,133,255,1046.680,925.741
4580,28,255,1117.000,921.500
4581,24,255,1207.833,921.375
4582,42,255,1266.929,922.071
4583,44,255,1308.000,922.159
4584,127,255,256.043,928.579
4585,139,255,275.450,927.903
4586,59,255,291.737,925.144
4587,123,255,395.484,925.711
4588,137,255,1025.646,925.931
4589,100,255,1367.880,925.590
4590,90,255,1519.200,925.956
4591,110,255,89.964,926.518
4592,74,255,415.135,925.243
4593,38,255,1346.342,924.395
4594,159,255,144.569,931.664
4595,63,255,379.373,926.579
4596,135,255,521.922,929.730
4597,124,255,579.952,927.081
4598,38,255,908.447,925.158
4599,123,255,926.533,929.394
4600,32,255,1012.656,926.750
4601,48,255,1218.312,925.708
4602,74,255,1289.838,926.500
4603,111,255,1477.563,927.986
4604,101,255,42.520,928.955
4605,105,255,62.643,929.795
4606,93,255,103.296,928.651
4607,51,255,205.461,926.814
4608,185,255,882.684,933.289
4609,101,255,946.550,928.490
4610,43,255,1535.593,927.337
4611,36,255,1412.750,927.500
4612,94,255,1445.032,929.234
4613,77,255,1583.435,928.942
4614,34,255,349.088,927.676
4615,114,255,723.675,931.333
4616,77,255,782.760,929.448
4617,70,255,1135.743,929.914
4618,114,255,1165.886,932.044
4619,53,255,1199.594,929.085
4620,89,255,1399.107,930.219
4621,64,255,1508.891,929.859
4622,67,255,71.410,931.396
4623,148,255,429.149,933.527
4624,73,255,599.212,930.568
4625,28,255,713.929,929.036
4626,46,255,1059.957,929.848
4627,85,255,1105.712,931.124
4628,21,255,1464.976,927.690
4629,103,255,33.024,933.500
4630,62,255,235.694,930.887
4631,85,255,458.159,932.441
4632,89,255,899.354,932.174
4633,38,255,966.868,930.632
4634,91,255,1177.852,933.115
4635,79,255,1236.044,933.095
4636,91,255,1258.071,932.401
4637,124,255,11.282,934.895
4638,24,255,439.375,931.583
4639,55,255,668.809,931.845
4640,219,255,757.066,936.354
4641,46,255,826.413,932.174
4642,69,255,1149.210,932.297
4643,53,255,1222.689,932.311
4644,94,255,1275.053,935.170
4645,142,255,160.225,935.866
4646,27,255,339.426,932.093
4647,43,255,476.616,932.384
4648,88,255,548.170,935.466
4649,35,255,957.014,932.900
4650,58,255,1559.569,932.103
4651,56,255,536.536,934.786
4652,50,255,869.000,933.880
4653,68,255,1333.868,933.632
4654,131,255,1358.760,936.439
4655,20,255,1569.250,932.450
4656,167,255,194.326,940.332
4657,35,255,295.557,934.929
4658,136,255,695.537,939.625
4659,29,255,975.362,934.328
4660,123,255,210.768,939.508
4661,48,255,308.500,937.000
4662,63,255,560.389,938.183
4663,116,255,621.940,939.534
4664,61,255,642.746,937.680
4665,23,255,1311.543,935.587
4666,107,255,1377.818,939.668
4667,22,255,327.000,936.227
4668,32,255,449.094,937.719
4669,73,255,596.692,938.897
4670,22,255,834.273,935.909
4671,25,255,914.060,936.700
4672,54,255,87.722,939.111
4673,64,255,175.625,938.906
4674,42,255,468.976,939.690
4675,74,255,576.351,939.919
4676,74,255,864.027,941.041
4677,109,255,1122.830,941.234
4678,64,255,368.516,940.562
4679,58,255,1057.138,940.517
4680,78,255,1106.064,941.154
4681,63,255,1396.738,939.865
4682,72,255,1441.417,942.028
4683,27,255,950.648,940.500
4684,48,255,1085.125,942.938
4685,20,255,1318.100,940.550
4686,101,255,255.916,944.589
4687,116,255,391.862,945.121
4688,81,255,1024.265,944.414
4689,25,255,1045.100,941.820
4690,82,255,1076.146,943.927
4691,146,255,1189.849,946.178
4692,21,255,1306.071,941.595
4693,44,255,1409.136,942.159
4694,93,255,1425.844,943.263
4695,96,255,1491.844,943.198
4696,62,255,1527.387,944.113
4697,95,255,113.605,947.732
4698,52,255,319.077,943.788
4699,119,255,404.668,947.130
4700,43,255,415.779,944.453
4701,116,255,585.698,947.414
4702,22,255,665.409,942.500
4703,113,255,817.730,946.748
4704,111,255,848.797,946.365
4705,115,255,1589.152,947.700
4706,78,255,378.038,946.423
4707,73,255,708.692,945.582
4708,64,255,775.188,945.297
4709,145,255,1265.776,948.541
4710,66,255,1505.091,945.515
4711,83,255,1537.524,945.970
4712,36,255,1552.111,943.833
4713,24,255,124.875,945.958
4714,116,255,914.138,948.078
4715,77,255,1570.747,945.734
4716,29,255,132.948,946.500
4717,41,255,603.402,946.061
4718,42,255,936.524,946.571
4719,128,255,1289.836,949.086
4720,130,255,1472.408,949.215
4721,103,255,144.209,951.199
4722,112,255,331.902,949.848
4723,66,255,467.939,948.485
4724,123,255,533.500,951.589
4725,53,255,682.425,947.689
4726,73,255,742.596,948.651
4727,52,255,974.712,947.846
4728,81,255,1172.142,948.525
4729,62,255,1324.419,948.194
4730,57,255,1459.132,948.675
4731,80,255,519.300,950.275
4732,111,255,725.068,951.104
4733,63,255,897.532,949.246
4734,86,255,992.000,950.523
4735,28,255,1015.464,948.393
4736,100,255,1133.410,951.400
4737,99,255,1219.712,951.227
4738,182,255,100.819,954.720
4739,62,255,653.839,949.984
4740,22,255,925.682,949.818
4741,116,255,1053.138,950.095
4742,47,255,1446.585,950.181
4743,41,255,1546.744,950.037
4744,122,255,241.221,953.385
4745,83,255,1386.873,951.849
4746,40,255,74.900,953.125
4747,111,255,947.878,955.536
4748,126,255,1158.381,956.365
4749,63,255,1199.421,954.056
4750,77,255,46.019,954.916
4751,84,255,347.048,955.190
4752,151,255,665.268,958.056
4753,100,255,751.850,955.590
4754,75,255,1350.860,955.340
4755,76,255,1406.039,955.118
4756,24,255,321.417,954.458
4757,94,255,441.532,956.521
4758,67,255,473.007,955.560
4759,88,255,608.034,956.125
4760,41,255,764.207,954.085
4761,55,255,834.773,954.827
4762,113,255,966.473,957.482
4763,139,255,1105.327,957.421
4764,85,255,33.124,957.618
4765,76,255,358.750,956.724
4766,136,255,1084.000,959.699
4767,136,255,1243.507,959.824
4768,52,255,1397.212,956.481
4769,85,255,1443.159,957.782
4770,38,255,217.737,955.974
4771,79,255,280.247,958.120
4772,47,255,1565.819,956.564
4773,66,255,173.242,959.121
4774,68,255,375.279,958.647
4775,31,255,512.016,956.984
4776,78,255,871.590,958.795
4777,88,255,1032.307,960.989
4778,21,255,1486.690,955.833
4779,30,255,122.967,957.633
4780,23,255,205.283,957.804
4781,85,255,553.335,962.300
4782,47,255,1322.777,959.543
4783,129,255,14.702,962.547
4784,100,255,252.670,963.720
4785,156,255,775.487,962.917
4786,31,255,911.823,959.145
4787,27,255,977.648,959.093
4788,85,255,1002.688,960.500
4789,46,255,1530.065,958.891
4790,133,255,184.598,963.658
4791,101,255,295.886,963.906
4792,50,255,1360.420,961.760
4793,163,255,1422.083,964.837
4794,30,255,130.867,961.000
4795,61,255,267.500,962.500
4796,117,255,931.628,965.312
4797,20,255,1018.100,959.800
4798,89,255,1049.770,963.208
4799,51,255,1121.814,962.951
4800,22,255,1172.045,960.636
4801,61,255,1495.582,962.697
4802,48,255,2.500,963.938
4803,78,255,116.744,963.731
4804,76,255,425.842,964.947
4805,90,255,568.200,965.222
4806,41,255,581.500,962.402
4807,107,255,600.145,965.734
4808,89,255,680.298,963.860
4809,88,255,821.909,963.955
4810,101,255,1585.708,964.530
4811,117,255,77.962,965.526
4812,34,255,144.059,962.706
4813,72,255,335.250,965.250
4814,79,255,655.956,967.234
4815,62,255,1473.742,963.774
4816,91,255,1539.753,965.731
4817,53,255,1574.123,964.179
4818,24,255,159.625,964.000
4819,125,255,217.860,967.884
4820,57,255,323.763,966.167
4821,58,255,524.500,965.138
4822,62,255,711.226,964.968
4823,65,255,806.638,964.546
4824,99,255,1200.682,965.843
4825,52,255,1435.981,965.404
4826,53,255,50.142,966.142
4827,109,255,61.564,968.491
4828,43,255,90.477,965.919
4829,31,255,478.113,964.984
4830,91,255,738.951,967.225
4831,81,255,853.191,966.747
4832,90,255,404.767,968.367
4833,111,255,641.185,969.167
4834,110,255,904.618,969.300
4835,56,255,134.518,968.857
4836,108,255,367.287,970.935
4837,124,255,879.032,969.355
4838,49,255,990.173,967.929
4839,55,255,1252.827,968.791
4840,59,255,1339.059,968.364
4841,66,255,1518.818,968.485
4842,73,255,1552.651,968.021
4843,46,255,1597.587,969.000
4844,28,255,445.250,968.500
4845,52,255,532.442,969.288
4846,116,255,1155.509,970.060
4847,38,255,1230.974,968.842
4848,58,255,1293.241,968.328
4849,172,255,1316.378,972.959
4850,118,255,1391.839,971.720
4851,65,255,1263.715,969.962
4852,200,255,1279.720,975.695
4853,46,255,197.630,970.957
4854,45,255,452.367,970.767
4855,60,255,630.750,973.167
4856,149,255,692.540,973.366
4857,27,255,916.981,969.907
4858,57,255,1011.886,970.833
4859,74,255,1041.608,972.378
4860,102,255,1461.294,972.078
4861,167,255,100.428,975.859
4862,124,255,308.258,974.637
4863,62,255,786.000,972.500
4864,181,255,1062.782,975.605
4865,96,255,1375.469,972.719
4866,112,255,13.955,975.268
4867,156,255,30.647,975.699
4868,58,255,278.241,972.672
4869,60,255,511.500,973.000
4870,105,255,863.833,975.167
4871,122,255,993.607,975.426
4872,47,255,1107.436,972.372
4873,56,255,1134.268,972.911
4874,129,255,1223.376,974.880
4875,40,255,232.575,974.175
4876,109,255,480.372,976.592
4877,121,255,942.748,977.335
4878,56,255,75.054,974.929
4879,30,255,381.500,974.000
4880,116,255,572.198,981.276
4881,75,255,536.780,976.633
4882,51,255,619.990,975.833
4883,49,255,662.684,977.133
4884,102,255,741.402,976.706
4885,66,255,818.076,976.394
4886,49,255,840.153,976.704
4887,116,255,960.138,978.121
4888,48,255,1028.417,976.062
4889,21,255,1514.167,974.929
4890,131,255,182.989,979.485
4891,58,255,285.759,977.466
4892,78,255,499.231,978.321
4893,20,255,550.400,975.050
4894,41,255,563.061,976.915
4895,64,255,717.375,976.688
4896,90,255,1018.744,979.611
4897,42,255,974.738,977.905
4898,81,255,1404.759,980.512
4899,58,255,62.845,980.345
4900,97,255,162.582,982.015
4901,101,255,247.658,981.837
4902,125,255,591.076,982.668
4903,32,255,603.656,979.406
4904,47,255,795.798,979.117
4905,113,255,878.420,983.420
4906,164,255,924.482,983.970
4907,112,255,1523.295,980.545
4908,82,255,340.817,982.012
4909,145,255,680.452,984.086
4910,21,255,763.643,979.310
4911,83,255,773.512,983.114
4912,54,255,1107.574,981.352
4913,110,255,1132.009,982.909
4914,100,255,1560.150,982.430
4915,80,255,130.762,983.350
4916,101,255,141.589,984.965
4917,64,255,207.406,981.703
4918,53,255,447.217,982.009
4919,74,255,905.689,982.459
4920,83,255,1300.500,983.500
4921,68,255,1344.382,982.882
4922,111,255,1450.419,984.158
4923,114,255,1578.035,984.904
4924,84,255,40.833,985.000
4925,37,255,652.932,982.932
4926,64,255,722.281,983.141
4927,76,255,1334.158,984.382
4928,93,255,259.263,986.081
4929,22,255,1037.409,982.591
4930,49,255,1118.276,984.235
4931,65,255,237.423,987.008
4932,82,255,382.439,985.622
4933,47,255,414.415,985.372
4934,78,255,707.679,986.103
4935,85,255,802.500,986.371
4936,63,255,1387.437,985.738
4937,91,255,1591.489,988.236
4938,103,255,353.607,987.422
4939,82,255,470.841,986.195
4940,151,255,1175.308,989.162
4941,79,255,1195.791,986.551
4942,117,255,119.321,988.902
4943,69,255,226.384,987.978
4944,58,255,536.655,986.603
4945,92,255,974.272,988.304
4946,190,255,1079.632,989.705
4947,121,255,1267.913,988.880
4948,51,255,403.520,988.088
4949,49,255,421.500,987.929
4950,71,255,512.655,988.542
4951,104,255,756.548,990.433
4952,85,255,1159.335,989.912
4953,63,255,1237.754,988.357
4954,150,255,1314.733,991.767
4955,63,255,72.310,989.214
4956,129,255,285.066,993.484
4957,22,255,319.182,987.864
4958,70,255,493.329,990.457
4959,36,255,645.333,988.611
4960,55,255,7.573,989.627
4961,63,255,205.405,990.611
4962,46,255,1546.217,990.109
4963,150,255,1249.200,994.633
4964,114,255,1511.219,992.605
4965,107,255,440.556,994.949
4966,125,255,544.916,996.340
4967,118,255,814.059,994.203
4968,49,255,946.704,991.418
4969,117,255,1358.859,995.491
4970,56,255,636.071,992.875
4971,23,255,1288.109,990.935
4972,37,255,1369.905,991.446
4973,95,255,31.237,996.921
4974,94,255,88.553,996.181
4975,36,255,104.167,993.694
4976,133,255,743.688,996.718
4977,42,255,1139.667,994.357
4978,65,255,327.638,994.854
4979,70,255,657.014,995.071
4980,99,255,995.197,997.187
4981,22,255,1.955,994.864
4982,75,255,44.513,997.060
4983,57,255,362.921,996.798
4984,47,255,714.606,995.543
4985,24,255,146.500,996.208
4986,122,255,163.475,998.852
4987,40,255,376.825,996.900
4988,111,255,837.617,999.005
4989,90,255,897.889,997.267
4990,80,255,939.175,998.538
4991,40,255,1490.650,996.350
4992,110,255,64.891,1000.673
4993,51,255,778.167,998.049
4994,55,255,794.191,997.609
4995,149,255,1220.815,1000.117
4996,33,255,1419.742,997.621
4997,115,255,1446.126,1000.517
4998,67,255,304.321,998.604
4999,98,255,322.673,1001.520
5000,32,255,602.875,997.844
5001,80,255,1275.737,1000.688
5002,71,255,1535.218,998.965
5003,66,255,974.091,1000.167
5004,92,255,1380.500,1001.000
5005,22,255,74.000,999.773
5006,145,255,269.707,1004.631
5007,163,255,406.175,1005.985
5008,87,255,455.718,1003.511
5009,126,255,506.032,1002.770
5010,106,255,580.783,1003.915
5011,115,255,865.857,1003.526
5012,58,255,1160.293,1000.466
5013,35,255,251.071,1000.900
5014,86,255,351.919,1004.744
5015,82,255,1026.256,1002.768
5016,26,255,1071.385,1000.308
5017,30,255,1110.200,1001.067
5018,64,255,1207.938,1003.469
5019,39,255,1431.654,1002.064
5020,67,255,1556.351,1001.515
5021,39,255,1593.013,1001.500
5022,64,255,181.312,1003.203
5023,45,255,239.833,1002.367
5024,116,255,374.716,1006.586
5025,81,255,920.204,1003.340
5026,50,255,1040.600,1004.100
5027,145,255,1122.879,1005.962
5028,36,255,1141.639,1002.972
5029,97,255,1301.716,1005.191
5030,175,255,13.980,1008.403
5031,106,255,98.377,1005.481
5032,132,255,465.523,1007.508
5033,81,255,1478.093,1003.957
5034,102,255,422.686,1006.843
5035,24,255,707.500,1003.625
5036,50,255,932.220,1006.340
5037,71,255,1049.711,1006.359
5038,166,255,1099.861,1008.813
5039,63,255,188.722,1006.563
5040,36,255,484.111,1006.417
5041,104,255,527.731,1007.385
5042,25,255,591.780,1004.340
5043,51,255,628.147,1005.480
5044,89,255,664.758,1006.949
5045,69,255,683.630,1006.094
5046,152,255,847.737,1010.191
5047,182,255,1011.758,1008.984
5048,114,255,1577.061,1006.737
5049,122,255,644.213,1009.303
5050,198,255,721.874,1010.177
5051,124,255,788.774,1008.968
5052,27,255,1323.907,1005.574
5053,150,255,1344.333,1009.687
5054,44,255,1406.705,1006.614
5055,62,255,209.935,1008.823
5056,76,255,444.842,1009.355
5057,85,255,544.465,1008.818
5058,62,255,569.081,1008.613
5059,50,255,1489.840,1007.820
5060,80,255,1525.250,1009.750
5061,61,255,244.992,1009.779
5062,41,255,905.744,1008.110
5063,86,255,985.360,1009.767
5064,75,255,1232.660,1009.860
5065,117,255,1268.799,1011.483
5066,86,255,82.872,1011.256
5067,120,255,125.350,1012.433
5068,90,255,758.900,1011.678
5069,38,255,801.684,1009.500
5070,65,255,964.285,1009.915
5071,55,255,1504.282,1011.409
5072,95,255,311.289,1014.058
5073,106,255,742.123,1012.679
5074,109,255,811.628,1013.775
5075,63,255,1136.262,1010.770
5076,139,255,1176.795,1013.809
5077,62,255,1242.290,1010.935
5078,93,255,155.134,1013.651
5079,51,255,164.461,1012.637
5080,44,255,287.886,1012.068
5081,133,255,1198.252,1015.094
5082,80,255,1435.912,1013.237
5083,55,255,593.027,1012.718
5084,97,255,873.149,1016.345
5085,60,255,921.133,1012.483
5086,83,255,1255.693,1014.705
5087,24,255,1556.708,1011.208
5088,37,255,320.716,1013.554
5089,152,255,506.151,1017.342
5090,93,255,772.962,1015.930
5091,63,255,880.690,1015.833
5092,52,255,939.288,1014.750
5093,80,255,1151.062,1014.737
5094,173,255,42.049,1019.223
5095,41,255,1542.500,1014.500
5096,100,255,389.940,1017.530
5097,109,255,435.720,1018.894
5098,101,255,619.054,1017.738
5099,60,255,1282.617,1017.083
5100,144,255,1469.299,1017.729
5101,47,255,226.245,1016.862
5102,57,255,269.939,1017.096
5103,29,255,955.328,1016.121
5104,37,255,1067.122,1016.257
5105,77,255,1312.643,1017.136
5106,54,255,184.833,1017.704
5107,79,255,214.892,1019.475
5108,55,255,344.500,1018.627
5109,22,255,522.409,1016.409
5110,38,255,650.763,1017.789
5111,56,255,996.661,1018.018
5112,99,255,1416.106,1019.652
5113,91,255,101.247,1020.643
5114,55,255,370.445,1018.427
5115,91,255,663.544,1019.896
5116,83,255,678.259,1019.319
5117,38,255,1044.368,1017.605
5118,64,255,1363.000,1019.750
5119,174,255,1566.546,1023.218
5120,167,255,1585.332,1023.392
5121,50,255,2.440,1021.340
5122,22,255,75.091,1018.955
5123,83,255,459.440,1021.018
5124,151,255,487.639,1023.050
5125,86,255,1072.791,1021.674
5126,64,255,1326.172,1019.875
5127,119,255,1375.643,1023.433
5128,56,255,358.143,1021.232
5129,76,255,534.434,1023.000
5130,118,255,697.983,1023.814
5131,57,255,786.518,1021.254
5132,41,255,944.598,1021.012
5133,27,255,413.537,1021.241
5134,177,255,637.071,1025.206
5135,100,255,1101.710,1023.640
5136,44,255,1125.455,1021.045
5137,49,255,1249.969,1022.071
5138,86,255,130.221,1025.058
5139,68,255,320.971,1023.691
5140,72,255,590.194,1023.222
5141,100,255,739.010,1024.250
5142,48,255,1085.375,1022.917
5143,33,255,233.894,1022.894
5144,67,255,245.022,1025.560
5145,70,255,579.671,1024.614
5146,93,255,904.038,1025.124
5147,53,255,1342.858,1023.047
5148,55,255,1527.082,1023.591
5149,33,255,84.227,1024.439
5150,89,255,164.601,1026.770
5151,99,255,1189.268,1026.874
5152,26,255,1545.385,1023.462
5153,73,255,139.555,1027.856
5154,110,255,471.455,1028.627
5155,67,255,544.858,1026.828
5156,44,255,814.818,1025.273
5157,108,255,930.861,1028.472
5158,104,255,224.856,1030.577
5159,112,255,714.214,1028.821
5160,166,255,767.825,1030.373
5161,204,255,1228.167,1031.201
5162,63,255,1314.770,1027.071
5163,91,255,1394.852,1029.258
5164,36,255,1593.417,1026.611
5165,102,255,191.118,1031.225
5166,42,255,398.762,1028.976
5167,114,255,865.816,1030.316
5168,94,255,950.883,1029.149
5169,73,255,1037.103,1029.815
5170,151,255,1143.944,1031.103
5171,83,255,1302.753,1029.235
5172,50,255,1514.020,1027.760
5173,121,255,118.707,1032.921
5174,36,255,177.028,1028.944
5175,52,255,209.077,1029.250
5176,105,255,386.548,1031.443
5177,123,255,559.329,1031.573
5178,48,255,807.146,1029.125
5179,73,255,1159.993,1029.363
5180,73,255,1385.774,1030.432
5181,67,255,1429.291,1028.649
5182,74,255,13.770,1031.027
5183,126,255,103.175,1032.524
5184,50,255,281.140,1030.100
5185,79,255,344.019,1030.981
5186,190,255,600.595,1035.658
5187,72,255,675.417,1030.139
5188,20,255,877.000,1028.000
5189,139,255,1253.673,1033.867
5190,75,255,71.753,1031.873
5191,115,255,265.883,1034.065
5192,94,255,1020.809,1031.617
5193,69,255,1046.978,1033.181
5194,64,255,1477.734,1031.469
5195,176,255,436.818,1037.335
5196,70,255,518.729,1031.971
5197,90,255,823.878,1032.978
5198,110,255,894.500,1035.736
5199,57,255,1009.851,1032.535
5200,102,255,1450.824,1033.206
5201,64,255,1464.828,1032.484
5202,63,255,1538.675,1032.452
5203,42,255,305.500,1033.262
5204,51,255,313.206,1033.324
5205,75,255,1099.393,1033.753
5206,109,255,988.491,1036.005
5207,52,255,1180.923,1034.615
5208,61,255,1337.270,1034.107
5209,98,255,251.806,1039.163
5210,127,255,1323.823,1038.500
5211,73,255,355.048,1037.500
5212,150,255,1360.993,1039.647
5213,58,255,50.224,1037.448
5214,76,255,144.579,1038.408
5215,114,255,408.570,1040.754
5216,102,255,572.108,1039.588
5217,50,255,697.740,1036.620
5218,97,255,917.840,1038.407
5219,51,255,1525.990,1037.088
5220,112,255,542.089,1039.929
5221,79,255,639.171,1038.943
5222,63,255,654.119,1038.071
5223,77,255,1545.266,1038.734
5224,20,255,485.500,1037.000
5225,36,255,791.583,1037.917
5226,127,255,953.917,1041.571
5227,67,255,1056.366,1038.978
5228,72,255,171.194,1041.361
5229,46,255,284.565,1040.109
5230,64,255,453.062,1040.531
5231,63,255,1126.198,1039.849
5232,34,255,1190.824,1039.265
5233,76,255,1238.947,1042.908
5234,71,255,340.528,1041.528
5235,58,255,1569.707,1042.569
5236,105,255,155.195,1043.948
5237,28,255,297.821,1041.321
5238,75,255,710.860,1042.620
5239,121,255,934.839,1043.202
5240,134,255,1164.761,1045.254
5241,145,255,1421.390,1044.190
5242,36,255,622.861,1041.972
5243,96,255,761.281,1044.260
5244,157,255,1004.704,1046.538
5245,24,255,1093.833,1041.625
5246,41,255,1475.866,1042.378
5247,50,255,196.280,1044.460
5248,72,255,478.000,1044.764
5249,43,255,586.477,1044.058
5250,131,255,806.263,1046.813
5251,92,255,1139.380,1044.359
5252,124,255,28.024,1047.742
5253,51,255,73.990,1045.676
5254,184,255,320.674,1047.837
5255,100,255,384.010,1047.590
5256,46,255,516.804,1044.783
5257,61,255,1266.697,1045.025
5258,117,255,1023.731,1048.816
5259,31,255,1449.339,1044.629
5260,28,255,82.357,1045.321
5261,49,255,272.276,1047.929
5262,55,255,422.936,1047.791
5263,25,255,984.740,1045.460
5264,78,255,1212.179,1047.436
5265,100,255,1225.950,1048.470
5266,159,255,1398.538,1050.802
5267,61,255,1527.811,1047.648
5268,104,255,115.625,1050.519
5269,43,255,204.570,1048.244
5270,34,255,500.500,1047.706
5271,173,255,550.118,1053.153
5272,93,255,701.704,1051.134
5273,108,255,791.519,1050.231
5274,59,255,1576.144,1049.280
5275,78,255,215.872,1049.936
5276,62,255,361.677,1049.565
5277,101,255,626.559,1051.728
5278,138,255,648.652,1051.246
5279,64,255,1589.000,1048.938
5280,98,255,301.204,1052.224
5281,21,255,616.071,1048.548
5282,96,255,898.375,1052.333
5283,80,255,965.725,1051.463
5284,22,255,1155.182,1049.136
5285,92,255,1199.489,1051.576
5286,42,255,1276.500,1050.405
5287,82,255,1543.524,1051.012
5288,50,255,44.200,1051.780
5289,96,255,375.125,1054.281
5290,48,255,464.667,1050.688
5291,61,255,675.893,1051.697
5292,86,255,1484.512,1050.791
5293,78,255,11.654,1052.821
5294,63,255,54.802,1053.405
5295,33,255,397.106,1051.500
5296,26,255,444.962,1051.115
5297,178,255,743.831,1054.798
5298,143,255,878.864,1055.052
5299,78,255,1041.295,1051.910
5300,90,255,1063.100,1052.967
5301,71,255,1178.246,1051.810
5302,56,255,1517.036,1052.339
5303,69,255,452.616,1053.355
5304,60,255,128.917,1054.817
5305,114,255,240.561,1054.860
5306,72,255,261.681,1054.986
5307,60,255,572.050,1054.133
5308,71,255,1313.570,1053.965
5309,131,255,1450.859,1056.302
5310,112,255,684.562,1060.000
5311,52,255,865.654,1055.615
5312,169,255,936.902,1057.701
5313,57,255,1262.939,1054.149
5314,199,255,1293.802,1058.972
5315,106,255,78.396,1058.481
5316,49,255,665.133,1057.112
5317,94,255,713.096,1059.191
5318,43,255,1102.709,1054.663
5319,118,255,1508.864,1057.932
5320,37,255,1581.716,1055.770
5321,156,255,192.083,1058.923
5322,65,255,414.623,1056.946
5323,37,255,1094.284,1056.392
5324,75,255,1211.967,1058.020
5325,33,255,1562.530,1056.591
5326,178,255,170.298,1062.438
5327,60,255,313.883,1059.817
5328,81,255,354.698,1059.747
5329,139,255,516.737,1061.565
5330,72,255,989.917,1058.611
5331,137,255,1325.843,1060.974
5332,51,255,223.108,1059.010
5333,155,255,761.384,1061.326
5334,28,255,916.643,1058.250
5335,60,255,1082.550,1059.317
5336,31,255,1123.661,1057.919
5337,67,255,1411.440,1059.351
5338,128,255,1472.328,1061.602
5339,65,255,428.638,1060.746
5340,42,255,1223.619,1059.452
5341,79,255,1361.905,1060.462
5342,57,255,1044.956,1059.904
5343,41,255,1179.012,1060.329
5344,48,255,1346.771,1060.062
5345,61,255,1423.156,1061.041
5346,51,255,16.088,1062.186
5347,82,255,29.890,1063.268
5348,51,255,150.559,1062.637
5349,54,255,327.667,1063.241
5350,138,255,390.254,1067.667
5351,20,255,856.400,1060.450
5352,29,255,1062.534,1061.086
5353,65,255,1597.377,1064.838
5354,84,255,103.524,1064.667
5355,64,255,211.109,1063.422
5356,28,255,243.179,1062.357
5357,57,255,816.237,1062.974
5358,42,255,976.690,1062.476
5359,42,255,1018.310,1062.238
5360,88,255,1140.170,1065.364
5361,55,255,6.264,1065.064
5362,22,255,131.227,1062.136
5363,106,255,482.708,1066.972
5364,136,255,782.287,1066.162
5365,119,255,894.954,1066.273
5366,30,255,929.900,1063.067
5367,80,255,1093.700,1064.775
5368,130,255,1159.292,1066.638
5369,96,255,1261.427,1066.375
5370,51,255,1528.814,1063.422
5371,78,255,50.667,1066.000
5372,46,255,347.478,1065.152
5373,99,255,401.399,1066.965
5374,58,255,535.500,1065.862
5375,82,255,699.012,1064.902
5376,81,255,843.574,1065.488
5377,59,255,1394.297,1065.093
5378,61,255,1031.123,1065.467
5379,65,255,1112.223,1065.546
5380,169,255,1195.654,1068.772
5381,52,255,1309.442,1065.442
5382,76,255,1340.829,1067.461
5383,111,255,1497.986,1068.482
5384,50,255,85.600,1067.460
5385,92,255,1566.087,1068.674
5386,88,255,502.966,1069.852
5387,140,255,1382.714,1070.664
5388,64,255,222.672,1069.391
5389,96,255,861.438,1068.583
5390,106,255,879.217,1070.500
5391,30,255,1057.200,1068.700
5392,38,255,1124.684,1067.895
5393,101,255,1576.738,1071.015
5394,131,255,142.225,1074.065
5395,30,255,288.833,1069.300
5396,46,255,354.696,1069.283
5397,41,255,603.841,1069.549
5398,69,255,613.862,1070.848
5399,81,255,643.500,1071.500
5400,67,255,1462.843,1071.336
5401,54,255,254.685,1070.759
5402,108,255,587.083,1072.306
5403,51,255,956.382,1070.402
5404,52,255,1075.000,1070.846
5405,67,255,1416.246,1071.799
5406,64,255,240.203,1072.203
5407,86,255,725.233,1074.128
5408,58,255,196.155,1073.586
5409,137,255,462.989,1076.595
5410,75,255,820.540,1074.207
5411,63,255,1231.881,1073.040
5412,119,255,1349.819,1076.223
5413,25,255,42.420,1072.220
5414,53,255,299.972,1075.066
5415,77,255,434.929,1075.591
5416,37,255,623.743,1073.662
5417,75,255,983.447,1075.327
5418,30,255,1249.000,1073.000
5419,35,255,92.271,1075.129
5420,71,255,311.317,1076.908
5421,48,255,425.000,1075.146
5422,92,255,519.685,1076.348
5423,43,255,547.453,1074.430
5424,135,255,659.530,1076.352
5425,27,255,935.426,1073.389
5426,77,255,1035.617,1075.591
5427,56,255,1220.393,1074.857
5428,149,255,1527.010,1078.218
5429,47,255,3.096,1075.713
5430,87,255,102.707,1076.948
5431,124,255,378.258,1078.032
5432,38,255,711.447,1076.026
5433,39,255,1144.705,1074.782
5434,78,255,1317.487,1077.346
5435,116,255,1402.733,1078.405
5436,139,255,1490.759,1079.853
5437,62,255,249.161,1078.387
5438,69,255,288.645,1077.732
5439,71,255,966.528,1077.937
5440,57,255,995.728,1077.167
5441,88,255,1114.932,1077.932
5442,45,255,1175.967,1075.878
5443,94,255,1429.266,1077.787
5444,43,255,155.616,1077.616
5445,41,255,178.280,1077.573
5446,62,255,569.548,1078.355
5447,46,255,848.391,1078.130
5448,41,255,1008.085,1077.988
5449,97,255,1133.747,1079.686
5450,126,255,1365.151,1080.119
5451,69,255,120.819,1079.877
5452,78,255,349.538,1079.667
5453,55,255,509.773,1081.573
5454,56,255,923.304,1079.607
5455,104,255,1097.125,1079.481
5456,90,255,1472.500,1080.156
5457,96,255,46.188,1081.875
5458,34,255,169.235,1079.500
5459,106,255,891.104,1083.604
5460,50,255,911.120,1079.600
5461,39,255,1045.218,1080.346
5462,44,255,1054.841,1079.500
5463,74,255,1511.878,1080.527
5464,103,255,186.937,1083.733
5465,22,255,218.000,1079.500
5466,36,255,317.944,1080.944
5467,98,255,447.378,1083.306
5468,87,255,556.810,1082.569
5469,127,255,631.894,1082.138
5470,69,255,1593.413,1081.659
5471,25,255,1193.420,1080.180
5472,131,255,1253.340,1084.111
5473,164,255,1282.293,1086.512
5474,42,255,128.833,1083.143
5475,130,255,414.515,1087.469
5476,28,255,596.179,1081.750
5477,68,255,1164.529,1083.118
5478,91,255,209.918,1085.907
5479,86,255,739.919,1084.000
5480,127,255,1332.980,1085.980
5481,173,255,1569.228,1089.465
5482,81,255,23.500,1086.809
5483,87,255,65.856,1088.155
5484,119,255,331.340,1086.601
5485,95,255,586.111,1086.689
5486,61,255,707.287,1085.238
5487,43,255,986.384,1084.616
5488,138,255,1554.101,1088.855
5489,32,255,397.281,1084.719
5490,54,255,545.352,1086.000
5491,59,255,831.263,1085.602
5492,24,255,859.375,1084.667
5493,35,255,975.986,1085.900
5494,58,255,1071.448,1086.776
5495,139,255,1444.766,1087.903
5496,54,255,765.778,1087.426
5497,23,255,1176.978,1085.891
5498,62,255,1234.758,1087.242
5499,129,255,503.074,1091.291
5500,80,255,671.925,1088.725
5501,41,255,757.841,1087.646
5502,68,255,845.618,1088.647
5503,91,255,1300.434,1089.995
5504,75,255,1319.953,1088.833
5505,79,255,6.449,1090.816
5506,20,255,139.400,1087.450
5507,91,255,163.225,1090.236
5508,31,255,244.145,1088.210
5509,117,255,274.021,1091.585
5510,25,255,1195.900,1087.740
5511,45,255,1465.144,1088.056
5512,41,255,600.598,1089.622
5513,61,255,965.385,1091.041
5514,78,255,1063.795,1092.513
5515,45,255,1185.144,1090.411
5516,43,255,1388.244,1090.523
5517,75,255,370.407,1091.633
5518,71,255,1097.261,1090.697
5519,56,255,1146.768,1091.054
5520,38,255,1396.842,1090.658
5521,58,255,1038.724,1091.914
5522,67,255,108.754,1094.052
5523,47,255,144.777,1093.096
5524,20,255,221.200,1091.900
5525,74,255,300.000,1093.500
5526,78,255,343.821,1093.897
5527,35,255,561.471,1092.700
5528,45,255,51.056,1093.411
5529,65,255,134.731,1095.638
5530,85,255,472.076,1095.665
5531,35,255,775.757,1093.386
5532,50,255,1245.760,1093.660
5533,51,255,1352.284,1092.480
5534,34,255,521.735,1093.647
5535,51,255,975.696,1094.520
5536,64,255,1162.969,1095.188
5537,29,255,1215.328,1093.603
5538,69,255,722.225,1096.210
5539,44,255,758.864,1094.977
5540,35,255,1079.986,1095.357
5541,37,255,1174.527,1095.635
5542,26,255,1505.846,1094.346
5543,62,255,1529.290,1096.677
5544,72,255,191.611,1097.333
5545,70,255,252.000,1096.900
5546,119,255,437.542,1096.811
5547,56,255,531.179,1097.125
5548,56,255,710.518,1096.893
5549,42,255,1105.905,1097.238
5550,72,255,1200.639,1097.250
5551,73,255,1476.692,1097.007
5552,47,255,1490.372,1097.074
5553,61,255,1519.074,1096.877
5554,96,255,1590.323,1096.917
5555,40,255,73.150,1097.650
5556,49,255,618.663,1097.398
5557,48,255,681.167,1097.417
5558,39,255,934.090,1097.474
5559,22,255,10.773,1097.727
5560,22,255,1156.864,1098.045
5561,28,255,1363.786,1097.750
5562,60,255,1407.450,1097.867
5563,21,255,123.357,1098.310
5564,36,255,236.778,1098.139
5565,22,255,361.500,1098.318
5566,25,255,893.860,1098.380
5567,30,255,1258.767,1098.200
