 ,Area,Mean,X,Y
1,161,255,287.543,38.028
2,36,255,260.667,37.778
3,111,255,250.833,43.968
4,86,255,496.372,41.430
5,27,255,640.611,39.130
6,142,255,235.092,45.535
7,126,255,401.024,44.040
8,35,255,603.729,40.643
9,29,255,651.534,42.155
10,83,255,679.271,43.777
11,98,255,425.929,48.184
12,96,255,481.427,46.438
13,91,255,550.335,47.159
14,100,255,625.030,46.610
15,35,255,640.814,45.186
16,121,255,216.417,48.632
17,53,255,265.349,46.481
18,60,255,286.517,47.783
19,66,255,707.106,47.242
20,113,255,169.173,50.296
21,89,255,316.444,49.736
22,45,255,564.478,49.478
23,71,255,658.035,49.908
24,140,255,188.421,54.064
25,64,255,511.297,49.766
26,23,255,593.022,49.022
27,49,255,373.378,52.378
28,31,255,532.532,51.790
29,63,255,63.833,53.437
30,181,255,118.815,54.345
31,112,255,345.750,54.455
32,167,255,870.811,55.865
33,64,255,137.109,54.859
34,103,255,888.568,55.112
35,59,255,206.059,56.466
36,99,255,492.237,54.833
37,30,255,719.300,53.833
38,75,255,776.460,55.420
39,63,255,784.294,58.198
40,114,255,802.175,58.404
41,123,255,418.126,58.728
42,66,255,470.727,55.545
43,82,255,742.793,58.341
44,20,255,815.350,54.700
45,20,255,857.200,53.850
46,145,255,99.431,59.872
47,157,255,443.920,61.105
48,27,255,677.426,55.759
49,109,255,38.197,61.289
50,66,255,252.803,59.212
51,79,255,81.652,61.703
52,56,255,537.768,59.518
53,65,255,756.100,59.762
54,58,255,847.052,59.414
55,40,255,14.575,59.375
56,23,255,53.370,58.413
57,49,255,457.929,60.745
58,47,255,832.798,58.755
59,90,255,934.389,61.867
60,54,255,435.889,63.519
61,53,255,193.651,65.028
62,68,255,335.603,63.265
63,25,255,68.340,63.020
64,45,255,616.878,63.922
65,53,255,964.575,64.236
66,37,255,769.365,65.392
67,82,255,137.585,68.220
68,71,255,177.120,68.261
69,88,255,950.898,66.102
70,58,255,9.259,67.328
71,51,255,713.402,67.637
72,22,255,917.136,65.636
73,48,255,123.146,67.750
74,21,255,148.833,67.310
75,28,255,674.857,67.786
76,37,255,682.554,67.824
77,30,255,199.333,69.433
78,46,255,696.022,69.370
79,79,255,983.399,71.222
80,39,255,64.910,70.449
81,89,255,262.994,73.455
82,28,255,521.357,71.500
83,69,255,601.399,71.312
84,58,255,942.138,71.034
85,54,255,666.667,73.611
86,70,255,998.871,72.800
87,65,255,305.731,73.700
88,40,255,622.900,72.475
89,76,255,467.368,75.316
90,77,255,843.812,76.331
91,77,255,974.357,76.396
92,86,255,318.814,76.977
93,37,255,811.635,74.203
94,48,255,229.708,76.167
95,49,255,586.663,76.133
96,49,255,6.153,77.847
97,86,255,256.849,81.767
98,66,255,1004.318,79.212
99,81,255,477.957,81.944
100,59,255,696.720,80.771
101,68,255,1019.985,82.853
102,23,255,1026.196,79.283
103,20,255,166.700,79.750
104,36,255,429.778,80.806
105,38,255,674.342,81.079
106,22,255,821.227,81.364
107,73,255,344.021,84.788
108,28,255,393.750,82.750
109,75,255,752.207,86.393
110,59,255,867.059,87.381
111,27,255,489.907,87.685
112,43,255,589.802,89.919
113,45,255,717.411,90.144
114,82,255,1035.988,93.427
115,103,255,1049.947,91.840
116,155,255,1065.203,94.300
117,37,255,580.473,91.662
118,41,255,852.305,91.256
119,44,255,481.886,94.591
120,30,255,643.800,94.833
121,43,255,663.198,95.291
122,53,255,41.953,97.085
123,37,255,774.635,95.203
124,27,255,178.056,95.907
125,30,255,284.733,97.900
126,23,255,494.935,96.326
127,37,255,880.824,97.986
128,39,255,1100.192,98.603
129,34,255,508.824,98.912
130,39,255,129.705,100.295
131,23,255,364.935,100.109
132,30,255,654.867,100.967
133,114,255,265.307,104.088
134,77,255,1095.422,105.799
135,74,255,1081.351,105.824
136,35,255,403.129,105.414
137,20,255,710.950,104.200
138,20,255,253.150,105.850
139,50,255,291.160,106.340
140,23,255,584.500,106.500
141,39,255,221.628,108.269
142,21,255,876.643,107.357
143,49,255,1007.031,108.010
144,60,255,1037.467,108.333
145,145,255,1112.617,111.038
146,35,255,132.814,110.443
147,132,255,177.735,113.402
148,24,255,548.542,110.208
149,49,255,669.133,110.031
150,27,255,100.093,110.574
151,55,255,214.336,112.973
152,32,255,517.656,111.125
153,45,255,594.700,111.256
154,26,255,632.885,112.423
155,38,255,686.289,112.605
156,43,255,888.965,112.686
157,70,255,1128.043,113.286
158,46,255,389.196,113.370
159,31,255,463.887,113.500
160,56,255,152.321,114.232
161,34,255,260.588,114.324
162,94,255,1197.138,118.266
163,111,255,1152.365,118.698
164,53,255,248.274,118.236
165,61,255,476.221,117.172
166,23,255,840.457,115.891
167,104,255,1026.202,118.279
168,21,255,237.786,117.119
169,85,255,1042.888,120.806
170,40,255,1164.975,118.650
171,75,255,1172.593,121.247
172,76,255,1188.684,120.711
173,135,255,195.100,121.707
174,33,255,356.530,120.076
175,45,255,501.033,119.922
176,32,255,532.875,120.656
177,61,255,1140.844,122.779
178,26,255,315.154,119.808
179,20,255,116.000,122.450
180,43,255,256.360,123.919
181,25,255,886.700,121.300
182,33,255,975.955,122.409
183,44,255,1005.159,123.136
184,56,255,463.286,124.411
185,46,255,555.522,124.283
186,53,255,665.160,122.802
187,31,255,807.048,123.919
188,46,255,994.978,124.717
189,69,255,151.399,126.210
190,130,255,271.323,129.523
191,95,255,293.837,126.921
192,97,255,1163.088,128.665
193,22,255,1016.409,125.591
194,40,255,164.625,126.725
195,33,255,179.227,127.470
196,41,255,430.695,127.793
197,51,255,445.716,127.833
198,46,255,508.130,128.087
199,38,255,1110.000,127.500
200,35,255,210.157,128.443
201,38,255,967.526,129.079
202,160,255,372.569,134.850
203,67,255,533.978,131.784
204,53,255,670.802,132.764
205,33,255,1038.712,129.985
206,58,255,1071.190,131.948
207,47,255,97.862,131.457
208,21,255,1240.262,130.833
209,28,255,1247.179,130.679
210,30,255,55.400,133.733
211,42,255,171.524,133.167
212,119,255,486.878,135.727
213,46,255,816.543,133.022
214,169,255,1187.979,135.411
215,56,255,391.089,134.643
216,87,255,414.960,136.971
217,66,255,461.015,134.818
218,72,255,724.569,137.431
219,76,255,1020.605,136.803
220,73,255,737.267,138.171
221,68,255,892.706,138.147
222,60,255,1052.883,137.933
223,30,255,1237.867,136.400
224,31,255,1295.532,135.048
225,63,255,225.405,137.722
226,59,255,1280.653,137.941
227,32,255,60.156,138.125
228,45,255,626.922,138.367
229,57,255,757.500,139.202
230,30,255,941.933,138.667
231,63,255,1258.341,140.135
232,39,255,1313.013,139.218
233,86,255,161.244,140.802
234,32,255,241.312,138.781
235,58,255,334.793,140.897
236,67,255,548.201,140.858
237,75,255,582.447,142.033
238,40,255,1267.425,140.550
239,69,255,342.659,141.717
240,28,255,679.857,139.821
241,81,255,1199.833,144.154
242,68,255,398.662,142.456
243,62,255,497.387,142.806
244,81,255,595.377,143.488
245,42,255,989.357,142.262
246,32,255,1010.344,142.125
247,63,255,99.452,145.167
248,57,255,313.219,143.921
249,83,255,1173.367,144.970
250,48,255,1292.875,143.000
251,62,255,381.403,146.242
252,51,255,1186.343,144.461
253,23,255,1344.587,143.022
254,45,255,221.922,146.233
255,100,255,258.560,147.530
256,40,255,1231.050,145.650
257,118,255,1359.203,148.398
258,78,255,285.846,148.205
259,61,255,446.254,147.762
260,72,255,507.417,147.444
261,34,255,1077.500,146.235
262,46,255,1247.261,147.087
263,31,255,109.919,147.145
264,150,255,129.060,151.753
265,69,255,680.891,149.370
266,50,255,696.880,147.600
267,23,255,753.457,147.717
268,24,255,860.792,146.042
269,29,255,1394.500,147.741
270,28,255,464.321,148.071
271,70,255,556.729,149.743
272,80,255,744.388,151.188
273,77,255,797.253,149.968
274,22,255,948.273,147.500
275,34,255,1017.029,148.412
276,22,255,31.273,148.227
277,78,255,276.923,151.628
278,59,255,395.856,150.415
279,58,255,732.190,150.483
280,68,255,1278.044,149.456
281,31,255,1384.597,149.210
282,83,255,523.295,151.367
283,76,255,652.263,152.658
284,31,255,1094.339,150.694
285,103,255,456.966,156.898
286,118,255,541.780,155.339
287,74,255,1402.946,154.757
288,48,255,437.938,152.938
289,62,255,327.661,154.677
290,60,255,778.217,154.517
291,54,255,807.852,154.704
292,48,255,1102.479,154.688
293,82,255,1207.524,153.646
294,60,255,1224.067,153.233
295,55,255,1415.700,153.736
296,72,255,1438.236,157.167
297,30,255,58.967,154.500
298,76,255,347.092,155.579
299,64,255,571.094,154.859
300,41,255,862.159,154.476
301,49,255,931.520,155.439
302,42,255,1086.619,155.476
303,76,255,188.737,156.408
304,38,255,369.711,155.842
305,136,255,415.588,158.971
306,58,255,910.310,156.190
307,34,255,1241.118,156.059
308,57,255,49.132,157.535
309,114,255,715.535,160.886
310,49,255,827.786,156.724
311,81,255,897.488,157.994
312,48,255,1388.833,157.604
313,56,255,1423.429,158.714
314,24,255,476.833,156.375
315,79,255,632.462,159.158
316,100,255,662.740,160.040
317,58,255,88.534,159.052
318,130,255,497.500,160.792
319,152,255,613.730,162.250
320,27,255,816.981,158.019
321,38,255,1022.553,159.500
322,39,255,1188.833,158.987
323,35,255,165.271,159.814
324,97,255,468.696,163.613
325,44,255,724.545,159.909
326,96,255,76.229,162.594
327,125,255,149.100,163.724
328,34,255,175.000,159.853
329,65,255,207.500,161.069
330,37,255,297.581,160.932
331,97,255,314.675,164.335
332,57,255,561.763,161.675
333,34,255,1013.412,160.618
334,40,255,401.600,161.250
335,39,255,483.833,162.269
336,55,255,518.664,162.300
337,119,255,582.643,166.685
338,60,255,888.533,163.600
339,66,255,266.227,163.621
340,68,255,379.882,163.324
341,51,255,948.324,162.363
342,50,255,1033.000,161.540
343,161,255,28.966,168.034
344,84,255,60.571,164.786
345,63,255,275.341,164.706
346,51,255,696.500,163.500
347,24,255,760.167,162.833
348,128,255,107.086,168.797
349,73,255,250.801,165.116
350,62,255,331.177,165.726
351,53,255,873.028,164.481
352,51,255,1078.990,163.637
353,45,255,1312.056,164.389
354,23,255,1461.935,163.326
355,77,255,302.695,168.123
356,71,255,361.345,167.373
357,53,255,395.991,166.217
358,37,255,820.986,165.554
359,76,255,1005.816,166.974
360,38,255,1349.553,165.947
361,78,255,126.833,167.897
362,85,255,1096.547,168.971
363,41,255,186.939,167.232
364,81,255,779.525,169.043
365,22,255,1442.045,167.136
366,58,255,438.776,169.241
367,63,255,556.040,169.817
368,47,255,681.181,168.606
369,35,255,904.614,167.757
370,47,255,48.202,170.117
371,62,255,342.597,170.177
372,82,255,419.207,171.378
373,61,255,540.959,170.648
374,80,255,160.738,173.375
375,75,255,169.673,174.367
376,47,255,387.074,171.543
377,28,255,451.500,170.000
378,61,255,739.861,171.811
379,22,255,1450.682,169.682
380,101,255,1477.856,173.649
381,68,255,224.794,172.985
382,42,255,236.238,171.690
383,74,255,479.041,173.081
384,54,255,822.444,172.167
385,123,255,925.589,176.037
386,29,255,1253.914,170.776
387,31,255,261.758,172.403
388,75,255,516.487,173.633
389,88,255,701.932,174.477
390,44,255,900.114,173.568
391,116,255,943.078,174.793
392,55,255,1520.136,174.627
393,85,255,433.959,178.218
394,83,255,643.657,176.669
395,30,255,1497.367,173.933
396,105,255,280.814,178.957
397,27,255,666.722,175.056
398,52,255,673.904,176.019
399,74,255,810.162,176.676
400,63,255,912.770,176.341
401,52,255,1400.038,174.538
402,64,255,214.453,177.547
403,25,255,498.980,176.860
404,93,255,848.962,178.629
405,102,255,116.873,180.549
406,69,255,139.051,178.775
407,56,255,336.821,178.446
408,53,255,462.670,178.160
409,44,255,566.955,178.295
410,44,255,722.000,177.318
411,137,255,749.339,182.566
412,48,255,325.208,179.667
413,75,255,778.980,179.313
414,70,255,860.400,179.871
415,61,255,1022.189,178.893
416,43,255,1142.895,178.360
417,23,255,41.848,178.717
418,42,255,203.548,179.429
419,26,255,993.615,178.692
420,25,255,1083.940,178.540
421,59,255,1533.958,180.178
422,68,255,71.824,181.721
423,125,255,628.212,185.380
424,66,255,92.424,182.576
425,35,255,192.014,180.671
426,162,255,237.463,186.815
427,27,255,267.870,180.019
428,132,255,598.811,185.523
429,97,255,655.665,184.119
430,56,255,902.964,183.500
431,137,255,1564.318,184.588
432,53,255,447.708,183.387
433,107,255,579.855,185.958
434,56,255,873.054,183.786
435,31,255,1157.661,181.500
436,31,255,1250.468,182.177
437,24,255,1346.875,181.250
438,20,255,1553.500,182.000
439,99,255,719.278,187.621
440,154,255,824.922,185.526
441,49,255,1101.908,184.092
442,49,255,1284.133,183.827
443,87,255,49.695,186.615
444,130,255,180.023,186.800
445,128,255,381.234,187.188
446,20,255,416.750,183.550
447,60,255,731.917,185.617
448,58,255,793.362,185.000
449,46,255,129.196,186.217
450,21,255,1082.881,183.929
451,76,255,5.013,187.697
452,95,255,551.174,188.721
453,67,255,697.590,187.470
454,46,255,761.609,187.739
455,41,255,1170.817,186.695
456,50,255,268.540,188.960
457,81,255,504.117,189.056
458,28,255,663.429,186.750
459,61,255,992.598,187.779
460,59,255,1025.890,189.381
461,72,255,1148.125,188.708
462,23,255,1412.717,186.630
463,66,255,87.258,190.591
464,63,255,343.310,189.214
465,65,255,434.346,189.131
466,60,255,460.983,189.200
467,58,255,918.121,189.828
468,48,255,292.146,189.792
469,53,255,1036.953,189.708
470,37,255,1315.041,189.554
471,32,255,74.938,190.406
472,87,255,99.489,193.167
473,173,255,478.893,195.419
474,76,255,962.987,191.882
475,49,255,58.827,192.908
476,109,255,250.472,194.821
477,56,255,685.286,192.679
478,74,255,933.095,194.027
479,35,255,1058.271,190.357
480,57,255,1539.237,192.482
481,34,255,316.882,192.529
482,88,255,516.898,194.693
483,49,255,779.827,192.704
484,61,255,850.172,192.959
485,69,255,894.891,193.746
486,69,255,24.370,194.746
487,79,255,145.892,194.741
488,26,255,212.308,193.808
489,56,255,360.411,196.464
490,25,255,1476.540,194.180
491,42,255,1576.357,195.810
492,23,255,386.500,194.326
493,61,255,791.697,196.664
494,20,255,1237.200,194.250
495,45,255,298.189,197.567
496,49,255,305.786,196.867
497,58,255,333.138,197.155
498,102,255,413.020,199.755
499,28,255,730.143,196.036
500,65,255,862.054,198.177
501,119,255,875.718,199.458
502,62,255,910.629,198.435
503,90,255,69.156,200.256
504,61,255,282.238,198.434
505,78,255,661.872,199.385
506,24,255,675.500,196.792
507,53,255,829.142,197.953
508,51,255,402.892,199.853
509,38,255,818.000,198.895
510,23,255,1404.283,197.587
511,75,255,47.367,201.060
512,66,255,226.712,201.758
513,102,255,552.804,202.118
514,88,255,626.375,201.784
515,23,255,768.717,198.891
516,60,255,1352.933,200.733
517,44,255,12.568,200.636
518,69,255,157.007,202.051
519,37,255,393.446,200.176
520,90,255,461.611,203.256
521,127,255,578.516,203.138
522,74,255,596.405,201.878
523,68,255,806.676,202.015
524,69,255,890.572,201.674
525,48,255,921.271,201.083
526,80,255,1050.713,202.775
527,29,255,2.259,201.879
528,70,255,957.914,202.886
529,57,255,1162.026,202.500
530,27,255,1240.241,201.093
531,61,255,1256.566,201.533
532,42,255,1325.214,200.500
533,23,255,1367.152,200.196
534,62,255,82.000,203.855
535,43,255,176.802,202.942
536,70,255,489.943,204.957
537,41,255,1202.793,203.598
538,73,255,1344.308,204.514
539,48,255,1549.729,203.708
540,61,255,167.025,204.795
541,103,255,713.422,205.296
542,70,255,118.414,206.371
543,60,255,217.883,205.683
544,77,255,503.682,205.942
545,87,255,607.236,206.500
546,65,255,687.177,205.331
547,53,255,725.255,204.613
548,25,255,742.700,204.060
549,144,255,784.188,207.708
550,156,255,842.013,208.199
551,61,255,236.139,208.041
552,88,255,637.920,207.398
553,56,255,1430.125,207.714
554,60,255,938.100,207.283
555,45,255,1029.389,207.411
556,35,255,1076.700,205.386
557,44,255,1185.477,206.818
558,70,255,275.557,209.500
559,23,255,823.717,207.109
560,21,255,1115.500,206.500
561,23,255,1127.717,206.587
562,25,255,1443.020,206.380
563,52,255,11.269,208.942
564,90,255,104.511,209.733
565,92,255,437.185,211.217
566,56,255,671.000,208.911
567,63,255,990.802,209.802
568,60,255,1142.333,209.583
569,22,255,66.455,208.727
570,108,255,135.880,212.296
571,97,255,202.345,211.036
572,59,255,254.127,210.788
573,66,255,388.470,210.439
574,94,255,699.436,211.745
575,93,255,1038.683,211.823
576,22,255,1121.500,208.500
577,37,255,360.365,211.014
578,48,255,514.167,211.062
579,84,255,899.536,213.083
580,57,255,1063.325,210.798
581,50,255,1249.620,211.560
582,54,255,158.000,212.000
583,22,255,337.409,211.000
584,62,255,768.565,212.919
585,58,255,27.500,211.897
586,57,255,480.254,213.395
587,74,255,857.405,213.649
588,98,255,260.837,219.031
589,70,255,910.943,215.243
590,102,255,932.627,217.265
591,59,255,57.856,215.839
592,35,255,74.071,213.643
593,70,255,560.343,215.643
594,114,255,812.561,216.342
595,47,255,1102.436,214.266
596,31,255,1562.500,213.500
597,89,255,538.051,216.916
598,77,255,622.942,216.526
599,21,255,680.452,215.452
600,113,255,733.615,218.261
601,84,255,973.690,217.976
602,63,255,1013.278,216.151
603,48,255,1283.896,216.312
604,38,255,1379.421,215.158
605,56,255,331.964,216.946
606,136,255,457.360,220.875
607,39,255,891.269,218.038
608,87,255,1193.098,219.213
609,86,255,1259.407,218.849
610,31,255,172.919,217.952
611,76,255,375.316,220.303
612,47,255,644.479,218.670
613,36,255,663.694,219.194
614,64,255,1002.000,219.500
615,64,255,1329.859,219.375
616,29,255,126.948,219.190
617,45,255,420.856,221.256
618,88,255,587.068,221.682
619,31,255,92.371,220.468
620,54,255,491.667,221.648
621,100,255,26.200,221.890
622,50,255,511.820,221.260
623,67,255,1131.306,221.843
624,31,255,71.855,222.597
625,73,255,389.404,224.048
626,25,255,745.580,222.820
627,61,255,1075.434,223.254
628,56,255,181.946,224.839
629,99,255,218.833,225.187
630,71,255,359.725,224.585
631,72,255,440.722,224.556
632,43,255,634.686,223.919
633,66,255,699.833,224.652
634,69,255,945.514,224.543
635,21,255,1597.881,222.548
636,127,255,345.650,228.421
637,75,255,522.447,225.847
638,31,255,791.597,223.952
639,80,255,825.062,226.412
640,162,255,850.685,228.932
641,181,255,46.837,230.014
642,105,255,404.386,229.395
643,89,255,672.837,227.140
644,41,255,779.500,226.500
645,55,255,1102.773,226.355
646,26,255,1168.846,224.923
647,54,255,1342.796,226.556
648,23,255,1425.891,224.587
649,84,255,79.083,230.274
650,178,255,138.657,230.022
651,45,255,160.100,227.833
652,88,255,771.432,231.125
653,93,255,563.274,229.833
654,67,255,620.619,228.500
655,65,255,905.438,229.008
656,87,255,1054.052,228.971
657,59,255,1363.890,230.110
658,73,255,310.719,229.774
659,74,255,507.919,231.986
660,81,255,646.957,230.031
661,59,255,256.585,231.076
662,64,255,327.969,229.953
663,121,255,713.442,232.525
664,38,255,1209.132,229.579
665,94,255,239.330,235.532
666,33,255,891.652,230.530
667,47,255,974.181,231.394
668,26,255,1137.846,230.423
669,27,255,1232.352,230.352
670,26,255,1450.192,229.385
671,73,255,168.582,233.103
672,57,255,375.430,231.974
673,60,255,1004.133,231.867
674,91,255,1033.016,233.819
675,83,255,1091.488,234.681
676,44,255,2.455,235.023
677,75,255,478.673,233.420
678,133,255,545.162,237.380
679,55,255,27.936,233.827
680,57,255,491.465,234.868
681,75,255,658.033,235.140
682,86,255,685.233,236.326
683,32,255,738.031,234.250
684,169,255,464.672,240.896
685,55,255,593.627,237.027
686,78,255,697.282,237.038
687,87,255,754.109,237.477
688,52,255,1178.423,238.558
689,118,255,15.390,239.441
690,57,255,152.482,236.991
691,108,255,415.324,238.463
692,56,255,907.250,237.161
693,90,255,950.511,239.067
694,74,255,965.905,237.986
695,60,255,1219.050,238.050
696,157,255,64.092,244.303
697,95,255,301.784,240.953
698,37,255,387.959,236.824
699,70,255,820.457,238.629
700,183,255,871.522,240.861
701,117,255,525.679,240.637
702,104,255,583.692,240.125
703,29,255,925.741,238.500
704,30,255,1402.933,238.400
705,48,255,938.979,240.750
706,95,255,1016.816,242.784
707,27,255,1478.907,238.574
708,51,255,110.265,240.971
709,55,255,225.809,243.427
710,43,255,1000.081,240.477
711,101,255,1073.272,242.965
712,28,255,1125.250,240.286
713,33,255,1148.833,239.864
714,61,255,1277.795,240.959
715,80,255,628.275,243.162
716,73,255,805.212,242.801
717,47,255,202.649,243.330
718,58,255,483.103,244.534
719,120,255,570.375,245.483
720,46,255,703.804,244.065
721,37,255,917.041,243.203
722,111,255,744.347,246.554
723,86,255,842.837,244.779
724,72,255,1255.347,245.153
725,67,255,1288.679,245.142
726,37,255,1410.230,243.878
727,43,255,144.547,245.663
728,148,255,166.176,247.818
729,89,255,347.657,246.545
730,25,255,1157.620,243.780
731,28,255,1457.536,243.536
732,162,255,87.210,251.753
733,58,255,190.948,246.466
734,117,255,329.192,247.192
735,26,255,395.769,245.538
736,71,255,619.458,248.387
737,63,255,958.246,248.040
738,102,255,1130.784,249.735
739,50,255,1210.720,247.140
740,55,255,1385.664,247.700
741,63,255,134.563,248.833
742,57,255,285.623,248.289
743,76,255,438.368,248.816
744,82,255,647.659,249.854
745,54,255,783.741,248.630
746,50,255,995.080,248.520
747,61,255,1195.549,248.336
748,21,255,1468.024,246.643
749,143,255,768.619,252.178
750,57,255,793.693,249.851
751,61,255,1045.975,249.221
752,154,255,373.604,252.740
753,30,255,720.733,249.267
754,29,255,1217.948,249.086
755,33,255,1377.652,250.136
756,107,255,37.341,251.706
757,59,255,390.703,252.517
758,123,255,515.313,254.841
759,146,255,545.548,253.658
760,100,255,930.090,252.760
761,36,255,1099.278,250.861
762,38,255,1105.816,250.895
763,95,255,118.500,255.174
764,36,255,304.778,252.861
765,32,255,801.594,252.688
766,85,255,861.347,254.700
767,73,255,893.171,253.582
768,58,255,1265.466,253.638
769,101,255,54.371,256.510
770,65,255,183.023,255.223
771,76,255,590.303,255.000
772,76,255,639.434,256.250
773,100,255,836.980,255.870
774,58,255,911.879,254.586
775,49,255,1021.990,254.194
776,29,255,1141.983,252.845
777,38,255,1243.342,253.079
778,61,255,1515.467,253.828
779,71,255,448.472,256.232
780,57,255,824.202,255.535
781,59,255,244.314,255.517
782,80,255,1073.287,257.038
783,122,255,144.123,259.811
784,96,255,400.219,259.719
785,24,255,490.375,255.708
786,74,255,500.108,258.527
787,56,255,1000.714,257.804
788,61,255,1092.926,258.270
789,41,255,1396.305,256.476
790,60,255,420.400,258.950
791,61,255,430.959,258.648
792,53,255,716.481,259.085
793,48,255,1455.938,257.583
794,119,255,982.836,260.374
795,35,255,1112.300,258.586
796,87,255,1194.167,261.546
797,32,255,1249.094,258.281
798,54,255,220.148,260.241
799,59,255,666.720,261.415
800,74,255,701.932,261.851
801,83,255,725.946,261.030
802,33,255,1152.530,259.227
803,57,255,1528.570,261.079
804,46,255,33.087,260.174
805,53,255,676.877,262.613
806,58,255,875.000,261.500
807,90,255,1013.033,261.889
808,93,255,1035.629,261.941
809,48,255,175.646,262.312
810,79,255,70.297,264.411
811,64,255,234.344,263.188
812,110,255,336.309,265.600
813,57,255,937.167,263.465
814,148,255,966.818,265.412
815,46,255,1423.000,262.696
816,31,255,1538.661,263.855
817,55,255,259.955,264.864
818,74,255,658.135,265.676
819,71,255,805.401,265.317
820,36,255,910.750,263.500
821,30,255,1105.800,262.600
822,57,255,1125.623,265.096
823,20,255,1218.000,262.000
824,155,255,383.016,269.674
825,62,255,596.081,265.145
826,20,255,737.100,263.550
827,39,255,831.295,265.115
828,74,255,865.527,268.054
829,36,255,949.111,264.056
830,69,255,1056.529,266.123
831,33,255,1143.167,264.106
832,34,255,1183.647,264.500
833,53,255,87.802,265.840
834,100,255,686.840,267.710
835,44,255,1155.795,265.568
836,67,255,1297.425,266.724
837,46,255,1411.304,265.913
838,82,255,1516.707,267.500
839,45,255,205.011,266.322
840,90,255,631.911,268.167
841,139,255,748.493,270.047
842,78,255,761.026,268.654
843,75,255,1116.260,269.460
844,53,255,1389.311,266.500
845,49,255,32.337,267.520
846,123,255,309.248,269.362
847,70,255,15.914,269.329
848,38,255,903.711,270.263
849,49,255,1279.827,268.296
850,30,255,569.333,270.467
851,169,255,582.251,273.985
852,110,255,817.636,274.245
853,98,255,1210.939,271.388
854,45,255,435.167,271.122
855,51,255,775.598,271.206
856,73,255,888.952,274.322
857,76,255,1138.329,271.329
858,37,255,1323.365,269.743
859,105,255,1446.376,272.605
860,29,255,266.776,271.328
861,63,255,345.579,273.976
862,66,255,490.333,273.439
863,36,255,881.278,271.750
864,57,255,1007.325,272.763
865,35,255,1167.500,271.214
866,61,255,3.270,275.139
867,141,255,219.621,278.316
868,61,255,1047.926,273.320
869,73,255,1069.171,274.185
870,46,255,1178.043,272.935
871,60,255,1272.067,273.833
872,94,255,509.904,275.713
873,74,255,707.649,275.284
874,102,255,528.353,278.147
875,142,255,598.627,277.282
876,20,255,1283.500,273.800
877,77,255,187.864,277.448
878,86,255,418.372,277.477
879,94,255,950.170,277.117
880,66,255,361.045,278.000
881,42,255,827.571,277.262
882,57,255,876.412,278.904
883,71,255,992.711,277.500
884,50,255,1157.600,277.120
885,69,255,1388.370,276.761
886,135,255,544.485,280.285
887,77,255,623.448,279.032
888,142,255,654.401,280.711
889,147,255,1092.214,279.622
890,111,255,15.410,280.923
891,119,255,33.828,279.685
892,23,255,80.978,277.630
893,46,255,109.565,278.565
894,82,255,200.976,280.780
895,122,255,243.426,280.303
896,76,255,437.000,279.079
897,149,255,796.050,283.480
898,123,255,272.467,283.711
899,62,255,1247.645,281.419
900,79,255,67.411,282.677
901,43,255,461.779,280.337
902,93,255,1168.898,283.704
903,104,255,136.865,285.433
904,112,255,157.375,284.571
905,58,255,569.138,283.138
906,61,255,918.123,282.303
907,59,255,1040.127,282.619
908,56,255,1066.929,282.982
909,40,255,1227.450,281.575
910,66,255,1144.197,283.470
911,30,255,1524.333,282.067
912,95,255,87.889,285.879
913,103,255,295.587,285.510
914,71,255,842.556,285.021
915,77,255,1310.968,285.058
916,98,255,1339.459,285.541
917,86,255,185.023,286.965
918,53,255,422.274,286.802
919,70,255,1266.914,285.371
920,91,255,1281.918,286.918
921,34,255,1535.059,284.324
922,69,255,737.964,286.399
923,68,255,862.191,287.368
924,60,255,907.967,287.017
925,154,255,172.006,291.695
926,143,255,401.962,290.066
927,62,255,451.677,287.597
928,108,255,487.537,288.222
929,91,255,762.973,288.852
930,197,255,779.398,293.784
931,162,255,1371.685,291.469
932,45,255,349.456,288.056
933,65,255,374.208,288.746
934,39,255,1079.269,287.987
935,112,255,1102.509,290.500
936,57,255,1125.816,288.833
937,72,255,935.292,290.153
938,96,255,945.844,291.823
939,98,255,968.755,290.796
940,45,255,1207.189,289.144
941,80,255,1352.963,290.812
942,86,255,54.186,291.500
943,140,255,598.150,294.314
944,126,255,688.524,291.746
945,69,255,1138.500,291.152
946,43,255,1180.105,289.477
947,31,255,1235.145,288.435
948,92,255,307.467,293.228
949,56,255,331.107,291.375
950,27,255,357.315,290.019
951,159,255,724.984,294.292
952,66,255,830.909,291.394
953,55,255,855.082,292.045
954,82,255,999.293,291.902
955,87,255,1295.109,293.695
956,65,255,1427.562,291.085
957,62,255,392.290,293.081
958,79,255,1037.399,292.930
959,65,255,1214.992,292.715
960,79,255,1482.956,293.032
961,52,255,434.058,292.731
962,148,255,498.351,296.831
963,98,255,523.622,295.092
964,79,255,1275.918,294.437
965,84,255,1400.083,293.976
966,52,255,1411.654,293.981
967,135,255,73.159,297.833
968,69,255,918.268,294.457
969,122,255,224.287,299.541
970,74,255,1067.000,295.338
971,94,255,1150.372,297.202
972,24,255,1202.250,295.083
973,39,255,1420.859,295.679
974,109,255,144.069,298.610
975,78,255,260.564,298.513
976,103,255,554.743,297.927
977,50,255,567.320,295.880
978,60,255,584.367,297.000
979,72,255,1050.625,296.958
980,38,255,1114.711,295.816
981,58,255,11.328,299.052
982,75,255,20.033,298.033
983,68,255,197.559,297.471
984,79,255,660.108,298.449
985,74,255,670.568,298.122
986,51,255,843.716,296.873
987,49,255,1441.112,297.214
988,213,255,891.026,301.815
989,100,255,1232.040,298.210
990,68,255,1305.544,299.147
991,47,255,1359.755,298.543
992,50,255,959.180,298.880
993,63,255,1336.056,299.960
994,54,255,274.593,301.278
995,59,255,371.585,300.534
996,129,255,456.655,301.678
997,97,255,1015.778,302.160
998,46,255,1123.478,299.739
999,45,255,1585.944,299.367
1000,191,255,39.353,306.709
1001,65,255,440.762,301.608
1002,108,255,1027.111,303.694
1003,42,255,1543.143,301.595
1004,54,255,355.389,302.574
1005,41,255,423.646,301.256
1006,55,255,1172.718,301.845
1007,27,255,1577.833,301.870
1008,43,255,327.384,302.616
1009,67,255,1387.127,304.231
1010,64,255,1506.531,303.359
1011,116,255,85.569,309.431
1012,35,255,468.014,303.871
1013,56,255,575.696,304.804
1014,67,255,812.007,305.575
1015,68,255,1349.691,305.176
1016,53,255,1406.179,304.292
1017,73,255,183.966,306.021
1018,76,255,381.171,306.303
1019,105,255,630.462,308.290
1020,104,255,641.856,308.298
1021,81,255,743.488,306.747
1022,70,255,835.671,306.529
1023,150,255,1106.133,309.127
1024,84,255,1203.310,306.476
1025,92,255,1373.337,306.989
1026,113,255,345.739,307.465
1027,121,255,403.888,309.103
1028,76,255,1076.539,307.184
1029,47,255,1157.074,305.457
1030,26,255,1214.154,304.846
1031,35,255,1242.814,305.957
1032,75,255,1424.753,306.460
1033,39,255,242.449,308.244
1034,66,255,982.561,306.303
1035,73,255,1253.034,309.486
1036,99,255,1461.328,308.247
1037,49,255,1480.663,306.908
1038,52,255,57.788,308.519
1039,64,255,564.812,308.656
1040,73,255,594.801,308.486
1041,100,255,699.120,309.440
1042,50,255,1043.760,308.020
1043,65,255,1146.915,309.792
1044,53,255,92.594,311.255
1045,58,255,424.983,308.845
1046,97,255,798.840,311.438
1047,71,255,826.218,310.106
1048,76,255,858.250,310.632
1049,60,255,1308.150,310.000
1050,143,255,1444.122,311.255
1051,59,255,1558.771,309.788
1052,48,255,506.792,310.542
1053,85,255,1171.006,311.171
1054,55,255,1292.155,310.136
1055,62,255,1523.387,310.597
1056,80,255,490.863,312.225
1057,78,255,548.154,312.449
1058,175,255,761.963,314.403
1059,82,255,1093.402,312.354
1060,87,255,363.339,313.477
1061,142,255,664.535,316.486
1062,40,255,1471.100,313.075
1063,53,255,11.858,312.821
1064,20,255,140.550,311.200
1065,82,255,155.866,314.195
1066,74,255,205.784,314.311
1067,77,255,522.539,313.825
1068,77,255,731.357,314.448
1069,73,255,972.637,315.856
1070,117,255,1185.278,314.722
1071,39,255,326.705,314.013
1072,174,255,445.138,318.402
1073,133,255,949.034,316.703
1074,88,255,1081.250,316.080
1075,58,255,1241.362,314.259
1076,82,255,1331.695,315.573
1077,50,255,260.460,315.000
1078,65,255,290.208,315.746
1079,111,255,313.914,317.491
1080,24,255,1391.500,314.000
1081,48,255,250.271,316.396
1082,20,255,1278.950,314.150
1083,92,255,1404.815,318.250
1084,120,255,611.117,320.033
1085,79,255,868.297,318.437
1086,52,255,1003.096,318.000
1087,109,255,1015.491,317.592
1088,57,255,480.974,318.167
1089,92,255,736.848,322.054
1090,81,255,1038.586,318.944
1091,56,255,1319.661,318.375
1092,80,255,217.350,320.288
1093,32,255,568.344,318.250
1094,72,255,984.528,320.681
1095,61,255,1206.139,320.238
1096,45,255,1354.944,318.833
1097,107,255,1419.612,321.734
1098,73,255,1480.568,321.199
1099,74,255,1592.892,320.297
1100,49,255,907.276,320.684
1101,97,255,1123.057,321.253
1102,37,255,1255.230,319.851
1103,54,255,1269.000,320.500
1104,47,255,1292.926,319.053
1105,21,255,1345.833,318.786
1106,95,255,463.437,322.405
1107,78,255,793.769,323.244
1108,87,255,1056.626,322.316
1109,35,255,280.671,320.814
1110,73,255,350.075,323.308
1111,75,255,192.553,324.047
1112,69,255,233.630,324.196
1113,36,255,243.889,322.639
1114,75,255,415.233,322.193
1115,118,255,505.966,325.932
1116,78,255,148.013,325.179
1117,51,255,547.873,323.480
1118,66,255,1489.712,325.136
1119,141,255,56.762,329.181
1120,54,255,377.333,325.204
1121,67,255,699.739,325.754
1122,81,255,960.562,326.562
1123,79,255,995.399,326.639
1124,61,255,1554.844,325.336
1125,30,255,204.133,324.633
1126,98,255,368.735,328.041
1127,121,255,482.872,329.434
1128,117,255,644.372,328.543
1129,44,255,1343.750,326.182
1130,62,255,937.161,328.032
1131,42,255,1136.452,326.881
1132,63,255,1291.675,326.960
1133,77,255,1306.461,328.266
1134,71,255,1433.655,327.993
1135,73,255,15.719,328.966
1136,65,255,80.592,328.531
1137,45,255,435.233,327.967
1138,99,255,591.439,330.116
1139,61,255,860.959,328.500
1140,60,255,883.650,328.633
1141,67,255,1185.933,327.978
1142,96,255,1241.271,329.073
1143,71,255,1277.106,328.866
1144,53,255,1567.896,328.500
1145,95,255,87.142,333.837
1146,35,255,679.443,327.929
1147,83,255,710.078,330.404
1148,62,255,26.145,330.613
1149,66,255,780.727,330.136
1150,83,255,817.271,331.271
1151,129,255,920.260,331.453
1152,82,255,981.098,330.927
1153,49,255,1461.418,330.582
1154,22,255,394.545,329.227
1155,103,255,1094.879,334.024
1156,92,255,1165.152,332.761
1157,121,255,1199.731,332.302
1158,97,255,1366.129,332.974
1159,74,255,1498.811,332.527
1160,141,255,536.649,336.897
1161,42,255,1041.571,331.738
1162,31,255,1259.855,332.274
1163,55,255,1332.300,332.227
1164,144,255,273.285,336.285
1165,111,255,562.608,333.212
1166,39,255,664.962,332.756
1167,54,255,848.574,333.148
1168,48,255,1109.542,332.875
1169,88,255,1321.364,335.193
1170,65,255,1553.946,333.192
1171,81,255,175.747,335.191
1172,21,255,1250.548,334.214
1173,53,255,1514.519,335.349
1174,72,255,211.347,336.917
1175,69,255,343.471,337.239
1176,65,255,431.269,336.685
1177,85,255,1423.041,337.276
1178,38,255,155.921,336.553
1179,51,255,185.382,337.225
1180,77,255,314.240,338.188
1181,24,255,604.500,335.625
1182,43,255,751.128,336.756
1183,36,255,860.528,335.806
1184,64,255,1214.594,336.953
1185,56,255,1346.875,336.875
1186,66,255,389.864,338.879
1187,74,255,678.108,338.081
1188,134,255,727.373,340.940
1189,22,255,1279.500,336.864
1190,85,255,34.124,340.747
1191,26,255,93.962,337.808
1192,40,255,145.150,340.350
1193,90,255,197.167,341.356
1194,56,255,331.839,340.143
1195,81,255,402.389,339.846
1196,61,255,580.238,339.746
1197,46,255,1018.152,340.087
1198,65,255,1230.946,339.638
1199,22,255,1443.227,337.455
1200,60,255,164.567,342.083
1201,21,255,486.262,338.738
1202,60,255,769.000,340.500
1203,60,255,228.800,341.483
1204,91,255,287.654,342.324
1205,132,255,462.886,342.818
1206,141,255,797.457,345.670
1207,63,255,881.151,341.563
1208,79,255,1035.867,342.310
1209,76,255,1378.671,342.026
1210,56,255,366.214,342.286
1211,60,255,559.283,341.733
1212,55,255,1085.100,342.355
1213,68,255,1113.412,342.162
1214,73,255,522.486,343.842
1215,92,255,935.467,344.761
1216,33,255,1076.924,342.076
1217,105,255,1248.586,345.710
1218,108,255,1266.269,345.241
1219,69,255,1410.080,343.891
1220,84,255,1468.702,344.679
1221,55,255,179.245,344.373
1222,54,255,416.519,343.926
1223,59,255,1179.466,345.110
1224,54,255,1511.852,344.056
1225,58,255,1521.966,344.431
1226,59,255,218.653,346.110
1227,68,255,709.559,345.471
1228,163,255,1058.715,348.230
1229,138,255,1143.268,348.797
1230,108,255,1206.463,346.398
1231,35,255,1501.443,344.900
1232,57,255,306.763,346.553
1233,54,255,356.889,346.074
1234,96,255,501.688,348.812
1235,53,255,740.028,346.142
1236,102,255,782.647,347.206
1237,133,255,1284.417,348.447
1238,114,255,571.974,349.009
1239,78,255,647.205,348.000
1240,64,255,679.688,346.641
1241,61,255,752.680,346.844
1242,142,255,829.592,351.155
1243,70,255,1170.871,348.314
1244,42,255,1312.286,346.714
1245,52,255,1529.962,347.212
1246,97,255,1553.232,348.809
1247,31,255,14.758,347.145
1248,139,255,262.637,351.701
1249,77,255,594.175,348.539
1250,42,255,842.381,347.833
1251,46,255,855.522,348.109
1252,84,255,1593.774,349.893
1253,71,255,446.697,349.824
1254,83,255,916.211,350.042
1255,23,255,974.283,347.457
1256,97,255,1402.191,351.675
1257,67,255,1433.560,349.500
1258,97,255,1448.655,349.943
1259,74,255,3.514,351.824
1260,74,255,189.649,351.986
1261,29,255,980.466,350.466
1262,72,255,1480.750,350.528
1263,168,255,50.452,354.208
1264,70,255,237.671,352.329
1265,85,255,343.724,352.924
1266,79,255,378.386,351.690
1267,63,255,488.817,351.421
1268,80,255,635.850,352.137
1269,99,255,1024.076,352.995
1270,61,255,1230.582,350.877
1271,42,255,476.810,351.429
1272,58,255,615.707,352.707
1273,58,255,895.914,352.534
1274,29,255,1083.500,350.638
1275,90,255,1344.867,352.589
1276,69,255,430.558,354.283
1277,90,255,694.900,354.611
1278,119,255,1108.508,355.315
1279,39,255,1127.731,352.423
1280,55,255,1299.209,353.136
1281,66,255,1539.530,353.788
1282,125,255,519.764,357.084
1283,99,255,1072.157,356.742
1284,63,255,1461.817,354.690
1285,52,255,1524.154,353.788
1286,52,255,152.788,355.250
1287,60,255,667.767,355.517
1288,30,255,733.933,355.067
1289,69,255,1362.558,355.819
1290,90,255,1422.889,356.700
1291,50,255,69.780,356.540
1292,125,255,760.556,357.236
1293,77,255,943.682,356.123
1294,156,255,1193.814,361.955
1295,71,255,83.627,357.176
1296,65,255,277.762,357.623
1297,80,255,298.550,358.913
1298,76,255,622.408,358.434
1299,115,255,1009.187,359.352
1300,97,255,1121.634,359.675
1301,57,255,1582.675,357.360
1302,126,255,391.976,363.984
1303,75,255,881.460,359.620
1304,64,255,954.828,359.422
1305,115,255,145.213,363.943
1306,62,255,539.968,359.371
1307,63,255,595.643,358.786
1308,104,255,680.048,361.077
1309,49,255,726.459,358.908
1310,59,255,992.025,359.619
1311,143,255,1163.626,360.878
1312,74,255,1180.378,360.811
1313,106,255,563.132,365.038
1314,78,255,441.103,362.051
1315,78,255,551.474,362.628
1316,77,255,938.071,364.396
1317,66,255,1210.727,361.121
1318,94,255,1296.436,362.436
1319,65,255,1323.977,362.300
1320,104,255,1335.692,363.769
1321,63,255,799.611,362.754
1322,85,255,1375.229,363.676
1323,177,255,1565.110,366.319
1324,133,255,464.282,366.989
1325,37,255,1389.041,362.473
1326,39,255,1512.397,363.038
1327,45,255,1591.678,363.167
1328,72,255,172.097,364.861
1329,130,255,31.985,366.831
1330,66,255,187.030,365.758
1331,80,255,215.975,365.575
1332,146,255,321.486,367.541
1333,67,255,574.679,365.933
1334,82,255,655.878,366.707
1335,142,255,990.704,369.430
1336,64,255,1238.609,365.844
1337,32,255,1519.031,364.438
1338,73,255,8.719,366.952
1339,43,255,86.523,367.035
1340,74,255,1530.676,366.905
1341,143,255,62.654,369.542
1342,71,255,206.542,368.796
1343,91,255,245.731,368.181
1344,42,255,345.286,367.119
1345,25,255,418.060,366.020
1346,54,255,1216.778,367.093
1347,75,255,362.753,369.020
1348,41,255,490.110,367.988
1349,144,255,588.146,371.347
1350,63,255,698.135,368.325
1351,154,255,713.474,371.903
1352,79,255,1264.652,369.285
1353,81,255,1459.043,367.932
1354,45,255,287.678,368.722
1355,85,255,378.876,370.124
1356,83,255,500.018,370.705
1357,93,255,627.651,370.328
1358,93,255,897.167,371.629
1359,108,255,1064.870,370.944
1360,74,255,1231.149,370.459
1361,39,255,1278.397,368.577
1362,66,255,1353.379,369.530
1363,39,255,306.167,369.910
1364,60,255,542.067,370.550
1365,42,255,673.548,369.976
1366,140,255,733.336,372.593
1367,45,255,155.589,372.433
1368,74,255,772.473,371.973
1369,78,255,848.821,374.487
1370,88,255,917.136,373.466
1371,65,255,948.715,371.454
1372,50,255,1052.740,371.720
1373,37,255,1472.014,370.176
1374,30,255,780.333,371.433
1375,50,255,868.900,371.900
1376,26,255,879.538,371.192
1377,153,255,1099.069,376.219
1378,105,255,1141.386,373.948
1379,27,255,1515.463,371.611
1380,47,255,1583.713,373.032
1381,160,255,195.425,378.256
1382,74,255,514.108,373.905
1383,66,255,967.379,374.470
1384,74,255,1547.716,374.014
1385,126,255,351.222,379.746
1386,55,255,440.973,373.809
1387,70,255,692.514,375.443
1388,78,255,1028.500,375.000
1389,30,255,1041.700,373.133
1390,40,255,1118.300,374.000
1391,37,255,1210.365,373.203
1392,22,255,1522.909,373.909
1393,66,255,163.788,376.288
1394,94,255,238.840,375.915
1395,47,255,1006.947,374.777
1396,63,255,1247.976,375.611
1397,90,255,1303.422,376.456
1398,27,255,1498.907,373.685
1399,54,255,1594.648,375.907
1400,53,255,482.047,376.066
1401,59,255,525.873,376.534
1402,111,255,1281.842,376.590
1403,24,255,1401.000,375.000
1404,48,255,70.688,377.604
1405,98,255,802.908,378.490
1406,111,255,1423.833,379.635
1407,87,255,286.948,379.029
1408,38,255,1156.711,377.395
1409,47,255,1181.691,378.585
1410,39,255,1218.577,377.987
1411,109,255,1474.849,378.500
1412,100,255,37.300,380.120
1413,61,255,665.074,379.320
1414,59,255,835.364,379.483
1415,22,255,334.227,378.273
1416,51,255,491.049,381.088
1417,69,255,753.703,381.239
1418,101,255,1375.243,381.738
1419,83,255,1457.813,381.054
1420,67,255,260.604,381.246
1421,107,255,640.864,382.715
1422,57,255,1042.518,381.289
1423,95,255,1326.426,382.426
1424,27,255,1385.907,380.019
1425,30,255,413.967,381.500
1426,126,255,537.976,383.722
1427,35,255,744.014,381.500
1428,150,255,1085.320,383.867
1429,67,255,577.246,383.664
1430,109,255,1255.509,386.298
1431,37,255,1436.500,382.311
1432,69,255,1528.500,384.283
1433,23,255,778.109,382.370
1434,63,255,965.992,383.833
1435,55,255,1008.245,383.755
1436,74,255,92.743,386.973
1437,78,255,253.256,386.833
1438,65,255,445.423,385.408
1439,77,255,675.045,386.734
1440,124,255,684.565,388.040
1441,51,255,1363.676,386.971
1442,56,255,1401.911,385.089
1443,94,255,1554.170,386.489
1444,36,255,389.056,385.750
1445,60,255,842.833,385.967
1446,91,255,1173.753,386.775
1447,89,255,1240.275,387.747
1448,21,255,1487.690,384.452
1449,57,255,9.904,387.904
1450,30,255,315.167,385.700
1451,68,255,366.382,387.618
1452,22,255,595.864,385.182
1453,57,255,625.360,387.518
1454,51,255,761.598,387.461
1455,86,255,807.767,387.070
1456,152,255,156.013,391.013
1457,62,255,234.871,388.742
1458,108,255,477.241,390.259
1459,139,255,735.349,393.507
1460,160,255,1031.144,391.525
1461,78,255,1273.141,389.205
1462,87,255,181.799,389.994
1463,62,255,325.387,389.097
1464,166,255,1154.964,393.801
1465,56,255,69.625,390.446
1466,64,255,1000.266,391.422
1467,97,255,1047.531,392.531
1468,50,255,1388.940,390.260
1469,70,255,1060.800,391.114
1470,86,255,1355.035,392.116
1471,182,255,51.632,396.143
1472,85,255,84.418,394.712
1473,54,255,217.704,392.574
1474,69,255,510.543,393.181
1475,21,255,570.310,390.643
1476,87,255,941.730,393.431
1477,135,255,978.226,393.981
1478,136,255,1114.294,395.272
1479,68,255,1143.971,392.882
1480,101,255,1569.312,393.936
1481,91,255,585.984,394.313
1482,141,255,824.060,395.926
1483,65,255,1187.685,394.177
1484,55,255,262.100,394.700
1485,44,255,313.455,394.000
1486,56,255,414.464,396.000
1487,58,255,424.879,395.190
1488,55,255,527.936,394.864
1489,159,255,777.072,396.814
1490,124,255,1520.621,397.210
1491,42,255,617.024,394.929
1492,103,255,654.519,397.005
1493,82,255,709.293,395.854
1494,54,255,722.130,395.426
1495,25,255,800.300,394.060
1496,49,255,872.051,396.010
1497,148,255,1210.520,399.642
1498,82,255,1315.366,396.268
1499,84,255,1547.417,396.619
1500,70,255,273.114,396.871
1501,146,255,556.459,399.904
1502,39,255,1130.500,395.731
1503,69,255,432.862,398.196
1504,97,255,463.077,398.438
1505,111,255,1378.104,398.680
1506,44,255,1420.386,396.250
1507,77,255,25.838,399.058
1508,72,255,306.528,398.986
1509,55,255,451.518,398.955
1510,40,255,881.525,398.100
1511,48,255,901.875,398.250
1512,47,255,923.011,398.181
1513,83,255,1509.801,401.524
1514,87,255,176.109,401.983
1515,44,255,854.841,397.682
1516,46,255,915.630,399.109
1517,110,255,378.164,401.955
1518,38,255,754.553,399.658
1519,72,255,1327.389,401.472
1520,79,255,1396.943,401.348
1521,61,255,166.385,401.877
1522,83,255,247.813,403.307
1523,43,255,289.686,401.058
1524,82,255,500.622,403.244
1525,63,255,571.421,401.595
1526,70,255,607.157,402.486
1527,59,255,1183.280,402.280
1528,103,255,1292.199,402.529
1529,81,255,1339.228,402.895
1530,41,255,1435.183,401.890
1531,124,255,1486.653,404.766
1532,98,255,9.378,403.245
1533,74,255,209.365,403.122
1534,72,255,481.431,402.514
1535,22,255,518.455,401.182
1536,42,255,622.690,401.905
1537,42,255,152.810,403.024
1538,128,255,694.836,405.508
1539,74,255,1171.595,404.311
1540,54,255,1597.463,404.685
1541,49,255,68.663,403.847
1542,44,255,220.477,403.955
1543,58,255,282.207,404.776
1544,76,255,348.605,404.908
1545,87,255,363.006,405.948
1546,124,255,992.339,405.403
1547,53,255,1120.840,404.009
1548,111,255,1558.635,406.509
1549,168,255,839.607,411.893
1550,76,255,1089.224,405.855
1551,81,255,1347.574,406.525
1552,87,255,1585.879,407.626
1553,76,255,319.579,407.092
1554,60,255,581.517,406.133
1555,58,255,748.776,406.724
1556,52,255,946.077,406.846
1557,39,255,1044.269,406.603
1558,74,255,1244.392,406.932
1559,92,255,1531.217,408.141
1560,66,255,195.470,407.621
1561,58,255,629.345,408.017
1562,61,255,882.369,407.418
1563,113,255,1134.084,410.889
1564,59,255,1422.432,407.364
1565,155,255,764.990,412.835
1566,71,255,894.190,408.979
1567,74,255,960.203,409.041
1568,59,255,1032.432,409.110
1569,83,255,1230.307,409.380
1570,96,255,1573.167,410.250
1571,47,255,59.543,409.074
1572,37,255,512.392,408.689
1573,97,255,786.964,409.789
1574,98,255,1064.867,410.918
1575,79,255,1218.386,410.171
1576,43,255,1361.430,408.779
1577,170,255,260.729,414.435
1578,62,255,292.952,410.339
1579,39,255,565.500,409.808
1580,37,255,655.554,409.770
1581,93,255,85.188,411.909
1582,43,255,391.081,410.547
1583,125,255,454.900,415.100
1584,101,255,549.193,413.985
1585,107,255,807.416,412.799
1586,87,255,1004.833,412.741
1587,53,255,1022.481,410.991
1588,67,255,1309.619,412.112
1589,47,255,154.819,411.649
1590,119,255,670.559,416.702
1591,44,255,1467.659,412.136
1592,57,255,507.430,413.886
1593,119,255,719.895,415.181
1594,40,255,936.450,412.425
1595,117,255,1106.244,414.885
1596,50,255,38.960,414.360
1597,75,255,168.260,415.687
1598,57,255,422.061,414.605
1599,73,255,535.692,414.774
1600,35,255,1500.443,413.500
1601,100,255,526.200,420.510
1602,104,255,1158.356,418.183
1603,73,255,1251.116,415.541
1604,20,255,1372.100,414.250
1605,61,255,1391.008,415.434
1606,55,255,69.064,415.955
1607,66,255,469.076,416.833
1608,33,255,587.288,415.470
1609,30,255,1014.767,416.167
1610,49,255,1416.071,416.500
1611,121,255,50.012,419.822
1612,71,255,371.627,417.824
1613,69,255,607.790,417.471
1614,66,255,826.348,417.136
1615,61,255,1128.123,417.811
1616,27,255,281.759,417.204
1617,56,255,341.125,418.482
1618,53,255,1042.745,417.972
1619,27,255,1343.500,416.426
1620,29,255,239.534,418.086
1621,66,255,442.212,420.348
1622,48,255,628.104,418.708
1623,51,255,739.480,418.520
1624,51,255,1278.284,420.578
1625,109,255,1288.638,423.115
1626,58,255,1492.103,420.845
1627,25,255,288.380,419.820
1628,128,255,304.023,424.023
1629,40,255,925.350,420.225
1630,84,255,991.000,422.560
1631,41,255,1169.524,421.232
1632,122,255,8.697,425.951
1633,23,255,578.543,420.891
1634,101,255,777.787,424.748
1635,47,255,856.585,422.266
1636,110,255,968.664,425.482
1637,47,255,190.521,423.223
1638,134,255,213.963,424.410
1639,34,255,414.882,422.353
1640,73,255,640.445,424.034
1641,38,255,651.000,422.500
1642,86,255,943.349,424.547
1643,154,255,1461.870,426.318
1644,46,255,32.696,423.783
1645,69,255,178.268,424.225
1646,53,255,461.274,424.538
1647,152,255,485.441,427.086
1648,114,255,680.754,427.860
1649,71,255,709.035,425.782
1650,90,255,815.389,425.833
1651,32,255,1014.781,423.062
1652,168,255,1307.905,429.137
1653,103,255,1447.306,426.432
1654,158,255,155.823,430.867
1655,25,255,565.260,423.700
1656,45,255,623.367,425.211
1657,90,255,734.367,425.933
1658,55,255,877.918,425.718
1659,59,255,958.110,425.822
1660,116,255,1027.017,425.776
1661,80,255,1263.312,426.312
1662,76,255,1502.000,425.789
1663,49,255,200.296,426.541
1664,44,255,572.795,425.955
1665,28,255,747.571,425.607
1666,92,255,1053.478,427.446
1667,96,255,1074.625,427.229
1668,38,255,1107.289,425.000
1669,97,255,1390.459,427.418
1670,83,255,348.729,429.765
1671,143,255,1246.304,429.325
1672,42,255,794.500,428.071
1673,77,255,1407.227,429.344
1674,95,255,1545.226,429.679
1675,130,255,328.377,431.438
1676,34,255,406.882,428.971
1677,106,255,584.981,431.038
1678,40,255,599.100,428.375
1679,53,255,766.481,429.519
1680,103,255,1089.966,430.112
1681,196,255,1350.908,436.449
1682,58,255,1376.466,429.741
1683,71,255,80.852,430.345
1684,55,255,249.591,429.664
1685,66,255,378.030,431.364
1686,79,255,1119.576,435.044
1687,49,255,1232.561,429.684
1688,114,255,551.965,433.851
1689,46,255,859.304,430.457
1690,89,255,896.770,432.444
1691,27,255,931.796,431.019
1692,34,255,1153.471,430.382
1693,50,255,1184.260,430.780
1694,57,255,1278.079,430.675
1695,178,255,1327.545,434.129
1696,113,255,1432.102,432.438
1697,133,255,1516.778,433.816
1698,35,255,385.643,431.443
1699,68,255,435.176,433.279
1700,60,255,1135.033,432.950
1701,101,255,61.639,435.480
1702,93,255,225.694,435.640
1703,58,255,989.345,433.138
1704,85,255,1207.653,435.347
1705,53,255,38.047,434.934
1706,73,255,92.966,437.925
1707,80,255,1479.275,435.988
1708,166,255,1578.783,438.325
1709,96,255,293.000,438.260
1710,86,255,533.140,437.302
1711,95,255,607.637,438.279
1712,37,255,648.878,435.797
1713,83,255,1164.886,437.536
1714,104,255,273.298,439.702
1715,36,255,575.528,436.944
1716,70,255,1261.629,437.257
1717,99,255,470.035,440.227
1718,80,255,696.350,439.150
1719,69,255,1415.978,439.181
1720,32,255,166.938,438.906
1721,140,255,182.871,443.657
1722,43,255,202.616,438.384
1723,23,255,212.022,438.630
1724,30,255,745.000,438.133
1725,75,255,955.140,440.127
1726,58,255,1178.190,440.293
1727,67,255,255.634,441.396
1728,54,255,488.037,440.778
1729,70,255,1054.257,440.357
1730,34,255,1291.824,439.265
1731,73,255,1390.514,440.664
1732,47,255,1547.436,440.053
1733,36,255,442.083,441.139
1734,77,255,596.539,443.227
1735,93,255,671.962,443.306
1736,28,255,1490.357,439.750
1737,71,255,1560.711,441.472
1738,88,255,7.455,445.682
1739,79,255,83.551,444.133
1740,105,255,758.243,445.100
1741,55,255,1536.045,441.845
1742,68,255,17.691,444.588
1743,69,255,235.645,443.920
1744,55,255,315.609,444.191
1745,21,255,391.690,441.595
1746,95,255,637.784,444.279
1747,40,255,790.525,442.500
1748,134,255,1376.396,445.612
1749,44,255,1523.886,443.091
1750,44,255,68.545,444.023
1751,66,255,450.697,445.288
1752,43,255,494.802,443.965
1753,79,255,507.905,444.690
1754,61,255,570.943,444.254
1755,115,255,847.057,445.509
1756,62,255,989.435,444.871
1757,132,255,1007.523,446.417
1758,42,255,1090.524,443.952
1759,87,255,1136.236,445.741
1760,73,255,1451.979,444.747
1761,23,255,25.935,444.413
1762,92,255,160.011,448.326
1763,24,255,910.042,444.833
1764,64,255,1152.922,445.594
1765,70,255,1285.271,446.243
1766,28,255,1499.571,444.393
1767,54,255,305.944,446.389
1768,83,255,435.717,447.765
1769,52,255,1098.404,446.115
1770,90,255,1212.978,447.689
1771,119,255,1235.290,449.088
1772,49,255,33.786,448.071
1773,41,255,663.451,446.622
1774,65,255,1186.485,448.300
1775,36,255,1225.167,447.000
1776,123,255,50.801,449.435
1777,51,255,386.441,448.147
1778,80,255,1081.963,449.800
1779,64,255,1398.672,448.547
1780,22,255,1434.591,446.727
1781,79,255,150.968,450.589
1782,100,255,548.290,450.270
1783,38,255,1021.368,448.421
1784,69,255,1125.065,450.181
1785,81,255,1303.117,450.265
1786,63,255,75.024,449.421
1787,48,255,359.500,449.750
1788,35,255,624.900,449.243
1789,26,255,728.077,449.615
1790,90,255,872.556,451.067
1791,70,255,1341.314,451.143
1792,46,255,294.587,450.370
1793,64,255,690.234,451.219
1794,24,255,860.958,450.125
1795,75,255,1319.500,452.313
1796,69,255,1488.949,451.906
1797,43,255,220.221,451.640
1798,55,255,344.391,452.591
1799,64,255,887.391,452.531
1800,75,255,1467.460,453.540
1801,62,255,208.032,452.823
1802,113,255,333.624,456.960
1803,95,255,741.026,454.068
1804,74,255,1057.027,453.432
1805,66,255,1261.561,453.167
1806,62,255,1292.435,455.565
1807,68,255,1520.721,453.338
1808,73,255,1544.623,453.979
1809,50,255,402.360,455.120
1810,70,255,501.657,455.429
1811,56,255,639.875,455.125
1812,48,255,1273.250,454.875
1813,56,255,620.982,456.536
1814,70,255,1455.757,457.186
1815,31,255,1499.597,455.694
1816,73,255,1578.829,456.459
1817,70,255,556.943,458.329
1818,86,255,1070.500,458.000
1819,58,255,1096.724,456.379
1820,67,255,1252.948,458.037
1821,48,255,1395.667,457.312
1822,87,255,264.925,457.661
1823,105,255,602.519,460.281
1824,59,255,1029.280,459.093
1825,48,255,1308.604,458.292
1826,81,255,1434.414,458.969
1827,198,255,1559.434,461.540
1828,53,255,2.972,460.142
1829,31,255,420.823,458.177
1830,66,255,455.970,460.364
1831,60,255,764.217,459.633
1832,49,255,851.786,459.786
1833,101,255,995.985,462.589
1834,69,255,1326.848,459.906
1835,106,255,1476.226,461.811
1836,58,255,630.276,461.086
1837,64,255,652.062,461.125
1838,53,255,704.519,461.009
1839,136,255,945.463,461.154
1840,126,255,981.151,461.087
1841,115,255,1038.274,463.326
1842,68,255,1170.912,459.588
1843,104,255,1381.538,463.385
1844,71,255,1419.570,460.021
1845,31,255,46.435,459.919
1846,100,255,174.430,462.650
1847,45,255,202.256,460.678
1848,77,255,233.214,462.045
1849,73,255,440.240,461.349
1850,74,255,485.608,461.892
1851,49,255,312.847,461.847
1852,63,255,377.786,462.246
1853,50,255,426.620,462.660
1854,36,255,74.389,461.556
1855,80,255,213.775,463.900
1856,105,255,256.281,467.510
1857,72,255,349.833,464.931
1858,41,255,535.451,462.524
1859,93,255,567.468,464.081
1860,72,255,777.500,464.000
1861,60,255,1155.467,464.400
1862,36,255,1520.111,461.472
1863,21,255,57.262,462.976
1864,39,255,289.679,463.910
1865,142,255,672.690,467.148
1866,66,255,1011.712,464.258
1867,45,255,1215.611,464.922
1868,67,255,398.381,466.455
1869,38,255,510.632,465.605
1870,127,255,543.594,469.453
1871,46,255,1596.522,466.283
1872,36,255,24.889,466.361
1873,99,255,91.924,470.237
1874,89,255,410.478,467.949
1875,104,255,520.106,469.269
1876,109,255,591.518,469.885
1877,66,255,614.152,468.015
1878,122,255,819.287,469.041
1879,122,255,1261.533,470.803
1880,92,255,904.380,469.522
1881,65,255,1056.731,468.469
1882,68,255,1165.985,470.441
1883,107,255,1189.706,469.771
1884,93,255,1233.898,469.263
1885,78,255,1345.154,469.064
1886,56,255,1365.107,468.018
1887,115,255,37.709,472.952
1888,49,255,271.745,469.214
1889,98,255,320.837,471.122
1890,51,255,359.853,469.245
1891,79,255,1502.437,470.006
1892,36,255,68.083,469.694
1893,52,255,279.712,469.904
1894,42,255,724.333,469.690
1895,38,255,733.579,470.105
1896,86,255,838.186,471.791
1897,86,255,1289.430,471.198
1898,91,255,1303.588,471.665
1899,79,255,1318.411,470.753
1900,33,255,1401.197,469.409
1901,32,255,10.969,470.281
1902,72,255,384.639,472.083
1903,42,255,503.667,471.190
1904,90,255,659.989,474.422
1905,44,255,851.136,470.750
1906,23,255,864.457,469.761
1907,57,255,167.114,472.868
1908,57,255,305.798,472.167
1909,66,255,494.091,472.394
1910,43,255,646.221,472.314
1911,78,255,977.923,472.667
1912,58,255,80.155,473.552
1913,89,255,154.815,476.208
1914,99,255,295.268,475.369
1915,140,255,478.564,475.014
1916,66,255,757.561,473.530
1917,97,255,1096.758,475.758
1918,82,255,1126.195,475.073
1919,60,255,1211.117,473.633
1920,54,255,1375.093,473.333
1921,54,255,1485.019,473.185
1922,65,255,1539.069,474.238
1923,116,255,234.379,474.517
1924,93,255,57.694,475.876
1925,93,255,802.586,476.296
1926,47,255,1084.266,475.309
1927,24,255,27.625,475.167
1928,123,255,693.289,479.654
1929,108,255,781.500,477.944
1930,43,255,1024.733,475.174
1931,60,255,1350.450,476.333
1932,203,255,1519.820,479.884
1933,74,255,188.284,478.622
1934,63,255,1011.690,476.357
1935,58,255,1053.638,476.897
1936,57,255,1277.044,477.149
1937,22,255,1420.227,474.909
1938,55,255,680.664,479.027
1939,119,255,943.954,481.172
1940,80,255,1114.350,478.887
1941,67,255,1222.799,478.410
1942,77,255,1394.305,479.214
1943,137,255,1563.989,482.332
1944,70,255,732.271,481.243
1945,67,255,993.590,479.530
1946,64,255,1446.531,479.234
1947,34,255,1597.324,479.765
1948,42,255,304.714,480.024
1949,85,255,870.135,481.771
1950,69,255,901.370,480.674
1951,62,255,1244.435,481.274
1952,98,255,1319.888,481.092
1953,54,255,1463.759,480.611
1954,46,255,195.717,481.304
1955,54,255,960.296,481.407
1956,44,255,1479.500,481.000
1957,45,255,47.389,483.100
1958,70,255,73.686,483.000
1959,131,255,451.927,485.645
1960,48,255,560.167,482.250
1961,110,255,621.864,483.973
1962,81,255,1080.179,483.265
1963,60,255,1134.883,482.367
1964,60,255,1184.717,481.717
1965,92,255,1235.185,482.902
1966,58,255,1437.810,483.448
1967,68,255,326.353,483.456
1968,124,255,516.532,487.734
1969,92,255,586.283,484.848
1970,64,255,706.438,483.766
1971,70,255,745.814,484.229
1972,67,255,919.560,484.485
1973,94,255,225.223,485.574
1974,40,255,1038.825,485.100
1975,84,255,1146.976,485.190
1976,120,255,1285.367,487.133
1977,51,255,24.520,485.127
1978,71,255,161.331,484.951
1979,97,255,530.799,487.778
1980,65,255,880.069,485.515
1981,69,255,929.486,487.051
1982,21,255,1018.929,484.119
1983,87,255,1362.856,486.557
1984,83,255,1374.163,487.910
1985,60,255,1414.900,484.900
1986,104,255,1487.923,488.567
1987,85,255,1502.029,485.794
1988,69,255,278.529,486.877
1989,35,255,381.214,485.100
1990,167,255,604.566,489.871
1991,35,255,665.443,486.014
1992,75,255,762.953,486.087
1993,39,255,953.115,486.346
1994,47,255,1093.266,485.309
1995,37,255,1346.527,485.662
1996,72,255,437.444,487.542
1997,73,255,1057.226,487.185
1998,33,255,1255.621,486.106
1999,70,255,1175.757,489.186
2000,100,255,1304.420,490.590
2001,80,255,346.863,490.200
2002,28,255,405.607,488.107
2003,35,255,551.329,488.500
2004,81,255,633.130,490.117
2005,64,255,1194.531,490.125
2006,75,255,1203.607,490.207
2007,92,255,1575.728,491.043
2008,57,255,30.342,491.219
2009,40,255,476.950,490.200
2010,53,255,565.406,490.406
2011,56,255,771.446,491.429
2012,79,255,853.044,491.044
2013,43,255,418.802,491.035
2014,44,255,572.932,491.477
2015,88,255,1026.307,492.591
2016,73,255,1112.089,491.692
2017,56,255,10.750,492.143
2018,62,255,101.468,493.581
2019,91,255,187.511,493.148
2020,87,255,215.282,495.167
2021,51,255,299.186,491.716
2022,78,255,1008.885,493.179
2023,71,255,1338.303,492.754
2024,33,255,1512.500,491.318
2025,94,255,1536.021,494.745
2026,79,255,242.082,493.500
2027,62,255,258.274,493.597
2028,60,255,268.167,493.550
2029,79,255,464.715,493.323
2030,42,255,656.548,493.000
2031,41,255,969.549,492.354
2032,57,255,1292.605,493.447
2033,41,255,310.085,493.500
2034,103,255,1400.636,495.850
2035,74,255,331.216,495.541
2036,29,255,398.259,494.190
2037,46,255,410.391,494.109
2038,67,255,503.978,496.216
2039,31,255,725.694,493.790
2040,24,255,812.375,493.833
2041,35,255,899.757,494.014
2042,55,255,958.336,495.882
2043,106,255,44.500,497.104
2044,52,255,485.673,495.673
2045,82,255,827.683,496.902
2046,79,255,1076.918,497.639
2047,84,255,1450.548,497.345
2048,69,255,320.790,499.674
2049,129,255,365.120,501.632
2050,55,255,982.064,496.973
2051,54,255,1034.481,496.926
2052,52,255,1312.077,497.962
2053,64,255,1096.422,499.453
2054,61,255,1390.254,498.648
2055,52,255,353.673,501.096
2056,66,255,737.318,499.152
2057,52,255,1130.462,499.404
2058,41,255,1496.378,498.524
2059,30,255,165.067,498.967
2060,90,255,425.011,501.600
2061,73,255,790.705,501.144
2062,22,255,1160.773,499.364
2063,32,255,1421.969,498.844
2064,61,255,1466.418,500.205
2065,142,255,1550.768,504.592
2066,60,255,175.000,501.583
2067,52,255,229.077,501.692
2068,153,255,86.343,503.990
2069,29,255,312.914,500.948
2070,38,255,391.895,501.368
2071,25,255,858.940,500.100
2072,58,255,1219.966,502.845
2073,150,255,197.813,508.460
2074,133,255,276.846,504.936
2075,54,255,557.111,502.889
2076,94,255,652.723,504.787
2077,106,255,762.717,504.726
2078,144,255,912.056,506.556
2079,45,255,964.167,502.456
2080,118,255,1045.941,506.805
2081,136,255,1177.860,504.235
2082,49,255,1251.071,502.439
2083,55,255,1432.827,503.209
2084,38,255,248.921,503.342
2085,48,255,1113.812,503.000
2086,43,255,343.081,504.174
2087,87,255,819.155,505.810
2088,47,255,1340.032,504.883
2089,69,255,1375.239,506.022
2090,45,255,1481.922,505.767
2091,65,255,484.085,505.746
2092,81,255,688.698,507.389
2093,60,255,699.617,506.333
2094,45,255,975.500,506.367
2095,73,255,988.459,507.377
2096,84,255,1057.762,507.988
2097,49,255,1473.949,506.480
2098,41,255,1535.598,504.890
2099,48,255,236.062,507.104
2100,78,255,948.526,508.872
2101,80,255,1237.787,508.038
2102,88,255,59.011,508.898
2103,48,255,381.979,507.833
2104,134,255,405.507,508.993
2105,143,255,719.269,510.122
2106,40,255,1490.700,507.775
2107,103,255,139.121,511.985
2108,57,255,540.465,509.219
2109,78,255,865.410,510.859
2110,72,255,1015.347,510.056
2111,44,255,1190.568,509.068
2112,64,255,160.656,510.891
2113,135,255,216.930,513.863
2114,54,255,603.019,509.778
2115,67,255,1281.007,511.500
2116,49,255,1295.276,510.316
2117,92,255,310.380,512.543
2118,91,255,1435.016,513.093
2119,77,255,1449.448,512.032
2120,72,255,7.597,513.292
2121,71,255,242.866,512.810
2122,130,255,465.562,514.369
2123,43,255,549.174,511.802
2124,41,255,1077.744,511.963
2125,47,255,1346.457,512.330
2126,50,255,182.260,513.280
2127,88,255,524.273,514.602
2128,99,255,579.187,514.763
2129,91,255,643.775,514.764
2130,105,255,798.748,515.033
2131,69,255,848.007,513.877
2132,100,255,1089.380,514.810
2133,77,255,1114.123,513.097
2134,73,255,1126.884,514.253
2135,176,255,43.727,518.193
2136,107,255,172.257,517.145
2137,98,255,439.357,515.418
2138,84,255,564.821,514.905
2139,39,255,743.346,514.269
2140,129,255,882.120,516.632
2141,27,255,977.833,513.056
2142,33,255,1029.379,514.348
2143,110,255,1256.345,515.718
2144,122,255,1575.459,517.041
2145,36,255,617.528,514.111
2146,83,255,1068.416,516.464
2147,83,255,1186.645,517.910
2148,58,255,1519.569,515.534
2149,69,255,27.703,516.891
2150,66,255,76.106,516.682
2151,37,255,363.797,515.770
2152,117,255,703.115,519.098
2153,135,255,961.641,519.493
2154,53,255,1286.009,516.991
2155,67,255,430.470,519.410
2156,33,255,630.561,516.682
2157,41,255,1563.207,516.890
2158,86,255,494.686,520.070
2159,77,255,540.552,519.695
2160,68,255,1213.559,518.529
2161,22,255,1336.591,516.545
2162,153,255,1378.343,520.167
2163,79,255,1497.741,520.994
2164,54,255,279.889,519.741
2165,122,255,1138.828,521.238
2166,94,255,1356.362,520.064
2167,83,255,324.030,520.813
2168,73,255,343.432,521.185
2169,77,255,353.981,522.253
2170,102,255,451.020,523.333
2171,100,255,593.220,522.120
2172,89,255,1039.433,521.669
2173,53,255,84.292,521.500
2174,130,255,671.154,524.123
2175,79,255,841.146,522.171
2176,82,255,925.146,522.171
2177,137,255,1157.026,524.464
2178,96,255,1303.698,522.698
2179,64,255,229.781,522.391
2180,121,255,293.806,524.773
2181,45,255,1054.144,521.256
2182,22,255,413.682,521.636
2183,53,255,1173.840,522.953
2184,66,255,1248.682,524.652
2185,35,255,14.700,523.671
2186,75,255,727.553,524.673
2187,41,255,1461.085,523.280
2188,56,255,208.071,525.375
2189,73,255,754.596,526.459
2190,111,255,865.509,527.590
2191,155,255,150.648,528.765
2192,88,255,905.250,527.489
2193,57,255,1101.325,526.465
2194,76,255,1530.671,527.092
2195,20,255,1588.050,524.750
2196,50,255,59.780,527.160
2197,72,255,235.361,528.708
2198,100,255,395.020,528.870
2199,117,255,766.389,529.833
2200,74,255,110.662,530.446
2201,71,255,422.556,528.782
2202,75,255,1413.167,528.900
2203,87,255,1509.029,529.006
2204,45,255,72.589,527.856
2205,35,255,1059.586,527.929
2206,57,255,1448.447,530.132
2207,69,255,467.268,530.949
2208,62,255,1180.194,531.226
2209,51,255,24.735,531.716
2210,49,255,819.888,531.235
2211,69,255,853.906,532.630
2212,93,255,927.930,532.683
2213,72,255,1024.097,532.542
2214,73,255,1191.062,532.089
2215,119,255,1199.794,535.172
2216,67,255,1325.978,533.470
2217,83,255,1351.078,532.114
2218,77,255,1397.786,531.565
2219,62,255,216.790,532.629
2220,61,255,382.254,532.041
2221,51,255,578.343,531.755
2222,55,255,789.209,532.282
2223,89,255,984.208,533.792
2224,58,255,1461.655,533.207
2225,24,255,46.292,531.625
2226,50,255,101.320,532.880
2227,38,255,201.263,533.026
2228,48,255,726.146,532.646
2229,30,255,843.267,532.033
2230,58,255,187.466,534.690
2231,47,255,364.245,533.713
2232,20,255,509.250,532.550
2233,70,255,662.371,535.229
2234,97,255,691.964,535.706
2235,62,255,716.258,535.613
2236,54,255,1013.037,534.426
2237,58,255,1033.224,535.293
2238,93,255,1299.898,535.468
2239,141,255,1368.096,537.557
2240,129,255,271.353,537.376
2241,66,255,1003.061,536.818
2242,125,255,1114.172,536.756
2243,91,255,1315.566,537.258
2244,48,255,253.479,535.771
2245,78,255,640.577,537.308
2246,148,255,1473.649,540.439
2247,48,255,289.438,537.083
2248,120,255,347.125,539.817
2249,81,255,428.772,539.080
2250,22,255,53.273,536.500
2251,84,255,994.345,540.786
2252,89,255,1543.444,538.534
2253,109,255,125.362,540.849
2254,44,255,176.977,538.523
2255,100,255,902.110,541.060
2256,21,255,1403.786,538.214
2257,49,255,1507.071,539.112
2258,132,255,1585.326,540.091
2259,113,255,331.580,545.412
2260,106,255,402.557,542.575
2261,34,255,462.853,539.029
2262,77,255,531.851,541.318
2263,78,255,599.500,540.923
2264,79,255,879.462,541.184
2265,115,255,1227.857,541.996
2266,85,255,1558.229,541.241
2267,94,255,31.904,542.968
2268,89,255,58.073,542.669
2269,85,255,225.924,542.359
2270,78,255,444.551,542.462
2271,56,255,581.464,542.268
2272,51,255,937.520,541.225
2273,41,255,1085.280,540.720
2274,27,255,1143.574,540.056
2275,114,255,1261.947,544.044
2276,34,255,1388.324,539.853
2277,91,255,1412.280,543.280
2278,122,255,1440.475,545.008
2279,69,255,359.123,542.645
2280,161,255,750.463,543.674
2281,122,255,1280.074,544.574
2282,70,255,13.543,543.971
2283,83,255,105.367,544.765
2284,119,255,497.803,544.929
2285,97,255,793.840,543.479
2286,74,255,810.257,545.419
2287,75,255,818.540,544.847
2288,112,255,837.196,543.973
2289,66,255,911.470,544.955
2290,104,255,198.000,543.500
2291,147,255,1210.915,547.827
2292,56,255,308.304,545.357
2293,170,255,1044.041,547.012
2294,90,255,1063.067,547.189
2295,87,255,255.741,548.891
2296,28,255,711.893,544.679
2297,121,255,890.756,548.310
2298,40,255,1107.425,546.225
2299,55,255,925.864,547.864
2300,59,255,1082.619,549.059
2301,95,255,1095.732,549.437
2302,70,255,88.000,548.714
2303,74,255,177.176,548.608
2304,37,255,466.689,546.338
2305,101,255,620.361,550.807
2306,46,255,1239.630,549.109
2307,69,255,643.572,550.399
2308,42,255,671.690,549.643
2309,60,255,700.000,550.100
2310,29,255,1182.776,549.431
2311,53,255,1307.274,551.160
2312,50,255,1342.160,550.440
2313,77,255,1364.266,551.370
2314,53,255,1386.613,550.066
2315,62,255,234.242,551.500
2316,42,255,295.071,550.214
2317,48,255,781.708,550.958
2318,142,255,958.908,553.592
2319,57,255,1468.044,551.816
2320,148,255,159.216,556.372
2321,47,255,263.266,552.543
2322,22,255,565.364,550.955
2323,89,255,593.792,554.826
2324,50,255,742.820,552.240
2325,30,255,1009.100,550.767
2326,73,255,1428.596,552.514
2327,66,255,210.697,553.955
2328,87,255,385.489,554.879
2329,69,255,578.355,553.978
2330,55,255,657.336,554.645
2331,82,255,1506.207,555.073
2332,48,255,1577.646,552.854
2333,85,255,550.512,555.818
2334,108,255,766.472,556.204
2335,30,255,427.567,554.200
2336,53,255,540.047,555.840
2337,69,255,1192.428,556.022
2338,59,255,1413.873,555.534
2339,65,255,78.485,556.700
2340,72,255,93.569,556.875
2341,97,255,141.284,556.479
2342,41,255,358.841,555.695
2343,74,255,416.000,556.068
2344,140,255,525.879,558.336
2345,92,255,720.304,557.033
2346,127,255,830.295,558.917
2347,67,255,1270.067,556.828
2348,79,255,39.943,557.842
2349,64,255,245.969,557.672
2350,48,255,490.729,557.188
2351,65,255,787.608,557.715
2352,69,255,1146.819,558.891
2353,119,255,1012.576,561.147
2354,83,255,1161.127,561.295
2355,79,255,1237.563,559.525
2356,88,255,292.648,560.716
2357,87,255,849.270,562.477
2358,96,255,880.479,561.500
2359,110,255,1073.473,562.282
2360,42,255,1259.500,560.238
2361,125,255,1442.436,564.220
2362,81,255,323.352,561.586
2363,24,255,1367.167,559.833
2364,77,255,194.604,563.266
2365,78,255,375.846,562.808
2366,27,255,912.389,561.685
2367,112,255,973.580,564.929
2368,59,255,1062.873,562.924
2369,49,255,1596.602,561.663
2370,90,255,7.767,564.044
2371,129,255,228.601,567.035
2372,75,255,282.273,563.927
2373,77,255,498.760,564.396
2374,125,255,643.860,565.644
2375,72,255,1348.750,563.569
2376,51,255,797.029,564.833
2377,81,255,931.068,565.599
2378,117,255,1125.927,565.748
2379,74,255,1214.500,563.770
2380,70,255,1489.043,564.214
2381,188,255,110.090,568.463
2382,70,255,128.114,565.643
2383,90,255,454.167,564.878
2384,109,255,1391.647,567.353
2385,68,255,1418.662,566.632
2386,155,255,1470.777,566.087
2387,93,255,63.285,568.113
2388,35,255,995.900,565.929
2389,69,255,347.181,567.283
2390,75,255,681.793,567.633
2391,136,255,701.632,569.816
2392,28,255,726.821,565.750
2393,49,255,1153.704,566.990
2394,121,255,1276.665,569.599
2395,33,255,716.773,567.439
2396,105,255,745.100,570.500
2397,96,255,840.781,570.312
2398,45,255,891.544,568.300
2399,106,255,1173.019,569.811
2400,58,255,1307.897,568.638
2401,47,255,1538.543,567.819
2402,164,255,1574.787,572.476
2403,69,255,33.283,569.442
2404,60,255,74.817,569.100
2405,135,255,152.619,571.448
2406,25,255,422.540,567.100
2407,64,255,785.609,569.703
2408,175,255,1091.260,572.329
2409,53,255,1224.160,569.613
2410,37,255,464.797,569.527
2411,116,255,1523.224,571.526
2412,110,255,335.991,572.264
2413,60,255,916.633,571.550
2414,89,255,1048.972,573.601
2415,108,255,1185.944,573.185
2416,108,255,364.296,573.528
2417,59,255,391.025,571.975
2418,104,255,998.269,574.269
2419,51,255,1328.755,571.422
2420,54,255,258.315,572.741
2421,93,255,294.758,574.995
2422,137,255,625.500,575.566
2423,128,255,1110.484,575.836
2424,102,255,1300.157,574.314
2425,102,255,584.853,575.912
2426,66,255,904.591,575.576
2427,82,255,1376.256,574.402
2428,85,255,602.571,576.218
2429,54,255,1259.000,575.648
2430,69,255,1499.978,576.384
2431,61,255,123.910,576.549
2432,84,255,241.595,577.179
2433,41,255,452.500,574.671
2434,70,255,220.029,578.386
2435,37,255,967.743,576.365
2436,134,255,1149.299,579.037
2437,126,255,1203.913,578.214
2438,77,255,1318.838,578.682
2439,168,255,101.369,582.762
2440,33,255,202.015,577.136
2441,62,255,856.758,578.484
2442,37,255,353.581,579.230
2443,24,255,479.375,577.833
2444,75,255,655.220,580.140
2445,59,255,752.381,579.873
2446,59,255,886.093,579.398
2447,104,255,932.067,580.163
2448,107,255,947.678,580.472
2449,112,255,1126.893,582.071
2450,56,255,1329.161,581.500
2451,59,255,1480.551,580.653
2452,91,255,1554.247,581.445
2453,49,255,532.173,581.071
2454,99,255,1448.843,582.439
2455,93,255,1592.844,583.446
2456,94,255,439.489,582.926
2457,99,255,461.783,584.571
2458,62,255,693.339,582.613
2459,97,255,897.675,584.768
2460,104,255,210.663,586.106
2461,73,255,1376.541,583.185
2462,71,255,1526.401,583.401
2463,156,255,283.237,586.462
2464,116,255,332.293,584.569
2465,27,255,364.611,583.315
2466,80,255,393.750,585.312
2467,206,255,611.417,588.534
2468,80,255,791.987,585.513
2469,81,255,815.154,585.043
2470,67,255,869.993,585.470
2471,165,255,1006.730,586.627
2472,70,255,1024.171,585.243
2473,76,255,1422.171,584.947
2474,95,255,492.037,586.479
2475,122,255,8.008,588.123
2476,97,255,25.851,588.582
2477,50,255,506.600,585.880
2478,31,255,553.306,584.435
2479,89,255,1346.556,587.657
2480,26,255,198.000,586.000
2481,116,255,308.957,589.474
2482,79,255,776.829,587.741
2483,29,255,879.914,586.362
2484,89,255,123.242,587.904
2485,43,255,1232.012,588.291
2486,203,255,1391.933,593.200
2487,29,255,181.810,588.052
2488,151,255,735.851,591.593
2489,87,255,760.971,590.443
2490,61,255,852.074,591.533
2491,67,255,972.903,590.052
2492,43,255,165.477,589.523
2493,46,255,374.457,590.043
2494,72,255,535.500,589.833
2495,53,255,663.198,590.840
2496,62,255,720.516,591.484
2497,50,255,1196.040,590.180
2498,34,255,1488.324,589.147
2499,127,255,50.059,593.752
2500,133,255,261.868,593.086
2501,73,255,842.692,592.637
2502,71,255,1431.401,592.359
2503,41,255,1535.671,590.915
2504,143,255,82.059,594.276
2505,99,255,1091.944,595.005
2506,49,255,1223.663,592.867
2507,28,255,174.214,592.536
2508,70,255,448.629,594.243
2509,32,255,477.938,591.781
2510,79,255,522.703,594.677
2511,63,255,583.548,593.294
2512,57,255,786.114,594.272
2513,74,255,344.068,595.432
2514,115,255,561.752,597.604
2515,67,255,908.799,594.500
2516,156,255,958.859,597.038
2517,64,255,1258.500,595.500
2518,77,255,65.877,596.825
2519,96,255,497.562,597.729
2520,137,255,1031.412,597.668
2521,112,255,1121.045,597.295
2522,89,255,1270.433,596.264
2523,117,255,1309.004,596.808
2524,95,255,113.963,597.037
2525,62,255,296.339,596.548
2526,24,255,321.833,594.625
2527,93,255,1051.231,597.952
2528,87,255,1411.511,597.730
2529,60,255,1555.200,595.967
2530,105,255,201.633,599.538
2531,114,255,656.825,599.509
2532,91,255,871.522,598.137
2533,72,255,1247.167,597.722
2534,53,255,39.783,599.009
2535,50,255,381.040,597.920
2536,52,255,553.615,598.231
2537,37,255,627.797,596.662
2538,47,255,698.096,597.734
2539,96,255,709.208,599.719
2540,101,255,816.391,600.371
2541,48,255,1282.583,597.854
2542,128,255,1489.570,599.609
2543,97,255,1565.180,601.861
2544,24,255,394.708,596.792
2545,57,255,510.868,599.377
2546,99,255,673.571,600.803
2547,94,255,1449.606,598.638
2548,63,255,18.198,600.611
2549,68,255,351.471,600.618
2550,77,255,177.968,603.448
2551,80,255,1103.612,602.200
2552,48,255,30.104,602.750
2553,49,255,270.214,602.684
2554,39,255,901.628,601.628
2555,81,255,792.327,605.710
2556,59,255,1183.347,603.500
2557,205,255,159.993,611.061
2558,64,255,190.484,604.812
2559,78,255,643.667,606.756
2560,26,255,832.808,602.538
2561,141,255,926.457,607.018
2562,98,255,978.469,606.908
2563,127,255,1144.035,606.130
2564,60,255,1236.300,604.733
2565,117,255,1464.534,606.534
2566,85,255,1507.935,605.924
2567,83,255,144.560,606.765
2568,109,255,586.757,608.179
2569,43,255,1004.826,605.872
2570,144,255,1069.194,611.819
2571,71,255,129.303,606.232
2572,121,255,288.740,608.798
2573,67,255,534.724,606.425
2574,79,255,1076.120,607.753
2575,67,255,1226.575,607.336
2576,68,255,227.897,608.412
2577,34,255,366.824,605.412
2578,72,255,635.764,608.750
2579,102,255,696.441,608.696
2580,61,255,912.631,607.484
2581,39,255,1164.013,606.423
2582,59,255,1291.161,606.941
2583,183,255,1346.150,611.232
2584,21,255,1586.690,605.548
2585,45,255,331.100,608.322
2586,58,255,394.310,608.086
2587,80,255,572.825,609.350
2588,40,255,848.475,607.400
2589,60,255,877.317,607.700
2590,51,255,1263.598,608.284
2591,99,255,209.692,611.348
2592,51,255,342.029,609.010
2593,29,255,624.259,608.293
2594,74,255,725.351,610.000
2595,84,255,966.250,610.107
2596,111,255,458.563,614.608
2597,59,255,610.042,609.958
2598,51,255,1530.951,611.049
2599,68,255,14.000,612.000
2600,103,255,248.578,612.121
2601,77,255,380.786,612.409
2602,112,255,822.107,613.491
2603,24,255,891.542,609.208
2604,56,255,906.196,612.161
2605,80,255,1016.438,612.925
2606,52,255,1282.942,611.673
2607,49,255,1452.867,611.806
2608,32,255,1273.969,611.375
2609,52,255,555.577,612.481
2610,25,255,991.500,612.340
2611,89,255,1247.331,614.298
2612,95,255,1411.268,613.889
2613,113,255,56.350,618.544
2614,102,255,532.020,615.784
2615,90,255,763.767,615.489
2616,120,255,852.933,615.433
2617,117,255,1087.098,616.295
2618,91,255,1125.269,616.258
2619,77,255,1187.669,614.786
2620,134,255,1441.478,617.313
2621,61,255,278.861,615.533
2622,89,255,426.511,616.837
2623,108,255,743.500,617.519
2624,78,255,943.590,615.782
2625,36,255,1305.028,614.333
2626,35,255,221.414,615.300
2627,99,255,311.510,617.328
2628,58,255,409.724,616.086
2629,107,255,777.182,618.696
2630,108,255,1495.889,617.935
2631,62,255,42.855,617.677
2632,55,255,1171.555,617.882
2633,90,255,1324.800,619.522
2634,164,255,707.689,622.939
2635,61,255,879.631,618.549
2636,79,255,66.538,620.462
2637,114,255,81.860,620.746
2638,108,255,663.417,621.991
2639,58,255,1508.155,619.845
2640,66,255,1565.288,618.788
2641,86,255,1583.151,619.919
2642,35,255,93.414,619.700
2643,95,255,106.163,621.026
2644,61,255,337.615,620.352
2645,87,255,354.764,622.040
2646,81,255,622.130,621.043
2647,37,255,986.689,620.014
2648,93,255,1386.177,621.543
2649,122,255,136.598,623.369
2650,69,255,546.790,621.587
2651,31,255,1205.177,620.339
2652,61,255,1295.877,621.189
2653,127,255,186.138,623.839
2654,90,255,255.178,623.800
2655,56,255,329.107,622.107
2656,57,255,363.132,623.026
2657,51,255,489.147,621.951
2658,64,255,1044.500,621.812
2659,96,255,1236.854,624.229
2660,90,255,1259.233,624.511
2661,72,255,1268.639,622.361
2662,65,255,1523.869,622.177
2663,64,255,306.125,625.578
2664,36,255,437.139,623.278
2665,94,255,677.851,624.628
2666,69,255,730.558,624.717
2667,131,255,753.584,626.561
2668,153,255,797.944,625.925
2669,28,255,994.643,622.000
2670,65,255,1460.992,624.100
2671,87,255,513.856,626.213
2672,78,255,559.974,624.231
2673,58,255,1316.707,624.690
2674,59,255,232.636,626.263
2675,77,255,643.123,626.344
2676,61,255,979.467,625.877
2677,73,255,1554.610,625.733
2678,95,255,220.847,627.974
2679,32,255,497.844,625.031
2680,72,255,1058.944,626.111
2681,103,255,1537.092,627.150
2682,45,255,197.611,627.433
2683,56,255,274.786,626.929
2684,118,255,1361.508,629.602
2685,20,255,1.450,627.350
2686,97,255,94.149,630.222
2687,54,255,612.889,627.981
2688,56,255,1123.696,628.000
2689,86,255,1140.744,629.000
2690,35,255,288.957,628.700
2691,78,255,585.308,629.231
2692,48,255,855.917,629.354
2693,103,255,1000.568,632.791
2694,84,255,1338.417,630.631
2695,56,255,394.518,629.696
2696,138,255,881.732,632.217
2697,52,255,958.135,630.077
2698,39,255,166.910,630.167
2699,81,255,207.883,632.315
2700,97,255,736.954,633.005
2701,116,255,1014.198,632.983
2702,117,255,1179.132,633.979
2703,74,255,41.162,633.189
2704,40,255,296.850,630.975
2705,71,255,556.176,632.458
2706,91,255,1035.731,633.511
2707,74,255,1203.203,632.365
2708,58,255,11.862,633.328
2709,130,255,110.523,638.823
2710,97,255,128.139,634.479
2711,90,255,492.311,634.878
2712,73,255,651.281,634.281
2713,54,255,966.926,634.574
2714,57,255,1250.096,633.658
2715,55,255,1328.245,633.173
2716,66,255,262.712,635.242
2717,124,255,818.371,635.661
2718,85,255,25.712,635.653
2719,105,255,152.300,636.548
2720,61,255,436.336,634.516
2721,105,255,903.100,637.214
2722,111,255,1071.923,638.734
2723,55,255,1294.791,634.427
2724,50,255,409.500,635.580
2725,51,255,871.245,637.167
2726,47,255,251.521,637.287
2727,151,255,328.493,639.414
2728,66,255,375.788,637.455
2729,68,255,637.368,637.456
2730,127,255,1095.232,640.484
2731,100,255,1500.010,638.970
2732,181,255,1276.500,642.180
2733,68,255,1527.809,638.088
2734,96,255,401.750,640.479
2735,49,255,1049.561,638.276
2736,142,255,1217.246,645.246
2737,82,255,1454.354,641.500
2738,62,255,1587.952,639.274
2739,76,255,470.553,641.000
2740,61,255,616.434,639.959
2741,46,255,673.913,638.783
2742,101,255,712.807,642.203
2743,55,255,803.209,640.100
2744,88,255,1058.955,641.636
2745,20,255,1135.450,638.750
2746,47,255,1193.436,640.287
2747,53,255,174.179,642.085
2748,68,255,226.441,641.735
2749,33,255,484.894,641.621
2750,99,255,1389.015,642.682
2751,55,255,2.591,643.009
2752,107,255,185.537,643.893
2753,61,255,455.795,642.320
2754,24,255,944.667,640.375
2755,33,255,1366.833,641.439
2756,103,255,164.112,646.131
2757,51,255,437.206,642.304
2758,78,255,547.692,643.705
2759,51,255,588.480,643.127
2760,43,255,597.640,643.709
2761,110,255,833.536,645.618
2762,94,255,1154.128,645.085
2763,70,255,1317.029,643.686
2764,115,255,1410.630,645.048
2765,23,255,309.891,643.370
2766,25,255,978.460,642.740
2767,73,255,1296.295,643.678
2768,170,255,1554.853,648.706
2769,164,255,63.976,649.622
2770,33,255,919.652,644.924
2771,123,255,931.337,647.841
2772,70,255,1144.500,647.329
2773,68,255,1199.588,646.926
2774,78,255,1241.321,645.577
2775,86,255,369.779,647.430
2776,38,255,10.342,647.237
2777,111,255,83.464,649.158
2778,117,255,249.910,649.286
2779,84,255,682.988,648.333
2780,80,255,699.337,648.237
2781,81,255,818.006,648.414
2782,61,255,1010.795,647.025
2783,134,255,1437.299,649.851
2784,59,255,1526.669,646.703
2785,104,255,508.317,650.231
2786,101,255,751.144,649.757
2787,173,255,774.361,651.425
2788,191,255,857.668,651.411
2789,86,255,1121.314,649.419
2790,81,255,1373.673,649.549
2791,22,255,38.591,647.727
2792,110,255,653.464,649.664
2793,62,255,973.484,652.645
2794,21,255,983.929,647.833
2795,30,255,1133.700,648.000
2796,84,255,522.750,651.417
2797,93,255,898.758,651.242
2798,58,255,1047.862,649.914
2799,98,255,1497.194,653.163
2800,56,255,315.089,652.232
2801,56,255,436.500,651.946
2802,50,255,450.800,652.080
2803,69,255,554.978,652.746
2804,55,255,673.845,652.791
2805,81,255,1064.623,652.191
2806,76,255,25.211,655.158
2807,122,255,221.311,655.123
2808,64,255,238.453,653.562
2809,127,255,586.980,656.272
2810,48,255,912.083,653.375
2811,58,255,1475.190,655.000
2812,140,255,187.143,658.029
2813,108,255,609.741,658.454
2814,40,255,984.175,655.550
2815,45,255,1006.389,654.633
2816,162,255,1019.142,659.407
2817,75,255,1079.367,656.753
2818,30,255,1415.667,655.100
2819,110,255,138.218,657.791
2820,70,255,280.786,657.000
2821,65,255,299.992,656.808
2822,56,255,486.893,656.607
2823,36,255,639.694,655.500
2824,54,255,734.167,656.463
2825,76,255,269.921,658.000
2826,20,255,336.700,655.200
2827,146,255,414.623,661.432
2828,75,255,1094.767,658.473
2829,137,255,1236.887,659.106
2830,95,255,474.468,659.247
2831,142,255,760.627,661.782
2832,75,255,1506.553,659.567
2833,20,255,42.200,657.600
2834,131,255,109.561,661.905
2835,133,255,568.658,662.297
2836,49,255,1464.337,658.745
2837,116,255,203.853,662.207
2838,89,255,352.770,661.096
2839,72,255,545.514,660.944
2840,129,255,927.143,662.895
2841,80,255,387.675,663.337
2842,87,255,655.948,663.201
2843,39,255,904.833,661.372
2844,91,255,1270.742,663.335
2845,88,255,1530.080,663.864
2846,80,255,130.400,664.587
2847,71,255,798.627,662.782
2848,95,255,1180.542,664.216
2849,64,255,1203.469,663.391
2850,135,255,325.070,667.693
2851,124,255,996.565,665.548
2852,47,255,1308.394,663.628
2853,20,255,1425.700,663.200
2854,134,255,17.254,668.030
2855,30,255,363.300,664.000
2856,68,255,453.029,665.941
2857,67,255,500.276,664.664
2858,68,255,633.500,666.191
2859,50,255,643.280,665.460
2860,88,255,867.011,666.693
2861,123,255,944.467,667.492
2862,110,255,1333.836,666.700
2863,86,255,62.488,666.919
2864,103,255,87.597,667.985
2865,20,255,518.750,664.600
2866,74,255,707.784,666.986
2867,76,255,966.513,666.039
2868,44,255,1355.727,665.955
2869,25,255,1453.900,665.540
2870,43,255,1562.384,665.826
2871,29,255,35.259,666.741
2872,44,255,461.386,667.500
2873,100,255,1131.150,668.030
2874,96,255,1284.104,669.302
2875,104,255,1385.490,668.337
2876,114,255,736.105,669.842
2877,136,255,1586.154,669.816
2878,37,255,695.554,668.905
2879,96,255,1194.531,670.875
2880,49,255,1214.622,669.439
2881,40,255,1482.050,668.700
2882,67,255,1538.679,670.425
2883,112,255,845.188,673.330
2884,129,255,902.360,672.298
2885,45,255,978.122,670.656
2886,100,255,1094.560,671.060
2887,60,255,1264.633,670.433
2888,37,255,1464.635,668.905
2889,72,255,1315.042,671.722
2890,62,255,1493.355,671.855
2891,113,255,249.518,674.792
2892,108,255,801.880,672.500
2893,30,255,1046.800,670.967
2894,23,255,1364.674,671.065
2895,72,255,32.375,674.681
2896,103,255,150.413,676.393
2897,92,255,163.326,673.978
2898,128,255,214.703,676.867
2899,102,255,276.804,674.676
2900,81,255,588.809,673.451
2901,103,255,817.432,674.510
2902,79,255,1121.133,675.272
2903,41,255,1373.988,673.183
2904,54,255,418.630,673.889
2905,60,255,535.767,674.367
2906,40,255,648.225,673.950
2907,50,255,1457.420,673.980
2908,94,255,4.064,679.021
2909,77,255,115.916,676.097
2910,84,255,265.857,677.417
2911,74,255,714.162,675.486
2912,50,255,833.920,675.220
2913,66,255,1032.106,674.788
2914,165,255,1159.585,679.700
2915,65,255,1223.731,675.762
2916,126,255,1410.651,677.754
2917,51,255,1475.127,675.578
2918,54,255,360.000,676.500
2919,57,255,445.939,676.237
2920,59,255,775.161,676.042
2921,67,255,856.813,677.157
2922,105,255,1145.386,677.995
2923,75,255,181.540,676.953
2924,70,255,297.243,677.614
2925,85,255,1292.382,678.735
2926,76,255,135.421,677.329
2927,73,255,226.377,679.322
2928,89,255,467.006,679.017
2929,78,255,602.513,678.949
2930,73,255,872.651,679.925
2931,42,255,1596.381,679.095
2932,22,255,369.818,678.864
2933,31,255,381.468,678.984
2934,168,255,554.923,684.214
2935,100,255,692.960,683.050
2936,31,255,885.081,679.790
2937,57,255,1108.342,680.500
2938,65,255,1260.346,680.623
2939,78,255,312.474,682.103
2940,37,255,454.500,680.014
2941,39,255,507.423,679.936
2942,123,255,524.687,684.085
2943,84,255,722.893,682.417
2944,84,255,1050.060,682.619
2945,71,255,345.021,682.951
2946,43,255,703.988,681.523
2947,104,255,741.471,683.731
2948,90,255,965.311,684.511
2949,74,255,995.081,683.041
2950,69,255,71.225,683.297
2951,59,255,389.873,684.720
2952,69,255,436.471,683.181
2953,110,255,1311.600,684.718
2954,161,255,1504.568,687.171
2955,64,255,1578.453,683.375
2956,139,255,930.680,687.658
2957,88,255,977.398,684.898
2958,69,255,42.746,685.804
2959,112,255,127.098,686.902
2960,113,255,239.013,687.509
2961,42,255,361.357,684.976
2962,32,255,611.781,684.406
2963,78,255,953.846,686.103
2964,87,255,296.397,687.408
2965,45,255,628.233,686.233
2966,84,255,668.000,687.000
2967,22,255,901.000,684.773
2968,38,255,909.053,685.395
2969,73,255,1077.952,686.705
2970,47,255,1544.457,686.904
2971,59,255,1569.839,686.280
2972,41,255,470.939,686.939
2973,61,255,1039.041,687.484
2974,129,255,1090.833,690.043
2975,55,255,1207.827,686.391
2976,42,255,1337.143,686.881
2977,130,255,1384.308,687.915
2978,233,255,1419.474,692.161
2979,139,255,179.745,689.212
2980,71,255,376.387,688.472
2981,90,255,646.200,688.900
2982,96,255,820.688,689.688
2983,81,255,834.488,688.586
2984,85,255,1228.500,688.453
2985,41,255,1244.427,688.354
2986,60,255,80.433,689.500
2987,30,255,352.233,687.533
2988,96,255,431.823,692.469
2989,132,255,278.553,692.371
2990,41,255,450.573,689.817
2991,93,255,509.382,691.005
2992,50,255,1014.800,689.980
2993,112,255,1029.473,693.384
2994,77,255,1452.851,691.643
2995,119,255,1526.584,692.576
2996,42,255,1004.571,690.833
2997,138,255,1346.478,694.348
2998,136,255,1195.779,693.721
2999,62,255,1306.258,692.419
3000,121,255,1440.963,695.657
3001,97,255,322.057,694.397
3002,47,255,1144.138,692.947
3003,66,255,204.091,695.394
3004,73,255,397.390,696.390
3005,84,255,611.702,694.750
3006,32,255,768.062,692.781
3007,56,255,1324.268,694.804
3008,218,255,1587.005,698.656
3009,150,255,25.767,698.907
3010,72,255,48.778,696.319
3011,61,255,68.500,695.664
3012,38,255,89.105,695.105
3013,82,255,480.963,695.988
3014,102,255,803.265,696.314
3015,82,255,707.476,696.537
3016,75,255,894.420,697.420
3017,120,255,911.150,697.208
3018,70,255,1049.100,698.171
3019,96,255,111.438,698.062
3020,85,255,413.441,698.606
3021,78,255,592.590,697.449
3022,62,255,687.871,696.710
3023,70,255,989.614,697.086
3024,148,255,350.345,702.541
3025,109,255,730.812,699.794
3026,45,255,1103.367,697.389
3027,143,255,1119.073,701.325
3028,46,255,1289.326,697.522
3029,48,255,1379.125,698.000
3030,66,255,1551.864,697.379
3031,81,255,217.080,699.883
3032,39,255,490.833,699.244
3033,80,255,624.025,700.487
3034,135,255,1169.522,701.885
3035,81,255,1266.278,699.981
3036,58,255,1472.862,700.276
3037,67,255,95.172,700.813
3038,117,255,191.808,701.526
3039,58,255,290.621,699.259
3040,106,255,527.811,702.368
3041,63,255,664.341,700.770
3042,112,255,793.938,704.330
3043,96,255,1484.260,702.073
3044,60,255,1512.983,700.633
3045,62,255,1536.081,700.774
3046,77,255,248.474,701.760
3047,74,255,772.595,702.149
3048,117,255,853.491,702.603
3049,49,255,946.010,700.929
3050,90,255,1011.122,702.400
3051,99,255,1154.944,703.328
3052,48,255,1226.938,700.583
3053,87,255,80.098,703.374
3054,134,255,960.254,705.187
3055,31,255,1088.145,701.565
3056,29,255,1187.983,701.500
3057,48,255,1566.854,702.188
3058,39,255,375.731,702.013
3059,77,255,1061.435,704.188
3060,102,255,1243.382,704.157
3061,149,255,1363.930,704.923
3062,76,255,151.132,704.697
3063,61,255,117.631,705.352
3064,56,255,454.696,705.339
3065,45,255,1393.078,705.433
3066,56,255,445.589,707.000
3067,60,255,581.317,706.233
3068,103,255,683.481,707.180
3069,101,255,1542.757,709.797
3070,35,255,2.071,707.300
3071,62,255,19.097,707.532
3072,64,255,160.078,708.688
3073,41,255,603.720,706.183
3074,57,255,637.500,708.044
3075,52,255,824.096,706.981
3076,65,255,1045.792,706.946
3077,39,255,648.141,707.603
3078,64,255,866.578,708.109
3079,67,255,992.216,708.903
3080,59,255,1262.636,708.720
3081,23,255,1381.283,706.804
3082,107,255,1432.388,710.995
3083,79,255,51.854,709.184
3084,48,255,396.229,708.271
3085,36,255,589.611,708.556
3086,112,255,709.768,709.455
3087,51,255,743.225,709.225
3088,39,255,783.551,708.756
3089,51,255,935.539,710.049
3090,60,255,304.033,711.067
3091,64,255,407.688,710.031
3092,22,255,926.409,708.455
3093,91,255,1274.346,711.555
3094,61,255,1501.041,710.648
3095,66,255,554.803,711.970
3096,61,255,1071.844,711.582
3097,108,255,1289.306,712.231
3098,60,255,127.183,711.867
3099,61,255,255.057,712.107
3100,44,255,363.068,710.909
3101,36,255,377.139,711.694
3102,76,255,435.184,713.158
3103,21,255,598.595,711.405
3104,85,255,731.229,712.512
3105,22,255,1178.000,710.773
3106,73,255,1314.336,712.596
3107,84,255,1415.190,714.560
3108,39,255,71.603,713.167
3109,26,255,293.115,711.923
3110,61,255,516.238,712.828
3111,57,255,693.781,713.605
3112,35,255,751.700,712.043
3113,50,255,944.600,713.000
3114,36,255,1231.861,712.056
3115,71,255,1400.472,713.824
3116,26,255,206.115,713.423
3117,84,255,776.321,715.714
3118,45,255,193.211,714.367
3119,90,255,278.678,717.111
3120,92,255,480.435,715.946
3121,64,255,543.750,717.047
3122,107,255,1196.481,716.173
3123,65,255,1237.700,718.023
3124,100,255,87.480,717.020
3125,67,255,1081.619,716.769
3126,74,255,214.892,719.459
3127,50,255,237.760,717.700
3128,87,255,388.063,717.511
3129,28,255,640.286,715.500
3130,55,255,820.064,717.027
3131,87,255,880.259,718.052
3132,50,255,1525.000,716.600
3133,63,255,97.881,718.325
3134,28,255,1102.679,716.857
3135,55,255,33.045,718.609
3136,76,255,166.618,720.184
3137,63,255,248.944,718.960
3138,78,255,628.859,719.897
3139,29,255,913.879,717.914
3140,66,255,949.742,720.879
3141,105,255,1000.957,720.271
3142,27,255,1056.019,717.907
3143,64,255,55.234,719.484
3144,82,255,317.817,721.305
3145,69,255,370.514,720.949
3146,74,255,746.297,719.946
3147,85,255,842.288,721.712
3148,63,255,927.214,719.881
3149,24,255,1224.750,718.542
3150,85,255,1338.441,723.194
3151,46,255,519.370,720.304
3152,36,255,527.472,721.028
3153,51,255,831.304,721.598
3154,81,255,962.735,721.599
3155,105,255,1117.767,720.890
3156,52,255,1150.577,719.885
3157,95,255,1170.321,722.700
3158,123,255,152.175,724.159
3159,42,255,358.262,721.643
3160,67,255,111.963,724.381
3161,46,255,223.630,722.870
3162,99,255,798.419,724.581
3163,43,255,981.337,722.988
3164,86,255,1319.012,723.640
3165,92,255,3.478,727.283
3166,45,255,16.922,723.456
3167,36,255,1220.278,723.833
3168,82,255,1372.390,725.585
3169,98,255,1578.439,726.714
3170,22,255,127.455,724.364
3171,77,255,565.201,725.747
3172,85,255,577.888,726.029
3173,61,255,701.320,725.926
3174,88,255,1358.830,726.250
3175,48,255,1528.042,726.104
3176,69,255,914.384,726.949
3177,70,255,1259.443,727.757
3178,113,255,1454.447,730.093
3179,68,255,34.235,728.691
3180,73,255,60.911,727.418
3181,47,255,296.798,727.904
3182,47,255,421.011,728.074
3183,168,255,435.595,731.940
3184,63,255,1026.659,728.706
3185,66,255,1036.515,728.879
3186,38,255,1145.579,727.474
3187,79,255,340.728,729.652
3188,76,255,384.289,729.618
3189,113,255,458.518,730.951
3190,44,255,547.432,728.818
3191,78,255,870.962,730.603
3192,28,255,941.214,728.607
3193,71,255,1073.500,729.331
3194,79,255,1199.335,729.424
3195,63,255,1228.103,730.167
3196,90,255,1238.756,730.522
3197,114,255,1384.360,731.596
3198,88,255,98.455,731.341
3199,59,255,718.992,730.331
3200,57,255,901.658,730.588
3201,56,255,989.946,730.107
3202,41,255,209.207,730.354
3203,66,255,224.273,731.439
3204,53,255,258.368,730.594
3205,93,255,602.833,731.919
3206,91,255,1292.269,732.500
3207,135,255,1431.093,732.863
3208,66,255,636.288,733.061
3209,71,255,660.824,731.951
3210,68,255,320.324,733.544
3211,65,255,784.069,733.254
3212,43,255,846.965,732.151
3213,28,255,1398.714,732.000
3214,73,255,170.212,734.199
3215,61,255,190.516,734.156
3216,81,255,525.599,733.426
3217,66,255,538.909,734.818
3218,28,255,977.429,732.643
3219,55,255,1465.518,736.155
3220,35,255,1473.586,734.014
3221,80,255,125.287,736.800
3222,70,255,627.914,735.629
3223,86,255,674.779,735.372
3224,77,255,879.864,736.825
3225,88,255,1127.455,736.170
3226,99,255,1494.045,735.702
3227,70,255,272.529,736.786
3228,48,255,1097.500,736.104
3229,126,255,1112.611,738.381
3230,58,255,1330.603,736.241
3231,131,255,492.431,739.210
3232,55,255,893.864,737.555
3233,38,255,1194.553,737.211
3234,70,255,60.371,738.371
3235,105,255,691.452,741.500
3236,47,255,959.585,737.543
3237,57,255,1143.254,737.816
3238,52,255,14.212,738.327
3239,73,255,47.363,739.486
3240,61,255,563.270,739.385
3241,71,255,761.063,739.162
3242,66,255,1020.106,739.894
3243,22,255,407.364,738.500
3244,77,255,419.591,741.006
3245,52,255,475.058,739.635
3246,22,255,950.864,738.773
3247,95,255,977.268,740.689
3248,105,255,1221.976,742.843
3249,40,255,209.775,740.100
3250,67,255,259.709,741.754
3251,70,255,342.143,741.457
3252,55,255,352.427,741.118
3253,76,255,369.132,742.474
3254,26,255,700.731,740.231
3255,82,255,932.366,741.951
3256,39,255,1070.654,740.115
3257,96,255,244.115,744.594
3258,77,255,841.201,743.253
3259,81,255,1203.364,742.636
3260,77,255,177.253,744.422
3261,65,255,518.223,743.669
3262,41,255,599.915,742.524
3263,69,255,730.500,743.094
3264,80,255,849.850,745.725
3265,91,255,861.841,744.115
3266,93,255,1240.070,743.081
3267,56,255,506.000,744.000
3268,25,255,781.460,742.780
3269,76,255,1164.987,744.566
3270,33,255,1289.894,742.864
3271,94,255,1400.628,744.766
3272,75,255,1486.900,744.833
3273,90,255,401.567,746.089
3274,62,255,540.065,745.113
3275,183,255,1274.943,749.527
3276,20,255,1457.400,743.050
3277,116,255,1515.690,749.810
3278,82,255,1529.073,746.256
3279,73,255,98.295,746.377
3280,42,255,531.571,745.810
3281,66,255,944.000,747.833
3282,99,255,1143.258,747.258
3283,59,255,1594.517,746.585
3284,21,255,617.071,746.119
3285,68,255,632.868,747.544
3286,27,255,647.241,745.907
3287,63,255,1557.992,747.024
3288,144,255,463.576,750.215
3289,73,255,595.856,749.623
3290,67,255,663.410,749.007
3291,52,255,884.423,748.519
3292,28,255,15.000,747.464
3293,98,255,77.673,750.531
3294,91,255,153.775,750.269
3295,26,255,186.808,748.154
3296,89,255,294.365,751.107
3297,24,255,610.625,748.333
3298,62,255,671.435,750.468
3299,39,255,1077.833,748.654
3300,103,255,1368.432,749.714
3301,52,255,1475.019,748.692
3302,63,255,375.643,750.484
3303,52,255,789.135,749.923
3304,123,255,903.898,750.850
3305,45,255,1067.500,749.500
3306,51,255,1087.049,750.794
3307,47,255,1336.628,749.798
3308,58,255,6.862,751.897
3309,31,255,63.500,749.500
3310,75,255,274.367,751.780
3311,80,255,565.638,752.275
3312,67,255,709.619,753.187
3313,68,255,769.971,752.794
3314,27,255,1155.352,750.722
3315,57,255,1241.904,750.254
3316,41,255,1261.085,751.988
3317,81,255,1313.858,752.784
3318,52,255,412.231,751.769
3319,23,255,935.109,751.196
3320,49,255,1023.582,751.969
3321,64,255,1100.328,752.531
3322,74,255,343.108,753.324
3323,41,255,982.744,752.232
3324,43,255,259.756,753.570
3325,23,255,779.587,752.717
3326,43,255,1109.919,753.291
3327,54,255,1229.556,754.259
3328,82,255,1350.183,754.963
3329,61,255,1403.844,755.008
3330,103,255,322.160,756.782
3331,61,255,440.303,754.975
3332,26,255,1163.654,754.346
3333,25,255,1186.660,754.300
3334,31,255,1492.306,754.371
3335,102,255,127.961,758.382
3336,107,255,734.136,757.481
3337,53,255,759.858,756.009
3338,123,255,1430.142,757.817
3339,67,255,812.455,757.157
3340,25,255,930.820,756.180
3341,65,255,1555.992,757.500
3342,55,255,60.955,758.209
3343,29,255,142.810,757.500
3344,94,255,383.883,759.947
3345,63,255,520.198,757.548
3346,79,255,228.842,760.032
3347,83,255,424.886,760.175
3348,48,255,855.812,759.354
3349,83,255,1319.645,760.380
3350,46,255,209.522,759.739
3351,49,255,333.071,760.214
3352,36,255,783.222,759.333
3353,39,255,839.551,760.038
3354,33,255,1208.470,759.318
3355,50,255,10.260,761.060
3356,108,255,219.028,765.880
3357,114,255,248.175,762.096
3358,116,255,304.638,761.241
3359,55,255,480.882,760.536
3360,108,255,914.102,764.787
3361,76,255,50.197,763.171
3362,32,255,608.625,761.031
3363,108,255,801.843,764.537
3364,23,255,1183.283,760.283
3365,128,255,1581.062,764.617
3366,24,255,150.167,762.042
3367,42,255,190.714,762.810
3368,56,255,369.411,762.429
3369,111,255,698.176,765.968
3370,106,255,954.717,764.972
3371,73,255,1156.952,764.212
3372,76,255,104.053,764.908
3373,57,255,399.202,765.167
3374,103,255,671.228,766.461
3375,75,255,686.847,765.633
3376,104,255,996.894,766.308
3377,49,255,1484.745,763.622
3378,121,255,450.541,768.781
3379,87,255,547.534,765.718
3380,85,255,1419.724,765.865
3381,69,255,166.645,765.906
3382,94,255,584.660,767.628
3383,37,255,754.203,765.662
3384,114,255,1096.561,768.518
3385,55,255,1168.191,766.555
3386,90,255,1513.467,767.833
3387,143,255,1536.878,768.486
3388,37,255,594.743,767.365
3389,82,255,881.061,768.159
3390,122,255,1455.131,770.008
3391,58,255,1476.603,767.448
3392,35,255,1597.929,767.700
3393,53,255,493.745,767.764
3394,55,255,505.500,768.500
3395,48,255,562.000,768.000
3396,42,255,891.643,767.214
3397,33,255,1189.379,767.045
3398,95,255,1227.784,769.616
3399,21,255,1525.071,766.881
3400,48,255,21.104,768.500
3401,70,255,520.757,768.971
3402,117,255,656.731,771.192
3403,73,255,1197.705,769.295
3404,100,255,1399.010,770.700
3405,32,255,274.750,769.469
3406,53,255,476.104,769.934
3407,61,255,1033.090,769.877
3408,34,255,1263.735,769.000
3409,133,255,1277.117,771.816
3410,43,255,113.709,770.756
3411,69,255,265.225,772.007
3412,55,255,314.755,771.500
3413,49,255,342.418,769.316
3414,52,255,532.346,770.327
3415,98,255,621.388,771.786
3416,58,255,714.983,771.121
3417,31,255,933.726,770.081
3418,75,255,1046.553,771.513
3419,100,255,1295.430,772.000
3420,138,255,1250.297,776.848
3421,72,255,1437.611,773.111
3422,107,255,294.743,776.528
3423,76,255,367.645,773.118
3424,79,255,461.943,775.108
3425,46,255,730.000,773.065
3426,67,255,964.172,773.575
3427,54,255,1338.759,772.926
3428,88,255,69.830,774.864
3429,84,255,96.929,774.548
3430,57,255,304.009,774.272
3431,39,255,790.936,772.936
3432,43,255,1068.384,773.640
3433,83,255,43.187,775.536
3434,63,255,556.214,775.706
3435,55,255,744.155,774.500
3436,108,255,768.185,776.333
3437,46,255,1079.804,774.957
3438,70,255,1185.886,775.400
3439,94,255,1487.309,777.766
3440,48,255,1568.333,774.958
3441,66,255,139.636,776.939
3442,61,255,1120.434,776.762
3443,67,255,194.590,777.545
3444,65,255,239.915,777.992
3445,80,255,495.587,777.112
3446,44,255,1156.341,776.773
3447,115,255,1372.274,779.543
3448,40,255,222.600,777.700
3449,37,255,282.176,777.554
3450,33,255,471.348,777.955
3451,34,255,808.235,777.500
3452,95,255,819.479,779.458
3453,34,255,992.206,777.029
3454,116,255,1557.405,780.121
3455,70,255,345.871,778.943
3456,71,255,435.430,779.852
3457,57,255,636.482,778.535
3458,84,255,1056.905,780.607
3459,54,255,1325.444,778.815
3460,41,255,171.183,779.110
3461,33,255,336.894,778.985
3462,78,255,1509.590,780.167
3463,33,255,548.894,779.591
3464,58,255,783.534,781.431
3465,28,255,1011.679,780.179
3466,45,255,1236.744,780.144
3467,45,255,1415.811,779.878
3468,104,255,117.962,782.913
3469,68,255,692.338,783.500
3470,85,255,642.147,786.029
3471,88,255,703.682,784.330
3472,54,255,791.667,782.667
3473,51,255,850.657,782.618
3474,65,255,883.715,782.885
3475,71,255,941.021,783.500
3476,124,255,979.839,784.113
3477,72,255,1144.361,784.417
3478,91,255,1537.588,784.599
3479,96,255,3.719,787.312
3480,151,255,323.811,786.844
3481,58,255,395.328,784.569
3482,45,255,478.544,783.678
3483,24,255,1004.167,782.375
3484,66,255,1107.833,784.348
3485,78,255,58.615,786.590
3486,74,255,277.405,787.095
3487,99,255,623.712,785.015
3488,69,255,667.935,785.616
3489,64,255,1309.719,785.906
3490,76,255,1473.013,786.263
3491,78,255,244.513,786.321
3492,129,255,361.671,788.547
3493,26,255,487.731,785.077
3494,66,255,654.258,786.591
3495,77,255,922.240,787.201
3496,56,255,1157.679,785.464
3497,119,255,1342.172,787.038
3498,33,255,142.045,786.500
3499,39,255,177.346,786.654
3500,89,255,258.466,788.230
3501,79,255,302.032,787.943
3502,70,255,803.786,788.114
3503,80,255,894.312,787.550
3504,26,255,725.192,786.846
3505,44,255,1120.773,787.773
3506,30,255,426.233,788.400
3507,37,255,437.797,788.878
3508,125,255,528.676,792.676
3509,80,255,548.663,792.050
3510,48,255,574.292,789.000
3511,135,255,1291.863,792.715
3512,75,255,1483.087,790.180
3513,62,255,499.806,789.903
3514,26,255,999.000,788.500
3515,65,255,1042.115,790.177
3516,38,255,1385.526,789.579
3517,55,255,912.900,791.427
3518,35,255,1064.900,790.586
3519,125,255,1584.156,793.380
3520,30,255,51.067,791.200
3521,49,255,202.480,791.745
3522,97,255,448.180,793.655
3523,68,255,684.956,792.324
3524,81,255,735.907,793.105
3525,43,255,1545.756,791.965
3526,49,255,1571.316,792.357
3527,66,255,351.379,793.848
3528,57,255,461.939,793.167
3529,30,255,515.600,792.000
3530,77,255,587.370,793.760
3531,88,255,751.364,793.943
3532,60,255,852.917,793.217
3533,60,255,1192.283,793.017
3534,81,255,1419.290,793.574
3535,47,255,415.798,793.521
3536,54,255,558.926,794.870
3537,121,255,604.285,794.302
3538,61,255,863.975,794.287
3539,127,255,1249.240,797.650
3540,114,255,1449.228,797.684
3541,75,255,1522.113,795.060
3542,80,255,73.963,796.038
3543,58,255,267.362,795.810
3544,45,255,484.500,794.500
3545,63,255,1133.294,794.722
3546,88,255,1270.534,796.523
3547,98,255,1400.990,797.347
3548,90,255,1464.500,797.278
3549,88,255,13.648,797.557
3550,41,255,103.354,795.232
3551,60,255,663.800,795.817
3552,79,255,784.133,796.462
3553,93,255,831.715,797.715
3554,103,255,1096.325,796.762
3555,30,255,1207.100,794.900
3556,72,255,1237.514,797.028
3557,88,255,89.966,797.432
3558,83,255,312.898,798.054
3559,68,255,647.956,797.882
3560,35,255,763.186,796.186
3561,116,255,953.517,798.491
3562,132,255,1320.288,799.939
3563,100,255,1553.930,799.390
3564,124,255,220.331,800.565
3565,43,255,507.686,798.081
3566,25,255,711.060,796.700
3567,68,255,1014.721,798.368
3568,147,255,1362.793,800.092
3569,104,255,877.740,803.163
3570,64,255,890.766,798.844
3571,36,255,964.972,798.750
3572,62,255,141.097,799.774
3573,26,255,632.346,798.615
3574,54,255,1223.426,799.944
3575,63,255,35.214,801.310
3576,29,255,173.017,799.086
3577,97,255,254.933,801.943
3578,132,255,327.606,803.508
3579,33,255,385.924,800.470
3580,133,255,570.395,803.477
3581,32,255,919.906,799.781
3582,24,255,1003.000,800.000
3583,52,255,1168.769,801.519
3584,92,255,1186.424,803.370
3585,41,255,1506.061,800.549
3586,20,255,1593.000,799.600
3587,66,255,975.864,801.818
3588,72,255,1030.472,802.472
3589,73,255,105.979,803.829
3590,69,255,363.558,804.529
3591,36,255,517.472,802.194
3592,93,255,800.726,804.640
3593,67,255,813.291,804.425
3594,136,255,1154.706,804.941
3595,123,255,52.289,806.012
3596,55,255,126.045,804.300
3597,65,255,288.069,804.669
3598,92,255,405.739,806.185
3599,77,255,689.253,804.825
3600,51,255,850.539,803.618
3601,72,255,1049.986,804.597
3602,78,255,1212.218,804.962
3603,66,255,276.939,805.621
3604,75,255,417.180,806.127
3605,59,255,550.144,805.178
3606,25,255,737.940,803.300
3607,46,255,910.109,804.043
3608,56,255,1278.071,804.750
3609,82,255,1489.683,806.451
3610,27,255,6.130,805.167
3611,70,255,485.543,806.257
3612,54,255,616.981,806.222
3613,85,255,629.794,806.841
3614,98,255,719.765,807.092
3615,34,255,500.676,807.441
3616,76,255,529.158,807.921
3617,96,255,665.208,809.010
3618,21,255,700.643,806.310
3619,41,255,1335.354,806.646
3620,32,255,1342.969,805.281
3621,57,255,375.500,807.693
3622,61,255,441.648,808.582
3623,22,255,1092.227,806.500
3624,70,255,154.114,808.914
3625,68,255,451.250,809.926
3626,72,255,829.181,810.014
3627,80,255,1126.362,809.400
3628,64,255,1176.938,809.328
3629,89,255,1374.680,810.522
3630,20,255,1397.550,807.850
3631,33,255,1500.106,808.136
3632,43,255,1533.035,807.895
3633,30,255,1582.400,808.500
3634,62,255,78.661,810.355
3635,55,255,675.755,809.936
3636,68,255,936.529,810.441
3637,124,255,996.758,812.919
3638,120,255,1428.408,812.142
3639,32,255,1597.938,810.000
3640,76,255,475.066,812.763
3641,69,255,743.949,812.022
3642,27,255,945.426,809.907
3643,64,255,979.672,811.047
3644,80,255,1237.912,811.888
3645,69,255,1304.558,812.196
3646,65,255,1385.777,812.223
3647,135,255,1412.226,812.781
3648,28,255,1588.643,809.857
3649,54,255,708.648,812.556
3650,66,255,855.939,812.697
3651,89,255,1078.635,812.275
3652,45,255,35.500,812.500
3653,43,255,463.942,813.640
3654,38,255,885.289,812.289
3655,75,255,903.580,813.127
3656,152,255,207.033,815.401
3657,32,255,311.156,812.969
3658,111,255,348.194,816.545
3659,80,255,1345.513,814.612
3660,139,255,118.752,819.694
3661,48,255,761.583,814.729
3662,65,255,777.377,815.377
3663,61,255,966.697,815.533
3664,121,255,1200.517,816.508
3665,45,255,1219.744,814.433
3666,32,255,1288.281,814.719
3667,34,255,1479.794,814.000
3668,69,255,376.688,815.891
3669,67,255,956.291,816.530
3670,66,255,1013.818,816.818
3671,123,255,1093.923,816.508
3672,20,255,1445.400,814.950
3673,40,255,188.375,817.000
3674,58,255,226.862,816.655
3675,130,255,280.908,817.985
3676,98,255,555.806,818.622
3677,49,255,618.541,817.071
3678,59,255,1296.042,818.449
3679,138,255,255.616,822.196
3680,99,255,401.126,819.591
3681,23,255,484.370,816.326
3682,71,255,637.106,818.599
3683,102,255,730.216,819.735
3684,69,255,787.993,819.601
3685,61,255,910.877,818.189
3686,107,255,1027.023,819.687
3687,105,255,1567.452,819.205
3688,36,255,1587.528,817.278
3689,51,255,129.873,818.735
3690,75,255,571.380,819.980
3691,52,255,363.423,819.365
3692,60,255,609.600,820.100
3693,65,255,694.654,820.238
3694,83,255,749.030,823.151
3695,27,255,1109.093,818.426
3696,32,255,53.781,819.500
3697,72,255,430.000,821.500
3698,59,255,799.483,820.975
3699,77,255,1545.032,821.721
3700,126,255,73.087,823.873
3701,82,255,170.463,822.646
3702,40,255,593.075,821.875
3703,93,255,1451.016,824.124
3704,68,255,887.853,824.265
3705,62,255,1373.548,824.145
3706,43,255,1420.988,823.291
3707,56,255,151.500,824.839
3708,117,255,319.944,826.620
3709,42,255,389.643,824.786
3710,24,255,824.875,823.708
3711,83,255,976.042,825.970
3712,114,255,1047.553,827.272
3713,66,255,1239.864,825.182
3714,83,255,228.934,826.090
3715,24,255,514.125,824.833
3716,76,255,711.105,827.197
3717,64,255,1276.328,825.234
3718,98,255,1316.112,828.429
3719,33,255,241.409,826.348
3720,64,255,877.969,827.891
3721,64,255,918.625,827.266
3722,41,255,1111.305,826.963
3723,98,255,1340.020,827.816
3724,90,255,1585.233,827.944
3725,46,255,331.804,828.674
3726,42,255,371.000,827.310
3727,107,255,443.154,829.621
3728,83,255,458.295,829.247
3729,96,255,493.677,828.938
3730,93,255,694.543,830.435
3731,27,255,763.574,827.093
3732,74,255,774.919,828.405
3733,85,255,1479.135,829.124
3734,54,255,1521.259,827.685
3735,61,255,141.139,829.107
3736,60,255,807.000,829.367
3737,81,255,832.969,828.870
3738,174,255,935.270,832.287
3739,139,255,1135.133,829.673
3740,77,255,1211.383,829.565
3741,92,255,1493.196,829.815
3742,53,255,1532.594,829.840
3743,28,255,14.893,829.143
3744,56,255,175.732,830.750
3745,82,255,598.415,830.866
3746,75,255,1414.300,832.140
3747,169,255,348.683,832.861
3748,47,255,902.819,830.309
3749,60,255,1163.350,830.483
3750,35,255,46.329,830.814
3751,109,255,298.307,833.601
3752,48,255,400.000,831.500
3753,93,255,536.489,834.543
3754,48,255,1249.375,832.479
3755,55,255,1351.864,833.936
3756,60,255,104.150,832.967
3757,43,255,192.291,832.035
3758,34,255,518.176,831.765
3759,142,255,682.972,836.930
3760,62,255,1544.774,832.935
3761,71,255,572.570,833.754
3762,76,255,612.974,834.474
3763,30,255,845.300,833.867
3764,34,255,1242.529,833.500
3765,139,255,261.644,839.586
3766,68,255,276.000,835.221
3767,101,255,962.916,835.450
3768,66,255,1012.455,835.121
3769,57,255,1427.974,835.044
3770,69,255,509.022,837.007
3771,52,255,669.212,835.500
3772,87,255,760.569,836.638
3773,58,255,919.466,835.845
3774,80,255,1114.537,836.513
3775,86,255,1360.512,838.256
3776,126,255,1381.071,838.357
3777,99,255,215.530,839.157
3778,40,255,238.550,836.025
3779,99,255,364.116,839.298
3780,56,255,376.143,838.643
3781,64,255,865.766,837.141
3782,47,255,910.202,837.181
3783,71,255,1157.613,837.218
3784,103,255,1441.277,838.578
3785,75,255,1553.753,838.620
3786,99,255,645.742,839.621
3787,99,255,1073.813,840.116
3788,99,255,1503.894,839.348
3789,84,255,39.274,841.000
3790,45,255,49.922,839.122
3791,138,255,284.652,844.326
3792,80,255,584.862,840.337
3793,66,255,720.000,838.894
3794,47,255,878.011,838.670
3795,74,255,1178.095,839.419
3796,90,255,1338.400,839.944
3797,52,255,11.846,839.788
3798,101,255,197.550,841.668
3799,60,255,804.133,839.417
3800,48,255,1232.958,839.604
3801,114,255,1586.886,841.465
3802,22,255,86.818,839.318
3803,78,255,547.500,840.987
3804,97,255,1212.201,842.521
3805,70,255,1313.386,841.700
3806,60,255,408.067,842.400
3807,38,255,524.395,840.368
3808,38,255,838.737,841.053
3809,114,255,1002.009,847.175
3810,55,255,1490.427,841.555
3811,159,255,1520.336,844.035
3812,72,255,168.542,842.569
3813,43,255,245.035,842.407
3814,53,255,342.368,843.689
3815,94,255,427.106,844.021
3816,68,255,475.000,843.500
3817,39,255,660.910,841.962
3818,96,255,1092.760,845.385
3819,128,255,1569.156,844.891
3820,54,255,321.463,843.444
3821,97,255,396.943,846.273
3822,96,255,563.458,845.323
3823,35,255,977.071,843.443
3824,25,255,1394.140,843.860
3825,69,255,28.978,845.370
3826,112,255,152.286,847.473
3827,48,255,303.438,845.000
3828,37,255,749.554,843.824
3829,41,255,856.890,844.159
3830,72,255,1057.847,845.292
3831,55,255,1245.645,844.300
3832,50,255,1259.040,845.340
3833,119,255,1420.164,847.466
3834,34,255,77.441,845.265
3835,23,255,827.761,844.457
3836,40,255,1043.825,845.525
3837,101,255,1287.668,847.579
3838,69,255,508.167,848.442
3839,74,255,954.081,847.311
3840,110,255,966.436,849.136
3841,34,255,1195.765,847.147
3842,58,255,580.052,848.448
3843,76,255,815.395,848.855
3844,71,255,849.218,849.613
3845,76,255,1116.118,848.224
3846,48,255,1130.042,847.896
3847,35,255,1188.871,847.157
3848,27,255,58.130,847.907
3849,116,255,103.259,850.500
3850,29,255,141.224,847.948
3851,43,255,454.965,848.244
3852,31,255,638.339,848.758
3853,54,255,689.574,848.537
3854,71,255,763.951,849.683
3855,144,255,780.354,850.090
3856,78,255,615.590,850.564
3857,60,255,722.883,850.217
3858,60,255,862.633,851.117
3859,50,255,908.580,849.980
3860,46,255,1453.891,849.870
3861,70,255,226.986,852.014
3862,113,255,376.898,855.111
3863,71,255,527.697,851.246
3864,108,255,674.444,852.907
3865,59,255,1172.466,851.263
3866,65,255,1431.638,851.792
3867,34,255,330.824,850.882
3868,91,255,465.401,853.313
3869,46,255,834.804,851.000
3870,96,255,1038.354,854.760
3871,61,255,1206.336,851.959
3872,64,255,1362.844,852.766
3873,42,255,130.024,853.905
3874,115,255,171.022,857.091
3875,86,255,208.407,853.442
3876,47,255,363.032,852.564
3877,63,255,487.452,853.437
3878,55,255,739.445,853.282
3879,113,255,929.615,854.934
3880,83,255,1012.512,854.440
3881,45,255,1388.478,852.922
3882,67,255,11.336,854.679
3883,53,255,310.142,854.047
3884,91,255,324.269,856.137
3885,107,255,1154.453,855.855
3886,61,255,1305.959,853.549
3887,99,255,1485.268,855.066
3888,55,255,1055.427,855.064
3889,62,255,121.242,856.242
3890,26,255,712.385,854.731
3891,104,255,1233.894,858.394
3892,81,255,1471.611,856.821
3893,61,255,549.172,857.844
3894,59,255,603.415,858.568
3895,46,255,1096.630,855.913
3896,85,255,1348.547,856.735
3897,112,255,43.580,860.000
3898,144,255,406.819,859.806
3899,106,255,1079.274,859.302
3900,72,255,1191.278,858.444
3901,66,255,1320.258,859.152
3902,80,255,1588.975,859.100
3903,23,255,244.457,857.717
3904,62,255,566.758,858.726
3905,62,255,626.161,859.145
3906,36,255,940.333,858.417
3907,104,255,1113.337,859.731
3908,47,255,1579.585,859.479
3909,63,255,194.675,860.817
3910,30,255,430.133,859.233
3911,30,255,580.133,859.167
3912,82,255,644.183,862.963
3913,21,255,877.643,858.643
3914,89,255,69.848,860.860
3915,33,255,219.136,860.379
3916,99,255,529.237,863.611
3917,87,255,593.213,862.649
3918,57,255,851.640,860.974
3919,21,255,1441.881,859.071
3920,62,255,542.161,862.919
3921,92,255,1386.674,863.554
3922,45,255,437.811,862.389
3923,33,255,779.561,861.924
3924,111,255,1132.509,863.158
3925,55,255,1334.664,863.755
3926,122,255,1514.016,864.738
3927,64,255,788.109,864.641
3928,94,255,815.713,865.032
3929,77,255,832.097,864.786
3930,119,255,989.693,864.357
3931,45,255,1361.722,863.278
3932,62,255,391.403,865.742
3933,57,255,681.570,864.430
3934,24,255,709.833,863.375
3935,51,255,743.755,864.441
3936,56,255,1163.464,865.143
3937,63,255,1256.833,865.119
3938,107,255,1405.089,866.463
3939,61,255,247.844,867.074
3940,129,255,286.260,867.322
3941,39,255,347.833,865.705
3942,42,255,1026.357,865.690
3943,91,255,1424.137,867.203
3944,26,255,154.269,865.231
3945,51,255,214.147,866.657
3946,75,255,269.260,870.140
3947,47,255,357.223,866.564
3948,69,255,449.891,867.993
3949,78,255,497.295,867.718
3950,49,255,841.929,867.724
3951,82,255,1172.220,867.939
3952,71,255,331.359,867.894
3953,39,255,372.603,867.449
3954,53,255,577.745,867.481
3955,78,255,1046.564,868.295
3956,138,255,1304.181,871.196
3957,88,255,1550.750,870.352
3958,89,255,1562.118,869.916
3959,31,255,234.113,867.823
3960,29,255,801.190,867.810
3961,79,255,932.437,869.627
3962,108,255,1287.074,872.009
3963,39,255,2.192,870.731
3964,99,255,34.045,873.449
3965,58,255,88.310,870.328
3966,49,255,663.827,870.071
3967,48,255,688.958,869.875
3968,152,255,876.046,872.487
3969,46,255,1272.761,870.000
3970,72,255,317.194,871.833
3971,62,255,419.419,871.306
3972,144,255,770.681,872.521
3973,162,255,1091.759,875.228
3974,27,255,620.574,870.907
3975,42,255,900.810,871.810
3976,52,255,1185.558,871.615
3977,179,255,1198.679,878.439
3978,65,255,1235.223,871.869
3979,120,255,1352.025,874.033
3980,48,255,12.875,872.979
3981,69,255,146.486,874.196
3982,26,255,153.654,871.308
3983,150,255,186.680,875.707
3984,79,255,404.589,873.348
3985,38,255,474.421,872.158
3986,79,255,608.715,875.234
3987,79,255,713.184,872.943
3988,42,255,915.667,872.548
3989,57,255,1219.009,873.079
3990,54,255,59.333,873.741
3991,31,255,118.823,872.339
3992,24,255,442.875,873.292
3993,22,255,969.000,872.227
3994,27,255,1435.278,873.204
3995,77,255,1532.435,874.877
3996,47,255,23.798,875.436
3997,46,255,47.370,874.587
3998,35,255,106.414,874.243
3999,68,255,375.382,876.662
4000,33,255,463.924,874.682
4001,148,255,736.345,876.858
4002,51,255,1385.833,874.461
4003,88,255,1449.614,875.716
4004,60,255,1465.250,874.500
4005,65,255,1480.731,875.315
4006,101,255,1578.777,876.569
4007,68,255,297.618,876.632
4008,65,255,573.854,876.685
4009,69,255,675.094,877.471
4010,48,255,696.917,875.729
4011,131,255,1137.752,879.935
4012,116,255,357.052,879.491
4013,24,255,241.500,876.625
4014,142,255,263.711,883.183
4015,131,255,530.202,880.164
4016,80,255,789.163,879.025
4017,139,255,820.442,880.536
4018,62,255,893.774,878.500
4019,77,255,951.305,879.201
4020,22,255,1048.136,877.727
4021,34,255,1511.647,876.706
4022,57,255,327.096,878.711
4023,117,255,508.551,881.244
4024,55,255,73.536,881.373
4025,24,255,542.083,879.250
4026,38,255,936.974,879.658
4027,80,255,986.587,880.538
4028,82,255,1018.183,880.878
4029,71,255,279.261,881.613
4030,55,255,307.664,881.064
4031,159,255,844.330,882.789
4032,46,255,929.826,881.000
4033,45,255,382.478,882.056
4034,124,255,486.452,884.758
4035,92,255,561.424,884.978
4036,41,255,684.256,881.768
4037,58,255,912.276,882.397
4038,68,255,158.103,883.824
4039,72,255,429.111,882.722
4040,29,255,475.948,881.914
4041,71,255,862.796,883.866
4042,84,255,1073.619,885.226
4043,75,255,1341.060,883.273
4044,81,255,119.401,884.340
4045,102,255,715.814,886.225
4046,73,255,1217.952,884.582
4047,54,255,1412.019,884.370
4048,151,255,1487.447,887.063
4049,101,255,1589.995,885.332
4050,46,255,139.065,884.717
4051,58,255,216.000,884.638
4052,63,255,467.881,886.056
4053,59,255,770.110,885.822
4054,71,255,998.303,885.542
4055,52,255,1119.154,885.615
4056,54,255,1267.889,885.111
4057,124,255,1375.847,886.153
4058,58,255,101.431,885.793
4059,48,255,642.896,887.146
4060,53,255,664.066,885.991
4061,53,255,778.934,886.047
4062,48,255,1245.542,885.438
4063,87,255,1511.144,887.178
4064,77,255,247.097,887.513
4065,49,255,746.337,886.112
4066,59,255,876.466,886.941
4067,66,255,703.667,888.576
4068,74,255,1307.216,888.378
4069,88,255,1422.000,889.489
4070,22,255,48.773,887.500
4071,103,255,200.869,892.034
4072,145,255,583.224,891.259
4073,43,255,654.174,889.174
4074,66,255,1155.591,889.439
4075,97,255,1455.201,890.644
4076,68,255,85.985,889.750
4077,52,255,146.154,890.442
4078,77,255,172.110,890.565
4079,41,255,634.646,889.500
4080,72,255,1465.583,891.264
4081,87,255,186.971,891.431
4082,50,255,401.460,890.800
4083,69,255,620.746,891.717
4084,54,255,728.981,891.407
4085,73,255,961.870,893.514
4086,45,255,1173.656,890.767
4087,71,255,222.711,892.754
4088,128,255,301.406,893.805
4089,56,255,598.000,892.089
4090,52,255,378.481,892.885
4091,36,255,419.667,892.250
4092,57,255,905.430,893.026
4093,90,255,928.233,893.544
4094,60,255,1086.250,893.067
4095,122,255,1191.156,894.934
4096,87,255,1234.546,894.121
4097,61,255,129.598,893.811
4098,145,255,335.176,895.714
4099,36,255,753.667,893.250
4100,60,255,495.483,895.733
4101,21,255,566.976,893.405
4102,40,255,1097.675,893.925
4103,121,255,1283.822,896.434
4104,65,255,1375.162,895.577
4105,83,255,1524.500,896.440
4106,56,255,29.179,895.518
4107,69,255,389.645,896.761
4108,70,255,841.386,896.571
4109,60,255,979.783,895.667
4110,37,255,1028.959,894.878
4111,58,255,1212.759,895.776
4112,68,255,1408.574,896.338
4113,125,255,450.276,899.236
4114,57,255,472.079,896.939
4115,28,255,553.500,896.071
4116,142,255,658.866,900.782
4117,70,255,1261.657,897.243
4118,173,255,1315.934,900.309
4119,77,255,12.136,898.409
4120,51,255,357.735,897.892
4121,79,255,637.373,899.867
4122,56,255,792.321,897.804
4123,59,255,1050.805,897.449
4124,40,255,1129.350,896.375
4125,49,255,1151.071,897.684
4126,43,255,1300.314,897.779
4127,59,255,47.568,899.483
4128,29,255,410.810,897.948
4129,29,255,484.293,898.259
4130,50,255,699.800,898.820
4131,36,255,709.306,898.139
4132,57,255,996.167,899.904
4133,95,255,1038.637,903.511
4134,47,255,1168.053,898.564
4135,63,255,1590.103,898.770
4136,100,255,420.030,903.470
4137,69,255,744.775,901.587
4138,21,255,1111.643,900.262
4139,117,255,1443.679,901.449
4140,29,255,99.362,901.603
4141,127,255,536.531,904.854
4142,125,255,814.812,902.972
4143,88,255,955.375,902.057
4144,90,255,1350.844,903.378
4145,89,255,235.343,903.590
4146,58,255,283.586,903.155
4147,62,255,510.742,903.516
4148,58,255,754.190,902.845
4149,59,255,1122.449,903.551
4150,81,255,1396.438,903.562
4151,38,255,268.579,903.053
4152,121,255,438.318,906.368
4153,61,255,569.680,904.123
4154,33,255,598.409,903.015
4155,59,255,778.856,903.788
4156,28,255,857.000,902.500
4157,33,255,903.227,902.348
4158,70,255,1571.514,905.300
4159,46,255,1580.130,904.696
4160,35,255,159.643,904.529
4161,23,255,559.674,903.935
4162,53,255,833.217,904.462
4163,54,255,1423.833,905.741
4164,145,255,1546.183,906.728
4165,108,255,204.620,907.231
4166,25,255,369.300,905.260
4167,76,255,884.724,906.882
4168,75,255,1270.687,906.633
4169,54,255,50.370,908.463
4170,35,255,119.500,906.957
4171,68,255,169.044,908.074
4172,132,255,675.174,911.136
4173,67,255,983.276,907.201
4174,57,255,1461.658,908.202
4175,63,255,483.278,908.246
4176,51,255,550.186,907.990
4177,75,255,1232.460,908.473
4178,92,255,1517.370,908.739
4179,168,255,257.798,914.589
4180,89,255,733.039,912.062
4181,25,255,1494.260,907.940
4182,61,255,1596.402,909.762
4183,36,255,32.833,909.056
4184,63,255,358.183,910.976
4185,63,255,520.881,910.198
4186,43,255,895.826,909.314
4187,96,255,914.021,910.990
4188,81,255,1014.512,910.944
4189,110,255,1187.218,912.173
4190,74,255,1374.365,910.554
4191,172,255,5.169,915.692
4192,20,255,18.550,909.600
4193,56,255,181.464,910.839
4194,101,255,333.916,912.629
4195,32,255,379.438,910.094
4196,61,255,602.926,911.156
4197,60,255,612.600,912.333
4198,31,255,850.694,909.855
4199,61,255,1147.762,910.893
4200,84,255,1158.560,911.333
4201,97,255,314.263,913.500
4202,59,255,623.314,911.669
4203,131,255,1075.538,915.607
4204,96,255,1297.896,914.531
4205,35,255,227.957,911.929
4206,111,255,284.329,914.140
4207,56,255,651.000,913.304
4208,48,255,748.167,912.188
4209,63,255,787.516,913.008
4210,100,255,928.990,913.300
4211,94,255,1063.085,915.085
4212,74,255,1200.905,913.662
4213,75,255,1219.900,913.300
4214,86,255,1482.826,913.837
4215,22,255,1586.000,912.182
4216,73,255,25.979,914.678
4217,90,255,868.711,915.856
4218,45,255,946.678,913.189
4219,62,255,1030.758,914.403
4220,99,255,1098.753,915.924
4221,71,255,1384.148,914.401
4222,139,255,1402.191,918.550
4223,59,255,73.737,915.110
4224,21,255,297.500,913.500
4225,65,255,411.362,915.515
4226,80,255,491.837,916.587
4227,55,255,818.609,914.773
4228,120,255,839.225,915.200
4229,44,255,957.636,914.545
4230,28,255,95.750,914.429
4231,54,255,509.111,915.963
4232,56,255,1173.625,915.446
4233,76,255,1339.026,916.921
4234,26,255,1251.962,916.192
4235,78,255,1263.795,917.705
4236,93,255,1361.941,918.478
4237,53,255,200.349,917.858
4238,46,255,477.435,918.500
4239,63,255,576.944,918.135
4240,85,255,987.441,917.935
4241,23,255,1045.500,916.674
4242,26,255,1330.423,917.038
4243,94,255,1418.617,918.702
4244,58,255,1525.569,918.483
4245,80,255,1538.737,918.825
4246,78,255,451.154,920.385
4247,41,255,1087.037,919.207
4248,91,255,1120.643,920.181
4249,62,255,1141.500,919.903
4250,93,255,170.145,924.124
4251,26,255,367.038,918.346
4252,51,255,468.657,919.794
4253,38,255,1109.658,921.579
4254,88,255,49.341,921.295
4255,52,255,630.385,920.769
4256,45,255,744.456,920.056
4257,43,255,1238.570,920.105
4258,41,255,1491.573,920.915
4259,33,255,65.864,922.015
4260,51,255,652.559,921.127
4261,41,255,769.012,921.549
4262,133,255,967.605,925.147
4263,70,255,1443.286,922.300
4264,60,255,1595.933,921.867
4265,81,255,183.377,924.401
4266,142,255,214.451,926.824
4267,35,255,1324.100,922.529
4268,83,255,756.620,925.910
4269,68,255,1176.838,925.250
4270,30,255,1314.867,923.133
4271,101,255,1561.015,926.144
4272,104,255,531.692,927.519
4273,106,255,909.066,926.698
4274,50,255,1015.620,924.760
4275,48,255,1027.833,924.271
4276,139,255,332.910,928.486
4277,25,255,399.260,924.820
4278,76,255,509.645,925.658
4279,114,255,612.772,925.921
4280,51,255,1039.441,925.578
4281,90,255,1148.022,926.989
4282,47,255,1203.181,925.436
4283,45,255,1287.144,924.811
4284,63,255,234.913,926.690
4285,123,255,357.199,929.484
4286,122,255,641.410,928.615
4287,111,255,786.806,927.536
4288,57,255,1052.061,926.605
4289,72,255,1301.444,926.639
4290,90,255,1424.500,928.233
4291,63,255,1454.960,926.944
4292,111,255,93.104,930.446
4293,154,255,308.357,932.084
4294,77,255,427.968,928.448
4295,103,255,807.296,928.374
4296,66,255,1489.182,930.182
4297,26,255,12.154,927.654
4298,94,255,114.213,930.287
4299,80,255,155.812,930.250
4300,22,255,410.591,927.955
4301,47,255,667.096,928.160
4302,142,255,881.718,930.303
4303,36,255,1276.028,928.778
4304,34,255,471.500,928.765
4305,56,255,128.250,931.036
4306,68,255,293.074,931.691
4307,51,255,481.186,930.696
4308,67,255,560.709,931.425
4309,39,255,599.244,930.474
4310,31,255,835.758,930.435
4311,79,255,1208.247,933.601
4312,111,255,1356.338,932.077
4313,65,255,1535.715,931.546
4314,24,255,571.833,930.667
4315,79,255,586.272,931.854
4316,77,255,855.786,932.838
4317,143,255,1372.374,935.717
4318,86,255,1478.593,932.942
4319,59,255,241.042,932.737
4320,101,255,266.559,933.579
4321,37,255,444.500,931.500
4322,68,255,540.603,933.956
4323,64,255,700.469,932.297
4324,55,255,823.500,932.500
4325,70,255,1046.857,933.814
4326,43,255,1101.477,932.174
4327,129,255,1389.446,934.112
4328,68,255,79.662,935.588
4329,56,255,463.000,934.232
4330,102,255,1324.088,934.882
4331,63,255,1514.611,934.833
4332,83,255,1549.922,935.127
4333,92,255,720.609,935.457
4334,84,255,1235.214,936.012
4335,45,255,1340.967,935.211
4336,84,255,1574.357,935.393
4337,101,255,1590.094,937.035
4338,73,255,68.596,938.034
4339,60,255,394.233,938.150
4340,35,255,951.729,934.957
4341,50,255,219.160,936.360
4342,63,255,418.151,937.119
4343,128,255,509.727,937.508
4344,116,255,921.112,938.966
4345,36,255,1137.611,936.194
4346,21,255,1266.929,935.595
4347,46,255,1276.913,936.435
4348,137,255,1293.113,938.135
4349,103,255,1461.684,939.888
4350,112,255,48.982,940.777
4351,79,255,375.741,938.247
4352,83,255,610.319,938.355
4353,48,255,1195.250,937.667
4354,67,255,347.888,939.246
4355,45,255,1009.478,937.389
4356,85,255,1093.606,939.900
4357,88,255,1244.057,942.602
4358,81,255,135.747,941.093
4359,31,255,571.823,939.081
4360,91,255,763.379,940.973
4361,49,255,776.663,939.847
4362,23,255,802.196,938.717
4363,21,255,1063.881,937.929
4364,21,255,1561.452,938.405
4365,80,255,26.300,942.125
4366,47,255,145.394,940.904
4367,64,255,231.406,941.453
4368,57,255,441.482,940.763
4369,86,255,656.000,942.186
4370,136,255,674.963,942.985
4371,58,255,787.862,940.379
4372,36,255,1081.361,939.889
4373,140,255,1126.807,945.193
4374,57,255,1158.272,940.991
4375,79,255,1427.804,941.639
4376,44,255,1504.091,940.250
4377,101,255,556.837,943.223
4378,68,255,591.838,941.250
4379,26,255,699.538,940.808
4380,34,255,748.324,941.059
4381,63,255,1168.024,942.627
4382,42,255,1332.667,941.357
4383,173,255,636.460,945.194
4384,79,255,884.285,943.133
4385,48,255,57.062,943.938
4386,69,255,124.239,945.355
4387,44,255,220.227,942.932
4388,50,255,461.020,943.280
4389,91,255,832.511,945.720
4390,77,255,1017.110,946.487
4391,34,255,1056.000,943.618
4392,106,255,1355.236,944.708
4393,45,255,1470.944,943.967
4394,25,255,171.260,944.140
4395,77,255,256.357,945.773
4396,60,255,281.850,945.000
4397,52,255,326.115,944.096
4398,45,255,843.678,944.700
4399,40,255,954.400,943.800
4400,78,255,1004.436,946.872
4401,42,255,1045.571,944.571
4402,62,255,1217.065,944.403
4403,57,255,1262.570,944.974
4404,146,255,1407.342,947.747
4405,50,255,269.000,945.860
4406,35,255,292.700,945.500
4407,80,255,530.788,946.837
4408,33,255,932.561,946.288
4409,32,255,942.469,945.656
4410,31,255,1102.274,945.661
4411,78,255,974.628,947.397
4412,76,255,1065.237,947.092
4413,39,255,1307.628,946.372
4414,51,255,93.088,947.539
4415,73,255,303.568,948.144
4416,82,255,692.329,948.366
4417,73,255,917.445,948.281
4418,59,255,963.958,948.246
4419,64,255,1196.703,948.297
4420,74,255,1494.351,949.189
4421,58,255,1507.362,948.000
4422,45,255,103.767,948.233
4423,35,255,161.643,948.100
4424,38,255,400.053,947.842
4425,32,255,616.906,948.250
4426,41,255,744.207,948.622
4427,74,255,754.027,949.743
4428,36,255,1209.000,948.639
4429,50,255,1376.420,948.340
4430,92,255,1583.163,952.000
4431,62,255,704.694,950.274
4432,40,255,1023.625,949.875
4433,95,255,1083.668,950.974
4434,58,255,1272.052,950.052
4435,32,255,1323.062,948.812
4436,86,255,1521.256,950.337
4437,68,255,195.529,950.971
4438,27,255,335.833,951.019
4439,60,255,352.617,950.450
4440,75,255,418.860,951.860
4441,91,255,468.731,951.775
4442,47,255,724.245,950.415
4443,56,255,875.286,950.429
4444,70,255,988.929,951.429
4445,59,255,1556.297,951.347
4446,89,255,210.129,952.466
4447,120,255,443.933,952.242
4448,55,255,504.845,951.627
4449,24,255,589.000,951.000
4450,62,255,849.806,952.210
4451,42,255,1426.048,951.167
4452,34,255,1459.000,951.382
4453,34,255,1539.794,953.765
4454,108,255,85.991,955.981
4455,46,255,147.957,952.609
4456,56,255,495.875,953.857
4457,38,255,654.395,952.184
4458,75,255,1222.287,953.433
4459,76,255,1286.000,953.395
4460,69,255,1334.674,953.094
4461,101,255,325.639,956.441
4462,65,255,384.685,954.592
4463,179,255,481.941,959.394
4464,98,255,172.724,956.245
4465,24,255,403.042,953.333
4466,65,255,1109.992,955.285
4467,146,255,1162.158,960.527
4468,54,255,1466.796,955.296
4469,83,255,1484.681,955.560
4470,57,255,287.254,955.044
4471,34,255,1098.294,954.794
4472,79,255,1248.905,956.576
4473,92,255,1318.543,957.315
4474,125,255,1365.548,956.580
4475,64,255,56.766,956.906
4476,63,255,128.024,957.278
4477,99,255,265.520,959.076
4478,37,255,275.122,956.203
4479,84,255,908.440,958.988
4480,139,255,1444.112,958.205
4481,51,255,23.794,957.500
4482,48,255,187.188,957.604
4483,95,255,529.437,959.416
4484,66,255,888.409,958.727
4485,44,255,108.091,958.795
4486,41,255,411.573,958.744
4487,107,255,1063.192,960.743
4488,63,255,1126.643,958.849
4489,79,255,1176.589,960.956
4490,77,255,44.318,960.708
4491,63,255,619.659,959.643
4492,68,255,1010.912,958.794
4493,40,255,7.975,960.950
4494,151,255,349.778,963.546
4495,62,255,741.113,960.968
4496,66,255,1079.167,961.348
4497,89,255,1186.657,962.904
4498,96,255,1390.333,961.865
4499,89,255,970.713,963.039
4500,82,255,1547.537,962.915
4501,84,255,1566.238,963.274
4502,54,255,98.889,963.111
4503,114,255,230.763,964.614
4504,35,255,245.414,962.300
4505,62,255,388.952,962.903
4506,41,255,561.915,961.963
4507,104,255,688.577,963.577
4508,36,255,1330.028,962.833
4509,42,255,1401.690,962.000
4510,116,255,1459.819,966.121
4511,27,255,1498.759,961.426
4512,21,255,376.310,962.738
4513,41,255,466.646,963.354
4514,38,255,710.632,963.395
4515,61,255,1118.762,963.975
4516,30,255,420.467,964.000
4517,40,255,675.425,964.600
4518,53,255,844.915,963.877
4519,74,255,1299.892,964.851
4520,55,255,1414.500,964.682
4521,79,255,330.551,966.918
4522,62,255,923.855,964.823
4523,26,255,1427.000,964.500
4524,69,255,1480.022,965.906
4525,48,255,312.938,966.938
4526,60,255,593.267,967.433
4527,40,255,666.450,965.950
4528,37,255,1017.230,966.311
4529,23,255,1051.587,965.978
4530,50,255,1523.600,966.620
4531,65,255,61.377,968.085
4532,56,255,759.089,967.089
4533,39,255,900.500,967.269
4534,50,255,937.880,966.900
4535,70,255,1352.186,967.829
4536,31,255,24.694,968.145
4537,32,255,85.812,967.969
4538,53,255,496.802,968.594
4539,75,255,633.233,969.193
4540,57,255,951.412,968.026
4541,73,255,990.568,968.733
4542,141,255,214.245,973.691
4543,51,255,605.520,969.578
4544,79,255,1326.108,970.741
4545,62,255,1397.758,970.339
4546,57,255,10.272,970.289
4547,23,255,247.543,969.717
4548,86,255,544.372,971.174
4549,74,255,799.135,970.811
4550,24,255,1044.667,970.250
4551,101,255,1241.223,972.153
4552,51,255,1267.461,971.225
4553,27,255,1598.352,970.981
4554,21,255,268.929,971.548
4555,74,255,373.514,972.405
4556,40,255,740.875,971.100
4557,71,255,912.641,971.472
4558,52,255,1383.596,971.654
4559,62,255,1578.565,972.242
4560,82,255,46.354,974.598
4561,41,255,171.085,972.402
4562,56,255,404.554,972.786
4563,75,255,525.060,973.367
4564,115,255,1359.883,973.926
4565,53,255,36.462,974.425
4566,49,255,583.112,974.133
4567,46,255,1434.870,973.391
4568,58,255,1539.500,973.810
4569,64,255,88.406,975.000
4570,21,255,234.643,973.071
4571,46,255,715.109,974.587
4572,46,255,820.848,974.565
4573,35,255,830.814,974.900
4574,36,255,839.500,974.111
4575,45,255,1011.256,973.744
4576,124,255,1030.323,977.403
4577,125,255,1088.948,978.524
4578,45,255,1101.367,974.433
4579,42,255,1298.667,974.357
4580,45,255,1590.056,974.633
4581,61,255,120.352,975.959
4582,59,255,296.703,977.551
4583,70,255,305.800,979.157
4584,24,255,361.458,974.833
4585,71,255,1180.528,976.134
4586,49,255,1252.398,976.786
4587,84,255,1416.333,977.452
4588,47,255,75.755,976.245
4589,87,255,276.144,978.902
4590,81,255,704.290,978.302
4591,90,255,770.222,978.122
4592,48,255,891.750,975.708
4593,87,255,1072.029,976.983
4594,84,255,1221.357,978.262
4595,74,255,1551.459,977.500
4596,63,255,109.103,977.802
4597,116,255,344.224,981.345
4598,29,255,418.086,977.121
4599,47,255,635.543,977.436
4600,37,255,859.365,976.635
4601,46,255,964.587,977.043
4602,47,255,996.819,977.457
4603,21,255,1424.929,977.548
4604,48,255,1526.625,977.438
4605,54,255,147.407,979.241
4606,44,255,690.955,978.864
4607,37,255,988.554,977.959
4608,21,255,1191.833,977.357
4609,79,255,1461.842,979.411
4610,62,255,7.000,979.339
4611,72,255,133.597,979.917
4612,37,255,326.527,979.662
4613,36,255,411.000,980.056
4614,54,255,469.944,980.111
4615,120,255,751.592,982.158
4616,75,255,803.580,981.527
4617,126,255,1315.357,981.333
4618,34,255,197.176,980.294
4619,136,255,510.103,981.743
4620,94,255,1262.383,982.213
4621,53,255,24.009,981.651
4622,49,255,55.398,981.092
4623,57,255,319.132,982.746
4624,24,255,611.625,980.208
4625,141,255,654.500,983.826
4626,43,255,1104.616,982.593
4627,65,255,1567.238,982.546
4628,149,255,182.225,986.104
4629,25,255,542.140,980.780
4630,20,255,717.300,980.550
4631,135,255,1138.596,985.130
4632,92,255,1385.011,983.674
4633,61,255,95.074,984.025
4634,32,255,589.875,983.000
4635,68,255,600.985,984.912
4636,68,255,733.147,984.044
4637,36,255,786.583,982.389
4638,38,255,844.816,983.000
4639,78,255,922.449,983.103
4640,62,255,1429.032,987.048
4641,82,255,237.939,986.500
4642,67,255,401.679,985.903
4643,25,255,530.620,982.940
4644,39,255,905.295,983.192
4645,31,255,935.468,983.629
4646,83,255,1154.705,986.765
4647,146,255,120.267,988.884
4648,71,255,554.641,984.697
4649,72,255,972.486,987.431
4650,42,255,1048.476,985.071
4651,45,255,1305.478,986.033
4652,134,255,1353.022,988.410
4653,36,255,1587.250,985.333
4654,80,255,254.475,987.250
4655,52,255,430.750,986.308
4656,50,255,1059.740,986.800
4657,103,255,1197.034,989.393
4658,34,255,1521.029,985.912
4659,58,255,214.931,989.517
4660,33,255,457.015,986.348
4661,105,255,486.738,990.167
4662,31,255,619.339,986.371
4663,66,255,1118.485,987.379
4664,45,255,33.789,989.144
4665,59,255,55.653,988.703
4666,62,255,169.742,989.387
4667,77,255,224.526,989.513
4668,56,255,584.071,988.875
4669,46,255,610.783,988.283
4670,28,255,1016.464,988.071
4671,81,255,1447.500,988.981
4672,40,255,1546.575,988.800
4673,27,255,24.833,988.648
4674,42,255,986.333,988.643
4675,63,255,1034.738,989.786
4676,69,255,1181.152,989.558
4677,59,255,1223.212,989.669
4678,57,255,1338.851,990.219
4679,49,255,1510.112,989.378
4680,61,255,204.336,991.221
4681,31,255,864.629,988.984
4682,91,255,907.896,991.071
4683,43,255,961.291,989.849
4684,69,255,1528.457,992.225
4685,56,255,1581.143,990.786
4686,55,255,264.627,992.536
4687,48,255,284.667,991.125
4688,59,255,949.568,991.364
4689,46,255,1329.522,991.848
4690,89,255,696.545,994.365
4691,145,255,769.438,994.052
4692,41,255,1236.451,992.134
4693,68,255,42.853,994.265
4694,61,255,792.189,993.205
4695,65,255,807.115,994.146
4696,57,255,820.640,993.693
4697,29,255,842.500,993.293
4698,56,255,851.696,994.250
4699,37,255,1540.068,993.959
4700,46,255,80.087,994.457
4701,48,255,148.250,994.708
4702,44,255,467.636,994.000
4703,33,255,476.106,993.652
4704,28,255,532.179,993.000
4705,121,255,731.492,996.822
4706,47,255,935.394,993.330
4707,21,255,1422.833,992.976
4708,116,255,1465.810,997.552
4709,122,255,1484.664,996.172
4710,51,255,419.245,995.794
4711,55,255,439.936,994.955
4712,69,255,721.138,997.543
4713,31,255,832.113,994.984
4714,48,255,888.125,995.292
4715,56,255,326.696,996.589
4716,77,255,676.201,996.981
4717,38,255,752.658,995.974
4718,81,255,1013.105,997.525
4719,118,255,1119.000,999.500
4720,39,255,1261.756,995.936
4721,43,255,358.895,996.523
4722,62,255,586.097,997.419
4723,35,255,663.900,996.529
4724,98,255,1160.745,999.235
4725,38,255,2.553,998.711
4726,43,255,343.360,998.244
4727,65,255,506.331,998.315
4728,103,255,706.432,1002.791
4729,23,255,1170.891,997.413
4730,118,255,1277.297,998.314
4731,64,255,1386.656,999.016
4732,98,255,1417.510,1002.847
4733,50,255,449.820,1000.040
4734,60,255,981.117,999.967
4735,57,255,993.202,999.851
4736,37,255,1106.419,999.419
4737,65,255,1498.577,1000.746
4738,64,255,555.406,1000.609
4739,44,255,618.182,1000.455
4740,45,255,641.078,999.611
4741,60,255,943.117,1000.767
4742,30,255,1062.000,999.100
4743,50,255,1146.620,1000.240
4744,113,255,1239.606,1002.836
4745,56,255,1343.000,1000.500
4746,48,255,1365.875,1000.750
4747,25,255,1397.580,1001.140
4748,71,255,23.613,1002.049
4749,53,255,167.783,1001.311
4750,65,255,304.131,1002.146
4751,93,255,530.941,1002.629
4752,23,255,1096.109,1000.543
4753,42,255,1506.976,1002.595
4754,51,255,156.990,1003.343
4755,60,255,462.400,1003.167
4756,42,255,479.333,1002.119
4757,38,255,543.868,1002.395
4758,20,255,787.700,1001.100
4759,30,255,1223.767,1001.567
4760,53,255,1291.934,1001.953
4761,34,255,1405.294,1002.853
4762,123,255,1537.020,1005.963
4763,88,255,84.727,1006.545
4764,61,255,97.057,1004.041
4765,37,255,193.014,1004.932
4766,29,255,1051.707,1003.466
4767,33,255,1205.864,1003.682
4768,37,255,1252.797,1003.176
4769,100,255,10.750,1007.420
4770,33,255,595.045,1004.409
4771,28,255,925.000,1003.714
4772,57,255,1434.921,1005.009
4773,72,255,1454.431,1005.708
4774,158,255,411.816,1008.867
4775,48,255,567.750,1006.271
4776,46,255,1593.174,1005.065
4777,79,255,39.829,1007.589
4778,36,255,356.444,1005.694
4779,42,255,575.786,1006.262
4780,28,255,691.000,1005.500
4781,45,255,1485.656,1006.456
4782,43,255,391.593,1006.965
4783,39,255,612.115,1007.397
4784,39,255,625.782,1008.346
4785,35,255,751.186,1007.271
4786,55,255,1024.609,1007.791
4787,73,255,1039.267,1008.267
4788,54,255,1066.815,1006.667
4789,55,255,1082.336,1007.045
4790,69,255,1172.804,1007.877
4791,38,255,1309.579,1007.447
4792,62,255,1583.403,1010.065
4793,94,255,129.596,1011.489
4794,64,255,502.484,1008.484
4795,34,255,663.118,1007.441
4796,92,255,684.065,1011.315
4797,49,255,826.949,1008.929
4798,81,255,76.006,1011.451
4799,41,255,236.451,1009.427
4800,42,255,342.119,1010.667
4801,21,255,1560.119,1007.929
4802,59,255,206.178,1010.466
4803,45,255,370.344,1010.611
4804,73,255,483.212,1010.021
4805,30,255,784.533,1010.000
4806,56,255,919.125,1012.161
4807,82,255,1125.317,1012.183
4808,24,255,1222.000,1009.208
4809,94,255,1324.043,1012.277
4810,58,255,1469.690,1011.948
4811,42,255,428.762,1009.929
4812,50,255,654.140,1011.460
4813,20,255,892.000,1010.000
4814,103,255,962.413,1012.704
4815,72,255,440.236,1014.250
4816,60,255,467.050,1012.450
4817,50,255,728.380,1013.140
4818,29,255,929.707,1011.638
4819,25,255,1114.260,1011.300
4820,61,255,331.926,1013.336
4821,48,255,586.375,1013.375
4822,78,255,760.795,1015.923
4823,33,255,949.318,1013.470
4824,45,255,157.833,1014.367
4825,72,255,171.139,1014.889
4826,59,255,309.347,1014.890
4827,56,255,453.000,1014.000
4828,59,255,983.195,1015.534
4829,56,255,1010.286,1015.214
4830,135,255,1269.581,1017.085
4831,81,255,1351.957,1016.907
4832,40,255,1363.725,1014.725
4833,75,255,247.007,1016.340
4834,28,255,693.571,1015.536
4835,47,255,855.053,1015.904
4836,37,255,903.824,1015.797
4837,52,255,1145.500,1015.000
4838,106,255,1164.698,1016.094
4839,53,255,295.934,1016.047
4840,44,255,617.909,1016.909
4841,20,255,789.750,1015.050
4842,44,255,935.727,1017.545
4843,122,255,1198.451,1018.754
4844,88,255,573.330,1018.136
4845,28,255,1306.214,1016.750
4846,32,255,1333.031,1016.594
4847,27,255,263.648,1018.500
4848,49,255,549.806,1017.847
4849,48,255,801.062,1019.188
4850,31,255,891.468,1017.371
4851,63,255,1483.468,1019.754
4852,75,255,1551.087,1019.780
4853,43,255,273.826,1018.849
4854,53,255,605.406,1020.368
4855,64,255,811.906,1020.359
4856,37,255,1314.635,1020.176
4857,41,255,215.915,1020.866
4858,55,255,1091.336,1020.227
4859,63,255,1214.389,1020.929
4860,43,255,1224.337,1019.640
4861,85,255,1290.688,1020.076
4862,78,255,229.436,1022.744
4863,21,255,255.833,1020.738
4864,41,255,430.549,1021.427
4865,52,255,594.365,1022.288
4866,120,255,778.233,1023.192
4867,86,255,1066.105,1022.453
4868,22,255,1116.227,1020.455
4869,29,255,187.224,1021.259
4870,72,255,22.750,1024.889
4871,86,255,315.837,1023.512
4872,56,255,338.696,1022.518
4873,34,255,517.206,1022.824
4874,37,255,676.797,1023.716
4875,28,255,828.393,1022.750
4876,137,255,873.624,1026.865
4877,80,255,914.225,1023.763
4878,34,255,1000.500,1023.265
4879,53,255,1048.425,1024.387
4880,41,255,1597.744,1025.305
4881,37,255,124.230,1024.716
4882,28,255,411.036,1024.143
4883,35,255,421.586,1023.386
4884,67,255,624.724,1025.993
4885,35,255,979.814,1024.900
4886,44,255,1139.477,1023.886
4887,87,255,1245.810,1024.672
4888,67,255,1380.142,1024.112
4889,27,255,1402.130,1023.019
4890,39,255,1410.731,1023.962
4891,48,255,506.125,1025.521
4892,38,255,564.211,1025.500
4893,38,255,958.105,1025.395
4894,33,255,1420.227,1025.924
4895,41,255,192.646,1025.988
4896,29,255,301.017,1025.672
4897,77,255,859.162,1028.487
4898,101,255,891.926,1027.480
4899,96,255,945.646,1027.646
4900,26,255,1121.346,1026.115
4901,37,255,1127.824,1026.851
4902,56,255,1444.393,1027.232
4903,26,255,245.269,1026.000
4904,49,255,477.480,1027.337
4905,53,255,525.575,1027.632
4906,49,255,971.704,1027.276
4907,48,255,1435.104,1028.250
4908,122,255,1513.492,1029.779
4909,20,255,293.850,1028.900
4910,46,255,443.065,1029.283
4911,40,255,1088.000,1028.000
4912,29,255,1171.672,1027.672
4913,65,255,1339.392,1028.177
4914,55,255,108.845,1029.282
4915,55,255,372.609,1029.318
4916,31,255,665.532,1028.726
4917,26,255,692.577,1029.615
4918,49,255,700.622,1032.500
4919,115,255,818.587,1032.135
4920,23,255,831.196,1029.152
4921,60,255,995.033,1029.717
4922,41,255,1185.207,1029.573
4923,42,255,1256.952,1028.786
4924,26,255,1303.654,1029.462
4925,66,255,1353.758,1030.258
4926,49,255,737.214,1030.214
4927,52,255,1539.904,1030.615
4928,70,255,178.457,1031.414
4929,63,255,575.754,1032.119
4930,42,255,640.048,1031.476
4931,57,255,160.798,1032.518
4932,68,255,269.868,1032.353
4933,79,255,332.209,1033.082
4934,66,255,454.439,1033.167
4935,66,255,1230.197,1033.197
4936,38,255,1330.263,1031.684
4937,65,255,1466.377,1033.900
4938,28,255,88.571,1032.286
4939,34,255,313.412,1032.824
4940,42,255,1148.024,1033.333
4941,26,255,1170.000,1033.192
4942,48,255,1211.333,1034.250
4943,50,255,1288.420,1032.540
4944,29,255,1310.741,1032.534
4945,27,255,1362.722,1032.944
4946,51,255,57.108,1033.990
4947,68,255,248.765,1034.132
4948,54,255,676.926,1034.815
4949,98,255,752.153,1037.867
4950,32,255,1371.031,1034.938
4951,51,255,1380.657,1034.265
4952,21,255,1501.357,1034.595
4953,36,255,115.417,1035.583
4954,36,255,348.194,1034.472
4955,33,255,472.379,1034.773
4956,36,255,23.583,1036.389
4957,47,255,412.543,1036.670
4958,42,255,511.048,1036.881
4959,45,255,923.233,1036.544
4960,31,255,1108.274,1036.048
4961,45,255,1140.056,1036.633
4962,119,255,1402.424,1037.685
4963,57,255,1420.132,1036.500
4964,52,255,1563.385,1036.654
4965,50,255,630.180,1038.860
4966,51,255,1445.755,1037.108
4967,62,255,132.871,1038.387
4968,70,255,209.314,1038.829
4969,39,255,430.397,1037.859
4970,67,255,687.828,1039.291
4971,70,255,1067.343,1038.500
4972,37,255,1245.905,1037.959
4973,28,255,93.214,1039.393
4974,48,255,291.438,1039.104
4975,52,255,578.173,1039.500
4976,40,255,1352.650,1039.400
4977,25,255,105.060,1039.580
4978,55,255,304.573,1040.973
4979,26,255,639.000,1039.500
4980,59,255,664.059,1041.347
4981,40,255,744.150,1041.625
4982,92,255,996.620,1042.457
4983,21,255,1185.357,1039.500
4984,52,255,1457.942,1040.346
4985,156,255,1587.372,1044.212
4986,26,255,80.846,1040.385
4987,52,255,265.250,1041.577
4988,31,255,1342.758,1040.597
4989,29,255,366.397,1041.466
4990,108,255,395.870,1043.954
4991,60,255,620.583,1042.900
4992,33,255,770.894,1041.348
4993,34,255,1165.324,1041.412
4994,26,255,1261.346,1041.038
4995,64,255,1528.953,1043.234
4996,22,255,2.227,1042.455
4997,51,255,337.206,1043.167
4998,51,255,425.794,1044.029
4999,186,255,724.995,1048.333
5000,81,255,786.932,1045.315
5001,25,255,1213.740,1042.300
5002,74,255,841.581,1045.000
5003,133,255,1496.214,1046.695
5004,56,255,452.571,1045.161
5005,68,255,528.676,1046.956
5006,61,255,800.287,1045.598
5007,50,255,950.300,1045.460
5008,50,255,1108.300,1045.660
5009,42,255,1223.881,1045.857
5010,76,255,1376.605,1045.803
5011,21,255,1410.690,1044.643
5012,64,255,1570.109,1045.406
5013,72,255,191.903,1047.056
5014,56,255,246.161,1046.625
5015,68,255,322.015,1046.235
5016,41,255,355.598,1046.159
5017,91,255,593.324,1047.016
5018,116,255,677.664,1048.888
5019,81,255,762.500,1048.821
5020,46,255,813.065,1047.174
5021,97,255,937.428,1048.438
5022,51,255,70.127,1047.010
5023,68,255,92.956,1047.765
5024,53,255,824.292,1048.877
5025,152,255,1040.776,1051.007
5026,75,255,1247.367,1050.393
5027,37,255,1265.905,1046.446
5028,36,255,1429.667,1046.611
5029,47,255,227.372,1048.947
5030,91,255,374.698,1049.082
5031,46,255,473.370,1048.761
5032,87,255,878.948,1049.190
5033,155,255,1023.158,1051.674
5034,70,255,1123.843,1049.643
5035,24,255,1306.833,1047.833
5036,60,255,42.000,1049.233
5037,59,255,1445.737,1049.839
5038,46,255,176.478,1050.087
5039,50,255,518.040,1050.900
5040,115,255,644.691,1053.274
5041,53,255,1143.179,1050.575
5042,59,255,1519.992,1050.720
5043,54,255,214.870,1051.741
5044,84,255,420.393,1053.750
5045,72,255,750.542,1053.819
5046,102,255,854.882,1052.353
5047,64,255,1363.234,1051.781
5048,39,255,333.910,1052.013
5049,69,255,632.457,1054.051
5050,55,255,898.555,1053.427
5051,41,255,1314.207,1053.256
5052,50,255,539.620,1054.100
5053,62,255,838.129,1053.000
5054,76,255,1098.145,1054.026
5055,47,255,1337.521,1053.074
5056,20,255,1408.650,1052.650
5057,22,255,1416.682,1052.545
5058,54,255,30.630,1054.241
5059,51,255,352.480,1054.971
5060,30,255,387.533,1053.767
5061,61,255,601.451,1056.320
5062,42,255,773.214,1054.476
5063,29,255,1426.190,1053.603
5064,48,255,1458.958,1053.729
5065,47,255,118.457,1056.309
5066,40,255,147.550,1057.050
5067,81,255,1271.228,1058.512
5068,51,255,95.892,1056.147
5069,82,255,141.378,1061.561
5070,56,255,658.286,1057.286
5071,174,255,999.351,1063.466
5072,47,255,1536.691,1056.181
5073,76,255,305.316,1058.789
5074,79,255,1065.146,1058.082
5075,30,255,1301.467,1057.300
5076,55,255,1554.809,1058.264
5077,49,255,200.500,1058.276
5078,34,255,287.324,1058.500
5079,21,255,293.310,1058.024
5080,106,255,911.330,1060.528
5081,58,255,1140.224,1059.345
5082,46,255,1373.717,1058.739
5083,36,255,192.222,1058.833
5084,57,255,1349.395,1060.079
5085,36,255,1473.000,1059.500
5086,54,255,1508.407,1059.259
5087,73,255,107.568,1061.144
5088,67,255,441.201,1061.246
5089,91,255,544.522,1062.808
5090,21,255,610.310,1059.357
5091,24,255,1177.292,1060.042
5092,86,255,1238.930,1060.988
5093,63,255,221.214,1062.183
5094,125,255,808.724,1063.276
5095,54,255,1289.000,1061.037
5096,67,255,45.470,1062.112
5097,87,255,925.052,1064.534
5098,61,255,1521.484,1062.385
5099,64,255,1566.047,1063.234
5100,20,255,57.000,1061.900
5101,35,255,180.300,1062.671
5102,33,255,168.258,1064.045
5103,93,255,256.091,1066.392
5104,115,255,497.196,1066.535
5105,67,255,597.246,1065.127
5106,110,255,939.218,1067.309
5107,38,255,1383.026,1064.132
5108,36,255,1424.472,1063.778
5109,59,255,1444.873,1065.297
5110,32,255,1483.781,1063.500
5111,36,255,209.944,1064.861
5112,164,255,474.476,1069.134
5113,36,255,579.278,1064.194
5114,49,255,613.541,1065.296
5115,61,255,632.975,1065.828
5116,67,255,681.604,1065.948
5117,30,255,131.533,1066.233
5118,35,255,284.414,1065.814
5119,47,255,519.798,1067.309
5120,43,255,1035.291,1067.058
5121,90,255,1115.200,1068.000
5122,29,255,1431.983,1066.500
5123,35,255,24.157,1067.271
5124,48,255,76.667,1067.667
5125,49,255,153.582,1067.398
5126,81,255,511.636,1069.722
5127,111,255,697.923,1068.716
5128,30,255,838.900,1066.800
5129,67,255,1582.858,1068.769
5130,64,255,335.953,1068.203
5131,61,255,848.582,1069.270
5132,102,255,876.931,1070.078
5133,33,255,1591.045,1069.197
5134,37,255,243.392,1069.095
5135,80,255,304.938,1072.075
5136,48,255,322.750,1069.667
5137,93,255,440.167,1070.543
5138,167,255,555.955,1074.374
5139,51,255,626.637,1070.225
5140,138,255,759.870,1071.080
5141,68,255,532.735,1071.574
5142,76,255,783.526,1073.289
5143,68,255,1045.206,1071.735
5144,60,255,1100.450,1070.700
5145,31,255,1132.210,1070.500
5146,52,255,1147.404,1070.346
5147,55,255,1349.718,1070.991
5148,43,255,1497.570,1071.081
5149,33,255,211.985,1071.409
5150,45,255,394.056,1071.633
5151,35,255,668.500,1071.300
5152,62,255,7.806,1072.597
5153,75,255,61.713,1074.273
5154,50,255,101.780,1072.200
5155,136,255,570.743,1076.890
5156,30,255,1338.700,1072.167
5157,29,255,1507.707,1071.741
5158,58,255,1523.483,1073.379
5159,60,255,1544.733,1072.683
5160,45,255,203.789,1073.411
5161,59,255,614.432,1074.703
5162,47,255,736.096,1073.691
5163,52,255,774.327,1074.019
5164,136,255,1076.831,1075.971
5165,137,255,419.120,1077.566
5166,72,255,657.111,1075.958
5167,79,255,722.981,1076.690
5168,82,255,1055.817,1076.037
5169,36,255,1443.861,1074.028
5170,68,255,857.706,1076.809
5171,126,255,1009.841,1077.079
5172,21,255,1123.595,1075.167
5173,52,255,1280.231,1075.404
5174,61,255,1327.074,1077.238
5175,47,255,1420.032,1076.074
5176,62,255,451.516,1076.855
5177,176,255,905.284,1079.062
5178,63,255,1133.849,1078.786
5179,65,255,34.562,1078.546
5180,102,255,337.451,1080.314
5181,86,255,525.442,1080.000
5182,73,255,598.568,1078.185
5183,102,255,1312.206,1079.431
5184,57,255,257.465,1078.851
5185,44,255,675.455,1079.068
5186,47,255,1573.734,1078.500
5187,36,255,274.944,1079.111
5188,69,255,500.935,1081.471
5189,96,255,801.500,1081.125
5190,20,255,845.450,1078.300
5191,46,255,1101.717,1079.891
5192,29,255,1112.121,1078.397
5193,121,255,97.252,1082.913
5194,57,255,181.202,1080.711
5195,103,255,228.170,1082.306
5196,71,255,487.444,1081.768
5197,53,255,584.160,1081.443
5198,86,255,960.384,1080.709
5199,50,255,1389.740,1079.700
5200,39,255,1555.321,1079.628
5201,29,255,22.776,1081.121
5202,72,255,665.792,1082.917
5203,21,255,1246.024,1081.071
5204,57,255,326.518,1084.184
5205,59,255,362.839,1084.127
5206,87,255,539.397,1085.534
5207,34,255,1463.824,1081.912
5208,39,255,1496.987,1082.346
5209,26,255,1585.154,1081.500
5210,83,255,373.837,1087.343
5211,153,255,700.984,1084.552
5212,81,255,1217.500,1086.191
5213,46,255,1298.174,1084.000
5214,134,255,1447.776,1086.873
5215,55,255,306.809,1085.664
5216,120,255,444.900,1087.117
5217,26,255,842.808,1084.115
5218,23,255,1207.543,1083.891
5219,116,255,1229.328,1089.069
5220,33,255,74.591,1085.652
5221,49,255,118.561,1085.684
5222,68,255,607.324,1086.426
5223,45,255,821.900,1084.478
5224,135,255,867.641,1088.152
5225,43,255,1084.500,1085.919
5226,114,255,1150.886,1087.974
5227,52,255,1197.615,1085.827
5228,59,255,35.907,1086.025
5229,54,255,132.000,1086.963
5230,54,255,150.630,1086.241
5231,116,255,461.267,1088.879
5232,49,255,733.255,1085.602
5233,126,255,1173.000,1088.111
5234,36,255,1483.556,1086.389
5235,47,255,1537.968,1086.649
5236,51,255,282.069,1087.794
5237,87,255,835.718,1089.167
5238,29,255,1376.845,1088.603
5239,33,255,84.167,1088.258
5240,82,255,388.659,1089.988
5241,39,255,961.833,1087.679
5242,91,255,979.610,1092.599
5243,172,255,996.645,1091.744
5244,64,255,1026.797,1090.359
5245,56,255,1099.500,1089.893
5246,51,255,1330.108,1087.735
5247,27,255,1424.759,1088.352
5248,25,255,1558.460,1087.340
5249,53,255,1579.877,1088.123
5250,59,255,183.534,1089.364
5251,28,255,220.393,1089.429
5252,63,255,250.310,1092.643
5253,65,255,412.808,1091.438
5254,117,255,632.833,1092.175
5255,73,255,1261.445,1091.815
5256,35,255,1597.386,1090.329
5257,30,255,8.500,1091.133
5258,83,255,62.657,1093.139
5259,84,255,557.810,1092.345
5260,78,255,942.115,1093.141
5261,44,255,1293.818,1091.705
5262,37,255,293.743,1092.311
5263,93,255,497.973,1094.113
5264,80,255,519.737,1093.612
5265,75,255,1346.487,1092.833
5266,23,255,1464.022,1090.978
5267,53,255,261.179,1093.764
5268,77,255,751.097,1094.019
5269,52,255,1046.173,1093.635
5270,31,255,1059.403,1092.919
5271,62,255,1519.403,1094.081
5272,40,255,1273.300,1094.150
5273,35,255,1364.329,1094.186
5274,29,255,116.672,1094.155
5275,51,255,138.225,1095.265
5276,31,255,175.726,1094.048
5277,75,255,925.473,1096.500
5278,43,255,1573.453,1095.105
5279,65,255,44.762,1096.838
5280,32,255,217.531,1095.562
5281,62,255,719.145,1096.774
5282,46,255,956.717,1096.717
5283,63,255,580.913,1097.294
5284,60,255,691.383,1097.267
5285,40,255,703.750,1097.300
5286,28,255,970.893,1097.571
5287,32,255,1538.000,1097.312
5288,41,255,420.402,1097.841
5289,47,255,655.989,1097.755
5290,35,255,778.729,1097.871
5291,33,255,788.136,1097.712
5292,37,255,1070.203,1097.797
5293,36,255,1551.833,1097.583
5294,25,255,32.380,1098.140
5295,26,255,300.231,1098.192
5296,32,255,395.125,1098.312
5297,28,255,434.714,1098.286
5298,26,255,1353.731,1098.462
5299,46,255,1396.000,1098.196
5300,26,255,1459.577,1098.231
5301,27,255,1121.833,1098.574
5302,26,255,1198.692,1098.615
