 ,Area,Mean,X,Y
1,46,255,752.174,6.109
2,36,255,762.083,7.028
3,144,255,785.764,12.514
4,140,255,736.264,12.664
5,131,255,769.271,15.149
6,70,255,805.657,11.857
7,81,255,818.488,11.796
8,45,255,646.344,11.967
9,22,255,986.500,10.864
10,32,255,833.375,12.812
11,44,255,1027.477,13.182
12,59,255,1229.449,13.686
13,119,255,494.223,18.063
14,26,255,610.500,13.846
15,43,255,617.895,16.709
16,69,255,599.688,18.659
17,37,255,630.689,15.743
18,44,255,692.841,15.818
19,44,255,845.614,15.386
20,67,255,943.485,17.455
21,36,255,1194.194,15.278
22,67,255,531.351,18.440
23,32,255,562.406,15.906
24,34,255,962.824,16.206
25,61,255,1012.320,18.369
26,61,255,1248.369,17.238
27,56,255,1262.607,17.786
28,44,255,581.341,17.500
29,117,255,678.765,21.098
30,128,255,1054.109,23.367
31,54,255,897.593,22.019
32,104,255,1131.337,24.490
33,31,255,554.855,22.242
34,49,255,842.378,22.439
35,35,255,865.757,22.186
36,36,255,1187.806,24.167
37,20,255,1237.550,21.600
38,27,255,996.093,22.759
39,55,255,1034.300,23.609
40,44,255,1222.591,24.068
41,48,255,877.000,25.500
42,27,255,1340.352,24.500
43,24,255,1002.500,25.458
44,29,255,1206.948,25.845
45,52,255,1293.308,26.000
46,101,255,702.906,29.074
47,59,255,1311.246,28.975
48,64,255,426.562,29.312
49,43,255,635.616,29.291
50,39,255,1265.244,27.833
51,25,255,435.980,30.020
52,23,255,1281.413,29.065
53,37,255,454.419,30.284
54,57,255,543.061,30.377
55,30,255,890.867,30.267
56,28,255,1234.607,29.536
57,29,255,364.397,30.259
58,58,255,372.810,34.224
59,49,255,390.929,32.031
60,52,255,1063.981,33.077
61,38,255,1080.105,33.711
62,24,255,1335.792,31.958
63,28,255,1361.786,32.571
64,70,255,682.786,34.629
65,45,255,848.500,36.211
66,45,255,1349.878,35.411
67,36,255,946.056,38.472
68,48,255,360.979,38.417
69,67,255,862.993,40.888
70,140,255,1545.129,41.164
71,46,255,1578.761,37.826
72,62,255,1593.210,41.387
73,40,255,878.150,40.300
74,53,255,1289.085,39.972
75,96,255,1402.771,43.677
76,25,255,1493.540,39.620
77,77,255,1509.110,41.656
78,69,255,1527.558,42.312
79,27,255,553.759,41.093
80,60,255,1010.200,42.833
81,46,255,1024.391,42.261
82,23,255,1415.326,41.717
83,41,255,1559.598,41.890
84,30,255,999.133,42.000
85,80,255,1478.588,43.888
86,28,255,433.393,42.464
87,48,255,1044.542,44.771
88,51,255,1161.657,45.029
89,47,255,1246.883,42.500
90,21,255,524.643,43.643
91,39,255,1089.962,43.885
92,55,255,1126.300,44.827
93,48,255,396.396,45.167
94,55,255,365.427,46.755
95,91,255,381.687,48.566
96,25,255,632.740,45.700
97,28,255,301.500,47.071
98,53,255,423.028,47.821
99,27,255,531.759,47.241
100,30,255,939.133,47.367
101,30,255,1205.867,47.667
102,62,255,1578.742,49.339
103,40,255,833.875,48.900
104,32,255,887.062,48.375
105,35,255,1563.729,49.500
106,77,255,134.461,53.838
107,56,255,144.143,53.464
108,24,255,293.208,50.917
109,38,255,1053.500,52.000
110,58,255,1370.466,52.793
111,24,255,1514.750,51.750
112,79,255,1473.842,55.373
113,59,255,401.754,54.551
114,31,255,995.210,53.952
115,20,255,1199.000,54.000
116,20,255,253.850,54.500
117,40,255,1321.125,55.225
118,28,255,1400.179,55.393
119,60,255,72.033,58.300
120,64,255,167.406,56.141
121,49,255,431.622,56.337
122,40,255,916.700,56.300
123,42,255,941.333,55.857
124,47,255,1179.819,56.351
125,30,255,1394.233,56.200
126,74,255,1466.203,60.878
127,100,255,60.530,59.600
128,32,255,109.781,56.719
129,38,255,1024.237,57.342
130,54,255,1156.056,57.167
131,41,255,1247.085,57.329
132,29,255,1286.845,56.397
133,36,255,534.306,58.000
134,47,255,282.053,59.564
135,29,255,483.603,59.293
136,34,255,125.353,61.000
137,35,255,270.071,59.443
138,37,255,314.446,59.932
139,27,255,867.167,60.167
140,32,255,965.219,61.375
141,34,255,1236.088,60.588
142,100,255,1575.240,62.570
143,20,255,155.800,60.950
144,43,255,175.337,63.174
145,31,255,827.306,62.500
146,85,255,890.982,63.359
147,91,255,691.214,64.654
148,49,255,44.561,64.153
149,111,255,368.770,66.923
150,41,255,560.744,64.256
151,33,255,649.803,63.894
152,53,255,1144.292,65.236
153,41,255,1267.110,64.768
154,43,255,1319.081,63.965
155,31,255,721.306,65.048
156,74,255,30.000,66.824
157,36,255,69.167,67.528
158,85,255,205.465,69.006
159,24,255,1174.250,65.583
160,34,255,1335.676,65.412
161,49,255,1561.133,67.235
162,55,255,159.755,68.900
163,24,255,643.042,67.500
164,34,255,772.824,66.412
165,43,255,1301.616,67.616
166,45,255,870.744,67.478
167,52,255,1278.846,69.327
168,39,255,636.756,70.962
169,32,255,969.969,69.594
170,57,255,1252.974,70.237
171,26,255,737.885,69.923
172,28,255,819.321,69.893
173,99,255,1000.177,72.551
174,51,255,1019.971,71.069
175,49,255,1400.582,71.051
176,32,255,13.719,71.781
177,45,255,170.078,70.767
178,25,255,482.460,70.580
179,34,255,710.529,72.412
180,54,255,848.574,73.111
181,28,255,933.214,71.857
182,50,255,940.260,73.920
183,34,255,1569.941,72.941
184,38,255,59.000,73.000
185,46,255,275.978,73.435
186,35,255,729.329,73.186
187,27,255,183.722,73.500
188,35,255,1038.071,73.614
189,52,255,1159.250,74.596
190,91,255,746.665,79.654
191,26,255,1350.077,74.192
192,30,255,439.067,76.467
193,36,255,1267.778,76.917
194,30,255,1479.833,75.667
195,49,255,1055.194,79.296
196,45,255,894.411,77.811
197,44,255,1068.341,78.159
198,37,255,1551.635,77.716
199,20,255,945.700,79.150
200,30,255,1240.367,79.367
201,45,255,1348.389,81.122
202,21,255,1472.643,78.500
203,67,255,1569.545,80.067
204,37,255,54.851,81.014
205,38,255,879.500,79.895
206,49,255,1042.031,80.969
207,54,255,191.278,82.444
208,54,255,382.389,83.278
209,55,255,1250.973,81.300
210,58,255,534.862,83.586
211,47,255,645.351,82.798
212,30,255,871.033,82.167
213,48,255,1584.854,83.229
214,32,255,357.406,83.000
215,48,255,634.354,83.208
216,37,255,1324.824,83.635
217,88,255,171.761,86.398
218,26,255,328.000,83.500
219,46,255,734.739,84.304
220,49,255,953.786,84.602
221,24,255,79.833,84.625
222,72,255,283.319,85.708
223,28,255,371.500,86.179
224,42,255,477.071,86.929
225,34,255,658.441,87.147
226,30,255,788.700,87.667
227,37,255,984.932,87.716
228,79,255,1078.222,88.297
229,55,255,1273.027,87.864
230,61,255,1317.352,88.631
231,22,255,765.000,87.500
232,26,255,1237.846,87.500
233,68,255,301.485,91.265
234,39,255,1100.577,89.141
235,21,255,1263.881,89.262
236,31,255,886.952,90.242
237,20,255,342.850,90.550
238,64,255,1257.078,92.344
239,50,255,746.040,94.440
240,54,255,844.944,94.037
241,34,255,147.559,93.265
242,57,255,333.658,94.289
243,38,255,808.737,93.500
244,93,255,1041.059,96.489
245,32,255,1181.031,93.312
246,62,255,769.048,96.758
247,38,255,1539.289,94.053
248,55,255,219.591,94.973
249,35,255,1198.929,96.100
250,48,255,1473.208,95.083
251,48,255,77.479,96.396
252,37,255,253.986,95.878
253,38,255,492.132,96.026
254,37,255,829.878,96.473
255,55,255,1053.082,97.664
256,50,255,198.320,98.620
257,50,255,1345.120,98.840
258,22,255,1087.091,98.273
259,55,255,1497.082,100.645
260,34,255,1594.382,99.235
261,46,255,713.652,98.978
262,40,255,503.375,100.250
263,46,255,1400.239,103.217
264,47,255,1016.394,101.585
265,40,255,1209.800,102.325
266,46,255,283.804,102.435
267,37,255,1283.473,102.824
268,54,255,1518.000,102.963
269,44,255,168.795,103.614
270,32,255,420.500,102.906
271,51,255,591.559,104.363
272,49,255,1184.316,104.969
273,38,255,1365.342,103.158
274,22,255,367.455,103.409
275,20,255,885.950,103.400
276,63,255,96.071,107.690
277,36,255,235.972,105.528
278,67,255,247.530,108.948
279,48,255,324.604,105.896
280,40,255,219.300,107.600
281,22,255,579.091,105.636
282,50,255,644.920,106.840
283,38,255,1354.474,106.105
284,37,255,1387.095,106.500
285,20,255,1453.550,105.750
286,26,255,1524.462,106.115
287,47,255,83.777,107.436
288,37,255,487.662,107.257
289,36,255,1116.667,107.028
290,40,255,1491.800,107.100
291,44,255,824.523,108.409
292,49,255,901.133,109.173
293,27,255,1446.093,108.426
294,53,255,188.783,108.651
295,77,255,501.110,111.266
296,33,255,966.833,110.864
297,47,255,1133.309,109.862
298,49,255,269.929,110.459
299,55,255,292.555,112.827
300,89,255,955.624,113.242
301,76,255,1041.526,110.882
302,73,255,1071.678,111.952
303,55,255,1349.864,112.118
304,57,255,989.658,111.693
305,45,255,1257.522,110.922
306,43,255,660.965,113.291
307,41,255,943.183,112.646
308,53,255,977.500,113.443
309,50,255,804.660,113.940
310,36,255,1184.167,113.250
311,62,255,530.613,114.903
312,36,255,1022.222,115.056
313,67,255,1201.993,115.142
314,56,255,1309.643,114.250
315,42,255,1392.262,115.452
316,28,255,258.679,115.000
317,35,255,414.043,115.814
318,29,255,546.328,114.397
319,45,255,88.322,116.478
320,45,255,129.744,116.478
321,145,255,382.321,121.231
322,23,255,1523.326,115.804
323,29,255,110.534,116.431
324,84,255,404.429,119.417
325,93,255,693.941,118.113
326,30,255,716.100,117.200
327,63,255,1032.849,119.071
328,38,255,1113.263,116.868
329,37,255,1292.878,117.149
330,61,255,1363.320,118.123
331,37,255,1221.878,118.527
332,25,255,1255.820,117.940
333,20,255,1.750,119.200
334,50,255,353.320,120.120
335,25,255,360.940,118.420
336,56,255,578.161,119.732
337,55,255,644.336,119.573
338,54,255,708.630,120.833
339,22,255,829.545,118.182
340,43,255,1233.965,119.198
341,34,255,1513.324,119.324
342,65,255,104.038,121.731
343,95,255,329.216,122.879
344,49,255,945.949,121.276
345,60,255,309.150,121.700
346,72,255,1008.472,122.958
347,48,255,1503.042,121.167
348,71,255,970.866,123.627
349,69,255,1190.529,123.601
350,26,255,1493.615,122.192
351,42,255,19.119,124.262
352,59,255,115.297,124.686
353,28,255,181.250,122.464
354,23,255,840.500,122.500
355,46,255,924.304,123.696
356,29,255,1026.397,123.879
357,47,255,571.904,127.266
358,47,255,721.606,125.585
359,41,255,1077.183,124.915
360,51,255,1084.578,125.559
361,49,255,474.071,125.337
362,33,255,696.894,125.985
363,59,255,1141.669,126.924
364,83,255,1288.392,127.777
365,63,255,1382.310,126.230
366,99,255,613.621,129.439
367,64,255,1059.234,128.375
368,41,255,419.744,128.500
369,37,255,775.068,128.095
370,40,255,814.600,129.050
371,55,255,1525.227,129.391
372,24,255,1566.792,127.292
373,87,255,81.822,130.293
374,61,255,135.074,130.500
375,51,255,486.637,129.833
376,53,255,930.292,130.217
377,107,255,1167.117,132.079
378,65,255,1229.469,130.008
379,32,255,1470.281,128.719
380,40,255,674.400,129.550
381,24,255,863.167,129.292
382,39,255,67.551,131.551
383,61,255,454.746,133.270
384,47,255,855.457,133.011
385,63,255,904.865,132.484
386,65,255,1107.531,132.423
387,38,255,95.684,132.421
388,31,255,501.726,132.661
389,103,255,530.811,133.364
390,45,255,1069.233,133.544
391,65,255,1182.577,133.177
392,36,255,1249.500,132.000
393,108,255,397.778,136.741
394,49,255,430.663,133.990
395,35,255,1406.900,132.157
396,110,255,632.418,136.973
397,60,255,782.517,135.567
398,84,255,838.679,135.833
399,118,255,992.585,138.331
400,50,255,1334.580,134.220
401,50,255,1516.120,135.100
402,29,255,208.328,134.431
403,34,255,442.176,134.882
404,73,255,559.404,137.281
405,59,255,653.890,136.822
406,62,255,668.774,137.435
407,38,255,737.658,135.342
408,33,255,36.015,136.348
409,57,255,412.132,136.974
410,52,255,464.038,137.596
411,36,255,598.500,136.250
412,24,255,884.750,135.833
413,71,255,1124.880,137.542
414,48,255,1359.333,138.250
415,36,255,18.778,138.361
416,78,255,343.526,139.744
417,63,255,366.929,138.659
418,75,255,490.513,137.673
419,107,255,584.537,140.799
420,48,255,679.854,138.208
421,57,255,921.570,138.026
422,66,255,1140.652,137.818
423,53,255,1214.368,137.557
424,43,255,1263.593,137.500
425,93,255,1276.608,140.016
426,58,255,1543.328,138.569
427,20,255,1577.000,137.500
428,36,255,275.500,138.000
429,43,255,509.895,138.942
430,71,255,798.204,139.387
431,49,255,944.602,138.663
432,61,255,1022.402,138.910
433,22,255,1571.409,137.318
434,51,255,523.088,140.225
435,28,255,751.429,139.786
436,72,255,957.181,140.653
437,48,255,1096.938,140.354
438,41,255,1467.061,140.061
439,64,255,297.250,141.594
440,24,255,501.875,139.042
441,50,255,607.740,141.380
442,56,255,897.518,140.696
443,57,255,1297.658,141.360
444,55,255,91.064,140.991
445,46,255,474.043,141.783
446,22,255,573.955,140.636
447,57,255,697.465,142.237
448,95,255,975.858,143.289
449,27,255,1387.204,141.352
450,57,255,1507.430,141.851
451,28,255,9.250,142.179
452,45,255,1246.322,142.544
453,64,255,310.750,144.016
454,31,255,435.210,142.952
455,137,255,740.967,147.193
456,45,255,878.678,143.767
457,47,255,1452.543,143.457
458,38,255,241.026,144.632
459,57,255,357.728,145.202
460,48,255,415.938,144.521
461,53,255,443.934,144.330
462,60,255,758.733,145.800
463,62,255,1000.435,145.548
464,109,255,1234.968,148.794
465,60,255,1371.400,145.550
466,45,255,1418.500,144.500
467,66,255,1568.182,144.955
468,49,255,483.316,146.398
469,80,255,536.125,147.125
470,67,255,1029.545,147.216
471,111,255,1153.914,146.923
472,35,255,1176.100,144.671
473,43,255,97.942,147.477
474,28,255,162.500,147.000
475,41,255,259.768,146.110
476,24,255,284.042,145.750
477,59,255,622.246,147.076
478,27,255,767.500,146.648
479,67,255,816.694,147.157
480,27,255,1330.352,145.500
481,68,255,1531.838,147.441
482,132,255,458.197,151.652
483,73,255,712.308,148.870
484,22,255,841.500,146.000
485,115,255,858.257,151.891
486,29,255,923.810,146.603
487,70,255,1043.343,148.629
488,111,255,1346.707,150.941
489,68,255,114.353,149.824
490,48,255,200.125,148.229
491,63,255,377.341,149.024
492,34,255,426.676,148.500
493,57,255,594.342,150.518
494,52,255,678.365,148.885
495,59,255,777.229,149.229
496,75,255,1203.940,150.020
497,73,255,1219.705,149.952
498,60,255,1546.350,149.033
499,51,255,892.598,150.637
500,62,255,944.823,149.919
501,69,255,957.138,150.239
502,46,255,1257.957,150.174
503,44,255,1299.818,149.136
504,86,255,1497.791,152.860
505,39,255,302.705,150.782
506,36,255,330.361,149.889
507,93,255,517.586,153.457
508,84,255,564.893,152.595
509,58,255,803.500,151.052
510,93,255,1099.651,152.608
511,24,255,1244.042,149.542
512,32,255,1457.781,150.125
513,43,255,150.895,151.244
514,43,255,339.547,151.663
515,68,255,641.971,152.882
516,81,255,723.784,153.858
517,52,255,1382.692,151.808
518,55,255,223.936,152.918
519,105,255,276.243,154.852
520,64,255,1131.031,154.031
521,53,255,1280.745,152.538
522,40,255,78.850,154.075
523,23,255,214.065,152.761
524,56,255,479.268,153.661
525,48,255,846.021,154.312
526,26,255,885.269,153.077
527,72,255,917.292,154.681
528,65,255,1009.377,154.500
529,49,255,1437.663,153.439
530,50,255,365.100,154.840
531,70,255,552.957,156.271
532,96,255,690.990,156.031
533,51,255,904.010,155.265
534,62,255,1120.177,155.371
535,59,255,1264.263,155.347
536,55,255,385.791,156.100
537,25,255,437.860,154.380
538,31,255,1191.306,154.597
539,157,255,1471.156,160.640
540,44,255,1587.477,155.682
541,41,255,206.305,157.549
542,119,255,792.887,161.265
543,102,255,1284.500,159.833
544,32,255,1327.031,156.156
545,105,255,1507.738,162.271
546,38,255,256.895,157.000
547,34,255,357.000,157.000
548,68,255,421.632,158.882
549,81,255,768.772,159.228
550,126,255,1064.762,160.214
551,59,255,1178.958,158.110
552,47,255,1338.649,157.819
553,49,255,1358.255,157.582
554,58,255,756.034,159.431
555,90,255,932.822,160.900
556,44,255,1305.341,159.068
557,49,255,1426.949,158.439
558,35,255,120.900,158.986
559,65,255,676.885,159.915
560,80,255,746.925,162.325
561,51,255,819.363,160.245
562,97,255,1080.314,162.366
563,44,255,1247.841,160.023
564,52,255,1319.481,160.365
565,80,255,155.625,163.000
566,91,255,244.819,164.027
567,78,255,325.564,162.500
568,58,255,471.793,162.069
569,30,255,511.867,161.800
570,30,255,567.133,160.867
571,59,255,1296.873,163.059
572,70,255,1596.229,163.786
573,61,255,346.959,163.566
574,65,255,368.115,163.854
575,26,255,695.577,162.962
576,99,255,732.783,164.025
577,46,255,888.522,162.848
578,42,255,900.357,162.786
579,144,255,1490.097,166.139
580,131,255,94.653,166.943
581,48,255,218.292,163.521
582,66,255,439.258,164.652
583,56,255,592.446,164.411
584,94,255,641.926,166.021
585,129,255,965.089,166.872
586,68,255,1043.750,164.603
587,109,255,1209.344,165.638
588,35,255,1394.986,163.129
589,42,255,1521.738,162.857
590,41,255,1579.720,164.207
591,77,255,23.578,167.487
592,31,255,143.532,164.790
593,43,255,314.616,164.942
594,40,255,582.125,165.975
595,135,255,610.559,167.359
596,68,255,780.426,166.191
597,54,255,830.241,165.259
598,82,255,997.268,166.061
599,72,255,1148.361,166.431
600,24,255,1447.750,164.167
601,24,255,1455.667,164.042
602,59,255,230.415,166.551
603,43,255,306.453,165.616
604,134,255,402.328,169.948
605,77,255,531.786,167.240
606,40,255,1099.500,165.000
607,65,255,1181.008,165.685
608,40,255,126.025,165.775
609,35,255,136.900,166.186
610,31,255,181.435,165.790
611,62,255,1131.968,168.016
612,46,255,1266.522,167.152
613,67,255,1566.590,167.590
614,41,255,259.012,167.671
615,21,255,422.881,166.500
616,157,255,498.239,170.118
617,65,255,719.085,168.562
618,91,255,908.390,168.676
619,35,255,978.071,167.871
620,20,255,1400.750,166.550
621,28,255,1434.464,166.893
622,57,255,1536.781,168.430
623,40,255,1552.200,168.000
624,54,255,659.056,169.426
625,58,255,807.966,169.466
626,84,255,1118.024,170.119
627,66,255,1368.439,169.788
628,118,255,278.068,174.119
629,97,255,1520.923,172.139
630,51,255,435.735,171.637
631,60,255,1163.200,171.367
632,60,255,1197.667,172.033
633,46,255,1425.152,170.804
634,99,255,385.035,173.288
635,31,255,57.113,172.242
636,48,255,118.042,172.896
637,69,255,516.326,173.775
638,55,255,572.773,173.609
639,90,255,666.156,175.889
640,105,255,754.633,176.414
641,53,255,865.292,173.349
642,81,255,1025.327,173.858
643,58,255,1331.448,172.983
644,35,255,1443.357,172.271
645,45,255,138.767,172.989
646,51,255,209.049,174.088
647,45,255,299.833,173.878
648,74,255,831.284,174.365
649,47,255,854.670,173.926
650,73,255,1251.829,174.801
651,49,255,186.194,174.561
652,89,255,472.084,175.601
653,87,255,689.971,177.615
654,120,255,928.733,178.117
655,90,255,290.933,177.633
656,68,255,740.397,177.676
657,134,255,795.724,178.448
658,91,255,1101.830,177.401
659,60,255,1382.500,176.000
660,66,255,1545.061,177.212
661,41,255,1577.305,175.744
662,50,255,159.860,176.480
663,45,255,197.367,177.167
664,33,255,227.136,176.227
665,111,255,336.923,179.194
666,21,255,448.119,176.262
667,53,255,558.500,176.443
668,31,255,844.952,176.597
669,42,255,878.571,176.738
670,45,255,974.700,176.656
671,84,255,1048.488,178.095
672,115,255,1227.135,179.935
673,39,255,1305.859,176.936
674,67,255,1401.813,176.366
675,24,255,1453.375,175.542
676,51,255,81.088,178.363
677,55,255,1296.936,178.591
678,69,255,265.877,180.384
679,85,255,625.735,180.029
680,66,255,644.879,179.864
681,66,255,1257.394,182.182
682,24,255,1353.625,177.833
683,32,255,26.875,179.406
684,61,255,677.861,180.402
685,74,255,1278.716,181.676
686,94,255,1343.372,181.319
687,63,255,1463.548,179.944
688,71,255,98.739,182.063
689,44,255,312.455,180.318
690,47,255,1077.479,181.330
691,64,255,1186.453,182.062
692,54,255,1436.963,181.204
693,51,255,1513.500,180.657
694,80,255,71.150,183.625
695,32,255,91.125,181.219
696,58,255,214.793,182.431
697,66,255,427.061,182.742
698,124,255,1060.516,186.274
699,56,255,16.589,182.893
700,94,255,34.117,186.798
701,54,255,141.981,182.259
702,53,255,189.783,182.783
703,44,255,462.045,182.614
704,50,255,492.200,183.360
705,100,255,891.160,183.470
706,110,255,909.145,184.073
707,36,255,1211.306,182.917
708,79,255,1364.146,184.665
709,42,255,1499.143,182.095
710,40,255,170.200,184.200
711,35,255,439.529,183.214
712,77,255,577.916,185.357
713,59,255,733.093,184.822
714,33,255,866.318,183.197
715,72,255,1320.403,185.264
716,56,255,1405.179,183.714
717,50,255,1479.460,184.080
718,44,255,159.636,184.568
719,52,255,390.481,184.692
720,69,255,828.514,185.920
721,88,255,949.034,186.216
722,67,255,1132.978,185.679
723,51,255,1488.814,185.853
724,45,255,746.256,186.478
725,63,255,1149.802,187.119
726,60,255,1201.933,187.233
727,83,255,1451.114,186.428
728,22,255,1585.955,185.455
729,36,255,1593.528,185.722
730,62,255,178.242,187.081
731,68,255,529.265,187.176
732,149,255,970.500,189.849
733,60,255,1552.033,188.000
734,71,255,238.768,188.458
735,105,255,549.452,189.329
736,97,255,592.356,188.428
737,45,255,805.833,187.744
738,55,255,1103.136,188.155
739,57,255,1264.921,190.412
740,67,255,1302.575,188.321
741,48,255,1426.542,187.896
742,114,255,1537.632,191.018
743,39,255,136.654,189.449
744,114,255,604.842,192.807
745,114,255,993.246,190.316
746,63,255,1034.214,189.310
747,99,255,1118.732,192.742
748,37,255,8.257,189.311
749,54,255,40.741,191.759
750,25,255,201.620,189.140
751,54,255,367.444,189.519
752,49,255,563.071,190.010
753,43,255,1560.477,190.895
754,25,255,357.820,190.580
755,46,255,510.370,191.522
756,59,255,674.432,191.347
757,96,255,692.375,194.104
758,45,255,818.878,191.078
759,50,255,839.520,190.980
760,52,255,1375.269,191.288
761,42,255,1386.500,190.833
762,49,255,54.398,192.378
763,53,255,658.028,191.896
764,71,255,1163.542,192.627
765,74,255,1179.500,193.568
766,34,255,501.265,192.529
767,54,255,715.407,193.630
768,54,255,855.148,193.500
769,62,255,920.548,193.694
770,26,255,1188.385,191.808
771,56,255,1464.393,193.232
772,36,255,62.111,193.750
773,58,255,114.103,195.138
774,29,255,220.397,192.983
775,84,255,280.857,193.917
776,47,255,825.862,194.521
777,75,255,1329.527,196.087
778,78,255,1348.910,194.487
779,29,255,2.534,193.914
780,37,255,100.473,194.203
781,78,255,167.026,196.077
782,95,255,1443.142,197.005
783,91,255,1506.445,196.170
784,52,255,124.250,197.096
785,65,255,312.177,196.515
786,49,255,522.908,196.194
787,66,255,571.530,197.258
788,43,255,681.919,195.895
789,86,255,789.895,196.814
790,60,255,1080.283,196.283
791,97,255,87.232,199.242
792,88,255,147.375,200.239
793,67,255,229.201,198.366
794,87,255,253.063,198.695
795,67,255,350.500,197.560
796,41,255,771.402,196.378
797,61,255,809.811,198.156
798,56,255,1283.054,197.143
799,68,255,1408.912,197.147
800,53,255,183.764,198.198
801,43,255,338.616,197.709
802,82,255,383.622,199.317
803,48,255,638.917,197.875
804,88,255,733.648,199.523
805,78,255,928.769,199.077
806,20,255,1243.300,197.150
807,112,255,19.304,201.071
808,72,255,368.236,198.958
809,65,255,952.808,199.285
810,57,255,263.167,200.114
811,84,255,411.643,201.964
812,51,255,671.441,199.951
813,53,255,1479.387,200.651
814,129,255,427.446,204.012
815,110,255,472.955,202.345
816,71,255,863.204,201.613
817,63,255,1579.754,201.214
818,59,255,138.161,203.856
819,59,255,215.076,201.347
820,50,255,494.000,202.600
821,34,255,660.529,201.176
822,97,255,1062.799,203.294
823,41,255,1213.037,201.915
824,75,255,1271.633,202.700
825,54,255,1461.685,200.907
826,69,255,623.399,203.210
827,71,255,776.852,204.796
828,42,255,1221.167,203.238
829,60,255,1367.017,203.550
830,79,255,1384.297,204.930
831,51,255,1553.167,202.951
832,28,255,3.643,202.964
833,21,255,286.643,202.500
834,52,255,761.058,205.038
835,43,255,1564.477,203.570
836,34,255,202.265,204.235
837,106,255,610.170,206.717
838,59,255,797.958,205.856
839,73,255,883.048,205.596
840,66,255,1302.621,206.106
841,51,255,1522.716,204.618
842,54,255,191.648,206.426
843,38,255,338.316,205.026
844,46,255,553.674,205.239
845,58,255,39.828,207.500
846,93,255,58.156,207.790
847,92,255,100.685,208.815
848,44,255,239.045,207.409
849,32,255,301.781,205.875
850,73,255,523.911,207.897
851,63,255,718.294,207.643
852,59,255,944.686,207.653
853,69,255,1076.341,208.022
854,56,255,1231.179,207.518
855,74,255,1258.000,208.041
856,159,255,1320.953,211.072
857,86,255,1395.721,209.779
858,86,255,72.326,209.791
859,66,255,118.636,208.636
860,101,255,178.282,209.322
861,57,255,279.904,208.447
862,53,255,324.689,208.217
863,46,255,1085.261,209.696
864,57,255,1114.816,208.430
865,40,255,751.425,208.775
866,77,255,1005.058,209.526
867,21,255,1022.643,207.643
868,59,255,1530.280,209.907
869,48,255,210.646,209.958
870,60,255,545.300,210.450
871,64,255,903.234,210.016
872,59,255,1130.466,210.246
873,41,255,1295.890,210.329
874,37,255,1375.338,210.203
875,30,255,1506.867,208.867
876,44,255,590.886,211.136
877,80,255,1169.963,212.188
878,79,255,1458.804,212.272
879,57,255,1489.272,210.781
880,79,255,500.513,214.234
881,73,255,581.349,213.103
882,121,255,657.574,216.698
883,50,255,1578.440,212.480
884,72,255,293.000,213.444
885,62,255,351.548,213.677
886,69,255,557.065,212.384
887,70,255,695.814,214.643
888,121,255,848.607,215.657
889,81,255,974.315,214.401
890,78,255,991.667,214.564
891,60,255,1349.717,212.783
892,43,255,1360.128,213.244
893,79,255,1431.601,213.487
894,49,255,166.786,214.296
895,72,255,463.500,214.514
896,80,255,646.688,216.238
897,27,255,1041.093,212.944
898,64,255,2.969,216.312
899,53,255,232.764,215.443
900,36,255,736.611,214.000
901,100,255,920.330,216.600
902,67,255,964.724,215.649
903,50,255,48.080,215.880
904,76,255,477.355,216.921
905,51,255,630.029,216.422
906,71,255,1101.246,216.894
907,84,255,1199.607,217.357
908,71,255,1569.472,217.754
909,62,255,105.161,217.452
910,92,255,414.185,218.565
911,41,255,524.598,216.110
912,79,255,765.184,218.804
913,58,255,1120.845,217.948
914,74,255,1182.838,218.297
915,57,255,1287.851,217.693
916,91,255,1542.940,218.500
917,52,255,310.058,218.635
918,118,255,398.602,219.136
919,40,255,866.450,217.575
920,50,255,1135.200,218.600
921,93,255,1211.038,220.651
922,80,255,1412.175,218.550
923,96,255,139.927,220.677
924,48,255,326.146,219.042
925,87,255,817.063,221.086
926,44,255,1442.136,219.136
927,115,255,12.326,223.552
928,35,255,709.614,219.214
929,66,255,1525.470,220.439
930,35,255,73.929,219.871
931,77,255,429.851,223.864
932,104,255,504.788,224.087
933,64,255,1002.250,221.750
934,33,255,1297.348,220.136
935,59,255,1473.144,221.483
936,60,255,296.350,222.033
937,69,255,905.616,222.486
938,27,255,933.722,221.352
939,68,255,1050.118,223.397
940,59,255,1503.856,221.754
941,60,255,171.433,223.533
942,55,255,213.282,223.373
943,53,255,348.538,222.406
944,58,255,439.328,224.121
945,67,255,1147.201,223.291
946,29,255,1225.086,221.914
947,102,255,1232.667,226.539
948,120,255,1347.167,226.283
949,71,255,27.148,224.387
950,33,255,245.379,223.500
951,68,255,1434.074,223.956
952,121,255,1462.583,228.269
953,63,255,44.040,226.548
954,48,255,1255.604,224.875
955,33,255,1262.773,224.045
956,35,255,518.700,225.043
957,36,255,635.417,225.278
958,57,255,895.833,226.605
959,53,255,1029.632,226.934
960,151,255,1064.692,228.619
961,40,255,337.775,226.225
962,114,255,565.211,229.605
963,68,255,669.912,227.971
964,29,255,725.879,226.672
965,87,255,781.431,229.006
966,43,255,823.174,228.407
967,78,255,229.397,228.372
968,53,255,474.179,228.387
969,35,255,529.843,227.700
970,30,255,545.133,227.133
971,118,255,579.347,231.475
972,62,255,607.984,228.823
973,34,255,627.412,227.029
974,43,255,715.174,227.779
975,56,255,790.536,228.589
976,91,255,1020.192,229.181
977,39,255,1309.628,227.628
978,45,255,1596.678,228.611
979,85,255,318.700,229.441
980,31,255,599.694,229.113
981,78,255,831.244,229.923
982,85,255,955.112,230.582
983,49,255,1498.500,228.663
984,62,255,59.661,230.145
985,82,255,73.122,230.537
986,61,255,156.516,231.107
987,50,255,689.900,230.100
988,54,255,105.889,231.111
989,31,255,270.048,229.919
990,43,255,330.453,231.430
991,70,255,382.929,231.343
992,118,255,1198.797,235.415
993,92,255,369.467,234.000
994,83,255,413.608,233.536
995,74,255,446.932,233.027
996,27,255,653.389,231.130
997,50,255,1263.300,231.900
998,102,255,1583.922,232.833
999,61,255,632.959,233.648
1000,67,255,1382.500,233.619
1001,41,255,1481.354,233.232
1002,182,255,1520.571,236.412
1003,62,255,186.097,234.613
1004,86,255,944.884,236.407
1005,62,255,978.613,234.435
1006,36,255,96.472,235.111
1007,46,255,139.174,235.174
1008,73,255,167.404,235.952
1009,34,255,680.588,234.853
1010,47,255,932.181,234.543
1011,91,255,1081.654,237.181
1012,120,255,1112.617,237.117
1013,80,255,1160.513,236.912
1014,61,255,1273.992,235.074
1015,72,255,207.806,237.403
1016,82,255,392.012,238.622
1017,76,255,1149.987,237.684
1018,79,255,303.842,237.133
1019,76,255,668.474,237.658
1020,44,255,1298.500,236.909
1021,106,255,1400.981,241.028
1022,81,255,269.833,238.204
1023,58,255,846.862,238.690
1024,122,255,1006.664,242.344
1025,36,255,1361.639,237.111
1026,49,255,1489.173,238.071
1027,104,255,51.144,242.163
1028,67,255,1289.649,240.306
1029,102,255,1429.363,240.304
1030,63,255,118.643,240.341
1031,116,255,470.767,240.845
1032,23,255,556.543,238.674
1033,77,255,1320.552,241.435
1034,76,255,1345.763,241.171
1035,37,255,1391.338,240.203
1036,72,255,492.236,241.556
1037,75,255,508.780,242.113
1038,22,255,609.682,239.318
1039,70,255,702.714,241.471
1040,78,255,1046.769,242.000
1041,38,255,5.184,241.684
1042,91,255,107.500,244.357
1043,96,255,286.208,243.875
1044,22,255,345.773,240.818
1045,30,255,356.700,241.200
1046,78,255,521.064,242.846
1047,40,255,876.475,241.425
1048,110,255,926.391,244.127
1049,46,255,1329.130,243.196
1050,31,255,1454.694,241.403
1051,78,255,428.385,244.167
1052,33,255,543.258,241.955
1053,98,255,1021.449,245.378
1054,143,255,1222.815,246.626
1055,71,255,1244.514,243.570
1056,38,255,680.079,245.605
1057,64,255,763.438,244.750
1058,132,255,803.341,248.667
1059,67,255,820.560,244.963
1060,70,255,1265.943,244.757
1061,96,255,1554.375,245.667
1062,57,255,789.693,245.114
1063,78,255,638.359,246.436
1064,55,255,1475.773,246.445
1065,75,255,28.713,247.753
1066,34,255,69.118,245.853
1067,103,255,139.500,248.529
1068,101,255,224.124,249.183
1069,112,255,863.464,249.580
1070,87,255,973.891,248.155
1071,21,255,1126.500,245.690
1072,106,255,258.377,249.934
1073,60,255,325.450,248.417
1074,38,255,601.500,247.526
1075,35,255,729.357,247.729
1076,49,255,1083.031,248.071
1077,70,255,1097.086,248.986
1078,46,255,1279.435,247.652
1079,79,255,1508.854,250.943
1080,61,255,36.943,249.844
1081,106,255,124.443,252.132
1082,68,255,453.706,249.382
1083,51,255,552.892,248.147
1084,60,255,893.983,249.667
1085,25,255,1252.900,247.580
1086,121,255,1361.483,250.921
1087,84,255,1384.417,250.536
1088,42,255,190.143,250.048
1089,51,255,369.578,250.637
1090,151,255,243.778,254.964
1091,23,255,379.326,249.500
1092,37,255,686.608,252.608
1093,64,255,989.625,251.641
1094,51,255,1115.304,250.069
1095,23,255,1299.630,250.283
1096,67,255,1494.843,252.918
1097,103,255,1533.413,255.170
1098,57,255,303.079,252.711
1099,118,255,494.644,254.746
1100,53,255,943.896,252.802
1101,49,255,1191.867,251.969
1102,104,255,1453.500,252.981
1103,56,255,1544.464,252.571
1104,99,255,175.944,254.167
1105,82,255,291.927,255.963
1106,64,255,316.219,254.266
1107,46,255,480.870,253.391
1108,98,255,1173.806,254.806
1109,102,255,1343.814,255.539
1110,45,255,630.744,253.989
1111,58,255,826.897,254.172
1112,62,255,1312.565,254.113
1113,42,255,1431.143,253.738
1114,53,255,17.123,254.934
1115,53,255,355.689,255.085
1116,53,255,416.915,254.991
1117,36,255,960.028,254.083
1118,70,255,1268.486,254.586
1119,55,255,90.755,256.282
1120,55,255,343.445,257.300
1121,83,255,396.946,258.211
1122,68,255,607.515,258.088
1123,88,255,1048.818,258.170
1124,27,255,1393.056,255.611
1125,52,255,1465.327,257.058
1126,28,255,1597.857,255.393
1127,55,255,700.936,256.955
1128,90,255,901.878,260.344
1129,48,255,928.458,256.958
1130,42,255,949.667,257.143
1131,46,255,101.109,257.957
1132,39,255,546.013,257.551
1133,22,255,752.545,256.045
1134,57,255,1239.184,258.237
1135,30,255,680.933,258.067
1136,55,255,889.900,258.755
1137,93,255,1087.478,260.349
1138,47,255,1124.777,259.223
1139,127,255,1200.870,261.902
1140,70,255,1555.386,259.500
1141,59,255,210.280,260.669
1142,41,255,874.061,260.232
1143,49,255,1376.418,260.337
1144,100,255,1444.260,262.300
1145,61,255,1584.500,259.697
1146,36,255,410.028,260.583
1147,96,255,769.844,261.562
1148,125,255,1156.476,263.180
1149,40,255,1475.575,260.425
1150,92,255,71.761,264.435
1151,87,255,595.374,264.144
1152,35,255,631.100,262.243
1153,101,255,840.728,265.183
1154,33,255,1327.530,262.258
1155,25,255,15.500,264.100
1156,22,255,146.818,262.227
1157,94,255,379.638,264.702
1158,30,255,1034.000,262.000
1159,93,255,1415.758,266.780
1160,30,255,1516.433,262.300
1161,23,255,622.283,262.891
1162,92,255,661.848,265.141
1163,33,255,693.894,264.379
1164,23,255,851.457,262.761
1165,96,255,989.917,266.167
1166,81,255,1136.994,265.747
1167,110,255,323.673,267.518
1168,124,255,470.629,266.387
1169,48,255,528.833,265.104
1170,54,255,536.185,265.685
1171,37,255,573.473,264.338
1172,24,255,685.500,264.000
1173,74,255,812.838,265.324
1174,65,255,1319.423,265.608
1175,58,255,439.707,266.690
1176,114,255,505.342,268.167
1177,35,255,556.700,264.957
1178,40,255,675.050,265.825
1179,36,255,958.667,265.000
1180,65,255,1004.423,266.392
1181,26,255,1012.385,265.346
1182,89,255,1481.028,267.444
1183,100,255,1571.260,267.950
1184,64,255,652.234,267.656
1185,66,255,799.242,267.318
1186,117,255,1069.150,269.338
1187,55,255,1404.755,267.355
1188,74,255,226.230,268.946
1189,49,255,721.153,267.296
1190,82,255,1106.939,268.732
1191,74,255,1220.284,269.270
1192,41,255,1261.793,268.037
1193,40,255,1381.000,267.250
1194,46,255,1510.848,267.957
1195,80,255,1542.438,269.562
1196,68,255,1593.044,268.515
1197,57,255,53.886,269.728
1198,48,255,429.729,269.417
1199,50,255,581.200,269.540
1200,92,255,862.902,270.630
1201,87,255,1235.431,270.121
1202,75,255,1467.033,269.447
1203,68,255,9.059,271.147
1204,54,255,349.426,269.796
1205,62,255,402.339,270.484
1206,79,255,918.310,272.247
1207,73,255,275.925,272.007
1208,63,255,420.992,272.500
1209,36,255,642.972,271.611
1210,105,255,1170.176,273.243
1211,58,255,65.569,272.379
1212,119,255,135.903,275.265
1213,55,255,339.882,273.173
1214,49,255,727.296,272.173
1215,100,255,261.420,274.230
1216,57,255,705.693,273.342
1217,59,255,830.636,273.924
1218,29,255,1520.397,272.293
1219,58,255,189.397,273.828
1220,35,255,456.729,273.186
1221,24,255,552.208,273.042
1222,57,255,765.430,274.763
1223,130,255,1045.523,277.046
1224,50,255,482.140,274.860
1225,34,255,571.441,274.118
1226,55,255,819.082,275.773
1227,96,255,971.167,275.854
1228,60,255,1010.333,274.683
1229,48,255,1246.500,275.000
1230,68,255,1271.279,276.735
1231,23,255,1352.500,273.500
1232,80,255,174.762,276.600
1233,218,255,292.009,281.404
1234,79,255,370.272,277.044
1235,66,255,530.455,276.182
1236,85,255,1431.394,277.382
1237,69,255,208.471,277.862
1238,71,255,242.049,277.289
1239,66,255,592.136,277.106
1240,64,255,635.672,277.750
1241,58,255,941.276,277.276
1242,67,255,1149.381,278.201
1243,48,255,103.562,278.812
1244,47,255,356.883,279.096
1245,62,255,954.419,280.129
1246,80,255,1182.963,280.100
1247,41,255,1219.476,278.524
1248,77,255,1260.747,281.175
1249,98,255,1345.949,281.714
1250,46,255,233.587,281.435
1251,117,255,408.329,282.825
1252,67,255,454.231,280.396
1253,50,255,505.320,279.600
1254,74,255,1525.797,281.568
1255,50,255,664.200,281.480
1256,60,255,879.333,281.317
1257,55,255,1108.500,281.536
1258,69,255,1459.500,281.500
1259,53,255,1579.689,281.255
1260,61,255,84.582,281.844
1261,97,255,97.572,285.933
1262,98,255,318.847,284.776
1263,77,255,623.240,282.526
1264,64,255,699.328,282.594
1265,55,255,788.191,282.773
1266,109,255,1023.720,282.720
1267,76,255,1310.987,283.066
1268,106,255,1365.906,284.915
1269,74,255,1546.081,282.405
1270,73,255,29.705,283.979
1271,120,255,485.425,286.342
1272,51,255,567.539,282.637
1273,75,255,602.247,283.820
1274,48,255,1119.542,283.208
1275,95,255,1199.932,284.416
1276,49,255,1417.112,282.296
1277,45,255,67.011,283.544
1278,61,255,261.680,283.844
1279,86,255,799.942,286.163
1280,76,255,927.053,285.526
1281,84,255,1295.976,285.214
1282,69,255,1476.848,284.630
1283,71,255,15.979,285.444
1284,26,255,1493.615,283.846
1285,45,255,1589.078,285.478
1286,35,255,558.500,285.843
1287,31,255,949.048,285.694
1288,55,255,1130.064,286.664
1289,58,255,43.121,287.500
1290,100,255,246.010,289.920
1291,42,255,548.571,286.310
1292,66,255,579.667,288.015
1293,54,255,1165.889,287.111
1294,69,255,350.543,289.254
1295,89,255,434.433,288.792
1296,24,255,651.042,286.375
1297,53,255,716.670,288.142
1298,55,255,772.209,288.664
1299,117,255,974.107,290.799
1300,58,255,1099.707,288.793
1301,55,255,1250.955,289.009
1302,35,255,1412.186,287.900
1303,93,255,843.306,290.306
1304,36,255,893.000,287.806
1305,69,255,904.500,289.500
1306,69,255,124.167,290.399
1307,45,255,448.078,289.544
1308,100,255,469.660,292.360
1309,48,255,872.771,290.396
1310,95,255,1234.026,292.016
1311,113,255,1329.765,292.013
1312,49,255,331.929,291.541
1313,130,255,511.708,291.592
1314,74,255,692.932,292.149
1315,53,255,783.311,290.689
1316,150,255,1001.420,294.207
1317,65,255,1046.162,290.869
1318,102,255,148.353,292.824
1319,67,255,1426.604,293.231
1320,116,255,1567.681,294.121
1321,20,255,1597.900,291.050
1322,99,255,1029.318,295.965
1323,97,255,317.603,296.005
1324,36,255,562.500,292.750
1325,41,255,671.768,294.134
1326,154,255,1308.045,298.481
1327,140,255,1487.186,296.457
1328,84,255,198.440,296.476
1329,84,255,529.750,295.905
1330,61,255,624.418,295.041
1331,48,255,883.500,295.000
1332,56,255,923.143,295.286
1333,50,255,1123.120,295.120
1334,77,255,1527.708,296.890
1335,116,255,34.543,298.198
1336,97,255,162.562,297.088
1337,45,255,865.656,295.900
1338,136,255,1271.301,298.132
1339,64,255,1347.422,296.359
1340,43,255,1417.965,296.360
1341,46,255,1517.457,297.087
1342,46,255,1538.739,295.783
1343,60,255,53.750,298.317
1344,53,255,173.349,297.519
1345,71,255,1089.106,298.021
1346,68,255,1198.529,297.368
1347,58,255,1373.379,297.155
1348,21,255,1597.167,296.405
1349,76,255,546.526,298.789
1350,76,255,665.961,299.474
1351,99,255,677.086,301.783
1352,62,255,711.516,298.855
1353,84,255,744.881,298.083
1354,140,255,82.343,301.236
1355,58,255,132.845,299.034
1356,139,255,269.112,300.536
1357,79,255,387.158,298.804
1358,34,255,1165.265,298.324
1359,65,255,1175.300,299.608
1360,34,255,2.471,300.706
1361,90,255,424.922,301.411
1362,50,255,458.620,300.200
1363,67,255,846.530,300.649
1364,104,255,1285.769,302.154
1365,29,255,1401.914,298.776
1366,104,255,14.913,303.308
1367,50,255,187.080,301.200
1368,90,255,213.467,301.722
1369,51,255,359.029,301.069
1370,73,255,643.856,301.390
1371,60,255,941.383,301.150
1372,46,255,1357.870,301.130
1373,53,255,247.481,302.047
1374,64,255,305.094,302.625
1375,33,255,446.712,300.773
1376,51,255,766.088,301.990
1377,63,255,801.230,303.056
1378,69,255,822.500,302.500
1379,47,255,857.840,302.202
1380,113,255,1452.164,304.084
1381,73,255,1552.281,303.116
1382,56,255,984.000,303.375
1383,43,255,1064.686,302.547
1384,114,255,1117.711,306.386
1385,55,255,1251.373,303.409
1386,42,255,62.405,304.357
1387,85,255,513.900,306.676
1388,29,255,556.948,302.914
1389,55,255,758.300,304.864
1390,74,255,1434.500,305.203
1391,56,255,142.732,305.143
1392,108,255,288.750,308.889
1393,127,255,349.311,308.594
1394,45,255,396.589,305.167
1395,56,255,484.304,306.196
1396,63,255,698.754,306.611
1397,54,255,811.000,306.074
1398,58,255,1366.552,306.810
1399,74,255,408.135,308.149
1400,66,255,495.758,307.697
1401,44,255,603.295,306.364
1402,73,255,894.829,307.637
1403,77,255,1218.331,307.734
1404,60,255,444.167,309.217
1405,153,255,590.075,311.690
1406,102,255,989.108,312.039
1407,50,255,1085.900,308.500
1408,78,255,1166.256,309.628
1409,57,255,1392.658,309.289
1410,67,255,1494.799,309.246
1411,88,255,565.705,311.045
1412,46,255,628.174,309.457
1413,62,255,1006.274,311.355
1414,60,255,1059.100,310.617
1415,67,255,40.246,311.306
1416,47,255,746.798,311.457
1417,75,255,946.793,312.167
1418,66,255,1334.727,312.652
1419,58,255,1474.724,311.034
1420,56,255,24.625,312.071
1421,74,255,100.797,312.932
1422,63,255,115.008,312.579
1423,77,255,131.357,313.110
1424,103,255,172.733,314.791
1425,23,255,1040.674,310.935
1426,71,255,1138.937,312.852
1427,100,255,1194.190,314.150
1428,61,255,250.648,313.156
1429,58,255,274.052,313.224
1430,71,255,313.908,314.937
1431,34,255,476.147,312.059
1432,55,255,763.627,312.791
1433,112,255,907.116,316.348
1434,35,255,1208.186,312.329
1435,44,255,1555.909,312.727
1436,54,255,211.759,313.963
1437,117,255,329.611,316.321
1438,118,255,369.008,317.500
1439,56,255,658.643,314.339
1440,85,255,1021.112,316.476
1441,36,255,1032.611,314.806
1442,28,255,1252.143,312.964
1443,60,255,1296.117,314.583
1444,105,255,388.814,317.690
1445,67,255,876.500,316.037
1446,95,255,1514.532,316.468
1447,144,255,154.750,317.875
1448,33,255,220.136,315.561
1449,81,255,791.302,316.698
1450,52,255,803.673,315.981
1451,74,255,850.743,316.500
1452,35,255,1245.186,314.986
1453,49,255,63.173,316.541
1454,66,255,83.364,317.379
1455,31,255,296.855,316.565
1456,48,255,1050.938,316.938
1457,54,255,826.426,318.278
1458,88,255,859.955,321.352
1459,53,255,1106.142,318.236
1460,65,255,1234.746,319.238
1461,130,255,669.738,321.454
1462,25,255,714.700,317.020
1463,67,255,1149.276,319.843
1464,55,255,1384.627,319.609
1465,69,255,1416.558,320.123
1466,52,255,107.712,320.712
1467,111,255,231.626,323.257
1468,61,255,641.664,319.795
1469,42,255,837.571,319.690
1470,75,255,933.607,321.647
1471,44,255,1345.955,319.886
1472,63,255,467.611,321.516
1473,69,255,482.529,321.630
1474,134,255,532.634,323.948
1475,77,255,1070.201,322.201
1476,77,255,1089.903,321.695
1477,97,255,1117.582,323.418
1478,36,255,1396.333,321.389
1479,117,255,1447.201,323.611
1480,68,255,1582.691,322.500
1481,102,255,56.373,325.098
1482,44,255,913.409,321.818
1483,30,255,1131.133,321.133
1484,91,255,1264.830,323.896
1485,33,255,1328.591,320.985
1486,21,255,39.643,321.690
1487,66,255,408.485,323.091
1488,48,255,513.896,322.625
1489,72,255,570.417,323.792
1490,73,255,1274.651,324.075
1491,27,255,1408.537,324.426
1492,62,255,1495.435,323.339
1493,79,255,1559.601,323.930
1494,89,255,246.916,324.096
1495,63,255,428.310,324.341
1496,65,255,879.038,325.223
1497,49,255,1360.724,323.724
1498,104,255,451.981,327.413
1499,139,255,1006.442,328.335
1500,65,255,1206.623,326.285
1501,60,255,1302.750,325.567
1502,58,255,14.552,326.845
1503,32,255,194.719,325.344
1504,40,255,273.575,327.025
1505,153,255,358.918,331.114
1506,65,255,773.392,326.300
1507,68,255,1197.324,327.000
1508,41,255,146.378,326.622
1509,142,255,207.796,329.577
1510,95,255,547.658,329.532
1511,106,255,696.708,331.849
1512,118,255,1183.602,329.542
1513,54,255,1285.648,327.204
1514,52,255,1337.000,327.885
1515,63,255,1504.405,327.770
1516,51,255,342.284,327.775
1517,65,255,501.577,330.885
1518,68,255,588.191,329.324
1519,56,255,716.036,328.036
1520,52,255,945.385,328.673
1521,50,255,1225.900,327.960
1522,60,255,1322.417,328.383
1523,58,255,95.759,329.397
1524,50,255,186.360,329.040
1525,87,255,441.718,330.948
1526,87,255,491.776,331.121
1527,35,255,1061.643,328.614
1528,26,255,1243.769,327.846
1529,79,255,1478.108,330.120
1530,41,255,1570.939,329.378
1531,62,255,39.984,330.387
1532,59,255,84.347,330.602
1533,61,255,1252.992,330.762
1534,58,255,611.431,331.034
1535,58,255,736.845,330.879
1536,111,255,1352.563,332.365
1537,23,255,1.587,331.848
1538,56,255,686.964,332.339
1539,37,255,749.581,330.959
1540,33,255,1045.500,330.500
1541,46,255,1367.543,332.174
1542,50,255,319.120,332.400
1543,40,255,517.775,332.575
1544,76,255,1293.000,334.289
1545,31,255,158.500,332.855
1546,100,255,241.640,337.340
1547,74,255,266.635,334.730
1548,34,255,332.147,333.235
1549,26,255,975.000,332.731
1550,98,255,987.408,335.541
1551,50,255,1018.780,335.040
1552,144,255,1164.757,335.944
1553,118,255,1309.619,337.924
1554,68,255,66.485,336.926
1555,30,255,305.000,334.500
1556,57,255,559.465,334.781
1557,56,255,888.250,334.875
1558,62,255,921.790,335.613
1559,50,255,1029.160,335.120
1560,74,255,1521.027,335.568
1561,60,255,823.567,337.267
1562,24,255,1123.375,334.708
1563,94,255,1149.553,338.287
1564,29,255,1420.397,334.810
1565,119,255,139.357,338.130
1566,63,255,252.262,337.627
1567,60,255,464.950,337.583
1568,50,255,1099.120,336.400
1569,65,255,1114.131,337.546
1570,62,255,1407.452,337.016
1571,33,255,1493.167,336.348
1572,52,255,1557.154,336.346
1573,60,255,1589.817,337.750
1574,83,255,603.620,339.416
1575,61,255,763.500,337.828
1576,56,255,865.679,338.411
1577,80,255,910.788,339.325
1578,58,255,954.483,337.914
1579,60,255,1430.183,338.167
1580,46,255,105.130,338.870
1581,34,255,397.765,338.382
1582,88,255,572.068,339.659
1583,60,255,710.100,339.900
1584,104,255,1133.394,342.519
1585,87,255,23.236,343.236
1586,97,255,120.459,342.655
1587,37,255,191.635,339.392
1588,110,255,223.073,342.273
1589,101,255,510.550,341.579
1590,31,255,812.210,338.887
1591,49,255,847.724,340.133
1592,123,255,1050.004,342.931
1593,113,255,162.907,343.155
1594,64,255,538.203,341.984
1595,142,255,622.077,344.500
1596,92,255,637.120,343.391
1597,107,255,672.360,341.818
1598,35,255,731.500,340.729
1599,48,255,832.354,341.188
1600,63,255,1238.675,341.833
1601,22,255,1477.000,338.864
1602,49,255,313.153,342.153
1603,66,255,525.424,342.561
1604,90,255,876.978,343.300
1605,46,255,201.239,342.957
1606,50,255,341.860,343.680
1607,76,255,791.079,342.961
1608,46,255,1218.761,342.391
1609,43,255,1281.616,342.616
1610,59,255,39.483,344.686
1611,91,255,85.456,345.115
1612,65,255,388.377,344.331
1613,98,255,973.939,347.337
1614,40,255,351.275,344.275
1615,84,255,380.190,347.440
1616,56,255,549.054,345.500
1617,33,255,559.864,344.136
1618,69,255,933.717,345.543
1619,69,255,1065.399,346.036
1620,84,255,1082.940,347.167
1621,54,255,1188.185,345.685
1622,58,255,1367.759,345.155
1623,52,255,1399.000,345.885
1624,59,255,1414.178,345.398
1625,71,255,1448.796,346.120
1626,70,255,111.671,348.200
1627,83,255,175.223,348.380
1628,128,255,411.297,349.609
1629,37,255,899.878,345.581
1630,54,255,957.037,345.833
1631,69,255,1000.326,346.428
1632,41,255,1459.305,345.549
1633,75,255,1510.353,348.247
1634,98,255,1526.714,348.194
1635,76,255,1540.421,347.105
1636,52,255,456.327,347.808
1637,65,255,1024.162,346.885
1638,60,255,1175.467,347.567
1639,22,255,1326.591,345.409
1640,36,255,1582.528,346.917
1641,38,255,280.474,347.421
1642,116,255,440.810,350.767
1643,121,255,657.665,351.070
1644,50,255,690.740,347.820
1645,69,255,766.862,348.601
1646,57,255,1122.675,347.939
1647,91,255,1249.929,350.401
1648,58,255,16.069,349.345
1649,52,255,213.538,351.250
1650,35,255,325.586,347.929
1651,60,255,842.283,349.100
1652,40,255,949.000,349.300
1653,45,255,1095.056,349.167
1654,50,255,1235.000,348.660
1655,59,255,1261.686,349.263
1656,63,255,1568.754,349.532
1657,73,255,1596.637,350.993
1658,35,255,57.814,350.271
1659,64,255,66.125,349.562
1660,51,255,466.304,350.167
1661,63,255,807.929,348.976
1662,123,255,860.703,352.768
1663,66,255,983.758,350.439
1664,30,255,1110.467,349.400
1665,48,255,1165.875,350.729
1666,100,255,141.250,351.870
1667,57,255,192.237,351.395
1668,96,255,253.385,352.656
1669,35,255,486.071,350.071
1670,42,255,1559.000,351.000
1671,57,255,371.500,352.711
1672,52,255,608.981,352.212
1673,22,255,734.182,350.000
1674,53,255,1013.708,351.840
1675,113,255,1292.305,356.429
1676,51,255,1304.343,352.500
1677,128,255,264.750,356.516
1678,27,255,294.278,352.019
1679,114,255,579.316,354.684
1680,35,255,720.071,351.986
1681,21,255,915.452,351.929
1682,69,255,1221.543,354.007
1683,114,255,1380.167,356.211
1684,42,255,1426.548,352.881
1685,68,255,1484.074,353.353
1686,53,255,1549.311,354.632
1687,105,255,340.643,355.348
1688,23,255,1101.326,353.065
1689,71,255,1197.148,355.880
1690,75,255,1283.060,356.513
1691,56,255,1465.357,353.982
1692,111,255,303.869,357.122
1693,75,255,472.780,355.700
1694,41,255,674.207,354.402
1695,96,255,798.688,356.750
1696,129,255,895.919,356.027
1697,50,255,1394.540,354.620
1698,55,255,28.718,356.536
1699,21,255,130.071,355.119
1700,25,255,1402.300,354.740
1701,41,255,200.354,356.768
1702,39,255,564.936,357.244
1703,48,255,641.000,357.042
1704,67,255,830.739,357.933
1705,29,255,1233.500,355.603
1706,50,255,361.720,358.280
1707,33,255,750.530,357.409
1708,60,255,90.783,359.300
1709,58,255,486.052,359.052
1710,27,255,698.870,358.315
1711,40,255,728.350,358.850
1712,28,255,761.357,358.571
1713,41,255,997.280,358.988
1714,21,255,12.071,359.643
1715,27,255,121.685,358.981
1716,24,255,424.042,358.333
1717,154,255,523.500,363.513
1718,61,255,1136.680,359.926
1719,45,255,1188.256,360.367
1720,28,255,1321.964,359.143
1721,43,255,1528.384,360.105
1722,71,255,43.092,362.415
1723,54,255,54.926,361.111
1724,66,255,187.364,361.636
1725,70,255,394.786,363.043
1726,93,255,1042.984,362.145
1727,64,255,1062.000,362.484
1728,43,255,1072.384,360.384
1729,49,255,1271.378,361.173
1730,70,255,1329.300,362.829
1731,39,255,1567.013,360.167
1732,73,255,505.966,362.925
1733,63,255,621.071,362.151
1734,57,255,970.868,362.570
1735,66,255,1171.439,362.652
1736,52,255,20.558,363.673
1737,126,255,73.516,364.722
1738,56,255,277.589,363.107
1739,83,255,383.078,363.813
1740,27,255,430.944,361.722
1741,92,255,780.337,364.272
1742,62,255,1481.855,362.661
1743,91,255,1579.456,364.654
1744,80,255,406.212,366.750
1745,30,255,536.167,363.300
1746,56,255,548.554,364.000
1747,65,255,945.300,365.669
1748,48,255,983.542,363.479
1749,47,255,1148.181,363.755
1750,95,255,1342.826,364.279
1751,46,255,1441.478,363.717
1752,61,255,321.664,365.238
1753,47,255,595.670,364.798
1754,29,255,718.638,364.017
1755,61,255,748.992,364.877
1756,65,255,874.485,365.915
1757,61,255,1408.434,364.959
1758,76,255,173.658,366.276
1759,38,255,1095.658,365.184
1760,75,255,1264.527,367.873
1761,86,255,99.314,368.686
1762,40,255,372.025,366.525
1763,51,255,605.951,367.284
1764,46,255,657.500,367.152
1765,43,255,768.663,367.616
1766,73,255,887.034,367.856
1767,67,255,953.813,368.157
1768,58,255,1017.362,366.862
1769,21,255,1216.881,365.500
1770,39,255,1318.192,366.910
1771,72,255,1508.431,368.181
1772,53,255,118.009,368.198
1773,51,255,131.814,367.775
1774,30,255,1121.700,367.100
1775,49,255,1224.847,368.235
1776,57,255,3.149,369.658
1777,77,255,642.773,368.279
1778,96,255,668.906,372.719
1779,46,255,300.000,369.152
1780,115,255,466.343,371.978
1781,60,255,479.833,370.500
1782,28,255,584.714,369.000
1783,62,255,918.903,370.177
1784,27,255,1077.093,368.574
1785,44,255,1103.091,370.159
1786,139,255,1453.522,372.399
1787,35,255,1566.386,369.214
1788,43,255,838.012,370.663
1789,64,255,852.453,371.266
1790,111,255,1525.581,375.113
1791,49,255,451.969,372.418
1792,38,255,539.842,371.711
1793,52,255,623.269,371.481
1794,104,255,791.135,375.577
1795,47,255,1045.202,371.436
1796,41,255,1188.280,371.354
1797,35,255,1239.957,370.757
1798,60,255,1466.633,372.967
1799,33,255,1598.076,372.288
1800,54,255,38.481,373.241
1801,64,255,223.641,373.516
1802,37,255,323.500,372.662
1803,58,255,354.397,373.345
1804,27,255,801.574,371.500
1805,38,255,897.026,372.816
1806,59,255,909.805,373.195
1807,62,255,1178.210,374.129
1808,42,255,1313.310,372.833
1809,50,255,1365.500,372.880
1810,55,255,235.427,374.155
1811,56,255,247.696,374.268
1812,26,255,425.538,373.385
1813,23,255,434.065,373.370
1814,55,255,502.155,373.918
1815,57,255,558.833,374.307
1816,58,255,598.000,377.500
1817,100,255,1092.240,377.040
1818,41,255,1150.695,373.988
1819,68,255,366.118,375.971
1820,32,255,443.156,375.094
1821,29,255,752.293,374.224
1822,64,255,763.672,375.562
1823,56,255,983.893,375.518
1824,76,255,1125.276,376.053
1825,41,255,1258.963,374.744
1826,41,255,1560.841,374.524
1827,49,255,149.765,375.316
1828,36,255,414.917,375.861
1829,48,255,868.312,375.542
1830,93,255,995.349,378.823
1831,54,255,1114.056,376.222
1832,73,255,1161.473,377.130
1833,75,255,1338.087,377.327
1834,33,255,1380.470,374.985
1835,39,255,1516.064,376.321
1836,42,255,119.333,376.881
1837,46,255,273.000,376.304
1838,64,255,1217.922,377.422
1839,51,255,1247.206,376.971
1840,167,255,1428.919,381.344
1841,80,255,1537.675,378.637
1842,61,255,200.025,378.189
1843,44,255,531.068,378.136
1844,30,255,640.867,376.867
1845,54,255,833.278,378.278
1846,59,255,1057.212,378.042
1847,63,255,1078.310,377.976
1848,105,255,1296.814,380.024
1849,41,255,128.915,378.744
1850,70,255,296.829,379.514
1851,51,255,605.441,379.206
1852,55,255,809.736,379.100
1853,68,255,925.721,379.912
1854,61,255,1140.402,379.697
1855,49,255,1232.684,378.929
1856,20,255,1548.350,377.950
1857,72,255,1590.000,379.556
1858,52,255,78.058,380.481
1859,70,255,1007.386,381.086
1860,54,255,186.463,381.574
1861,58,255,257.362,381.362
1862,30,255,324.000,379.867
1863,44,255,543.909,381.205
1864,119,255,689.483,383.391
1865,45,255,821.211,380.922
1866,53,255,960.651,380.726
1867,58,255,1188.310,381.034
1868,73,255,32.171,382.692
1869,94,255,390.074,385.160
1870,31,255,425.597,381.016
1871,50,255,450.080,382.200
1872,43,255,1360.105,381.384
1873,111,255,1413.374,383.320
1874,64,255,13.141,383.250
1875,55,255,104.900,383.536
1876,107,255,175.388,385.799
1877,131,255,337.866,385.011
1878,40,255,567.775,382.775
1879,68,255,731.897,383.838
1880,50,255,751.240,383.800
1881,103,255,945.617,384.549
1882,58,255,1348.914,384.086
1883,60,255,1379.450,383.150
1884,32,255,522.156,383.500
1885,69,255,623.717,385.717
1886,73,255,1552.089,384.349
1887,176,255,231.051,390.773
1888,137,255,583.551,386.690
1889,67,255,778.082,384.918
1890,27,255,892.093,383.759
1891,57,255,1043.360,385.518
1892,30,255,164.300,385.333
1893,59,255,484.907,385.958
1894,78,255,844.295,385.974
1895,40,255,982.700,385.000
1896,34,255,1315.529,384.882
1897,63,255,48.500,387.262
1898,87,255,153.971,389.580
1899,31,255,816.081,387.339
1900,47,255,825.457,387.479
1901,67,255,877.306,387.709
1902,67,255,1175.933,387.604
1903,61,255,1241.533,387.713
1904,47,255,1393.415,388.011
1905,25,255,279.260,387.540
1906,63,255,380.913,389.738
1907,86,255,643.721,390.035
1908,39,255,661.090,387.962
1909,96,255,903.875,390.250
1910,52,255,1274.096,389.327
1911,69,255,1529.993,390.167
1912,117,255,212.927,391.321
1913,55,255,315.736,389.809
1914,47,255,461.202,389.436
1915,60,255,504.617,389.900
1916,32,255,1016.312,389.594
1917,53,255,1127.066,389.953
1918,42,255,1257.833,389.738
1919,45,255,1266.144,390.233
1920,50,255,600.840,391.260
1921,63,255,968.421,391.119
1922,90,255,1303.067,393.989
1923,44,255,134.068,391.727
1924,22,255,514.682,391.318
1925,38,255,934.132,391.895
1926,86,255,1065.151,393.000
1927,97,255,1221.892,392.737
1928,96,255,1343.198,393.542
1929,103,255,1370.345,395.257
1930,57,255,1447.570,392.026
1931,39,255,1486.628,391.372
1932,39,255,1559.244,392.167
1933,20,255,1.750,392.200
1934,61,255,85.057,393.369
1935,111,255,262.203,394.392
1936,30,255,306.233,392.500
1937,76,255,562.987,392.816
1938,47,255,628.223,393.138
1939,39,255,868.449,392.679
1940,89,255,921.916,393.949
1941,32,255,1315.000,392.000
1942,63,255,1579.452,392.960
1943,67,255,73.724,394.396
1944,40,255,186.475,393.075
1945,109,255,18.170,396.298
1946,46,255,62.065,395.065
1947,43,255,740.686,394.453
1948,59,255,800.432,394.975
1949,40,255,850.425,394.000
1950,41,255,1075.915,395.085
1951,66,255,1107.091,395.606
1952,65,255,1117.685,395.854
1953,56,255,1568.857,395.964
1954,47,255,248.670,395.777
1955,59,255,429.534,396.059
1956,82,255,450.683,398.646
1957,58,255,945.379,396.345
1958,30,255,116.567,395.933
1959,29,255,326.672,395.603
1960,50,255,352.080,396.900
1961,120,255,401.708,399.433
1962,44,255,464.523,396.523
1963,35,255,529.871,396.157
1964,106,255,50.811,400.066
1965,38,255,94.158,397.553
1966,125,255,537.908,401.548
1967,41,255,635.646,396.817
1968,78,255,682.372,399.115
1969,30,255,731.300,396.833
1970,70,255,1041.429,399.357
1971,106,255,1171.868,399.566
1972,95,255,1502.837,399.468
1973,64,255,1519.562,398.547
1974,94,255,1596.926,401.170
1975,48,255,200.000,398.500
1976,41,255,517.939,398.134
1977,40,255,881.000,398.475
1978,27,255,1051.426,397.907
1979,49,255,1282.765,398.622
1980,40,255,653.725,399.675
1981,102,255,1087.706,402.520
1982,38,255,1323.105,399.658
1983,64,255,1416.938,400.906
1984,59,255,1454.347,400.720
1985,68,255,4.412,403.338
1986,42,255,419.690,401.000
1987,23,255,475.717,399.630
1988,46,255,487.696,400.717
1989,42,255,783.667,400.548
1990,46,255,810.065,400.717
1991,75,255,1015.527,402.393
1992,50,255,1332.080,400.820
1993,85,255,102.347,403.194
1994,39,255,335.603,401.782
1995,27,255,496.500,401.389
1996,41,255,872.549,402.159
1997,61,255,1189.434,401.959
1998,21,255,1227.786,401.405
1999,42,255,186.095,401.786
2000,42,255,252.048,402.262
2001,63,255,1069.944,403.151
2002,96,255,755.031,405.427
2003,36,255,934.472,403.417
2004,110,255,1143.718,407.691
2005,48,255,1428.083,404.896
2006,52,255,1464.808,404.173
2007,94,255,131.574,405.957
2008,50,255,172.960,404.660
2009,59,255,351.788,405.161
2010,43,255,361.058,405.663
2011,61,255,600.566,405.025
2012,40,255,616.450,405.050
2013,62,255,661.161,406.177
2014,31,255,853.565,404.145
2015,114,255,1000.175,408.404
2016,55,255,1378.700,405.045
2017,44,255,1495.136,405.159
2018,30,255,30.800,404.767
2019,59,255,208.636,406.449
2020,71,255,233.993,406.345
2021,32,255,318.125,405.219
2022,84,255,733.762,406.131
2023,36,255,794.361,404.889
2024,92,255,983.457,406.815
2025,60,255,1035.650,405.667
2026,65,255,1217.500,406.685
2027,57,255,910.640,406.956
2028,49,255,1249.969,406.745
2029,25,255,1307.540,405.900
2030,50,255,1584.160,406.640
2031,56,255,145.839,408.732
2032,47,255,279.330,408.138
2033,53,255,368.670,408.142
2034,45,255,459.544,407.878
2035,68,255,1161.044,409.221
2036,33,255,1268.015,407.258
2037,44,255,1289.114,407.705
2038,140,255,1347.357,412.429
2039,45,255,1438.500,407.500
2040,46,255,39.283,409.457
2041,53,255,258.858,409.292
2042,49,255,328.255,408.745
2043,43,255,413.733,408.686
2044,39,255,837.115,408.321
2045,48,255,1360.375,409.208
2046,71,255,1394.528,410.246
2047,89,255,1483.904,411.826
2048,67,255,1555.052,408.903
2049,25,255,1572.620,408.300
2050,38,255,20.316,409.026
2051,135,255,386.033,413.204
2052,45,255,670.456,409.922
2053,31,255,848.435,410.016
2054,55,255,878.191,409.136
2055,42,255,1514.833,410.333
2056,57,255,1525.307,410.956
2057,56,255,1537.750,410.286
2058,70,255,70.671,411.286
2059,58,255,496.190,411.034
2060,53,255,626.575,411.009
2061,57,255,901.132,411.921
2062,41,255,1019.110,410.695
2063,40,255,1472.600,410.850
2064,40,255,808.575,411.225
2065,66,255,1240.591,413.394
2066,92,255,298.826,417.076
2067,173,255,554.986,415.350
2068,108,255,715.769,415.704
2069,38,255,800.632,414.605
2070,84,255,924.988,413.369
2071,64,255,215.562,414.453
2072,36,255,405.333,413.778
2073,29,255,570.190,413.569
2074,53,255,1383.557,414.085
2075,47,255,1578.755,413.691
2076,79,255,175.766,416.146
2077,53,255,826.160,415.670
2078,56,255,1098.857,415.125
2079,76,255,1275.395,415.855
2080,64,255,1300.234,415.375
2081,38,255,27.658,415.289
2082,94,255,108.585,416.277
2083,118,255,581.441,418.890
2084,63,255,605.675,415.881
2085,124,255,1185.508,421.597
2086,121,255,1202.566,417.996
2087,66,255,1256.197,416.985
2088,31,255,1320.919,415.435
2089,30,255,307.867,415.867
2090,66,255,523.182,417.273
2091,106,255,872.821,419.094
2092,35,255,1335.043,416.700
2093,39,255,368.218,417.218
2094,56,255,1041.304,418.321
2095,20,255,1176.250,416.450
2096,33,255,1313.258,417.833
2097,103,255,51.170,419.850
2098,57,255,595.588,420.553
2099,72,255,940.639,420.208
2100,50,255,1431.700,419.120
2101,59,255,259.144,420.517
2102,27,255,743.204,418.907
2103,62,255,758.839,420.452
2104,49,255,770.643,419.337
2105,39,255,968.474,419.859
2106,63,255,1116.071,420.389
2107,52,255,1410.981,419.673
2108,78,255,1530.692,422.654
2109,55,255,324.427,421.500
2110,47,255,412.543,420.670
2111,42,255,443.690,420.571
2112,93,255,480.866,421.306
2113,78,255,533.897,423.141
2114,24,255,622.667,420.375
2115,86,255,659.419,424.116
2116,72,255,850.417,422.653
2117,110,255,1009.264,424.136
2118,61,255,1089.287,422.746
2119,83,255,1125.922,423.813
2120,57,255,188.711,421.833
2121,100,255,979.930,423.820
2122,133,255,152.861,426.199
2123,36,255,236.833,422.278
2124,49,255,466.765,422.929
2125,46,255,512.348,422.891
2126,54,255,630.241,422.741
2127,51,255,952.559,423.069
2128,122,255,1025.410,426.180
2129,22,255,70.727,423.227
2130,48,255,169.104,424.396
2131,77,255,336.864,425.903
2132,44,255,565.114,424.045
2133,41,255,785.915,423.524
2134,59,255,889.568,424.025
2135,47,255,960.117,424.223
2136,77,255,17.955,424.734
2137,64,255,91.703,425.578
2138,109,255,122.078,426.665
2139,47,255,405.479,424.394
2140,82,255,1363.012,426.183
2141,42,255,1494.976,424.619
2142,52,255,1547.577,425.038
2143,56,255,314.589,427.089
2144,28,255,822.750,424.679
2145,32,255,1102.812,425.250
2146,25,255,1172.420,424.940
2147,98,255,1232.398,426.663
2148,24,255,1421.167,424.625
2149,97,255,1451.015,428.211
2150,48,255,1505.146,426.083
2151,50,255,1556.880,425.700
2152,54,255,3.426,427.222
2153,62,255,139.468,427.032
2154,62,255,356.613,427.097
2155,46,255,389.130,426.478
2156,97,255,687.242,429.376
2157,109,255,738.683,430.683
2158,41,255,1137.768,426.622
2159,28,255,1442.393,426.071
2160,64,255,1516.391,428.281
2161,36,255,609.056,427.667
2162,101,255,809.579,431.272
2163,44,255,1244.955,428.500
2164,65,255,1345.608,428.577
2165,37,255,1432.878,426.878
2166,47,255,441.202,428.245
2167,39,255,493.577,429.244
2168,93,255,542.919,431.199
2169,21,255,639.976,428.214
2170,51,255,770.990,428.480
2171,90,255,1047.567,431.000
2172,60,255,1270.183,428.850
2173,53,255,1470.462,429.330
2174,102,255,1480.343,432.088
2175,117,255,28.551,436.910
2176,50,255,47.040,430.040
2177,74,255,82.027,429.986
2178,57,255,372.465,429.939
2179,55,255,451.573,430.736
2180,44,255,503.864,430.182
2181,34,255,699.882,429.676
2182,49,255,993.051,430.112
2183,58,255,1147.741,429.983
2184,61,255,106.844,431.451
2185,84,255,224.190,433.238
2186,82,255,299.000,433.500
2187,33,255,592.288,431.045
2188,40,255,650.275,430.875
2189,47,255,761.777,431.691
2190,42,255,792.500,431.881
2191,47,255,1092.053,432.755
2192,85,255,1390.994,432.665
2193,39,255,243.295,432.321
2194,108,255,254.324,434.898
2195,70,255,281.471,432.986
2196,95,255,428.174,436.153
2197,117,255,871.397,435.970
2198,111,255,1197.014,434.941
2199,62,255,1304.742,433.855
2200,38,255,618.105,433.237
2201,39,255,674.833,433.628
2202,25,255,708.460,432.900
2203,30,255,1061.800,433.800
2204,27,255,1166.907,433.241
2205,44,255,201.045,434.159
2206,53,255,557.858,434.802
2207,39,255,819.295,435.833
2208,33,255,828.076,434.167
2209,105,255,1419.262,437.290
2210,61,255,1461.402,435.959
2211,61,255,178.844,437.549
2212,55,255,911.336,436.191
2213,122,255,1219.082,438.115
2214,86,255,1550.942,435.849
2215,71,255,190.077,437.458
2216,66,255,400.636,437.242
2217,66,255,978.348,437.576
2218,95,255,1073.679,438.416
2219,67,255,499.500,437.963
2220,46,255,856.174,437.739
2221,47,255,882.862,438.436
2222,49,255,935.153,438.153
2223,48,255,1270.979,437.333
2224,54,255,1524.093,438.259
2225,32,255,210.156,438.188
2226,40,255,349.825,438.200
2227,63,255,847.881,439.024
2228,39,255,1015.603,438.782
2229,45,255,1135.167,438.322
2230,71,255,1245.345,439.556
2231,40,255,1280.350,438.975
2232,40,255,119.800,439.375
2233,93,255,514.371,442.382
2234,43,255,837.081,440.360
2235,90,255,1505.444,441.300
2236,53,255,362.670,440.670
2237,73,255,413.116,441.596
2238,41,255,436.500,441.329
2239,65,255,475.577,440.808
2240,67,255,632.351,441.097
2241,45,255,1313.522,441.078
2242,72,255,1577.153,441.819
2243,31,255,4.952,441.081
2244,74,255,43.000,443.095
2245,84,255,69.583,443.643
2246,22,255,169.500,440.636
2247,62,255,779.661,441.855
2248,45,255,1123.700,441.767
2249,94,255,1371.415,443.585
2250,46,255,1588.196,441.891
2251,21,255,270.405,442.071
2252,20,255,281.100,441.350
2253,68,255,599.044,443.456
2254,66,255,1026.348,443.833
2255,42,255,1404.738,442.381
2256,45,255,230.211,443.078
2257,25,255,331.620,442.620
2258,96,255,554.010,444.583
2259,113,255,84.704,446.881
2260,71,255,105.063,444.866
2261,42,255,160.810,444.571
2262,31,255,488.081,444.274
2263,101,255,536.163,447.520
2264,58,255,737.897,445.000
2265,80,255,754.175,445.212
2266,56,255,824.982,445.054
2267,73,255,1232.459,445.952
2268,46,255,1336.500,444.087
2269,83,255,320.861,445.801
2270,73,255,580.130,446.267
2271,85,255,655.712,448.418
2272,97,255,946.077,448.036
2273,28,255,238.929,445.536
2274,52,255,1013.942,446.538
2275,37,255,1262.986,446.662
2276,28,255,1457.679,445.893
2277,26,255,284.154,446.846
2278,41,255,340.817,447.427
2279,100,255,1399.530,449.730
2280,67,255,1445.321,449.112
2281,69,255,51.442,449.848
2282,124,255,208.758,452.105
2283,37,255,567.446,447.824
2284,59,255,671.720,449.466
2285,65,255,683.885,449.546
2286,30,255,859.267,447.967
2287,91,255,961.126,450.676
2288,48,255,1131.500,449.042
2289,86,255,1524.267,449.826
2290,48,255,8.479,449.438
2291,36,255,118.250,448.750
2292,39,255,249.782,449.321
2293,46,255,474.739,450.370
2294,46,255,495.174,450.087
2295,52,255,799.038,449.885
2296,92,255,912.815,451.326
2297,132,255,1062.962,453.402
2298,67,255,1194.440,451.276
2299,27,255,1304.574,448.093
2300,55,255,1346.882,449.827
2301,56,255,1355.446,450.929
2302,58,255,1475.466,450.690
2303,97,255,301.397,451.912
2304,87,255,1178.454,452.213
2305,106,255,1555.085,454.170
2306,94,255,146.638,452.894
2307,39,255,607.577,451.731
2308,44,255,712.000,451.091
2309,58,255,1219.897,452.828
2310,51,255,102.206,452.402
2311,102,255,191.941,455.245
2312,20,255,222.450,451.600
2313,79,255,1114.981,452.652
2314,52,255,1148.038,452.904
2315,72,255,1494.458,453.736
2316,50,255,170.360,453.520
2317,132,255,385.576,457.970
2318,44,255,1597.205,454.136
2319,89,255,39.354,456.860
2320,46,255,233.457,454.500
2321,49,255,258.765,454.439
2322,141,255,513.564,459.195
2323,27,255,552.907,453.426
2324,59,255,1047.347,455.805
2325,61,255,1583.713,455.484
2326,71,255,24.711,456.472
2327,63,255,132.341,456.976
2328,96,255,620.073,458.833
2329,79,255,270.715,458.285
2330,81,255,1002.957,457.512
2331,70,255,1162.771,457.900
2332,126,255,1243.452,458.913
2333,37,255,1511.230,455.311
2334,49,255,1572.071,457.255
2335,44,255,629.727,457.500
2336,129,255,767.407,461.492
2337,126,255,828.159,462.714
2338,68,255,1287.515,458.868
2339,63,255,1302.341,458.024
2340,47,255,1347.564,457.521
2341,84,255,1427.571,459.869
2342,83,255,157.030,460.367
2343,48,255,486.062,458.750
2344,82,255,729.256,460.622
2345,97,255,795.974,463.479
2346,64,255,118.547,460.734
2347,36,255,782.056,459.806
2348,54,255,817.074,460.370
2349,58,255,875.155,459.793
2350,98,255,1027.388,461.520
2351,40,255,1106.525,459.525
2352,92,255,1326.543,461.826
2353,129,255,1451.019,463.547
2354,128,255,174.883,464.391
2355,43,255,245.035,461.221
2356,48,255,397.104,461.354
2357,137,255,449.274,462.887
2358,90,255,596.078,463.456
2359,56,255,678.375,460.929
2360,101,255,748.639,461.589
2361,69,255,895.384,462.196
2362,67,255,1084.351,462.261
2363,42,255,218.833,461.571
2364,69,255,355.877,464.022
2365,56,255,539.000,462.214
2366,48,255,711.354,461.208
2367,34,255,806.235,461.500
2368,47,255,1147.011,462.223
2369,53,255,1187.047,461.934
2370,63,255,3.532,463.516
2371,23,255,235.717,462.109
2372,48,255,256.083,462.708
2373,49,255,277.194,463.276
2374,94,255,428.798,463.553
2375,35,255,527.100,461.986
2376,56,255,652.000,463.286
2377,54,255,1093.148,463.796
2378,54,255,1126.444,463.796
2379,32,255,1134.438,462.406
2380,111,255,1391.473,467.662
2381,39,255,1516.526,462.115
2382,73,255,1534.897,463.349
2383,32,255,475.875,463.000
2384,91,255,553.412,464.236
2385,27,255,1117.796,463.722
2386,42,255,1360.833,464.119
2387,57,255,1418.693,465.009
2388,57,255,1471.711,464.675
2389,54,255,66.833,465.130
2390,98,255,311.082,466.561
2391,44,255,586.841,465.341
2392,84,255,701.357,465.869
2393,26,255,904.731,463.923
2394,115,255,948.709,467.170
2395,78,255,1369.756,466.179
2396,49,255,1574.724,465.500
2397,80,255,409.575,466.900
2398,26,255,491.500,465.000
2399,95,255,88.911,467.374
2400,40,255,337.125,466.625
2401,52,255,610.038,467.846
2402,44,255,927.591,466.977
2403,37,255,1409.986,467.365
2404,54,255,1550.889,467.111
2405,79,255,73.449,469.905
2406,49,255,867.786,468.378
2407,41,255,297.744,469.061
2408,67,255,368.216,469.425
2409,100,255,568.080,470.330
2410,113,255,686.465,472.332
2411,67,255,851.575,470.604
2412,53,255,914.009,469.330
2413,39,255,1007.782,468.859
2414,33,255,1169.409,467.955
2415,56,255,190.679,470.196
2416,72,255,287.250,470.889
2417,99,255,480.086,471.086
2418,41,255,983.500,469.744
2419,41,255,1043.963,469.866
2420,30,255,1231.867,468.867
2421,54,255,108.444,472.519
2422,58,255,147.121,470.483
2423,96,255,164.865,472.688
2424,38,255,626.842,470.105
2425,29,255,1313.983,470.328
2426,63,255,645.992,472.071
2427,49,255,724.173,470.888
2428,90,255,1278.100,474.044
2429,156,255,218.423,477.359
2430,44,255,511.159,471.909
2431,42,255,532.143,472.405
2432,60,255,972.900,473.267
2433,103,255,1252.180,473.762
2434,54,255,200.630,474.796
2435,67,255,459.440,474.127
2436,102,255,541.569,476.637
2437,63,255,812.310,474.103
2438,50,255,1467.900,474.040
2439,72,255,1539.528,474.750
2440,30,255,273.233,473.700
2441,47,255,324.181,474.628
2442,35,255,445.757,474.243
2443,66,255,1023.091,475.409
2444,54,255,1062.889,474.889
2445,80,255,1351.662,474.900
2446,27,255,56.315,474.648
2447,74,255,497.149,477.284
2448,68,255,586.853,477.000
2449,49,255,1115.561,475.786
2450,48,255,1161.646,474.979
2451,49,255,1176.949,475.908
2452,58,255,39.931,478.103
2453,59,255,1561.432,477.025
2454,50,255,1308.400,478.280
2455,87,255,1504.891,479.764
2456,100,255,265.820,480.740
2457,91,255,349.291,480.269
2458,59,255,413.059,478.890
2459,99,255,715.025,481.035
2460,48,255,752.146,479.042
2461,46,255,788.826,479.152
2462,110,255,838.155,480.791
2463,50,255,929.140,478.700
2464,75,255,1327.593,480.260
2465,68,255,1382.206,479.809
2466,73,255,1424.705,479.774
2467,114,255,1489.658,481.570
2468,62,255,238.952,480.581
2469,77,255,568.513,480.565
2470,89,255,631.163,480.152
2471,117,255,669.474,480.902
2472,45,255,863.278,479.433
2473,62,255,1010.226,480.323
2474,23,255,79.630,480.283
2475,128,255,132.656,481.984
2476,37,255,284.797,479.959
2477,26,255,363.423,479.692
2478,143,255,896.073,484.108
2479,40,255,961.575,480.550
2480,40,255,982.850,480.875
2481,48,255,1036.729,480.604
2482,50,255,1525.600,480.880
2483,33,255,26.439,480.924
2484,64,255,53.797,483.062
2485,41,255,996.402,481.232
2486,90,255,1204.433,483.633
2487,71,255,187.768,483.472
2488,117,255,378.833,485.098
2489,44,255,699.136,482.455
2490,68,255,948.015,482.882
2491,57,255,1146.149,483.956
2492,83,255,1314.572,484.777
2493,53,255,486.236,483.726
2494,45,255,852.456,484.256
2495,25,255,922.460,483.260
2496,67,255,1074.157,484.515
2497,40,255,1163.075,483.700
2498,48,255,1228.500,484.000
2499,33,255,111.621,484.439
2500,107,255,326.023,487.584
2501,57,255,878.307,485.132
2502,31,255,937.242,484.823
2503,85,255,1024.100,486.065
2504,71,255,1090.359,486.021
2505,42,255,1264.357,485.000
2506,86,255,1576.302,486.174
2507,85,255,15.241,488.994
2508,30,255,768.467,485.100
2509,62,255,1046.161,486.323
2510,60,255,1137.233,486.067
2511,83,255,1342.873,486.572
2512,74,255,1547.446,487.486
2513,54,255,93.537,487.722
2514,97,255,733.428,487.603
2515,52,255,972.000,487.000
2516,60,255,1173.117,487.450
2517,75,255,1355.673,488.753
2518,54,255,1516.056,487.444
2519,70,255,1058.557,488.329
2520,80,255,1123.013,490.075
2521,22,255,1415.136,487.455
2522,102,255,227.167,492.863
2523,37,255,293.851,488.905
2524,55,255,303.973,488.718
2525,88,255,365.000,489.477
2526,53,255,794.236,489.217
2527,73,255,815.774,489.363
2528,40,255,1080.325,491.100
2529,62,255,1272.355,489.790
2530,45,255,1387.789,488.678
2531,55,255,395.009,489.445
2532,65,255,438.746,490.131
2533,75,255,523.433,490.033
2534,61,255,611.303,490.221
2535,61,255,68.926,491.107
2536,64,255,242.875,491.031
2537,97,255,284.407,493.582
2538,94,255,1299.457,493.457
2539,36,255,1440.833,491.111
2540,81,255,204.019,494.019
2541,37,255,404.662,492.419
2542,93,255,474.478,494.522
2543,85,255,564.159,493.700
2544,103,255,595.160,495.102
2545,67,255,710.022,493.142
2546,57,255,833.009,493.237
2547,92,255,426.228,494.500
2548,90,255,748.711,496.856
2549,69,255,874.906,494.848
2550,44,255,1196.341,493.091
2551,61,255,1336.598,494.303
2552,43,255,1399.709,493.942
2553,62,255,166.000,495.000
2554,76,255,547.053,495.763
2555,89,255,916.983,497.320
2556,67,255,1560.515,495.381
2557,50,255,192.420,495.760
2558,80,255,255.325,497.225
2559,66,255,667.121,497.621
2560,70,255,998.057,496.500
2561,65,255,1225.746,497.038
2562,151,255,1470.613,497.308
2563,84,255,53.714,497.762
2564,102,255,146.598,499.990
2565,86,255,963.965,498.244
2566,100,255,1138.410,499.300
2567,57,255,1377.991,497.167
2568,37,255,678.419,496.743
2569,65,255,1237.623,498.577
2570,37,255,112.446,498.986
2571,55,255,650.445,500.755
2572,76,255,768.868,499.224
2573,59,255,1215.127,500.025
2574,145,255,1279.197,501.203
2575,51,255,1597.520,500.814
2576,116,255,497.595,503.491
2577,55,255,906.827,500.918
2578,61,255,456.287,501.779
2579,56,255,483.429,502.321
2580,79,255,629.829,501.032
2581,79,255,1508.500,502.146
2582,36,255,31.639,500.889
2583,47,255,122.840,501.606
2584,57,255,336.044,502.640
2585,47,255,416.053,502.585
2586,78,255,515.244,502.641
2587,105,255,731.557,502.510
2588,52,255,937.365,501.635
2589,70,255,1126.286,502.243
2590,72,255,68.903,504.431
2591,87,255,93.856,505.293
2592,73,255,784.829,504.116
2593,76,255,1047.579,503.408
2594,38,255,1399.658,501.895
2595,40,255,136.100,503.625
2596,85,255,847.935,504.829
2597,126,255,1429.865,508.421
2598,61,255,13.500,505.451
2599,72,255,197.208,505.958
2600,41,255,525.305,504.476
2601,52,255,614.500,505.000
2602,110,255,1023.745,506.818
2603,52,255,1160.250,504.788
2604,52,255,1415.904,504.788
2605,56,255,578.589,505.661
2606,77,255,1172.812,506.968
2607,27,255,349.315,505.833
2608,57,255,548.868,506.202
2609,108,255,681.981,508.861
2610,106,255,873.453,509.075
2611,71,255,1339.303,508.232
2612,74,255,81.527,508.905
2613,41,255,370.354,507.915
2614,67,255,979.037,508.858
2615,94,255,1196.606,509.787
2616,42,255,1518.452,507.833
2617,52,255,278.885,509.212
2618,53,255,357.972,508.877
2619,74,255,1326.541,510.149
2620,89,255,1577.511,510.781
2621,35,255,270.957,509.300
2622,60,255,342.200,511.583
2623,55,255,377.755,510.209
2624,48,255,664.188,509.292
2625,71,255,1075.106,510.092
2626,67,255,34.903,510.993
2627,31,255,106.726,510.274
2628,68,255,220.926,511.779
2629,34,255,316.647,509.794
2630,53,255,621.330,511.425
2631,88,255,711.125,512.602
2632,77,255,1104.084,511.760
2633,22,255,121.864,510.818
2634,73,255,400.856,512.212
2635,37,255,600.743,511.149
2636,66,255,821.045,511.955
2637,60,255,1142.800,512.433
2638,84,255,1224.893,513.179
2639,74,255,1378.000,512.500
2640,110,255,303.600,517.255
2641,72,255,1088.889,513.708
2642,50,255,48.960,514.400
2643,20,255,141.150,512.250
2644,39,255,176.885,514.192
2645,88,255,386.341,515.682
2646,76,255,632.934,514.724
2647,78,255,1398.346,515.026
2648,54,255,293.611,515.556
2649,114,255,508.588,518.211
2650,76,255,583.039,515.250
2651,69,255,808.804,515.891
2652,56,255,855.696,514.982
2653,62,255,948.194,515.065
2654,93,255,1029.984,519.339
2655,41,255,1181.378,514.646
2656,79,255,1345.880,515.513
2657,108,255,1454.583,517.574
2658,58,255,1481.517,514.362
2659,42,255,62.238,515.833
2660,21,255,673.500,514.500
2661,20,255,841.200,514.900
2662,76,255,997.513,517.737
2663,35,255,1121.529,516.414
2664,86,255,1246.930,517.605
2665,29,255,1288.672,514.845
2666,128,255,235.758,518.062
2667,54,255,349.889,517.130
2668,66,255,922.727,517.864
2669,37,255,1212.041,517.230
2670,59,255,1280.280,517.585
2671,75,255,1534.500,517.273
2672,64,255,109.047,517.953
2673,69,255,329.717,518.688
2674,137,255,489.989,520.325
2675,65,255,1312.515,518.485
2676,59,255,1509.246,518.466
2677,69,255,1560.877,519.065
2678,42,255,8.738,519.167
2679,47,255,314.862,518.245
2680,77,255,432.656,519.669
2681,70,255,475.757,520.200
2682,105,255,601.157,520.910
2683,147,255,268.031,523.330
2684,57,255,654.430,520.535
2685,56,255,936.000,520.000
2686,51,255,1070.147,519.971
2687,67,255,1267.545,520.799
2688,77,255,1298.357,520.721
2689,86,255,719.430,521.674
2690,61,255,760.303,521.320
2691,59,255,964.619,520.398
2692,48,255,979.229,520.479
2693,71,255,1134.627,521.331
2694,162,255,1156.809,525.963
2695,114,255,1582.772,523.228
2696,149,255,86.460,523.903
2697,78,255,544.090,522.128
2698,47,255,841.585,522.372
2699,64,255,1053.625,522.828
2700,51,255,1331.225,521.245
2701,27,255,746.093,521.426
2702,83,255,1369.596,524.247
2703,56,255,210.161,524.232
2704,149,255,336.862,530.352
2705,137,255,448.157,527.653
2706,88,255,695.398,524.773
2707,63,255,1384.119,525.405
2708,23,255,185.587,524.065
2709,46,255,374.217,525.326
2710,54,255,419.889,525.185
2711,93,255,783.941,526.210
2712,91,255,801.412,525.599
2713,80,255,906.100,526.075
2714,37,255,945.446,524.068
2715,46,255,1203.152,525.065
2716,108,255,170.667,528.861
2717,26,255,199.077,525.346
2718,48,255,880.479,525.625
2719,39,255,1088.551,525.859
2720,87,255,1357.385,527.810
2721,45,255,1493.011,526.722
2722,95,255,56.374,527.879
2723,47,255,460.351,526.649
2724,104,255,667.298,529.096
2725,75,255,1184.153,527.513
2726,56,255,997.839,527.375
2727,60,255,1252.850,528.150
2728,93,255,1286.253,529.220
2729,48,255,1325.229,528.125
2730,181,255,1415.561,532.881
2731,57,255,1483.939,528.167
2732,61,255,150.484,528.730
2733,33,255,559.348,528.773
2734,83,255,1535.114,529.765
2735,53,255,2.858,530.991
2736,44,255,646.909,529.500
2737,94,255,24.979,532.191
2738,23,255,236.935,528.804
2739,45,255,980.256,531.122
2740,87,255,1130.626,532.063
2741,70,255,1520.386,532.343
2742,61,255,191.992,532.861
2743,42,255,1084.048,531.786
2744,47,255,202.947,532.436
2745,38,255,548.184,531.947
2746,88,255,932.557,534.841
2747,102,255,1035.382,534.578
2748,52,255,1549.904,535.115
2749,87,255,312.661,535.523
2750,75,255,568.553,535.513
2751,58,255,869.552,533.828
2752,43,255,1597.523,534.686
2753,101,255,707.896,535.896
2754,60,255,1098.617,535.250
2755,51,255,62.010,535.441
2756,125,255,375.132,538.556
2757,90,255,590.111,536.489
2758,81,255,767.179,536.327
2759,100,255,886.950,536.670
2760,115,255,1460.326,537.439
2761,54,255,1506.426,536.370
2762,48,255,43.479,537.125
2763,101,255,235.876,538.332
2764,99,255,422.561,538.409
2765,98,255,652.010,539.306
2766,78,255,150.436,538.500
2767,57,255,516.886,537.816
2768,47,255,899.798,538.543
2769,24,255,1439.333,536.833
2770,66,255,1558.424,539.848
2771,81,255,1579.611,538.549
2772,39,255,131.705,538.577
2773,69,255,256.341,539.384
2774,59,255,554.297,538.856
2775,26,255,608.154,537.500
2776,79,255,967.158,539.563
2777,100,255,1011.790,540.440
2778,83,255,1112.331,539.343
2779,34,255,1193.000,537.824
2780,31,255,1567.597,538.565
2781,51,255,1431.912,540.696
2782,59,255,97.924,541.517
2783,50,255,921.040,541.340
2784,79,255,1186.259,542.981
2785,123,255,1296.346,543.533
2786,35,255,414.414,542.329
2787,65,255,507.392,542.946
2788,25,255,1223.060,540.580
2789,64,255,1280.672,542.594
2790,80,255,1476.700,543.050
2791,21,255,108.643,542.119
2792,56,255,321.696,543.071
2793,58,255,636.724,542.914
2794,39,255,695.782,542.474
2795,82,255,820.451,543.695
2796,90,255,848.978,544.967
2797,71,255,1067.641,544.275
2798,45,255,182.256,543.878
2799,29,255,388.155,543.224
2800,68,255,449.103,545.765
2801,79,255,807.930,546.095
2802,83,255,1488.367,545.235
2803,140,255,355.357,547.743
2804,40,255,530.000,544.000
2805,74,255,623.311,546.068
2806,74,255,1215.730,546.662
2807,32,255,1450.344,544.188
2808,80,255,720.125,547.737
2809,53,255,1401.632,546.142
2810,87,255,48.282,548.351
2811,94,255,139.553,548.372
2812,70,255,290.671,547.800
2813,141,255,471.812,548.450
2814,77,255,682.266,548.058
2815,30,255,1232.067,546.067
2816,26,255,1584.500,546.308
2817,41,255,1595.061,546.915
2818,68,255,105.426,549.397
2819,103,255,765.481,548.694
2820,132,255,1380.045,550.023
2821,29,255,69.397,548.017
2822,57,255,173.395,549.798
2823,57,255,744.833,549.219
2824,27,255,836.574,547.907
2825,50,255,1162.960,548.960
2826,76,255,1310.224,550.961
2827,48,255,34.146,550.000
2828,80,255,891.312,551.600
2829,29,255,929.052,548.914
2830,64,255,337.156,550.953
2831,111,255,437.068,553.869
2832,82,255,972.378,551.659
2833,53,255,201.406,552.368
2834,87,255,276.718,552.213
2835,54,255,520.426,551.537
2836,46,255,1321.848,551.826
2837,126,255,1426.040,555.810
2838,68,255,89.221,553.779
2839,51,255,253.794,552.755
2840,58,255,543.741,554.259
2841,96,255,585.094,555.229
2842,25,255,881.380,552.260
2843,53,255,1117.028,552.991
2844,68,255,1154.426,555.074
2845,42,255,1241.024,552.643
2846,101,255,219.748,555.609
2847,60,255,244.400,555.200
2848,128,255,309.148,556.875
2849,50,255,411.500,553.940
2850,53,255,451.896,553.726
2851,48,255,711.521,555.708
2852,50,255,826.000,554.000
2853,41,255,1450.305,553.085
2854,93,255,565.629,556.608
2855,46,255,937.717,555.413
2856,65,255,950.592,555.731
2857,62,255,1137.774,555.581
2858,72,255,1267.667,555.806
2859,89,255,1556.837,556.646
2860,39,255,617.218,555.141
2861,71,255,649.232,556.021
2862,43,255,800.500,555.547
2863,65,255,1343.162,555.885
2864,83,255,1401.753,557.235
2865,50,255,1529.760,555.740
2866,114,255,12.482,557.789
2867,29,255,535.224,555.983
2868,47,255,605.904,556.862
2869,62,255,1098.903,557.629
2870,63,255,1125.754,558.881
2871,84,255,379.286,558.440
2872,68,255,683.574,559.765
2873,72,255,998.028,558.583
2874,21,255,1014.643,556.500
2875,43,255,1224.872,557.593
2876,26,255,1436.077,557.346
2877,93,255,67.909,560.156
2878,132,255,488.318,561.053
2879,98,255,1087.122,562.908
2880,40,255,1499.100,558.750
2881,71,255,231.739,561.951
2882,42,255,627.048,559.810
2883,29,255,1024.603,559.224
2884,49,255,1508.439,560.051
2885,57,255,37.342,561.746
2886,73,255,133.253,562.664
2887,46,255,596.609,561.130
2888,40,255,765.525,560.425
2889,40,255,819.475,560.975
2890,42,255,899.405,560.524
2891,39,255,919.628,560.372
2892,45,255,260.367,561.744
2893,40,255,398.125,561.000
2894,78,255,511.436,562.487
2895,53,255,830.802,561.726
2896,47,255,930.500,562.394
2897,46,255,1383.239,561.978
2898,47,255,27.053,563.457
2899,42,255,291.452,561.500
2900,47,255,880.074,562.755
2901,55,255,1286.755,562.500
2902,20,255,164.700,562.300
2903,52,255,270.846,564.442
2904,107,255,699.556,564.519
2905,97,255,758.923,565.871
2906,52,255,789.365,563.596
2907,31,255,864.016,563.597
2908,28,255,1057.571,563.393
2909,99,255,1169.914,565.601
2910,41,255,1487.598,562.451
2911,127,255,1586.917,567.358
2912,47,255,1252.564,564.117
2913,50,255,1525.760,564.560
2914,68,255,80.912,566.765
2915,40,255,591.950,566.225
2916,58,255,1006.276,566.241
2917,33,255,176.318,565.500
2918,113,255,343.491,568.757
2919,114,255,890.360,569.447
2920,88,255,1018.807,570.023
2921,121,255,1199.806,569.467
2922,23,255,1533.891,565.065
2923,81,255,398.179,568.537
2924,72,255,447.194,568.889
2925,89,255,841.421,569.062
2926,41,255,1066.915,567.256
2927,91,255,1305.775,568.951
2928,48,255,162.042,568.979
2929,123,255,906.435,571.394
2930,68,255,1437.765,570.868
2931,105,255,307.138,573.510
2932,84,255,460.631,571.524
2933,24,255,629.958,568.875
2934,70,255,1352.329,569.829
2935,77,255,1365.474,571.344
2936,112,255,1503.357,572.973
2937,81,255,639.228,572.043
2938,69,255,1549.920,571.993
2939,68,255,549.544,571.956
2940,32,255,781.781,570.938
2941,129,255,1152.919,576.027
2942,30,255,1446.700,572.500
2943,55,255,1486.027,570.736
2944,40,255,1532.700,571.300
2945,66,255,619.848,574.864
2946,95,255,655.026,574.658
2947,96,255,926.688,574.802
2948,79,255,1241.994,573.690
2949,24,255,1406.708,571.083
2950,45,255,1456.989,572.744
2951,134,255,180.448,575.604
2952,110,255,680.173,576.291
2953,31,255,739.306,572.597
2954,72,255,977.514,574.792
2955,46,255,1132.239,573.696
2956,88,255,1382.591,576.227
2957,70,255,68.914,575.886
2958,24,255,713.208,573.958
2959,84,255,940.595,575.131
2960,76,255,1045.118,576.461
2961,150,255,1096.720,577.200
2962,48,255,1220.521,574.688
2963,95,255,1396.879,577.647
2964,38,255,223.342,574.342
2965,23,255,1598.065,574.891
2966,41,255,104.915,576.207
2967,92,255,389.891,578.087
2968,41,255,493.622,576.549
2969,96,255,726.406,578.927
2970,24,255,806.625,576.167
2971,34,255,857.853,576.676
2972,119,255,1462.155,581.282
2973,21,255,1562.500,575.357
2974,80,255,570.000,579.175
2975,23,255,667.674,577.065
2976,63,255,702.135,578.405
2977,50,255,966.900,578.380
2978,87,255,1062.638,577.695
2979,118,255,1312.983,580.119
2980,49,255,475.684,579.724
2981,84,255,1230.333,581.012
2982,68,255,347.015,580.603
2983,65,255,1483.731,580.023
2984,62,255,362.500,580.935
2985,26,255,510.923,580.115
2986,43,255,1188.453,581.337
2987,50,255,1279.380,581.640
2988,28,255,1362.250,579.464
2989,84,255,1525.345,583.000
2990,36,255,1553.750,580.417
2991,55,255,131.082,581.518
2992,51,255,326.755,582.010
2993,58,255,874.724,582.328
2994,102,255,42.363,585.539
2995,43,255,91.081,584.453
2996,59,255,226.653,582.856
2997,120,255,831.725,584.983
2998,35,255,1346.757,582.729
2999,81,255,8.722,584.451
3000,88,255,150.864,584.284
3001,75,255,166.953,584.087
3002,52,255,293.096,584.019
3003,86,255,374.756,585.360
3004,67,255,581.813,584.903
3005,41,255,1249.695,583.622
3006,98,255,851.031,586.224
3007,24,255,959.250,583.750
3008,97,255,103.345,587.459
3009,66,255,417.500,586.091
3010,96,255,439.500,587.146
3011,95,255,651.574,587.574
3012,38,255,694.395,585.395
3013,66,255,1123.000,586.500
3014,39,255,256.782,586.679
3015,149,255,1084.782,589.916
3016,40,255,1329.425,586.050
3017,50,255,1419.080,586.500
3018,85,255,211.006,589.512
3019,31,255,334.113,586.919
3020,87,255,796.615,589.994
3021,112,255,1169.036,591.482
3022,76,255,1199.197,589.237
3023,41,255,305.963,588.305
3024,87,255,607.190,589.121
3025,50,255,1542.360,590.700
3026,90,255,1589.433,590.078
3027,37,255,467.014,589.662
3028,22,255,593.591,588.773
3029,50,255,896.240,588.820
3030,77,255,1549.500,592.448
3031,91,255,343.434,592.346
3032,100,255,543.880,591.750
3033,21,255,573.833,589.357
3034,24,255,739.500,590.167
3035,58,255,943.224,591.707
3036,92,255,1036.435,592.467
3037,36,255,1068.306,590.111
3038,41,255,1365.207,590.183
3039,128,255,1572.266,593.836
3040,97,255,122.191,593.562
3041,84,255,381.810,594.214
3042,44,255,701.568,591.568
3043,95,255,777.700,592.974
3044,77,255,877.721,592.162
3045,55,255,1246.936,591.936
3046,153,255,1496.108,596.036
3047,54,255,183.444,593.204
3048,200,255,276.980,597.340
3049,78,255,408.500,593.423
3050,45,255,531.500,593.233
3051,49,255,719.704,593.071
3052,69,255,820.370,593.717
3053,87,255,1003.282,594.684
3054,120,255,1292.158,595.517
3055,26,255,89.654,592.577
3056,61,255,146.795,594.156
3057,61,255,195.811,593.844
3058,44,255,485.364,593.318
3059,71,255,961.063,593.866
3060,25,255,976.180,592.300
3061,114,255,1336.763,596.851
3062,95,255,1353.626,595.763
3063,42,255,10.119,594.548
3064,144,255,250.882,600.132
3065,79,255,1014.487,597.361
3066,151,255,1433.613,598.010
3067,63,255,1454.690,595.262
3068,69,255,1324.109,597.065
3069,147,255,1468.908,600.241
3070,30,255,165.567,595.667
3071,114,255,682.114,599.702
3072,45,255,735.500,596.989
3073,156,255,1109.647,599.821
3074,80,255,1312.175,598.425
3075,37,255,810.554,598.500
3076,63,255,1152.532,598.706
3077,27,255,1202.981,596.870
3078,70,255,135.743,599.471
3079,23,255,155.761,598.370
3080,31,255,460.919,598.081
3081,43,255,1189.221,598.151
3082,52,255,1522.154,599.442
3083,108,255,433.407,601.620
3084,65,255,768.562,601.792
3085,43,255,895.965,599.430
3086,71,255,1370.669,599.894
3087,134,255,1404.500,600.418
3088,53,255,299.500,600.500
3089,46,255,474.630,600.326
3090,85,255,855.429,601.253
3091,84,255,96.333,602.345
3092,81,255,666.216,603.154
3093,120,255,20.933,606.033
3094,72,255,207.944,604.528
3095,41,255,355.037,603.207
3096,47,255,364.904,602.309
3097,105,255,489.319,605.271
3098,132,255,835.780,607.871
3099,32,255,1390.000,602.000
3100,100,255,404.510,607.320
3101,64,255,587.953,604.828
3102,91,255,707.368,607.049
3103,25,255,751.460,602.900
3104,33,255,804.167,603.318
3105,61,255,5.598,605.713
3106,68,255,164.618,604.853
3107,90,255,225.867,605.522
3108,86,255,633.140,606.860
3109,52,255,653.173,604.712
3110,95,255,789.111,605.837
3111,39,255,1127.756,604.167
3112,68,255,178.662,606.147
3113,45,255,415.122,605.922
3114,49,255,1084.010,604.827
3115,22,255,1176.591,604.409
3116,60,255,1253.450,606.383
3117,95,255,1583.584,606.584
3118,37,255,1597.554,606.068
3119,115,255,390.239,609.170
3120,59,255,450.941,607.042
3121,170,255,509.688,611.153
3122,46,255,903.957,606.370
3123,71,255,1031.585,607.373
3124,42,255,1202.690,605.881
3125,27,255,116.574,607.093
3126,66,255,600.864,608.667
3127,59,255,931.975,608.246
3128,64,255,975.578,607.469
3129,67,255,1189.022,607.604
3130,50,255,1242.120,607.500
3131,48,255,63.917,608.875
3132,100,255,535.350,610.660
3133,101,255,735.183,610.262
3134,123,255,869.370,610.313
3135,81,255,915.438,609.944
3136,127,255,1049.752,611.610
3137,49,255,1356.092,609.112
3138,56,255,624.607,609.964
3139,63,255,1345.579,610.230
3140,75,255,150.313,610.767
3141,87,255,345.408,611.489
3142,82,255,467.293,613.390
3143,123,255,554.427,612.159
3144,88,255,817.739,612.420
3145,53,255,1087.802,611.462
3146,22,255,1136.318,609.500
3147,58,255,90.034,611.586
3148,108,255,436.250,614.991
3149,52,255,1366.654,612.404
3150,40,255,1534.825,611.900
3151,104,255,300.817,615.010
3152,93,255,1143.210,615.683
3153,54,255,108.259,613.981
3154,35,255,681.243,613.271
3155,44,255,778.295,614.295
3156,67,255,944.485,615.127
3157,92,255,1107.402,615.163
3158,52,255,1124.269,613.500
3159,93,255,1379.597,615.328
3160,46,255,1542.304,613.457
3161,23,255,219.109,613.457
3162,31,255,314.242,613.790
3163,39,255,771.167,614.423
3164,69,255,897.326,615.601
3165,60,255,1220.767,616.000
3166,43,255,269.686,615.221
3167,111,255,751.194,619.248
3168,33,255,1576.379,614.773
3169,76,255,208.000,617.329
3170,69,255,797.761,617.804
3171,27,255,934.389,615.611
3172,53,255,1061.783,617.274
3173,43,255,1294.849,616.360
3174,117,255,1408.731,617.893
3175,92,255,1555.598,618.859
3176,70,255,53.271,618.614
3177,107,255,124.939,620.164
3178,82,255,254.768,619.073
3179,32,255,586.969,616.844
3180,22,255,1168.773,616.909
3181,24,255,282.167,617.375
3182,54,255,687.241,618.500
3183,71,255,974.303,619.246
3184,53,255,998.387,619.123
3185,35,255,1080.414,618.300
3186,155,255,1238.313,620.835
3187,80,255,1431.237,619.763
3188,84,255,1471.512,620.726
3189,55,255,1587.227,618.627
3190,38,255,400.132,619.737
3191,54,255,1522.889,619.815
3192,67,255,16.739,622.097
3193,72,255,667.222,622.264
3194,61,255,1267.205,621.566
3195,113,255,73.942,623.819
3196,29,255,179.224,621.810
3197,87,255,197.385,623.293
3198,107,255,354.575,623.799
3199,31,255,546.339,620.823
3200,27,255,707.907,620.685
3201,47,255,835.032,621.564
3202,55,255,881.391,622.555
3203,115,255,1163.413,624.317
3204,87,255,1300.649,624.236
3205,61,255,1485.516,622.713
3206,65,255,87.238,623.023
3207,61,255,154.730,623.287
3208,27,255,364.796,622.056
3209,58,255,381.431,623.086
3210,25,255,410.540,621.900
3211,46,255,535.087,623.022
3212,50,255,902.760,622.440
3213,37,255,1396.905,622.446
3214,32,255,696.031,623.750
3215,67,255,864.828,624.410
3216,62,255,1203.226,623.774
3217,53,255,274.387,623.745
3218,46,255,472.065,625.348
3219,72,255,492.583,625.819
3220,42,255,735.857,624.095
3221,64,255,786.328,625.016
3222,33,255,1179.227,623.955
3223,34,255,311.059,624.588
3224,70,255,1018.943,626.886
3225,83,255,1146.199,627.825
3226,40,255,1187.175,625.700
3227,123,255,1495.321,628.671
3228,28,255,1511.143,625.071
3229,54,255,141.204,626.444
3230,56,255,321.821,627.429
3231,35,255,717.729,626.757
3232,131,255,848.019,627.981
3233,73,255,1047.432,627.788
3234,134,255,1327.455,629.657
3235,68,255,1528.721,628.397
3236,63,255,2.802,630.405
3237,134,255,100.896,631.672
3238,107,255,574.304,630.210
3239,61,255,610.779,627.270
3240,40,255,1001.600,626.650
3241,57,255,1084.237,627.570
3242,102,255,1345.520,630.069
3243,115,255,51.596,629.683
3244,103,255,394.451,631.316
3245,28,255,585.750,628.107
3246,36,255,988.694,628.111
3247,88,255,1220.466,630.920
3248,108,255,1443.537,630.417
3249,90,255,26.567,635.022
3250,44,255,406.523,630.114
3251,48,255,436.792,632.833
3252,41,255,651.427,632.500
3253,79,255,1576.829,632.753
3254,58,255,295.897,632.810
3255,97,255,446.448,635.737
3256,94,255,902.106,634.170
3257,100,255,1282.650,634.310
3258,30,255,1384.967,631.967
3259,25,255,1396.700,631.580
3260,78,255,1471.000,633.500
3261,48,255,124.896,634.188
3262,91,255,274.203,635.060
3263,23,255,551.065,632.326
3264,25,255,694.540,632.340
3265,85,255,515.959,634.876
3266,64,255,719.344,635.906
3267,37,255,732.662,634.689
3268,90,255,826.233,636.178
3269,62,255,1100.887,636.258
3270,68,255,1190.985,635.809
3271,29,255,1205.086,633.776
3272,88,255,1268.648,636.489
3273,90,255,197.289,637.533
3274,79,255,241.133,637.082
3275,69,255,354.833,637.152
3276,60,255,1371.633,635.717
3277,49,255,1511.296,635.602
3278,63,255,262.040,637.310
3279,40,255,304.950,635.850
3280,23,255,634.761,635.717
3281,80,255,1109.550,639.013
3282,54,255,1174.907,636.685
3283,22,255,558.318,636.773
3284,37,255,644.311,637.473
3285,59,255,683.568,638.161
3286,39,255,838.167,637.705
3287,62,255,465.355,638.806
3288,123,255,548.199,641.825
3289,41,255,880.841,638.988
3290,38,255,922.079,638.263
3291,55,255,934.227,639.900
3292,49,255,1041.929,638.337
3293,60,255,1537.533,639.383
3294,39,255,14.705,639.474
3295,41,255,216.695,638.841
3296,68,255,366.853,640.265
3297,70,255,944.471,640.971
3298,93,255,961.930,640.210
3299,72,255,1069.375,641.125
3300,95,255,67.311,643.268
3301,65,255,318.269,640.577
3302,56,255,483.036,641.429
3303,61,255,700.910,641.090
3304,61,255,1052.893,641.730
3305,66,255,1461.909,642.333
3306,85,255,41.182,643.488
3307,85,255,118.076,643.371
3308,50,255,298.300,641.960
3309,39,255,792.833,640.987
3310,33,255,892.894,641.015
3311,65,255,165.638,643.454
3312,56,255,628.429,643.911
3313,75,255,655.980,643.993
3314,60,255,1198.517,643.100
3315,48,255,496.750,643.146
3316,48,255,618.271,645.604
3317,38,255,1144.132,643.289
3318,140,255,1419.336,646.279
3319,71,255,1516.176,644.627
3320,42,255,1527.714,643.524
3321,38,255,126.947,644.789
3322,27,255,387.537,643.167
3323,90,255,422.400,647.678
3324,60,255,783.033,645.650
3325,55,255,1315.700,644.991
3326,113,255,1398.934,645.810
3327,73,255,184.788,646.870
3328,59,255,219.314,646.381
3329,89,255,398.826,647.961
3330,34,255,412.529,646.382
3331,43,255,514.570,644.895
3332,39,255,607.628,645.705
3333,67,255,999.246,646.440
3334,124,255,1165.782,648.347
3335,76,255,1583.197,647.211
3336,37,255,570.716,645.716
3337,34,255,587.265,646.029
3338,24,255,755.333,645.458
3339,45,255,816.456,646.833
3340,35,255,905.214,645.357
3341,81,255,101.698,649.451
3342,65,255,440.485,648.562
3343,40,255,671.000,647.200
3344,44,255,710.932,647.773
3345,112,255,805.821,651.491
3346,65,255,1438.392,648.423
3347,78,255,51.205,650.256
3348,62,255,975.145,648.903
3349,51,255,1218.147,648.931
3350,41,255,19.915,649.256
3351,21,255,208.690,648.643
3352,91,255,1084.621,650.368
3353,66,255,1274.409,650.561
3354,41,255,1300.549,649.695
3355,64,255,1329.531,649.641
3356,123,255,1473.516,652.215
3357,73,255,144.664,651.103
3358,58,255,226.741,651.879
3359,70,255,246.643,651.929
3360,52,255,256.346,651.327
3361,74,255,497.622,651.162
3362,46,255,837.500,650.435
3363,81,255,898.858,651.895
3364,129,255,1127.453,655.399
3365,30,255,599.533,650.933
3366,81,255,1567.574,652.920
3367,97,255,346.335,654.665
3368,45,255,366.589,652.011
3369,52,255,382.923,652.885
3370,78,255,476.397,653.205
3371,63,255,936.262,653.151
3372,56,255,1146.161,652.696
3373,46,255,309.087,653.717
3374,38,255,523.816,654.842
3375,70,255,536.329,653.743
3376,71,255,881.148,656.415
3377,51,255,753.578,653.892
3378,85,255,868.629,655.512
3379,53,255,1101.632,654.406
3380,138,255,324.580,659.181
3381,56,255,984.482,656.143
3382,40,255,1018.125,655.925
3383,47,255,1320.181,655.521
3384,48,255,1369.250,655.500
3385,64,255,22.109,656.484
3386,41,255,194.500,657.012
3387,83,255,672.572,657.608
3388,56,255,1446.375,658.429
3389,66,255,1459.152,657.500
3390,60,255,62.567,657.450
3391,86,255,173.698,657.500
3392,43,255,203.593,657.733
3393,31,255,404.887,656.823
3394,69,255,552.196,657.804
3395,29,255,630.259,656.672
3396,103,255,1270.888,659.471
3397,60,255,1305.350,658.750
3398,66,255,1389.121,658.470
3399,22,255,1410.818,656.682
3400,68,255,131.118,659.368
3401,42,255,297.190,657.905
3402,32,255,697.219,657.656
3403,93,255,919.274,661.328
3404,30,255,1051.833,657.933
3405,74,255,1228.095,659.419
3406,74,255,1549.419,659.257
3407,41,255,265.768,659.768
3408,63,255,599.278,659.294
3409,86,255,619.291,663.035
3410,41,255,829.012,659.915
3411,28,255,1421.286,659.000
3412,44,255,487.545,660.432
3413,32,255,1559.719,660.125
3414,41,255,1593.646,660.354
3415,43,255,338.128,662.244
3416,56,255,776.857,662.232
3417,42,255,1059.810,662.714
3418,56,255,1216.911,662.589
3419,63,255,1488.548,662.135
3420,49,255,1586.071,662.439
3421,134,255,579.209,666.455
3422,38,255,761.842,662.105
3423,48,255,816.417,662.333
3424,91,255,847.621,666.698
3425,120,255,955.717,664.458
3426,54,255,1243.111,662.889
3427,50,255,304.800,663.740
3428,54,255,364.500,663.870
3429,55,255,384.391,663.300
3430,33,255,398.409,663.106
3431,38,255,750.658,663.447
3432,71,255,1144.275,664.613
3433,51,255,1505.167,664.010
3434,69,255,226.877,665.732
3435,36,255,534.000,663.000
3436,59,255,646.992,664.500
3437,28,255,976.857,663.679
3438,47,255,1047.606,664.862
3439,71,255,1207.669,665.683
3440,48,255,1255.104,664.812
3441,45,255,412.211,665.411
3442,37,255,855.959,665.689
3443,52,255,1100.404,664.750
3444,65,255,1318.331,665.808
3445,37,255,1430.878,664.500
3446,119,255,146.458,669.550
3447,41,255,190.573,667.183
3448,86,255,445.547,667.826
3449,87,255,33.213,669.397
3450,25,255,289.780,666.420
3451,60,255,424.083,668.300
3452,33,255,796.136,666.348
3453,22,255,1028.773,666.455
3454,83,255,1337.367,668.849
3455,73,255,95.760,670.130
3456,75,255,108.953,669.500
3457,27,255,863.907,668.056
3458,80,255,983.462,668.975
3459,64,255,1285.547,669.094
3460,161,255,1521.916,673.239
3461,44,255,1576.341,669.432
3462,28,255,183.000,669.393
3463,55,255,474.609,669.627
3464,27,255,883.315,668.796
3465,51,255,1407.853,670.049
3466,52,255,1562.923,669.481
3467,100,255,76.740,672.800
3468,34,255,460.088,670.824
3469,70,255,495.557,670.671
3470,79,255,1022.930,673.462
3471,63,255,1106.913,671.103
3472,54,255,1157.593,671.019
3473,68,255,272.941,672.132
3474,33,255,503.833,671.894
3475,31,255,698.435,671.758
3476,72,255,1127.694,672.153
3477,44,255,357.591,672.295
3478,20,255,396.200,671.150
3479,80,255,533.938,673.212
3480,41,255,721.402,672.232
3481,52,255,758.596,672.288
3482,74,255,1036.297,674.162
3483,58,255,1173.603,673.948
3484,26,255,1487.769,671.731
3485,37,255,385.068,673.068
3486,84,255,593.929,674.690
3487,43,255,631.733,673.337
3488,51,255,651.088,673.382
3489,32,255,795.406,672.438
3490,55,255,1070.555,674.373
3491,85,255,1235.382,674.806
3492,32,255,1598.062,674.844
3493,22,255,311.409,673.409
3494,40,255,665.600,674.850
3495,77,255,677.565,675.487
3496,62,255,768.742,675.081
3497,67,255,807.455,675.007
3498,94,255,1002.223,675.840
3499,76,255,1538.053,675.605
3500,22,255,305.591,674.409
3501,37,255,479.581,675.041
3502,47,255,839.053,675.330
3503,53,255,893.689,675.802
3504,69,255,1141.210,676.659
3505,55,255,1361.736,676.536
3506,75,255,1393.193,677.367
3507,21,255,329.214,674.833
3508,48,255,447.875,675.896
3509,56,255,611.571,676.464
3510,62,255,742.581,676.387
3511,66,255,822.333,677.318
3512,50,255,1555.000,677.200
3513,69,255,115.123,677.094
3514,73,255,412.527,679.390
3515,21,255,621.071,677.071
3516,79,255,1426.146,678.854
3517,51,255,5.147,679.735
3518,79,255,173.361,679.184
3519,60,255,287.733,679.800
3520,59,255,369.331,678.737
3521,50,255,397.640,678.540
3522,42,255,562.643,678.024
3523,66,255,934.697,679.394
3524,70,255,1327.357,679.286
3525,76,255,1377.421,679.737
3526,66,255,48.621,680.939
3527,42,255,197.595,679.214
3528,25,255,509.180,678.740
3529,53,255,1269.255,679.198
3530,27,255,1305.167,678.759
3531,42,255,151.571,680.167
3532,50,255,274.420,680.080
3533,103,255,432.102,684.073
3534,22,255,464.591,679.409
3535,62,255,686.871,681.387
3536,31,255,705.758,680.532
3537,60,255,922.467,680.800
3538,36,255,961.000,679.611
3539,44,255,1187.250,680.386
3540,112,255,1444.527,682.857
3541,93,255,341.091,684.081
3542,76,255,547.895,682.592
3543,74,255,1057.703,682.419
3544,79,255,1195.842,683.475
3545,53,255,1288.066,681.443
3546,50,255,870.620,682.220
3547,82,255,971.963,684.220
3548,44,255,1255.432,681.886
3549,74,255,1359.270,684.338
3550,54,255,1509.056,683.463
3551,43,255,70.012,684.035
3552,60,255,643.267,683.583
3553,56,255,1118.107,683.804
3554,57,255,144.412,686.623
3555,43,255,501.988,684.709
3556,53,255,78.028,685.764
3557,25,255,359.100,684.540
3558,57,255,478.921,686.219
3559,29,255,810.810,684.259
3560,54,255,1130.407,685.574
3561,55,255,1464.773,686.045
3562,75,255,110.113,688.460
3563,87,255,570.178,687.144
3564,21,255,755.881,685.405
3565,79,255,792.361,687.905
3566,55,255,951.864,686.755
3567,51,255,1077.186,686.324
3568,49,255,1091.194,686.439
3569,34,255,1274.265,686.765
3570,79,255,1484.791,688.968
3571,77,255,588.643,688.318
3572,103,255,740.102,687.655
3573,37,255,14.851,689.608
3574,66,255,27.303,689.076
3575,125,255,670.516,690.556
3576,59,255,1154.280,688.941
3577,67,255,1530.963,688.948
3578,48,255,196.208,692.604
3579,61,255,468.025,690.057
3580,36,255,656.667,689.278
3581,29,255,1235.466,688.707
3582,61,255,1387.303,689.943
3583,50,255,263.780,690.900
3584,34,255,290.500,690.000
3585,136,255,609.522,692.728
3586,61,255,1185.123,691.156
3587,68,255,1553.397,691.676
3588,70,255,316.229,692.200
3589,59,255,908.449,691.941
3590,52,255,1283.462,692.231
3591,56,255,1345.768,692.179
3592,62,255,1577.000,692.694
3593,84,255,706.071,693.310
3594,78,255,805.410,693.256
3595,87,255,938.098,695.063
3596,39,255,976.731,692.218
3597,75,255,1315.140,693.047
3598,59,255,835.466,693.941
3599,66,255,848.561,693.788
3600,51,255,897.343,694.422
3601,74,255,1226.216,695.243
3602,58,255,888.379,695.586
3603,21,255,1080.452,693.405
3604,42,255,1117.690,695.095
3605,68,255,1211.132,695.015
3606,36,255,243.472,694.833
3607,115,255,302.491,700.396
3608,38,255,427.158,694.895
3609,46,255,495.739,695.565
3610,54,255,570.148,695.796
3611,67,255,875.739,697.500
3612,63,255,961.706,695.468
3613,33,255,1013.712,694.955
3614,57,255,1369.482,695.640
3615,94,255,1458.926,697.149
3616,48,255,6.667,696.938
3617,59,255,328.788,697.093
3618,42,255,523.571,696.524
3619,36,255,1265.806,696.889
3620,115,255,1402.952,698.709
3621,50,255,93.860,697.220
3622,64,255,174.969,697.891
3623,48,255,476.979,696.958
3624,44,255,867.545,697.682
3625,66,255,80.606,699.818
3626,40,255,281.150,698.025
3627,45,255,357.833,698.144
3628,57,255,385.167,699.342
3629,59,255,745.602,698.297
3630,49,255,1110.337,698.520
3631,44,255,1136.500,698.818
3632,60,255,1240.483,699.100
3633,50,255,1273.040,698.860
3634,31,255,626.048,699.081
3635,113,255,1029.783,702.996
3636,35,255,1070.871,698.300
3637,30,255,1157.767,698.333
3638,53,255,1176.368,699.821
3639,37,255,733.284,700.176
3640,28,255,762.821,700.000
3641,39,255,770.833,700.936
3642,95,255,792.447,703.974
3643,23,255,969.457,699.891
3644,57,255,1586.781,701.535
3645,71,255,372.148,702.908
3646,90,255,1087.800,701.533
3647,62,255,1547.532,702.742
3648,67,255,36.216,703.366
3649,45,255,58.167,702.322
3650,80,255,349.163,704.225
3651,117,255,400.013,704.090
3652,48,255,536.188,703.312
3653,20,255,649.400,701.350
3654,60,255,912.783,702.650
3655,62,255,1195.226,702.790
3656,56,255,1254.696,703.125
3657,55,255,1418.718,702.864
3658,68,255,524.059,704.779
3659,55,255,851.609,703.700
3660,32,255,1119.969,703.719
3661,91,255,1499.368,705.720
3662,83,255,272.211,705.608
3663,88,255,430.489,706.227
3664,30,255,505.533,704.100
3665,57,255,561.588,704.149
3666,58,255,597.224,705.983
3667,138,255,1148.638,708.058
3668,44,255,494.023,705.114
3669,41,255,616.354,706.671
3670,51,255,743.245,705.676
3671,41,255,886.280,705.183
3672,50,255,961.680,706.280
3673,74,255,1065.378,706.824
3674,54,255,1382.296,706.963
3675,22,255,46.500,705.773
3676,59,255,285.415,707.924
3677,43,255,1009.500,706.500
3678,53,255,1577.821,707.198
3679,68,255,14.074,708.368
3680,79,255,94.968,708.348
3681,54,255,871.222,707.963
3682,37,255,974.581,707.338
3683,51,255,460.637,708.284
3684,67,255,644.590,708.873
3685,62,255,716.903,708.403
3686,74,255,145.392,709.932
3687,78,255,163.859,710.385
3688,67,255,627.843,709.933
3689,58,255,810.845,710.621
3690,53,255,924.292,709.821
3691,27,255,1211.907,708.574
3692,58,255,242.724,711.069
3693,39,255,480.654,709.782
3694,57,255,768.746,711.149
3695,73,255,825.116,712.130
3696,35,255,1054.100,710.186
3697,21,255,1134.643,709.310
3698,22,255,1165.500,710.000
3699,55,255,1484.064,711.245
3700,20,255,132.350,710.700
3701,22,255,207.227,710.136
3702,99,255,312.621,712.692
3703,45,255,941.433,711.500
3704,57,255,1510.781,712.395
3705,32,255,41.219,711.844
3706,53,255,695.877,713.840
3707,78,255,782.090,714.744
3708,62,255,1038.435,714.226
3709,38,255,1309.684,713.079
3710,59,255,1352.822,713.110
3711,98,255,1431.347,714.316
3712,56,255,82.375,714.750
3713,101,255,559.480,716.035
3714,99,255,664.864,714.763
3715,48,255,995.271,713.417
3716,64,255,1092.312,714.641
3717,34,255,1103.382,713.353
3718,35,255,1240.557,713.071
3719,41,255,1288.354,714.720
3720,42,255,1597.262,714.143
3721,52,255,370.731,714.654
3722,50,255,586.400,715.180
3723,28,255,860.750,713.786
3724,59,255,1254.636,714.958
3725,61,255,1296.205,715.484
3726,48,255,1525.292,715.146
3727,48,255,223.896,715.396
3728,45,255,261.700,716.456
3729,79,255,847.108,717.044
3730,49,255,947.745,716.561
3731,48,255,1319.646,717.458
3732,73,255,1552.651,718.308
3733,48,255,188.312,717.250
3734,52,255,452.192,717.500
3735,77,255,493.942,720.968
3736,61,255,524.582,717.844
3737,40,255,572.950,717.325
3738,60,255,976.700,717.550
3739,41,255,1116.720,716.841
3740,47,255,1170.500,718.777
3741,20,255,14.800,716.900
3742,76,255,511.013,719.408
3743,25,255,887.060,717.900
3744,89,255,899.489,719.039
3745,29,255,1156.603,717.741
3746,101,255,1212.728,719.777
3747,106,255,30.038,722.358
3748,65,255,202.838,719.823
3749,63,255,427.389,719.738
3750,52,255,964.250,720.019
3751,79,255,1190.665,720.475
3752,81,255,1344.562,721.327
3753,50,255,1442.420,720.400
3754,21,255,607.833,718.548
3755,59,255,1104.619,720.941
3756,29,255,6.845,721.879
3757,30,255,58.433,720.433
3758,80,255,246.675,722.962
3759,50,255,388.880,721.480
3760,58,255,468.569,721.845
3761,41,255,818.232,720.793
3762,91,255,927.654,722.082
3763,94,255,1063.979,723.319
3764,62,255,277.871,722.710
3765,63,255,332.944,722.897
3766,37,255,478.419,723.041
3767,64,255,797.750,724.641
3768,71,255,999.725,721.979
3769,61,255,1140.795,722.713
3770,57,255,1226.974,723.535
3771,87,255,359.845,725.109
3772,42,255,216.214,725.262
3773,45,255,303.789,724.167
3774,68,255,374.971,725.294
3775,90,255,540.200,725.478
3776,58,255,1034.276,724.914
3777,79,255,1330.335,725.348
3778,96,255,1485.250,727.135
3779,62,255,1580.903,725.516
3780,71,255,49.387,727.106
3781,57,255,64.868,726.412
3782,42,255,227.405,726.119
3783,56,255,587.589,726.143
3784,52,255,639.288,725.769
3785,44,255,724.295,725.682
3786,65,255,747.715,725.792
3787,54,255,1118.296,726.167
3788,80,255,1389.000,727.737
3789,138,255,1518.732,728.000
3790,68,255,187.721,726.338
3791,32,255,571.500,725.000
3792,78,255,766.064,729.705
3793,35,255,1177.243,726.043
3794,32,255,1236.156,726.406
3795,34,255,1463.500,726.000
3796,20,255,119.450,726.050
3797,74,255,603.230,728.514
3798,26,255,698.462,726.577
3799,61,255,779.402,728.713
3800,92,255,844.924,729.304
3801,57,255,1424.763,727.746
3802,44,255,14.295,728.864
3803,61,255,164.467,729.402
3804,61,255,261.533,728.943
3805,70,255,390.143,729.386
3806,32,255,438.250,728.344
3807,51,255,810.500,729.284
3808,76,255,885.197,729.842
3809,66,255,1084.136,729.985
3810,69,255,1158.210,729.862
3811,33,255,1244.682,728.712
3812,84,255,1401.369,730.214
3813,40,255,1570.900,728.775
3814,43,255,470.337,729.291
3815,35,255,941.300,728.586
3816,41,255,1362.744,729.500
3817,36,255,338.111,730.472
3818,107,255,424.734,731.136
3819,56,255,491.071,731.107
3820,42,255,515.429,730.571
3821,38,255,616.947,730.184
3822,44,255,1055.705,730.636
3823,64,255,1284.125,731.172
3824,48,255,571.708,731.438
3825,97,255,673.345,733.531
3826,53,255,1043.745,731.613
3827,80,255,1105.412,732.562
3828,38,255,1373.000,731.632
3829,45,255,1548.367,731.744
3830,43,255,31.221,731.942
3831,59,255,350.347,732.669
3832,57,255,558.307,732.974
3833,54,255,657.444,733.167
3834,45,255,727.922,733.878
3835,51,255,964.657,733.304
3836,20,255,1127.750,731.650
3837,60,255,1198.617,733.217
3838,57,255,1301.991,733.465
3839,84,255,151.964,735.083
3840,124,255,300.815,736.000
3841,64,255,901.000,734.000
3842,44,255,999.841,732.977
3843,51,255,115.618,735.402
3844,49,255,820.398,734.520
3845,27,255,854.796,734.944
3846,96,255,212.000,736.365
3847,118,255,330.093,739.169
3848,73,255,645.733,736.390
3849,54,255,1329.056,736.074
3850,34,255,1415.882,735.912
3851,32,255,185.562,736.719
3852,110,255,409.409,738.182
3853,57,255,538.711,736.202
3854,66,255,691.121,736.879
3855,105,255,716.167,740.148
3856,54,255,865.093,737.019
3857,109,255,947.766,739.216
3858,22,255,1250.773,736.000
3859,37,255,1311.770,736.500
3860,74,255,63.703,738.054
3861,38,255,127.895,737.079
3862,61,255,743.057,737.631
3863,55,255,1432.573,738.009
3864,28,255,456.571,737.357
3865,60,255,619.000,739.033
3866,35,255,935.586,737.929
3867,30,255,1234.000,738.500
3868,24,255,1261.625,738.167
3869,43,255,85.081,739.384
3870,82,255,103.512,740.195
3871,20,255,179.750,738.450
3872,42,255,192.333,739.548
3873,68,255,471.456,738.926
3874,40,255,777.775,738.650
3875,33,255,996.015,739.106
3876,35,255,1444.443,739.214
3877,49,255,760.929,740.337
3878,46,255,888.717,740.239
3879,41,255,1010.841,740.817
3880,63,255,226.087,742.071
3881,91,255,564.247,743.401
3882,32,255,602.500,741.000
3883,45,255,1184.500,741.500
3884,41,255,1245.232,741.110
3885,32,255,173.125,742.656
3886,60,255,279.433,743.167
3887,93,255,388.274,743.349
3888,73,255,812.240,743.541
3889,68,255,970.765,743.191
3890,64,255,1019.953,745.422
3891,80,255,1040.150,744.663
3892,58,255,1066.466,742.966
3893,46,255,1101.065,742.870
3894,25,255,1141.620,740.940
3895,76,255,1566.461,743.566
3896,98,255,490.092,745.480
3897,48,255,507.625,743.271
3898,97,255,520.727,746.644
3899,76,255,1053.184,745.382
3900,32,255,1129.000,742.844
3901,52,255,1197.673,743.538
3902,31,255,1593.629,743.306
3903,31,255,1030.048,744.468
3904,78,255,1115.436,746.551
3905,74,255,1163.081,745.689
3906,46,255,1270.370,744.478
3907,36,255,1376.194,744.028
3908,93,255,127.081,747.231
3909,54,255,160.500,746.000
3910,47,255,1091.096,747.734
3911,58,255,1279.086,746.466
3912,56,255,1393.500,745.964
3913,51,255,1486.676,745.794
3914,40,255,265.725,745.875
3915,47,255,309.436,746.713
3916,137,255,787.478,748.974
3917,103,255,884.917,749.791
3918,59,255,913.551,746.263
3919,48,255,1291.000,746.292
3920,32,255,1437.438,745.844
3921,52,255,1522.712,746.577
3922,60,255,373.133,747.417
3923,25,255,404.820,746.700
3924,58,255,421.845,747.517
3925,106,255,537.849,749.142
3926,89,255,638.736,749.747
3927,34,255,703.882,748.059
3928,104,255,826.712,749.808
3929,101,255,852.262,749.856
3930,74,255,990.392,748.351
3931,93,255,1365.091,749.371
3932,49,255,1459.704,747.888
3933,79,255,23.994,751.449
3934,63,255,38.738,749.071
3935,66,255,75.773,748.955
3936,119,255,251.685,752.382
3937,73,255,344.692,749.829
3938,75,255,655.180,748.860
3939,57,255,1581.132,749.904
3940,62,255,185.065,750.516
3941,37,255,234.824,749.608
3942,49,255,301.194,749.439
3943,91,255,588.071,751.852
3944,55,255,607.336,749.864
3945,44,255,665.409,749.591
3946,21,255,959.452,748.595
3947,40,255,1349.425,749.975
3948,50,255,1446.560,750.360
3949,58,255,1474.672,751.276
3950,101,255,1511.431,752.371
3951,33,255,59.682,749.591
3952,26,255,107.538,749.577
3953,34,255,483.941,751.118
3954,67,255,1415.515,750.351
3955,61,255,1539.336,751.959
3956,27,255,1591.833,750.130
3957,44,255,168.568,752.045
3958,24,255,287.167,750.625
3959,39,255,356.833,751.423
3960,36,255,462.639,750.889
3961,55,255,676.082,751.500
3962,40,255,723.100,750.925
3963,32,255,839.438,751.406
3964,49,255,1080.745,751.745
3965,64,255,1135.031,751.984
3966,38,255,755.316,753.000
3967,64,255,765.875,753.562
3968,43,255,905.686,752.802
3969,44,255,966.682,752.636
3970,29,255,979.086,752.362
3971,30,255,1004.567,751.633
3972,53,255,1334.632,752.594
3973,32,255,1531.750,753.000
3974,40,255,52.025,753.500
3975,35,255,271.043,753.329
3976,37,255,510.554,753.068
3977,37,255,597.014,753.203
3978,51,255,1151.284,753.951
3979,55,255,1307.118,753.791
3980,43,255,392.477,754.081
3981,59,255,436.517,754.314
3982,41,255,690.524,753.744
3983,30,255,800.800,754.133
3984,42,255,897.095,755.048
3985,57,255,1200.763,754.640
3986,71,255,1246.261,755.444
3987,39,255,1491.577,754.500
3988,32,255,472.812,754.938
3989,48,255,1232.500,755.750
3990,36,255,1466.056,754.722
3991,51,255,214.598,756.441
3992,86,255,318.953,757.872
3993,45,255,455.100,756.367
3994,64,255,703.000,757.234
3995,35,255,926.871,755.929
3996,30,255,937.767,755.800
3997,56,255,1215.161,756.679
3998,94,255,1402.596,757.596
3999,97,255,418.005,757.758
4000,48,255,188.354,758.000
4001,30,255,295.300,757.700
4002,45,255,403.167,758.522
4003,45,255,1183.100,758.100
4004,35,255,1377.729,757.957
4005,39,255,177.526,759.346
4006,30,255,286.300,759.000
4007,56,255,383.000,759.536
4008,45,255,577.167,759.678
4009,51,255,725.441,759.324
4010,83,255,1027.295,760.705
4011,57,255,1170.061,759.658
4012,56,255,1554.554,760.071
4013,60,255,123.383,761.217
4014,110,255,226.755,764.600
4015,30,255,341.233,759.667
4016,63,255,622.881,761.310
4017,30,255,809.700,759.800
4018,25,255,1059.700,759.740
4019,111,255,67.437,765.509
4020,75,255,107.927,761.767
4021,61,255,529.336,761.336
4022,37,255,745.716,760.608
4023,64,255,977.266,761.688
4024,44,255,999.659,760.909
4025,26,255,1106.000,760.500
4026,35,255,1592.843,761.900
4027,63,255,80.548,763.611
4028,56,255,140.696,763.536
4029,22,255,236.682,761.682
4030,165,255,358.155,766.082
4031,31,255,499.339,761.500
4032,53,255,608.972,762.821
4033,38,255,1237.658,762.921
4034,42,255,1386.214,763.548
4035,80,255,1418.112,763.600
4036,43,255,1519.477,762.640
4037,57,255,635.711,763.447
4038,63,255,957.960,764.325
4039,20,255,1315.000,763.000
4040,50,255,1482.640,763.800
4041,88,255,10.261,766.182
4042,40,255,310.725,763.875
4043,21,255,736.119,764.024
4044,42,255,792.500,764.429
4045,48,255,1069.292,764.562
4046,27,255,1217.833,763.944
4047,62,255,166.839,767.887
4048,30,255,1158.700,764.700
4049,60,255,1433.833,766.083
4050,44,255,1562.818,766.250
4051,47,255,209.053,766.564
4052,112,255,273.839,769.232
4053,24,255,461.417,765.625
4054,46,255,893.326,766.370
4055,97,255,935.995,769.026
4056,35,255,1052.871,766.729
4057,74,255,1339.311,768.203
4058,22,255,680.500,766.500
4059,42,255,783.857,767.976
4060,67,255,805.261,767.993
4061,55,255,819.282,768.536
4062,49,255,865.949,767.724
4063,34,255,1181.382,767.118
4064,68,255,1325.000,768.647
4065,59,255,1573.466,768.229
4066,36,255,21.472,768.222
4067,68,255,47.015,769.338
4068,57,255,503.307,768.851
4069,41,255,657.037,768.573
4070,34,255,1041.618,768.382
4071,40,255,1134.125,767.900
4072,53,255,1291.500,768.802
4073,79,255,1353.753,769.323
4074,49,255,1500.459,768.296
4075,44,255,177.591,769.682
4076,74,255,325.338,770.432
4077,51,255,689.500,769.265
4078,49,255,852.439,768.949
4079,43,255,1020.849,769.826
4080,67,255,1308.425,769.933
4081,53,255,33.160,770.519
4082,25,255,287.940,769.420
4083,60,255,411.950,771.050
4084,50,255,541.480,771.140
4085,127,255,558.705,773.634
4086,45,255,601.611,770.300
4087,57,255,771.009,770.395
4088,24,255,919.833,769.708
4089,50,255,1207.840,769.920
4090,36,255,379.389,771.000
4091,57,255,392.921,771.535
4092,53,255,703.991,771.425
4093,105,255,877.195,774.205
4094,32,255,945.156,770.938
4095,39,255,1231.987,770.833
4096,49,255,200.786,772.684
4097,27,255,435.019,772.500
4098,64,255,445.734,773.094
4099,59,255,519.161,773.347
4100,51,255,530.441,773.049
4101,58,255,584.000,772.500
4102,56,255,623.643,772.054
4103,113,255,643.987,773.996
4104,46,255,1096.152,772.565
4105,38,255,1108.000,772.184
4106,33,255,671.803,773.591
4107,48,255,1003.583,773.333
4108,42,255,1073.857,773.310
4109,51,255,1391.382,774.657
4110,38,255,1486.789,773.132
4111,75,255,1595.060,775.007
4112,51,255,103.676,775.265
4113,109,255,245.280,777.243
4114,98,255,260.224,776.898
4115,70,255,478.671,775.743
4116,104,255,721.529,778.096
4117,54,255,422.056,776.426
4118,40,255,613.075,776.375
4119,40,255,808.150,775.025
4120,27,255,900.426,774.352
4121,38,255,1365.000,775.632
4122,43,255,288.709,775.453
4123,37,255,750.257,776.527
4124,31,255,1085.694,775.597
4125,20,255,1177.200,774.750
4126,81,255,1493.537,778.253
4127,45,255,1582.144,777.167
4128,134,255,84.933,780.784
4129,40,255,186.175,777.825
4130,41,255,463.646,778.012
4131,35,255,508.586,777.414
4132,48,255,680.562,777.917
4133,53,255,734.500,778.274
4134,30,255,890.300,777.067
4135,39,255,993.808,777.551
4136,105,255,1521.119,779.090
4137,98,255,118.398,780.990
4138,152,255,215.395,780.612
4139,46,255,350.717,779.022
4140,67,255,830.963,779.172
4141,52,255,848.712,778.423
4142,40,255,859.525,778.050
4143,41,255,983.402,778.012
4144,23,255,1408.674,778.370
4145,35,255,1559.414,778.071
4146,71,255,143.697,780.570
4147,48,255,157.521,779.167
4148,41,255,178.085,778.841
4149,45,255,327.500,779.544
4150,73,255,918.527,780.938
4151,28,255,1203.286,778.250
4152,67,255,1237.291,780.560
4153,20,255,1282.450,778.750
4154,55,255,1430.045,780.355
4155,43,255,70.709,781.035
4156,55,255,305.955,780.918
4157,32,255,365.781,780.656
4158,50,255,375.400,782.980
4159,89,255,1023.006,782.140
4160,67,255,1046.201,781.142
4161,54,255,1216.611,780.963
4162,51,255,1254.069,781.069
4163,79,255,1463.323,781.437
4164,21,255,1551.071,780.119
4165,43,255,60.733,781.663
4166,53,255,233.708,781.783
4167,60,255,387.433,782.650
4168,98,255,700.714,782.969
4169,54,255,903.389,780.944
4170,22,255,942.227,780.273
4171,40,255,1417.425,781.650
4172,23,255,165.326,781.500
4173,22,255,581.864,781.364
4174,38,255,1069.974,782.237
4175,50,255,1134.600,782.880
4176,48,255,1292.271,782.438
4177,56,255,1304.375,782.804
4178,55,255,26.973,783.809
4179,25,255,108.940,782.580
4180,43,255,133.314,783.570
4181,24,255,342.250,783.625
4182,28,255,398.214,782.393
4183,47,255,606.755,783.628
4184,34,255,629.088,782.706
4185,53,255,1374.538,783.292
4186,52,255,46.077,784.981
4187,44,255,290.500,784.000
4188,67,255,641.694,786.097
4189,47,255,1004.330,784.670
4190,41,255,1399.012,784.280
4191,109,255,552.445,788.271
4192,69,255,1106.022,786.225
4193,58,255,1196.534,786.034
4194,57,255,1316.167,786.132
4195,92,255,1442.543,786.174
4196,94,255,1475.936,788.245
4197,44,255,155.182,786.045
4198,54,255,474.370,787.056
4199,54,255,484.556,787.167
4200,117,255,505.722,788.774
4201,44,255,539.795,785.886
4202,84,255,780.083,787.107
4203,42,255,1014.976,786.976
4204,43,255,1336.570,786.128
4205,47,255,1564.500,786.862
4206,41,255,427.183,786.793
4207,53,255,663.840,787.783
4208,63,255,757.770,786.960
4209,92,255,800.141,788.522
4210,75,255,945.073,789.833
4211,59,255,1081.398,788.297
4212,72,255,1348.764,788.833
4213,32,255,956.906,788.656
4214,40,255,967.550,788.425
4215,34,255,983.735,788.029
4216,35,255,1040.614,788.243
4217,63,255,1580.738,789.278
4218,58,255,69.138,789.466
4219,43,255,144.360,789.384
4220,71,255,326.035,790.444
4221,44,255,29.273,790.955
4222,85,255,820.653,792.265
4223,80,255,866.487,793.062
4224,47,255,1069.840,790.628
4225,27,255,1129.278,790.722
4226,40,255,1176.850,789.725
4227,43,255,1209.733,790.570
4228,56,255,1222.643,791.071
4229,42,255,1281.000,790.643
4230,23,255,1361.109,789.761
4231,51,255,1387.225,791.069
4232,41,255,1499.402,790.500
4233,81,255,1528.710,793.401
4234,48,255,40.229,791.750
4235,35,255,104.271,791.071
4236,67,255,177.201,792.575
4237,27,255,364.500,790.500
4238,70,255,403.629,792.214
4239,69,255,564.514,793.804
4240,44,255,601.159,790.955
4241,33,255,834.833,791.136
4242,63,255,877.579,793.563
4243,98,255,249.724,795.163
4244,51,255,307.951,792.304
4245,79,255,678.361,792.487
4246,95,255,850.416,795.153
4247,41,255,123.866,793.549
4248,69,255,188.587,793.964
4249,51,255,279.186,794.461
4250,95,255,291.068,796.595
4251,108,255,425.926,794.769
4252,65,255,586.100,793.854
4253,53,255,716.274,793.387
4254,44,255,1370.818,793.341
4255,27,255,85.722,793.204
4256,46,255,337.957,794.196
4257,78,255,1051.231,795.526
4258,82,255,1118.805,796.305
4259,39,255,1163.500,794.295
4260,32,255,1295.469,794.094
4261,31,255,1554.758,794.919
4262,68,255,216.235,795.853
4263,103,255,386.558,796.432
4264,76,255,891.447,797.645
4265,27,255,1539.833,795.241
4266,89,255,265.410,797.927
4267,79,255,449.968,798.386
4268,35,255,537.929,795.871
4269,49,255,1273.908,797.398
4270,41,255,1318.085,795.841
4271,74,255,1404.419,798.676
4272,26,255,1421.500,795.000
4273,42,255,1509.214,796.833
4274,42,255,461.357,797.310
4275,51,255,696.422,797.716
4276,39,255,708.372,797.628
4277,36,255,758.583,797.361
4278,39,255,904.859,796.808
4279,84,255,919.393,800.107
4280,42,255,951.167,796.500
4281,23,255,979.283,796.413
4282,57,255,1341.342,797.939
4283,97,255,1452.088,798.005
4284,67,255,1563.485,798.545
4285,71,255,199.021,799.613
4286,24,255,473.583,796.583
4287,41,255,739.476,798.573
4288,64,255,748.859,799.609
4289,96,255,784.667,799.042
4290,68,255,997.515,798.500
4291,35,255,1384.357,798.129
4292,76,255,16.026,800.684
4293,40,255,800.050,798.675
4294,98,255,968.939,804.908
4295,53,255,1077.387,799.991
4296,79,255,1483.437,800.854
4297,23,255,1518.500,798.500
4298,46,255,70.891,800.283
4299,44,255,364.795,799.523
4300,52,255,517.442,802.000
4301,29,255,838.224,800.500
4302,36,255,1392.889,801.000
4303,52,255,58.827,801.481
4304,40,255,136.350,800.975
4305,95,255,544.953,803.911
4306,62,255,628.790,801.839
4307,71,255,677.711,801.866
4308,41,255,811.037,800.988
4309,69,255,1045.674,802.138
4310,81,255,1233.352,802.586
4311,85,255,1428.065,802.406
4312,62,255,99.790,803.339
4313,101,255,222.985,804.906
4314,43,255,504.198,801.756
4315,37,255,588.608,801.662
4316,86,255,602.988,803.558
4317,37,255,641.419,801.959
4318,81,255,1100.389,804.142
4319,37,255,1110.824,802.554
4320,99,255,1160.359,804.369
4321,30,255,1195.667,801.700
4322,50,255,1545.880,802.540
4323,41,255,125.012,803.183
4324,63,255,147.484,804.913
4325,21,255,476.833,802.690
4326,34,255,771.824,803.059
4327,47,255,1136.202,804.053
4328,46,255,110.848,804.609
4329,64,255,1246.125,805.281
4330,41,255,1360.598,804.207
4331,35,255,1467.100,804.786
4332,48,255,338.938,805.646
4333,75,255,1313.433,806.927
4334,23,255,530.891,805.543
4335,74,255,571.689,808.108
4336,28,255,717.321,806.393
4337,62,255,861.871,807.226
4338,34,255,929.882,805.618
4339,70,255,954.014,807.229
4340,111,255,1177.626,809.869
4341,53,255,1373.934,807.311
4342,43,255,1520.221,806.221
4343,96,255,1571.396,808.646
4344,58,255,1596.948,808.138
4345,107,255,172.808,809.715
4346,62,255,835.532,807.710
4347,25,255,1261.940,807.100
4348,66,255,359.167,808.242
4349,56,255,421.929,808.250
4350,53,255,819.292,808.066
4351,48,255,984.312,808.062
4352,82,255,1003.073,808.707
4353,97,255,1335.747,810.356
4354,33,255,1441.561,808.136
4355,37,255,2.284,810.122
4356,60,255,121.050,810.383
4357,114,255,257.184,811.246
4358,34,255,410.147,809.088
4359,44,255,885.659,808.636
4360,49,255,908.092,809.031
4361,45,255,1034.989,809.411
4362,67,255,1298.231,810.231
4363,40,255,82.350,810.000
4364,80,255,279.663,810.888
4365,37,255,347.257,811.365
4366,44,255,384.795,810.295
4367,58,255,397.414,810.431
4368,89,255,586.500,811.208
4369,31,255,617.016,810.177
4370,38,255,692.395,809.553
4371,30,255,848.433,809.333
4372,49,255,1022.439,809.949
4373,71,255,1409.387,811.711
4374,29,255,71.983,810.603
4375,32,255,460.031,810.375
4376,72,255,665.917,810.847
4377,56,255,872.732,811.143
4378,150,255,15.500,817.140
4379,37,255,135.554,812.176
4380,93,255,310.285,813.758
4381,73,255,328.938,813.308
4382,54,255,440.148,812.556
4383,42,255,1043.119,813.500
4384,53,255,1055.953,812.443
4385,42,255,1147.690,812.429
4386,24,255,1190.167,811.375
4387,57,255,1205.921,812.482
4388,38,255,36.737,812.684
4389,45,255,1226.322,813.478
4390,48,255,1240.646,812.917
4391,68,255,1357.471,814.603
4392,63,255,1460.548,814.865
4393,61,255,1548.828,815.238
4394,78,255,1498.526,816.231
4395,129,255,100.407,816.857
4396,44,255,193.545,814.909
4397,40,255,505.575,814.550
4398,26,255,518.000,814.038
4399,79,255,764.120,816.829
4400,62,255,1269.468,816.032
4401,55,255,1474.373,815.518
4402,48,255,1489.250,815.604
4403,42,255,145.167,816.357
4404,76,255,224.487,817.053
4405,58,255,718.448,817.224
4406,54,255,731.630,816.574
4407,40,255,812.250,815.725
4408,119,255,951.130,818.239
4409,21,255,1071.357,815.167
4410,41,255,1078.817,815.939
4411,89,255,1535.298,817.039
4412,83,255,701.247,817.464
4413,30,255,754.267,816.967
4414,35,255,785.729,816.643
4415,47,255,841.415,817.032
4416,35,255,912.271,817.129
4417,50,255,922.880,817.400
4418,71,255,996.880,817.979
4419,34,255,1254.294,816.912
4420,96,255,410.385,821.333
4421,46,255,424.913,818.217
4422,52,255,473.231,818.558
4423,92,255,535.022,819.804
4424,45,255,550.278,817.833
4425,78,255,978.949,819.397
4426,103,255,156.850,823.131
4427,61,255,291.025,820.270
4428,38,255,450.158,818.895
4429,27,255,459.907,818.426
4430,35,255,486.100,818.529
4431,59,255,617.941,819.619
4432,67,255,631.993,819.246
4433,61,255,681.402,819.172
4434,56,255,819.625,819.464
4435,76,255,1119.079,821.171
4436,61,255,1346.189,821.025
4437,43,255,73.942,820.570
4438,41,255,665.378,819.720
4439,31,255,875.081,819.371
4440,23,255,937.022,819.413
4441,49,255,52.990,821.582
4442,33,255,854.864,819.985
4443,90,255,1141.311,822.011
4444,46,255,175.935,822.261
4445,45,255,272.500,822.900
4446,31,255,360.629,821.887
4447,40,255,402.400,822.950
4448,51,255,738.735,823.441
4449,31,255,1015.210,821.210
4450,67,255,1061.978,823.336
4451,72,255,1221.708,823.694
4452,53,255,1397.613,823.425
4453,45,255,1561.700,822.456
4454,22,255,194.364,822.000
4455,51,255,259.029,823.206
4456,92,255,437.630,824.967
4457,35,255,518.129,823.071
4458,54,255,641.611,826.407
4459,26,255,777.769,822.846
4460,42,255,785.905,823.119
4461,51,255,805.225,824.069
4462,36,255,1284.639,822.889
4463,51,255,1329.578,823.696
4464,46,255,1361.674,822.674
4465,63,255,1409.659,823.881
4466,83,255,1591.102,823.886
4467,46,255,344.761,824.087
4468,40,255,386.200,824.000
4469,52,255,1422.385,824.250
4470,32,255,1573.688,823.594
4471,49,255,3.153,825.929
4472,83,255,34.753,826.367
4473,34,255,132.382,825.000
4474,64,255,377.125,826.578
4475,99,255,503.742,826.348
4476,48,255,866.458,825.562
4477,54,255,887.537,825.870
4478,65,255,902.746,826.085
4479,41,255,1080.817,825.305
4480,63,255,1204.500,826.500
4481,80,255,140.650,827.938
4482,32,255,751.719,825.156
4483,58,255,936.810,827.241
4484,27,255,1263.870,825.500
4485,108,255,116.880,829.565
4486,30,255,294.433,826.333
4487,39,255,318.321,827.269
4488,81,255,484.401,828.475
4489,34,255,602.765,825.912
4490,35,255,666.671,826.529
4491,64,255,704.859,828.375
4492,81,255,1018.302,830.241
4493,39,255,1041.859,826.782
4494,63,255,1175.865,828.484
4495,43,255,1313.895,827.430
4496,90,255,1450.156,830.133
4497,43,255,1506.081,827.709
4498,43,255,221.360,828.453
4499,37,255,241.095,827.446
4500,21,255,364.310,827.452
4501,26,255,453.192,827.538
4502,74,255,569.311,829.216
4503,22,255,654.500,827.227
4504,24,255,823.000,827.375
4505,31,255,996.306,827.274
4506,59,255,1304.229,829.076
4507,90,255,1435.144,831.400
4508,46,255,80.000,829.500
4509,22,255,595.182,828.636
4510,71,255,1091.092,830.176
4511,52,255,1276.327,830.827
4512,58,255,1385.828,829.655
4513,34,255,1458.000,829.382
4514,33,255,23.955,830.258
4515,84,255,190.821,832.619
4516,78,255,206.385,830.372
4517,69,255,305.413,830.906
4518,87,255,533.178,831.971
4519,39,255,559.269,830.090
4520,48,255,957.000,830.000
4521,26,255,1007.500,830.000
4522,47,255,1233.521,830.309
4523,28,255,1544.000,830.107
4524,58,255,97.345,832.862
4525,26,255,586.500,831.154
4526,37,255,875.068,831.419
4527,60,255,1291.067,832.883
4528,21,255,177.929,830.929
4529,33,255,398.227,831.652
4530,28,255,844.286,832.000
4531,53,255,1032.292,832.028
4532,86,255,1111.209,835.488
4533,56,255,1567.679,832.000
4534,20,255,71.550,832.250
4535,33,255,650.348,833.106
4536,37,255,852.635,833.311
4537,62,255,1468.355,834.452
4538,47,255,1483.968,833.777
4539,32,255,247.781,834.062
4540,54,255,317.907,834.296
4541,53,255,414.160,834.425
4542,50,255,446.400,835.440
4543,42,255,520.643,834.690
4544,51,255,606.853,834.578
4545,64,255,720.969,834.953
4546,34,255,996.559,833.912
4547,74,255,344.892,836.851
4548,56,255,356.750,835.500
4549,57,255,626.377,836.044
4550,107,255,1499.379,836.547
4551,153,255,1535.716,838.069
4552,31,255,58.210,836.048
4553,66,255,472.576,836.970
4554,46,255,496.478,836.435
4555,42,255,690.429,836.452
4556,85,255,757.465,837.206
4557,61,255,796.943,835.910
4558,69,255,882.572,837.688
4559,84,255,916.226,836.798
4560,32,255,1053.281,836.500
4561,70,255,1400.843,838.843
4562,81,255,271.068,837.327
4563,23,255,744.978,836.761
4564,36,255,935.583,836.806
4565,120,255,1202.683,837.317
4566,43,255,1242.826,836.849
4567,35,255,1315.614,836.386
4568,41,255,36.915,837.963
4569,68,255,88.265,839.676
4570,54,255,137.759,838.667
4571,103,255,593.733,840.364
4572,86,255,1125.814,838.337
4573,52,255,208.038,839.558
4574,52,255,732.192,839.731
4575,43,255,1098.640,839.244
4576,61,255,1329.943,841.336
4577,53,255,562.915,840.481
4578,71,255,948.232,841.880
4579,69,255,962.471,840.862
4580,98,255,1353.398,843.551
4581,52,255,1589.500,841.000
4582,55,255,179.573,841.518
4583,118,255,235.559,844.627
4584,56,255,655.804,841.000
4585,22,255,703.182,840.545
4586,116,255,782.276,843.922
4587,35,255,1003.500,840.500
4588,36,255,1044.222,841.028
4589,86,255,1227.884,842.047
4590,43,255,156.733,841.826
4591,54,255,411.093,842.370
4592,56,255,453.982,842.857
4593,55,255,841.664,843.009
4594,64,255,1028.469,842.453
4595,56,255,1297.357,842.411
4596,24,255,1365.542,841.792
4597,49,255,1553.724,843.316
4598,51,255,103.559,843.225
4599,31,255,249.468,842.887
4600,54,255,368.815,843.074
4601,63,255,395.437,844.167
4602,39,255,535.115,843.782
4603,35,255,854.671,843.186
4604,87,255,869.937,844.247
4605,33,255,1310.894,843.500
4606,47,255,1441.372,844.181
4607,25,255,1579.140,842.020
4608,90,255,6.489,849.956
4609,39,255,294.141,843.705
4610,55,255,434.118,846.245
4611,44,255,632.409,843.818
4612,56,255,819.768,843.982
4613,60,255,913.083,844.333
4614,47,255,974.223,845.032
4615,24,255,1077.208,843.792
4616,63,255,1161.040,845.389
4617,71,255,1375.556,845.500
4618,40,255,16.100,845.850
4619,48,255,148.125,845.125
4620,24,255,328.042,844.333
4621,116,255,56.897,847.379
4622,46,255,197.435,846.457
4623,53,255,494.915,845.972
4624,42,255,678.976,846.000
4625,64,255,753.000,846.891
4626,41,255,1252.720,845.866
4627,28,255,1264.286,846.000
4628,78,255,35.692,848.744
4629,37,255,612.986,846.932
4630,28,255,927.071,848.464
4631,43,255,1096.942,846.384
4632,60,255,1147.783,849.017
4633,40,255,1185.625,846.800
4634,59,255,1324.161,848.381
4635,86,255,1397.140,849.093
4636,48,255,1431.021,847.375
4637,28,255,1496.750,846.286
4638,62,255,1276.065,848.629
4639,22,255,1597.909,847.682
4640,80,255,118.900,850.475
4641,33,255,343.439,848.561
4642,57,255,545.202,848.833
4643,33,255,713.167,849.561
4644,66,255,723.030,849.939
4645,59,255,800.229,849.500
4646,49,255,1466.276,850.031
4647,58,255,1490.017,850.069
4648,84,255,1530.393,850.702
4649,32,255,1575.469,849.531
4650,73,255,1361.774,852.021
4651,34,255,97.382,851.000
4652,21,255,206.690,850.738
4653,23,255,468.152,849.978
4654,78,255,574.321,851.718
4655,35,255,634.557,850.814
4656,42,255,734.762,852.095
4657,57,255,1019.061,852.868
4658,33,255,1413.318,850.470
4659,75,255,160.967,853.553
4660,21,255,406.929,851.214
4661,89,255,423.017,853.208
4662,101,255,508.173,853.054
4663,62,255,851.726,851.726
4664,61,255,938.434,853.041
4665,64,255,1003.234,853.781
4666,37,255,1225.095,851.284
4667,118,255,1252.610,854.051
4668,80,255,80.525,854.425
4669,56,255,181.179,853.661
4670,30,255,269.967,852.100
4671,69,255,292.326,854.210
4672,42,255,380.429,853.357
4673,22,255,387.591,852.318
4674,21,255,604.214,852.881
4675,52,255,1073.577,852.673
4676,67,255,248.784,855.440
4677,116,255,309.526,857.353
4678,83,255,764.488,856.283
4679,57,255,780.132,853.956
4680,61,255,867.352,854.041
4681,30,255,917.433,852.800
4682,53,255,949.274,854.481
4683,129,255,1059.368,859.275
4684,32,255,143.656,854.344
4685,42,255,478.262,855.524
4686,73,255,675.253,856.048
4687,93,255,1103.005,856.683
4688,102,255,1187.363,857.902
4689,52,255,224.673,857.385
4690,71,255,554.965,856.430
4691,81,255,621.907,857.364
4692,43,255,646.616,857.081
4693,38,255,659.237,855.684
4694,33,255,837.500,855.470
4695,49,255,1435.663,856.194
4696,53,255,1505.406,857.142
4697,59,255,203.669,858.347
4698,40,255,396.125,857.175
4699,79,255,1037.677,859.158
4700,47,255,1558.926,857.521
4701,42,255,55.190,858.238
4702,63,255,105.484,858.563
4703,83,255,242.428,860.898
4704,20,255,357.200,856.750
4705,47,255,458.053,858.053
4706,54,255,990.889,858.537
4707,120,255,1329.692,861.250
4708,47,255,439.309,858.862
4709,85,255,814.288,860.641
4710,44,255,1550.250,859.955
4711,43,255,1576.942,858.942
4712,196,255,275.954,865.168
4713,67,255,473.067,861.769
4714,49,255,487.316,861.276
4715,33,255,521.924,860.167
4716,58,255,893.776,859.690
4717,34,255,918.324,860.206
4718,57,255,972.956,860.500
4719,42,255,1282.643,859.881
4720,45,255,1408.722,860.722
4721,43,255,1468.802,860.570
4722,27,255,1597.685,859.907
4723,54,255,18.815,862.352
4724,32,255,94.844,861.938
4725,31,255,258.177,860.790
4726,55,255,528.573,864.118
4727,82,255,1132.488,863.134
4728,93,255,1165.962,864.876
4729,85,255,1519.053,864.394
4730,145,255,138.666,868.466
4731,30,255,828.767,862.667
4732,86,255,960.721,864.442
4733,20,255,1490.200,862.500
4734,53,255,319.104,865.519
4735,21,255,355.690,862.976
4736,93,255,375.306,867.156
4737,36,255,509.583,864.222
4738,37,255,659.014,863.905
4739,29,255,709.155,863.328
4740,108,255,1028.796,868.361
4741,67,255,1078.500,865.321
4742,47,255,1212.223,865.330
4743,72,255,1351.764,865.583
4744,23,255,47.717,864.413
4745,97,255,332.088,868.211
4746,52,255,402.519,866.327
4747,96,255,1224.177,867.562
4748,47,255,1296.117,865.309
4749,42,255,62.595,865.786
4750,46,255,413.870,866.609
4751,39,255,447.090,866.013
4752,71,255,794.472,867.317
4753,60,255,864.667,867.183
4754,93,255,1148.446,867.339
4755,57,255,1505.272,867.956
4756,35,255,1528.414,866.300
4757,29,255,86.293,866.741
4758,41,255,122.085,867.037
4759,48,255,174.271,867.521
4760,33,255,804.955,867.773
4761,68,255,1423.912,867.309
4762,31,255,206.016,867.694
4763,53,255,518.670,869.802
4764,105,255,598.062,870.786
4765,53,255,725.217,868.028
4766,48,255,887.208,867.854
4767,49,255,1394.112,867.867
4768,24,255,1435.458,867.875
4769,31,255,1573.597,867.952
4770,27,255,1597.685,868.093
4771,38,255,545.105,868.684
4772,106,255,576.585,870.283
4773,61,255,1261.631,870.008
4774,61,255,1371.844,869.811
4775,41,255,1548.817,869.159
4776,78,255,4.897,872.577
4777,52,255,158.442,869.769
4778,52,255,673.096,871.115
4779,118,255,1194.415,873.085
4780,41,255,1238.939,869.939
4781,70,255,1253.686,873.729
4782,45,255,1445.411,870.589
4783,49,255,424.908,871.704
4784,40,255,501.325,872.100
4785,61,255,827.566,871.139
4786,70,255,1050.629,872.114
4787,45,255,1319.367,871.500
4788,64,255,1581.594,872.391
4789,93,255,24.683,873.414
4790,46,255,537.109,872.565
4791,90,255,771.900,874.222
4792,131,255,1098.966,876.324
4793,40,255,1276.625,872.775
4794,29,255,1467.672,871.672
4795,35,255,241.614,873.300
4796,22,255,432.364,872.955
4797,148,255,616.068,876.142
4798,61,255,1007.484,874.057
4799,29,255,1156.948,872.466
4800,26,255,1287.500,872.500
4801,34,255,108.029,873.971
4802,57,255,252.114,875.360
4803,82,255,1484.207,877.049
4804,84,255,178.536,876.952
4805,35,255,734.471,874.614
4806,32,255,745.531,875.156
4807,35,255,852.814,875.386
4808,28,255,959.429,874.357
4809,39,255,1346.936,874.423
4810,96,255,66.656,876.885
4811,27,255,162.315,875.685
4812,50,255,344.760,876.620
4813,60,255,357.333,877.867
4814,39,255,949.500,878.167
4815,40,255,1393.750,878.500
4816,33,255,1465.227,877.197
4817,55,255,1518.991,878.427
4818,50,255,1542.240,878.040
4819,21,255,52.690,877.357
4820,64,255,216.438,879.672
4821,66,255,701.439,879.227
4822,64,255,983.719,878.672
4823,36,255,1123.889,877.444
4824,28,255,1326.607,877.464
4825,25,255,130.140,878.700
4826,47,255,712.457,880.181
4827,50,255,893.160,879.220
4828,76,255,1314.421,881.355
4829,69,255,1432.471,880.572
4830,61,255,44.959,880.828
4831,43,255,492.942,880.826
4832,89,255,653.140,880.871
4833,44,255,685.000,880.000
4834,57,255,843.254,881.430
4835,23,255,1024.283,879.370
4836,45,255,1284.100,880.567
4837,48,255,1362.229,881.396
4838,43,255,1553.151,880.221
4839,125,255,1574.444,885.132
4840,83,255,85.536,881.898
4841,76,255,104.250,882.882
4842,67,255,402.500,882.500
4843,20,255,503.200,879.850
4844,48,255,672.500,880.729
4845,29,255,812.983,880.707
4846,38,255,825.368,881.105
4847,75,255,1295.887,882.860
4848,84,255,1376.583,883.321
4849,35,255,194.043,882.500
4850,36,255,204.750,882.583
4851,69,255,460.630,883.428
4852,70,255,1403.000,883.457
4853,32,255,1413.469,882.750
4854,67,255,18.276,884.321
4855,36,255,289.861,882.139
4856,44,255,472.932,885.432
4857,33,255,482.773,883.015
4858,93,255,926.597,886.618
4859,44,255,1128.841,883.159
4860,49,255,1451.459,883.459
4861,106,255,226.028,887.349
4862,31,255,277.984,884.758
4863,24,255,521.583,883.292
4864,63,255,738.071,883.357
4865,69,255,762.775,885.935
4866,41,255,964.256,885.963
4867,124,255,1072.629,887.581
4868,47,255,1235.968,885.436
4869,69,255,1590.819,886.370
4870,50,255,305.200,886.200
4871,26,255,365.923,886.346
4872,64,255,438.859,887.703
4873,56,255,941.893,886.714
4874,56,255,1054.089,886.500
4875,67,255,1489.948,887.590
4876,60,255,1531.933,887.283
4877,105,255,56.548,889.767
4878,111,255,259.356,889.050
4879,87,255,387.167,889.236
4880,55,255,907.791,887.627
4881,47,255,1436.330,887.096
4882,69,255,1468.457,887.703
4883,78,255,340.154,889.910
4884,31,255,679.435,888.081
4885,28,255,897.786,887.786
4886,48,255,954.125,888.479
4887,35,255,1521.529,888.271
4888,53,255,1561.142,888.802
4889,78,255,9.974,891.769
4890,78,255,240.038,890.846
4891,108,255,1179.889,890.944
4892,97,255,126.263,891.727
4893,29,255,161.879,889.052
4894,29,255,517.086,890.741
4895,43,255,659.686,889.244
4896,98,255,721.827,890.541
4897,60,255,795.767,890.067
4898,37,255,808.284,889.959
4899,34,255,819.206,889.735
4900,84,255,1110.262,891.500
4901,41,255,91.500,891.256
4902,66,255,701.303,891.727
4903,40,255,876.550,890.925
4904,24,255,1346.250,890.875
4905,114,255,1410.904,893.026
4906,68,255,635.529,893.426
4907,103,255,151.558,895.490
4908,70,255,282.671,894.343
4909,110,255,318.036,895.609
4910,53,255,524.726,893.915
4911,24,255,573.500,892.000
4912,52,255,745.769,892.827
4913,82,255,826.378,894.524
4914,34,255,932.294,893.529
4915,56,255,1134.661,893.411
4916,109,255,1151.344,896.610
4917,31,255,1425.629,892.694
4918,37,255,28.878,894.176
4919,21,255,112.881,893.500
4920,57,255,183.482,894.763
4921,47,255,420.372,894.734
4922,33,255,434.652,893.652
4923,62,255,561.161,895.306
4924,63,255,1000.897,894.405
4925,35,255,599.671,895.157
4926,127,255,1226.650,897.878
4927,27,255,1353.574,894.685
4928,53,255,1387.500,895.726
4929,67,255,72.127,897.097
4930,129,255,611.554,900.190
4931,24,255,625.375,894.958
4932,37,255,990.716,896.689
4933,22,255,1257.727,896.227
4934,47,255,1335.266,897.223
4935,56,255,171.589,898.179
4936,66,255,516.182,898.288
4937,51,255,1246.480,897.422
4938,60,255,1291.950,897.783
4939,95,255,1438.521,900.321
4940,58,255,1534.603,897.259
4941,48,255,547.021,898.375
4942,37,255,662.365,898.689
4943,61,255,734.746,899.107
4944,25,255,839.460,897.900
4945,39,255,1027.679,898.167
4946,34,255,1266.441,898.206
4947,45,255,1281.033,898.833
4948,77,255,1476.734,899.474
4949,35,255,652.414,898.557
4950,45,255,674.300,898.233
4951,35,255,790.643,899.900
4952,47,255,862.819,900.309
4953,118,255,1556.051,902.475
4954,57,255,1593.465,902.377
4955,61,255,366.434,901.467
4956,68,255,1309.588,902.824
4957,64,255,1463.594,901.797
4958,54,255,4.741,903.278
4959,30,255,405.233,901.933
4960,68,255,753.735,901.971
4961,63,255,1165.310,901.770
4962,21,255,1237.500,901.643
4963,48,255,27.354,902.917
4964,44,255,393.841,903.159
4965,38,255,1211.342,902.737
4966,39,255,39.474,904.141
4967,38,255,249.553,904.263
4968,65,255,381.715,904.792
4969,50,255,1181.160,904.180
4970,57,255,1421.974,904.711
4971,101,255,1509.203,905.569
4972,81,255,163.821,906.870
4973,58,255,436.672,905.069
4974,49,255,705.112,904.500
4975,30,255,1083.433,905.500
4976,46,255,1383.891,905.087
4977,54,255,1581.907,905.852
4978,114,255,111.474,907.105
4979,37,255,468.203,905.959
4980,25,255,545.220,904.900
4981,26,255,671.846,905.423
4982,43,255,803.058,905.291
4983,60,255,272.000,907.500
4984,41,255,483.841,906.890
4985,41,255,1069.378,907.134
4986,55,255,1095.973,907.845
4987,67,255,1195.142,908.157
4988,84,255,1335.690,908.464
4989,52,255,56.346,907.962
4990,30,255,221.133,908.900
4991,70,255,1111.114,908.329
4992,53,255,1397.896,908.613
4993,47,255,425.777,908.755
4994,44,255,716.477,909.250
4995,40,255,736.550,909.175
4996,45,255,857.256,910.300
4997,53,255,365.632,910.406
4998,51,255,752.971,909.049
4999,28,255,982.500,909.821
5000,49,255,1162.255,910.908
5001,59,255,1353.636,910.568
5002,110,255,192.045,915.336
5003,52,255,535.827,911.115
5004,54,255,1296.833,911.463
5005,77,255,13.396,914.110
5006,24,255,704.375,911.333
5007,45,255,1416.433,912.367
5008,24,255,1460.875,911.250
5009,68,255,240.588,913.632
5010,74,255,311.284,914.149
5011,99,255,681.207,914.298
5012,20,255,1008.600,912.200
5013,68,255,1150.721,915.588
5014,62,255,1555.903,914.306
5015,25,255,48.300,914.260
5016,23,255,355.065,913.413
5017,49,255,381.643,914.235
5018,53,255,849.406,915.689
5019,21,255,1021.690,912.929
5020,54,255,1270.241,914.407
5021,29,255,338.672,914.500
5022,24,255,348.375,914.958
5023,53,255,1122.613,915.330
5024,99,255,1522.712,916.561
5025,51,255,1536.284,916.147
5026,30,255,82.733,914.933
5027,77,255,135.097,916.435
5028,24,255,446.083,915.667
5029,49,255,805.378,918.112
5030,26,255,207.846,916.654
5031,43,255,220.128,917.477
5032,48,255,415.083,917.188
5033,26,255,551.808,916.423
5034,32,255,640.000,916.969
5035,155,255,653.545,920.242
5036,76,255,791.776,921.066
5037,121,255,1221.012,917.930
5038,60,255,1239.183,917.650
5039,25,255,1317.620,916.060
5040,27,255,717.204,917.611
5041,53,255,730.500,917.689
5042,126,255,771.913,921.413
5043,121,255,817.153,920.260
5044,56,255,857.411,919.750
5045,124,255,69.831,923.653
5046,103,255,105.587,919.927
5047,70,255,172.557,919.886
5048,38,255,602.237,919.632
5049,26,255,696.846,918.769
5050,52,255,287.673,921.038
5051,87,255,564.075,921.592
5052,32,255,595.250,920.688
5053,46,255,1280.043,920.087
5054,53,255,1351.613,920.991
5055,53,255,1376.236,921.406
5056,41,255,24.988,921.573
5057,46,255,277.696,922.000
5058,55,255,1336.100,920.936
5059,59,255,1496.703,921.449
5060,51,255,619.206,923.696
5061,64,255,783.844,923.500
5062,32,255,1063.406,921.844
5063,30,255,1291.167,921.233
5064,22,255,1325.773,922.000
5065,50,255,1386.040,922.960
5066,41,255,6.768,922.939
5067,33,255,147.258,922.227
5068,24,255,984.292,922.333
5069,42,255,1036.095,923.405
5070,71,255,1508.965,926.810
5071,47,255,1564.543,923.862
5072,49,255,666.031,925.194
5073,29,255,994.431,923.672
5074,29,255,1074.707,925.121
5075,50,255,1314.660,923.340
5076,56,255,39.143,925.679
5077,37,255,89.770,924.689
5078,54,255,203.204,926.500
5079,32,255,398.031,923.438
5080,56,255,53.411,926.714
5081,33,255,252.076,925.803
5082,167,255,534.320,929.769
5083,129,255,1115.306,930.306
5084,88,255,1143.898,927.659
5085,62,255,1257.629,926.177
5086,56,255,1455.804,927.214
5087,35,255,220.071,926.929
5088,66,255,241.121,928.773
5089,48,255,517.271,926.875
5090,69,255,15.920,929.543
5091,80,255,190.512,929.525
5092,119,255,1169.550,931.769
5093,65,255,332.408,929.023
5094,106,255,480.981,932.321
5095,31,255,1238.371,927.952
5096,88,255,1410.989,929.682
5097,84,255,1532.071,930.845
5098,46,255,103.152,930.565
5099,40,255,406.925,929.375
5100,65,255,501.577,931.438
5101,75,255,1366.127,932.807
5102,50,255,120.200,931.380
5103,49,255,314.255,931.092
5104,20,255,1154.800,930.400
5105,72,255,1211.403,931.403
5106,65,255,1298.362,931.392
5107,43,255,74.942,932.244
5108,88,255,156.330,934.091
5109,20,255,178.550,931.200
5110,69,255,650.616,933.717
5111,62,255,1548.597,933.097
5112,54,255,1567.111,932.667
5113,47,255,1338.053,933.436
5114,40,255,1350.375,933.275
5115,48,255,1426.646,933.083
5116,80,255,290.363,935.000
5117,37,255,420.878,934.176
5118,55,255,516.427,934.591
5119,23,255,982.761,933.457
5120,73,255,560.884,936.459
5121,39,255,736.705,934.321
5122,71,255,10.725,937.359
5123,52,255,218.000,935.846
5124,53,255,662.632,937.387
5125,42,255,783.048,937.262
5126,150,255,1384.640,937.307
5127,30,255,721.600,936.367
5128,82,255,873.317,938.671
5129,26,255,1146.269,936.462
5130,111,255,345.851,940.374
5131,41,255,61.793,938.963
5132,46,255,393.913,938.848
5133,34,255,995.382,939.559
5134,59,255,1586.720,939.500
5135,54,255,45.926,940.648
5136,44,255,441.159,940.023
5137,59,255,495.398,941.364
5138,44,255,698.955,940.045
5139,27,255,860.093,939.426
5140,32,255,1003.406,940.594
5141,55,255,1046.336,942.209
5142,95,255,1492.300,943.163
5143,42,255,574.119,942.405
5144,67,255,1080.351,941.694
5145,41,255,1509.207,941.451
5146,50,255,359.860,942.940
5147,23,255,1019.543,943.109
5148,36,255,1027.444,943.083
5149,81,255,1265.772,947.475
5150,37,255,1345.959,942.878
5151,72,255,1468.583,943.528
5152,34,255,1526.147,943.500
5153,50,255,1537.420,943.460
5154,57,255,96.675,944.114
5155,47,255,110.479,944.266
5156,46,255,621.348,944.261
5157,27,255,793.389,944.278
5158,34,255,906.206,944.000
5159,22,255,1010.682,943.909
5160,86,255,1231.907,946.244
5161,22,255,1359.318,943.636
5162,20,255,161.350,943.500
5163,21,255,507.500,944.500
5164,42,255,551.143,945.048
5165,35,255,819.414,945.271
5166,88,255,969.830,946.080
5167,38,255,1304.763,945.395
5168,37,255,1419.149,944.851
5169,45,255,1429.722,945.678
5170,55,255,596.900,946.573
5171,42,255,896.738,946.833
5172,27,255,939.500,945.167
5173,47,255,1148.415,945.862
5174,59,255,1315.076,949.008
5175,65,255,322.931,949.638
5176,41,255,778.720,947.378
5177,31,255,1277.952,947.984
5178,21,255,630.119,947.786
5179,26,255,809.077,947.923
5180,36,255,920.417,948.667
5181,26,255,956.000,947.500
5182,25,255,1167.540,946.740
5183,68,255,1333.147,949.191
5184,59,255,1441.517,948.534
5185,64,255,387.812,948.547
5186,100,255,479.580,950.630
5187,37,255,828.797,948.959
5188,54,255,859.741,950.463
5189,36,255,991.028,948.806
5190,52,255,1502.673,949.615
5191,71,255,237.387,950.641
5192,43,255,718.314,950.756
5193,21,255,1292.548,949.643
5194,48,255,1597.521,952.208
5195,21,255,44.976,950.119
5196,70,255,215.329,951.671
5197,101,255,262.460,955.441
5198,48,255,452.771,951.646
5199,34,255,547.029,950.441
5200,52,255,1106.231,950.827
5201,27,255,1246.944,950.833
5202,46,255,1583.913,952.457
5203,53,255,34.330,952.915
5204,46,255,929.804,953.174
5205,35,255,1064.557,951.986
5206,37,255,1303.176,952.554
5207,20,255,153.200,952.100
5208,55,255,1001.918,953.518
5209,45,255,1353.189,954.211
5210,52,255,1514.692,953.769
5211,63,255,1546.421,953.754
5212,40,255,12.950,954.175
5213,76,255,194.671,955.382
5214,32,255,464.844,954.344
5215,113,255,1369.704,956.907
5216,38,255,133.947,954.868
5217,58,255,350.448,955.897
5218,65,255,367.100,955.238
5219,46,255,671.391,955.870
5220,108,255,90.528,958.657
5221,39,255,404.808,956.064
5222,43,255,587.779,956.384
5223,70,255,660.614,959.000
5224,55,255,788.209,956.609
5225,84,255,950.083,957.190
5226,41,255,977.354,956.963
5227,52,255,1048.904,957.288
5228,35,255,117.243,957.214
5229,41,255,180.232,957.037
5230,86,255,515.198,958.337
5231,21,255,1227.071,956.262
5232,39,255,1394.397,957.654
5233,48,255,1433.104,957.500
5234,50,255,1486.160,956.500
5235,43,255,499.826,958.267
5236,70,255,566.186,959.429
5237,51,255,636.108,958.931
5238,49,255,901.378,958.847
5239,50,255,919.100,960.480
5240,61,255,1030.680,958.877
5241,64,255,1533.406,960.266
5242,50,255,106.000,959.000
5243,123,255,390.427,962.028
5244,23,255,736.413,958.717
5245,83,255,1076.789,961.464
5246,50,255,1106.800,960.780
5247,43,255,1142.244,958.895
5248,28,255,1274.321,958.821
5249,46,255,240.478,960.130
5250,64,255,534.922,960.875
5251,37,255,603.095,959.824
5252,22,255,610.455,959.591
5253,47,255,1243.734,959.926
5254,28,255,1556.786,959.179
5255,61,255,1573.910,960.844
5256,30,255,744.533,961.767
5257,23,255,995.891,960.413
5258,39,255,324.782,962.859
5259,47,255,338.415,961.947
5260,33,255,409.045,961.682
5261,48,255,835.500,962.750
5262,40,255,74.375,963.600
5263,29,255,216.362,962.707
5264,33,255,911.045,963.712
5265,21,255,1451.167,962.976
5266,52,255,1472.173,964.135
5267,43,255,208.360,965.593
5268,41,255,428.671,964.598
5269,45,255,480.167,965.144
5270,20,255,791.550,964.600
5271,40,255,870.025,965.075
5272,71,255,1185.768,967.669
5273,51,255,1287.225,965.088
5274,48,255,1231.750,966.938
5275,103,255,192.403,970.869
5276,22,255,588.591,966.409
5277,49,255,1016.500,967.908
5278,38,255,1085.447,968.684
5279,78,255,1422.603,968.885
5280,29,255,1516.672,966.397
5281,34,255,157.206,968.382
5282,64,255,459.547,969.234
5283,21,255,608.833,967.357
5284,23,255,617.935,968.457
5285,35,255,934.243,968.386
5286,21,255,1490.214,967.690
5287,44,255,83.955,969.318
5288,86,255,263.500,971.186
5289,50,255,358.780,969.560
5290,24,255,1198.042,968.083
5291,70,255,172.843,972.371
5292,51,255,502.578,970.755
5293,47,255,626.926,973.032
5294,66,255,903.424,971.818
5295,60,255,1163.733,972.900
5296,52,255,1318.385,970.173
5297,50,255,1547.780,969.960
5298,49,255,666.786,971.520
5299,40,255,706.775,971.900
5300,111,255,768.311,974.338
5301,26,255,830.038,971.308
5302,24,255,1560.958,970.750
5303,58,255,328.241,972.276
5304,38,255,1031.737,972.211
5305,36,255,1041.222,971.972
5306,37,255,1408.581,972.338
5307,31,255,1594.855,972.306
5308,86,255,294.198,974.581
5309,46,255,544.196,973.000
5310,84,255,1272.667,975.429
5311,137,255,1450.281,976.354
5312,45,255,63.100,974.678
5313,39,255,138.859,974.731
5314,29,255,1092.017,974.017
5315,37,255,1299.392,974.797
5316,91,255,1486.764,975.500
5317,24,255,161.667,975.667
5318,30,255,431.667,976.467
5319,48,255,691.646,974.917
5320,35,255,114.443,975.700
5321,22,255,152.318,976.091
5322,25,255,1111.700,975.380
5323,76,255,1522.368,978.289
5324,22,255,1575.000,975.500
5325,23,255,91.283,977.152
5326,87,255,518.511,978.385
5327,26,255,1365.500,977.000
5328,46,255,1374.761,977.630
5329,28,255,342.357,979.179
5330,79,255,408.842,979.006
5331,31,255,465.629,977.790
5332,38,255,1017.395,978.263
5333,56,255,119.786,980.750
5334,51,255,221.147,979.775
5335,31,255,423.694,978.597
5336,47,255,1076.968,979.096
5337,65,255,1220.485,979.638
5338,35,255,1244.300,979.271
5339,57,255,1507.939,981.342
5340,42,255,278.571,980.190
5341,46,255,366.065,980.457
5342,59,255,378.636,982.195
5343,31,255,389.694,980.339
5344,48,255,505.812,980.271
5345,64,255,561.188,980.703
5346,64,255,351.797,982.125
5347,22,255,396.409,980.591
5348,26,255,1120.077,981.269
5349,21,255,1193.976,980.881
5350,87,255,1536.753,983.316
5351,61,255,97.516,985.090
5352,30,255,723.267,981.167
5353,95,255,81.458,985.774
5354,21,255,108.643,982.881
5355,42,255,786.000,985.405
5356,39,255,993.603,983.679
5357,57,255,1235.956,983.781
5358,46,255,1348.565,983.739
5359,43,255,1579.360,983.430
5360,76,255,201.868,986.158
5361,24,255,299.875,983.917
5362,67,255,1393.276,987.022
5363,34,255,1589.059,984.971
5364,23,255,34.109,985.065
5365,50,255,285.720,986.980
5366,20,255,656.450,985.750
5367,39,255,1053.090,985.936
5368,23,255,190.109,986.413
5369,84,255,266.357,989.298
5370,25,255,662.300,986.740
5371,66,255,1306.636,988.682
5372,62,255,59.677,990.194
5373,104,255,310.692,991.365
5374,25,255,465.860,986.980
5375,109,255,697.610,990.335
5376,24,255,754.833,987.625
5377,57,255,1152.272,989.939
5378,34,255,1435.294,987.794
5379,68,255,407.691,989.485
5380,36,255,1011.167,989.389
5381,39,255,1478.577,989.346
5382,99,255,44.833,991.399
5383,39,255,208.910,990.038
5384,41,255,247.085,990.134
5385,30,255,485.000,989.700
5386,110,255,500.364,992.727
5387,114,255,615.219,994.789
5388,40,255,1287.850,989.975
5389,35,255,1404.871,991.186
5390,79,255,1550.589,990.475
5391,119,255,11.273,994.139
5392,75,255,633.300,991.940
5393,32,255,1358.656,990.125
5394,33,255,596.591,992.258
5395,30,255,1141.567,992.400
5396,43,255,1429.244,992.965
5397,20,255,27.300,992.100
5398,35,255,1488.414,992.957
5399,42,255,255.286,994.833
5400,35,255,397.443,994.071
5401,54,255,721.000,994.926
5402,41,255,1267.500,994.988
5403,64,255,185.766,995.375
5404,35,255,913.043,995.414
5405,24,255,1195.167,994.625
5406,55,255,1278.391,995.700
5407,79,255,1447.513,998.120
5408,26,255,1466.577,995.269
5409,84,255,109.869,997.571
5410,53,255,146.462,996.292
5411,43,255,389.756,996.733
5412,45,255,676.967,996.233
5413,33,255,757.045,996.742
5414,31,255,814.597,995.952
5415,42,255,1364.667,995.905
5416,29,255,1457.362,996.466
5417,41,255,1518.915,996.476
5418,24,255,1573.250,995.750
5419,92,255,161.054,997.989
5420,106,255,530.057,1000.396
5421,52,255,710.942,998.000
5422,48,255,1227.792,997.771
5423,34,255,1351.118,997.882
5424,43,255,225.128,998.360
5425,28,255,1339.607,997.321
5426,43,255,1416.058,998.058
5427,44,255,1585.023,998.636
5428,34,255,414.588,1001.235
5429,46,255,906.630,999.696
5430,28,255,1309.607,998.429
5431,53,255,1501.028,1000.726
5432,29,255,1597.948,1001.603
5433,55,255,368.118,1000.973
5434,39,255,740.987,1000.987
5435,33,255,1078.530,1002.106
5436,65,255,1167.946,1002.946
5437,69,255,273.804,1003.254
5438,100,255,326.980,1006.490
5439,36,255,603.639,1001.889
5440,90,255,1557.567,1002.956
5441,49,255,26.602,1004.459
5442,49,255,87.990,1003.724
5443,25,255,335.660,1002.980
5444,23,255,343.978,1002.891
5445,41,255,232.817,1004.232
5446,30,255,428.867,1004.333
5447,49,255,961.806,1005.806
5448,61,255,188.205,1007.074
5449,51,255,205.618,1005.324
5450,44,255,1465.341,1005.091
5451,45,255,1528.522,1006.033
5452,42,255,16.595,1006.071
5453,56,255,120.179,1006.679
5454,31,255,943.500,1006.500
5455,40,255,1335.600,1007.025
5456,50,255,63.160,1006.420
5457,48,255,256.500,1007.375
5458,58,255,829.828,1009.138
5459,39,255,993.090,1007.013
5460,34,255,1517.088,1007.500
5461,52,255,302.615,1008.808
5462,28,255,392.000,1008.000
5463,33,255,540.197,1008.652
5464,21,255,669.357,1007.738
5465,65,255,811.854,1009.223
5466,49,255,1193.908,1009.316
5467,55,255,1265.955,1008.845
5468,51,255,143.480,1008.931
5469,44,255,243.341,1009.159
5470,26,255,839.269,1009.385
5471,22,255,1157.727,1008.409
5472,110,255,1367.364,1013.136
5473,49,255,1433.622,1009.418
5474,76,255,1065.434,1011.474
5475,74,255,1574.878,1011.932
5476,116,255,266.526,1015.638
5477,71,255,680.894,1012.190
5478,82,255,1182.317,1013.695
5479,46,255,42.152,1012.935
5480,46,255,166.500,1011.826
5481,43,255,339.616,1012.593
5482,75,255,705.047,1013.647
5483,27,255,733.241,1012.241
5484,35,255,1451.071,1011.557
5485,67,255,12.545,1013.425
5486,45,255,54.522,1013.233
5487,75,255,153.727,1014.127
5488,55,255,435.955,1014.645
5489,24,255,1091.833,1013.167
5490,46,255,1258.304,1016.087
5491,29,255,31.466,1013.707
5492,51,255,750.167,1014.441
5493,35,255,767.700,1014.500
5494,23,255,856.891,1014.022
5495,34,255,919.500,1014.206
5496,41,255,1012.329,1013.915
5497,61,255,71.631,1015.123
5498,108,255,222.352,1016.917
5499,76,255,1275.421,1017.789
5500,27,255,1384.019,1014.611
5501,49,255,92.276,1016.357
5502,40,255,105.600,1015.475
5503,51,255,118.304,1016.520
5504,37,255,250.257,1016.635
5505,35,255,1156.586,1015.929
5506,22,255,1235.636,1015.818
5507,35,255,1399.414,1015.929
5508,58,255,485.759,1020.034
5509,78,255,626.500,1019.077
5510,33,255,1392.258,1017.773
5511,43,255,1518.035,1017.128
5512,30,255,419.000,1017.700
5513,103,255,947.782,1022.073
5514,21,255,1034.643,1017.643
5515,39,255,1438.449,1018.167
5516,29,255,1450.810,1017.259
5517,38,255,1557.947,1018.579
5518,46,255,1197.109,1019.522
5519,44,255,1289.955,1019.205
5520,45,255,1527.122,1020.878
5521,30,255,126.867,1020.267
5522,49,255,1248.745,1021.378
5523,36,255,1595.250,1021.028
5524,88,255,772.239,1024.591
5525,50,255,829.100,1023.180
5526,158,255,975.418,1025.070
5527,48,255,53.229,1021.688
5528,67,255,1021.216,1024.052
5529,39,255,1048.218,1022.295
5530,86,255,176.686,1027.395
5531,26,255,466.846,1022.500
5532,26,255,795.423,1024.423
5533,45,255,1494.611,1023.389
5534,74,255,40.243,1025.027
5535,46,255,99.826,1023.957
5536,45,255,439.256,1025.211
5537,30,255,667.033,1023.833
5538,132,255,811.553,1027.174
5539,60,255,850.717,1026.700
5540,58,255,24.845,1026.034
5541,59,255,78.534,1027.059
5542,51,255,758.931,1027.069
5543,41,255,448.110,1028.159
5544,111,255,639.689,1029.968
5545,65,255,787.608,1028.346
5546,101,255,195.144,1030.361
5547,24,255,626.750,1027.417
5548,49,255,109.071,1030.173
5549,96,255,605.281,1031.396
5550,62,255,857.694,1031.290
5551,50,255,146.400,1031.300
5552,76,255,1050.974,1031.658
5553,44,255,1406.659,1031.227
5554,28,255,1417.857,1030.321
5555,51,255,1506.049,1031.225
5556,69,255,1485.471,1032.167
5557,92,255,744.413,1034.783
5558,20,255,922.550,1031.250
5559,123,255,994.053,1034.476
5560,27,255,1567.796,1032.204
5561,63,255,780.929,1034.611
5562,40,255,212.625,1034.375
5563,44,255,291.614,1036.295
5564,62,255,1073.919,1035.048
5565,60,255,9.000,1035.633
5566,78,255,275.090,1036.577
5567,65,255,760.854,1035.715
5568,97,255,92.191,1038.108
5569,95,255,463.216,1038.479
5570,49,255,655.276,1037.010
5571,36,255,704.528,1036.194
5572,79,255,1021.551,1037.956
5573,72,255,1035.597,1037.917
5574,87,255,1243.408,1039.282
5575,54,255,1295.444,1036.722
5576,46,255,726.130,1037.761
5577,59,255,800.941,1037.992
5578,40,255,1525.825,1037.525
5579,53,255,1541.802,1038.915
5580,59,255,625.432,1039.195
5581,191,255,682.720,1042.694
5582,58,255,1084.483,1039.345
5583,38,255,1279.658,1039.553
5584,64,255,212.828,1042.578
5585,70,255,830.643,1041.471
5586,77,255,844.916,1042.968
5587,114,255,958.605,1044.482
5588,42,255,1355.524,1041.167
5589,26,255,1388.654,1039.538
5590,51,255,160.284,1042.833
5591,44,255,739.409,1042.068
5592,68,255,1254.662,1042.824
5593,36,255,1470.972,1041.583
5594,82,255,32.256,1042.463
5595,27,255,302.426,1041.907
5596,35,255,395.500,1042.271
5597,78,255,440.744,1044.397
5598,40,255,499.700,1042.225
5599,40,255,57.325,1044.550
5600,39,255,139.859,1044.115
5601,60,255,938.717,1043.983
5602,28,255,1444.821,1042.571
5603,128,255,618.273,1048.273
5604,65,255,699.423,1045.669
5605,51,255,818.814,1045.284
5606,40,255,1301.150,1044.350
5607,28,255,76.357,1045.000
5608,26,255,335.385,1044.769
5609,32,255,69.500,1046.094
5610,50,255,528.000,1047.000
5611,72,255,647.806,1047.472
5612,29,255,1536.328,1046.328
5613,36,255,254.472,1047.139
5614,35,255,907.557,1047.071
5615,74,255,1278.041,1049.649
5616,58,255,1522.241,1048.966
5617,20,255,15.200,1047.350
5618,28,255,90.071,1047.321
5619,20,255,101.450,1047.250
5620,59,255,598.381,1048.686
5621,64,255,870.969,1049.031
5622,75,255,891.673,1049.473
5623,53,255,1404.840,1049.236
5624,91,255,1576.038,1050.896
5625,52,255,1311.154,1050.327
5626,103,255,47.422,1052.820
5627,117,255,420.833,1053.415
5628,61,255,715.074,1051.320
5629,61,255,1131.385,1051.779
5630,60,255,198.533,1051.800
5631,80,255,731.288,1052.737
5632,125,255,751.748,1054.708
5633,65,255,490.223,1054.038
5634,62,255,546.403,1053.065
5635,57,255,1040.868,1053.342
5636,85,255,1077.288,1055.088
5637,40,255,1503.275,1052.400
5638,57,255,1290.360,1054.535
5639,26,255,1496.346,1052.692
5640,86,255,25.907,1055.384
5641,46,255,64.783,1055.130
5642,115,255,806.230,1057.083
5643,70,255,659.200,1056.586
5644,82,255,1016.744,1056.829
5645,110,255,1480.791,1057.191
5646,33,255,73.409,1056.500
5647,67,255,599.813,1056.858
5648,115,255,632.048,1060.091
5649,63,255,700.373,1057.167
5650,73,255,832.459,1057.760
5651,64,255,874.172,1057.531
5652,102,255,937.618,1058.843
5653,42,255,233.667,1058.000
5654,45,255,260.656,1057.389
5655,75,255,791.153,1059.260
5656,94,255,907.404,1060.532
5657,44,255,983.568,1057.455
5658,82,255,1054.402,1059.232
5659,82,255,1112.244,1059.707
5660,71,255,115.430,1059.176
5661,26,255,317.192,1057.962
5662,75,255,348.833,1059.473
5663,65,255,776.592,1060.162
5664,21,255,1415.071,1057.881
5665,70,255,456.671,1060.529
5666,84,255,581.500,1061.702
5667,34,255,675.176,1059.059
5668,76,255,859.803,1061.237
5669,48,255,39.604,1061.562
5670,95,255,96.742,1063.279
5671,73,255,150.555,1062.390
5672,116,255,895.060,1064.672
5673,69,255,846.587,1062.399
5674,58,255,132.276,1062.879
5675,68,255,201.221,1062.897
5676,58,255,433.190,1063.276
5677,72,255,648.736,1064.306
5678,27,255,1130.056,1061.537
5679,45,255,549.367,1063.411
5680,29,255,566.086,1063.224
5681,60,255,1086.650,1064.900
5682,97,255,1239.624,1065.510
5683,40,255,9.350,1064.500
5684,43,255,405.640,1064.849
5685,70,255,921.543,1066.457
5686,41,255,987.695,1064.524
5687,46,255,997.457,1064.913
5688,56,255,362.107,1067.018
5689,28,255,705.464,1065.107
5690,53,255,722.085,1066.236
5691,77,255,322.175,1067.929
5692,60,255,535.800,1065.983
5693,71,255,974.120,1067.246
5694,70,255,1265.400,1067.300
5695,139,255,382.363,1072.881
5696,46,255,416.870,1068.196
5697,74,255,468.162,1069.446
5698,65,255,1122.500,1069.362
5699,71,255,1310.486,1069.317
5700,24,255,1383.625,1067.167
5701,35,255,124.443,1068.186
5702,30,255,823.000,1067.467
5703,72,255,1102.472,1069.806
5704,28,255,1302.536,1068.250
5705,95,255,1588.574,1070.595
5706,105,255,1063.233,1072.338
5707,21,255,1479.881,1068.976
5708,46,255,50.500,1070.000
5709,128,255,615.570,1073.305
5710,50,255,744.720,1071.460
5711,40,255,1221.825,1070.750
5712,39,255,1423.628,1070.372
5713,60,255,715.217,1072.817
5714,39,255,755.397,1071.782
5715,136,255,778.699,1076.191
5716,47,255,883.755,1071.798
5717,42,255,1432.143,1072.500
5718,110,255,1041.255,1075.309
5719,55,255,1143.191,1072.736
5720,54,255,1177.278,1074.630
5721,86,255,1281.977,1074.023
5722,32,255,139.219,1073.688
5723,70,255,238.343,1074.371
5724,65,255,566.900,1074.331
5725,61,255,691.270,1074.172
5726,114,255,838.386,1075.140
5727,163,255,1024.377,1077.758
5728,47,255,1081.202,1074.798
5729,47,255,1323.989,1073.606
5730,28,255,1576.429,1072.857
5731,24,255,77.333,1074.375
5732,41,255,199.622,1073.939
5733,112,255,448.839,1077.375
5734,59,255,579.331,1075.737
5735,127,255,600.004,1078.862
5736,68,255,653.618,1075.882
5737,59,255,999.483,1075.076
5738,20,255,1335.250,1073.550
5739,21,255,1488.690,1073.452
5740,59,255,160.822,1076.161
5741,60,255,427.133,1075.417
5742,78,255,549.474,1077.205
5743,70,255,679.543,1077.929
5744,49,255,787.847,1075.969
5745,46,255,802.457,1075.717
5746,27,255,932.685,1074.685
5747,72,255,950.319,1076.056
5748,58,255,1153.621,1076.828
5749,120,255,866.567,1078.050
5750,79,255,964.652,1078.715
5751,20,255,1395.750,1075.100
5752,46,255,10.326,1078.000
5753,54,255,640.352,1077.537
5754,50,255,735.000,1077.660
5755,27,255,264.722,1077.611
5756,68,255,415.044,1080.132
5757,23,255,539.457,1077.587
5758,81,255,490.944,1080.969
5759,23,255,814.500,1078.500
5760,88,255,980.693,1080.830
5761,51,255,1316.167,1080.637
5762,101,255,703.738,1082.421
5763,51,255,907.833,1081.010
5764,133,255,1124.244,1084.177
5765,61,255,33.221,1081.713
5766,187,255,519.281,1085.676
5767,47,255,630.138,1082.266
5768,44,255,669.864,1081.568
5769,33,255,890.500,1081.470
5770,90,255,1076.589,1082.589
5771,40,255,1139.825,1081.000
5772,66,255,1170.152,1082.697
5773,88,255,60.034,1083.557
5774,22,255,78.000,1081.182
5775,55,255,118.027,1082.936
5776,47,255,133.606,1083.266
5777,83,255,246.970,1084.946
5778,41,255,344.427,1083.012
5779,53,255,936.915,1083.406
5780,84,255,1008.083,1085.143
5781,41,255,1094.500,1082.500
5782,36,255,1207.639,1081.806
5783,60,255,1254.883,1083.517
5784,80,255,1469.625,1084.487
5785,43,255,19.337,1083.593
5786,62,255,176.742,1084.871
5787,69,255,535.891,1084.775
5788,46,255,761.457,1083.696
5789,45,255,845.611,1083.544
5790,48,255,883.312,1083.792
5791,60,255,144.550,1085.233
5792,54,255,574.389,1085.389
5793,27,255,744.574,1083.907
5794,44,255,1108.977,1084.591
5795,90,255,1267.289,1086.056
5796,54,255,471.870,1085.981
5797,65,255,1161.223,1087.685
5798,67,255,561.500,1087.381
5799,121,255,1056.599,1089.153
5800,38,255,482.132,1087.895
5801,56,255,947.500,1089.321
5802,28,255,1041.393,1086.857
5803,54,255,1184.630,1087.759
5804,72,255,1356.542,1088.361
5805,35,255,1281.586,1088.043
5806,76,255,1340.395,1090.355
5807,121,255,1374.550,1091.302
5808,39,255,356.218,1088.962
5809,52,255,812.250,1090.115
5810,61,255,1303.828,1090.270
5811,59,255,372.263,1090.822
5812,70,255,438.757,1090.971
5813,69,255,1317.442,1091.312
5814,87,255,1401.764,1091.948
5815,34,255,25.559,1090.853
5816,75,255,223.500,1092.500
5817,39,255,860.833,1091.321
5818,56,255,997.643,1091.946
5819,34,255,1101.235,1091.500
5820,51,255,1195.520,1091.951
5821,56,255,454.357,1093.036
5822,41,255,462.598,1092.646
5823,21,255,591.119,1091.024
5824,75,255,637.220,1093.607
5825,23,255,1089.500,1091.326
5826,48,255,1544.292,1093.000
5827,31,255,841.984,1093.403
5828,69,255,1238.819,1094.138
5829,61,255,1388.172,1094.139
5830,66,255,1414.758,1095.561
5831,88,255,210.591,1095.614
5832,59,255,533.636,1095.449
5833,32,255,571.094,1094.188
5834,27,255,712.130,1093.833
5835,48,255,159.167,1096.354
5836,64,255,238.938,1096.250
5837,36,255,933.056,1096.083
5838,36,255,1117.139,1095.472
5839,82,255,1260.451,1097.256
5840,56,255,1490.321,1096.875
5841,55,255,421.191,1097.209
5842,47,255,493.394,1097.436
5843,51,255,505.912,1097.363
5844,20,255,867.850,1097.450
5845,47,255,1432.904,1097.649
5846,34,255,319.000,1097.794
5847,35,255,472.500,1097.900
5848,25,255,608.940,1097.820
5849,49,255,740.316,1097.786
5850,63,255,1173.294,1097.722
5851,60,255,1207.850,1097.883
5852,37,255,1284.500,1097.878
5853,27,255,15.278,1098.241
5854,24,255,389.708,1098.208
5855,33,255,558.864,1098.197
5856,27,255,1351.722,1098.241
5857,20,255,1564.500,1098.500
5858,22,255,77.182,1098.864
5859,24,255,1335.500,1098.708
