 ,Area,Mean,X,Y
1,62,255,643.887,26.887
2,158,255,516.823,36.291
3,89,255,503.152,34.500
4,105,255,531.252,35.986
5,99,255,456.611,41.015
6,42,255,468.571,42.143
7,69,255,505.384,43.906
8,257,255,1015.018,47.309
9,97,255,1044.593,44.490
10,165,255,1101.827,45.464
11,62,255,1057.290,45.016
12,41,255,1145.695,44.500
13,88,255,1171.784,47.011
14,110,255,1196.691,46.382
15,74,255,1235.716,45.689
16,101,255,653.550,48.431
17,183,255,965.964,50.790
18,131,255,441.905,51.966
19,69,255,997.819,49.891
20,56,255,1135.000,47.893
21,47,255,1152.351,50.138
22,77,255,1162.591,51.123
23,46,255,453.391,51.239
24,97,255,466.655,52.644
25,38,255,498.053,51.289
26,92,255,1087.978,53.033
27,32,255,1034.344,51.281
28,120,255,1121.158,54.275
29,105,255,1225.319,54.624
30,27,255,1253.648,51.870
31,27,255,1042.426,53.167
32,91,255,1053.038,54.720
33,21,255,1026.786,53.929
34,42,255,1104.000,53.857
35,66,255,1140.909,55.879
36,49,255,319.622,57.520
37,162,255,238.475,62.031
38,179,255,221.360,63.662
39,99,255,259.763,60.631
40,37,255,658.176,60.824
41,57,255,206.816,65.114
42,39,255,248.962,66.628
43,24,255,858.875,68.500
44,89,255,1165.253,70.702
45,102,255,759.431,73.049
46,82,255,195.854,74.415
47,61,255,230.025,74.615
48,40,255,1175.275,74.750
49,83,255,65.380,76.139
50,37,255,220.095,75.392
51,201,255,45.908,81.689
52,71,255,183.937,77.796
53,107,255,77.986,79.846
54,257,255,101.636,82.819
55,93,255,774.091,79.844
56,54,255,115.722,78.778
57,103,255,616.053,81.383
58,75,255,58.727,83.487
59,78,255,172.128,84.000
60,179,255,34.969,88.723
61,40,255,154.000,82.875
62,45,255,1160.389,83.678
63,79,255,701.854,86.791
64,24,255,906.833,85.417
65,125,255,121.100,89.116
66,89,255,891.815,89.354
67,55,255,164.173,89.118
68,123,255,180.053,90.500
69,22,255,195.318,88.273
70,74,255,476.622,88.378
71,96,255,835.156,90.052
72,54,255,1110.167,87.500
73,59,255,86.534,88.347
74,170,255,150.306,95.006
75,90,255,1514.567,89.944
76,64,255,69.516,91.875
77,79,255,135.703,92.044
78,68,255,80.706,94.926
79,85,255,1306.688,95.300
80,78,255,1535.000,94.808
81,76,255,652.763,100.513
82,91,255,1448.698,100.269
83,75,255,1038.807,102.700
84,109,255,578.977,104.335
85,106,255,1160.840,106.981
86,58,255,1185.345,105.552
87,76,255,1011.500,108.000
88,43,255,622.128,108.244
89,27,255,262.019,110.981
90,24,255,1127.500,110.000
91,123,255,1316.654,112.825
92,142,255,174.239,118.901
93,43,255,1042.756,116.779
94,50,255,1597.000,119.900
95,79,255,110.247,124.209
96,51,255,1148.637,121.441
97,105,255,837.167,125.471
98,25,255,1300.260,122.300
99,74,255,934.784,125.811
100,110,255,1210.427,128.318
101,64,255,6.375,126.281
102,85,255,698.794,127.935
103,137,255,784.303,127.704
104,72,255,826.819,126.944
105,21,255,1312.119,126.071
106,93,255,1358.995,130.102
107,25,255,1233.260,128.060
108,101,255,503.807,130.619
109,23,255,1106.761,128.283
110,123,255,1292.711,131.175
111,53,255,1346.104,128.594
112,58,255,82.759,130.500
113,54,255,1162.093,130.611
114,113,255,461.049,133.898
115,59,255,1515.975,132.381
116,184,255,1533.250,135.255
117,38,255,196.921,133.184
118,126,255,1047.008,135.468
119,63,255,51.119,136.310
120,137,255,813.712,137.047
121,40,255,1219.950,133.950
122,186,255,700.769,138.995
123,28,255,1114.571,134.429
124,92,255,32.630,140.207
125,128,255,678.367,140.898
126,111,255,980.545,138.779
127,30,255,191.133,136.867
128,33,255,1069.621,137.318
129,180,255,1398.461,140.878
130,114,255,207.649,143.000
131,52,255,250.731,139.385
132,123,255,840.199,141.614
133,50,255,5.820,141.160
134,58,255,70.724,140.172
135,140,255,97.707,142.407
136,98,255,424.888,141.184
137,106,255,785.585,140.896
138,116,255,1144.983,142.103
139,182,255,1481.044,141.549
140,35,255,747.757,141.814
141,92,255,1089.533,142.837
142,89,255,884.118,145.039
143,81,255,1111.599,144.660
144,138,255,1317.812,146.297
145,216,255,1284.537,148.801
146,73,255,52.363,146.568
147,101,255,1343.292,147.965
148,114,255,726.088,149.447
149,102,255,1358.912,148.314
150,105,255,1374.938,147.900
151,30,255,184.733,148.633
152,164,255,715.506,154.799
153,82,255,979.134,150.085
154,37,255,637.554,148.932
155,104,255,1158.423,150.875
156,69,255,94.399,152.703
157,38,255,202.632,150.553
158,65,255,1498.500,150.546
159,143,255,610.241,155.612
160,80,255,1245.525,154.375
161,55,255,1385.191,153.027
162,137,255,1464.967,154.047
163,58,255,42.414,154.190
164,135,255,754.389,157.722
165,82,255,893.622,154.695
166,93,255,1413.683,155.478
167,123,255,1553.467,155.150
168,104,255,582.663,157.087
169,54,255,159.056,157.370
170,68,255,543.676,157.735
171,87,255,1014.994,159.822
172,56,255,1236.946,157.482
173,146,255,1571.966,161.240
174,121,255,210.723,159.153
175,20,255,879.900,155.850
176,87,255,998.684,158.190
177,145,255,1280.610,160.217
178,82,255,1484.756,158.317
179,76,255,148.553,161.474
180,53,255,267.764,160.519
181,156,255,287.474,162.628
182,156,255,776.468,164.673
183,114,255,808.228,161.228
184,73,255,1425.377,159.568
185,112,255,1198.098,161.946
186,111,255,1221.284,160.986
187,55,255,113.445,162.064
188,103,255,177.888,162.209
189,48,255,921.312,160.854
190,121,255,464.004,165.269
191,76,255,623.605,163.382
192,83,255,1166.705,162.440
193,51,255,1339.225,161.755
194,97,255,1495.985,164.098
195,105,255,1293.643,164.071
196,156,255,1389.173,167.250
197,55,255,188.136,163.500
198,101,255,636.203,165.203
199,97,255,1556.613,164.644
200,69,255,34.036,166.529
201,142,255,574.232,167.190
202,62,255,1589.226,166.210
203,135,255,736.419,170.389
204,53,255,1210.066,165.236
205,70,255,1536.643,167.714
206,114,255,522.500,169.728
207,84,255,612.893,166.976
208,108,255,877.009,169.417
209,132,255,953.561,171.485
210,106,255,989.358,170.075
211,147,255,70.221,171.976
212,48,255,1107.708,168.521
213,172,255,543.581,177.860
214,97,255,552.263,171.840
215,88,255,1146.193,169.080
216,55,255,1269.264,168.700
217,101,255,1341.153,170.926
218,114,255,1527.772,171.500
219,121,255,40.459,174.393
220,107,255,800.827,172.519
221,167,255,1232.817,171.979
222,103,255,1479.160,171.490
223,90,255,180.544,172.700
224,124,255,1064.952,174.782
225,102,255,1358.814,173.980
226,147,255,1371.663,177.731
227,67,255,505.530,174.769
228,104,255,888.029,175.212
229,92,255,1328.587,174.772
230,128,255,1513.305,177.352
231,81,255,607.105,176.809
232,117,255,661.363,177.218
233,201,255,1028.455,178.853
234,177,255,647.585,181.749
235,130,255,1103.262,180.146
236,83,255,1437.259,175.584
237,138,255,1554.181,177.420
238,91,255,1090.797,176.720
239,60,255,617.567,178.283
240,124,255,812.081,181.306
241,60,255,828.683,179.883
242,109,255,1160.069,179.500
243,107,255,1499.706,179.098
244,63,255,272.865,180.071
245,115,255,527.091,180.578
246,103,255,596.354,180.539
247,81,255,678.315,180.068
248,157,255,461.545,184.252
249,91,255,49.236,182.467
250,91,255,1237.489,181.412
251,74,255,450.473,182.743
252,124,255,726.734,184.258
253,75,255,782.380,183.060
254,127,255,795.571,186.815
255,110,255,1123.727,184.545
256,117,255,1420.415,185.483
257,35,255,1467.614,181.643
258,52,255,1018.423,184.250
259,74,255,1048.432,183.230
260,48,255,1475.167,183.688
261,85,255,1537.159,183.582
262,83,255,1585.380,184.849
263,128,255,1002.773,186.516
264,62,255,1081.855,185.839
265,82,255,1201.061,187.122
266,106,255,1398.377,185.368
267,108,255,886.287,187.028
268,27,255,910.315,185.315
269,93,255,1224.726,186.306
270,121,255,502.781,189.566
271,114,255,684.465,189.053
272,137,255,864.135,187.807
273,92,255,1190.337,189.130
274,94,255,1563.351,188.266
275,97,255,365.418,190.490
276,192,255,831.948,196.375
277,158,255,1288.741,189.772
278,141,255,1479.387,193.067
279,62,255,161.097,190.016
280,124,255,385.395,193.145
281,119,255,757.954,191.660
282,78,255,1068.269,189.256
283,89,255,302.893,191.152
284,23,255,1350.500,188.326
285,83,255,1379.078,191.319
286,57,255,513.096,192.044
287,118,255,699.525,194.415
288,113,255,62.164,193.783
289,36,255,207.083,192.694
290,74,255,444.811,192.689
291,59,255,1008.992,193.280
292,23,255,1054.804,191.457
293,178,255,1215.270,195.798
294,112,255,1244.616,195.634
295,138,255,744.181,197.174
296,97,255,1162.552,194.191
297,157,255,1495.729,196.207
298,75,255,1529.287,193.327
299,269,255,430.742,202.823
300,148,255,594.236,197.919
301,94,255,900.383,197.755
302,135,255,1142.900,195.181
303,55,255,1234.318,194.282
304,190,255,1341.126,197.768
305,130,255,518.869,199.077
306,85,255,582.476,197.441
307,123,255,852.451,199.069
308,119,255,876.534,197.357
309,67,255,1273.933,195.306
310,111,255,165.599,198.527
311,96,255,454.562,196.906
312,79,255,811.766,197.614
313,51,255,933.892,196.284
314,109,255,1369.482,198.601
315,264,255,732.784,205.167
316,50,255,843.740,199.540
317,230,255,1018.765,201.317
318,115,255,1302.691,202.039
319,122,255,1459.631,201.721
320,181,255,1570.865,200.428
321,115,255,688.100,202.857
322,44,255,890.295,197.614
323,88,255,996.932,199.068
324,191,255,665.704,204.788
325,122,255,946.926,202.631
326,77,255,957.734,200.370
327,65,255,294.762,201.562
328,145,255,329.921,203.376
329,102,255,360.451,202.127
330,104,255,610.356,203.587
331,91,255,909.764,202.137
332,99,255,1176.854,201.187
333,92,255,441.293,202.804
334,73,255,1538.842,201.281
335,118,255,1421.381,204.449
336,100,255,315.800,205.810
337,117,255,1049.021,205.286
338,84,255,1093.655,204.512
339,105,255,1323.062,205.595
340,85,255,1481.771,204.829
341,136,255,1548.088,207.816
342,121,255,378.698,207.839
343,76,255,491.342,204.842
344,98,255,766.561,206.643
345,60,255,923.017,204.850
346,145,255,978.086,208.845
347,154,255,476.701,209.968
348,116,255,541.922,207.319
349,69,255,794.862,206.152
350,21,255,933.833,203.643
351,81,255,1261.685,204.809
352,59,255,1291.008,205.059
353,133,255,1469.274,209.425
354,121,255,242.029,208.500
355,70,255,815.314,207.729
356,88,255,158.625,209.057
357,100,255,280.910,209.270
358,231,255,576.206,214.097
359,129,255,705.043,210.864
360,90,255,888.033,207.833
361,57,255,1110.149,207.395
362,157,255,1497.723,210.124
363,56,255,1596.214,206.929
364,98,255,212.827,210.367
365,181,255,601.373,215.262
366,122,255,636.033,212.443
367,44,255,680.136,208.614
368,95,255,1119.395,210.195
369,121,255,1248.864,210.087
370,42,255,1392.810,207.500
371,179,255,1523.265,213.277
372,42,255,1132.167,208.429
373,144,255,1336.389,210.799
374,86,255,116.895,211.488
375,107,255,169.023,211.864
376,55,255,345.136,210.682
377,94,255,861.000,211.170
378,60,255,1161.833,210.417
379,96,255,1198.344,211.698
380,124,255,1430.677,211.629
381,143,255,527.913,214.878
382,30,255,1406.067,209.867
383,87,255,785.305,212.845
384,85,255,906.829,214.535
385,78,255,961.179,212.756
386,91,255,1569.929,213.764
387,158,255,310.797,217.519
388,77,255,565.643,216.201
389,70,255,758.671,215.429
390,91,255,1230.038,215.445
391,38,255,1315.895,213.000
392,119,255,1372.113,217.618
393,177,255,1446.093,217.607
394,93,255,1588.919,217.167
395,90,255,3.789,217.389
396,225,255,20.487,225.722
397,24,255,1040.708,213.208
398,82,255,253.378,217.793
399,146,255,550.507,219.404
400,109,255,647.133,219.711
401,89,255,795.646,218.534
402,107,255,1211.014,216.836
403,54,255,1597.593,218.093
404,306,255,208.203,226.438
405,106,255,286.604,219.330
406,175,255,297.620,224.357
407,206,255,394.578,224.718
408,141,255,685.301,221.869
409,165,255,770.718,220.815
410,45,255,928.967,216.389
411,41,255,1266.329,216.354
412,93,255,1302.661,217.640
413,132,255,354.144,222.167
414,61,255,1109.762,220.828
415,132,255,1284.803,222.500
416,60,255,244.583,219.850
417,82,255,468.573,221.293
418,46,255,722.696,218.304
419,99,255,818.258,221.056
420,142,255,1486.831,222.331
421,71,255,626.232,223.035
422,94,255,748.468,222.245
423,127,255,869.421,223.602
424,112,255,1077.420,222.848
425,165,255,1409.488,223.961
426,67,255,102.485,221.739
427,90,255,457.600,222.822
428,92,255,382.033,224.315
429,219,255,439.409,230.989
430,123,255,705.947,223.793
431,158,255,738.816,227.563
432,120,255,887.958,224.167
433,108,255,1272.352,224.000
434,26,255,1538.769,221.731
435,96,255,189.844,225.021
436,165,255,507.524,228.264
437,86,255,1573.698,223.326
438,97,255,266.232,226.077
439,103,255,849.073,225.976
440,64,255,921.531,224.062
441,70,255,1357.800,223.971
442,40,255,1037.650,224.100
443,117,255,662.611,229.295
444,34,255,953.147,225.676
445,28,255,1338.714,224.571
446,95,255,112.689,228.289
447,62,255,274.339,228.677
448,127,255,404.909,230.028
449,128,255,1093.344,228.906
450,115,255,1245.109,228.700
451,71,255,1394.627,226.641
452,120,255,778.925,230.633
453,133,255,1512.335,229.778
454,125,255,1548.060,231.708
455,76,255,1586.895,228.329
456,22,255,238.227,227.682
457,113,255,715.447,232.394
458,237,255,807.103,235.192
459,92,255,1173.402,230.533
460,132,255,1561.235,232.826
461,82,255,137.293,232.220
462,208,255,315.990,236.817
463,100,255,340.030,232.030
464,122,255,1259.041,232.025
465,142,255,125.979,236.521
466,150,255,147.620,237.620
467,104,255,193.298,234.462
468,215,255,420.653,237.133
469,107,255,547.014,234.201
470,116,255,651.595,236.276
471,51,255,694.167,232.873
472,124,255,790.911,235.944
473,182,255,921.192,238.879
474,184,255,1013.424,238.027
475,24,255,1328.292,230.708
476,167,255,1473.512,233.997
477,80,255,101.950,233.887
478,82,255,533.146,234.195
479,52,255,609.981,233.212
480,154,255,375.506,240.435
481,158,255,456.766,238.867
482,96,255,623.979,235.771
483,86,255,955.581,234.221
484,66,255,1315.364,234.879
485,47,255,38.521,235.628
486,118,255,90.288,237.966
487,129,255,232.702,238.740
488,66,255,1058.924,236.773
489,385,255,51.952,245.929
490,133,255,167.184,241.327
491,148,255,481.007,238.054
492,248,255,564.984,243.161
493,82,255,588.085,240.427
494,74,255,1069.959,240.122
495,61,255,1153.598,237.828
496,76,255,1304.724,237.355
497,29,255,636.086,237.500
498,104,255,972.769,240.615
499,91,255,252.962,242.456
500,41,255,910.280,238.817
501,67,255,1128.590,240.067
502,190,255,349.558,246.879
503,111,255,517.851,242.464
504,85,255,597.312,242.971
505,124,255,988.524,244.427
506,182,255,74.016,245.797
507,89,255,396.140,242.893
508,170,255,700.776,245.018
509,117,255,872.782,243.355
510,118,255,945.703,244.483
511,58,255,1042.897,240.793
512,66,255,1538.030,241.924
513,24,255,1598.542,241.833
514,56,255,610.893,241.589
515,108,255,688.389,244.148
516,177,255,734.845,248.172
517,132,255,768.720,245.871
518,24,255,999.417,241.792
519,190,255,1104.637,245.858
520,92,255,1228.957,243.739
521,103,255,109.083,245.199
522,81,255,1144.586,243.994
523,59,255,1217.297,242.771
524,96,255,1355.427,244.198
525,153,255,1328.127,246.801
526,284,255,263.165,251.975
527,89,255,339.365,246.904
528,102,255,628.343,246.980
529,127,255,581.768,249.791
530,109,255,641.362,248.023
531,147,255,1052.473,248.854
532,88,255,1527.682,248.341
533,87,255,21.753,249.684
534,135,255,1580.930,249.952
535,147,255,293.044,253.099
536,128,255,841.680,251.547
537,56,255,1418.964,248.500
538,266,255,94.643,255.143
539,150,255,200.520,254.247
540,109,255,220.307,252.748
541,205,255,666.710,253.876
542,97,255,863.923,252.716
543,111,255,143.887,251.995
544,134,255,853.500,253.806
545,88,255,1037.500,251.000
546,108,255,1136.019,251.120
547,98,255,1440.214,250.337
548,110,255,155.555,253.427
549,132,255,404.000,256.598
550,126,255,5.643,256.246
551,221,255,535.007,260.052
552,158,255,888.722,257.082
553,90,255,971.622,253.833
554,129,255,1024.391,255.221
555,218,255,1201.628,257.436
556,50,255,1510.140,251.820
557,139,255,1541.651,255.162
558,168,255,386.929,258.429
559,83,255,1236.572,252.789
560,118,255,451.525,257.398
561,147,255,507.793,258.582
562,242,255,717.579,262.599
563,106,255,954.585,256.264
564,203,255,1268.116,260.007
565,82,255,333.634,258.171
566,119,255,748.887,258.441
567,80,255,1166.325,255.387
568,62,255,1369.871,256.129
569,216,255,355.153,264.694
570,151,255,792.937,260.321
571,55,255,1318.082,256.173
572,118,255,280.525,259.356
573,30,255,371.900,256.167
574,69,255,1124.717,257.007
575,291,255,115.923,265.125
576,126,255,209.159,262.262
577,100,255,1148.500,260.120
578,45,255,1569.789,257.233
579,69,255,185.514,260.080
580,43,255,438.058,258.919
581,118,255,814.297,262.856
582,151,255,921.599,261.328
583,79,255,1174.538,261.589
584,91,255,1351.544,260.918
585,149,255,1493.923,261.950
586,159,255,1595.406,265.110
587,103,255,13.422,264.694
588,115,255,175.152,263.639
589,88,255,493.977,262.375
590,102,255,629.833,265.784
591,124,255,683.210,266.274
592,175,255,987.460,267.323
593,117,255,1422.756,263.551
594,273,255,152.350,272.826
595,120,255,874.233,266.158
596,59,255,903.737,263.025
597,142,255,962.641,268.683
598,143,255,1293.619,264.892
599,144,255,589.611,268.625
600,102,255,44.843,267.206
601,107,255,340.257,268.696
602,129,255,1234.438,266.895
603,129,255,224.159,269.694
604,131,255,441.744,270.004
605,151,255,558.705,270.136
606,141,255,698.089,269.330
607,83,255,56.705,270.717
608,118,255,192.161,269.593
609,81,255,1315.389,267.623
610,31,255,1334.435,265.565
611,60,255,1450.100,266.833
612,127,255,1100.154,271.130
613,24,255,1400.625,266.292
614,182,255,70.764,272.242
615,116,255,1068.793,271.647
616,59,255,1078.483,270.110
617,172,255,1469.808,272.785
618,101,255,274.995,272.500
619,132,255,322.871,274.962
620,143,255,464.717,273.360
621,98,255,498.255,272.071
622,73,255,1162.377,270.842
623,74,255,1186.338,270.027
624,232,255,28.552,276.422
625,70,255,571.757,273.071
626,130,255,851.654,274.338
627,122,255,656.197,274.869
628,97,255,948.469,274.253
629,80,255,1301.263,273.250
630,159,255,476.796,277.953
631,28,255,520.179,272.393
632,69,255,1241.630,276.210
633,118,255,1257.763,277.161
634,82,255,377.549,278.244
635,136,255,606.515,278.235
636,85,255,710.818,277.312
637,189,255,790.701,279.706
638,229,255,923.474,279.063
639,69,255,548.152,277.326
640,108,255,827.806,278.685
641,89,255,1365.612,277.051
642,154,255,405.494,281.773
643,69,255,1171.877,276.804
644,92,255,1326.141,277.467
645,82,255,757.744,279.854
646,136,255,865.647,281.676
647,61,255,1285.877,277.090
648,109,255,98.353,282.601
649,121,255,255.897,283.161
650,128,255,304.172,283.031
651,154,255,387.097,283.045
652,152,255,416.309,285.217
653,113,255,769.066,282.925
654,89,255,1130.118,280.635
655,109,255,1206.106,279.931
656,94,255,1401.606,280.447
657,90,255,1584.189,281.044
658,222,255,215.590,282.532
659,121,255,457.467,284.252
660,75,255,840.553,281.553
661,93,255,1144.489,281.565
662,71,255,45.458,282.599
663,157,255,77.838,286.182
664,147,255,125.956,285.344
665,62,255,141.226,281.145
666,96,255,268.969,283.542
667,107,255,331.864,284.547
668,110,255,691.900,284.245
669,92,255,1187.707,282.304
670,47,255,1235.160,280.904
671,62,255,1436.742,283.129
672,227,255,640.363,290.619
673,120,255,816.792,285.767
674,117,255,1268.449,284.150
675,89,255,430.601,286.972
676,33,255,440.409,281.955
677,98,255,673.245,285.429
678,152,255,941.237,287.454
679,192,255,317.839,293.458
680,141,255,618.252,288.287
681,167,255,738.344,288.488
682,84,255,995.024,285.060
683,128,255,360.117,289.633
684,78,255,484.936,287.808
685,105,255,504.195,288.433
686,27,255,1155.759,284.574
687,66,255,1170.061,285.333
688,101,255,1221.569,287.114
689,99,255,1562.369,287.419
690,86,255,294.477,288.116
691,124,255,899.153,290.363
692,126,255,1041.357,287.833
693,202,255,1551.119,292.064
694,75,255,279.420,289.087
695,168,255,372.798,292.530
696,94,255,539.628,289.330
697,64,255,1053.719,288.438
698,67,255,106.799,289.037
699,68,255,656.044,289.824
700,76,255,971.132,288.855
701,64,255,39.719,289.609
702,109,255,987.445,293.087
703,122,255,580.246,292.311
704,142,255,666.634,296.113
705,107,255,1002.995,293.173
706,48,255,117.104,290.729
707,105,255,805.319,293.519
708,173,255,849.512,296.171
709,95,255,887.068,293.342
710,70,255,1094.129,292.514
711,95,255,1233.816,292.584
712,84,255,1298.155,292.095
713,110,255,1314.018,293.109
714,126,255,1584.429,292.881
715,212,255,141.915,296.377
716,126,255,191.873,294.937
717,57,255,309.447,293.763
718,177,255,498.161,298.709
719,171,255,684.652,296.091
720,142,255,876.732,296.972
721,127,255,170.437,297.941
722,99,255,520.894,296.237
723,120,255,1143.583,294.667
724,61,255,1376.139,292.697
725,67,255,1395.366,293.187
726,93,255,1419.737,293.876
727,42,255,1524.071,293.333
728,193,255,730.883,303.049
729,84,255,1066.274,294.702
730,57,255,1106.868,294.640
731,176,255,55.574,301.261
732,123,255,263.402,299.321
733,142,255,457.479,300.662
734,126,255,715.151,299.849
735,114,255,768.605,298.114
736,59,255,1249.822,296.398
737,166,255,533.048,304.247
738,78,255,571.474,299.923
739,30,255,1028.500,295.167
740,79,255,1351.335,297.627
741,121,255,207.831,301.855
742,127,255,116.547,302.012
743,123,255,297.541,302.630
744,181,255,379.494,305.340
745,59,255,556.975,299.432
746,170,255,756.859,304.124
747,49,255,966.092,299.010
748,137,255,1286.763,301.923
749,21,255,1453.595,298.643
750,30,255,1472.100,297.800
751,88,255,80.295,302.034
752,99,255,441.571,303.146
753,159,255,832.708,304.349
754,105,255,1021.871,303.329
755,116,255,1047.267,304.198
756,74,255,1071.446,302.851
757,44,255,1155.909,300.614
758,161,255,20.929,307.606
759,138,255,341.493,305.072
760,94,255,179.340,305.723
761,48,255,609.417,301.583
762,114,255,1207.544,305.079
763,79,255,1578.082,303.981
764,55,255,1597.773,304.827
765,100,255,251.890,307.710
766,70,255,909.300,304.514
767,22,255,1215.773,301.409
768,190,255,105.058,308.000
769,47,255,157.479,304.160
770,40,255,744.425,303.450
771,32,255,920.531,303.344
772,97,255,988.345,304.830
773,35,255,1097.643,303.471
774,82,255,1125.268,304.646
775,52,255,1174.135,303.173
776,338,255,223.686,310.015
777,156,255,471.423,311.660
778,224,255,645.549,311.312
779,158,255,778.892,307.658
780,145,255,809.790,307.817
781,189,255,863.881,308.183
782,107,255,959.762,307.117
783,129,255,1184.027,309.531
784,65,255,1308.608,305.054
785,145,255,794.072,310.941
786,72,255,887.431,307.903
787,94,255,1563.777,306.617
788,102,255,589.980,309.059
789,56,255,936.321,305.821
790,149,255,1250.138,309.916
791,154,255,285.260,312.370
792,91,255,605.852,308.830
793,88,255,1325.682,310.330
794,68,255,1390.588,308.162
795,110,255,544.445,313.145
796,193,255,569.453,315.422
797,114,255,950.649,313.219
798,97,255,1117.974,311.789
799,108,255,1539.741,311.731
800,101,255,621.203,313.361
801,74,255,1096.973,311.297
802,31,255,147.952,311.306
803,70,255,166.743,313.957
804,140,255,359.486,317.164
805,107,255,658.575,316.023
806,128,255,1144.961,314.086
807,59,255,1340.246,312.127
808,48,255,4.896,312.979
809,149,255,81.641,319.211
810,93,255,898.435,313.532
811,56,255,917.321,313.875
812,54,255,1028.667,312.741
813,22,255,271.273,312.455
814,31,255,428.177,312.694
815,75,255,441.993,315.113
816,34,255,555.324,314.676
817,127,255,716.319,316.492
818,60,255,1237.750,314.717
819,163,255,139.083,318.279
820,153,255,1066.330,319.343
821,78,255,1078.141,315.231
822,108,255,1223.296,318.213
823,125,255,510.980,319.364
824,83,255,612.404,319.018
825,158,255,700.696,320.285
826,176,255,906.256,326.170
827,158,255,934.361,321.709
828,61,255,1312.385,315.844
829,91,255,830.643,318.203
830,158,255,979.063,319.165
831,107,255,1466.379,319.593
832,39,255,1525.090,316.141
833,72,255,256.861,320.667
834,111,255,405.743,322.635
835,216,255,63.449,325.569
836,189,255,486.611,324.664
837,189,255,684.706,322.521
838,36,255,1014.250,318.361
839,150,255,459.360,326.093
840,76,255,594.382,322.066
841,132,255,872.765,324.288
842,122,255,126.984,324.918
843,56,255,268.214,321.429
844,149,255,325.869,326.023
845,83,255,1491.355,321.645
846,39,255,150.577,322.679
847,52,255,1572.558,322.750
848,179,255,169.656,326.053
849,52,255,1185.596,323.365
850,73,255,1212.979,325.610
851,156,255,202.603,327.224
852,147,255,380.323,329.752
853,113,255,537.429,327.013
854,120,255,648.783,329.675
855,146,255,822.411,327.952
856,73,255,920.158,325.308
857,60,255,1000.400,325.567
858,101,255,1053.975,324.955
859,40,255,219.750,325.175
860,120,255,278.158,328.817
861,25,255,1384.340,324.060
862,25,255,1582.820,323.260
863,134,255,290.455,329.955
864,149,255,800.983,329.587
865,80,255,1543.475,325.863
866,130,255,21.246,331.300
867,208,255,240.712,331.740
868,169,255,430.435,330.967
869,123,255,622.654,331.785
870,145,255,718.017,329.638
871,79,255,737.424,328.576
872,107,255,1017.042,329.640
873,44,255,1121.977,327.136
874,71,255,1198.627,326.472
875,59,255,1279.754,327.127
876,52,255,1304.019,326.865
877,185,255,261.943,332.770
878,146,255,363.747,333.425
879,85,255,780.829,331.606
880,74,255,1113.486,331.365
881,142,255,1522.585,332.592
882,126,255,525.944,333.659
883,62,255,990.532,330.710
884,76,255,1103.882,331.829
885,49,255,1354.602,329.480
886,179,255,35.729,333.992
887,206,255,510.956,337.641
888,217,255,763.514,335.763
889,63,255,1224.278,331.833
890,120,255,1319.000,333.042
891,93,255,1452.984,332.091
892,82,255,1558.000,332.500
893,30,255,342.500,331.967
894,156,255,49.141,337.231
895,147,255,192.112,336.221
896,139,255,747.831,336.090
897,42,255,1246.929,332.310
898,128,255,77.750,336.938
899,128,255,564.992,336.648
900,85,255,1416.229,335.135
901,141,255,609.628,337.103
902,129,255,836.252,339.570
903,173,255,864.251,338.153
904,34,255,1262.029,334.265
905,161,255,212.202,346.283
906,176,255,407.955,341.369
907,57,255,1007.500,335.412
908,112,255,1201.652,336.946
909,75,255,1376.527,338.033
910,94,255,1438.340,338.936
911,96,255,494.667,339.948
912,134,255,1068.328,340.261
913,86,255,1146.802,337.849
914,154,255,4.870,342.961
915,433,255,113.260,346.449
916,193,255,145.598,344.313
917,60,255,231.300,338.617
918,158,255,315.994,343.000
919,120,255,733.300,341.808
920,163,255,961.310,341.126
921,123,255,1228.484,341.215
922,152,255,160.158,343.112
923,120,255,304.325,344.025
924,141,255,331.230,342.543
925,134,255,789.440,343.269
926,107,255,1032.341,341.472
927,42,255,176.952,340.024
928,73,255,1136.212,340.240
929,74,255,803.446,342.324
930,125,255,903.540,342.540
931,105,255,1049.052,343.062
932,61,255,1212.877,341.566
933,87,255,1398.362,340.466
934,22,255,341.045,341.091
935,134,255,653.888,346.993
936,125,255,1166.212,345.348
937,150,255,1247.373,344.267
938,123,255,1502.874,344.622
939,64,255,1565.766,342.688
940,65,255,294.731,345.546
941,147,255,387.949,348.201
942,193,255,853.132,349.588
943,51,255,919.363,342.284
944,94,255,998.298,344.851
945,75,255,945.300,345.927
946,120,255,982.742,348.308
947,94,255,1290.287,345.862
948,107,255,1544.659,345.855
949,130,255,456.423,349.054
950,152,255,1185.303,348.822
951,72,255,1262.889,345.347
952,102,255,549.735,348.559
953,155,255,777.584,350.719
954,80,255,843.200,348.137
955,108,255,934.843,348.556
956,141,255,1328.848,349.663
957,37,255,230.284,347.014
958,34,255,268.088,346.765
959,114,255,578.491,350.640
960,166,255,696.861,352.410
961,154,255,885.481,351.071
962,54,255,1276.426,346.481
963,161,255,358.618,353.531
964,137,255,806.690,352.047
965,112,255,1098.509,351.205
966,110,255,73.155,352.018
967,179,255,252.115,355.601
968,66,255,666.136,351.061
969,133,255,911.523,355.447
970,90,255,1013.744,352.411
971,89,255,1124.792,350.455
972,137,255,481.274,354.084
973,162,255,1590.296,354.494
974,115,255,28.804,356.083
975,147,255,590.575,356.037
976,34,255,613.676,352.500
977,136,255,717.419,355.096
978,177,255,441.969,359.545
979,95,255,970.226,353.963
980,79,255,1114.019,354.399
981,71,255,1208.641,353.993
982,96,255,131.281,357.615
983,91,255,529.203,357.258
984,212,255,222.189,360.231
985,194,255,235.933,362.485
986,152,255,417.382,359.941
987,119,255,1026.634,357.147
988,32,255,1301.438,353.719
989,169,255,94.849,359.695
990,95,255,378.016,358.742
991,103,255,539.034,358.286
992,160,255,674.869,359.462
993,87,255,1155.960,356.500
994,196,255,18.633,362.791
995,158,255,65.513,362.424
996,80,255,639.212,358.488
997,117,255,817.654,359.850
998,98,255,1453.990,358.051
999,104,255,1571.010,358.317
1000,200,255,493.300,364.510
1001,107,255,509.201,361.332
1002,89,255,955.556,360.410
1003,114,255,999.816,360.114
1004,98,255,1070.357,359.857
1005,49,255,1398.602,357.316
1006,87,255,200.615,362.730
1007,145,255,288.603,363.803
1008,123,255,560.240,361.801
1009,114,255,762.289,361.746
1010,87,255,927.649,359.259
1011,20,255,1286.350,357.200
1012,56,255,1308.357,359.946
1013,110,255,104.718,363.682
1014,173,255,899.303,365.627
1015,34,255,1419.618,358.882
1016,143,255,300.563,366.409
1017,89,255,648.309,363.410
1018,114,255,789.123,364.053
1019,145,255,1081.686,366.417
1020,60,255,1273.300,360.600
1021,40,255,1478.050,361.400
1022,56,255,151.500,363.589
1023,222,255,617.459,367.788
1024,102,255,725.451,364.078
1025,82,255,974.439,363.585
1026,58,255,1225.000,363.897
1027,102,255,407.598,366.618
1028,57,255,1106.974,364.500
1029,74,255,1288.270,365.486
1030,257,255,267.718,373.235
1031,102,255,353.686,369.265
1032,121,255,662.483,370.343
1033,122,255,839.475,367.918
1034,95,255,182.311,368.500
1035,110,255,396.673,369.018
1036,82,255,688.939,368.817
1037,153,255,856.317,368.977
1038,113,255,1195.465,368.553
1039,27,255,1256.167,365.204
1040,146,255,452.370,370.904
1041,172,255,468.297,370.459
1042,112,255,702.277,368.366
1043,82,255,779.134,368.500
1044,80,255,637.337,368.913
1045,117,255,1122.979,370.107
1046,231,255,755.729,375.764
1047,184,255,870.587,373.326
1048,154,255,931.487,373.695
1049,99,255,1239.944,370.854
1050,33,255,1471.924,369.682
1051,284,255,166.574,377.060
1052,63,255,676.230,372.897
1053,122,255,1034.467,374.418
1054,139,255,77.176,377.277
1055,87,255,319.649,374.925
1056,128,255,604.195,377.680
1057,153,255,823.905,377.663
1058,37,255,1266.338,371.770
1059,69,255,382.761,375.746
1060,87,255,1064.190,375.443
1061,101,255,1094.401,375.282
1062,87,255,1110.557,376.236
1063,49,255,24.194,374.276
1064,161,255,144.512,378.953
1065,162,255,362.870,380.383
1066,52,255,528.981,374.712
1067,128,255,777.102,379.727
1068,81,255,964.932,376.191
1069,103,255,986.383,376.801
1070,30,255,1315.033,374.300
1071,28,255,424.714,377.214
1072,100,255,1147.170,377.910
1073,62,255,1218.532,376.613
1074,20,255,1203.250,376.650
1075,149,255,1495.205,383.359
1076,287,255,297.988,382.991
1077,141,255,332.273,382.316
1078,165,255,433.561,383.948
1079,147,255,741.017,382.663
1080,80,255,834.962,380.137
1081,119,255,879.298,381.769
1082,33,255,1170.864,378.682
1083,113,255,187.350,383.827
1084,57,255,252.535,380.570
1085,122,255,394.541,384.221
1086,202,255,568.163,383.134
1087,94,255,670.500,381.745
1088,133,255,716.793,383.305
1089,91,255,1280.995,382.753
1090,26,255,1536.808,379.000
1091,169,255,588.287,384.358
1092,113,255,805.332,383.571
1093,187,255,56.265,386.773
1094,152,255,408.664,386.342
1095,224,255,515.723,390.696
1096,81,255,619.451,383.389
1097,190,255,635.811,385.379
1098,91,255,1024.753,383.632
1099,176,255,10.267,389.807
1100,114,255,342.772,385.061
1101,71,255,531.232,383.514
1102,138,255,908.993,385.094
1103,108,255,134.870,389.278
1104,94,255,1009.989,387.138
1105,60,255,1098.117,385.683
1106,153,255,1452.363,388.415
1107,61,255,92.959,386.434
1108,104,255,385.817,389.135
1109,129,255,541.973,388.872
1110,128,255,942.117,390.039
1111,67,255,955.187,385.381
1112,94,255,664.660,390.468
1113,95,255,852.595,389.121
1114,320,255,32.031,399.125
1115,212,255,212.113,394.344
1116,125,255,254.996,388.932
1117,86,255,466.500,391.012
1118,148,255,694.973,390.811
1119,50,255,814.080,390.760
1120,134,255,897.963,392.224
1121,127,255,1060.059,390.531
1122,174,255,108.057,394.155
1123,63,255,995.167,389.881
1124,97,255,1421.015,389.541
1125,96,255,309.021,392.635
1126,21,255,1207.500,388.167
1127,61,255,1251.680,390.221
1128,44,255,1295.682,389.045
1129,83,255,1379.127,390.886
1130,199,255,86.686,397.088
1131,151,255,154.368,396.321
1132,89,255,346.893,394.399
1133,121,255,596.698,395.599
1134,166,255,858.608,396.831
1135,162,255,1037.932,395.679
1136,65,255,1048.408,392.869
1137,107,255,367.033,394.079
1138,151,255,776.089,397.017
1139,149,255,1092.581,395.258
1140,111,255,442.500,397.662
1141,187,255,493.591,399.612
1142,92,255,838.185,396.413
1143,44,255,1105.114,394.341
1144,36,255,1131.972,393.528
1145,86,255,1322.000,394.733
1146,61,255,561.877,395.811
1147,71,255,801.993,395.993
1148,82,255,820.768,397.390
1149,152,255,62.901,402.033
1150,129,255,178.523,399.864
1151,124,255,474.444,399.645
1152,52,255,261.077,396.885
1153,321,255,647.864,407.245
1154,121,255,884.252,399.045
1155,105,255,932.710,399.919
1156,51,255,1124.422,396.833
1157,56,255,1216.000,396.786
1158,197,255,754.815,401.754
1159,21,255,1236.881,396.500
1160,175,255,273.929,405.906
1161,117,255,374.107,403.765
1162,164,255,915.756,401.165
1163,68,255,1114.676,399.309
1164,30,255,1514.500,397.200
1165,82,255,132.634,401.244
1166,118,255,292.314,404.627
1167,131,255,403.134,404.088
1168,114,255,535.018,402.553
1169,72,255,791.903,400.264
1170,188,255,253.399,407.590
1171,152,255,425.645,406.842
1172,134,255,462.769,405.015
1173,67,255,1180.828,401.291
1174,107,255,450.650,406.547
1175,105,255,613.881,405.852
1176,52,255,663.058,402.885
1177,69,255,1523.703,403.703
1178,133,255,1556.117,405.598
1179,34,255,122.000,403.588
1180,107,255,330.154,407.584
1181,94,255,550.489,406.819
1182,63,255,580.310,403.579
1183,107,255,1148.743,405.818
1184,142,255,168.310,409.634
1185,49,255,204.031,407.990
1186,110,255,803.536,409.936
1187,120,255,871.475,409.367
1188,83,255,962.283,406.572
1189,54,255,1423.389,405.870
1190,162,255,105.728,410.265
1191,22,255,601.909,406.136
1192,107,255,1001.164,409.565
1193,76,255,1442.250,407.500
1194,32,255,241.594,406.844
1195,99,255,779.672,408.662
1196,36,255,1.722,410.639
1197,66,255,793.455,409.136
1198,74,255,949.135,410.419
1199,134,255,15.769,413.604
1200,133,255,189.583,414.049
1201,201,255,343.719,414.132
1202,84,255,572.762,413.190
1203,102,255,737.696,411.353
1204,89,255,984.140,410.949
1205,81,255,1074.451,410.525
1206,53,255,198.028,412.519
1207,108,255,629.222,413.259
1208,131,255,671.317,414.706
1209,75,255,1157.140,413.233
1210,73,255,972.842,413.336
1211,21,255,1496.881,410.976
1212,121,255,301.624,416.707
1213,82,255,357.268,415.256
1214,33,255,584.530,412.106
1215,20,255,1301.600,411.300
1216,85,255,216.606,416.335
1217,181,255,239.113,417.909
1218,99,255,389.157,416.904
1219,29,255,542.879,412.845
1220,159,255,717.670,416.286
1221,42,255,1025.714,413.786
1222,144,255,1482.090,416.778
1223,76,255,437.434,417.250
1224,97,255,815.644,417.098
1225,81,255,1200.043,417.204
1226,28,255,1216.321,414.429
1227,109,255,82.005,420.326
1228,128,255,520.664,420.000
1229,78,255,561.179,417.205
1230,36,255,698.500,415.389
1231,122,255,757.320,418.631
1232,52,255,1341.846,415.635
1233,147,255,142.432,423.330
1234,96,255,287.448,419.344
1235,34,255,1581.176,416.412
1236,155,255,582.965,423.913
1237,110,255,598.218,421.773
1238,91,255,1074.225,419.291
1239,30,255,1526.800,418.500
1240,155,255,469.203,422.790
1241,97,255,541.242,422.036
1242,69,255,706.920,421.471
1243,102,255,792.745,422.794
1244,170,255,1118.982,420.976
1245,48,255,277.875,420.938
1246,100,255,1013.250,422.160
1247,67,255,1182.246,421.485
1248,65,255,1276.838,421.408
1249,169,255,94.050,426.802
1250,196,255,120.087,428.439
1251,40,255,328.175,422.625
1252,100,255,485.950,423.630
1253,149,255,738.507,426.171
1254,56,255,1242.536,421.286
1255,49,255,1462.276,421.357
1256,49,255,1503.031,422.071
1257,101,255,1514.045,424.054
1258,142,255,312.303,428.423
1259,56,255,430.679,423.429
1260,90,255,554.256,425.722
1261,92,255,935.891,423.837
1262,50,255,1025.880,422.400
1263,101,255,1095.252,425.025
1264,160,255,154.994,430.044
1265,120,255,402.442,427.658
1266,121,255,445.161,427.376
1267,141,255,696.855,429.181
1268,56,255,809.357,424.679
1269,72,255,826.264,424.139
1270,80,255,866.975,426.200
1271,69,255,978.558,424.645
1272,33,255,1381.803,424.258
1273,93,255,14.833,427.812
1274,106,255,68.472,426.745
1275,30,255,412.300,424.500
1276,94,255,1320.543,426.000
1277,43,255,1588.919,424.826
1278,149,255,30.144,430.057
1279,108,255,132.981,429.676
1280,136,255,1138.257,428.419
1281,111,255,1434.293,428.446
1282,54,255,210.463,427.278
1283,102,255,910.324,427.461
1284,61,255,966.074,427.402
1285,71,255,1531.641,428.190
1286,66,255,646.773,429.076
1287,128,255,202.836,435.711
1288,109,255,223.445,435.372
1289,81,255,423.599,432.549
1290,44,255,433.295,430.250
1291,49,255,1492.173,430.153
1292,124,255,374.161,435.347
1293,131,255,831.637,434.714
1294,71,255,889.880,431.317
1295,124,255,995.952,433.371
1296,74,255,265.824,435.054
1297,50,255,329.680,431.560
1298,126,255,453.944,436.214
1299,76,255,717.645,434.842
1300,63,255,1415.611,433.897
1301,72,255,274.833,434.139
1302,153,255,353.670,437.147
1303,138,255,531.507,437.225
1304,113,255,785.084,435.721
1305,65,255,927.423,433.915
1306,26,255,1289.692,432.808
1307,21,255,411.786,432.643
1308,100,255,654.390,436.500
1309,94,255,677.298,435.447
1310,57,255,1023.430,434.447
1311,142,255,1457.542,434.465
1312,148,255,4.203,440.574
1313,25,255,362.700,434.220
1314,107,255,339.621,440.874
1315,128,255,607.133,439.531
1316,183,255,633.555,440.555
1317,101,255,1102.589,436.767
1318,44,255,1124.841,435.045
1319,33,255,1372.530,435.409
1320,92,255,502.761,438.663
1321,116,255,514.328,440.655
1322,94,255,810.713,438.287
1323,47,255,855.160,436.223
1324,35,255,873.614,435.786
1325,62,255,912.774,437.113
1326,103,255,1063.811,437.985
1327,113,255,64.235,438.473
1328,103,255,471.442,440.267
1329,140,255,555.114,440.507
1330,66,255,751.333,438.030
1331,57,255,1205.833,438.237
1332,60,255,91.767,439.500
1333,111,255,1046.824,439.698
1334,50,255,1482.900,438.500
1335,41,255,686.939,439.768
1336,99,255,843.066,442.712
1337,60,255,1074.450,440.917
1338,110,255,1337.145,442.182
1339,89,255,1361.354,441.343
1340,20,255,1388.650,440.200
1341,134,255,237.373,443.597
1342,245,255,324.145,447.406
1343,102,255,391.461,442.735
1344,78,255,890.090,441.487
1345,130,255,111.754,445.985
1346,123,255,182.785,444.630
1347,56,255,255.179,443.286
1348,115,255,969.048,444.752
1349,53,255,1134.783,441.142
1350,51,255,1178.775,441.931
1351,81,255,276.698,443.537
1352,32,255,1118.031,441.406
1353,84,255,50.893,445.607
1354,122,255,429.951,446.377
1355,124,255,853.774,446.847
1356,107,255,874.276,445.201
1357,153,255,1089.408,444.598
1358,33,255,1164.076,443.621
1359,31,255,1428.500,442.500
1360,29,255,1494.707,443.121
1361,32,255,1597.781,444.000
1362,72,255,263.972,446.847
1363,120,255,405.033,448.875
1364,64,255,904.141,444.828
1365,133,255,1148.222,448.320
1366,59,255,1305.042,447.025
1367,136,255,98.978,449.662
1368,89,255,169.152,446.758
1369,22,255,365.500,444.682
1370,161,255,698.165,449.016
1371,110,255,210.164,450.018
1372,100,255,521.550,449.510
1373,135,255,667.693,450.611
1374,77,255,731.786,447.955
1375,64,255,1035.688,446.734
1376,28,255,1587.000,445.000
1377,95,255,64.837,449.353
1378,174,255,81.017,453.379
1379,86,255,226.860,450.419
1380,59,255,292.042,448.737
1381,97,255,776.242,449.995
1382,79,255,803.994,449.171
1383,97,255,465.686,451.026
1384,59,255,790.754,449.788
1385,52,255,1064.115,448.519
1386,45,255,1521.456,448.100
1387,211,255,490.306,456.813
1388,112,255,601.830,451.527
1389,23,255,923.283,449.196
1390,89,255,1122.736,451.433
1391,37,255,1344.689,449.905
1392,66,255,1505.227,451.394
1393,218,255,26.674,459.817
1394,81,255,546.883,453.611
1395,59,255,561.737,453.415
1396,130,255,911.069,453.662
1397,23,255,1592.326,450.804
1398,93,255,253.167,454.199
1399,108,255,341.019,456.111
1400,124,255,475.927,457.855
1401,104,255,1015.981,454.452
1402,164,255,43.018,457.835
1403,119,255,353.693,457.130
1404,82,255,534.402,455.744
1405,170,255,586.694,459.535
1406,133,255,952.635,455.846
1407,122,255,736.434,459.131
1408,38,255,1171.605,454.316
1409,77,255,133.578,458.006
1410,76,255,285.750,458.342
1411,112,255,454.750,459.054
1412,140,255,1079.286,457.093
1413,49,255,1134.990,456.214
1414,101,255,1190.124,457.450
1415,47,255,1458.862,455.691
1416,113,255,1480.261,457.819
1417,112,255,1548.598,457.054
1418,105,255,375.100,459.214
1419,113,255,504.270,460.058
1420,134,255,720.052,460.978
1421,59,255,994.890,457.585
1422,36,255,1408.972,456.333
1423,73,255,148.760,459.062
1424,205,255,167.612,463.276
1425,112,255,299.330,461.179
1426,176,255,393.977,466.619
1427,80,255,867.962,459.488
1428,151,255,977.606,460.917
1429,102,255,1038.431,460.118
1430,76,255,815.447,460.474
1431,58,255,1312.500,458.759
1432,139,255,67.910,461.615
1433,103,255,94.859,462.558
1434,73,255,847.541,460.870
1435,42,255,1302.905,459.881
1436,121,255,1428.368,461.103
1437,21,255,52.262,459.690
1438,134,255,123.485,463.500
1439,108,255,434.370,463.333
1440,86,255,622.930,461.663
1441,30,255,645.433,460.433
1442,89,255,634.803,463.736
1443,63,255,1058.214,461.198
1444,43,255,1572.988,462.872
1445,115,255,417.622,465.874
1446,57,255,707.412,464.868
1447,83,255,788.078,464.018
1448,58,255,1144.224,462.707
1449,159,255,1266.934,466.418
1450,48,255,1594.604,461.708
1451,166,255,213.476,469.512
1452,108,255,883.759,465.907
1453,82,255,1349.915,466.000
1454,107,255,1121.117,466.332
1455,79,255,1369.627,464.690
1456,79,255,179.652,468.677
1457,95,255,1410.805,467.195
1458,163,255,3.518,476.359
1459,112,255,13.750,469.946
1460,78,255,51.821,469.705
1461,182,255,139.731,470.841
1462,60,255,826.783,466.117
1463,56,255,961.607,467.125
1464,74,255,1107.973,467.581
1465,68,255,1174.382,467.750
1466,90,255,235.622,469.289
1467,48,255,270.104,468.312
1468,82,255,946.293,470.085
1469,20,255,1033.900,467.200
1470,25,255,1383.500,466.620
1471,82,255,457.329,469.232
1472,128,255,678.562,471.516
1473,67,255,775.575,469.216
1474,68,255,913.809,469.721
1475,94,255,931.904,471.021
1476,138,255,1021.725,471.500
1477,68,255,1062.515,469.103
1478,102,255,1292.216,471.892
1479,105,255,226.500,474.938
1480,76,255,1595.645,470.553
1481,45,255,80.944,470.811
1482,128,255,116.844,474.797
1483,98,255,319.816,472.878
1484,125,255,425.508,475.532
1485,94,255,537.564,473.287
1486,101,255,158.441,475.282
1487,56,255,622.607,472.786
1488,64,255,806.000,472.109
1489,75,255,362.380,474.833
1490,155,255,876.106,475.326
1491,85,255,1048.559,473.147
1492,21,255,1072.500,472.024
1493,72,255,1084.417,473.889
1494,110,255,1157.773,474.482
1495,57,255,1182.798,472.570
1496,138,255,1580.283,474.739
1497,196,255,40.184,480.485
1498,83,255,1211.741,474.548
1499,78,255,342.782,476.949
1500,48,255,474.375,475.521
1501,64,255,1196.062,475.625
1502,136,255,1555.250,476.801
1503,102,255,277.608,478.000
1504,40,255,332.025,475.550
1505,209,255,562.514,478.404
1506,74,255,580.108,477.014
1507,95,255,660.058,477.595
1508,105,255,855.300,475.967
1509,90,255,1392.400,475.467
1510,36,255,244.806,477.417
1511,73,255,446.911,478.938
1512,49,255,753.316,477.337
1513,88,255,829.443,478.068
1514,171,255,186.646,482.184
1515,83,255,411.813,480.211
1516,63,255,783.310,478.532
1517,56,255,1144.589,477.982
1518,138,255,739.775,482.464
1519,69,255,998.152,478.833
1520,71,255,1172.007,479.655
1521,20,255,1229.900,477.350
1522,130,255,236.169,483.838
1523,80,255,436.750,481.150
1524,23,255,944.761,479.239
1525,137,255,506.281,483.785
1526,83,255,715.488,482.066
1527,44,255,797.523,480.614
1528,109,255,913.115,483.005
1529,135,255,402.426,486.004
1530,41,255,773.378,481.256
1531,150,255,600.107,484.500
1532,34,255,979.588,483.324
1533,108,255,1125.185,483.731
1534,37,255,1383.554,481.986
1535,141,255,893.755,487.812
1536,95,255,461.026,487.647
1537,118,255,250.195,488.576
1538,30,255,334.033,484.833
1539,117,255,477.278,488.329
1540,115,255,932.735,487.622
1541,42,255,968.048,484.333
1542,160,255,1300.169,488.800
1543,38,255,1565.553,485.132
1544,71,255,807.697,486.951
1545,145,255,67.776,491.741
1546,35,255,526.529,488.414
1547,122,255,630.762,490.590
1548,73,255,1141.212,488.034
1549,69,255,57.138,490.022
1550,24,255,208.375,487.667
1551,107,255,224.986,491.416
1552,80,255,376.650,489.750
1553,60,255,765.483,489.350
1554,69,255,790.036,489.297
1555,107,255,1335.883,490.724
1556,95,255,1373.226,489.384
1557,186,255,85.624,493.280
1558,105,255,307.633,491.719
1559,97,255,588.820,492.119
1560,84,255,697.155,490.500
1561,74,255,1060.108,490.500
1562,126,255,1076.079,492.238
1563,33,255,1109.076,488.621
1564,108,255,1189.139,492.907
1565,81,255,1229.130,489.883
1566,35,255,322.986,491.386
1567,63,255,363.548,491.548
1568,47,255,439.564,491.606
1569,97,255,1206.479,491.809
1570,79,255,32.994,492.247
1571,106,255,276.830,495.792
1572,79,255,718.728,491.741
1573,100,255,965.420,492.410
1574,103,255,1033.733,494.044
1575,74,255,1167.892,493.000
1576,157,255,1585.143,494.264
1577,77,255,924.344,494.734
1578,82,255,992.293,492.976
1579,97,255,168.479,495.232
1580,21,255,196.595,493.452
1581,115,255,751.430,495.439
1582,59,255,1421.161,493.653
1583,45,255,1050.233,494.256
1584,95,255,1354.142,495.900
1585,83,255,493.175,497.030
1586,123,255,7.012,498.996
1587,21,255,101.786,495.881
1588,222,255,120.721,502.081
1589,116,255,292.181,501.345
1590,91,255,397.973,499.368
1591,103,255,651.917,499.257
1592,43,255,807.849,497.081
1593,127,255,1110.941,498.256
1594,99,255,1293.621,499.540
1595,140,255,1402.307,499.157
1596,52,255,415.385,499.192
1597,85,255,1148.947,497.641
1598,117,255,28.474,502.107
1599,28,255,106.714,499.214
1600,168,255,137.839,503.304
1601,36,255,332.639,499.028
1602,61,255,372.713,500.320
1603,190,255,775.837,502.789
1604,59,255,817.992,499.127
1605,130,255,1132.315,501.546
1606,131,255,1472.821,502.401
1607,57,255,53.939,500.816
1608,57,255,304.500,501.395
1609,59,255,730.466,500.873
1610,48,255,836.271,500.333
1611,135,255,43.122,505.470
1612,62,255,95.694,502.161
1613,66,255,322.576,502.333
1614,111,255,344.239,505.779
1615,30,255,827.500,501.933
1616,168,255,1496.161,505.173
1617,77,255,423.604,504.734
1618,44,255,1092.159,502.455
1619,75,255,1550.900,503.460
1620,95,255,234.437,507.174
1621,145,255,247.197,508.528
1622,66,255,502.758,505.485
1623,100,255,583.060,506.170
1624,51,255,703.245,503.873
1625,89,255,719.084,505.354
1626,43,255,857.965,504.174
1627,96,255,959.031,505.198
1628,64,255,973.641,504.453
1629,116,255,1311.181,505.405
1630,84,255,62.345,506.631
1631,22,255,255.409,503.409
1632,107,255,457.425,507.687
1633,78,255,1043.269,504.705
1634,119,255,1524.626,506.197
1635,162,255,519.685,511.117
1636,100,255,985.720,507.010
1637,101,255,1236.213,507.371
1638,57,255,1382.167,505.886
1639,46,255,283.152,508.587
1640,21,255,353.452,505.786
1641,96,255,792.344,508.875
1642,83,255,873.416,507.994
1643,42,255,379.024,508.810
1644,94,255,570.117,509.287
1645,65,255,1264.854,508.085
1646,48,255,1561.292,507.396
1647,98,255,20.102,510.265
1648,43,255,386.965,508.174
1649,135,255,535.263,511.774
1650,124,255,847.492,510.621
1651,102,255,1143.941,510.882
1652,36,255,1437.889,508.139
1653,87,255,193.638,510.707
1654,101,255,817.104,512.470
1655,151,255,1059.407,514.798
1656,56,255,202.929,512.464
1657,63,255,1119.738,510.833
1658,78,255,430.667,512.833
1659,60,255,441.083,512.817
1660,51,255,967.382,511.951
1661,69,255,1046.239,512.196
1662,40,255,1288.225,512.175
1663,97,255,1452.582,513.562
1664,24,255,1.542,513.083
1665,101,255,740.292,513.995
1666,79,255,1253.741,513.665
1667,27,255,9.981,513.685
1668,60,255,370.450,514.583
1669,61,255,509.025,514.648
1670,56,255,321.214,514.232
1671,84,255,886.976,517.774
1672,121,255,1326.062,516.095
1673,114,255,1512.079,516.412
1674,86,255,1553.279,514.826
1675,103,255,76.675,517.277
1676,83,255,164.681,517.428
1677,91,255,389.830,516.808
1678,83,255,402.620,517.512
1679,50,255,642.380,515.660
1680,62,255,805.581,517.452
1681,87,255,988.431,517.328
1682,73,255,43.692,516.596
1683,139,255,148.802,519.737
1684,78,255,227.103,518.026
1685,92,255,277.261,519.739
1686,73,255,911.747,516.747
1687,102,255,1238.206,517.510
1688,77,255,415.656,519.058
1689,91,255,650.269,520.764
1690,119,255,1031.920,519.710
1691,32,255,180.219,518.062
1692,146,255,860.938,520.705
1693,51,255,876.794,518.598
1694,165,255,1176.876,520.258
1695,92,255,465.500,521.685
1696,112,255,602.179,521.321
1697,63,255,54.151,522.310
1698,143,255,261.437,523.059
1699,63,255,364.468,521.976
1700,202,255,1473.035,526.129
1701,22,255,96.773,520.818
1702,95,255,107.911,525.216
1703,69,255,565.572,523.254
1704,73,255,620.418,521.308
1705,98,255,762.755,523.173
1706,83,255,1151.789,523.247
1707,131,255,1215.485,524.561
1708,73,255,1548.760,522.021
1709,48,255,707.729,522.854
1710,34,255,716.706,523.000
1711,23,255,1441.761,521.543
1712,143,255,928.689,526.822
1713,56,255,1288.268,524.268
1714,105,255,1394.614,525.005
1715,103,255,170.063,527.956
1716,58,255,285.172,527.397
1717,118,255,297.661,527.695
1718,77,255,489.851,526.383
1719,113,255,217.102,529.226
1720,73,255,424.911,527.075
1721,119,255,977.676,529.634
1722,140,255,1518.279,528.350
1723,103,255,1578.121,526.209
1724,58,255,438.500,527.224
1725,82,255,825.866,528.659
1726,212,255,837.726,532.354
1727,69,255,948.645,527.717
1728,23,255,1015.022,525.109
1729,75,255,1063.113,528.740
1730,77,255,345.422,529.396
1731,49,255,415.459,529.561
1732,47,255,448.819,529.883
1733,142,255,1242.486,530.373
1734,113,255,1409.765,529.783
1735,121,255,1430.450,530.112
1736,22,255,1442.773,528.091
1737,83,255,10.223,530.837
1738,63,255,229.532,531.500
1739,98,255,388.112,531.071
1740,91,255,681.192,531.874
1741,86,255,770.419,530.744
1742,102,255,1194.755,531.598
1743,98,255,1277.582,530.490
1744,34,255,1450.265,530.647
1745,114,255,532.289,533.009
1746,82,255,1007.329,533.585
1747,81,255,320.241,534.093
1748,131,255,518.073,536.538
1749,48,255,563.833,532.792
1750,77,255,26.318,534.045
1751,68,255,266.544,535.456
1752,142,255,607.662,537.007
1753,144,255,916.701,537.368
1754,76,255,239.250,536.921
1755,70,255,661.586,535.414
1756,147,255,707.636,537.316
1757,66,255,853.833,535.091
1758,128,255,960.938,537.719
1759,124,255,1332.774,536.911
1760,76,255,1345.724,536.566
1761,112,255,62.482,540.214
1762,137,255,366.237,538.682
1763,117,255,634.175,536.970
1764,70,255,778.371,537.157
1765,74,255,1456.432,535.541
1766,123,255,1558.061,536.248
1767,96,255,107.240,538.333
1768,89,255,254.736,537.815
1769,99,255,437.247,537.722
1770,77,255,487.877,537.396
1771,52,255,787.538,537.538
1772,128,255,1317.383,538.602
1773,67,255,124.679,538.336
1774,88,255,141.841,540.057
1775,149,255,1505.513,540.836
1776,55,255,693.300,537.827
1777,55,255,817.736,539.100
1778,32,255,876.031,538.750
1779,70,255,890.843,538.257
1780,102,255,993.618,541.137
1781,53,255,1131.104,538.274
1782,88,255,326.875,541.648
1783,96,255,462.740,541.365
1784,135,255,540.604,544.278
1785,107,255,743.201,541.089
1786,127,255,1356.232,541.563
1787,135,255,88.544,542.893
1788,100,255,567.000,543.090
1789,49,255,5.786,542.316
1790,82,255,41.744,544.354
1791,44,255,50.523,541.341
1792,93,255,225.070,543.446
1793,29,255,901.328,540.603
1794,103,255,30.519,544.888
1795,69,255,296.833,543.993
1796,56,255,942.946,542.911
1797,68,255,1114.706,542.662
1798,192,255,1262.656,545.646
1799,81,255,308.451,545.796
1800,87,255,798.833,545.776
1801,97,255,1165.211,544.706
1802,108,255,1447.083,546.176
1803,59,255,1482.585,543.449
1804,124,255,1529.540,545.073
1805,94,255,157.787,545.926
1806,106,255,176.255,548.179
1807,26,255,276.423,546.269
1808,51,255,661.598,547.833
1809,137,255,1239.639,550.252
1810,93,255,17.371,548.855
1811,140,255,1037.279,550.829
1812,127,255,1077.524,551.626
1813,65,255,1008.623,549.900
1814,91,255,450.797,550.863
1815,45,255,697.322,548.989
1816,61,255,585.451,550.943
1817,161,255,868.394,553.978
1818,96,255,358.354,553.406
1819,68,255,416.471,552.132
1820,159,255,649.770,554.248
1821,63,255,761.786,552.722
1822,77,255,131.890,553.422
1823,115,255,1179.952,554.465
1824,56,255,102.857,554.214
1825,103,255,254.063,555.723
1826,120,255,1112.550,556.083
1827,130,255,1135.508,556.831
1828,42,255,1414.357,554.167
1829,73,255,50.363,556.884
1830,67,255,530.530,555.291
1831,53,255,564.462,555.274
1832,79,255,1021.424,556.057
1833,95,255,376.100,557.826
1834,98,255,796.571,557.214
1835,98,255,925.929,557.561
1836,97,255,270.397,558.552
1837,120,255,286.525,558.442
1838,81,255,397.006,558.265
1839,86,255,480.674,558.744
1840,99,255,497.934,558.682
1841,62,255,606.290,558.371
1842,103,255,1427.432,559.626
1843,194,255,1567.273,561.242
1844,48,255,409.417,558.917
1845,67,255,434.679,559.127
1846,183,255,1444.779,562.391
1847,97,255,1584.923,559.933
1848,172,255,625.663,562.395
1849,71,255,704.232,560.373
1850,68,255,739.765,560.088
1851,96,255,1087.406,561.250
1852,105,255,1304.510,561.490
1853,53,255,1541.387,559.047
1854,95,255,515.005,562.826
1855,105,255,1034.605,562.890
1856,78,255,193.372,561.333
1857,49,255,216.704,563.561
1858,78,255,904.179,563.974
1859,57,255,963.833,563.991
1860,65,255,350.623,563.931
1861,34,255,538.618,562.882
1862,186,255,1059.140,568.758
1863,83,255,1275.898,563.777
1864,33,255,1498.470,564.015
1865,51,255,5.108,566.088
1866,73,255,35.486,566.418
1867,79,255,548.639,566.576
1868,30,255,831.867,564.133
1869,103,255,1014.199,567.170
1870,71,255,94.937,566.641
1871,44,255,752.318,565.523
1872,164,255,1106.573,570.104
1873,58,255,376.638,568.879
1874,92,255,812.011,567.130
1875,92,255,70.663,568.902
1876,101,255,236.955,570.975
1877,115,255,492.613,571.317
1878,94,255,527.043,569.287
1879,93,255,602.844,568.274
1880,31,255,1184.726,566.919
1881,144,255,1318.771,570.889
1882,146,255,1399.616,569.993
1883,34,255,23.059,568.029
1884,94,255,46.223,570.723
1885,71,255,674.937,568.937
1886,148,255,1162.622,571.986
1887,187,255,1367.104,572.778
1888,25,255,112.620,568.540
1889,103,255,479.859,570.539
1890,27,255,824.204,568.611
1891,126,255,1256.730,571.214
1892,38,255,581.368,570.132
1893,57,255,329.289,571.675
1894,54,255,424.167,572.889
1895,92,255,1200.424,573.413
1896,87,255,248.661,574.615
1897,72,255,344.042,572.847
1898,78,255,695.487,574.897
1899,68,255,1028.176,572.559
1900,153,255,1572.206,575.147
1901,102,255,1594.363,574.716
1902,96,255,295.312,575.427
1903,111,255,388.491,575.383
1904,42,255,464.500,573.048
1905,60,255,787.167,575.650
1906,90,255,799.411,575.178
1907,72,255,158.903,575.278
1908,123,255,651.744,575.850
1909,44,255,213.364,576.773
1910,20,255,506.450,574.600
1911,78,255,1007.910,577.333
1912,47,255,1041.415,576.223
1913,117,255,1216.944,579.406
1914,135,255,360.944,579.070
1915,104,255,1380.740,578.510
1916,88,255,1229.398,578.500
1917,33,255,325.742,578.955
1918,71,255,554.613,580.641
1919,46,255,568.326,579.217
1920,135,255,710.093,580.663
1921,76,255,870.434,579.461
1922,93,255,730.672,582.199
1923,104,255,1470.644,581.125
1924,73,255,36.377,581.705
1925,55,255,170.936,581.827
1926,141,255,58.933,586.387
1927,78,255,150.949,583.872
1928,38,255,240.000,582.500
1929,29,255,407.190,581.983
1930,52,255,792.154,583.442
1931,68,255,763.691,585.015
1932,85,255,1055.406,585.312
1933,70,255,308.586,585.343
1934,23,255,492.543,584.848
1935,98,255,508.500,585.418
1936,107,255,685.715,587.650
1937,119,255,951.483,586.803
1938,124,255,1239.113,587.000
1939,163,255,8.850,589.825
1940,37,255,112.311,585.662
1941,43,255,195.081,585.314
1942,161,255,343.643,588.531
1943,63,255,443.770,585.643
1944,55,255,633.227,586.209
1945,29,255,1089.638,585.500
1946,178,255,1338.792,589.539
1947,110,255,1431.445,587.091
1948,98,255,1546.337,586.173
1949,20,255,99.650,585.650
1950,68,255,228.132,587.471
1951,25,255,388.860,585.300
1952,82,255,826.293,588.756
1953,140,255,1134.536,590.557
1954,29,255,141.017,588.121
1955,63,255,854.500,587.770
1956,59,255,177.483,589.076
1957,97,255,275.613,591.211
1958,59,255,431.619,588.483
1959,47,255,461.564,588.415
1960,146,255,1028.342,590.815
1961,106,255,1509.566,591.340
1962,88,255,812.136,592.625
1963,36,255,1490.583,589.361
1964,88,255,260.580,593.148
1965,36,255,294.778,592.111
1966,30,255,469.833,595.433
1967,73,255,481.678,593.267
1968,72,255,618.000,594.000
1969,100,255,777.250,593.560
1970,21,255,35.452,592.310
1971,25,255,80.300,592.500
1972,108,255,182.148,596.741
1973,122,255,733.418,597.049
1974,145,255,1068.272,598.231
1975,47,255,1371.245,593.160
1976,71,255,1498.176,595.782
1977,42,255,45.619,594.857
1978,58,255,91.862,594.621
1979,29,255,100.672,595.328
1980,82,255,455.268,594.573
1981,62,255,598.935,595.468
1982,203,255,131.623,600.889
1983,58,255,202.741,596.034
1984,22,255,360.318,594.955
1985,85,255,1098.335,597.512
1986,47,255,1390.181,595.819
1987,80,255,953.212,597.950
1988,70,255,221.357,597.543
1989,214,255,291.290,603.079
1990,102,255,1003.559,600.618
1991,54,255,233.241,599.556
1992,63,255,447.548,601.452
1993,107,255,677.949,602.640
1994,93,255,1196.898,601.962
1995,92,255,160.543,601.533
1996,26,255,396.769,601.808
1997,63,255,435.056,600.960
1998,126,255,495.437,603.881
1999,79,255,537.196,602.525
2000,155,255,1277.952,604.281
2001,179,255,1298.606,604.584
2002,108,255,1511.519,602.380
2003,144,255,564.000,605.993
2004,90,255,69.122,604.478
2005,177,255,81.929,608.184
2006,115,255,1110.448,605.839
2007,145,255,1217.707,606.921
2008,77,255,1378.123,603.175
2009,116,255,25.069,605.509
2010,67,255,251.813,604.575
2011,28,255,341.036,604.179
2012,76,255,880.974,604.474
2013,134,255,1587.254,607.149
2014,77,255,358.513,604.994
2015,102,255,524.676,606.147
2016,78,255,623.205,606.769
2017,72,255,319.653,606.889
2018,77,255,690.955,605.968
2019,52,255,830.135,607.250
2020,126,255,862.429,608.524
2021,44,255,1047.273,605.773
2022,35,255,305.814,608.557
2023,86,255,412.733,607.535
2024,109,255,936.188,607.739
2025,80,255,1175.312,608.100
2026,94,255,1427.064,609.606
2027,65,255,98.177,608.869
2028,72,255,381.486,608.944
2029,75,255,898.047,609.127
2030,103,255,181.442,609.714
2031,116,255,240.259,611.560
2032,113,255,839.810,611.712
2033,52,255,609.000,610.019
2034,121,255,952.136,612.360
2035,93,255,1200.145,612.511
2036,148,255,1399.601,614.108
2037,121,255,1414.905,611.971
2038,74,255,475.081,611.784
2039,171,255,803.032,615.436
2040,119,255,1038.055,616.718
2041,99,255,1237.975,612.288
2042,176,255,1264.915,614.784
2043,110,255,1463.673,612.027
2044,124,255,1545.613,614.177
2045,82,255,1567.463,611.707
2046,82,255,159.622,613.183
2047,61,255,435.189,611.467
2048,153,255,1152.147,616.493
2049,65,255,274.838,613.577
2050,103,255,451.257,614.597
2051,115,255,818.517,614.726
2052,83,255,1190.380,616.259
2053,63,255,257.992,614.532
2054,79,255,533.171,614.892
2055,62,255,721.677,614.758
2056,81,255,989.846,616.809
2057,62,255,1003.516,615.306
2058,151,255,1313.838,617.341
2059,27,255,2.130,615.685
2060,93,255,877.220,616.489
2061,137,255,904.880,619.442
2062,167,255,1095.338,618.644
2063,91,255,1378.412,615.808
2064,163,255,1529.101,618.463
2065,44,255,1578.682,615.205
2066,75,255,151.273,618.793
2067,139,255,1363.622,620.809
2068,73,255,287.815,618.048
2069,58,255,324.500,618.172
2070,200,255,585.695,621.465
2071,72,255,785.222,618.958
2072,46,255,926.674,619.043
2073,67,255,943.515,619.187
2074,166,255,1285.861,622.145
2075,118,255,1501.195,619.746
2076,105,255,62.529,621.300
2077,65,255,770.469,619.515
2078,65,255,1514.885,619.777
2079,55,255,350.718,620.973
2080,121,255,99.558,622.360
2081,109,255,191.894,622.427
2082,58,255,225.483,621.362
2083,59,255,180.161,622.669
2084,166,255,270.536,625.627
2085,73,255,305.897,622.637
2086,62,255,386.452,622.306
2087,82,255,915.463,624.085
2088,68,255,1025.294,622.588
2089,105,255,1126.195,623.186
2090,136,255,1568.824,624.110
2091,101,255,433.708,624.193
2092,52,255,445.135,622.904
2093,75,255,650.980,624.180
2094,28,255,934.571,622.714
2095,114,255,972.921,626.202
2096,85,255,999.571,624.006
2097,27,255,1388.056,621.907
2098,129,255,164.996,626.167
2099,125,255,555.500,626.668
2100,92,255,762.652,625.783
2101,183,255,1486.342,627.380
2102,54,255,371.648,625.574
2103,138,255,502.036,627.500
2104,78,255,740.782,625.744
2105,42,255,1112.333,624.810
2106,66,255,984.773,626.955
2107,180,255,1407.411,628.583
2108,81,255,1141.994,627.117
2109,199,255,1231.379,631.394
2110,55,255,1594.664,626.991
2111,57,255,282.132,630.693
2112,76,255,1556.092,630.658
2113,94,255,118.436,630.596
2114,151,255,669.818,633.361
2115,88,255,808.693,630.580
2116,99,255,1311.894,631.288
2117,116,255,1211.672,633.147
2118,67,255,729.590,631.739
2119,127,255,1063.799,634.626
2120,194,255,42.088,637.124
2121,47,255,73.287,633.032
2122,122,255,848.492,635.508
2123,120,255,863.167,635.075
2124,132,255,883.720,635.083
2125,164,255,940.317,637.555
2126,69,255,1127.036,632.645
2127,68,255,11.529,634.809
2128,44,255,84.864,634.273
2129,88,255,195.852,634.625
2130,107,255,466.276,636.117
2131,92,255,1023.837,636.239
2132,92,255,307.424,635.663
2133,123,255,1433.313,636.695
2134,124,255,601.476,638.919
2135,36,255,626.000,634.500
2136,78,255,716.462,637.026
2137,131,255,1452.095,637.920
2138,97,255,60.088,638.366
2139,47,255,168.777,636.968
2140,107,255,558.089,639.257
2141,39,255,641.705,636.244
2142,139,255,1172.773,638.860
2143,88,255,1565.227,638.466
2144,109,255,234.197,639.638
2145,112,255,489.196,640.616
2146,30,255,323.367,637.700
2147,88,255,961.216,641.273
2148,115,255,1086.596,641.309
2149,71,255,276.570,640.810
2150,89,255,369.320,642.264
2151,72,255,387.153,640.528
2152,204,255,682.353,649.588
2153,44,255,752.955,640.205
2154,110,255,1368.400,642.609
2155,92,255,1505.500,640.130
2156,97,255,253.325,643.366
2157,80,255,536.575,643.388
2158,135,255,1146.507,644.907
2159,106,255,1532.802,642.774
2160,86,255,476.326,643.093
2161,136,255,629.265,646.559
2162,102,255,1011.206,642.863
2163,188,255,1333.059,644.957
2164,27,255,1344.907,640.426
2165,163,255,1480.107,645.236
2166,196,255,518.724,649.990
2167,56,255,297.857,645.589
2168,81,255,410.438,645.796
2169,117,255,1039.996,647.115
2170,69,255,1299.659,647.094
2171,117,255,1442.543,646.782
2172,52,255,154.212,645.385
2173,57,255,166.167,647.219
2174,51,255,585.559,645.284
2175,160,255,593.375,653.944
2176,112,255,705.098,646.312
2177,134,255,871.619,649.403
2178,101,255,1310.540,649.054
2179,51,255,1596.951,646.402
2180,65,255,99.623,647.515
2181,54,255,618.130,647.500
2182,94,255,810.840,647.649
2183,159,255,1408.406,650.091
2184,61,255,318.877,648.992
2185,126,255,342.706,650.341
2186,155,255,967.629,650.861
2187,128,255,1099.367,650.961
2188,101,255,1545.332,649.193
2189,65,255,62.746,650.054
2190,108,255,744.991,654.324
2191,99,255,780.641,651.914
2192,80,255,928.350,650.750
2193,93,255,391.608,653.532
2194,104,255,481.000,653.587
2195,62,255,766.613,652.758
2196,59,255,833.822,652.483
2197,163,255,1242.383,654.408
2198,141,255,650.280,656.954
2199,101,255,126.916,654.639
2200,125,255,558.972,654.532
2201,115,255,581.083,657.274
2202,50,255,466.700,654.320
2203,83,255,407.127,656.500
2204,180,255,1193.783,659.311
2205,65,255,1293.177,655.946
2206,109,255,1392.656,656.968
2207,44,255,142.955,655.932
2208,94,255,327.287,658.383
2209,95,255,510.995,659.721
2210,125,255,711.988,661.116
2211,167,255,989.763,661.674
2212,40,255,1227.550,655.300
2213,227,255,912.385,663.077
2214,67,255,1358.843,657.843
2215,69,255,166.819,659.442
2216,156,255,1140.442,661.936
2217,48,255,1441.667,657.562
2218,31,255,1482.661,658.210
2219,64,255,11.141,660.375
2220,89,255,603.556,663.983
2221,57,255,752.325,661.061
2222,51,255,1373.225,662.363
2223,98,255,1472.031,661.959
2224,85,255,74.453,663.535
2225,51,255,181.814,662.637
2226,67,255,1364.515,663.455
2227,73,255,1418.979,661.979
2228,60,255,1552.250,661.317
2229,81,255,1531.957,663.673
2230,132,255,288.288,666.417
2231,20,255,49.800,663.550
2232,184,255,548.223,670.511
2233,125,255,567.916,666.948
2234,82,255,1092.634,667.451
2235,104,255,1300.577,667.048
2236,70,255,1560.229,665.786
2237,104,255,263.106,667.894
2238,112,255,868.527,669.241
2239,72,255,931.819,666.431
2240,157,255,362.341,672.373
2241,38,255,590.658,666.342
2242,104,255,1130.067,670.029
2243,96,255,106.417,670.156
2244,133,255,242.139,670.132
2245,51,255,424.441,668.931
2246,112,255,822.429,669.464
2247,93,255,944.898,668.726
2248,132,255,1076.750,671.220
2249,85,255,90.935,669.971
2250,22,255,1569.136,667.818
2251,63,255,56.103,670.611
2252,56,255,179.000,670.446
2253,133,255,681.590,673.079
2254,63,255,975.738,670.040
2255,32,255,1021.156,668.500
2256,95,255,1510.489,670.174
2257,87,255,1249.776,670.845
2258,68,255,1327.574,670.779
2259,103,255,128.743,674.277
2260,161,255,469.699,676.233
2261,181,255,1389.180,675.599
2262,196,255,790.444,678.230
2263,56,255,1101.000,672.643
2264,165,255,1202.664,677.039
2265,94,255,1583.564,674.436
2266,44,255,152.750,674.455
2267,78,255,633.026,675.256
2268,114,255,749.860,676.395
2269,150,255,966.780,678.747
2270,157,255,1048.194,677.761
2271,122,255,1338.107,675.525
2272,62,255,1564.710,673.645
2273,39,255,187.526,674.064
2274,112,255,405.607,678.089
2275,103,255,649.461,678.277
2276,54,255,766.111,675.111
2277,121,255,1160.467,678.169
2278,63,255,1218.468,674.262
2279,190,255,1309.426,677.605
2280,76,255,1543.237,675.224
2281,96,255,17.427,677.094
2282,109,255,723.619,677.592
2283,76,255,446.289,679.947
2284,170,255,664.618,682.935
2285,67,255,945.590,678.127
2286,80,255,1016.638,677.712
2287,142,255,1237.915,680.655
2288,37,255,887.500,678.392
2289,85,255,1104.488,681.312
2290,71,255,1289.599,678.444
2291,63,255,833.294,680.278
2292,36,255,1597.694,680.167
2293,132,255,376.038,684.424
2294,87,255,538.534,682.351
2295,146,255,850.151,683.048
2296,116,255,1131.836,684.310
2297,114,255,1190.930,684.544
2298,173,255,252.795,687.939
2299,156,255,906.404,687.282
2300,44,255,1142.886,682.477
2301,137,255,1490.442,685.398
2302,55,255,1552.555,682.664
2303,133,255,164.560,688.876
2304,104,255,280.865,685.760
2305,130,255,638.054,686.677
2306,67,255,1277.843,684.604
2307,83,255,43.102,687.127
2308,63,255,294.437,685.405
2309,83,255,1022.355,686.066
2310,84,255,1352.429,686.714
2311,146,255,1088.836,691.322
2312,151,255,1217.831,689.136
2313,125,255,1541.324,687.628
2314,91,255,4.192,689.148
2315,88,255,522.307,688.818
2316,173,255,621.783,690.754
2317,56,255,919.000,687.661
2318,177,255,602.071,692.929
2319,86,255,868.581,690.244
2320,81,255,21.253,690.698
2321,71,255,75.007,689.824
2322,65,255,239.654,690.700
2323,52,255,331.212,689.423
2324,112,255,414.670,694.161
2325,105,255,470.786,693.252
2326,116,255,115.302,694.000
2327,23,255,487.674,689.500
2328,84,255,649.750,691.929
2329,85,255,833.029,691.865
2330,43,255,1292.105,691.035
2331,72,255,1443.792,690.319
2332,170,255,730.459,697.994
2333,78,255,1114.462,692.551
2334,136,255,1267.088,693.154
2335,132,255,1464.212,693.727
2336,128,255,96.281,695.508
2337,67,255,570.291,693.963
2338,128,255,580.609,697.125
2339,119,255,1582.744,695.987
2340,105,255,508.576,695.338
2341,132,255,677.409,696.568
2342,98,255,1101.714,695.531
2343,36,255,179.889,694.333
2344,54,255,287.500,695.000
2345,105,255,316.967,695.843
2346,109,255,450.142,697.491
2347,76,255,1140.671,695.224
2348,134,255,1563.545,697.754
2349,114,255,541.360,699.404
2350,101,255,854.955,699.718
2351,149,255,341.191,704.131
2352,54,255,356.593,699.074
2353,156,255,191.333,703.564
2354,71,255,390.232,701.063
2355,125,255,34.028,703.380
2356,130,255,429.923,704.546
2357,130,255,998.931,705.262
2358,112,255,1389.938,701.714
2359,80,255,369.975,704.075
2360,183,255,706.331,706.374
2361,147,255,962.058,705.901
2362,93,255,1127.629,703.306
2363,110,255,1179.400,703.527
2364,162,255,1203.914,705.444
2365,130,255,648.508,705.115
2366,20,255,757.150,701.950
2367,128,255,941.609,707.031
2368,136,255,1014.324,708.691
2369,130,255,1045.092,707.631
2370,162,255,317.395,707.142
2371,42,255,907.595,704.762
2372,102,255,1419.304,706.324
2373,79,255,397.424,708.449
2374,53,255,471.368,707.462
2375,125,255,551.684,709.036
2376,95,255,1451.679,708.300
2377,160,255,801.712,711.225
2378,28,255,1535.714,705.571
2379,89,255,133.174,710.770
2380,165,255,239.694,712.124
2381,91,255,418.137,710.687
2382,66,255,1139.591,707.606
2383,102,255,1344.863,708.863
2384,70,255,1435.400,707.414
2385,67,255,204.142,709.306
2386,88,255,1218.455,711.307
2387,81,255,1247.907,708.315
2388,105,255,780.929,712.557
2389,150,255,1095.407,712.047
2390,49,255,1469.500,709.214
2391,93,255,1528.145,711.704
2392,207,255,496.829,714.886
2393,181,255,1478.909,715.671
2394,95,255,122.584,716.405
2395,74,255,167.743,713.527
2396,49,255,295.439,712.765
2397,108,255,745.454,716.398
2398,46,255,845.696,712.891
2399,168,255,14.339,716.631
2400,77,255,61.032,713.630
2401,70,255,925.000,713.271
2402,97,255,1121.778,714.366
2403,85,255,1382.888,715.465
2404,84,255,1398.452,714.714
2405,138,255,872.986,717.268
2406,64,255,1029.781,715.453
2407,127,255,1353.122,716.248
2408,69,255,583.804,715.978
2409,86,255,482.779,721.000
2410,57,255,525.518,718.605
2411,110,255,1283.900,719.818
2412,97,255,1463.861,718.964
2413,90,255,54.222,720.356
2414,34,255,69.735,719.235
2415,81,255,108.920,719.796
2416,181,255,1310.075,720.329
2417,69,255,1508.225,720.065
2418,120,255,666.083,722.967
2419,95,255,811.332,721.395
2420,131,255,913.905,722.240
2421,160,255,1493.287,722.669
2422,133,255,38.703,723.914
2423,110,255,149.645,723.582
2424,124,255,173.339,724.782
2425,122,255,648.311,723.959
2426,116,255,757.086,723.586
2427,60,255,1414.933,721.233
2428,86,255,93.465,723.942
2429,63,255,1010.897,722.262
2430,98,255,1144.337,725.316
2431,144,255,220.667,725.653
2432,25,255,136.660,722.820
2433,81,255,292.673,724.451
2434,104,255,1023.500,724.096
2435,88,255,1157.614,725.466
2436,117,255,1376.645,726.201
2437,123,255,1404.484,726.045
2438,93,255,270.952,729.124
2439,147,255,440.588,728.167
2440,67,255,728.097,725.560
2441,148,255,1516.176,727.993
2442,91,255,1594.500,725.918
2443,158,255,255.551,730.943
2444,48,255,393.188,725.375
2445,78,255,459.744,727.731
2446,86,255,584.081,726.640
2447,88,255,708.773,728.818
2448,105,255,833.710,727.424
2449,82,255,936.793,726.793
2450,134,255,523.187,729.127
2451,163,255,696.273,732.279
2452,175,255,901.591,731.700
2453,38,255,965.026,726.342
2454,128,255,1243.664,729.352
2455,108,255,1567.444,730.889
2456,94,255,378.840,730.894
2457,78,255,230.731,732.167
2458,86,255,314.267,731.872
2459,235,255,567.572,737.134
2460,139,255,1050.910,734.471
2461,121,255,1274.136,731.657
2462,82,255,1365.122,730.183
2463,191,255,1421.495,735.343
2464,56,255,130.589,732.661
2465,158,255,774.652,735.772
2466,58,255,1229.224,732.017
2467,81,255,1289.340,731.784
2468,72,255,1347.278,732.236
2469,116,255,954.233,733.879
2470,125,255,213.892,737.468
2471,183,255,625.560,739.014
2472,80,255,721.362,734.312
2473,68,255,1495.765,734.044
2474,108,255,1527.889,734.981
2475,25,255,730.020,734.500
2476,124,255,737.024,739.855
2477,179,255,1033.366,737.869
2478,202,255,1300.614,739.218
2479,101,255,414.203,739.134
2480,101,255,583.639,737.361
2481,92,255,872.728,737.435
2482,147,255,434.548,740.745
2483,129,255,811.438,740.384
2484,115,255,918.891,740.735
2485,113,255,933.518,742.040
2486,210,255,1100.052,741.967
2487,82,255,1117.220,739.012
2488,100,255,1150.120,738.970
2489,123,255,284.817,743.207
2490,83,255,451.102,741.187
2491,175,255,602.563,741.431
2492,112,255,169.759,742.571
2493,155,255,467.242,746.094
2494,84,255,706.548,741.238
2495,125,255,1019.348,743.388
2496,61,255,30.270,743.762
2497,30,255,158.167,741.433
2498,106,255,718.868,744.764
2499,157,255,751.207,747.182
2500,130,255,1458.138,744.562
2501,122,255,1491.074,745.148
2502,57,255,545.868,744.342
2503,70,255,958.071,744.786
2504,49,255,1394.480,744.684
2505,130,255,77.777,747.669
2506,114,255,1196.430,745.325
2507,117,255,1403.038,747.791
2508,130,255,1436.623,748.038
2509,102,255,368.667,747.814
2510,106,255,1505.972,748.472
2511,73,255,219.212,749.253
2512,196,255,482.663,750.776
2513,151,255,1336.036,749.930
2514,110,255,41.864,750.664
2515,79,255,150.741,747.867
2516,120,255,329.900,749.600
2517,99,255,863.136,749.146
2518,62,255,984.274,748.048
2519,99,255,1365.318,749.045
2520,82,255,410.012,750.500
2521,138,255,510.210,750.696
2522,129,255,1048.694,750.182
2523,72,255,1156.139,749.792
2524,21,255,964.690,748.452
2525,110,255,1253.027,750.436
2526,118,255,1419.000,752.314
2527,100,255,101.450,753.330
2528,83,255,570.404,751.042
2529,128,255,806.766,753.500
2530,59,255,398.025,752.856
2531,64,255,620.906,752.281
2532,68,255,1311.338,751.588
2533,106,255,159.311,754.557
2534,143,255,690.710,758.444
2535,124,255,909.766,754.710
2536,57,255,938.447,754.184
2537,201,255,89.450,760.037
2538,126,255,295.381,756.587
2539,124,255,1011.992,755.750
2540,90,255,1593.856,754.533
2541,49,255,681.051,753.888
2542,202,255,768.950,757.238
2543,80,255,890.987,754.288
2544,100,255,1296.830,756.190
2545,144,255,1537.090,758.292
2546,153,255,118.474,760.402
2547,61,255,383.402,756.107
2548,170,255,1081.806,759.553
2549,78,255,1269.000,757.064
2550,66,255,1571.818,756.242
2551,41,255,65.402,756.500
2552,118,255,445.076,759.992
2553,157,255,602.061,761.309
2554,108,255,648.472,761.833
2555,201,255,1205.823,761.515
2556,93,255,1234.199,758.511
2557,78,255,1523.436,759.205
2558,26,255,317.115,758.923
2559,23,255,353.891,759.283
2560,145,255,549.217,764.128
2561,44,255,669.386,759.045
2562,90,255,708.622,760.467
2563,66,255,828.000,759.591
2564,23,255,1185.022,758.761
2565,82,255,215.049,761.939
2566,88,255,572.148,761.250
2567,186,255,132.710,767.102
2568,142,255,512.092,764.718
2569,108,255,861.852,763.083
2570,149,255,1444.050,765.513
2571,143,255,147.374,768.108
2572,81,255,622.574,765.228
2573,56,255,809.000,763.625
2574,136,255,204.235,768.765
2575,107,255,463.706,767.640
2576,49,255,892.643,764.296
2577,89,255,996.388,766.871
2578,87,255,1094.753,765.833
2579,115,255,269.543,769.326
2580,177,255,527.975,769.268
2581,230,255,963.996,768.948
2582,89,255,1035.230,766.680
2583,43,255,67.430,765.500
2584,136,255,165.603,770.265
2585,115,255,402.700,770.109
2586,92,255,1023.315,767.913
2587,85,255,1375.100,767.547
2588,81,255,25.142,769.130
2589,184,255,195.065,776.609
2590,31,255,413.468,768.403
2591,81,255,442.809,769.636
2592,75,255,910.807,769.793
2593,21,255,1329.357,767.024
2594,87,255,1572.523,769.316
2595,316,255,314.228,777.642
2596,106,255,1288.443,771.123
2597,70,255,1558.300,770.657
2598,89,255,847.680,772.152
2599,43,255,1132.640,770.756
2600,56,255,1356.339,772.179
2601,217,255,388.233,778.242
2602,99,255,1160.308,772.429
2603,123,255,95.573,776.963
2604,101,255,823.391,773.965
2605,138,255,1176.167,775.638
2606,76,255,376.079,775.250
2607,72,255,478.889,774.431
2608,124,255,928.556,775.105
2609,89,255,1239.961,775.039
2610,65,255,1262.131,774.269
2611,40,255,1474.150,773.450
2612,37,255,179.203,774.365
2613,131,255,719.836,775.790
2614,148,255,1109.703,778.372
2615,114,255,1190.070,776.237
2616,186,255,1523.774,778.081
2617,188,255,30.080,780.191
2618,126,255,755.587,778.833
2619,50,255,891.480,775.800
2620,86,255,669.686,778.209
2621,130,255,1065.054,779.738
2622,162,255,1402.105,780.481
2623,192,255,7.656,782.693
2624,150,255,236.327,782.567
2625,123,255,116.874,780.492
2626,156,255,353.090,781.667
2627,61,255,1152.352,780.320
2628,83,255,428.657,781.247
2629,80,255,1053.562,781.837
2630,127,255,1210.130,781.413
2631,118,255,1382.475,781.364
2632,129,255,1573.973,782.477
2633,124,255,67.661,785.387
2634,80,255,1139.588,782.675
2635,27,255,1499.463,781.796
2636,121,255,644.921,785.417
2637,88,255,1311.557,782.875
2638,35,255,1469.529,781.814
2639,30,255,1481.467,782.167
2640,114,255,46.281,785.360
2641,119,255,173.525,787.206
2642,185,255,339.322,789.927
2643,78,255,570.179,784.551
2644,90,255,912.900,785.767
2645,24,255,1321.333,783.042
2646,69,255,1540.906,783.949
2647,95,255,1330.795,786.237
2648,141,255,612.833,790.025
2649,180,255,784.139,790.972
2650,36,255,941.583,787.417
2651,50,255,1085.680,788.320
2652,35,255,1584.786,786.586
2653,94,255,132.904,790.628
2654,122,255,281.885,790.328
2655,87,255,298.868,789.707
2656,79,255,373.057,789.120
2657,79,255,497.222,788.589
2658,122,255,680.648,789.115
2659,22,255,739.091,786.318
2660,61,255,1230.303,787.402
2661,64,255,1462.156,787.875
2662,141,255,227.365,793.918
2663,54,255,666.296,788.444
2664,120,255,1061.325,791.075
2665,119,255,1098.618,792.382
2666,114,255,147.868,791.816
2667,122,255,484.803,792.336
2668,60,255,596.650,789.933
2669,122,255,817.180,792.836
2670,66,255,1525.076,789.061
2671,39,255,206.910,789.936
2672,72,255,832.931,791.403
2673,87,255,853.856,792.787
2674,21,255,1145.119,789.357
2675,71,255,580.838,792.077
2676,55,255,84.627,792.482
2677,133,255,463.861,795.568
2678,77,255,308.305,795.474
2679,104,255,407.154,798.192
2680,39,255,623.218,793.449
2681,120,255,1467.533,796.733
2682,88,255,393.795,796.830
2683,107,255,873.500,795.500
2684,173,255,1576.124,800.211
2685,70,255,957.271,797.057
2686,81,255,1553.154,796.957
2687,52,255,561.615,797.654
2688,21,255,1075.690,796.405
2689,46,255,1231.804,796.739
2690,207,255,1410.205,802.432
2691,67,255,110.813,799.933
2692,96,255,691.177,801.542
2693,101,255,971.015,800.114
2694,94,255,1184.691,800.096
2695,62,255,1320.823,797.984
2696,115,255,17.891,800.709
2697,54,255,945.241,799.759
2698,192,255,1025.625,805.333
2699,68,255,1197.971,799.559
2700,83,255,1452.440,800.681
2701,105,255,1527.576,800.862
2702,105,255,67.814,804.262
2703,144,255,136.771,804.431
2704,37,255,275.959,800.419
2705,112,255,446.170,802.812
2706,74,255,676.878,801.757
2707,70,255,1361.214,801.186
2708,88,255,289.352,802.795
2709,61,255,362.320,802.926
2710,114,255,1376.088,803.500
2711,73,255,1474.267,805.582
2712,183,255,38.691,809.183
2713,125,255,774.628,805.796
2714,132,255,795.955,806.894
2715,149,255,1051.876,805.466
2716,110,255,377.645,806.991
2717,84,255,1216.798,806.512
2718,166,255,317.042,809.958
2719,92,255,554.065,808.402
2720,59,255,951.381,805.754
2721,118,255,218.178,810.373
2722,137,255,266.237,810.894
2723,66,255,717.682,806.621
2724,79,255,752.538,807.146
2725,117,255,1081.611,808.295
2726,57,255,1309.202,807.675
2727,209,255,162.634,814.146
2728,149,255,569.164,810.191
2729,76,255,664.632,807.855
2730,76,255,506.434,809.092
2731,170,255,1238.212,813.565
2732,29,255,930.155,808.741
2733,61,255,1505.680,809.467
2734,41,255,246.939,810.646
2735,148,255,1137.818,815.196
2736,133,255,1172.853,814.959
2737,86,255,1261.709,812.477
2738,47,255,1325.415,811.330
2739,86,255,655.337,813.965
2740,125,255,817.684,816.500
2741,69,255,1423.326,812.746
2742,111,255,679.464,815.563
2743,61,255,832.648,813.844
2744,70,255,1355.800,814.786
2745,80,255,12.113,816.775
2746,204,255,351.123,817.971
2747,124,255,939.194,816.476
2748,50,255,26.280,815.740
2749,173,255,59.945,819.864
2750,150,255,630.713,818.127
2751,190,255,785.379,819.911
2752,74,255,961.568,816.405
2753,99,255,1466.773,816.702
2754,74,255,1059.014,817.541
2755,151,255,497.851,819.043
2756,46,255,555.283,817.304
2757,113,255,752.907,820.509
2758,95,255,893.974,818.889
2759,121,255,1295.277,821.814
2760,55,255,1478.355,818.282
2761,43,255,1538.314,817.709
2762,60,255,249.717,819.467
2763,41,255,439.549,818.183
2764,47,255,667.543,818.926
2765,21,255,744.024,817.595
2766,20,255,1444.200,817.650
2767,33,255,1548.652,818.348
2768,52,255,206.769,820.154
2769,119,255,324.634,822.887
2770,270,255,579.381,823.919
2771,134,255,1075.134,823.216
2772,30,255,1145.733,818.867
2773,64,255,1523.078,819.781
2774,148,255,875.912,822.899
2775,31,255,1190.790,821.113
2776,83,255,1263.657,821.392
2777,103,255,1420.684,820.869
2778,116,255,480.259,824.509
2779,81,255,691.080,822.451
2780,112,255,1315.955,823.134
2781,35,255,1582.700,820.414
2782,57,255,261.816,824.447
2783,127,255,1000.531,825.114
2784,114,255,1122.728,825.798
2785,52,255,1567.442,823.000
2786,196,255,424.806,827.776
2787,75,255,1169.127,823.620
2788,84,255,1220.095,825.262
2789,47,255,1593.713,823.266
2790,103,255,608.510,826.199
2791,174,255,704.753,828.190
2792,114,255,861.693,827.596
2793,72,255,955.847,826.736
2794,100,255,82.260,829.910
2795,53,255,275.858,827.142
2796,91,255,1112.610,828.203
2797,168,255,1237.762,828.988
2798,79,255,70.513,828.589
2799,128,255,110.430,831.547
2800,27,255,310.833,827.056
2801,45,255,920.278,827.456
2802,127,255,903.358,831.862
2803,39,255,1042.808,827.679
2804,62,255,1323.226,829.403
2805,163,255,1347.181,831.482
2806,167,255,1536.284,831.961
2807,84,255,185.571,830.869
2808,39,255,778.628,829.628
2809,90,255,813.211,831.444
2810,66,255,1158.667,831.606
2811,94,255,1274.574,832.106
2812,51,255,1584.951,829.402
2813,68,255,657.603,831.059
2814,42,255,832.071,829.905
2815,38,255,1140.184,830.632
2816,121,255,1551.161,833.880
2817,33,255,1012.258,831.561
2818,99,255,1506.429,833.116
2819,97,255,470.861,834.304
2820,68,255,490.426,833.588
2821,67,255,210.455,834.246
2822,41,255,555.110,834.012
2823,89,255,1043.275,834.747
2824,118,255,1093.500,836.144
2825,106,255,1443.208,835.689
2826,42,255,359.738,834.571
2827,92,255,454.565,835.761
2828,64,255,566.188,834.828
2829,22,255,1056.545,833.773
2830,94,255,1419.777,834.809
2831,164,255,327.744,838.963
2832,133,255,636.086,837.846
2833,102,255,95.480,838.529
2834,129,255,125.221,838.089
2835,77,255,177.734,838.019
2836,134,255,502.410,839.060
2837,117,255,587.286,839.107
2838,43,255,977.407,836.477
2839,140,255,1062.736,840.207
2840,49,255,1196.378,837.010
2841,66,255,867.045,838.182
2842,112,255,1284.991,839.152
2843,52,255,194.269,838.904
2844,90,255,882.967,840.211
2845,25,255,1176.900,837.380
2846,38,255,1302.737,837.763
2847,66,255,1481.303,840.000
2848,35,255,156.414,838.929
2849,112,255,1345.429,841.589
2850,48,255,1113.250,841.604
2851,31,255,34.435,842.081
2852,70,255,287.643,842.700
2853,94,255,426.436,844.011
2854,121,255,846.583,843.690
2855,20,255,1264.550,842.200
2856,113,255,1319.854,843.473
2857,148,255,659.000,844.682
2858,213,255,686.716,849.345
2859,80,255,714.450,843.462
2860,132,255,1253.697,845.288
2861,84,255,1431.143,843.429
2862,76,255,10.724,843.776
2863,131,255,375.866,845.737
2864,134,255,262.343,846.037
2865,191,255,406.866,848.935
2866,65,255,672.192,846.546
2867,129,255,954.337,848.624
2868,139,255,1141.112,847.335
2869,56,255,1174.607,844.982
2870,89,255,1420.579,845.961
2871,163,255,482.500,848.206
2872,136,255,744.625,848.206
2873,93,255,1160.070,847.145
2874,66,255,1330.288,846.348
2875,81,255,1464.191,846.451
2876,106,255,150.538,848.557
2877,148,255,537.331,850.824
2878,59,255,570.686,847.703
2879,30,255,1490.000,846.100
2880,147,255,1124.772,851.412
2881,108,255,1582.667,849.130
2882,41,255,193.037,848.232
2883,130,255,1013.585,850.454
2884,37,255,1219.149,847.797
2885,122,255,1373.311,851.295
2886,84,255,26.298,851.274
2887,71,255,53.810,850.542
2888,98,255,64.429,851.704
2889,102,255,1089.990,852.696
2890,57,255,1596.904,850.904
2891,143,255,968.150,854.150
2892,62,255,1272.226,851.242
2893,136,255,1354.662,853.529
2894,123,255,115.850,854.646
2895,132,255,991.523,854.106
2896,67,255,1207.127,852.201
2897,114,255,1404.360,854.228
2898,42,255,87.119,852.857
2899,175,255,290.574,855.866
2900,113,255,185.332,856.473
2901,73,255,509.212,853.445
2902,85,255,1305.288,855.512
2903,133,255,172.613,859.019
2904,94,255,918.819,855.447
2905,240,255,1173.892,858.146
2906,81,255,1288.043,854.747
2907,91,255,1320.467,856.588
2908,108,255,1341.361,857.593
2909,113,255,1504.438,856.261
2910,80,255,733.163,856.663
2911,64,255,787.844,856.531
2912,72,255,1070.347,857.986
2913,83,255,1231.500,858.488
2914,103,255,374.092,859.519
2915,40,255,466.850,857.200
2916,135,255,523.174,859.841
2917,98,255,795.061,861.418
2918,121,255,1049.426,861.012
2919,76,255,1556.947,859.658
2920,91,255,886.874,860.841
2921,107,255,720.444,861.958
2922,88,255,869.750,860.830
2923,51,255,1023.461,860.069
2924,111,255,1037.167,861.860
2925,114,255,1426.711,859.982
2926,163,255,334.003,864.218
2927,98,255,1251.592,861.990
2928,70,255,1269.700,860.486
2929,58,255,1330.138,862.086
2930,104,255,1366.625,862.837
2931,117,255,542.620,864.038
2932,114,255,680.596,864.474
2933,137,255,1113.266,865.376
2934,34,255,1214.176,861.353
2935,63,255,1297.056,863.675
2936,53,255,19.425,862.972
2937,82,255,317.110,863.793
2938,62,255,494.806,864.000
2939,124,255,1489.702,866.427
2940,68,255,596.750,865.588
2941,39,255,697.064,864.013
2942,56,255,835.571,865.107
2943,112,255,1124.812,867.232
2944,99,255,191.288,867.581
2945,80,255,234.562,868.650
2946,22,255,252.500,864.000
2947,55,255,483.936,865.973
2948,76,255,571.855,868.447
2949,36,255,1193.972,865.833
2950,58,255,395.362,866.897
2951,184,255,745.549,873.022
2952,35,255,1136.957,867.014
2953,139,255,1155.119,870.658
2954,73,255,151.336,868.610
2955,77,255,617.071,869.461
2956,119,255,968.391,869.534
2957,20,255,381.450,867.800
2958,81,255,463.031,870.204
2959,93,255,930.414,870.973
2960,68,255,1276.794,868.706
2961,99,255,36.601,871.247
2962,121,255,133.202,871.426
2963,147,255,367.772,871.881
2964,86,255,553.942,870.500
2965,162,255,825.747,873.512
2966,84,255,628.464,871.500
2967,25,255,755.020,870.260
2968,83,255,914.139,872.102
2969,128,255,1096.453,874.516
2970,66,255,1166.773,872.197
2971,48,255,1417.938,871.979
2972,34,255,473.118,871.647
2973,56,255,1309.411,871.732
2974,49,255,1348.949,871.296
2975,60,255,1381.567,872.467
2976,125,255,1432.100,877.452
2977,253,255,14.381,878.377
2978,101,255,208.124,874.302
2979,141,255,288.167,877.408
2980,106,255,305.170,874.745
2981,35,255,978.871,872.357
2982,123,255,993.053,874.752
2983,105,255,1566.681,874.338
2984,202,255,269.317,878.064
2985,83,255,586.910,874.849
2986,167,255,1455.254,877.332
2987,101,255,814.134,877.609
2988,61,255,951.074,875.221
2989,48,255,1227.833,875.229
2990,121,255,1294.211,877.963
2991,77,255,1526.968,877.461
2992,27,255,1535.463,874.759
2993,85,255,600.065,878.194
2994,145,255,710.645,877.817
2995,80,255,726.962,876.675
2996,24,255,923.375,874.333
2997,80,255,1044.062,877.000
2998,120,255,190.475,878.433
2999,130,255,434.631,878.877
3000,93,255,529.866,879.167
3001,39,255,562.423,876.551
3002,113,255,794.385,877.951
3003,93,255,1271.586,878.070
3004,155,255,82.416,883.106
3005,91,255,421.918,880.742
3006,83,255,490.295,878.367
3007,95,255,665.805,878.826
3008,57,255,680.605,877.939
3009,78,255,757.628,878.692
3010,76,255,1219.553,880.289
3011,114,255,103.737,880.456
3012,113,255,323.642,881.341
3013,142,255,894.500,883.021
3014,72,255,1237.722,880.431
3015,57,255,1405.658,879.728
3016,65,255,543.962,880.208
3017,102,255,1023.735,883.922
3018,48,255,841.833,881.625
3019,134,255,1312.828,882.978
3020,94,255,566.894,883.830
3021,94,255,612.117,883.915
3022,147,255,773.684,885.037
3023,80,255,803.300,884.400
3024,56,255,1187.911,881.357
3025,147,255,1497.677,883.432
3026,68,255,71.721,884.162
3027,68,255,504.868,884.750
3028,87,255,160.764,885.247
3029,91,255,472.841,885.489
3030,79,255,637.703,884.234
3031,52,255,652.577,882.827
3032,83,255,1344.548,885.235
3033,95,255,354.858,886.058
3034,90,255,849.678,887.200
3035,92,255,882.207,887.304
3036,114,255,959.175,886.123
3037,48,255,1014.229,884.271
3038,147,255,1356.126,887.772
3039,47,255,1596.968,885.160
3040,236,255,132.725,890.932
3041,145,255,244.859,888.907
3042,25,255,975.260,884.540
3043,98,255,1421.214,887.541
3044,43,255,1480.919,885.523
3045,84,255,595.595,888.333
3046,40,255,675.725,886.350
3047,78,255,918.769,887.974
3048,162,255,212.617,890.469
3049,109,255,405.096,889.417
3050,48,255,903.521,888.667
3051,46,255,938.087,887.696
3052,112,255,517.330,892.098
3053,73,255,1062.829,890.308
3054,86,255,581.128,890.872
3055,67,255,1163.500,890.425
3056,73,255,338.171,891.651
3057,127,255,449.650,894.610
3058,187,255,1327.757,894.794
3059,153,255,101.376,894.127
3060,73,255,390.062,892.212
3061,104,255,531.538,892.337
3062,131,255,738.134,893.950
3063,36,255,1120.528,891.444
3064,102,255,1562.725,893.461
3065,39,255,27.167,892.833
3066,107,255,435.089,895.294
3067,77,255,783.318,892.955
3068,71,255,822.472,893.049
3069,111,255,1184.410,894.896
3070,112,255,859.946,898.009
3071,116,255,1207.431,897.017
3072,90,255,294.789,897.033
3073,58,255,477.086,896.121
3074,99,255,1089.641,897.318
3075,75,255,1468.687,896.580
3076,67,255,1588.560,895.963
3077,151,255,86.162,900.467
3078,72,255,549.333,898.861
3079,78,255,1291.218,899.179
3080,96,255,1448.062,898.917
3081,104,255,1487.000,898.702
3082,102,255,1526.392,898.725
3083,89,255,183.837,899.163
3084,60,255,382.983,898.467
3085,77,255,599.006,898.565
3086,72,255,671.014,899.236
3087,122,255,749.336,901.361
3088,56,255,841.893,898.054
3089,22,255,1048.636,897.045
3090,70,255,250.571,899.929
3091,54,255,571.019,898.370
3092,93,255,612.156,900.231
3093,102,255,1254.373,900.373
3094,53,255,1395.651,898.689
3095,129,255,1576.872,902.012
3096,53,255,2.745,901.085
3097,56,255,561.482,899.679
3098,77,255,719.175,901.565
3099,96,255,891.146,901.979
3100,98,255,1128.898,903.031
3101,123,255,1224.077,902.337
3102,36,255,58.833,903.250
3103,124,255,158.556,908.153
3104,38,255,423.789,901.395
3105,61,255,430.730,904.025
3106,126,255,656.452,905.357
3107,51,255,868.794,901.794
3108,70,255,1036.657,903.171
3109,114,255,1115.289,904.272
3110,116,255,394.828,905.310
3111,113,255,413.677,905.562
3112,84,255,525.167,903.714
3113,31,255,1240.081,902.403
3114,92,255,1416.750,905.043
3115,68,255,537.265,905.441
3116,153,255,579.101,907.291
3117,56,255,1269.839,904.089
3118,58,255,1434.534,904.345
3119,43,255,1460.756,902.430
3120,58,255,1010.172,906.569
3121,63,255,978.246,906.310
3122,117,255,642.654,908.585
3123,52,255,1449.808,907.250
3124,104,255,675.712,909.683
3125,84,255,691.488,908.083
3126,106,255,838.642,909.377
3127,129,255,1326.663,910.802
3128,66,255,218.288,909.848
3129,81,255,602.969,909.846
3130,137,255,801.807,910.828
3131,49,255,1260.010,909.071
3132,47,255,1588.989,908.947
3133,68,255,454.662,911.118
3134,97,255,851.088,911.273
3135,48,255,1244.708,909.208
3136,74,255,1461.527,910.392
3137,122,255,1148.861,912.303
3138,52,255,201.923,912.212
3139,66,255,1276.485,911.818
3140,41,255,1375.110,911.524
3141,77,255,1486.578,912.669
3142,24,255,1499.500,910.625
3143,128,255,1508.547,914.688
3144,60,255,372.900,913.433
3145,103,255,275.112,915.257
3146,116,255,334.500,915.095
3147,62,255,466.903,914.371
3148,65,255,482.223,914.408
3149,63,255,528.833,913.992
3150,103,255,701.257,915.927
3151,99,255,829.742,915.672
3152,20,255,1223.150,912.400
3153,66,255,134.364,914.939
3154,117,255,495.611,917.936
3155,106,255,507.151,917.594
3156,182,255,947.720,918.775
3157,52,255,1385.442,914.615
3158,97,255,17.789,917.067
3159,124,255,190.565,917.702
3160,69,255,1035.529,915.862
3161,96,255,1545.427,917.031
3162,81,255,71.944,918.154
3163,57,255,287.658,917.132
3164,76,255,517.829,919.039
3165,62,255,585.694,918.581
3166,71,255,416.162,919.514
3167,71,255,685.218,919.500
3168,64,255,865.922,919.375
3169,58,255,1414.362,918.207
3170,69,255,754.819,919.543
3171,43,255,1103.012,918.640
3172,80,255,1395.912,920.388
3173,145,255,1429.645,922.562
3174,126,255,662.476,923.611
3175,127,255,1281.799,921.996
3176,68,255,1455.574,921.059
3177,66,255,1528.091,921.045
3178,38,255,260.447,921.342
3179,61,255,574.697,922.500
3180,123,255,646.972,925.524
3181,127,255,918.484,923.713
3182,174,255,1023.339,925.787
3183,103,255,1259.102,923.121
3184,75,255,1297.727,922.953
3185,63,255,1306.611,923.500
3186,83,255,1315.886,923.681
3187,82,255,1445.354,923.220
3188,149,255,58.956,926.138
3189,43,255,452.221,922.593
3190,105,255,474.976,926.443
3191,111,255,1040.644,925.635
3192,129,255,1242.391,924.632
3193,64,255,625.500,924.672
3194,37,255,725.824,924.041
3195,61,255,997.516,924.139
3196,90,255,1203.889,924.578
3197,130,255,242.731,926.692
3198,33,255,876.894,923.470
3199,93,255,1084.371,927.737
3200,29,255,1092.879,924.224
3201,197,255,1338.470,928.622
3202,27,255,1572.352,922.870
3203,103,255,164.306,928.461
3204,164,255,530.262,929.988
3205,100,255,557.530,927.390
3206,133,255,1218.831,928.312
3207,54,255,2.389,928.796
3208,133,255,321.756,928.515
3209,50,255,1382.500,926.740
3210,35,255,359.014,927.157
3211,57,255,603.044,928.623
3212,71,255,892.697,928.683
3213,78,255,1005.410,928.692
3214,47,255,1414.160,926.670
3215,53,255,400.462,929.368
3216,37,255,407.797,928.905
3217,147,255,756.071,931.085
3218,145,255,832.321,932.486
3219,67,255,984.963,928.948
3220,122,255,1489.000,931.664
3221,140,255,120.629,932.086
3222,49,255,487.806,930.235
3223,106,255,844.708,931.670
3224,35,255,1158.300,928.557
3225,71,255,143.401,932.176
3226,82,255,287.207,931.902
3227,41,255,463.085,930.037
3228,82,255,776.427,930.451
3229,88,255,1133.750,931.034
3230,127,255,92.004,935.240
3231,55,255,389.173,931.518
3232,153,255,443.788,933.389
3233,101,255,704.450,932.827
3234,120,255,799.550,934.842
3235,102,255,1184.863,932.824
3236,76,255,273.829,933.263
3237,199,255,547.937,936.947
3238,56,255,883.625,934.071
3239,96,255,514.115,936.479
3240,91,255,584.577,936.346
3241,110,255,1113.609,936.873
3242,83,255,21.090,938.464
3243,40,255,295.775,935.775
3244,76,255,1149.408,937.987
3245,70,255,1265.286,937.643
3246,124,255,249.258,940.452
3247,31,255,202.468,937.274
3248,63,255,1059.532,938.468
3249,109,255,377.427,941.876
3250,59,255,871.653,939.415
3251,40,255,1578.425,939.050
3252,47,255,982.649,939.713
3253,86,255,168.744,943.616
3254,128,255,425.602,944.281
3255,169,255,1004.666,945.524
3256,78,255,1041.513,942.115
3257,78,255,1128.115,942.141
3258,27,255,1193.278,940.241
3259,108,255,1290.352,943.509
3260,62,255,1384.629,941.855
3261,124,255,467.565,945.185
3262,63,255,1029.437,942.929
3263,106,255,1088.632,945.226
3264,43,255,1271.965,943.360
3265,70,255,35.257,944.014
3266,110,255,74.191,947.109
3267,63,255,492.865,944.198
3268,75,255,603.340,945.313
3269,71,255,1161.092,944.796
3270,85,255,1309.606,944.747
3271,152,255,137.868,948.086
3272,67,255,1323.963,944.396
3273,83,255,1441.934,945.211
3274,97,255,1519.747,945.562
3275,42,255,1538.810,944.381
3276,115,255,264.926,947.987
3277,93,255,338.038,947.382
3278,101,255,591.351,947.718
3279,88,255,689.057,947.148
3280,63,255,750.992,946.325
3281,70,255,951.171,945.814
3282,69,255,1336.804,945.906
3283,56,255,1350.446,944.982
3284,118,255,1425.856,947.263
3285,44,255,154.114,946.614
3286,44,255,397.455,947.045
3287,96,255,502.906,948.146
3288,134,255,1185.978,947.679
3289,32,255,1498.688,946.312
3290,86,255,1560.767,948.081
3291,56,255,48.232,947.714
3292,31,255,454.726,946.952
3293,170,255,924.165,952.429
3294,87,255,1115.672,948.293
3295,56,255,1148.804,947.625
3296,148,255,235.635,952.128
3297,94,255,887.160,948.734
3298,63,255,909.500,948.500
3299,105,255,319.510,950.614
3300,85,255,640.806,952.147
3301,182,255,1567.885,955.132
3302,212,255,714.514,954.538
3303,132,255,900.833,954.250
3304,85,255,14.171,953.135
3305,114,255,824.132,954.044
3306,95,255,1031.595,952.637
3307,39,255,1530.885,950.910
3308,142,255,526.056,955.099
3309,87,255,1133.592,954.109
3310,42,255,439.167,954.214
3311,74,255,622.176,955.622
3312,61,255,956.074,953.975
3313,64,255,1012.359,953.688
3314,78,255,864.013,954.692
3315,44,255,945.318,955.023
3316,144,255,1290.479,957.979
3317,50,255,1328.620,955.540
3318,97,255,96.108,958.871
3319,147,255,366.908,959.160
3320,47,255,1112.564,955.649
3321,60,255,840.433,957.867
3322,168,255,1160.827,962.304
3323,64,255,1217.922,957.750
3324,27,255,1320.611,956.352
3325,41,255,79.841,958.549
3326,146,255,184.582,962.479
3327,106,255,197.613,961.047
3328,58,255,221.448,959.448
3329,93,255,265.242,961.070
3330,91,255,284.753,960.973
3331,86,255,312.674,961.070
3332,24,255,336.458,957.625
3333,73,255,68.925,961.500
3334,98,255,467.306,962.847
3335,36,255,1079.750,958.861
3336,71,255,1443.148,959.711
3337,52,255,302.885,961.635
3338,104,255,449.337,962.346
3339,128,255,1375.461,963.711
3340,140,255,1490.814,963.636
3341,61,255,1521.057,959.992
3342,79,255,5.690,963.057
3343,48,255,169.562,961.438
3344,63,255,502.119,962.802
3345,38,255,785.526,961.158
3346,23,255,999.413,960.674
3347,81,255,1187.660,961.302
3348,40,255,154.375,962.325
3349,97,255,348.294,965.985
3350,71,255,820.077,963.472
3351,118,255,1349.703,966.229
3352,33,255,559.591,963.106
3353,79,255,937.285,963.639
3354,55,255,1453.082,963.373
3355,47,255,1531.649,963.457
3356,64,255,1583.797,963.812
3357,81,255,1326.907,964.500
3358,80,255,273.488,967.425
3359,48,255,601.188,965.042
3360,80,255,692.450,966.500
3361,47,255,1554.798,964.755
3362,38,255,570.974,965.974
3363,29,255,703.362,965.914
3364,66,255,1149.000,967.803
3365,109,255,1260.794,967.821
3366,46,255,1339.565,967.261
3367,67,255,99.634,968.679
3368,39,255,1052.705,967.115
3369,60,255,1595.400,967.750
3370,30,255,392.733,968.067
3371,39,255,806.269,968.500
3372,73,255,857.075,969.678
3373,82,255,918.671,969.122
3374,71,255,979.049,969.754
3375,36,255,1027.889,968.639
3376,160,255,1135.556,973.131
3377,65,255,1389.638,968.592
3378,60,255,1510.750,968.533
3379,30,255,141.367,969.833
3380,71,255,781.894,969.951
3381,56,255,886.875,969.429
3382,123,255,1211.037,970.980
3383,53,255,122.689,971.009
3384,60,255,174.550,971.383
3385,147,255,724.459,973.575
3386,79,255,1015.209,970.247
3387,90,255,212.822,973.389
3388,100,255,757.550,973.330
3389,76,255,528.671,974.000
3390,23,255,737.978,971.239
3391,81,255,875.167,973.796
3392,139,255,321.227,976.112
3393,109,255,1170.500,975.005
3394,78,255,186.410,975.949
3395,72,255,566.750,976.139
3396,93,255,1478.360,975.425
3397,77,255,227.344,976.890
3398,34,255,1119.471,975.000
3399,107,255,1335.379,976.790
3400,134,255,1498.493,976.918
3401,88,255,1552.955,976.216
3402,82,255,931.451,977.244
3403,67,255,943.336,977.231
3404,40,255,1539.600,976.575
3405,73,255,1579.568,976.884
3406,55,255,65.045,977.591
3407,33,255,556.045,977.106
3408,58,255,827.034,977.759
3409,32,255,1048.875,976.625
3410,142,255,1263.387,979.845
3411,140,255,1430.800,979.043
3412,59,255,298.280,978.941
3413,76,255,409.974,980.039
3414,41,255,454.329,978.866
3415,84,255,496.536,979.298
3416,57,255,624.868,978.816
3417,121,255,807.905,979.252
3418,91,255,1178.379,981.247
3419,89,255,1375.242,980.455
3420,125,255,91.140,982.980
3421,143,255,1193.178,982.521
3422,38,255,534.605,980.368
3423,96,255,1346.688,982.583
3424,176,255,283.136,987.591
3425,106,255,341.792,983.604
3426,124,255,379.258,985.032
3427,79,255,683.437,983.538
3428,123,255,1070.671,985.175
3429,107,255,1453.603,983.070
3430,80,255,231.312,985.875
3431,32,255,614.406,982.562
3432,105,255,906.700,984.624
3433,81,255,211.241,985.895
3434,105,255,304.148,986.938
3435,85,255,1005.453,985.076
3436,67,255,1030.127,984.530
3437,94,255,1584.617,985.798
3438,61,255,858.697,985.648
3439,59,255,1041.534,986.347
3440,70,255,16.729,988.857
3441,70,255,396.357,987.957
3442,70,255,668.000,986.500
3443,55,255,984.282,986.155
3444,26,255,1598.269,986.846
3445,94,255,161.404,989.457
3446,183,255,956.970,989.839
3447,161,255,125.345,990.214
3448,83,255,599.873,989.416
3449,140,255,832.636,989.993
3450,65,255,874.654,988.808
3451,198,255,1248.076,991.606
3452,79,255,1551.158,989.272
3453,53,255,29.858,989.972
3454,92,255,572.761,990.728
3455,151,255,713.023,992.142
3456,38,255,884.500,989.000
3457,219,255,1298.390,992.678
3458,82,255,145.390,992.366
3459,106,255,243.575,992.906
3460,60,255,323.633,991.250
3461,144,255,1313.271,995.146
3462,102,255,530.088,992.637
3463,42,255,543.071,990.310
3464,62,255,696.984,992.323
3465,83,255,1351.464,994.078
3466,25,255,40.180,991.820
3467,92,255,809.652,994.402
3468,86,255,1035.616,994.337
3469,126,255,1325.048,995.548
3470,53,255,1420.330,992.123
3471,62,255,627.468,993.952
3472,118,255,639.924,996.373
3473,27,255,658.130,993.722
3474,49,255,768.520,994.827
3475,113,255,1100.217,996.004
3476,93,255,1363.554,996.909
3477,98,255,47.939,998.990
3478,86,255,227.012,997.640
3479,80,255,560.888,996.737
3480,106,255,905.519,998.802
3481,74,255,1134.095,997.027
3482,63,255,1148.722,997.484
3483,28,255,1394.679,996.286
3484,74,255,34.257,999.189
3485,55,255,93.773,997.482
3486,138,255,437.377,1001.159
3487,113,255,849.571,999.951
3488,47,255,61.053,998.351
3489,108,255,258.000,1001.500
3490,52,255,268.000,998.942
3491,79,255,502.918,999.880
3492,181,255,1380.671,1001.401
3493,38,255,128.737,998.763
3494,71,255,409.923,1000.021
3495,76,255,671.513,999.987
3496,135,255,1408.996,1001.863
3497,62,255,614.645,1001.000
3498,157,255,1170.162,1004.175
3499,205,255,591.837,1005.402
3500,156,255,937.506,1005.731
3501,89,255,957.084,1001.500
3502,84,255,1565.357,1001.667
3503,36,255,448.139,1002.861
3504,114,255,981.667,1004.711
3505,145,255,1002.093,1005.307
3506,112,255,1432.304,1003.223
3507,31,255,108.790,1002.790
3508,53,255,319.632,1003.934
3509,81,255,338.438,1005.142
3510,33,255,79.712,1004.015
3511,109,255,206.050,1006.372
3512,52,255,377.250,1005.750
3513,122,255,554.164,1006.377
3514,80,255,879.250,1004.663
3515,134,255,1193.739,1007.933
3516,95,255,355.321,1007.058
3517,55,255,762.373,1005.409
3518,136,255,899.074,1008.500
3519,33,255,1026.712,1004.591
3520,166,255,1250.181,1006.807
3521,96,255,189.833,1009.438
3522,62,255,1043.419,1007.274
3523,267,255,1100.773,1009.860
3524,44,255,173.386,1008.205
3525,79,255,298.690,1009.171
3526,65,255,777.208,1007.469
3527,49,255,821.541,1007.439
3528,188,255,954.410,1013.622
3529,98,255,967.643,1010.316
3530,35,255,64.214,1007.757
3531,47,255,537.053,1007.606
3532,171,255,1452.909,1010.787
3533,161,255,147.208,1013.115
3534,43,255,414.640,1009.314
3535,113,255,617.058,1010.969
3536,42,255,674.214,1009.071
3537,114,255,841.851,1010.281
3538,145,255,1485.852,1011.293
3539,83,255,1533.536,1009.259
3540,53,255,745.123,1010.858
3541,108,255,43.583,1013.880
3542,65,255,703.608,1012.023
3543,93,255,755.586,1013.747
3544,206,255,1468.908,1017.990
3545,63,255,725.944,1012.040
3546,53,255,160.821,1014.179
3547,112,255,269.125,1014.920
3548,99,255,599.470,1015.157
3549,111,255,634.104,1015.563
3550,54,255,1116.556,1013.630
3551,111,255,1513.482,1015.194
3552,165,255,1554.524,1016.536
3553,83,255,16.898,1017.030
3554,112,255,429.241,1016.839
3555,89,255,455.489,1017.320
3556,96,255,909.844,1017.646
3557,20,255,88.450,1016.750
3558,99,255,354.439,1018.702
3559,55,255,581.045,1017.555
3560,75,255,688.060,1018.047
3561,42,255,229.690,1017.976
3562,64,255,384.391,1018.562
3563,74,255,530.378,1019.973
3564,58,255,708.052,1018.448
3565,96,255,812.323,1019.302
3566,77,255,925.825,1019.669
3567,58,255,544.914,1019.879
3568,85,255,505.876,1021.453
3569,73,255,113.377,1022.664
3570,81,255,612.228,1021.846
3571,233,255,904.474,1026.599
3572,124,255,657.306,1023.952
3573,55,255,888.173,1022.900
3574,57,255,1596.605,1023.430
3575,73,255,1079.678,1024.568
3576,94,255,285.032,1026.021
3577,87,255,474.672,1026.201
3578,61,255,128.582,1026.877
3579,80,255,232.512,1027.000
3580,76,255,439.645,1026.092
3581,86,255,869.744,1027.081
3582,125,255,217.396,1029.492
3583,130,255,405.923,1028.731
3584,77,255,593.513,1027.513
3585,224,255,814.830,1031.696
3586,112,255,324.500,1030.759
3587,89,255,557.904,1029.579
3588,146,255,734.973,1029.459
3589,160,255,796.450,1031.487
3590,51,255,1254.637,1029.578
3591,132,255,181.773,1031.144
3592,117,255,459.585,1030.808
3593,108,255,537.222,1030.639
3594,48,255,574.167,1030.042
3595,65,255,1239.623,1030.392
3596,35,255,1265.557,1029.500
3597,70,255,67.586,1033.143
3598,57,255,296.570,1032.974
3599,127,255,618.406,1034.642
3600,85,255,57.288,1034.700
3601,57,255,1227.377,1033.886
3602,279,255,10.891,1042.783
3603,93,255,345.640,1036.382
3604,40,255,493.425,1034.150
3605,66,255,41.682,1036.076
3606,33,255,704.379,1034.924
3607,97,255,546.974,1037.366
3608,86,255,641.291,1037.128
3609,129,255,33.213,1041.415
3610,50,255,127.380,1037.500
3611,199,255,772.595,1042.862
3612,183,255,208.855,1042.276
3613,60,255,88.000,1041.500
3614,93,255,160.070,1042.435
3615,107,255,358.547,1042.846
3616,135,255,599.189,1043.085
3617,127,255,857.280,1042.051
3618,21,255,1278.833,1038.833
3619,54,255,100.833,1042.111
3620,94,255,143.479,1043.617
3621,155,255,272.713,1044.777
3622,92,255,392.370,1043.870
3623,59,255,1237.331,1042.686
3624,90,255,412.289,1044.533
3625,88,255,573.432,1044.307
3626,79,255,111.424,1045.006
3627,39,255,1195.910,1043.987
3628,44,255,1249.364,1043.568
3629,69,255,515.471,1045.326
3630,41,255,1265.476,1045.061
3631,66,255,122.682,1048.470
3632,78,255,473.756,1047.910
3633,230,255,624.761,1051.909
3634,74,255,884.270,1046.473
3635,67,255,291.381,1049.784
3636,34,255,370.000,1049.235
3637,49,255,184.092,1051.602
3638,54,255,537.907,1051.537
3639,163,255,218.279,1057.856
3640,73,255,321.116,1053.637
3641,128,255,167.102,1057.055
3642,21,255,305.881,1052.976
3643,109,255,552.674,1055.794
3644,44,255,84.818,1055.545
3645,20,255,409.000,1054.750
3646,103,255,716.063,1057.248
3647,90,255,256.956,1058.056
3648,116,255,578.405,1058.198
3649,132,255,603.818,1059.750
3650,92,255,202.554,1060.772
3651,150,255,235.913,1062.073
3652,125,255,68.036,1063.460
3653,28,255,308.750,1060.179
3654,42,255,340.714,1061.238
3655,55,255,454.282,1061.409
3656,81,255,1339.130,1061.117
3657,49,255,1567.031,1062.418
3658,92,255,282.576,1064.500
3659,52,255,389.731,1062.019
3660,142,255,510.282,1066.141
3661,51,255,1298.304,1064.029
3662,67,255,7.097,1064.231
3663,73,255,175.747,1064.596
3664,29,255,1328.707,1062.914
3665,71,255,190.923,1066.880
3666,179,255,470.729,1068.455
3667,62,255,58.226,1067.887
3668,84,255,702.214,1066.500
3669,82,255,1285.341,1065.915
3670,39,255,81.551,1066.628
3671,107,255,546.276,1067.678
3672,40,255,1356.700,1065.525
3673,97,255,110.108,1070.314
3674,34,255,311.059,1067.324
3675,22,255,1084.318,1066.000
3676,53,255,1146.915,1067.368
3677,50,255,1268.900,1067.460
3678,46,255,1369.565,1067.043
3679,82,255,126.146,1068.951
3680,55,255,39.664,1070.336
3681,62,255,1382.210,1070.919
3682,38,255,380.132,1071.553
3683,99,255,217.439,1074.268
3684,30,255,586.767,1071.467
3685,21,255,1157.833,1071.643
3686,102,255,487.108,1075.412
3687,54,255,202.463,1075.444
3688,92,255,1093.380,1076.739
3689,76,255,1115.671,1076.171
3690,49,255,1288.194,1075.173
3691,51,255,1222.951,1076.225
3692,145,255,1312.514,1079.238
3693,53,255,347.368,1076.877
3694,80,255,443.637,1079.750
3695,71,255,453.627,1078.359
3696,48,255,971.021,1080.271
3697,103,255,1078.655,1078.451
3698,70,255,1103.971,1078.486
3699,124,255,1298.992,1080.589
3700,31,255,173.081,1078.403
3701,116,255,653.241,1078.716
3702,103,255,1152.947,1084.529
3703,36,255,300.167,1079.611
3704,46,255,1137.022,1079.587
3705,40,255,1145.400,1079.575
3706,97,255,1174.510,1083.036
3707,65,255,190.792,1081.238
3708,64,255,309.062,1080.859
3709,88,255,1164.648,1081.818
3710,50,255,78.820,1081.840
3711,60,255,330.667,1081.833
3712,98,255,401.010,1083.133
3713,111,255,416.032,1082.608
3714,99,255,1198.005,1082.904
3715,97,255,1242.170,1084.686
3716,72,255,291.958,1084.222
3717,84,255,363.238,1083.952
3718,172,255,1218.169,1086.058
3719,65,255,132.238,1085.362
3720,92,255,157.522,1085.902
3721,80,255,922.475,1084.825
3722,63,255,58.913,1087.563
3723,26,255,205.500,1085.077
3724,63,255,265.198,1088.357
3725,106,255,238.349,1088.755
3726,41,255,1143.744,1087.695
3727,69,255,108.413,1089.572
3728,172,255,356.517,1091.756
3729,92,255,1398.772,1090.402
3730,50,255,215.360,1089.620
3731,52,255,461.635,1091.577
3732,58,255,1035.362,1090.914
3733,159,255,22.796,1094.399
3734,45,255,322.967,1092.233
3735,38,255,1197.895,1091.711
3736,89,255,170.916,1094.556
3737,84,255,199.500,1093.595
3738,92,255,404.630,1094.239
3739,71,255,255.331,1096.613
3740,44,255,1208.636,1094.955
3741,62,255,807.371,1096.387
3742,22,255,1006.409,1097.000
3743,60,255,229.200,1097.400
3744,32,255,816.000,1097.312
3745,52,255,867.385,1097.538
3746,82,255,967.622,1097.622
3747,50,255,215.580,1097.660
3748,21,255,5.071,1098.214
3749,20,255,1219.550,1098.150
