 ,Area,Mean,X,Y
1,178,255,622.191,10.472
2,200,255,1017.710,13.435
3,57,255,1029.570,11.991
4,153,255,584.729,16.441
5,68,255,682.294,12.044
6,71,255,600.190,12.866
7,139,255,1075.112,16.313
8,35,255,645.700,14.757
9,58,255,765.017,15.448
10,151,255,1052.255,17.275
11,133,255,523.989,18.861
12,139,255,740.860,18.910
13,47,255,718.564,17.309
14,42,255,1094.952,17.048
15,22,255,608.591,16.409
16,122,255,617.164,21.189
17,167,255,1127.009,19.871
18,165,255,540.852,20.852
19,98,255,1170.714,20.929
20,85,255,1105.559,21.206
21,66,255,490.076,22.167
22,61,255,701.451,22.270
23,226,255,424.898,26.115
24,50,255,459.600,23.280
25,36,255,689.222,22.361
26,182,255,1181.434,27.187
27,72,255,1223.681,23.972
28,91,255,1155.500,24.588
29,98,255,478.959,27.408
30,172,255,505.599,28.297
31,180,255,558.694,29.250
32,34,255,600.971,25.353
33,47,255,1235.032,24.926
34,44,255,1091.386,26.000
35,139,255,1242.989,29.032
36,48,255,1279.500,26.917
37,128,255,399.898,29.844
38,81,255,1143.167,29.772
39,113,255,447.040,31.367
40,78,255,1216.321,30.923
41,63,255,1192.611,32.214
42,53,255,488.670,32.160
43,41,255,1226.817,32.817
44,35,255,881.014,35.043
45,39,255,460.705,35.962
46,38,255,1073.789,37.395
47,92,255,1088.402,39.011
48,88,255,1199.227,38.955
49,77,255,1292.084,38.942
50,55,255,547.500,41.045
51,141,255,1241.018,43.259
52,127,255,890.791,46.209
53,196,255,270.592,49.607
54,57,255,1144.096,46.132
55,125,255,394.436,50.940
56,52,255,1071.673,49.788
57,31,255,1296.629,48.629
58,30,255,1451.467,50.067
59,152,255,237.559,56.717
60,85,255,649.982,53.429
61,85,255,1166.288,54.053
62,39,255,1135.090,54.269
63,93,255,248.543,57.812
64,79,255,894.665,58.209
65,59,255,224.381,57.314
66,107,255,174.715,59.248
67,25,255,1446.380,57.260
68,90,255,155.356,61.367
69,102,255,188.990,60.608
70,111,255,962.104,63.374
71,59,255,1223.873,61.297
72,94,255,132.745,62.894
73,93,255,750.005,64.726
74,61,255,1127.779,62.287
75,78,255,145.641,67.359
76,70,255,165.857,65.943
77,31,255,198.242,65.242
78,96,255,1322.365,68.406
79,107,255,120.304,69.902
80,28,255,403.964,68.393
81,56,255,461.036,69.857
82,49,255,183.071,69.827
83,103,255,1541.850,71.869
84,175,255,69.443,76.271
85,121,255,132.070,73.988
86,95,255,507.405,71.805
87,63,255,100.294,71.690
88,59,255,202.229,72.195
89,86,255,83.442,74.116
90,83,255,154.259,75.898
91,47,255,1167.223,75.947
92,72,255,26.153,79.431
93,67,255,176.112,78.828
94,30,255,596.900,77.567
95,86,255,104.698,80.442
96,45,255,1124.922,78.544
97,87,255,1279.592,79.776
98,61,255,578.926,80.533
99,86,255,14.523,81.965
100,21,255,484.262,81.357
101,115,255,81.978,84.970
102,31,255,547.758,81.823
103,85,255,47.971,86.394
104,125,255,37.708,87.444
105,82,255,455.634,87.012
106,80,255,1134.125,86.050
107,83,255,259.633,94.548
108,93,255,566.382,96.328
109,73,255,31.253,96.610
110,43,255,229.616,96.384
111,96,255,819.302,101.542
112,25,255,469.140,98.740
113,102,255,1106.912,101.245
114,57,255,275.079,101.763
115,83,255,1212.536,103.367
116,136,255,794.684,106.551
117,112,255,1266.920,106.188
118,82,255,604.793,106.341
119,82,255,144.183,109.244
120,50,255,1180.360,107.120
121,57,255,1233.219,106.079
122,52,255,1250.885,107.096
123,98,255,1169.112,108.153
124,103,255,196.296,115.568
125,48,255,1068.292,115.542
126,67,255,165.590,116.724
127,121,255,850.764,118.690
128,73,255,1121.377,118.678
129,84,255,1056.607,122.500
130,24,255,1100.375,118.667
131,45,255,144.944,120.633
132,259,255,1147.160,125.519
133,97,255,1033.974,122.562
134,111,255,1448.212,123.284
135,32,255,238.531,122.656
136,47,255,647.223,123.032
137,86,255,305.221,124.895
138,101,255,770.213,125.173
139,126,255,1252.127,127.063
140,86,255,825.756,127.733
141,50,255,1101.420,125.660
142,117,255,1236.013,128.774
143,63,255,105.881,127.532
144,32,255,289.688,127.375
145,170,255,489.318,132.547
146,92,255,569.739,129.337
147,41,255,999.866,128.573
148,89,255,26.444,130.803
149,56,255,145.643,129.821
150,110,255,969.482,131.500
151,23,255,1195.326,129.717
152,193,255,1423.282,134.769
153,36,255,326.139,131.806
154,176,255,413.744,136.193
155,83,255,837.970,133.633
156,41,255,1071.256,131.232
157,92,255,1361.380,133.750
158,125,255,377.356,135.676
159,164,255,614.152,135.616
160,181,255,734.975,136.041
161,111,255,747.410,136.527
162,87,255,923.052,133.397
163,66,255,1157.924,133.394
164,86,255,1370.384,134.860
165,119,255,593.408,137.231
166,95,255,989.174,135.742
167,39,255,1274.859,135.090
168,123,255,1172.142,138.191
169,65,255,756.608,138.762
170,73,255,783.486,138.295
171,153,255,1218.428,141.271
172,90,255,57.422,140.533
173,44,255,257.341,137.568
174,70,255,272.757,138.500
175,83,255,669.066,140.608
176,173,255,1032.321,139.413
177,102,255,1133.951,139.059
178,75,255,954.393,140.087
179,100,255,975.440,141.420
180,90,255,225.244,142.767
181,75,255,996.313,141.833
182,81,255,630.710,141.377
183,155,255,1237.171,143.984
184,144,255,426.688,146.208
185,143,255,1123.297,146.423
186,122,255,1576.598,144.533
187,62,255,1014.839,144.177
188,101,255,1266.936,145.856
189,69,255,1562.181,145.688
190,86,255,360.477,146.802
191,105,255,506.681,148.490
192,98,255,795.255,146.837
193,111,255,861.806,147.050
194,96,255,899.812,146.500
195,155,255,946.145,148.726
196,97,255,1362.407,146.015
197,105,255,872.271,149.481
198,97,255,1094.098,146.119
199,97,255,1148.881,149.582
200,76,255,1552.118,147.697
201,60,255,45.283,148.950
202,87,255,198.684,146.845
203,171,255,653.775,151.886
204,108,255,1525.574,149.944
205,60,255,179.300,149.600
206,72,255,817.819,149.736
207,72,255,843.208,151.417
208,80,255,282.025,150.950
209,99,255,767.076,150.662
210,61,255,987.287,150.107
211,109,255,400.124,152.610
212,106,255,600.557,153.811
213,136,255,1011.757,152.463
214,122,255,1032.754,153.328
215,148,255,500.669,157.953
216,48,255,824.458,154.292
217,42,255,299.000,154.167
218,41,255,564.915,152.988
219,22,255,727.318,153.000
220,45,255,787.722,153.922
221,94,255,1086.213,156.032
222,134,255,1372.157,156.507
223,175,255,1435.397,159.517
224,83,255,1513.102,155.331
225,90,255,741.989,157.500
226,99,255,335.207,158.268
227,62,255,800.548,157.355
228,115,255,1163.987,158.430
229,159,255,962.877,160.745
230,115,255,1061.361,161.126
231,48,255,830.854,159.833
232,21,255,1094.357,157.548
233,107,255,1214.210,161.687
234,99,255,1357.904,162.338
235,61,255,1390.156,158.828
236,123,255,1581.939,161.411
237,48,255,80.708,160.688
238,149,255,488.379,162.332
239,42,255,531.500,158.571
240,166,255,886.440,162.651
241,96,255,1043.708,162.760
242,90,255,1246.000,162.278
243,89,255,1257.803,162.972
244,113,255,1297.659,161.907
245,42,255,174.881,161.786
246,98,255,386.755,163.153
247,55,255,770.773,161.355
248,114,255,1140.640,162.719
249,110,255,1561.082,162.927
250,136,255,857.257,165.485
251,132,255,1116.417,164.568
252,69,255,376.225,163.457
253,100,255,417.980,163.510
254,138,255,672.232,168.261
255,81,255,841.957,164.401
256,81,255,1172.883,165.895
257,71,255,1336.852,163.190
258,93,255,1349.210,166.328
259,68,255,1405.721,163.500
260,220,255,693.968,169.314
261,40,255,708.850,164.625
262,136,255,940.037,169.066
263,88,255,1471.841,166.364
264,61,255,650.041,165.795
265,96,255,786.323,168.594
266,53,255,308.160,167.255
267,112,255,615.098,169.000
268,90,255,1318.489,168.656
269,64,255,247.750,169.172
270,71,255,335.838,168.993
271,154,255,457.318,172.539
272,103,255,761.432,170.490
273,141,255,557.656,172.188
274,74,255,723.392,170.541
275,70,255,1038.000,171.471
276,57,255,1266.886,170.149
277,114,255,296.982,172.570
278,110,255,474.409,172.936
279,74,255,777.270,173.662
280,93,255,873.231,174.500
281,96,255,1071.698,173.198
282,95,255,1393.953,173.616
283,99,255,276.753,173.712
284,109,255,1012.151,174.573
285,41,255,1055.817,170.841
286,109,255,1247.995,174.647
287,130,255,241.046,177.092
288,97,255,746.459,174.263
289,91,255,1531.247,173.698
290,98,255,129.184,177.459
291,116,255,519.750,175.440
292,105,255,1212.624,176.405
293,64,255,144.422,176.578
294,101,255,361.183,176.391
295,88,255,711.841,176.386
296,156,255,1344.115,181.462
297,151,255,1131.844,180.977
298,33,255,1496.894,175.167
299,41,255,344.866,175.476
300,81,255,547.031,179.562
301,108,255,656.750,180.722
302,37,255,1274.257,176.878
303,142,255,1323.655,180.176
304,110,255,1551.773,179.582
305,202,255,200.371,182.995
306,100,255,387.020,179.940
307,52,255,861.212,180.154
308,153,255,1487.944,183.271
309,114,255,160.658,180.430
310,107,255,436.509,179.182
311,63,255,504.262,178.865
312,50,255,683.760,179.680
313,46,255,1026.348,178.174
314,79,255,1053.361,180.829
315,51,255,1062.441,179.049
316,105,255,1537.243,181.852
317,94,255,632.160,181.777
318,94,255,737.840,181.649
319,72,255,839.694,182.167
320,107,255,849.098,184.005
321,65,255,903.746,181.008
322,112,255,1157.598,182.366
323,61,255,1468.369,179.418
324,137,255,1514.536,183.004
325,66,255,374.485,181.515
326,114,255,1445.930,183.412
327,130,255,591.685,183.969
328,93,255,722.543,184.952
329,59,255,533.653,185.178
330,84,255,937.952,185.464
331,135,255,1428.026,187.611
332,56,255,611.893,185.679
333,27,255,749.352,182.870
334,99,255,974.328,187.672
335,85,255,1275.218,185.476
336,98,255,1298.245,188.276
337,97,255,495.170,187.974
338,90,255,709.222,187.356
339,87,255,1029.431,186.960
340,83,255,1042.259,187.476
341,125,255,1248.964,188.484
342,119,255,1364.282,189.475
343,89,255,1590.197,187.208
344,55,255,276.900,187.609
345,82,255,671.744,188.866
346,87,255,924.305,189.305
347,40,255,1001.450,186.650
348,48,255,1196.646,186.896
349,77,255,1221.747,187.110
350,80,255,1237.062,189.775
351,73,255,435.062,188.979
352,96,255,453.917,190.021
353,100,255,887.670,189.780
354,74,255,1353.568,189.865
355,62,255,1523.919,188.935
356,127,255,691.201,194.051
357,66,255,823.121,190.864
358,57,255,1208.518,188.763
359,69,255,1460.152,189.065
360,83,255,186.958,190.693
361,58,255,363.448,190.586
362,58,255,419.862,189.552
363,96,255,777.469,190.719
364,80,255,857.950,192.012
365,93,255,1071.801,192.231
366,100,255,1185.180,192.460
367,121,255,1479.194,193.037
368,32,255,174.781,191.250
369,64,255,345.547,192.469
370,75,255,543.527,192.460
371,39,255,296.679,191.346
372,72,255,443.583,194.958
373,54,255,805.204,191.611
374,32,255,1176.469,192.562
375,122,255,1320.566,195.484
376,52,255,1419.808,193.500
377,128,255,310.703,196.711
378,80,255,912.163,195.050
379,122,255,1533.566,194.213
380,86,255,222.198,196.570
381,80,255,470.738,195.700
382,59,255,509.161,195.127
383,79,255,636.842,195.652
384,92,255,837.489,196.717
385,109,255,1394.711,196.683
386,44,255,412.500,195.000
387,135,255,384.463,201.337
388,101,255,487.530,197.540
389,69,255,736.181,196.978
390,173,255,985.321,201.263
391,86,255,1085.895,197.442
392,143,255,1496.906,200.878
393,101,255,1510.916,198.807
394,79,255,124.158,197.665
395,111,255,137.536,200.608
396,195,255,796.162,200.910
397,86,255,872.047,198.174
398,64,255,967.234,198.203
399,165,255,164.421,201.167
400,92,255,246.435,198.511
401,150,255,283.513,204.520
402,68,255,621.559,200.206
403,38,255,994.447,197.895
404,99,255,1023.268,199.985
405,87,255,95.305,200.316
406,79,255,524.525,200.449
407,70,255,563.529,201.171
408,49,255,613.010,198.786
409,56,255,1206.982,200.196
410,113,255,1403.819,203.810
411,74,255,596.203,201.162
412,151,255,1002.884,204.705
413,93,255,114.360,203.597
414,96,255,296.760,203.479
415,75,255,629.433,202.860
416,88,255,659.568,202.705
417,99,255,713.005,202.854
418,91,255,1574.929,202.643
419,64,255,26.375,202.234
420,83,255,207.500,203.620
421,85,255,361.712,204.406
422,78,255,555.436,204.500
423,133,255,1364.861,207.402
424,106,255,191.755,206.038
425,82,255,331.744,204.890
426,88,255,683.386,203.807
427,77,255,862.591,203.968
428,69,255,1192.877,203.775
429,91,255,1269.753,204.137
430,69,255,1470.819,205.964
431,114,255,1291.053,207.518
432,32,255,1598.312,205.000
433,78,255,219.269,208.256
434,49,255,1080.378,207.112
435,84,255,1123.345,206.583
436,55,255,1427.536,206.664
437,26,255,102.577,206.923
438,93,255,453.511,208.403
439,94,255,703.000,208.851
440,29,255,1091.293,206.259
441,28,255,1141.393,205.821
442,97,255,589.985,209.696
443,87,255,722.224,209.799
444,72,255,768.708,208.361
445,120,255,844.767,211.050
446,106,255,131.981,211.717
447,61,255,245.795,209.057
448,53,255,613.783,208.764
449,78,255,759.205,211.474
450,85,255,818.571,212.347
451,73,255,1134.253,211.226
452,142,255,1161.655,212.246
453,96,255,1182.146,212.479
454,92,255,1556.967,211.946
455,87,255,779.052,212.443
456,57,255,794.447,211.956
457,66,255,956.455,211.864
458,132,255,1061.030,213.856
459,88,255,1199.125,212.534
460,80,255,1209.263,214.325
461,107,255,36.369,214.734
462,137,255,95.748,215.157
463,68,255,522.059,212.794
464,122,255,602.902,216.066
465,46,255,1419.696,212.413
466,63,255,1519.675,212.960
467,60,255,121.450,213.600
468,116,255,146.474,215.078
469,37,255,833.203,212.824
470,68,255,82.368,215.529
471,72,255,202.806,215.083
472,43,255,320.942,214.058
473,81,255,689.278,215.895
474,97,255,749.995,215.892
475,54,255,1372.667,215.741
476,52,255,1579.462,214.673
477,110,255,562.582,218.691
478,142,255,915.479,218.986
479,88,255,1313.648,217.091
480,49,255,111.969,216.908
481,113,255,310.456,219.810
482,115,255,542.996,219.057
483,98,255,930.949,217.735
484,74,255,1328.568,217.270
485,229,255,1425.653,223.181
486,88,255,1456.693,217.080
487,130,255,1388.392,219.592
488,71,255,1587.866,218.246
489,144,255,13.146,221.417
490,71,255,212.289,219.739
491,104,255,276.471,219.990
492,52,255,438.231,218.308
493,132,255,987.492,222.083
494,88,255,1095.136,219.682
495,95,255,1342.521,220.689
496,64,255,1497.469,219.391
497,61,255,1525.107,219.320
498,108,255,53.741,222.120
499,75,255,259.007,220.820
500,37,255,574.095,219.014
501,111,255,659.104,222.590
502,91,255,1112.269,221.225
503,60,255,1353.983,219.833
504,107,255,809.360,222.893
505,73,255,964.349,221.979
506,67,255,1255.664,221.366
507,90,255,775.300,223.456
508,100,255,1033.450,222.290
509,155,255,1076.855,224.506
510,51,255,71.951,222.382
511,71,255,333.317,223.472
512,20,255,672.850,220.850
513,76,255,1565.368,223.434
514,108,255,121.398,225.491
515,75,255,160.087,224.193
516,99,255,289.955,226.409
517,63,255,372.659,225.341
518,127,255,399.256,227.020
519,86,255,62.221,226.523
520,96,255,225.740,227.792
521,53,255,948.991,224.953
522,155,255,1016.352,227.435
523,75,255,1195.180,226.100
524,43,255,1579.756,224.965
525,51,255,149.422,226.284
526,80,255,39.375,229.700
527,76,255,90.079,227.895
528,96,255,101.354,230.208
529,138,255,192.232,231.043
530,96,255,692.521,228.573
531,82,255,30.207,229.451
532,64,255,484.891,228.734
533,126,255,622.270,231.103
534,27,255,1045.981,228.056
535,111,255,211.734,230.959
536,123,255,829.142,230.841
537,115,255,1304.761,232.717
538,66,255,705.697,231.818
539,45,255,871.678,230.367
540,69,255,931.717,231.051
541,62,255,958.984,232.242
542,59,255,1374.449,230.941
543,91,255,257.797,237.313
544,41,255,750.061,231.305
545,121,255,793.558,235.855
546,91,255,889.258,234.027
547,62,255,1344.435,232.516
548,129,255,1473.547,235.329
549,104,255,1496.663,233.808
550,51,255,323.912,232.892
551,77,255,335.344,234.500
552,86,255,437.674,235.093
553,136,255,637.441,236.485
554,79,255,1213.070,235.411
555,129,255,1329.779,236.810
556,94,255,4.245,236.234
557,53,255,68.745,233.236
558,80,255,177.275,235.175
559,95,255,976.963,236.763
560,88,255,1458.864,235.818
561,146,255,1586.034,237.411
562,59,255,17.975,235.483
563,95,255,114.753,235.889
564,59,255,245.771,236.178
565,93,255,417.651,236.392
566,35,255,771.700,234.671
567,32,255,1205.562,234.594
568,83,255,1235.524,234.657
569,35,255,1539.786,234.929
570,62,255,480.597,236.968
571,78,255,514.205,237.564
572,86,255,803.035,238.709
573,156,255,1058.833,240.353
574,85,255,1224.335,237.876
575,26,255,1245.423,234.923
576,57,255,1513.816,236.237
577,65,255,1568.146,236.700
578,42,255,538.000,236.095
579,176,255,585.222,244.193
580,130,255,843.062,240.292
581,33,255,908.470,236.712
582,25,255,1524.180,235.860
583,56,255,371.446,239.339
584,45,255,452.478,237.767
585,90,255,758.633,239.156
586,79,255,871.677,239.525
587,53,255,1317.651,238.953
588,55,255,1597.518,240.445
589,54,255,73.426,239.056
590,110,255,861.664,241.736
591,47,255,1084.053,238.734
592,64,255,1163.719,239.266
593,121,255,1264.591,240.756
594,84,255,1294.393,240.357
595,186,255,1390.511,242.274
596,93,255,87.672,243.070
597,77,255,713.955,241.461
598,148,255,782.338,243.291
599,77,255,949.019,241.552
600,92,255,1094.120,241.989
601,49,255,312.622,240.418
602,101,255,466.282,242.639
603,75,255,882.660,241.780
604,47,255,936.181,240.989
605,103,255,1118.461,244.316
606,168,255,1556.685,244.786
607,98,255,59.929,243.969
608,71,255,531.415,242.979
609,92,255,560.011,243.370
610,112,255,728.768,245.830
611,60,255,495.517,243.600
612,76,255,540.421,245.079
613,134,255,904.112,246.134
614,95,255,1180.668,245.426
615,86,255,32.267,244.535
616,137,255,48.960,247.069
617,162,255,664.994,248.753
618,99,255,702.732,246.621
619,136,255,921.853,249.515
620,77,255,1036.006,245.305
621,60,255,1369.933,244.917
622,69,255,1520.703,245.833
623,40,255,1404.750,243.750
624,92,255,78.728,247.717
625,83,255,143.861,247.584
626,67,255,738.082,246.978
627,96,255,1140.271,247.781
628,79,255,1284.323,247.981
629,95,255,1529.542,248.763
630,63,255,215.008,248.484
631,63,255,353.008,248.024
632,147,255,772.153,252.119
633,83,255,832.536,248.500
634,103,255,1002.976,249.160
635,56,255,1085.875,247.286
636,32,255,1156.750,246.406
637,71,255,1496.669,248.275
638,105,255,18.805,249.138
639,22,255,236.136,247.773
640,57,255,288.430,246.956
641,100,255,719.480,252.320
642,107,255,1472.453,249.341
643,65,255,276.362,250.331
644,83,255,386.729,250.633
645,129,255,692.407,253.058
646,41,255,155.817,251.476
647,74,255,67.784,252.122
648,41,255,339.500,250.500
649,96,255,131.219,253.729
650,54,255,1417.611,252.278
651,104,255,183.385,256.125
652,92,255,496.152,254.511
653,59,255,954.653,253.720
654,126,255,1367.556,257.706
655,77,255,223.448,255.344
656,137,255,1504.398,258.296
657,126,255,560.381,259.373
658,70,255,858.386,255.643
659,61,255,1130.648,255.107
660,102,255,258.824,258.559
661,81,255,1151.364,257.154
662,103,255,1490.286,257.879
663,57,255,412.254,257.588
664,32,255,435.312,256.188
665,98,255,740.480,259.051
666,131,255,980.920,261.393
667,23,255,314.109,256.283
668,92,255,360.065,260.500
669,79,255,99.171,261.563
670,134,255,471.582,263.209
671,30,255,1047.967,257.967
672,80,255,1268.175,261.175
673,103,255,1424.655,259.636
674,95,255,122.626,261.763
675,107,255,450.902,263.668
676,44,255,939.455,261.409
677,20,255,1311.200,258.000
678,59,255,1343.856,260.754
679,88,255,1551.545,262.136
680,76,255,34.105,263.224
681,170,255,677.412,265.088
682,114,255,836.281,267.246
683,29,255,1035.431,259.948
684,107,255,1176.706,263.229
685,118,255,1222.686,263.127
686,36,255,1317.306,261.250
687,57,255,1324.868,261.342
688,69,255,1356.761,263.413
689,123,255,575.646,265.020
690,136,255,635.404,265.346
691,99,255,889.641,264.904
692,109,255,1126.647,264.463
693,100,255,148.590,266.900
694,94,255,171.309,265.319
695,109,255,1006.115,266.711
696,86,255,3.930,266.837
697,103,255,205.296,267.335
698,80,255,379.712,266.137
699,55,255,428.791,263.427
700,87,255,617.190,267.167
701,111,255,731.959,267.545
702,25,255,850.180,263.460
703,113,255,1141.288,266.987
704,67,255,1558.993,265.694
705,90,255,392.922,268.267
706,60,255,500.733,267.350
707,156,255,776.147,267.968
708,106,255,790.613,266.481
709,164,255,1203.890,270.140
710,71,255,1412.077,266.585
711,52,255,51.269,266.038
712,105,255,1432.024,268.433
713,44,255,1448.500,266.000
714,181,255,339.848,272.837
715,26,255,748.846,265.846
716,106,255,1591.745,269.226
717,109,255,600.904,269.876
718,42,255,953.524,267.452
719,123,255,1076.736,271.305
720,75,255,1256.687,269.580
721,89,255,1311.354,269.365
722,134,255,1400.896,271.410
723,172,255,92.547,273.110
724,94,255,541.074,272.340
725,101,255,659.361,271.866
726,128,255,717.891,273.227
727,91,255,24.984,273.885
728,22,255,516.227,268.727
729,83,255,1380.452,272.018
730,124,255,76.903,273.444
731,161,255,879.543,275.059
732,63,255,1107.659,271.484
733,49,255,1364.418,271.378
734,83,255,1470.536,272.801
735,118,255,240.551,274.703
736,79,255,625.766,274.816
737,75,255,902.353,273.967
738,65,255,138.977,273.900
739,192,255,821.417,277.042
740,113,255,804.765,279.217
741,54,255,969.889,276.185
742,38,255,1343.211,273.868
743,111,255,1502.914,277.374
744,174,255,1532.718,278.569
745,112,255,15.295,278.857
746,98,255,307.551,279.153
747,119,255,449.727,278.769
748,213,255,686.655,282.636
749,108,255,842.898,278.444
750,116,255,516.172,280.353
751,112,255,793.607,278.580
752,42,255,1033.143,277.452
753,112,255,1156.411,280.527
754,96,255,1304.896,278.719
755,216,255,1583.796,282.583
756,77,255,225.006,279.435
757,163,255,465.156,281.868
758,56,255,1174.643,278.661
759,78,255,194.897,281.321
760,74,255,605.243,279.000
761,28,255,913.643,277.964
762,100,255,932.680,282.660
763,152,255,1125.664,282.717
764,45,255,34.967,280.811
765,129,255,322.554,282.097
766,96,255,672.219,283.115
767,24,255,1444.625,278.833
768,86,255,1554.535,282.616
769,51,255,128.794,281.755
770,78,255,392.449,282.462
771,119,255,850.668,287.819
772,109,255,1140.656,282.830
773,89,255,1234.803,281.837
774,76,255,262.132,283.658
775,147,255,778.874,287.622
776,136,255,873.081,285.757
777,57,255,1007.570,283.465
778,109,255,1087.775,284.353
779,63,255,1108.833,282.405
780,26,255,1285.731,280.654
781,45,255,1383.456,281.856
782,58,255,1415.569,280.948
783,140,255,1473.264,284.707
784,73,255,435.349,284.048
785,98,255,275.327,287.020
786,25,255,646.340,284.060
787,107,255,703.752,285.304
788,23,255,898.022,283.848
789,122,255,997.107,286.770
790,112,255,1343.536,288.527
791,216,255,1395.579,288.972
792,23,255,1443.500,284.587
793,140,255,114.221,292.329
794,90,255,1225.389,288.278
795,113,255,1423.677,288.889
796,93,255,1459.930,289.715
797,99,255,920.369,289.833
798,82,255,1268.402,288.878
799,125,255,1512.300,290.076
800,32,255,133.781,287.781
801,36,255,341.889,287.361
802,142,255,410.556,292.711
803,45,255,1063.589,288.211
804,106,255,1284.396,290.613
805,100,255,5.400,290.960
806,36,255,328.722,288.583
807,91,255,599.192,293.269
808,79,255,714.563,290.323
809,41,255,1016.988,290.134
810,51,255,1313.559,289.402
811,83,255,52.584,291.753
812,104,255,484.933,291.856
813,131,255,636.218,294.866
814,132,255,751.515,294.076
815,83,255,954.873,292.151
816,65,255,1178.885,291.592
817,90,255,1359.744,291.022
818,105,255,1482.386,292.967
819,96,255,254.719,293.406
820,70,255,372.800,292.543
821,105,255,426.081,292.976
822,75,255,521.593,292.073
823,222,255,528.437,302.910
824,87,255,1047.810,293.270
825,85,255,1569.747,293.265
826,124,255,72.282,295.734
827,183,255,562.314,296.052
828,44,255,1212.455,292.341
829,83,255,1332.958,293.958
830,79,255,1437.576,293.272
831,142,255,147.458,297.620
832,80,255,301.000,294.500
833,110,255,396.318,297.236
834,33,255,546.985,292.409
835,158,255,33.532,297.753
836,99,255,928.924,296.288
837,109,255,1155.849,297.518
838,101,255,184.411,297.688
839,61,255,348.467,295.287
840,57,255,866.921,295.868
841,21,255,1497.643,293.357
842,66,255,102.242,298.000
843,123,255,208.703,299.589
844,119,255,359.769,298.609
845,62,255,539.806,297.161
846,117,255,767.944,299.321
847,78,255,1236.679,298.679
848,54,255,137.870,300.537
849,99,255,578.035,301.106
850,72,255,688.125,300.764
851,54,255,701.500,301.444
852,108,255,736.250,303.333
853,93,255,966.790,301.124
854,109,255,1001.683,301.592
855,67,255,1066.813,300.172
856,140,255,1104.114,302.871
857,95,255,1279.721,301.268
858,91,255,1349.610,300.995
859,102,255,1593.598,300.814
860,49,255,328.827,301.582
861,133,255,1526.267,302.109
862,27,255,447.500,300.648
863,174,255,508.333,304.793
864,180,255,790.478,306.750
865,91,255,824.126,302.885
866,146,255,1201.240,305.233
867,97,255,1451.737,302.273
868,65,255,291.854,303.577
869,99,255,1375.237,302.712
870,81,255,125.389,304.426
871,47,255,488.202,303.181
872,103,255,803.364,306.471
873,179,255,904.103,307.863
874,94,255,980.670,305.872
875,68,255,1165.618,304.412
876,69,255,1255.703,303.312
877,70,255,1361.286,304.743
878,92,255,228.674,305.848
879,57,255,244.307,305.044
880,274,255,621.788,311.252
881,74,255,1503.446,304.932
882,101,255,440.916,307.193
883,114,255,1267.553,308.711
884,89,255,1294.174,306.298
885,66,255,1399.652,306.273
886,84,255,1481.667,306.726
887,123,255,474.232,309.923
888,90,255,916.367,307.678
889,99,255,256.116,310.470
890,112,255,95.982,310.616
891,27,255,344.204,307.426
892,134,255,652.701,311.694
893,161,255,673.755,310.873
894,138,255,888.232,310.826
895,113,255,1058.403,310.642
896,31,255,1123.952,307.726
897,127,255,1425.091,310.429
898,83,255,174.042,311.560
899,92,255,459.413,312.478
900,87,255,584.155,310.822
901,56,255,694.679,310.679
902,96,255,952.010,311.115
903,118,255,1032.720,310.907
904,109,255,399.005,313.060
905,132,255,540.621,314.576
906,66,255,717.939,312.197
907,84,255,1182.643,312.333
908,135,255,1225.833,312.715
909,91,255,1241.445,313.016
910,136,255,1090.368,314.412
911,157,255,76.774,317.201
912,45,255,161.478,312.411
913,90,255,374.067,313.489
914,29,255,727.052,311.845
915,80,255,52.038,314.825
916,95,255,291.426,316.068
917,65,255,423.531,313.577
918,73,255,704.445,315.199
919,108,255,755.657,317.694
920,114,255,870.684,318.149
921,120,255,1564.692,315.817
922,82,255,235.317,317.183
923,98,255,307.612,317.755
924,32,255,318.000,313.875
925,67,255,605.007,316.067
926,112,255,1338.125,318.625
927,43,255,687.267,316.779
928,94,255,1347.723,321.585
929,113,255,60.642,320.571
930,68,255,190.838,318.588
931,35,255,1110.729,317.043
932,93,255,1526.769,318.790
933,91,255,212.390,320.709
934,94,255,430.319,320.723
935,77,255,833.643,319.175
936,57,255,969.746,319.535
937,150,255,1134.440,323.227
938,43,255,222.779,318.872
939,204,255,637.314,324.755
940,91,255,1595.346,321.401
941,101,255,19.916,322.639
942,102,255,138.912,322.569
943,178,255,449.376,323.725
944,120,255,735.692,323.367
945,68,255,1080.147,321.515
946,119,255,1211.525,323.164
947,59,255,1035.297,321.093
948,92,255,1054.739,322.870
949,113,255,1323.978,326.022
950,57,255,2.570,324.570
951,70,255,500.100,323.771
952,35,255,725.214,321.614
953,118,255,1373.356,325.136
954,118,255,1480.949,325.195
955,114,255,122.816,327.114
956,82,255,156.988,325.256
957,114,255,415.781,326.930
958,30,255,715.667,322.300
959,126,255,824.103,326.960
960,102,255,882.402,324.971
961,156,255,260.051,327.167
962,21,255,696.500,322.643
963,115,255,929.222,326.309
964,140,255,1454.371,327.071
965,173,255,1500.303,328.425
966,104,255,395.750,327.058
967,146,255,524.596,329.103
968,74,255,607.405,326.108
969,105,255,772.005,326.767
970,110,255,1116.291,327.491
971,118,255,1244.119,327.034
972,113,255,1301.190,328.358
973,146,255,906.966,330.411
974,118,255,989.576,328.924
975,126,255,351.595,332.437
976,92,255,463.413,330.174
977,80,255,479.087,328.587
978,112,255,1149.161,331.062
979,90,255,1263.889,328.822
980,92,255,192.913,328.772
981,126,255,841.294,328.762
982,64,255,46.625,330.797
983,111,255,333.131,332.410
984,71,255,940.176,331.345
985,88,255,1105.977,330.932
986,71,255,1172.585,330.120
987,73,255,1337.445,330.034
988,75,255,1578.007,331.887
989,123,255,100.752,333.760
990,93,255,286.210,332.081
991,74,255,695.703,332.176
992,82,255,719.305,333.841
993,114,255,751.588,334.237
994,159,255,375.311,337.198
995,59,255,407.771,332.517
996,81,255,430.759,332.216
997,96,255,1553.031,332.896
998,128,255,564.477,336.570
999,94,255,1034.277,334.500
1000,109,255,276.161,336.509
1001,62,255,647.226,334.758
1002,63,255,918.706,333.563
1003,53,255,1190.670,333.802
1004,78,255,183.000,336.000
1005,90,255,363.578,336.933
1006,102,255,579.176,335.843
1007,140,255,858.664,336.550
1008,72,255,1181.014,335.819
1009,91,255,1217.379,336.852
1010,106,255,657.953,337.462
1011,270,255,780.122,340.426
1012,112,255,1017.741,338.223
1013,78,255,152.192,337.846
1014,101,255,441.906,338.193
1015,206,255,598.073,340.529
1016,75,255,1285.473,338.313
1017,56,255,820.536,338.000
1018,161,255,973.127,341.481
1019,173,255,7.402,343.749
1020,97,255,224.974,340.448
1021,112,255,488.946,340.991
1022,78,255,838.000,340.346
1023,56,255,1248.875,338.625
1024,108,255,1385.602,341.167
1025,69,255,541.746,341.457
1026,134,255,669.903,341.366
1027,77,255,1096.916,340.123
1028,75,255,1204.087,340.193
1029,310,255,305.726,346.032
1030,114,255,1167.421,343.281
1031,102,255,1233.127,341.490
1032,69,255,461.732,341.964
1033,214,255,704.103,347.033
1034,92,255,799.620,342.696
1035,124,255,1340.185,344.161
1036,138,255,1368.565,344.297
1037,181,255,1409.870,344.804
1038,37,255,1515.230,340.068
1039,119,255,62.693,345.155
1040,113,255,728.535,344.323
1041,104,255,1315.529,344.712
1042,22,255,1442.273,341.500
1043,91,255,26.676,345.423
1044,62,255,111.661,344.048
1045,93,255,285.941,345.866
1046,99,255,549.662,346.146
1047,60,255,628.917,344.133
1048,53,255,994.877,345.085
1049,120,255,1053.125,345.992
1050,118,255,1479.822,345.771
1051,105,255,397.176,346.462
1052,109,255,127.005,349.252
1053,94,255,755.266,346.723
1054,60,255,1006.783,344.467
1055,241,255,504.985,352.990
1056,62,255,939.048,347.032
1057,48,255,387.146,348.479
1058,32,255,580.281,346.406
1059,44,255,1552.614,347.295
1060,84,255,1563.274,348.560
1061,93,255,198.306,350.726
1062,159,255,326.406,353.173
1063,179,255,1028.578,353.969
1064,101,255,1068.490,350.470
1065,60,255,1081.583,349.083
1066,129,255,1185.004,350.663
1067,43,255,1250.407,347.895
1068,85,255,161.959,352.065
1069,57,255,358.307,349.623
1070,106,255,681.981,352.830
1071,136,255,1114.632,353.316
1072,59,255,1516.449,349.246
1073,53,255,1531.142,349.821
1074,112,255,344.473,354.634
1075,149,255,368.896,355.795
1076,80,255,464.738,352.050
1077,109,255,824.124,354.931
1078,60,255,835.467,352.517
1079,92,255,892.076,353.141
1080,52,255,1205.135,351.135
1081,168,255,1265.185,355.286
1082,120,255,258.250,356.900
1083,136,255,269.022,355.662
1084,80,255,478.550,354.762
1085,108,255,532.648,353.741
1086,90,255,620.789,353.056
1087,97,255,743.160,352.593
1088,139,255,860.989,355.255
1089,145,255,1152.121,357.072
1090,62,255,37.306,354.661
1091,198,255,102.672,356.798
1092,132,255,426.106,355.477
1093,110,255,662.209,356.755
1094,99,255,880.540,355.833
1095,29,255,1273.845,352.362
1096,106,255,1305.349,354.783
1097,74,255,601.324,357.257
1098,124,255,635.145,356.823
1099,24,255,651.333,353.292
1100,39,255,1464.654,353.321
1101,119,255,928.861,357.374
1102,78,255,1377.897,357.846
1103,112,255,46.402,359.330
1104,237,255,404.112,361.019
1105,68,255,1130.618,357.029
1106,21,255,145.548,356.119
1107,112,255,170.857,360.339
1108,126,255,208.865,361.063
1109,108,255,448.907,359.917
1110,87,255,763.879,358.305
1111,119,255,590.475,360.761
1112,108,255,905.750,360.981
1113,46,255,947.391,357.913
1114,99,255,1220.783,359.975
1115,45,255,73.944,359.567
1116,104,255,137.365,361.962
1117,30,255,571.700,358.267
1118,164,255,724.939,365.945
1119,62,255,733.806,358.952
1120,80,255,1387.500,362.100
1121,60,255,1396.500,359.900
1122,114,255,1495.342,360.886
1123,103,255,1540.626,360.743
1124,103,255,354.053,363.607
1125,91,255,1252.610,360.962
1126,129,255,1353.539,363.477
1127,133,255,231.959,364.500
1128,20,255,380.000,360.000
1129,105,255,867.710,363.719
1130,88,255,1410.636,362.705
1131,62,255,530.194,363.597
1132,62,255,1429.903,362.613
1133,202,255,323.337,368.455
1134,103,255,550.170,365.694
1135,99,255,18.217,369.086
1136,126,255,624.143,368.302
1137,113,255,852.004,368.013
1138,70,255,893.643,366.243
1139,58,255,1039.397,365.448
1140,50,255,1571.900,365.220
1141,111,255,280.752,369.950
1142,103,255,746.529,368.743
1143,81,255,1013.895,367.759
1144,58,255,1024.345,367.086
1145,68,255,126.015,368.000
1146,111,255,561.878,369.239
1147,106,255,784.321,369.160
1148,86,255,804.581,368.628
1149,91,255,983.203,368.819
1150,81,255,1562.599,368.512
1151,54,255,928.796,368.815
1152,91,255,1075.918,369.302
1153,171,255,1289.254,372.465
1154,88,255,1313.568,369.080
1155,122,255,290.754,373.426
1156,108,255,463.213,371.778
1157,55,255,492.173,369.064
1158,71,255,755.908,371.838
1159,75,255,913.727,370.860
1160,85,255,814.547,374.100
1161,62,255,954.387,371.210
1162,96,255,1051.708,372.354
1163,102,255,1097.314,373.118
1164,111,255,1513.680,373.842
1165,33,255,1.742,372.924
1166,75,255,433.260,373.433
1167,143,255,828.759,375.906
1168,97,255,902.314,373.861
1169,38,255,1196.132,372.000
1170,94,255,1442.957,374.138
1171,102,255,443.431,375.618
1172,96,255,882.917,375.740
1173,97,255,1241.985,373.809
1174,100,255,135.410,375.710
1175,47,255,148.840,374.564
1176,86,255,345.221,376.314
1177,66,255,793.015,374.924
1178,85,255,1221.606,374.771
1179,100,255,59.090,377.690
1180,80,255,311.725,377.425
1181,81,255,411.019,376.389
1182,126,255,579.881,377.643
1183,106,255,682.075,378.481
1184,92,255,697.978,376.902
1185,60,255,766.517,375.417
1186,34,255,1548.529,373.882
1187,163,255,1579.408,377.985
1188,143,255,76.689,380.486
1189,76,255,240.092,378.868
1190,106,255,1274.170,377.698
1191,112,255,1429.938,378.375
1192,92,255,935.304,378.576
1193,20,255,1322.250,376.200
1194,20,255,1407.350,376.050
1195,54,255,1452.204,377.722
1196,128,255,382.102,381.953
1197,98,255,92.816,382.429
1198,158,255,163.968,383.532
1199,84,255,530.607,380.810
1200,116,255,606.716,381.819
1201,209,255,716.026,383.041
1202,138,255,1132.493,382.848
1203,37,255,1259.905,377.986
1204,122,255,260.385,383.148
1205,98,255,504.878,382.051
1206,61,255,972.844,380.516
1207,79,255,1377.943,381.538
1208,164,255,1395.110,386.482
1209,139,255,360.795,384.090
1210,118,255,649.195,383.322
1211,374,255,192.230,389.094
1212,144,255,740.451,384.181
1213,105,255,861.100,384.510
1214,46,255,986.804,380.739
1215,100,255,786.420,384.940
1216,100,255,1299.510,386.940
1217,305,255,251.208,400.090
1218,91,255,1074.291,385.940
1219,122,255,1154.689,387.197
1220,116,255,1194.379,386.983
1221,101,255,1223.252,384.807
1222,151,255,228.255,391.328
1223,114,255,332.009,387.526
1224,120,255,402.508,388.767
1225,81,255,1061.648,387.475
1226,89,255,1104.781,387.163
1227,68,255,1471.221,384.956
1228,150,255,462.387,390.153
1229,98,255,555.337,389.306
1230,124,255,618.177,388.597
1231,68,255,765.912,387.279
1232,108,255,1028.981,389.361
1233,20,255,350.650,387.300
1234,94,255,487.968,389.383
1235,118,255,572.025,388.966
1236,78,255,1006.744,388.154
1237,39,255,1167.859,386.910
1238,44,255,1526.932,387.795
1239,49,255,126.255,388.439
1240,34,255,1049.441,387.706
1241,78,255,1546.731,388.628
1242,83,255,690.476,390.536
1243,92,255,981.924,390.391
1244,235,255,48.526,397.326
1245,115,255,66.700,393.326
1246,92,255,964.717,391.217
1247,133,255,216.989,394.868
1248,78,255,317.462,393.295
1249,76,255,822.461,392.250
1250,135,255,1206.293,393.485
1251,115,255,1318.743,393.813
1252,104,255,1561.394,393.000
1253,110,255,14.036,394.555
1254,124,255,102.645,397.024
1255,174,255,516.529,395.489
1256,62,255,528.984,392.758
1257,182,255,843.319,395.275
1258,108,255,1123.361,394.343
1259,63,255,1421.024,392.833
1260,33,255,754.833,392.136
1261,79,255,292.032,395.424
1262,64,255,625.578,394.688
1263,77,255,679.474,396.162
1264,56,255,1175.446,394.375
1265,69,255,1350.471,394.601
1266,40,255,1499.250,395.300
1267,149,255,81.554,399.064
1268,112,255,305.670,397.250
1269,63,255,146.071,397.706
1270,104,255,741.731,397.202
1271,78,255,780.936,397.474
1272,132,255,885.000,398.258
1273,77,255,924.318,397.253
1274,106,255,1372.613,398.472
1275,112,255,115.000,400.714
1276,83,255,1183.355,399.199
1277,101,255,371.233,398.866
1278,23,255,455.370,396.891
1279,66,255,578.636,399.121
1280,71,255,1074.542,398.246
1281,40,255,1337.775,398.200
1282,42,255,154.476,399.405
1283,58,255,648.483,399.172
1284,76,255,801.329,400.355
1285,80,255,1005.438,399.525
1286,53,255,168.481,400.632
1287,69,255,497.210,401.181
1288,135,255,767.544,403.700
1289,90,255,939.556,402.178
1290,63,255,489.103,402.659
1291,66,255,564.727,402.455
1292,105,255,722.300,403.071
1293,90,255,1055.467,403.656
1294,125,255,267.788,405.500
1295,159,255,548.651,406.538
1296,78,255,827.692,403.346
1297,79,255,907.158,403.677
1298,59,255,1216.686,402.686
1299,81,255,962.698,404.685
1300,67,255,1169.500,403.381
1301,71,255,1245.697,403.514
1302,153,255,351.075,406.127
1303,106,255,601.057,405.953
1304,63,255,751.405,403.897
1305,32,255,873.375,403.094
1306,20,255,916.600,402.450
1307,146,255,1462.425,406.192
1308,101,255,1486.946,405.738
1309,44,255,1592.909,403.705
1310,46,255,10.065,405.630
1311,44,255,94.045,403.955
1312,101,255,586.579,407.332
1313,88,255,991.989,405.591
1314,39,255,1065.115,404.269
1315,120,255,1097.617,408.975
1316,98,255,1386.908,406.122
1317,88,255,1539.057,407.932
1318,63,255,626.437,406.706
1319,87,255,790.638,406.845
1320,108,255,1116.870,410.870
1321,38,255,1295.105,404.842
1322,61,255,1312.107,407.254
1323,20,255,1403.550,404.250
1324,100,255,1570.630,408.270
1325,114,255,223.114,409.491
1326,131,255,298.111,411.118
1327,78,255,386.167,409.449
1328,107,255,430.182,411.257
1329,49,255,510.724,406.827
1330,157,255,1230.519,409.538
1331,61,255,1435.418,407.533
1332,93,255,656.091,410.586
1333,68,255,682.632,409.353
1334,78,255,1029.679,408.859
1335,127,255,238.602,412.839
1336,68,255,280.147,409.176
1337,74,255,813.054,408.622
1338,131,255,843.210,410.599
1339,169,255,475.506,412.997
1340,70,255,535.129,410.000
1341,110,255,638.709,412.682
1342,64,255,672.906,410.594
1343,62,255,899.000,410.629
1344,72,255,923.694,410.028
1345,104,255,1135.606,411.846
1346,116,255,192.129,413.759
1347,89,255,94.545,413.781
1348,238,255,408.231,419.660
1349,117,255,614.526,414.697
1350,104,255,699.087,415.260
1351,44,255,1297.841,411.955
1352,78,255,1332.756,413.410
1353,89,255,177.163,415.466
1354,79,255,861.652,413.335
1355,68,255,1396.485,414.397
1356,95,255,1415.921,415.458
1357,53,255,13.368,414.594
1358,159,255,378.670,419.833
1359,141,255,1008.351,417.131
1360,82,255,1065.085,415.585
1361,97,255,1269.624,416.242
1362,40,255,1087.050,414.825
1363,54,255,1366.259,415.852
1364,92,255,1450.022,417.891
1365,102,255,202.990,418.578
1366,108,255,285.769,418.343
1367,37,255,326.662,415.932
1368,148,255,490.885,422.108
1369,109,255,563.922,418.509
1370,75,255,754.247,417.980
1371,69,255,878.109,418.065
1372,55,255,889.209,416.300
1373,31,255,1149.210,415.403
1374,58,255,1181.793,416.207
1375,29,255,1561.845,415.224
1376,99,255,23.379,419.763
1377,92,255,79.370,419.217
1378,154,255,126.338,421.461
1379,106,255,338.160,419.585
1380,100,255,577.140,418.360
1381,47,255,688.777,416.968
1382,91,255,797.280,418.995
1383,84,255,271.845,419.750
1384,161,255,461.736,422.040
1385,63,255,662.611,417.817
1386,100,255,146.820,420.910
1387,67,255,317.470,420.112
1388,127,255,445.831,423.169
1389,95,255,531.163,420.816
1390,120,255,781.917,422.142
1391,59,255,903.636,418.958
1392,72,255,1107.778,421.222
1393,27,255,309.907,419.759
1394,47,255,1029.947,421.521
1395,73,255,1079.199,421.267
1396,74,255,1210.581,420.554
1397,96,255,1308.448,422.125
1398,20,255,1492.500,418.800
1399,83,255,1281.633,421.922
1400,27,255,1375.352,419.500
1401,75,255,1406.220,422.180
1402,46,255,962.043,422.152
1403,66,255,1127.045,423.394
1404,104,255,1250.808,423.442
1405,51,255,1551.245,421.127
1406,94,255,300.213,424.426
1407,57,255,420.447,423.675
1408,44,255,910.500,423.500
1409,74,255,1228.108,423.932
1410,27,255,1.389,424.870
1411,136,255,51.787,427.706
1412,112,255,349.491,427.134
1413,96,255,869.323,425.260
1414,97,255,1041.737,425.737
1415,43,255,1173.826,423.384
1416,95,255,195.089,426.753
1417,113,255,247.774,428.367
1418,53,255,812.575,425.292
1419,82,255,920.183,426.220
1420,33,255,1508.439,424.167
1421,76,255,327.263,426.487
1422,62,255,615.548,426.161
1423,72,255,669.181,429.431
1424,52,255,1361.692,425.981
1425,47,255,1432.904,425.926
1426,101,255,1475.649,427.916
1427,38,255,11.921,428.079
1428,59,255,111.500,427.500
1429,98,255,360.724,429.918
1430,102,255,511.304,427.216
1431,90,255,635.756,428.244
1432,49,255,679.663,427.153
1433,85,255,1101.547,429.688
1434,73,255,1137.048,428.185
1435,46,255,1396.370,427.065
1436,184,255,266.837,433.853
1437,111,255,857.077,430.077
1438,68,255,1062.265,428.265
1439,77,255,1153.669,429.604
1440,28,255,1488.607,426.286
1441,140,255,373.457,433.750
1442,56,255,1025.161,429.696
1443,63,255,836.675,430.675
1444,192,255,946.161,435.094
1445,33,255,1200.742,428.864
1446,29,255,1387.190,428.948
1447,33,255,81.167,430.318
1448,144,255,227.125,434.132
1449,71,255,415.585,432.768
1450,26,255,799.923,429.385
1451,42,255,1165.548,430.619
1452,74,255,1176.162,432.405
1453,75,255,1220.100,431.460
1454,43,255,1504.895,430.314
1455,100,255,284.840,434.440
1456,140,255,568.400,435.914
1457,70,255,650.014,433.529
1458,77,255,820.981,433.539
1459,77,255,976.318,433.513
1460,146,255,930.637,435.212
1461,68,255,1378.912,434.382
1462,28,255,428.714,433.821
1463,115,255,477.239,436.004
1464,42,255,1122.619,433.833
1465,31,255,1331.048,432.694
1466,25,255,1340.580,433.460
1467,129,255,27.849,438.027
1468,66,255,141.212,436.485
1469,65,255,306.731,438.485
1470,86,255,500.326,435.686
1471,125,255,552.716,440.092
1472,125,255,700.780,437.876
1473,53,255,804.575,436.481
1474,70,255,1568.786,437.271
1475,107,255,715.621,438.621
1476,53,255,743.198,437.160
1477,49,255,130.602,438.704
1478,115,255,610.465,439.170
1479,31,255,1196.887,436.500
1480,90,255,1309.344,441.122
1481,108,255,582.963,441.056
1482,52,255,1131.115,438.750
1483,49,255,1529.867,438.867
1484,102,255,1555.961,440.676
1485,97,255,73.222,442.747
1486,74,255,353.649,441.081
1487,69,255,464.862,440.906
1488,86,255,664.233,440.884
1489,95,255,837.574,441.237
1490,32,255,903.656,438.906
1491,70,255,1110.857,440.729
1492,82,255,1143.939,440.793
1493,116,255,151.914,444.216
1494,85,255,215.112,443.147
1495,77,255,437.864,442.006
1496,85,255,514.359,441.700
1497,86,255,679.186,442.267
1498,55,255,753.100,441.318
1499,72,255,860.028,441.264
1500,67,255,1101.201,442.037
1501,23,255,1179.717,439.717
1502,34,255,1.676,443.824
1503,49,255,640.337,442.398
1504,34,255,994.765,441.029
1505,95,255,1158.711,444.416
1506,38,255,1211.474,440.289
1507,157,255,100.927,448.506
1508,101,255,173.896,444.837
1509,101,255,240.262,445.153
1510,52,255,890.000,442.000
1511,46,255,966.913,442.826
1512,29,255,1324.190,441.603
1513,84,255,1399.536,443.690
1514,25,255,776.220,443.900
1515,84,255,1185.167,446.786
1516,25,255,1337.740,442.500
1517,41,255,1513.500,443.500
1518,63,255,417.198,445.008
1519,38,255,786.342,444.711
1520,25,255,814.220,444.940
1521,94,255,1018.383,446.787
1522,48,255,1238.292,444.854
1523,85,255,1364.382,446.606
1524,58,255,89.310,445.638
1525,112,255,261.830,448.259
1526,65,255,287.823,446.392
1527,48,255,878.729,445.146
1528,96,255,1078.875,449.073
1529,56,255,1475.375,446.375
1530,37,255,339.743,445.932
1531,65,255,654.577,447.546
1532,64,255,981.500,448.859
1533,66,255,1054.030,447.379
1534,82,255,1122.000,448.463
1535,86,255,139.942,449.314
1536,118,255,371.093,450.025
1537,129,255,391.810,450.430
1538,87,255,1062.799,450.718
1539,45,255,1253.811,448.256
1540,59,255,1569.025,448.975
1541,70,255,1167.114,450.914
1542,107,255,207.089,451.612
1543,172,255,231.587,452.977
1544,65,255,463.962,449.946
1545,77,255,750.513,451.136
1546,33,255,1379.591,448.894
1547,76,255,1519.566,450.711
1548,62,255,1534.484,450.435
1549,52,255,1579.538,450.212
1550,124,255,22.734,454.000
1551,56,255,182.554,452.018
1552,153,255,308.271,455.559
1553,34,255,351.765,450.500
1554,135,255,499.181,455.204
1555,87,255,792.017,452.833
1556,31,255,802.694,449.984
1557,62,255,864.048,451.097
1558,71,255,946.556,453.514
1559,65,255,1042.377,450.300
1560,50,255,1138.820,451.100
1561,38,255,1343.500,450.000
1562,103,255,450.267,455.898
1563,79,255,735.095,452.348
1564,48,255,1284.500,451.750
1565,67,255,1504.321,452.082
1566,107,255,326.089,454.762
1567,101,255,833.470,454.965
1568,66,255,908.197,453.561
1569,109,255,89.078,455.885
1570,80,255,410.488,455.275
1571,68,255,581.456,455.221
1572,45,255,672.944,453.789
1573,65,255,971.346,454.331
1574,59,255,1026.771,454.059
1575,83,255,1301.307,454.657
1576,120,255,1448.267,455.792
1577,51,255,147.363,455.520
1578,105,255,359.290,458.290
1579,38,255,1414.816,453.711
1580,51,255,1493.657,455.814
1581,64,255,1552.906,456.156
1582,43,255,1563.477,455.314
1583,57,255,1592.096,454.711
1584,52,255,195.635,456.135
1585,65,255,924.962,455.946
1586,59,255,1107.619,457.364
1587,36,255,1540.250,455.889
1588,149,255,253.238,459.735
1589,112,255,553.821,458.768
1590,78,255,897.962,459.205
1591,117,255,1233.124,459.235
1592,71,255,1470.289,457.613
1593,70,255,1484.329,458.329
1594,103,255,281.238,458.947
1595,85,255,292.406,460.241
1596,113,255,472.137,459.659
1597,62,255,854.581,458.000
1598,38,255,1183.105,457.842
1599,43,255,169.988,458.500
1600,93,255,718.543,460.328
1601,47,255,1038.394,458.394
1602,43,255,1260.616,458.174
1603,56,255,1579.929,458.107
1604,52,255,339.115,460.077
1605,38,255,1011.895,460.105
1606,154,255,1090.494,462.643
1607,76,255,15.026,462.539
1608,175,255,58.620,464.357
1609,111,255,126.590,465.320
1610,76,255,391.526,461.566
1611,48,255,660.333,461.479
1612,83,255,688.006,462.163
1613,59,255,865.331,462.195
1614,168,255,975.006,464.405
1615,79,255,1148.513,461.462
1616,98,255,1519.888,462.398
1617,60,255,217.383,462.367
1618,61,255,707.402,462.713
1619,48,255,743.083,462.000
1620,36,255,115.889,463.167
1621,95,255,518.089,463.847
1622,84,255,573.726,464.369
1623,72,255,674.250,463.611
1624,80,255,756.000,464.225
1625,49,255,1027.929,462.602
1626,80,255,1348.787,463.825
1627,100,255,150.720,466.140
1628,72,255,345.972,465.764
1629,81,255,735.093,465.068
1630,127,255,1163.193,466.642
1631,76,255,612.934,465.961
1632,78,255,927.282,466.500
1633,117,255,995.714,469.107
1634,49,255,1277.786,465.745
1635,40,255,408.475,466.400
1636,61,255,788.123,467.402
1637,68,255,1266.750,465.750
1638,54,255,1548.907,464.870
1639,63,255,42.881,468.183
1640,56,255,1175.661,468.500
1641,126,255,233.833,472.405
1642,89,255,361.152,469.522
1643,54,255,777.463,469.704
1644,76,255,1039.329,469.329
1645,67,255,1205.828,468.515
1646,63,255,1489.373,468.976
1647,71,255,1500.190,470.063
1648,92,255,1472.033,472.826
1649,150,255,322.073,473.907
1650,53,255,453.330,469.726
1651,97,255,489.655,472.448
1652,68,255,598.176,470.647
1653,42,255,960.286,469.452
1654,62,255,1568.387,469.935
1655,80,255,206.850,473.150
1656,53,255,281.575,472.821
1657,98,255,417.459,472.541
1658,48,255,745.021,471.229
1659,55,255,767.973,471.155
1660,55,255,834.555,472.536
1661,39,255,951.936,470.551
1662,80,255,1072.475,471.800
1663,54,255,1459.796,470.111
1664,30,255,1555.133,470.133
1665,126,255,1581.992,472.746
1666,103,255,335.587,475.451
1667,161,255,382.090,475.102
1668,50,255,427.240,472.180
1669,20,255,466.850,471.150
1670,128,255,857.594,474.273
1671,88,255,1428.580,472.705
1672,151,255,13.672,476.162
1673,84,255,93.976,474.155
1674,108,255,261.139,474.463
1675,177,255,1116.455,477.167
1676,151,255,1135.301,474.964
1677,53,255,1221.028,473.009
1678,54,255,1543.185,471.981
1679,101,255,215.906,477.084
1680,75,255,272.780,475.220
1681,85,255,552.676,475.924
1682,129,255,1295.329,475.764
1683,75,255,1310.393,475.527
1684,104,255,137.077,476.077
1685,71,255,586.880,476.486
1686,111,255,627.059,475.401
1687,156,255,815.679,478.179
1688,108,255,923.519,478.037
1689,129,255,1007.283,478.221
1690,74,255,702.324,475.797
1691,125,255,1533.508,479.212
1692,76,255,166.474,479.053
1693,65,255,1318.838,478.300
1694,113,255,110.925,480.119
1695,73,255,786.253,478.788
1696,25,255,1060.740,476.780
1697,27,255,1198.056,476.315
1698,67,255,1401.216,477.590
1699,106,255,248.255,482.509
1700,49,255,1563.051,478.663
1701,134,255,435.873,481.425
1702,86,255,610.895,481.767
1703,44,255,644.023,480.023
1704,76,255,728.763,480.737
1705,61,255,1282.369,481.156
1706,82,255,1332.207,481.768
1707,62,255,71.694,482.984
1708,43,255,1457.058,480.035
1709,108,255,189.704,485.306
1710,78,255,760.577,482.269
1711,63,255,988.849,481.548
1712,48,255,1214.688,481.021
1713,46,255,1230.348,481.522
1714,25,255,357.620,481.780
1715,46,255,718.500,482.174
1716,99,255,957.783,483.884
1717,94,255,1439.532,484.904
1718,82,255,899.793,485.220
1719,92,255,93.750,485.587
1720,75,255,413.220,486.447
1721,78,255,488.603,486.603
1722,57,255,880.202,484.465
1723,107,255,797.780,487.921
1724,66,255,854.136,485.242
1725,43,255,1167.337,486.128
1726,45,255,1269.633,485.789
1727,22,255,1451.545,485.227
1728,83,255,1522.512,487.681
1729,68,255,261.029,487.118
1730,74,255,451.392,488.527
1731,117,255,708.021,490.150
1732,89,255,777.624,487.713
1733,59,255,945.195,487.720
1734,103,255,971.820,487.335
1735,161,255,1397.090,490.960
1736,23,255,5.935,486.804
1737,128,255,642.703,490.727
1738,117,255,667.175,490.124
1739,102,255,1039.971,488.971
1740,52,255,1585.058,487.154
1741,177,255,31.280,493.732
1742,150,255,131.327,492.220
1743,104,255,170.308,492.721
1744,88,255,310.455,490.000
1745,152,255,361.000,493.526
1746,62,255,507.387,489.097
1747,55,255,1191.500,489.755
1748,58,255,1200.448,488.707
1749,42,255,335.095,489.714
1750,92,255,425.261,492.196
1751,110,255,686.273,492.273
1752,150,255,873.873,493.180
1753,162,255,1133.216,494.895
1754,121,255,1215.136,492.930
1755,132,255,57.902,492.939
1756,102,255,237.039,491.931
1757,123,255,459.012,495.411
1758,62,255,1178.581,490.484
1759,56,255,1261.446,491.018
1760,71,255,825.218,492.570
1761,179,255,911.628,495.282
1762,71,255,1334.993,492.852
1763,84,255,1568.274,493.012
1764,76,255,12.211,493.921
1765,92,255,554.359,495.957
1766,52,255,607.308,494.096
1767,51,255,937.598,494.794
1768,35,255,1073.129,493.071
1769,58,255,1153.121,494.500
1770,84,255,1245.000,494.107
1771,81,255,1423.512,495.932
1772,38,255,1443.868,493.868
1773,64,255,290.297,496.750
1774,56,255,1000.750,495.857
1775,89,255,1498.860,495.489
1776,61,255,219.107,497.172
1777,63,255,301.071,497.198
1778,85,255,400.712,496.876
1779,69,255,538.225,496.587
1780,80,255,899.375,498.988
1781,55,255,1479.336,496.227
1782,89,255,1539.736,498.028
1783,96,255,154.917,498.865
1784,141,255,197.131,499.245
1785,80,255,254.600,497.962
1786,119,255,524.046,499.071
1787,67,255,1584.709,497.858
1788,37,255,1145.689,497.662
1789,51,255,1458.127,497.578
1790,66,255,76.515,499.182
1791,66,255,616.788,499.227
1792,46,255,628.783,498.957
1793,71,255,1170.782,499.007
1794,80,255,1286.525,498.675
1795,56,255,501.464,500.625
1796,93,255,1014.919,502.941
1797,68,255,416.353,502.162
1798,47,255,492.223,500.372
1799,183,255,951.423,506.954
1800,71,255,976.824,502.021
1801,107,255,1074.098,502.949
1802,30,255,376.867,501.133
1803,147,255,925.119,505.459
1804,97,255,756.624,504.552
1805,96,255,967.323,504.729
1806,37,255,1597.743,503.284
1807,193,255,331.054,507.671
1808,137,255,795.982,506.646
1809,68,255,132.250,506.221
1810,61,255,389.090,506.008
1811,94,255,827.319,506.191
1812,88,255,265.955,507.648
1813,77,255,354.942,507.019
1814,36,255,408.194,505.472
1815,163,255,431.310,508.518
1816,101,255,516.015,508.173
1817,85,255,578.559,506.088
1818,43,255,1084.105,507.221
1819,34,255,1294.324,505.412
1820,31,255,1483.113,505.274
1821,69,255,1530.949,505.891
1822,92,255,175.522,508.196
1823,57,255,243.132,507.851
1824,75,255,994.593,507.207
1825,91,255,1032.544,506.577
1826,71,255,1118.655,507.542
1827,39,255,1388.731,507.218
1828,80,255,771.638,509.087
1829,77,255,841.162,507.500
1830,94,255,910.319,509.383
1831,134,255,1141.746,510.963
1832,77,255,308.331,508.708
1833,171,255,1104.050,513.085
1834,57,255,486.956,509.904
1835,65,255,545.823,511.408
1836,84,255,1227.893,511.810
1837,124,255,222.202,512.976
1838,44,255,298.909,511.614
1839,67,255,559.530,512.694
1840,87,255,625.730,512.075
1841,151,255,858.659,514.652
1842,20,255,1409.750,509.750
1843,74,255,1545.946,511.527
1844,89,255,280.421,513.848
1845,23,255,565.674,510.935
1846,114,255,811.421,513.237
1847,58,255,1044.810,512.345
1848,66,255,34.682,514.106
1849,68,255,77.353,513.574
1850,57,255,258.904,513.693
1851,63,255,601.341,513.310
1852,63,255,1297.056,513.325
1853,70,255,1399.086,513.200
1854,67,255,289.799,515.067
1855,69,255,1155.007,515.138
1856,116,255,1319.276,515.991
1857,80,255,1338.825,514.500
1858,52,255,1513.231,513.558
1859,94,255,113.596,516.011
1860,30,255,202.667,514.567
1861,44,255,414.682,514.682
1862,97,255,984.325,516.778
1863,60,255,1067.000,514.800
1864,48,255,461.188,515.604
1865,46,255,527.130,515.391
1866,56,255,1032.393,515.893
1867,106,255,384.670,519.849
1868,120,255,892.975,519.092
1869,80,255,1499.963,518.650
1870,62,255,3.274,519.226
1871,50,255,491.440,518.180
1872,41,255,1001.817,518.402
1873,167,255,1382.111,522.153
1874,124,255,18.621,519.742
1875,66,255,89.697,518.682
1876,53,255,309.085,519.708
1877,98,255,656.929,519.653
1878,129,255,1185.267,520.926
1879,41,255,400.232,519.256
1880,30,255,570.767,519.533
1881,32,255,761.906,519.562
1882,73,255,968.349,520.171
1883,35,255,1050.071,519.729
1884,111,255,1354.599,521.995
1885,58,255,67.138,521.345
1886,87,255,427.339,522.592
1887,204,255,708.789,524.525
1888,74,255,1433.365,521.770
1889,131,255,459.691,524.767
1890,79,255,879.791,522.551
1891,82,255,1061.354,521.951
1892,90,255,1244.344,524.144
1893,127,255,1367.768,525.193
1894,65,255,77.454,522.838
1895,93,255,673.167,523.909
1896,109,255,912.234,525.628
1897,92,255,1075.478,524.076
1898,40,255,1537.300,522.300
1899,112,255,301.357,526.884
1900,37,255,499.905,523.203
1901,63,255,33.357,525.706
1902,39,255,177.551,526.090
1903,99,255,243.490,527.247
1904,79,255,580.373,526.513
1905,106,255,728.604,526.519
1906,87,255,955.282,526.282
1907,80,255,142.312,526.250
1908,43,255,187.965,526.826
1909,53,255,1331.009,525.066
1910,110,255,1519.955,527.800
1911,163,255,754.316,531.850
1912,51,255,1024.833,526.990
1913,134,255,1219.597,530.425
1914,92,255,474.826,528.804
1915,65,255,401.669,528.885
1916,84,255,489.179,530.333
1917,67,255,850.455,529.724
1918,120,255,886.383,532.133
1919,81,255,1160.932,531.747
1920,130,255,1205.423,531.446
1921,62,255,1422.339,529.452
1922,40,255,1447.675,528.425
1923,72,255,1596.972,531.514
1924,88,255,20.477,531.807
1925,31,255,547.339,528.371
1926,117,255,637.902,531.927
1927,54,255,800.741,530.444
1928,20,255,930.650,529.200
1929,78,255,985.718,531.154
1930,68,255,3.382,532.250
1931,100,255,50.990,532.730
1932,56,255,163.446,531.446
1933,91,255,198.313,532.764
1934,58,255,266.431,531.431
1935,80,255,288.863,532.462
1936,72,255,516.625,531.847
1937,187,255,738.773,536.473
1938,46,255,768.696,531.652
1939,80,255,788.150,533.112
1940,73,255,1255.377,531.171
1941,146,255,1477.130,534.534
1942,29,255,70.603,531.328
1943,76,255,1050.434,532.658
1944,163,255,557.132,536.396
1945,94,255,1279.170,535.649
1946,70,255,1231.157,534.171
1947,120,255,1304.542,537.400
1948,76,255,1572.368,535.276
1949,103,255,331.451,537.510
1950,22,255,678.364,534.727
1951,125,255,37.476,538.764
1952,45,255,120.922,535.478
1953,36,255,224.750,535.111
1954,61,255,419.238,535.811
1955,112,255,446.250,537.571
1956,63,255,998.151,535.738
1957,65,255,1063.115,536.454
1958,61,255,1100.910,535.680
1959,76,255,1553.408,536.237
1960,76,255,83.211,538.816
1961,77,255,499.435,537.877
1962,106,255,538.557,539.764
1963,96,255,596.125,538.562
1964,81,255,930.512,538.167
1965,63,255,967.357,537.913
1966,48,255,1464.500,536.479
1967,108,255,319.213,541.824
1968,75,255,1027.207,538.660
1969,73,255,1116.760,539.226
1970,101,255,1316.530,539.530
1971,56,255,96.804,539.357
1972,29,255,143.362,538.121
1973,57,255,301.096,540.588
1974,30,255,720.733,539.100
1975,49,255,1419.133,539.541
1976,139,255,619.147,543.284
1977,88,255,1400.602,541.420
1978,30,255,174.233,541.567
1979,72,255,472.097,542.625
1980,111,255,692.158,543.581
1981,64,255,894.281,542.219
1982,105,255,1050.148,543.214
1983,102,255,1141.069,544.324
1984,125,255,1255.900,546.188
1985,34,255,1581.000,540.824
1986,72,255,49.306,543.875
1987,160,255,515.913,545.456
1988,80,255,705.875,543.788
1989,78,255,1329.256,543.923
1990,101,255,876.589,545.015
1991,75,255,1593.420,544.980
1992,88,255,282.114,546.943
1993,99,255,643.106,547.854
1994,96,255,985.812,547.562
1995,102,255,1091.422,549.147
1996,120,255,1228.683,548.858
1997,38,255,1244.895,545.447
1998,37,255,1497.068,546.392
1999,73,255,5.158,547.404
2000,48,255,15.250,547.542
2001,38,255,254.684,547.737
2002,86,255,334.221,547.733
2003,40,255,500.825,545.775
2004,27,255,671.648,544.870
2005,88,255,1062.102,548.727
2006,61,255,485.811,548.320
2007,136,255,826.066,551.713
2008,110,255,176.973,551.882
2009,94,255,435.904,550.500
2010,103,255,658.335,551.044
2011,102,255,859.402,551.333
2012,39,255,1216.218,548.551
2013,100,255,1544.680,550.660
2014,148,255,401.081,553.682
2015,117,255,918.739,551.970
2016,86,255,948.407,552.023
2017,42,255,57.952,550.524
2018,85,255,160.018,552.524
2019,153,255,379.507,555.271
2020,35,255,387.529,550.729
2021,122,255,843.270,553.172
2022,67,255,937.664,551.410
2023,73,255,1195.870,551.760
2024,97,255,451.624,553.191
2025,55,255,1353.536,552.464
2026,30,255,1516.367,550.200
2027,115,255,1566.117,554.265
2028,136,255,1580.368,554.287
2029,41,255,135.768,552.354
2030,125,255,191.212,555.428
2031,40,255,205.175,553.675
2032,122,255,221.287,555.811
2033,93,255,304.317,553.790
2034,136,255,344.772,555.735
2035,72,255,602.319,553.139
2036,92,255,674.717,553.750
2037,45,255,797.589,552.256
2038,118,255,1369.907,554.771
2039,67,255,99.739,555.157
2040,86,255,551.477,555.279
2041,98,255,960.480,555.531
2042,95,255,1037.205,555.321
2043,106,255,1412.340,557.123
2044,81,255,236.142,556.796
2045,62,255,259.129,557.242
2046,58,255,319.259,556.293
2047,46,255,536.283,558.565
2048,110,255,724.045,560.100
2049,95,255,1080.268,559.384
2050,33,255,1105.924,557.924
2051,127,255,1252.217,559.185
2052,123,255,1382.874,560.362
2053,147,255,1446.731,561.575
2054,31,255,706.306,558.145
2055,133,255,1185.575,563.320
2056,118,255,1231.831,560.805
2057,141,255,622.089,563.245
2058,35,255,793.443,559.586
2059,36,255,1023.361,559.806
2060,32,255,1332.500,559.062
2061,35,255,276.100,560.357
2062,57,255,481.254,561.377
2063,79,255,638.994,560.930
2064,39,255,76.603,562.090
2065,121,255,1292.599,564.715
2066,52,255,163.808,562.981
2067,89,255,334.590,563.770
2068,42,255,374.214,563.476
2069,34,255,1123.824,561.529
2070,37,255,1210.959,562.284
2071,67,255,115.067,564.470
2072,70,255,132.300,564.757
2073,157,255,365.220,569.436
2074,47,255,86.521,564.670
2075,49,255,208.908,565.520
2076,55,255,231.864,567.209
2077,68,255,289.897,567.926
2078,72,255,1132.750,568.431
2079,72,255,56.333,569.486
2080,49,255,400.622,569.255
2081,86,255,678.605,568.674
2082,62,255,708.210,568.290
2083,130,255,754.777,569.669
2084,59,255,34.873,570.076
2085,48,255,218.917,568.917
2086,95,255,655.132,570.153
2087,106,255,1580.566,570.783
2088,117,255,24.791,572.637
2089,81,255,145.265,570.648
2090,117,255,257.423,573.902
2091,87,255,349.925,570.741
2092,88,255,697.205,571.614
2093,105,255,926.738,570.900
2094,109,255,942.555,571.610
2095,88,255,1046.273,570.580
2096,67,255,1175.157,570.545
2097,149,255,1359.466,573.842
2098,96,255,73.677,572.781
2099,33,255,322.470,570.409
2100,63,255,388.675,570.992
2101,39,255,412.449,571.500
2102,68,255,853.441,571.824
2103,81,255,894.191,571.735
2104,51,255,1060.127,571.010
2105,165,255,1543.615,574.088
2106,32,255,201.875,571.219
2107,72,255,313.944,573.097
2108,128,255,820.328,574.758
2109,96,255,1148.573,574.062
2110,111,255,1267.275,575.014
2111,37,255,446.716,571.392
2112,102,255,519.912,574.951
2113,85,255,1007.700,574.841
2114,96,255,575.896,575.698
2115,108,255,734.713,578.019
2116,73,255,843.021,575.884
2117,41,255,85.622,576.915
2118,114,255,716.833,579.377
2119,90,255,775.267,577.978
2120,95,255,905.163,579.289
2121,108,255,1295.204,578.361
2122,138,255,1314.043,580.210
2123,38,255,2.132,579.421
2124,88,255,1079.352,578.818
2125,126,255,1166.595,580.722
2126,154,255,1474.584,581.455
2127,98,255,1559.031,580.388
2128,104,255,169.894,581.269
2129,26,255,1024.346,578.808
2130,108,255,1380.037,582.111
2131,27,255,1527.574,578.167
2132,73,255,200.651,580.527
2133,130,255,327.223,583.246
2134,46,255,99.696,580.500
2135,66,255,125.742,582.045
2136,80,255,384.413,580.862
2137,81,255,1248.179,582.586
2138,134,255,1459.716,584.358
2139,90,255,856.278,583.367
2140,58,255,113.345,582.983
2141,67,255,826.082,584.396
2142,107,255,306.164,589.612
2143,92,255,547.207,585.554
2144,48,255,613.854,583.583
2145,74,255,694.284,585.014
2146,93,255,966.425,585.360
2147,66,255,145.076,585.561
2148,141,255,1365.606,587.755
2149,46,255,533.870,586.391
2150,105,255,838.957,586.824
2151,109,255,984.683,588.161
2152,88,255,89.500,588.000
2153,91,255,1042.170,587.566
2154,90,255,1154.767,587.233
2155,108,255,1399.250,590.056
2156,106,255,1532.009,589.142
2157,38,255,222.579,587.947
2158,93,255,232.651,589.242
2159,107,255,403.659,590.612
2160,86,255,423.872,589.965
2161,70,255,1234.757,589.071
2162,28,255,1296.857,587.393
2163,154,255,154.740,591.773
2164,39,255,213.936,588.141
2165,103,255,263.277,591.238
2166,53,255,318.443,590.953
2167,129,255,1190.043,593.027
2168,80,255,1594.075,590.900
2169,113,255,640.845,592.562
2170,58,255,1442.345,589.638
2171,56,255,15.339,589.929
2172,72,255,275.278,592.458
2173,77,255,388.851,592.487
2174,90,255,1174.500,591.733
2175,96,255,499.292,595.250
2176,70,255,578.071,593.043
2177,146,255,1085.390,594.774
2178,67,255,1411.784,592.575
2179,194,255,1431.521,596.428
2180,90,255,53.911,593.967
2181,64,255,122.219,595.422
2182,203,255,174.599,597.328
2183,56,255,993.429,593.821
2184,74,255,65.568,595.108
2185,75,255,133.233,593.993
2186,96,255,246.000,594.948
2187,109,255,451.683,596.271
2188,42,255,598.167,594.500
2189,89,255,1277.230,596.511
2190,79,255,766.297,598.589
2191,104,255,896.923,597.962
2192,71,255,1492.894,596.514
2193,94,255,222.819,599.043
2194,95,255,289.279,598.142
2195,187,255,372.094,599.511
2196,56,255,1581.589,597.964
2197,82,255,4.134,599.451
2198,50,255,44.320,598.340
2199,116,255,517.922,600.000
2200,83,255,656.367,598.910
2201,63,255,781.056,598.659
2202,85,255,342.865,600.829
2203,71,255,1125.683,600.176
2204,63,255,532.738,600.278
2205,92,255,1065.902,601.663
2206,96,255,1150.219,601.333
2207,39,255,1316.218,599.500
2208,94,255,21.638,601.691
2209,209,255,79.701,605.467
2210,55,255,563.064,601.318
2211,56,255,590.339,601.589
2212,35,255,1133.329,600.986
2213,126,255,1404.008,603.778
2214,109,255,1566.243,603.188
2215,52,255,331.000,602.000
2216,63,255,408.119,602.706
2217,42,255,845.262,602.286
2218,140,255,1166.750,605.029
2219,69,255,131.732,603.645
2220,82,255,272.000,603.780
2221,94,255,311.840,604.574
2222,63,255,355.516,603.913
2223,85,255,617.218,604.524
2224,138,255,823.094,605.855
2225,112,255,1305.161,606.768
2226,108,255,1337.676,605.148
2227,83,255,421.211,604.548
2228,108,255,716.593,604.741
2229,42,255,942.429,604.024
2230,136,255,1014.265,607.412
2231,176,255,1287.864,607.216
2232,124,255,1495.500,606.927
2233,99,255,205.833,605.136
2234,126,255,482.603,608.175
2235,82,255,757.390,606.049
2236,55,255,801.064,604.955
2237,63,255,912.563,605.611
2238,138,255,1387.196,607.949
2239,125,255,57.844,608.812
2240,94,255,446.128,607.745
2241,81,255,994.994,606.722
2242,79,255,303.956,609.019
2243,38,255,503.632,606.658
2244,113,255,543.881,609.730
2245,113,255,863.659,609.181
2246,68,255,1191.221,606.853
2247,68,255,1588.574,606.779
2248,71,255,144.824,609.542
2249,95,255,790.626,610.047
2250,44,255,1052.250,608.614
2251,27,255,1027.833,608.389
2252,131,255,1268.676,612.935
2253,92,255,1352.554,610.489
2254,95,255,433.879,612.216
2255,89,255,767.185,610.972
2256,51,255,896.892,611.127
2257,150,255,935.427,613.613
2258,85,255,981.382,612.629
2259,94,255,1043.702,613.745
2260,85,255,1093.312,611.712
2261,127,255,250.634,615.461
2262,102,255,675.676,614.578
2263,93,255,744.887,614.081
2264,45,255,47.833,613.589
2265,146,255,803.911,616.808
2266,104,255,1411.288,615.952
2267,100,255,220.220,617.320
2268,123,255,1128.728,618.102
2269,81,255,1468.698,616.228
2270,77,255,1547.799,616.136
2271,102,255,966.451,617.706
2272,135,255,1256.019,621.441
2273,75,255,1584.113,617.300
2274,124,255,349.710,620.169
2275,162,255,10.296,619.667
2276,33,255,134.742,617.773
2277,125,255,454.588,620.916
2278,64,255,989.234,618.984
2279,149,255,1026.923,620.903
2280,79,255,1243.601,618.475
2281,49,255,1522.337,618.316
2282,94,255,107.585,624.202
2283,68,255,151.691,620.250
2284,84,255,1290.905,621.190
2285,42,255,1303.405,621.857
2286,150,255,1474.847,624.833
2287,130,255,1562.731,623.469
2288,36,255,280.583,622.500
2289,57,255,538.307,623.219
2290,79,255,1149.753,623.956
2291,60,255,25.750,624.633
2292,176,255,85.932,630.295
2293,42,255,326.262,624.619
2294,112,255,685.152,624.768
2295,139,255,828.464,627.104
2296,56,255,976.571,624.518
2297,110,255,1350.727,626.636
2298,102,255,363.765,626.745
2299,93,255,588.651,626.909
2300,136,255,898.426,628.412
2301,79,255,1494.563,625.032
2302,115,255,381.091,628.161
2303,102,255,1282.118,629.559
2304,130,255,1413.769,628.569
2305,72,255,603.014,626.514
2306,61,255,957.484,627.697
2307,55,255,1135.718,628.064
2308,72,255,417.653,630.361
2309,112,255,1119.089,630.991
2310,96,255,1262.208,630.896
2311,56,255,547.304,631.714
2312,90,255,640.733,630.800
2313,43,255,1323.663,629.523
2314,42,255,490.167,631.452
2315,55,255,581.227,632.591
2316,139,255,180.068,634.932
2317,120,255,457.617,633.817
2318,182,255,518.390,636.615
2319,65,255,571.577,632.731
2320,78,255,670.872,632.936
2321,124,255,785.847,634.960
2322,203,255,1080.495,637.234
2323,66,255,22.682,634.318
2324,96,255,983.208,634.771
2325,102,255,1054.431,634.471
2326,45,255,1105.989,632.989
2327,70,255,1165.257,632.543
2328,86,255,1345.314,635.988
2329,84,255,1459.119,634.333
2330,35,255,95.929,633.586
2331,81,255,812.228,635.105
2332,115,255,1387.926,637.613
2333,57,255,126.518,634.781
2334,91,255,501.192,636.962
2335,43,255,701.035,634.570
2336,35,255,973.671,634.900
2337,88,255,1095.625,637.000
2338,98,255,191.235,639.194
2339,40,255,721.950,635.400
2340,104,255,1190.894,640.221
2341,141,255,262.436,640.074
2342,53,255,539.311,637.651
2343,97,255,738.438,638.541
2344,75,255,885.127,641.260
2345,111,255,1370.509,641.680
2346,81,255,117.179,641.512
2347,95,255,212.121,642.753
2348,85,255,283.571,642.465
2349,132,255,438.848,642.841
2350,90,255,955.033,641.756
2351,76,255,1067.921,643.303
2352,125,255,1552.476,642.924
2353,153,255,1013.029,644.853
2354,98,255,1112.837,643.235
2355,37,255,1322.770,641.446
2356,68,255,1440.103,643.529
2357,79,255,14.867,643.513
2358,34,255,343.882,642.912
2359,164,255,844.787,646.805
2360,88,255,859.102,643.705
2361,86,255,1421.837,644.174
2362,28,255,469.857,645.321
2363,91,255,613.599,647.214
2364,87,255,662.466,646.420
2365,113,255,724.111,648.341
2366,45,255,1466.122,646.656
2367,207,255,1531.780,650.558
2368,107,255,144.136,648.537
2369,61,255,701.959,647.566
2370,111,255,984.851,649.329
2371,58,255,1050.276,647.293
2372,30,255,1155.000,645.767
2373,156,255,1516.186,651.615
2374,26,255,414.462,646.192
2375,29,255,765.672,647.224
2376,122,255,1239.320,650.975
2377,106,255,27.368,651.226
2378,73,255,64.815,648.788
2379,61,255,113.664,649.598
2380,81,255,160.389,650.179
2381,77,255,392.617,650.513
2382,59,255,551.805,649.636
2383,137,255,891.719,652.245
2384,45,255,933.344,648.144
2385,157,255,1042.041,654.029
2386,138,255,1166.645,652.217
2387,71,255,96.387,650.923
2388,85,255,678.241,653.041
2389,205,255,1486.324,655.612
2390,82,255,1586.671,652.159
2391,68,255,277.250,651.338
2392,124,255,522.613,652.161
2393,69,255,753.239,651.833
2394,153,255,1195.833,658.657
2395,227,255,1292.896,657.403
2396,108,255,1428.954,653.676
2397,53,255,1556.953,649.953
2398,123,255,1595.679,655.183
2399,72,255,250.111,653.583
2400,56,255,560.679,653.321
2401,158,255,637.215,657.627
2402,102,255,1128.539,653.588
2403,84,255,1324.714,652.702
2404,127,255,261.894,656.248
2405,91,255,716.368,654.885
2406,85,255,917.759,655.312
2407,150,255,288.447,660.113
2408,105,255,350.795,657.500
2409,176,255,906.006,659.653
2410,123,255,1257.557,656.833
2411,100,255,1465.580,655.350
2412,102,255,231.098,658.706
2413,154,255,433.071,660.149
2414,75,255,856.700,657.247
2415,185,255,937.538,659.078
2416,41,255,1068.232,655.744
2417,68,255,455.882,658.779
2418,66,255,541.955,656.818
2419,48,255,1089.917,656.875
2420,163,255,1313.279,663.402
2421,55,255,41.045,658.936
2422,112,255,322.277,664.205
2423,160,255,1434.681,663.575
2424,52,255,656.327,659.346
2425,44,255,1416.205,660.114
2426,172,255,175.866,664.517
2427,57,255,1396.377,662.114
2428,92,255,783.120,662.913
2429,57,255,795.465,663.991
2430,173,255,1242.309,666.841
2431,113,255,487.801,665.341
2432,82,255,753.280,665.171
2433,107,255,825.575,667.388
2434,22,255,863.455,663.000
2435,55,255,875.064,665.064
2436,101,255,1108.589,664.906
2437,84,255,1167.440,665.179
2438,136,255,1263.934,667.831
2439,115,255,1330.439,667.430
2440,82,255,113.061,665.988
2441,142,255,575.542,668.711
2442,53,255,601.821,665.085
2443,132,255,1075.583,667.909
2444,124,255,1209.339,667.258
2445,59,255,1456.975,666.076
2446,80,255,127.513,666.375
2447,29,255,400.603,666.845
2448,118,255,504.593,669.797
2449,139,255,530.162,669.759
2450,99,255,616.944,668.692
2451,54,255,1136.241,666.574
2452,86,255,1183.988,667.000
2453,141,255,1358.287,669.096
2454,75,255,803.807,668.393
2455,122,255,988.164,668.533
2456,153,255,1020.062,668.748
2457,203,255,1518.303,671.613
2458,79,255,75.981,669.867
2459,88,255,222.682,671.102
2460,92,255,338.326,671.109
2461,144,255,374.375,672.375
2462,150,255,669.620,673.447
2463,154,255,1038.227,672.929
2464,102,255,39.118,671.569
2465,80,255,747.663,672.575
2466,78,255,1390.449,671.628
2467,76,255,159.868,671.750
2468,161,255,475.898,675.593
2469,152,255,1194.605,676.493
2470,109,255,257.399,674.849
2471,112,255,312.804,674.938
2472,132,255,206.765,676.735
2473,98,255,1544.714,674.276
2474,89,255,454.343,676.118
2475,97,255,493.830,678.469
2476,121,255,709.996,678.723
2477,103,255,736.762,677.587
2478,65,255,784.962,674.946
2479,77,255,830.227,676.929
2480,149,255,79.252,680.433
2481,82,255,1097.939,676.000
2482,88,255,1250.295,678.170
2483,161,255,1281.202,680.835
2484,37,255,1597.905,677.122
2485,111,255,637.464,680.941
2486,82,255,1220.256,678.732
2487,100,255,1294.870,679.640
2488,119,255,291.517,681.172
2489,31,255,1086.048,677.048
2490,68,255,1533.471,679.721
2491,152,255,95.053,683.118
2492,163,255,408.488,683.727
2493,86,255,549.209,682.058
2494,121,255,607.227,680.748
2495,109,255,332.170,683.491
2496,183,255,983.467,683.210
2497,115,255,810.639,683.700
2498,147,255,1138.330,683.384
2499,55,255,1271.045,682.064
2500,141,255,1073.543,684.209
2501,46,255,131.109,683.783
2502,20,255,438.650,681.500
2503,42,255,820.690,682.619
2504,183,255,349.811,689.637
2505,130,255,389.277,688.031
2506,137,255,1345.916,687.901
2507,58,255,1244.138,685.759
2508,113,255,434.854,688.889
2509,97,255,482.490,688.005
2510,56,255,725.321,685.464
2511,239,255,1400.977,688.487
2512,82,255,3.000,690.354
2513,110,255,1017.755,689.582
2514,76,255,1466.711,687.908
2515,129,255,666.934,690.864
2516,109,255,851.436,690.133
2517,207,255,953.771,690.925
2518,67,255,1421.201,688.754
2519,80,255,1498.800,688.650
2520,204,255,1049.990,693.966
2521,225,255,1432.309,696.189
2522,60,255,138.717,690.833
2523,99,255,204.753,693.278
2524,162,255,223.951,694.142
2525,85,255,265.194,692.665
2526,125,255,741.676,693.148
2527,107,255,28.818,694.584
2528,114,255,63.526,693.246
2529,36,255,125.333,690.583
2530,83,255,1106.271,691.271
2531,93,255,897.790,693.156
2532,230,255,1198.552,696.839
2533,94,255,1270.436,694.723
2534,60,255,700.450,692.967
2535,51,255,1379.127,693.049
2536,120,255,146.908,697.567
2537,125,255,368.516,697.004
2538,148,255,516.601,699.027
2539,101,255,1558.074,695.678
2540,105,255,1178.300,697.605
2541,47,255,530.245,695.926
2542,48,255,573.667,695.458
2543,34,255,642.882,696.265
2544,74,255,1083.459,698.595
2545,37,255,1330.554,694.392
2546,71,255,606.908,696.415
2547,98,255,721.765,697.102
2548,138,255,834.232,701.058
2549,88,255,913.920,698.693
2550,29,255,1026.914,696.948
2551,103,255,246.160,701.141
2552,67,255,1470.813,698.933
2553,176,255,1587.943,706.284
2554,122,255,116.705,702.508
2555,90,255,784.144,700.944
2556,116,255,903.000,702.629
2557,192,255,1163.807,702.974
2558,148,255,80.284,704.068
2559,64,255,181.172,701.062
2560,150,255,696.413,704.507
2561,124,255,946.226,701.927
2562,147,255,978.160,704.595
2563,94,255,1121.234,701.904
2564,65,255,1147.900,701.254
2565,109,255,1333.830,702.096
2566,131,255,1513.737,703.851
2567,80,255,473.762,703.663
2568,72,255,545.986,704.347
2569,151,255,878.056,707.818
2570,112,255,1103.161,706.330
2571,29,255,1392.328,702.603
2572,202,255,1570.564,709.134
2573,123,255,336.980,707.289
2574,103,255,454.820,707.316
2575,143,255,734.339,708.836
2576,67,255,658.888,706.948
2577,85,255,97.712,708.312
2578,123,255,757.524,707.825
2579,117,255,1137.637,709.850
2580,66,255,1400.833,708.682
2581,74,255,287.392,709.270
2582,80,255,324.650,709.788
2583,127,255,592.453,710.382
2584,21,255,868.595,706.929
2585,68,255,1447.044,708.250
2586,111,255,6.329,712.545
2587,89,255,255.433,710.590
2588,45,255,302.944,708.767
2589,35,255,638.529,708.900
2590,38,255,790.789,708.158
2591,85,255,19.006,711.771
2592,89,255,827.287,711.466
2593,77,255,1220.578,710.240
2594,61,255,1265.779,710.500
2595,113,255,1381.341,711.456
2596,121,255,1534.219,713.120
2597,187,255,405.238,716.350
2598,106,255,1339.764,714.613
2599,92,255,233.022,714.337
2600,85,255,365.394,715.159
2601,79,255,1257.222,714.829
2602,140,255,1327.300,718.057
2603,212,255,430.524,719.849
2604,229,255,502.937,721.823
2605,64,255,1034.969,713.781
2606,50,255,1517.320,713.400
2607,151,255,126.169,718.838
2608,122,255,193.754,717.484
2609,131,255,577.950,718.042
2610,55,255,897.427,714.736
2611,85,255,1182.959,716.618
2612,149,255,71.460,720.265
2613,167,255,692.087,720.470
2614,68,255,712.544,718.426
2615,132,255,1499.477,720.811
2616,144,255,156.153,722.924
2617,109,255,617.546,720.216
2618,154,255,887.734,721.708
2619,45,255,1239.100,717.322
2620,71,255,1552.599,718.345
2621,64,255,1162.891,719.594
2622,67,255,1171.828,719.769
2623,67,255,26.276,721.231
2624,184,255,352.690,724.647
2625,89,255,1219.961,721.096
2626,52,255,1352.212,719.846
2627,47,255,320.096,722.372
2628,88,255,458.284,722.693
2629,97,255,646.974,723.273
2630,93,255,724.339,723.048
2631,83,255,1389.440,721.741
2632,106,255,1455.500,722.557
2633,186,255,253.984,728.667
2634,125,255,766.116,725.788
2635,136,255,1296.912,724.228
2636,103,255,230.898,725.316
2637,92,255,544.337,725.739
2638,30,255,935.033,723.067
2639,122,255,168.893,727.713
2640,131,255,996.271,728.546
2641,97,255,1032.902,727.655
2642,109,255,1073.656,728.050
2643,69,255,1131.674,725.254
2644,29,255,1545.603,724.672
2645,83,255,302.283,729.380
2646,57,255,367.833,726.202
2647,97,255,384.077,728.541
2648,97,255,1062.696,728.026
2649,67,255,1424.246,726.291
2650,90,255,18.378,728.467
2651,76,255,46.197,729.105
2652,66,255,796.439,728.909
2653,88,255,817.898,728.898
2654,77,255,1363.110,728.201
2655,58,255,1554.603,727.448
2656,38,255,944.132,728.026
2657,90,255,557.744,730.356
2658,28,255,973.821,729.607
2659,64,255,196.594,731.281
2660,101,255,1523.916,731.025
2661,33,255,406.773,730.985
2662,91,255,597.280,732.720
2663,124,255,133.113,736.040
2664,118,255,310.034,736.941
2665,108,255,532.602,734.704
2666,104,255,832.827,734.231
2667,115,255,1257.430,734.787
2668,73,255,1318.158,732.733
2669,50,255,724.380,733.500
2670,119,255,811.013,736.567
2671,40,255,955.050,732.975
2672,44,255,104.500,734.818
2673,76,255,469.618,735.355
2674,72,255,1507.847,735.611
2675,79,255,1587.259,735.753
2676,93,255,119.597,739.016
2677,72,255,264.014,738.236
2678,83,255,332.223,736.512
2679,116,255,370.328,738.621
2680,64,255,486.875,736.172
2681,22,255,647.864,734.727
2682,47,255,780.138,735.755
2683,93,255,933.091,736.608
2684,61,255,1093.943,736.107
2685,81,255,1543.833,735.747
2686,94,255,9.160,739.713
2687,31,255,25.661,737.048
2688,133,255,282.530,741.643
2689,121,255,732.062,740.649
2690,171,255,801.225,742.670
2691,151,255,1446.520,740.089
2692,101,255,1325.906,740.866
2693,142,255,70.859,744.345
2694,75,255,178.980,741.247
2695,45,255,422.100,741.500
2696,89,255,715.343,742.579
2697,102,255,1517.392,742.039
2698,153,255,100.003,746.696
2699,36,255,579.028,741.556
2700,53,255,138.179,743.538
2701,92,255,662.587,743.870
2702,168,255,951.673,747.750
2703,65,255,973.454,744.038
2704,49,255,431.357,743.684
2705,65,255,512.746,744.746
2706,144,255,605.229,748.292
2707,36,255,895.722,744.222
2708,91,255,1275.709,745.082
2709,154,255,1459.929,748.818
2710,176,255,459.943,749.659
2711,133,255,830.004,746.876
2712,113,255,1056.934,746.606
2713,87,255,352.776,747.638
2714,115,255,1409.239,747.500
2715,155,255,17.081,751.732
2716,74,255,1295.784,748.189
2717,35,255,1116.700,747.071
2718,98,255,1352.347,749.714
2719,103,255,1472.956,751.121
2720,76,255,1537.868,749.250
2721,95,255,215.216,751.153
2722,87,255,535.741,750.121
2723,87,255,1019.914,750.017
2724,96,255,1161.062,750.240
2725,172,255,1486.494,753.645
2726,41,255,1577.280,749.207
2727,135,255,48.248,752.944
2728,72,255,1040.903,750.458
2729,92,255,1568.674,751.424
2730,155,255,303.074,755.790
2731,79,255,564.956,751.677
2732,90,255,1005.200,751.333
2733,42,255,1142.833,750.881
2734,103,255,1282.820,752.218
2735,156,255,1435.231,755.218
2736,106,255,866.358,753.038
2737,104,255,1208.596,752.750
2738,69,255,1321.746,752.978
2739,103,255,1343.073,755.364
2740,46,255,402.652,752.935
2741,60,255,426.933,753.000
2742,118,255,689.280,753.941
2743,119,255,1503.962,754.349
2744,60,255,125.517,754.500
2745,31,255,195.887,753.887
2746,108,255,886.898,756.185
2747,33,255,1093.955,753.864
2748,185,255,742.424,758.446
2749,74,255,792.770,755.770
2750,165,255,929.342,759.336
2751,74,255,80.365,759.176
2752,157,255,968.475,758.334
2753,102,255,1224.176,758.000
2754,23,255,1308.196,755.717
2755,120,255,718.325,759.117
2756,204,255,1399.897,760.760
2757,81,255,1545.414,757.512
2758,181,255,62.163,762.710
2759,82,255,1253.500,758.622
2760,73,255,409.130,760.075
2761,108,255,544.278,761.630
2762,90,255,564.689,760.356
2763,83,255,940.910,761.476
2764,109,255,1151.234,761.197
2765,43,255,907.733,761.640
2766,127,255,509.697,764.059
2767,107,255,1447.369,763.603
2768,164,255,875.055,766.262
2769,122,255,992.262,765.738
2770,140,255,31.943,768.386
2771,117,255,1531.474,765.534
2772,140,255,629.421,766.443
2773,136,255,699.456,768.338
2774,60,255,854.633,765.500
2775,57,255,95.553,765.254
2776,91,255,486.082,766.775
2777,91,255,809.687,766.632
2778,48,255,979.188,765.146
2779,57,255,1474.640,765.412
2780,46,255,157.370,767.674
2781,74,255,169.595,767.797
2782,140,255,239.000,769.379
2783,104,255,374.673,769.654
2784,136,255,1059.875,769.294
2785,199,255,1560.601,771.143
2786,63,255,1595.183,767.119
2787,48,255,475.812,767.896
2788,132,255,1106.409,770.659
2789,95,255,1221.195,769.079
2790,191,255,1378.322,774.490
2791,102,255,1496.324,770.127
2792,121,255,439.583,770.872
2793,72,255,580.139,768.792
2794,30,255,762.700,768.000
2795,95,255,1290.153,770.532
2796,81,255,270.549,771.228
2797,155,255,348.171,773.784
2798,145,255,644.976,771.659
2799,147,255,182.670,774.078
2800,83,255,328.247,772.633
2801,127,255,781.035,772.697
2802,194,255,118.196,777.010
2803,78,255,296.141,773.397
2804,71,255,668.782,772.120
2805,61,255,684.352,772.549
2806,107,255,736.724,771.977
2807,74,255,754.541,773.365
2808,47,255,1150.926,772.245
2809,134,255,56.507,777.097
2810,164,255,1363.963,776.390
2811,94,255,589.596,776.330
2812,26,255,1082.615,772.731
2813,156,255,1181.006,777.192
2814,147,255,1398.833,778.071
2815,61,255,136.631,776.516
2816,85,255,494.394,777.371
2817,115,255,1261.630,778.343
2818,138,255,1328.899,779.239
2819,190,255,1520.179,780.579
2820,65,255,422.592,777.469
2821,146,255,507.959,779.473
2822,44,255,1015.591,778.068
2823,21,255,91.500,776.881
2824,93,255,161.543,780.263
2825,124,255,540.758,780.331
2826,94,255,873.617,777.713
2827,97,255,480.129,780.469
2828,114,255,831.816,781.658
2829,69,255,918.746,779.341
2830,124,255,995.145,781.032
2831,133,255,1250.282,783.011
2832,184,255,1436.446,782.842
2833,34,255,899.529,780.118
2834,141,255,1094.401,782.443
2835,157,255,1486.799,783.710
2836,142,255,84.718,785.831
2837,65,255,575.977,780.869
2838,76,255,712.118,781.513
2839,84,255,764.381,782.833
2840,62,255,41.210,782.258
2841,65,255,815.654,781.823
2842,61,255,942.893,781.664
2843,152,255,1303.296,785.520
2844,61,255,151.549,783.123
2845,64,255,311.375,783.547
2846,27,255,1042.870,782.611
2847,56,255,1073.089,783.304
2848,56,255,1457.286,783.268
2849,179,255,221.399,788.936
2850,105,255,1110.700,786.071
2851,142,255,733.465,787.746
2852,57,255,1121.781,787.237
2853,140,255,1551.929,787.357
2854,79,255,357.576,786.677
2855,91,255,405.236,786.478
2856,72,255,775.333,786.681
2857,110,255,802.418,788.555
2858,54,255,1141.037,784.778
2859,88,255,1239.761,788.273
2860,97,255,201.634,788.510
2861,127,255,747.776,790.295
2862,34,255,1341.000,786.265
2863,195,255,129.767,793.336
2864,20,255,500.000,786.000
2865,100,255,1019.800,789.550
2866,51,255,1130.618,788.245
2867,149,255,1567.648,791.795
2868,104,255,378.615,790.779
2869,99,255,641.793,789.591
2870,70,255,697.329,789.786
2871,94,255,815.479,790.755
2872,79,255,98.057,792.513
2873,105,255,244.643,793.967
2874,78,255,279.141,792.026
2875,90,255,1082.544,792.044
2876,35,255,1293.157,790.871
2877,40,255,1466.075,790.575
2878,175,255,1584.169,795.329
2879,86,255,781.267,794.372
2880,71,255,1597.176,795.697
2881,79,255,758.525,794.778
2882,79,255,902.943,793.690
2883,38,255,1138.237,792.289
2884,32,255,1161.719,792.594
2885,86,255,1185.791,793.523
2886,70,255,40.843,795.300
2887,57,255,505.395,793.325
2888,22,255,614.727,793.364
2889,135,255,938.041,797.070
2890,174,255,1061.253,797.466
2891,169,255,255.222,799.311
2892,79,255,596.259,796.108
2893,119,255,653.534,796.836
2894,176,255,571.432,798.352
2895,118,255,885.373,798.432
2896,67,255,966.619,796.575
2897,120,255,1096.175,797.750
2898,115,255,182.013,798.630
2899,36,255,332.639,796.111
2900,66,255,606.333,798.742
2901,146,255,1215.041,801.219
2902,148,255,871.331,800.216
2903,85,255,1036.500,798.641
2904,128,255,521.906,800.984
2905,49,255,1275.969,799.582
2906,59,255,1375.585,798.856
2907,130,255,1399.846,800.400
2908,99,255,804.672,801.076
2909,79,255,1111.892,801.297
2910,117,255,1201.594,801.603
2911,83,255,85.283,802.367
2912,39,255,401.372,801.090
2913,109,255,452.665,803.528
2914,36,255,1302.778,800.194
2915,101,255,1559.550,803.203
2916,105,255,439.052,803.395
2917,51,255,914.520,801.990
2918,199,255,196.601,809.284
2919,129,255,294.391,804.988
2920,55,255,507.591,803.427
2921,102,255,1426.324,804.078
2922,61,255,1531.074,803.254
2923,137,255,27.734,806.880
2924,67,255,902.530,803.381
2925,79,255,1184.829,804.892
2926,56,255,1288.018,805.143
2927,133,255,231.906,809.763
2928,34,255,332.618,805.294
2929,59,255,418.686,806.229
2930,145,255,692.059,809.486
2931,46,255,771.674,804.913
2932,73,255,1264.130,806.267
2933,102,255,150.314,807.510
2934,20,255,748.650,804.550
2935,43,255,1158.849,806.291
2936,83,255,1380.223,807.392
2937,45,255,604.922,806.456
2938,73,255,1341.240,808.623
2939,184,255,115.995,814.804
2940,101,255,782.649,809.876
2941,141,255,1119.394,812.039
2942,99,255,1300.237,810.773
2943,91,255,1460.269,809.918
2944,111,255,74.131,812.203
2945,49,255,105.051,810.276
2946,103,255,673.995,811.917
2947,59,255,1132.398,810.008
2948,79,255,1246.120,811.184
2949,60,255,1580.567,810.233
2950,106,255,340.406,813.858
2951,134,255,922.933,813.724
2952,119,255,944.517,813.038
2953,140,255,1429.443,813.786
2954,50,255,94.240,812.260
2955,104,255,171.981,814.510
2956,67,255,894.813,811.978
2957,77,255,1548.500,812.721
2958,164,255,985.841,815.866
2959,88,255,369.239,816.102
2960,77,255,724.487,814.396
2961,60,255,1275.183,814.100
2962,62,255,21.935,815.806
2963,109,255,568.968,816.482
2964,39,255,631.372,814.962
2965,55,255,645.264,815.773
2966,131,255,1072.347,816.775
2967,129,255,1098.996,815.965
2968,176,255,1469.438,819.364
2969,191,255,284.730,819.558
2970,52,255,1020.038,817.192
2971,184,255,449.114,820.891
2972,106,255,509.689,817.972
2973,76,255,809.789,818.592
2974,108,255,407.000,819.704
2975,106,255,485.415,819.255
2976,48,255,789.708,817.729
2977,54,255,800.370,817.981
2978,26,255,1567.308,817.346
2979,144,255,1591.556,821.076
2980,56,255,48.482,818.929
2981,64,255,131.938,820.391
2982,75,255,153.353,819.900
2983,60,255,224.317,819.483
2984,115,255,423.143,821.674
2985,66,255,1004.530,819.152
2986,220,255,1522.991,824.905
2987,74,255,542.622,820.432
2988,41,255,1332.427,819.061
2989,119,255,1356.811,822.113
2990,56,255,460.982,822.268
2991,157,255,67.073,825.946
2992,60,255,268.417,823.567
2993,120,255,434.083,825.908
2994,81,255,526.191,822.586
2995,122,255,706.107,823.795
2996,75,255,771.167,823.287
2997,87,255,1055.776,823.443
2998,87,255,1298.029,822.879
2999,78,255,1496.744,823.462
3000,104,255,1550.769,824.067
3001,62,255,557.516,823.484
3002,62,255,888.726,823.758
3003,55,255,1242.627,823.409
3004,116,255,1274.914,824.440
3005,68,255,996.706,825.515
3006,71,255,1182.458,825.289
3007,69,255,1391.094,824.978
3008,137,255,854.434,828.471
3009,80,255,1481.662,826.987
3010,109,255,876.849,828.280
3011,75,255,960.567,826.713
3012,43,255,1008.802,825.291
3013,90,255,1258.400,827.544
3014,84,255,396.250,829.536
3015,25,255,607.100,826.020
3016,108,255,618.481,828.741
3017,73,255,22.253,828.473
3018,68,255,207.515,827.485
3019,101,255,255.946,829.748
3020,93,255,594.586,828.608
3021,78,255,930.949,829.013
3022,48,255,341.000,828.500
3023,40,255,546.300,828.250
3024,87,255,1420.994,829.511
3025,22,255,1434.091,827.682
3026,87,255,802.937,830.362
3027,62,255,896.597,830.306
3028,31,255,1018.371,829.016
3029,107,255,1156.107,830.939
3030,69,255,1172.065,830.094
3031,50,255,1196.480,830.200
3032,62,255,1217.306,830.823
3033,29,255,1308.086,829.983
3034,62,255,1405.419,831.403
3035,105,255,1366.062,833.757
3036,65,255,180.669,834.469
3037,67,255,235.306,832.470
3038,133,255,328.342,834.229
3039,70,255,1079.514,834.071
3040,42,255,101.810,834.310
3041,114,255,463.763,836.500
3042,110,255,1314.364,835.655
3043,161,255,294.581,837.239
3044,105,255,695.310,835.852
3045,63,255,741.627,835.151
3046,75,255,768.713,836.033
3047,94,255,1003.681,836.000
3048,59,255,1139.924,834.534
3049,130,255,1238.631,837.362
3050,100,255,1473.230,836.820
3051,150,255,482.600,839.193
3052,65,255,674.777,837.177
3053,60,255,711.483,836.700
3054,64,255,976.859,836.672
3055,35,255,1328.700,835.100
3056,85,255,601.253,837.712
3057,60,255,664.017,837.433
3058,67,255,987.231,837.231
3059,42,255,1340.524,835.833
3060,121,255,573.930,841.326
3061,78,255,435.731,839.936
3062,85,255,794.971,840.182
3063,116,255,246.405,841.853
3064,65,255,394.669,839.715
3065,58,255,1098.362,840.259
3066,99,255,27.460,843.975
3067,54,255,956.537,841.130
3068,67,255,1351.410,842.545
3069,67,255,205.336,842.843
3070,106,255,225.755,844.443
3071,115,255,503.683,843.813
3072,50,255,1563.540,842.200
3073,68,255,1554.426,843.250
3074,122,255,1575.861,846.270
3075,116,255,77.888,845.353
3076,88,255,543.000,845.466
3077,43,255,616.733,843.779
3078,83,255,826.271,844.608
3079,137,255,853.434,846.259
3080,93,255,874.059,845.489
3081,49,255,1363.439,843.582
3082,57,255,1440.535,845.079
3083,63,255,1597.341,846.738
3084,23,255,0.978,846.761
3085,64,255,887.000,845.719
3086,82,255,101.183,847.427
3087,54,255,441.870,846.722
3088,104,255,558.981,847.327
3089,108,255,1009.417,847.972
3090,60,255,1188.100,846.567
3091,45,255,1213.922,845.811
3092,87,255,1288.592,847.868
3093,49,255,1588.439,845.704
3094,126,255,1047.643,849.167
3095,160,255,1137.662,851.244
3096,102,255,134.980,849.716
3097,42,255,1071.024,847.976
3098,117,255,1157.261,850.568
3099,114,255,1509.044,849.281
3100,40,255,699.200,849.000
3101,69,255,996.732,849.051
3102,156,255,1273.679,852.353
3103,51,255,308.245,850.500
3104,99,255,416.076,852.308
3105,73,255,428.582,849.541
3106,30,255,689.833,848.433
3107,78,255,635.577,852.756
3108,108,255,727.417,854.389
3109,149,255,738.768,856.789
3110,37,255,960.230,850.392
3111,100,255,1125.280,852.550
3112,60,255,1373.783,851.067
3113,188,255,1403.128,855.234
3114,81,255,163.500,853.475
3115,34,255,754.324,851.676
3116,85,255,924.841,854.924
3117,38,255,1309.184,852.158
3118,107,255,1320.173,853.145
3119,82,255,1449.598,855.390
3120,161,255,295.096,856.065
3121,36,255,527.889,852.528
3122,67,255,614.261,853.709
3123,105,255,656.100,854.519
3124,68,255,980.000,852.618
3125,117,255,1341.808,855.970
3126,64,255,1460.375,854.578
3127,82,255,601.012,855.780
3128,77,255,769.799,854.825
3129,63,255,1421.675,855.278
3130,129,255,1473.027,856.965
3131,138,255,66.246,858.007
3132,71,255,483.725,856.303
3133,79,255,712.259,855.525
3134,76,255,887.553,855.645
3135,70,255,1099.529,854.657
3136,74,255,224.581,856.135
3137,186,255,1022.919,858.919
3138,87,255,1352.615,857.086
3139,68,255,353.412,857.691
3140,30,255,459.700,856.467
3141,48,255,1206.500,856.771
3142,108,255,692.213,859.324
3143,101,255,945.807,860.045
3144,66,255,1388.758,858.030
3145,88,255,1429.773,859.886
3146,65,255,854.300,859.162
3147,51,255,1007.343,859.225
3148,82,255,811.341,859.805
3149,70,255,835.500,860.729
3150,31,255,1087.758,858.758
3151,57,255,1365.518,859.535
3152,62,255,471.290,860.629
3153,135,255,1116.707,865.056
3154,57,255,1233.465,861.623
3155,22,255,231.591,860.773
3156,52,255,246.577,861.462
3157,41,255,308.817,861.939
3158,60,255,762.467,863.350
3159,48,255,785.000,861.500
3160,96,255,894.927,863.375
3161,93,255,1534.091,863.683
3162,65,255,1597.177,864.315
3163,57,255,718.816,863.412
3164,60,255,748.950,863.917
3165,107,255,988.930,863.780
3166,66,255,1581.621,863.712
3167,109,255,269.280,865.665
3168,43,255,911.570,863.477
3169,105,255,153.129,867.700
3170,74,255,377.716,866.230
3171,107,255,928.173,866.893
3172,117,255,1181.423,870.209
3173,34,255,1218.206,863.971
3174,131,255,488.431,869.561
3175,151,255,553.891,871.778
3176,100,255,1322.080,868.730
3177,37,255,105.905,866.095
3178,27,255,386.870,865.537
3179,38,255,661.579,866.053
3180,80,255,1198.537,867.337
3181,81,255,207.833,869.796
3182,139,255,795.155,871.219
3183,55,255,337.827,869.609
3184,49,255,1083.500,868.378
3185,69,255,1130.471,870.138
3186,42,255,1161.548,868.905
3187,96,255,648.531,872.302
3188,63,255,884.770,870.421
3189,76,255,1037.026,871.171
3190,64,255,1384.578,870.516
3191,135,255,1474.485,871.500
3192,107,255,436.762,872.911
3193,66,255,613.576,872.045
3194,79,255,1153.095,871.741
3195,40,255,601.700,871.500
3196,65,255,735.300,872.654
3197,60,255,862.850,871.283
3198,236,255,1284.996,878.606
3199,99,255,1341.470,873.652
3200,138,255,1527.370,874.928
3201,128,255,691.492,875.227
3202,49,255,778.786,872.990
3203,96,255,1250.010,874.427
3204,57,255,891.974,875.184
3205,70,255,1494.657,875.343
3206,66,255,1514.591,875.879
3207,48,255,328.500,875.417
3208,163,255,1423.064,877.359
3209,170,255,362.200,878.971
3210,149,255,472.883,880.023
3211,57,255,1097.465,876.167
3212,52,255,1364.769,875.846
3213,108,255,3.639,881.046
3214,75,255,39.847,877.793
3215,28,255,50.107,878.179
3216,123,255,249.411,878.890
3217,119,255,724.055,879.845
3218,43,255,805.267,876.895
3219,51,255,1227.618,877.245
3220,66,255,374.561,878.273
3221,47,255,655.585,876.947
3222,78,255,1086.410,878.333
3223,175,255,1211.420,880.877
3224,208,255,1567.418,881.952
3225,111,255,302.554,880.941
3226,100,255,398.270,880.910
3227,72,255,416.625,879.861
3228,83,255,702.657,880.380
3229,43,255,1267.430,878.058
3230,78,255,1392.551,878.962
3231,65,255,1537.608,879.808
3232,108,255,148.000,882.630
3233,104,255,825.087,882.087
3234,24,255,995.083,878.750
3235,149,255,1303.023,883.520
3236,118,255,492.534,882.932
3237,131,255,741.935,882.905
3238,47,255,769.862,880.691
3239,54,255,883.889,881.111
3240,106,255,1591.038,883.330
3241,145,255,221.079,885.107
3242,50,255,1324.660,883.260
3243,112,255,1449.598,883.446
3244,41,255,530.939,882.305
3245,74,255,574.257,883.865
3246,187,255,1022.623,886.120
3247,61,255,1160.877,883.238
3248,126,255,72.627,886.000
3249,124,255,438.790,888.895
3250,177,255,596.602,891.912
3251,55,255,788.645,885.264
3252,30,255,801.100,883.500
3253,43,255,986.477,884.570
3254,43,255,1429.547,885.802
3255,49,255,94.276,886.235
3256,136,255,179.390,889.184
3257,89,255,462.140,886.994
3258,37,255,650.473,885.338
3259,87,255,713.971,888.328
3260,110,255,897.991,886.455
3261,256,255,1479.312,890.379
3262,54,255,109.037,886.963
3263,35,255,1183.671,886.357
3264,37,255,1413.986,886.581
3265,142,255,132.746,891.803
3266,66,255,632.152,888.788
3267,59,255,1147.449,887.822
3268,78,255,1377.064,889.462
3269,72,255,505.264,888.875
3270,162,255,675.352,892.093
3271,22,255,562.045,889.273
3272,33,255,643.258,889.197
3273,79,255,847.247,890.285
3274,61,255,1003.090,889.025
3275,144,255,1244.646,892.986
3276,70,255,1390.929,889.243
3277,71,255,553.063,891.810
3278,117,255,759.295,892.517
3279,151,255,1071.811,893.672
3280,73,255,944.610,893.253
3281,124,255,530.831,894.315
3282,93,255,701.435,894.661
3283,41,255,870.939,892.159
3284,124,255,1043.669,894.782
3285,200,255,1223.685,897.130
3286,37,255,281.176,893.905
3287,40,255,932.825,893.100
3288,70,255,1420.214,894.443
3289,175,255,1507.083,897.489
3290,61,255,252.123,895.648
3291,93,255,966.317,895.091
3292,154,255,1265.870,896.078
3293,52,255,621.712,896.288
3294,118,255,1198.322,897.288
3295,200,255,113.725,900.145
3296,118,255,311.797,899.229
3297,35,255,330.243,896.929
3298,40,255,341.600,896.650
3299,59,255,490.297,896.483
3300,44,255,1184.523,896.750
3301,117,255,1523.321,899.124
3302,24,255,643.167,896.625
3303,66,255,1112.621,897.894
3304,104,255,3.067,904.365
3305,25,255,41.740,897.540
3306,91,255,224.302,900.313
3307,21,255,465.643,897.881
3308,50,255,541.900,900.060
3309,63,255,561.929,898.849
3310,43,255,610.895,898.012
3311,71,255,849.514,899.049
3312,108,255,909.259,899.167
3313,53,255,1020.349,899.311
3314,48,255,1031.104,898.729
3315,60,255,386.500,900.500
3316,136,255,97.059,905.294
3317,169,255,739.127,903.435
3318,88,255,836.477,902.489
3319,69,255,1348.949,900.457
3320,66,255,825.030,903.030
3321,50,255,1098.760,901.280
3322,65,255,1124.608,902.577
3323,117,255,26.885,906.004
3324,90,255,869.467,903.889
3325,20,255,424.200,902.750
3326,60,255,922.317,904.533
3327,80,255,1155.388,905.550
3328,95,255,1176.605,905.258
3329,105,255,1327.710,905.357
3330,67,255,1432.575,903.410
3331,73,255,52.911,907.295
3332,106,255,627.698,906.538
3333,82,255,770.402,906.756
3334,111,255,1316.329,907.266
3335,34,255,575.500,905.000
3336,46,255,644.696,906.087
3337,80,255,1480.375,907.050
3338,134,255,1539.007,910.978
3339,96,255,353.927,909.948
3340,101,255,417.995,909.500
3341,24,255,442.333,907.292
3342,50,255,529.760,907.360
3343,98,255,665.949,909.469
3344,69,255,1375.080,907.674
3345,89,255,1551.871,909.073
3346,84,255,333.024,909.369
3347,44,255,463.795,908.568
3348,142,255,488.655,910.901
3349,133,255,679.229,911.703
3350,67,255,990.396,908.500
3351,52,255,1516.865,908.173
3352,75,255,1564.473,910.007
3353,24,255,1597.542,907.500
3354,81,255,913.648,910.340
3355,71,255,1349.768,909.965
3356,58,255,374.052,911.931
3357,66,255,41.091,912.152
3358,59,255,210.364,912.483
3359,67,255,562.142,912.455
3360,123,255,611.858,913.362
3361,76,255,180.145,914.684
3362,125,255,266.316,914.220
3363,67,255,318.530,912.649
3364,67,255,841.933,913.843
3365,48,255,1033.646,912.542
3366,46,255,1125.239,912.522
3367,132,255,116.492,916.455
3368,75,255,594.087,914.593
3369,23,255,709.891,913.326
3370,41,255,896.305,912.890
3371,30,255,1084.833,912.933
3372,56,255,1146.982,913.571
3373,70,255,1217.014,914.486
3374,57,255,1228.693,914.570
3375,55,255,1527.845,914.045
3376,56,255,1595.357,913.571
3377,72,255,161.681,916.167
3378,76,255,219.645,916.513
3379,83,255,578.488,915.211
3380,144,255,1180.403,916.312
3381,60,255,1205.100,914.333
3382,148,255,1269.243,917.676
3383,96,255,1439.250,916.552
3384,109,255,1469.592,916.528
3385,30,255,363.833,915.067
3386,34,255,398.824,916.147
3387,170,255,784.400,918.935
3388,35,255,877.271,915.529
3389,92,255,197.870,918.946
3390,80,255,525.788,920.200
3391,67,255,803.903,918.112
3392,61,255,1056.369,917.680
3393,111,255,1429.698,921.842
3394,64,255,96.969,919.547
3395,48,255,437.354,918.979
3396,71,255,551.373,920.796
3397,96,255,662.510,920.354
3398,30,255,1372.200,917.567
3399,113,255,289.465,923.535
3400,51,255,457.324,921.088
3401,117,255,513.295,922.594
3402,53,255,538.651,921.519
3403,151,255,947.805,921.381
3404,25,255,1161.900,918.580
3405,56,255,1390.357,919.571
3406,111,255,419.266,922.761
3407,31,255,751.661,920.242
3408,69,255,1026.601,921.703
3409,115,255,1503.283,921.709
3410,121,255,305.674,922.607
3411,120,255,336.417,924.975
3412,42,255,632.310,921.357
3413,30,255,767.667,921.233
3414,50,255,187.020,923.300
3415,48,255,274.146,925.875
3416,74,255,490.878,923.662
3417,101,255,566.203,925.876
3418,141,255,914.663,924.323
3419,34,255,929.265,922.676
3420,47,255,1195.904,922.245
3421,147,255,1565.582,925.010
3422,53,255,1582.179,923.311
3423,133,255,1335.605,924.650
3424,120,255,1527.400,924.650
3425,50,255,623.240,924.660
3426,56,255,891.036,924.321
3427,87,255,1484.029,926.086
3428,66,255,356.303,926.606
3429,100,255,643.200,928.080
3430,84,255,984.679,927.655
3431,49,255,1153.908,925.908
3432,48,255,248.312,926.146
3433,27,255,374.759,925.907
3434,111,255,391.068,930.869
3435,33,255,734.864,926.197
3436,59,255,1005.280,927.398
3437,58,255,1167.500,927.000
3438,128,255,1367.633,929.914
3439,107,255,473.724,929.444
3440,95,255,800.395,928.932
3441,29,255,836.431,926.672
3442,55,255,852.355,927.864
3443,52,255,995.519,927.558
3444,138,255,1256.051,929.572
3445,95,255,1406.447,929.721
3446,70,255,681.329,928.929
3447,57,255,1355.342,929.132
3448,35,255,367.671,930.129
3449,88,255,433.966,930.534
3450,69,255,1180.703,929.891
3451,72,255,1223.778,929.764
3452,118,255,1390.161,932.254
3453,34,255,1597.735,930.176
3454,62,255,616.565,931.194
3455,68,255,1061.147,930.059
3456,43,255,1135.360,930.128
3457,114,255,1207.298,931.351
3458,65,255,1273.054,931.100
3459,85,255,1512.735,931.100
3460,88,255,220.852,933.841
3461,78,255,1099.590,933.744
3462,92,255,1542.641,931.957
3463,60,255,27.167,935.150
3464,110,255,81.673,935.673
3465,75,255,176.367,934.660
3466,45,255,420.233,933.100
3467,70,255,551.514,933.657
3468,118,255,586.585,935.280
3469,132,255,708.758,934.091
3470,63,255,764.675,933.516
3471,32,255,898.781,931.469
3472,46,255,1025.304,932.804
3473,31,255,1242.371,932.113
3474,87,255,45.190,936.006
3475,28,255,54.393,932.607
3476,50,255,1344.160,933.080
3477,66,255,1525.076,934.485
3478,77,255,1571.981,935.383
3479,78,255,1585.410,934.179
3480,206,255,147.194,938.777
3481,49,255,726.092,934.949
3482,54,255,745.352,935.426
3483,174,255,955.195,936.190
3484,116,255,459.819,939.733
3485,126,255,572.286,938.437
3486,42,255,656.167,936.762
3487,62,255,756.000,938.984
3488,104,255,202.817,940.606
3489,117,255,250.184,940.919
3490,61,255,515.877,938.418
3491,57,255,1236.956,939.289
3492,32,255,269.719,940.000
3493,128,255,300.266,941.859
3494,72,255,479.083,939.389
3495,64,255,504.469,939.844
3496,60,255,605.117,939.217
3497,100,255,1224.850,940.240
3498,59,255,2.585,941.958
3499,36,255,36.639,940.389
3500,50,255,1448.260,939.620
3501,70,255,1496.800,940.700
3502,67,255,428.052,941.037
3503,56,255,629.446,940.411
3504,136,255,872.449,943.382
3505,49,255,1596.378,940.459
3506,84,255,183.500,944.310
3507,80,255,349.637,943.188
3508,116,255,776.129,946.293
3509,102,255,1134.402,943.755
3510,63,255,1193.865,941.357
3511,108,255,1344.657,943.806
3512,124,255,56.339,945.363
3513,77,255,396.929,943.799
3514,112,255,855.384,943.812
3515,23,255,1019.326,941.500
3516,27,255,1032.315,941.463
3517,50,255,1154.540,942.720
3518,192,255,1359.234,948.281
3519,148,255,132.973,947.655
3520,83,255,440.054,945.536
3521,70,255,1207.471,944.929
3522,22,255,747.500,943.000
3523,69,255,785.471,945.601
3524,89,255,922.354,945.567
3525,71,255,105.542,947.359
3526,77,255,525.721,947.604
3527,73,255,547.486,946.760
3528,123,255,615.069,948.102
3529,57,255,650.991,945.711
3530,86,255,691.372,946.500
3531,118,255,1489.847,948.881
3532,60,255,68.667,948.267
3533,79,255,278.373,949.475
3534,69,255,368.848,948.312
3535,53,255,385.142,947.538
3536,68,255,1536.118,948.191
3537,21,255,1551.881,945.690
3538,113,255,222.058,950.650
3539,85,255,508.194,950.135
3540,39,255,764.474,949.013
3541,81,255,1219.747,949.870
3542,186,255,242.091,952.946
3543,60,255,593.850,949.400
3544,74,255,679.027,949.811
3545,48,255,715.125,949.062
3546,84,255,756.286,951.417
3547,88,255,899.682,951.148
3548,40,255,1297.550,948.800
3549,70,255,114.471,952.086
3550,71,255,157.021,951.655
3551,82,255,1077.524,951.159
3552,121,255,1565.368,953.847
3553,152,255,1581.993,953.118
3554,57,255,195.781,952.658
3555,114,255,419.605,955.912
3556,56,255,469.411,952.250
3557,95,255,800.711,953.026
3558,60,255,995.250,951.633
3559,56,255,1553.946,952.143
3560,93,255,943.790,955.704
3561,81,255,1187.957,952.883
3562,92,255,1252.033,953.598
3563,74,255,88.514,955.324
3564,159,255,306.764,958.305
3565,51,255,743.363,952.971
3566,58,255,883.172,953.862
3567,98,255,1150.265,954.398
3568,23,255,1312.891,952.500
3569,55,255,653.682,956.409
3570,46,255,819.109,955.043
3571,126,255,1386.111,958.198
3572,87,255,35.684,958.259
3573,115,255,536.022,959.274
3574,46,255,1122.500,955.826
3575,93,255,1525.360,959.081
3576,94,255,11.266,961.234
3577,128,255,269.562,962.062
3578,98,255,1066.714,960.092
3579,119,255,1276.441,961.559
3580,66,255,848.879,960.091
3581,142,255,1407.697,962.028
3582,101,255,1421.866,961.381
3583,56,255,102.911,961.000
3584,61,255,170.090,962.385
3585,79,255,523.310,962.538
3586,73,255,1593.048,961.281
3587,51,255,117.775,961.775
3588,38,255,205.000,961.895
3589,78,255,330.359,962.859
3590,55,255,377.936,962.245
3591,168,255,740.661,964.839
3592,107,255,1052.949,963.276
3593,87,255,140.052,964.937
3594,66,255,220.106,962.955
3595,22,255,289.591,961.409
3596,70,255,354.657,963.900
3597,47,255,369.670,962.926
3598,66,255,402.561,963.515
3599,82,255,998.476,962.585
3600,59,255,1032.941,962.788
3601,39,255,1302.654,962.218
3602,29,255,392.914,962.776
3603,46,255,471.217,964.304
3604,35,255,752.386,963.471
3605,169,255,814.429,968.228
3606,80,255,1080.675,963.725
3607,54,255,154.796,964.926
3608,72,255,650.528,964.931
3609,26,255,1476.231,963.885
3610,73,255,512.555,967.212
3611,82,255,884.988,965.268
3612,73,255,969.473,965.815
3613,84,255,1098.476,965.107
3614,87,255,127.879,967.730
3615,100,255,346.450,968.880
3616,89,255,441.725,967.320
3617,62,255,492.629,967.532
3618,72,255,612.667,967.972
3619,85,255,67.535,969.124
3620,69,255,319.804,968.486
3621,131,255,417.347,970.882
3622,41,255,429.280,967.793
3623,82,255,637.268,968.634
3624,42,255,252.357,970.786
3625,107,255,684.949,970.528
3626,79,255,713.665,970.627
3627,80,255,799.913,970.362
3628,68,255,825.029,970.985
3629,84,255,1542.667,971.690
3630,58,255,1574.207,969.621
3631,119,255,56.609,973.945
3632,62,255,376.645,971.242
3633,81,255,392.265,971.636
3634,67,255,565.321,971.187
3635,79,255,777.816,970.525
3636,65,255,334.238,973.808
3637,116,255,1058.810,973.043
3638,67,255,40.246,973.619
3639,55,255,170.791,973.555
3640,95,255,241.711,975.416
3641,85,255,459.135,973.524
3642,81,255,503.858,974.710
3643,74,255,1442.108,974.757
3644,46,255,1514.457,973.696
3645,26,255,604.462,973.808
3646,80,255,675.112,976.325
3647,121,255,1225.781,976.864
3648,93,255,1470.758,975.629
3649,92,255,863.783,975.902
3650,179,255,943.265,979.170
3651,324,255,985.096,981.201
3652,199,255,1152.490,978.450
3653,41,255,1279.159,975.573
3654,122,255,1355.525,976.926
3655,35,255,277.500,977.671
3656,47,255,290.777,977.053
3657,21,255,303.643,976.262
3658,141,255,916.599,977.812
3659,52,255,1371.808,975.788
3660,46,255,489.065,977.696
3661,81,255,1005.685,977.846
3662,32,255,1018.312,976.844
3663,85,255,1089.406,977.888
3664,112,255,83.000,980.304
3665,59,255,262.534,979.110
3666,84,255,517.012,979.679
3667,41,255,1105.354,977.646
3668,93,255,1208.382,978.629
3669,165,255,1549.076,981.670
3670,131,255,1589.744,980.340
3671,90,255,176.411,982.478
3672,58,255,601.345,980.190
3673,31,255,755.274,978.952
3674,128,255,1072.523,982.359
3675,121,255,126.136,983.483
3676,95,255,228.395,982.784
3677,91,255,655.192,982.203
3678,73,255,1382.267,981.473
3679,91,255,1569.368,982.599
3680,78,255,400.705,983.308
3681,134,255,1125.306,985.201
3682,28,255,1520.607,981.071
3683,118,255,112.119,985.729
3684,87,255,436.420,983.868
3685,76,255,460.513,983.618
3686,35,255,579.729,982.643
3687,94,255,1058.085,983.372
3688,140,255,1314.386,984.121
3689,36,255,149.972,983.250
3690,56,255,161.268,983.893
3691,59,255,704.008,984.144
3692,141,255,844.060,985.833
3693,160,255,1100.644,987.956
3694,153,255,1263.657,986.735
3695,59,255,27.839,985.958
3696,107,255,371.145,987.313
3697,34,255,412.765,984.382
3698,27,255,494.500,984.389
3699,68,255,551.588,986.397
3700,75,255,641.073,985.113
3701,84,255,739.667,986.024
3702,141,255,815.642,986.202
3703,59,255,1530.483,984.890
3704,121,255,97.112,988.872
3705,144,255,1333.938,987.479
3706,57,255,1406.307,985.553
3707,148,255,1441.662,987.608
3708,79,255,38.171,987.994
3709,43,255,331.593,985.942
3710,31,255,483.210,985.855
3711,76,255,1393.000,987.500
3712,113,255,1470.978,987.562
3713,73,255,309.925,989.007
3714,119,255,786.609,991.113
3715,104,255,617.356,989.779
3716,99,255,662.227,990.197
3717,111,255,1425.797,991.968
3718,37,255,1483.176,987.824
3719,115,255,1494.265,990.674
3720,66,255,145.000,990.818
3721,50,255,443.520,990.860
3722,95,255,716.226,991.121
3723,51,255,727.951,990.461
3724,115,255,872.196,991.552
3725,56,255,1596.946,991.161
3726,74,255,11.986,991.419
3727,29,255,200.707,990.914
3728,62,255,360.677,991.919
3729,35,255,1173.614,991.300
3730,46,255,1363.130,991.391
3731,157,255,1513.156,993.914
3732,45,255,470.833,992.678
3733,156,255,801.801,995.872
3734,127,255,1376.232,995.106
3735,114,255,1414.711,995.746
3736,87,255,1564.466,993.753
3737,87,255,1547.753,993.856
3738,93,255,46.715,996.231
3739,72,255,335.000,996.000
3740,87,255,640.960,995.293
3741,83,255,836.054,995.392
3742,93,255,1163.500,994.801
3743,62,255,135.839,997.516
3744,30,255,274.200,995.733
3745,38,255,544.763,995.079
3746,25,255,29.980,996.260
3747,166,255,400.542,998.620
3748,191,255,1217.898,1000.160
3749,132,255,1440.121,998.667
3750,81,255,564.549,999.377
3751,116,255,704.681,1000.155
3752,73,255,1251.527,998.308
3753,138,255,1577.109,1001.652
3754,59,255,127.025,999.280
3755,101,255,209.450,1001.698
3756,78,255,514.974,999.474
3757,111,255,761.086,1000.266
3758,43,255,1147.105,998.570
3759,44,255,253.614,999.409
3760,60,255,442.133,999.417
3761,150,255,1343.047,1002.093
3762,122,255,294.582,1005.156
3763,58,255,484.845,1002.241
3764,121,255,1510.128,1004.442
3765,127,255,156.697,1004.508
3766,76,255,176.697,1003.316
3767,92,255,197.848,1003.359
3768,88,255,424.182,1003.114
3769,75,255,234.833,1005.513
3770,62,255,282.532,1004.435
3771,163,255,461.298,1005.445
3772,114,255,1369.526,1005.596
3773,258,255,1467.469,1009.388
3774,59,255,1596.127,1003.686
3775,149,255,582.950,1007.728
3776,120,255,550.067,1008.000
3777,133,255,674.417,1008.523
3778,125,255,1452.956,1009.740
3779,101,255,1558.134,1007.173
3780,50,255,350.580,1008.500
3781,24,255,1110.375,1006.083
3782,96,255,141.958,1011.062
3783,30,255,1130.400,1008.333
3784,120,255,1542.817,1010.442
3785,108,255,182.333,1012.056
3786,44,255,363.432,1010.136
3787,75,255,443.633,1010.367
3788,138,255,125.435,1014.630
3789,107,255,597.407,1014.182
3790,73,255,52.308,1014.021
3791,72,255,341.694,1013.556
3792,50,255,505.380,1013.540
3793,70,255,1069.871,1014.329
3794,56,255,274.821,1014.625
3795,205,255,397.310,1016.232
3796,53,255,492.538,1013.708
3797,93,255,20.511,1016.941
3798,57,255,31.289,1015.342
3799,48,255,225.250,1014.938
3800,107,255,1565.379,1016.014
3801,117,255,618.158,1016.637
3802,134,255,703.336,1016.433
3803,61,255,72.500,1017.828
3804,60,255,215.067,1017.917
3805,109,255,257.528,1019.472
3806,59,255,311.975,1017.093
3807,56,255,1592.375,1016.071
3808,165,255,170.736,1021.094
3809,61,255,1286.107,1018.008
3810,91,255,85.269,1021.016
3811,53,255,1186.934,1019.047
3812,74,255,153.122,1021.149
3813,81,255,319.920,1022.414
3814,66,255,349.273,1020.758
3815,152,255,554.243,1022.684
3816,108,255,577.778,1021.593
3817,136,255,837.022,1023.272
3818,53,255,1303.179,1019.745
3819,93,255,1545.296,1020.457
3820,79,255,455.323,1021.804
3821,129,255,535.609,1024.143
3822,67,255,144.067,1023.396
3823,111,255,246.068,1023.986
3824,78,255,200.846,1024.282
3825,48,255,376.083,1022.146
3826,126,255,52.151,1025.556
3827,31,255,339.887,1022.694
3828,57,255,289.412,1025.746
3829,96,255,361.021,1027.156
3830,65,255,1209.900,1025.531
3831,36,255,1231.694,1025.611
3832,29,255,1597.914,1026.017
3833,96,255,480.312,1027.156
3834,46,255,605.978,1028.717
3835,62,255,636.710,1027.629
3836,60,255,693.017,1027.400
3837,43,255,755.872,1027.686
3838,26,255,1247.577,1027.269
3839,133,255,18.733,1030.951
3840,78,255,230.872,1030.013
3841,83,255,275.946,1030.199
3842,23,255,307.891,1027.370
3843,79,255,495.070,1029.437
3844,45,255,1178.478,1027.989
3845,46,255,1256.283,1028.565
3846,25,255,1364.340,1027.940
3847,91,255,35.588,1031.412
3848,155,255,130.455,1035.352
3849,76,255,219.803,1031.158
3850,85,255,342.018,1031.041
3851,53,255,104.821,1031.406
3852,107,255,456.079,1032.126
3853,110,255,151.191,1034.700
3854,79,255,178.272,1034.006
3855,76,255,298.197,1033.684
3856,129,255,436.702,1035.422
3857,43,255,324.012,1033.686
3858,78,255,424.667,1035.603
3859,78,255,1267.346,1036.295
3860,81,255,308.784,1036.710
3861,109,255,413.720,1037.427
3862,22,255,471.409,1034.773
3863,113,255,71.341,1039.385
3864,118,255,281.068,1039.364
3865,44,255,1168.591,1037.909
3866,85,255,246.712,1041.853
3867,70,255,389.171,1040.300
3868,39,255,1202.654,1039.218
3869,46,255,1380.435,1039.739
3870,85,255,199.335,1042.347
3871,57,255,358.798,1041.237
3872,59,255,1277.636,1041.703
3873,78,255,60.167,1044.179
3874,100,255,769.370,1043.990
3875,53,255,1189.255,1041.594
3876,85,255,86.312,1045.688
3877,29,255,734.259,1044.328
3878,81,255,229.944,1045.586
3879,74,255,216.770,1046.527
3880,51,255,1388.873,1045.480
3881,65,255,149.762,1048.254
3882,29,255,498.086,1045.776
3883,75,255,287.207,1049.153
3884,54,255,383.222,1048.778
3885,44,255,130.023,1049.682
3886,98,255,317.755,1050.306
3887,39,255,1379.218,1048.808
3888,26,255,468.962,1049.423
3889,103,255,55.044,1053.228
3890,32,255,271.344,1051.031
3891,36,255,461.056,1050.861
3892,141,255,688.507,1054.273
3893,85,255,25.935,1054.429
3894,105,255,92.014,1054.300
3895,94,255,364.915,1053.277
3896,47,255,489.160,1053.138
3897,23,255,1143.630,1051.065
3898,92,255,1241.217,1056.293
3899,97,255,296.892,1054.892
3900,27,255,1265.944,1053.241
3901,125,255,106.732,1058.540
3902,112,255,230.580,1056.357
3903,47,255,549.138,1053.904
3904,58,255,729.793,1053.948
3905,48,255,1119.125,1053.938
3906,59,255,713.941,1055.602
3907,185,255,1038.295,1059.354
3908,133,255,1065.305,1057.726
3909,67,255,119.933,1057.873
3910,126,255,428.270,1058.365
3911,37,255,540.122,1056.257
3912,62,255,1226.532,1059.065
3913,41,255,74.500,1057.500
3914,73,255,282.404,1057.322
3915,40,255,173.775,1058.025
3916,89,255,349.511,1060.848
3917,76,255,367.618,1060.579
3918,47,255,750.543,1059.245
3919,45,255,1216.744,1059.278
3920,80,255,1258.925,1060.438
3921,43,255,1383.826,1058.244
3922,33,255,42.348,1060.470
3923,64,255,154.859,1061.906
3924,54,255,668.130,1061.074
3925,64,255,65.453,1062.469
3926,46,255,1126.413,1060.652
3927,102,255,1141.343,1062.275
3928,65,255,1374.731,1062.823
3929,62,255,8.823,1063.935
3930,77,255,264.916,1063.136
3931,63,255,518.675,1062.595
3932,75,255,642.193,1063.713
3933,160,255,1060.344,1067.219
3934,42,255,1171.190,1062.119
3935,137,255,183.157,1065.296
3936,135,255,336.144,1066.167
3937,62,255,657.355,1064.661
3938,85,255,1004.465,1063.759
3939,111,255,1196.248,1067.815
3940,64,255,736.297,1065.234
3941,73,255,1248.432,1064.390
3942,57,255,26.009,1066.360
3943,81,255,451.463,1066.105
3944,68,255,826.794,1065.941
3945,49,255,1073.867,1065.704
3946,94,255,1269.819,1066.702
3947,80,255,248.350,1067.188
3948,52,255,295.231,1066.538
3949,22,255,880.409,1065.727
3950,47,255,1385.330,1066.032
3951,49,255,52.133,1068.643
3952,88,255,86.614,1069.455
3953,49,255,132.765,1067.827
3954,54,255,545.981,1067.241
3955,71,255,692.697,1067.739
3956,38,255,947.395,1067.132
3957,46,255,1089.891,1068.522
3958,46,255,1157.500,1067.130
3959,46,255,674.391,1067.826
3960,161,255,1286.401,1071.562
3961,78,255,909.962,1069.987
3962,46,255,1298.674,1069.674
3963,119,255,1307.895,1073.592
3964,47,255,13.479,1070.479
3965,84,255,112.321,1071.440
3966,89,255,208.938,1071.612
3967,143,255,869.003,1073.542
3968,32,255,1180.188,1070.094
3969,21,255,718.738,1070.357
3970,22,255,727.727,1069.909
3971,23,255,840.587,1070.543
3972,48,255,999.646,1070.896
3973,77,255,1348.526,1073.526
3974,79,255,1358.297,1073.968
3975,131,255,370.187,1075.698
3976,50,255,1164.900,1073.860
3977,157,255,1322.404,1076.124
3978,118,255,322.602,1075.814
3979,70,255,1370.543,1074.757
3980,123,255,357.720,1077.533
3981,173,255,855.714,1078.176
3982,60,255,1092.967,1077.883
3983,96,255,160.250,1077.302
3984,50,255,241.000,1076.000
3985,100,255,593.770,1080.400
3986,154,255,829.773,1080.409
3987,31,255,1137.726,1075.694
3988,32,255,7.312,1077.188
3989,82,255,28.732,1078.524
3990,91,255,200.709,1078.786
3991,158,255,791.500,1082.044
3992,26,255,1110.115,1077.038
3993,24,255,1241.292,1077.125
3994,29,255,1248.879,1077.638
3995,48,255,1298.771,1077.271
3996,47,255,251.968,1079.500
3997,38,255,723.289,1077.553
3998,127,255,733.571,1083.602
3999,107,255,1337.537,1082.257
4000,99,255,1382.348,1080.348
4001,60,255,73.250,1082.067
4002,26,255,1347.423,1081.308
4003,107,255,654.182,1085.977
4004,101,255,227.569,1084.649
4005,21,255,842.929,1083.119
4006,74,255,1220.095,1084.297
4007,44,255,8.159,1084.159
4008,25,255,722.740,1085.540
4009,22,255,847.682,1084.227
4010,75,255,180.460,1087.607
4011,34,255,1314.265,1086.882
4012,73,255,626.075,1087.911
4013,63,255,636.897,1089.056
4014,26,255,777.154,1086.115
4015,104,255,1156.952,1090.462
4016,133,255,1389.695,1089.711
4017,64,255,665.828,1089.516
4018,69,255,867.413,1090.457
4019,99,255,35.520,1092.551
4020,85,255,86.312,1092.253
4021,59,255,157.144,1089.212
4022,42,255,1065.357,1089.310
4023,69,255,1204.688,1091.746
4024,212,255,604.066,1094.519
4025,29,255,70.569,1091.466
4026,35,255,644.586,1091.300
4027,68,255,58.956,1093.515
4028,52,255,236.865,1091.923
4029,50,255,5.460,1093.280
4030,53,255,1079.085,1094.821
4031,35,255,1401.471,1094.929
4032,64,255,627.281,1096.625
4033,52,255,1351.231,1096.981
4034,58,255,108.655,1097.397
4035,34,255,134.824,1097.029
4036,54,255,245.981,1097.463
4037,55,255,583.427,1097.373
4038,37,255,1129.068,1097.392
4039,38,255,1218.816,1097.237
4040,33,255,125.409,1097.803
4041,38,255,570.553,1097.816
4042,30,255,1060.300,1097.800
4043,29,255,1385.638,1097.879
4044,29,255,155.328,1098.121
4045,30,255,166.900,1098.233
4046,25,255,367.300,1098.500
4047,26,255,561.308,1098.308
4048,28,255,1311.214,1098.179
