 ,Area,Mean,X,Y
1,55,255,1118.209,5.700
2,165,255,503.755,11.700
3,126,255,565.619,8.167
4,83,255,515.584,11.958
5,34,255,638.059,10.441
6,126,255,472.381,15.873
7,119,255,448.735,17.592
8,139,255,602.068,18.788
9,87,255,460.178,18.661
10,115,255,425.448,20.396
11,158,255,173.943,24.532
12,149,255,277.621,24.641
13,56,255,435.857,25.446
14,98,255,101.194,30.673
15,124,255,87.863,30.282
16,152,255,607.816,36.349
17,205,255,1026.705,33.641
18,147,255,38.412,35.493
19,108,255,1157.083,38.343
20,99,255,717.187,38.207
21,69,255,5.210,40.109
22,83,255,249.753,46.669
23,88,255,163.977,47.989
24,85,255,769.676,47.900
25,90,255,606.233,49.189
26,98,255,1167.347,51.327
27,88,255,1155.557,51.489
28,99,255,453.833,52.793
29,51,255,56.873,55.029
30,75,255,148.993,54.873
31,64,255,675.172,55.312
32,90,255,717.267,55.656
33,30,255,95.600,56.200
34,67,255,584.784,56.470
35,107,255,11.603,59.397
36,21,255,559.119,59.262
37,115,255,176.526,64.109
38,73,255,31.185,63.322
39,106,255,620.500,64.632
40,63,255,1227.389,69.246
41,39,255,88.577,68.372
42,137,255,238.960,71.376
43,98,255,861.857,72.092
44,76,255,688.579,76.737
45,85,255,733.676,78.441
46,77,255,1019.773,77.136
47,55,255,944.518,78.409
48,78,255,586.359,81.064
49,79,255,526.272,81.120
50,105,255,1137.452,81.871
51,66,255,606.439,83.242
52,145,255,1216.817,85.017
53,91,255,888.808,85.753
54,61,255,1410.287,84.664
55,87,255,106.305,86.178
56,56,255,853.268,84.268
57,71,255,663.585,85.894
58,80,255,998.500,86.825
59,88,255,758.284,89.409
60,43,255,1156.663,86.872
61,106,255,572.462,90.840
62,73,255,698.199,89.623
63,91,255,17.720,90.786
64,98,255,1045.408,93.327
65,102,255,1018.333,92.725
66,107,255,95.640,93.350
67,104,255,389.308,93.981
68,82,255,486.927,93.988
69,31,255,1149.597,92.694
70,52,255,1005.538,95.212
71,81,255,662.562,97.883
72,93,255,648.167,98.952
73,43,255,1133.081,97.337
74,64,255,1250.922,99.156
75,86,255,587.628,101.419
76,119,255,780.727,102.836
77,40,255,508.025,100.450
78,38,255,1114.079,100.421
79,47,255,3.096,101.713
80,120,255,105.917,103.000
81,102,255,717.402,102.667
82,41,255,1158.963,101.159
83,101,255,18.441,102.005
84,26,255,598.269,102.269
85,107,255,126.481,105.360
86,119,255,973.542,105.408
87,113,255,1058.642,105.721
88,120,255,1550.075,108.183
89,105,255,559.376,108.538
90,70,255,574.714,107.700
91,36,255,926.889,107.056
92,42,255,470.619,108.810
93,84,255,1420.012,109.714
94,100,255,737.560,110.730
95,110,255,267.782,113.127
96,111,255,441.428,115.005
97,102,255,1505.951,113.225
98,39,255,679.372,112.628
99,62,255,60.532,113.597
100,85,255,652.641,114.512
101,117,255,804.748,119.047
102,84,255,860.226,115.845
103,149,255,872.634,117.990
104,73,255,156.404,118.774
105,56,255,544.268,114.304
106,59,255,723.924,115.534
107,107,255,842.276,116.173
108,86,255,927.174,115.163
109,69,255,1160.022,115.138
110,35,255,223.329,115.729
111,147,255,607.146,120.786
112,27,255,714.907,114.981
113,60,255,534.050,117.167
114,44,255,949.932,116.386
115,20,255,1206.450,115.800
116,72,255,621.833,118.333
117,79,255,493.399,121.715
118,119,255,705.870,122.945
119,123,255,904.215,123.996
120,136,255,984.500,122.235
121,75,255,1276.313,120.087
122,176,255,474.631,125.335
123,90,255,585.356,122.222
124,107,255,956.537,122.313
125,88,255,645.216,123.216
126,87,255,932.236,122.224
127,68,255,315.059,124.574
128,33,255,509.197,122.258
129,100,255,882.260,124.380
130,104,255,1067.817,123.317
131,62,255,1141.839,122.903
132,72,255,81.292,124.972
133,44,255,463.795,124.318
134,33,255,525.924,123.076
135,42,255,996.905,123.952
136,105,255,199.176,127.786
137,125,255,343.876,128.308
138,91,255,538.214,126.456
139,47,255,775.415,125.011
140,78,255,237.808,126.128
141,103,255,558.820,127.587
142,152,255,123.664,129.770
143,36,255,726.028,125.889
144,94,255,655.723,129.851
145,79,255,690.994,127.500
146,61,255,717.041,127.713
147,82,255,815.244,128.878
148,68,255,852.265,129.912
149,117,255,436.064,132.321
150,95,255,783.847,131.732
151,88,255,270.580,130.409
152,89,255,575.680,130.949
153,112,255,629.643,131.714
154,67,255,938.858,129.888
155,32,255,184.531,130.219
156,64,255,526.922,132.031
157,50,255,762.680,131.480
158,21,255,1063.595,129.690
159,72,255,1420.597,130.750
160,168,255,151.917,134.268
161,137,255,677.361,135.792
162,96,255,842.688,133.833
163,47,255,135.479,133.032
164,98,255,501.449,135.010
165,67,255,549.933,134.336
166,49,255,748.847,132.663
167,80,255,794.925,133.863
168,138,255,865.659,135.449
169,132,255,1089.114,133.538
170,49,255,1152.500,132.745
171,84,255,1558.952,133.310
172,80,255,985.975,135.713
173,31,255,997.919,132.952
174,81,255,955.265,135.525
175,101,255,1020.728,135.540
176,97,255,720.747,137.469
177,57,255,731.640,136.482
178,79,255,1261.462,137.652
179,79,255,6.449,138.285
180,77,255,284.318,138.799
181,120,255,298.125,139.517
182,94,255,462.170,139.819
183,79,255,491.247,138.044
184,98,255,593.776,137.724
185,63,255,830.214,137.817
186,125,255,968.596,138.980
187,76,255,322.158,138.829
188,192,255,363.438,142.604
189,110,255,1370.364,138.800
190,110,255,196.255,142.327
191,74,255,242.203,139.365
192,76,255,379.868,139.263
193,158,255,429.190,144.146
194,56,255,882.179,139.071
195,94,255,16.149,141.936
196,102,255,85.892,142.667
197,84,255,220.679,141.000
198,71,255,644.880,140.190
199,118,255,761.585,142.729
200,79,255,408.614,143.133
201,72,255,626.569,141.819
202,138,255,1330.203,142.797
203,134,255,180.485,145.515
204,38,255,343.500,140.421
205,150,255,538.847,144.707
206,106,255,692.972,144.811
207,115,255,848.230,145.361
208,55,255,943.700,142.518
209,74,255,124.284,143.635
210,72,255,167.764,143.861
211,172,255,271.459,145.721
212,58,255,786.586,142.759
213,214,255,1150.318,148.164
214,171,255,39.909,147.792
215,86,255,206.593,145.070
216,91,255,1039.192,145.665
217,70,255,1065.900,143.343
218,80,255,443.613,145.312
219,56,255,476.607,146.000
220,62,255,525.726,145.452
221,106,255,607.708,147.274
222,71,255,889.500,146.176
223,100,255,923.240,146.200
224,82,255,999.073,146.707
225,36,255,1201.250,145.139
226,83,255,1266.488,145.946
227,88,255,337.239,147.307
228,29,255,400.948,145.086
229,104,255,555.798,147.788
230,53,255,750.972,146.519
231,94,255,63.649,148.457
232,142,255,319.042,151.401
233,83,255,517.367,148.729
234,94,255,639.255,149.532
235,81,255,795.673,148.241
236,72,255,877.375,147.792
237,185,255,1306.538,151.835
238,92,255,113.272,148.728
239,121,255,139.417,148.252
240,76,255,716.447,149.434
241,89,255,1077.376,148.983
242,39,255,26.218,148.654
243,95,255,79.584,150.689
244,71,255,247.782,149.866
245,89,255,303.410,149.399
246,44,255,741.932,149.068
247,98,255,810.704,150.010
248,28,255,1086.786,149.286
249,85,255,1462.900,149.535
250,54,255,257.556,150.130
251,91,255,705.467,152.764
252,98,255,986.459,152.204
253,121,255,1437.070,151.186
254,25,255,1390.620,149.060
255,73,255,219.062,152.870
256,29,255,388.155,151.328
257,34,255,414.559,151.235
258,73,255,424.075,153.267
259,89,255,864.713,153.388
260,112,255,1019.330,154.661
261,185,255,165.046,158.246
262,142,255,400.937,156.169
263,57,255,782.342,153.956
264,69,255,839.094,153.514
265,178,255,936.680,158.472
266,58,255,957.017,153.966
267,133,255,8.297,156.147
268,116,255,207.621,155.034
269,80,255,628.312,154.775
270,91,255,753.863,155.104
271,119,255,1052.954,155.937
272,123,255,51.167,157.671
273,67,255,767.933,155.336
274,115,255,130.935,157.457
275,80,255,187.325,158.125
276,125,255,377.124,160.564
277,136,255,439.750,160.441
278,87,255,966.925,156.546
279,150,255,1455.280,159.473
280,31,255,68.435,157.145
281,77,255,573.435,158.214
282,94,255,651.404,159.340
283,204,255,1114.657,162.348
284,69,255,1287.703,157.486
285,101,255,104.124,159.698
286,83,255,145.994,159.452
287,62,255,470.903,158.387
288,100,255,1177.540,159.730
289,63,255,1274.325,158.770
290,61,255,1390.352,157.221
291,106,255,1515.877,158.802
292,40,255,75.700,158.775
293,21,255,116.881,157.262
294,99,255,308.187,160.419
295,77,255,512.799,161.123
296,156,255,551.942,163.429
297,98,255,726.224,161.837
298,85,255,821.947,161.018
299,133,255,1330.380,161.335
300,117,255,28.004,162.953
301,78,255,243.603,160.564
302,67,255,282.649,160.396
303,84,255,333.750,161.702
304,144,255,915.493,162.250
305,86,255,1218.244,161.012
306,98,255,1478.918,161.316
307,62,255,621.677,162.097
308,93,255,874.296,161.887
309,32,255,1132.656,160.125
310,100,255,41.740,164.590
311,101,255,88.946,164.540
312,31,255,484.565,161.081
313,96,255,802.062,164.281
314,105,255,1009.138,164.071
315,103,255,1203.325,164.714
316,68,255,262.897,163.265
317,116,255,1096.069,164.448
318,62,255,1296.710,162.823
319,105,255,1443.624,166.319
320,65,255,1584.715,162.608
321,81,255,176.265,165.821
322,94,255,592.117,165.085
323,68,255,749.647,164.765
324,168,255,678.083,169.774
325,96,255,717.281,168.021
326,31,255,781.435,164.565
327,89,255,1079.837,167.185
328,111,255,61.707,169.356
329,133,255,255.380,169.237
330,140,255,848.486,170.221
331,64,255,859.188,167.156
332,78,255,1156.692,167.385
333,73,255,476.993,168.678
334,75,255,603.460,168.407
335,97,255,642.552,170.129
336,41,255,1287.134,165.915
337,83,255,1343.367,167.307
338,83,255,1361.861,167.560
339,129,255,1420.043,168.609
340,83,255,1564.054,167.307
341,103,255,197.820,169.413
342,126,255,342.159,169.698
343,124,255,771.242,170.565
344,70,255,1022.000,168.500
345,108,255,111.602,170.352
346,68,255,149.882,169.059
347,94,255,498.011,171.298
348,89,255,961.230,169.646
349,62,255,136.339,170.403
350,52,255,270.250,170.115
351,48,255,507.438,169.771
352,85,255,1129.924,170.276
353,155,255,1393.055,174.113
354,69,255,220.790,171.341
355,53,255,280.406,171.368
356,77,255,882.968,172.019
357,68,255,1294.632,171.544
358,109,255,698.060,173.867
359,81,255,832.821,173.772
360,38,255,1217.000,171.868
361,83,255,1501.946,172.524
362,86,255,76.512,173.535
363,56,255,460.839,173.411
364,90,255,935.478,174.722
365,120,255,1518.300,175.083
366,55,255,353.464,174.700
367,47,255,1146.628,173.734
368,44,255,436.045,174.455
369,71,255,543.232,175.937
370,84,255,616.452,176.250
371,93,255,969.231,176.995
372,63,255,1284.976,175.341
373,43,255,1492.570,175.570
374,134,255,175.418,180.000
375,43,255,367.872,175.826
376,166,255,919.416,178.530
377,100,255,1192.690,176.820
378,80,255,49.837,178.537
379,153,255,322.644,180.225
380,96,255,627.542,179.521
381,46,255,657.435,177.239
382,105,255,948.890,178.757
383,110,255,1225.091,178.682
384,104,255,1473.125,178.692
385,75,255,1530.767,178.487
386,78,255,17.974,179.538
387,128,255,147.680,180.250
388,81,255,406.191,179.562
389,98,255,482.092,180.449
390,135,255,516.300,180.130
391,64,255,785.234,178.984
392,144,255,1029.681,181.292
393,100,255,1047.050,181.250
394,50,255,1262.200,178.680
395,76,255,1365.487,177.329
396,92,255,1583.239,179.772
397,77,255,467.422,180.760
398,81,255,534.167,180.537
399,111,255,577.329,181.878
400,145,255,753.548,183.266
401,95,255,898.995,181.384
402,59,255,1067.839,178.788
403,100,255,1087.010,182.120
404,84,255,1136.119,180.310
405,134,255,104.910,182.060
406,53,255,865.255,180.783
407,102,255,131.833,183.275
408,34,255,240.147,179.941
409,120,255,415.058,184.850
410,93,255,564.446,183.027
411,123,255,1152.557,183.207
412,134,255,1179.082,185.590
413,96,255,1570.115,182.562
414,99,255,1596.187,183.854
415,45,255,2.989,182.233
416,73,255,264.582,182.760
417,179,255,299.187,187.366
418,28,255,1109.393,181.107
419,102,255,1304.618,185.039
420,61,255,1375.434,183.434
421,70,255,374.086,185.629
422,62,255,445.613,185.468
423,118,255,456.246,187.271
424,102,255,1411.618,183.971
425,82,255,1429.829,184.402
426,46,255,67.370,185.478
427,63,255,76.532,185.770
428,115,255,498.526,187.578
429,118,255,547.483,186.839
430,93,255,605.038,187.694
431,49,255,655.704,184.990
432,90,255,708.767,186.700
433,102,255,795.853,186.755
434,87,255,1162.546,187.489
435,90,255,1325.222,187.444
436,99,255,1547.530,185.641
437,74,255,118.324,187.162
438,34,255,699.941,185.294
439,98,255,1239.378,186.724
440,77,255,382.253,189.123
441,84,255,1000.512,188.869
442,81,255,1012.463,189.241
443,80,255,395.400,189.713
444,53,255,735.519,188.670
445,50,255,860.320,189.520
446,76,255,1356.224,188.987
447,108,255,1398.843,190.269
448,89,255,692.489,191.421
449,93,255,1099.995,190.242
450,134,255,1580.425,191.821
451,48,255,1291.812,190.083
452,51,255,22.853,190.892
453,134,255,42.343,194.582
454,147,255,205.724,194.214
455,93,255,275.554,193.468
456,60,255,434.783,192.167
457,79,255,149.715,193.348
458,77,255,181.175,193.734
459,180,255,234.800,195.150
460,108,255,634.306,195.657
461,81,255,954.352,194.994
462,113,255,1118.748,192.677
463,47,255,1375.926,192.181
464,64,255,260.844,194.938
465,40,255,776.000,194.325
466,160,255,879.369,198.700
467,196,255,1219.347,195.842
468,68,255,91.412,196.250
469,96,255,171.167,196.406
470,147,255,973.289,197.813
471,153,255,1085.598,198.016
472,70,255,1385.829,195.614
473,69,255,1456.732,195.732
474,85,255,714.300,198.159
475,73,255,738.048,197.267
476,69,255,1021.804,196.471
477,117,255,1142.132,198.611
478,64,255,1201.797,197.375
479,111,255,1472.401,197.887
480,75,255,1552.727,196.700
481,44,255,426.750,197.136
482,77,255,585.435,198.929
483,79,255,1158.032,198.171
484,33,255,1595.682,196.682
485,88,255,480.443,200.386
486,190,255,568.200,201.916
487,51,255,992.794,198.853
488,127,255,1239.398,200.075
489,74,255,1437.811,199.081
490,41,255,22.866,198.256
491,52,255,651.942,200.615
492,69,255,1280.384,200.239
493,85,255,1484.829,199.488
494,69,255,364.703,200.906
495,103,255,839.830,201.956
496,74,255,1056.568,200.716
497,35,255,1290.243,199.557
498,62,255,1449.129,201.355
499,73,255,162.144,202.596
500,61,255,384.615,202.057
501,111,255,507.167,203.770
502,93,255,758.220,203.177
503,54,255,350.148,202.444
504,42,255,536.333,201.643
505,107,255,1408.294,203.995
506,128,255,663.336,206.406
507,43,255,778.733,203.919
508,158,255,820.253,207.044
509,132,255,913.205,205.402
510,53,255,273.896,205.462
511,62,255,1375.742,204.774
512,85,255,1523.559,205.394
513,88,255,11.523,207.136
514,32,255,97.281,204.344
515,26,255,398.577,204.462
516,113,255,78.491,209.668
517,75,255,469.673,207.100
518,150,255,700.293,209.320
519,84,255,1037.940,207.369
520,86,255,1263.233,208.372
521,75,255,1338.727,207.060
522,215,255,245.072,210.495
523,81,255,443.364,208.944
524,87,255,737.983,208.603
525,21,255,1013.786,206.119
526,96,255,1228.375,209.115
527,117,255,1288.996,209.346
528,43,255,1549.314,206.477
529,80,255,300.525,209.450
530,139,255,858.817,210.529
531,154,255,1126.649,211.123
532,134,255,22.493,213.634
533,93,255,339.199,211.640
534,62,255,603.419,210.177
535,108,255,722.213,211.185
536,47,255,1215.245,209.202
537,64,255,1304.609,209.984
538,107,255,58.248,213.388
539,140,255,371.893,212.671
540,120,255,494.300,212.925
541,68,255,540.750,210.882
542,36,255,621.361,210.028
543,106,255,678.311,212.811
544,34,255,1506.941,209.059
545,79,255,126.057,211.981
546,97,255,145.768,212.490
547,96,255,514.448,213.448
548,105,255,994.329,213.710
549,98,255,1158.112,211.867
550,43,255,585.337,212.012
551,93,255,1064.769,214.242
552,27,255,1102.907,210.574
553,119,255,1435.282,214.181
554,69,255,1596.703,213.891
555,57,255,977.184,213.851
556,105,255,1579.071,214.395
557,73,255,631.322,215.664
558,48,255,880.167,213.875
559,116,255,939.095,216.216
560,93,255,957.780,216.317
561,48,255,1456.562,214.208
562,70,255,95.700,215.186
563,30,255,114.633,213.400
564,60,255,1371.467,214.983
565,125,255,1535.196,217.548
566,60,255,43.000,216.500
567,66,255,329.348,218.288
568,60,255,353.450,217.767
569,55,255,390.864,216.482
570,90,255,469.900,217.511
571,21,255,766.738,215.119
572,139,255,896.701,218.831
573,57,255,1111.114,216.851
574,92,255,1511.761,217.435
575,65,255,296.454,218.285
576,44,255,548.227,216.705
577,86,255,845.733,218.709
578,99,255,1245.924,217.217
579,79,255,1319.741,218.753
580,105,255,1499.862,219.462
581,81,255,170.265,219.204
582,143,255,417.003,225.311
583,87,255,1305.420,220.224
584,38,255,1329.737,219.211
585,81,255,1341.833,219.870
586,50,255,685.840,219.620
587,85,255,256.418,221.771
588,94,255,875.606,222.362
589,94,255,1154.213,221.543
590,44,255,1462.545,219.545
591,40,255,1484.925,219.850
592,127,255,1202.728,222.988
593,51,255,1417.520,222.284
594,53,255,219.198,222.179
595,132,255,607.083,224.008
596,68,255,699.618,222.544
597,134,255,205.896,225.007
598,68,255,654.868,223.794
599,94,255,1006.149,225.596
600,72,255,1035.306,224.069
601,24,255,1291.917,222.167
602,120,255,1562.008,225.567
603,72,255,432.833,225.556
604,240,255,720.592,233.633
605,136,255,757.537,228.243
606,53,255,975.972,224.198
607,186,255,1266.274,229.016
608,62,255,1362.226,225.823
609,115,255,1467.996,227.735
610,45,255,309.367,225.567
611,168,255,362.679,229.946
612,102,255,857.000,227.275
613,124,255,910.863,227.782
614,88,255,1219.739,226.409
615,86,255,18.419,227.500
616,53,255,51.255,225.972
617,109,255,107.353,228.601
618,79,255,458.778,228.259
619,60,255,623.750,226.650
620,127,255,1095.004,227.335
621,72,255,1387.333,227.819
622,54,255,1586.056,225.944
623,110,255,65.127,227.327
624,152,255,637.559,232.026
625,84,255,1348.679,229.393
626,124,255,1430.169,228.508
627,72,255,1549.250,227.556
628,67,255,482.052,229.037
629,82,255,743.110,230.524
630,115,255,779.509,232.874
631,118,255,930.932,231.653
632,91,255,1167.148,230.280
633,126,255,1280.651,232.532
634,66,255,1536.803,228.879
635,62,255,262.710,230.000
636,72,255,293.319,230.042
637,48,255,892.333,228.979
638,83,255,175.054,231.729
639,36,255,1379.611,229.889
640,99,255,1454.985,231.187
641,79,255,37.867,232.032
642,61,255,787.680,231.992
643,63,255,1486.056,232.103
644,50,255,28.040,232.240
645,91,255,391.797,234.764
646,91,255,529.082,234.841
647,60,255,650.050,232.600
648,66,255,826.076,233.303
649,90,255,1579.500,233.589
650,80,255,193.000,234.050
651,72,255,960.653,234.125
652,116,255,1313.509,236.716
653,113,255,153.774,237.235
654,88,255,566.159,235.432
655,33,255,590.924,232.924
656,43,255,680.570,234.035
657,44,255,974.091,233.364
658,84,255,1051.976,234.798
659,146,255,1542.329,238.603
660,87,255,582.868,236.649
661,71,255,4.768,237.894
662,55,255,255.845,236.245
663,43,255,600.570,235.965
664,98,255,1476.449,238.286
665,95,255,345.963,238.868
666,69,255,620.471,238.080
667,158,255,873.772,241.405
668,50,255,917.960,236.880
669,109,255,1248.849,237.940
670,76,255,1524.553,240.118
671,94,255,1563.255,238.617
672,79,255,1592.981,237.652
673,54,255,45.889,238.926
674,94,255,241.309,239.340
675,64,255,327.109,239.016
676,54,255,482.167,237.574
677,28,255,658.679,237.321
678,51,255,813.971,240.206
679,38,255,1086.579,237.526
680,56,255,143.946,241.661
681,119,255,940.618,242.021
682,88,255,1502.125,240.795
683,72,255,298.111,240.444
684,96,255,1413.562,243.750
685,73,255,1514.637,243.377
686,102,255,96.147,244.578
687,184,255,260.500,247.207
688,54,255,277.000,242.574
689,121,255,364.236,244.426
690,62,255,415.742,242.919
691,97,255,671.119,244.067
692,112,255,684.866,246.295
693,65,255,1338.685,243.254
694,23,255,1352.457,240.761
695,134,255,1398.104,244.657
696,73,255,123.212,244.336
697,55,255,173.809,242.682
698,56,255,187.482,243.625
699,104,255,437.644,245.971
700,81,255,1004.093,243.698
701,85,255,1109.888,243.829
702,87,255,387.259,246.948
703,120,255,503.817,247.358
704,60,255,696.700,245.200
705,169,255,840.920,247.820
706,47,255,862.160,244.819
707,58,255,967.621,244.586
708,56,255,1032.232,244.911
709,57,255,1166.535,244.921
710,64,255,1364.766,245.703
711,94,255,1487.883,246.798
712,99,255,224.864,246.106
713,60,255,397.333,246.433
714,91,255,1018.742,246.687
715,81,255,1198.327,247.019
716,88,255,604.193,248.023
717,112,255,654.607,247.795
718,154,255,1298.188,250.019
719,78,255,19.449,248.628
720,65,255,163.731,247.100
721,41,255,209.915,247.134
722,88,255,334.284,248.648
723,95,255,524.289,248.974
724,52,255,1148.712,247.558
725,82,255,1157.622,249.671
726,89,255,1273.590,249.219
727,101,255,1439.827,249.084
728,157,255,550.831,251.124
729,80,255,3.587,250.438
730,80,255,740.737,249.713
731,92,255,1584.163,250.413
732,90,255,620.778,251.244
733,89,255,891.320,250.747
734,68,255,1239.176,251.118
735,122,255,314.607,254.574
736,104,255,585.115,254.029
737,105,255,1124.719,252.252
738,99,255,1430.288,252.894
739,121,255,155.409,255.219
740,92,255,276.891,253.946
741,114,255,1218.289,254.000
742,131,255,790.607,257.149
743,73,255,912.623,254.075
744,103,255,757.917,256.121
745,52,255,187.538,255.962
746,48,255,198.229,255.771
747,110,255,457.055,257.518
748,62,255,672.903,254.435
749,49,255,709.153,254.765
750,98,255,960.031,256.520
751,96,255,1164.677,258.562
752,60,255,1253.883,255.767
753,55,255,1358.609,255.173
754,93,255,104.543,258.392
755,80,255,136.613,257.788
756,67,255,408.351,257.396
757,121,255,931.847,257.409
758,144,255,988.028,260.528
759,83,255,1416.476,257.765
760,26,255,1470.423,256.000
761,63,255,1479.706,255.944
762,92,255,439.935,259.261
763,129,255,469.012,261.120
764,39,255,1334.038,257.038
765,170,255,70.453,262.218
766,34,255,655.618,256.676
767,81,255,734.858,259.932
768,95,255,813.574,260.342
769,108,255,900.046,260.602
770,69,255,1383.283,258.399
771,98,255,211.622,260.388
772,108,255,535.287,262.741
773,142,255,640.521,261.458
774,136,255,721.772,262.331
775,118,255,1148.068,261.424
776,107,255,1560.762,260.808
777,81,255,235.117,261.265
778,65,255,624.038,260.731
779,83,255,1372.645,262.343
780,70,255,1460.700,260.543
781,103,255,294.121,264.121
782,76,255,610.316,262.618
783,50,255,1593.820,261.360
784,101,255,393.361,265.124
785,73,255,1209.979,263.089
786,127,255,1315.177,264.232
787,92,255,1440.902,264.152
788,155,255,44.197,268.358
789,60,255,330.317,264.517
790,91,255,382.566,265.269
791,75,255,709.900,264.260
792,78,255,1042.026,264.077
793,91,255,1101.236,264.643
794,100,255,1177.270,264.130
795,75,255,1234.993,263.940
796,40,255,130.375,263.800
797,26,255,694.885,263.000
798,42,255,908.548,264.024
799,54,255,417.815,265.222
800,87,255,675.661,267.695
801,76,255,1130.618,267.250
802,62,255,97.484,267.242
803,106,255,122.406,269.368
804,59,255,174.246,266.144
805,146,255,1023.603,267.788
806,74,255,1331.203,267.162
807,40,255,1359.000,265.075
808,45,255,158.078,266.278
809,73,255,558.582,268.253
810,75,255,595.993,268.393
811,64,255,972.406,268.578
812,106,255,1196.179,268.491
813,96,255,1394.052,268.854
814,163,255,769.255,273.396
815,103,255,862.500,269.908
816,84,255,962.702,270.405
817,106,255,1550.877,271.406
818,55,255,85.591,269.427
819,118,255,578.831,272.703
820,32,255,1070.125,270.000
821,99,255,1418.520,270.894
822,73,255,809.103,270.870
823,129,255,1470.647,273.066
824,130,255,1500.546,273.546
825,91,255,1574.390,271.830
826,200,255,27.525,277.560
827,87,255,348.351,272.017
828,105,255,685.252,274.957
829,42,255,947.619,271.143
830,23,255,1220.543,269.674
831,74,255,105.432,274.176
832,57,255,243.868,272.904
833,137,255,510.522,276.602
834,82,255,1296.280,274.061
835,50,255,1405.300,273.060
836,84,255,1518.060,274.964
837,81,255,318.648,275.290
838,113,255,546.093,275.358
839,68,255,789.029,274.309
840,63,255,161.135,274.183
841,76,255,524.250,274.908
842,84,255,607.250,276.893
843,34,255,617.794,273.794
844,110,255,880.173,276.045
845,75,255,1046.993,275.660
846,61,255,93.336,275.828
847,76,255,215.934,275.895
848,117,255,364.893,278.585
849,115,255,1178.274,276.891
850,98,255,1342.939,277.163
851,172,255,1453.227,278.029
852,68,255,300.544,276.897
853,96,255,820.865,277.667
854,20,255,1003.950,274.050
855,66,255,1595.682,276.394
856,60,255,151.300,277.533
857,104,255,649.644,280.096
858,56,255,783.500,280.071
859,66,255,190.530,278.803
860,41,255,250.207,277.598
861,102,255,262.873,279.529
862,22,255,384.591,276.591
863,95,255,588.374,280.447
864,116,255,909.284,281.612
865,45,255,1214.944,278.011
866,137,255,1273.172,282.179
867,80,255,414.425,282.650
868,95,255,73.321,281.911
869,139,255,237.068,283.953
870,123,255,282.622,282.289
871,29,255,331.534,279.810
872,62,255,532.516,281.016
873,46,255,567.370,280.609
874,72,255,802.750,282.444
875,84,255,894.702,280.905
876,48,255,955.896,280.500
877,77,255,1248.318,280.929
878,61,255,1578.680,280.467
879,46,255,945.478,281.152
880,115,255,1561.309,283.709
881,36,255,34.417,281.944
882,71,255,51.303,283.303
883,79,255,493.892,285.386
884,44,255,733.705,282.886
885,30,255,742.533,282.400
886,101,255,1205.074,284.708
887,78,255,121.141,285.115
888,48,255,355.042,284.062
889,189,255,478.262,286.907
890,100,255,1293.330,284.910
891,158,255,188.608,289.392
892,116,255,560.276,288.216
893,87,255,1145.615,287.247
894,81,255,599.191,288.315
895,75,255,1002.233,287.513
896,127,255,1188.728,289.421
897,109,255,1326.959,289.133
898,123,255,1430.654,288.557
899,87,255,1490.649,287.546
900,99,255,1527.207,287.652
901,100,255,981.950,289.140
902,62,255,1012.774,287.839
903,70,255,1046.500,288.000
904,238,255,1098.727,293.668
905,146,255,1513.226,291.308
906,130,255,109.331,291.654
907,135,255,168.915,291.863
908,105,255,314.652,291.033
909,56,255,440.821,288.482
910,87,255,518.534,289.489
911,59,255,147.144,289.483
912,48,255,388.146,289.438
913,160,255,709.362,293.525
914,118,255,936.398,290.619
915,33,255,1376.470,288.864
916,56,255,1578.821,289.089
917,131,255,266.866,292.378
918,100,255,1068.450,291.530
919,62,255,1164.210,290.484
920,77,255,627.305,292.942
921,41,255,866.256,291.402
922,99,255,204.177,293.732
923,109,255,396.665,295.693
924,118,255,529.288,296.737
925,84,255,1366.714,294.226
926,126,255,1546.444,294.040
927,137,255,6.580,294.894
928,85,255,410.065,295.818
929,97,255,675.376,296.964
930,62,255,892.516,294.129
931,71,255,1022.289,294.613
932,93,255,1034.414,294.457
933,34,255,1386.618,293.118
934,21,255,1414.833,292.214
935,59,255,49.008,294.805
936,98,255,297.224,295.867
937,78,255,383.795,297.090
938,102,255,425.510,296.725
939,57,255,542.307,294.781
940,92,255,824.141,296.054
941,116,255,848.534,297.466
942,41,255,1239.402,294.085
943,112,255,1448.214,296.580
944,55,255,282.391,295.736
945,192,255,693.219,298.781
946,101,255,786.708,297.025
947,31,255,798.952,294.532
948,169,255,1230.015,299.476
949,87,255,1400.960,296.259
950,64,255,140.781,297.250
951,69,255,159.703,297.558
952,50,255,218.040,296.100
953,99,255,762.783,298.268
954,68,255,1565.618,297.044
955,87,255,590.213,298.661
956,31,255,1273.113,295.952
957,33,255,492.985,297.742
958,102,255,508.961,302.176
959,111,255,975.779,300.590
960,92,255,40.261,300.750
961,114,255,477.070,301.947
962,27,255,617.611,298.352
963,76,255,883.684,300.882
964,134,255,1488.239,302.045
965,147,255,239.656,303.799
966,134,255,464.716,304.664
967,22,255,804.591,298.318
968,83,255,900.295,302.163
969,72,255,937.667,301.889
970,154,255,1076.357,304.201
971,100,255,1166.390,301.750
972,60,255,1533.483,301.500
973,103,255,98.199,303.791
974,145,255,867.886,305.493
975,72,255,1115.708,302.514
976,89,255,1282.230,302.500
977,76,255,129.645,302.842
978,116,255,437.259,306.164
979,64,255,446.078,302.719
980,45,255,839.522,301.589
981,73,255,1260.774,302.952
982,75,255,1342.180,303.233
983,24,255,225.042,302.250
984,98,255,566.133,305.541
985,88,255,1582.318,305.136
986,122,255,20.484,306.279
987,54,255,55.537,303.630
988,65,255,545.346,304.885
989,28,255,797.286,304.036
990,82,255,830.463,306.000
991,128,255,914.812,305.938
992,46,255,1126.370,304.304
993,87,255,164.397,307.075
994,84,255,318.726,308.143
995,142,255,1297.380,309.211
996,146,255,1358.000,308.692
997,58,255,216.707,306.190
998,72,255,78.083,307.889
999,110,255,583.918,309.627
1000,122,255,1202.590,309.689
1001,104,255,1268.106,309.875
1002,45,255,1331.211,306.500
1003,112,255,1469.223,309.964
1004,113,255,142.243,309.588
1005,43,255,612.174,307.384
1006,122,255,750.033,311.508
1007,105,255,1314.071,310.081
1008,111,255,253.167,310.392
1009,153,255,341.356,314.441
1010,101,255,354.926,311.153
1011,101,255,518.243,311.599
1012,67,255,643.455,310.470
1013,100,255,1100.230,311.370
1014,58,255,1597.086,310.414
1015,140,255,117.350,314.364
1016,60,255,822.100,310.617
1017,88,255,926.330,312.659
1018,26,255,728.154,311.654
1019,67,255,941.366,312.694
1020,90,255,1370.500,314.133
1021,59,255,57.229,312.856
1022,89,255,491.197,313.534
1023,39,255,631.551,311.987
1024,73,255,670.788,313.719
1025,91,255,787.049,314.445
1026,96,255,1254.458,315.292
1027,120,255,1494.942,314.675
1028,98,255,36.776,314.143
1029,26,255,309.231,312.154
1030,94,255,606.106,316.660
1031,129,255,709.942,317.019
1032,64,255,797.609,315.016
1033,119,255,882.155,315.155
1034,23,255,1055.587,312.283
1035,59,255,1428.551,314.246
1036,139,255,1441.881,316.378
1037,55,255,1545.427,314.118
1038,24,255,374.458,312.708
1039,70,255,450.529,315.129
1040,54,255,1479.981,314.296
1041,92,255,71.815,316.554
1042,77,255,217.214,315.552
1043,67,255,292.828,315.515
1044,106,255,471.142,317.802
1045,65,255,1126.023,315.731
1046,55,255,1530.936,315.009
1047,48,255,197.438,316.250
1048,53,255,538.274,315.915
1049,59,255,1114.585,316.381
1050,90,255,1185.367,317.922
1051,74,255,1341.149,317.595
1052,193,255,1393.946,319.894
1053,22,255,1587.864,314.864
1054,92,255,736.630,319.859
1055,45,255,770.389,316.567
1056,93,255,1027.468,318.661
1057,82,255,1245.756,319.488
1058,63,255,27.786,318.754
1059,144,255,366.882,320.917
1060,93,255,1226.726,320.070
1061,162,255,1325.037,322.531
1062,47,255,566.457,319.862
1063,143,255,645.598,323.794
1064,84,255,1559.310,321.095
1065,36,255,5.417,319.417
1066,140,255,268.243,324.236
1067,61,255,443.025,320.730
1068,48,255,1069.542,320.708
1069,70,255,125.000,322.371
1070,106,255,188.142,324.849
1071,163,255,399.819,325.015
1072,130,255,806.885,323.546
1073,87,255,255.270,322.787
1074,155,255,973.035,324.068
1075,68,255,16.735,323.721
1076,143,255,283.367,325.773
1077,44,255,688.977,322.114
1078,123,255,1010.744,325.565
1079,222,255,1040.910,327.036
1080,48,255,1106.104,322.750
1081,143,255,1142.829,325.626
1082,91,255,1278.940,323.907
1083,98,255,1509.653,324.765
1084,84,255,306.476,325.369
1085,121,255,383.360,327.029
1086,106,255,551.594,326.406
1087,55,255,679.482,324.445
1088,112,255,1296.589,327.009
1089,79,255,1308.133,325.196
1090,69,255,1487.833,325.326
1091,69,255,202.167,325.906
1092,81,255,222.636,325.883
1093,112,255,325.321,326.348
1094,138,255,493.435,327.362
1095,153,255,863.448,328.748
1096,96,255,1159.927,326.062
1097,117,255,419.534,329.321
1098,119,255,508.727,329.550
1099,105,255,957.805,328.024
1100,91,255,1120.962,328.049
1101,107,255,2.603,334.575
1102,72,255,159.653,328.208
1103,52,255,315.115,327.808
1104,66,255,777.227,328.333
1105,152,255,840.895,331.059
1106,82,255,1065.341,328.659
1107,98,255,1522.204,329.133
1108,46,255,587.413,328.000
1109,62,255,603.952,328.597
1110,62,255,815.532,329.484
1111,70,255,881.329,328.286
1112,80,255,1367.138,329.000
1113,95,255,1433.268,330.111
1114,171,255,101.664,331.734
1115,77,255,903.097,329.656
1116,110,255,936.636,331.627
1117,164,255,46.366,333.012
1118,113,255,717.580,333.597
1119,103,255,152.481,334.607
1120,227,255,341.725,339.707
1121,130,255,568.338,338.115
1122,100,255,1471.370,333.520
1123,71,255,443.134,333.683
1124,53,255,594.009,333.538
1125,46,255,696.522,331.913
1126,75,255,1336.060,332.527
1127,100,255,132.390,335.420
1128,73,255,250.171,333.514
1129,53,255,578.066,333.198
1130,54,255,753.685,332.907
1131,66,255,1280.348,332.485
1132,101,255,1459.777,335.203
1133,60,255,452.483,334.500
1134,92,255,83.163,337.565
1135,86,255,180.860,336.721
1136,48,255,239.604,335.833
1137,40,255,686.650,336.325
1138,70,255,825.457,335.629
1139,163,255,913.402,338.574
1140,73,255,947.185,336.116
1141,83,255,965.910,336.813
1142,100,255,1196.920,337.650
1143,141,255,801.791,338.890
1144,176,255,1102.886,339.670
1145,67,255,1315.709,339.082
1146,88,255,1349.102,337.693
1147,102,255,488.569,339.892
1148,103,255,545.015,339.966
1149,106,255,190.717,343.311
1150,95,255,386.026,340.921
1151,100,255,396.520,342.080
1152,21,255,1162.071,338.119
1153,93,255,1216.962,341.425
1154,49,255,1371.480,339.663
1155,87,255,165.649,341.580
1156,145,255,223.162,343.610
1157,65,255,670.808,341.592
1158,120,255,983.958,342.592
1159,91,255,1146.027,341.258
1160,97,255,1588.211,341.521
1161,86,255,610.721,342.337
1162,21,255,643.881,340.024
1163,73,255,1012.829,342.418
1164,78,255,1083.051,342.423
1165,117,255,1269.500,343.115
1166,71,255,1327.979,342.092
1167,112,255,1483.205,343.786
1168,24,255,9.333,340.917
1169,116,255,315.319,345.216
1170,94,255,252.702,344.394
1171,72,255,415.083,343.958
1172,38,255,582.105,342.632
1173,76,255,703.895,343.618
1174,75,255,730.660,345.580
1175,151,255,1177.911,345.613
1176,63,255,1204.643,343.468
1177,124,255,1395.339,346.073
1178,53,255,449.443,343.745
1179,45,255,463.678,344.167
1180,75,255,598.953,345.460
1181,93,255,1359.478,345.468
1182,91,255,52.126,346.566
1183,90,255,503.800,346.989
1184,94,255,831.521,346.489
1185,116,255,1025.922,346.733
1186,195,255,68.392,350.623
1187,175,255,97.226,349.197
1188,79,255,528.019,348.196
1189,51,255,766.343,347.088
1190,84,255,878.631,347.179
1191,70,255,1004.900,348.229
1192,141,255,24.152,349.550
1193,97,255,239.799,350.057
1194,154,255,623.688,351.117
1195,131,255,638.981,350.851
1196,62,255,844.887,347.516
1197,159,255,1123.915,351.896
1198,84,255,1470.583,348.226
1199,20,255,154.700,346.150
1200,131,255,324.752,352.057
1201,79,255,477.538,349.551
1202,42,255,515.881,349.405
1203,87,255,742.626,350.546
1204,35,255,1138.129,348.071
1205,37,255,1260.203,347.689
1206,153,255,281.539,353.239
1207,147,255,365.677,352.847
1208,66,255,660.303,349.212
1209,40,255,682.000,349.900
1210,59,255,1322.653,348.907
1211,105,255,1491.976,351.681
1212,34,255,1561.647,348.824
1213,45,255,553.389,351.011
1214,100,255,796.240,353.110
1215,57,255,920.219,350.465
1216,91,255,962.610,352.335
1217,181,255,1155.754,353.588
1218,81,255,1232.772,351.525
1219,72,255,131.250,351.806
1220,44,255,784.295,350.568
1221,28,255,952.679,350.464
1222,20,255,1079.000,350.000
1223,61,255,1377.434,351.451
1224,106,255,146.189,355.170
1225,67,255,485.142,353.201
1226,39,255,854.577,352.654
1227,20,255,1460.250,350.550
1228,96,255,164.927,354.417
1229,83,255,945.380,355.343
1230,133,255,1046.282,355.207
1231,88,255,562.795,356.182
1232,33,255,693.106,353.379
1233,202,255,1511.233,357.906
1234,170,255,415.600,360.265
1235,58,255,443.121,354.862
1236,122,255,840.902,357.754
1237,37,255,864.338,354.392
1238,86,255,995.244,356.581
1239,82,255,1067.939,355.841
1240,46,255,1091.913,354.761
1241,83,255,1341.669,356.657
1242,22,255,117.818,354.545
1243,74,255,352.527,356.905
1244,53,255,427.236,356.708
1245,125,255,912.988,359.076
1246,47,255,1014.181,356.479
1247,42,255,1033.714,355.405
1248,36,255,1299.000,355.667
1249,104,255,1475.298,358.173
1250,41,255,335.427,356.354
1251,58,255,464.948,358.172
1252,74,255,587.216,358.162
1253,160,255,749.938,362.119
1254,100,255,1244.460,359.560
1255,154,255,1448.481,361.506
1256,59,255,1552.754,356.890
1257,110,255,1574.755,358.536
1258,68,255,435.926,359.809
1259,50,255,665.940,358.160
1260,106,255,777.274,360.953
1261,91,255,936.632,360.500
1262,79,255,1133.601,360.057
1263,27,255,1370.426,356.611
1264,129,255,219.942,360.702
1265,102,255,606.324,361.235
1266,33,255,675.318,358.985
1267,35,255,816.843,358.414
1268,124,255,890.613,362.573
1269,47,255,234.160,360.500
1270,85,255,525.029,361.265
1271,64,255,1458.750,360.625
1272,58,255,1594.483,360.914
1273,67,255,136.709,362.276
1274,100,255,1257.150,362.990
1275,98,255,63.745,363.480
1276,119,255,1214.811,364.693
1277,66,255,123.621,363.606
1278,56,255,197.000,363.000
1279,23,255,206.283,361.891
1280,78,255,246.051,365.615
1281,62,255,264.419,362.581
1282,53,255,375.123,364.726
1283,58,255,387.707,363.862
1284,39,255,703.628,362.372
1285,38,255,1071.842,362.789
1286,26,255,1354.308,362.885
1287,73,255,1415.733,364.130
1288,190,255,44.337,369.416
1289,73,255,857.966,365.034
1290,76,255,1166.145,365.658
1291,59,255,1317.992,364.653
1292,105,255,495.062,368.205
1293,143,255,1275.045,367.360
1294,81,255,179.278,368.031
1295,89,255,687.511,367.713
1296,58,255,987.500,366.207
1297,100,255,1008.540,367.530
1298,48,255,1293.417,366.229
1299,40,255,1347.425,365.225
1300,84,255,3.940,368.655
1301,65,255,80.392,367.300
1302,70,255,334.800,368.386
1303,39,255,364.833,367.064
1304,57,255,506.939,367.886
1305,146,255,587.116,371.062
1306,36,255,1021.889,366.833
1307,61,255,1115.648,368.336
1308,113,255,469.819,370.155
1309,107,255,658.958,371.089
1310,106,255,1188.566,370.736
1311,174,255,154.236,373.649
1312,166,255,350.241,372.524
1313,112,255,447.018,372.875
1314,44,255,566.932,369.000
1315,101,255,1126.490,371.599
1316,110,255,402.782,372.109
1317,52,255,646.962,370.058
1318,83,255,958.898,371.199
1319,93,255,25.392,372.704
1320,54,255,114.556,370.444
1321,68,255,210.103,372.250
1322,82,255,284.146,371.927
1323,44,255,303.477,371.023
1324,79,255,519.310,371.905
1325,35,255,712.529,369.957
1326,45,255,1072.433,371.033
1327,144,255,1390.653,372.868
1328,78,255,1564.564,372.987
1329,78,255,1588.192,372.987
1330,79,255,939.892,373.032
1331,91,255,970.533,373.632
1332,86,255,1091.209,373.547
1333,67,255,1336.799,372.172
1334,97,255,1371.397,373.727
1335,87,255,1530.270,373.718
1336,98,255,322.408,375.388
1337,151,255,770.036,378.454
1338,62,255,802.742,373.855
1339,98,255,823.714,377.184
1340,109,255,1106.417,374.766
1341,99,255,1222.561,375.702
1342,79,255,1247.335,373.665
1343,162,255,1439.741,377.272
1344,89,255,1501.062,373.860
1345,68,255,554.662,374.926
1346,83,255,792.030,376.512
1347,46,255,1301.174,375.500
1348,71,255,1404.979,376.331
1349,123,255,1552.467,378.028
1350,98,255,226.163,377.949
1351,54,255,810.778,376.778
1352,98,255,880.908,376.857
1353,75,255,1412.740,378.060
1354,72,255,170.986,378.653
1355,56,255,734.464,377.143
1356,63,255,251.738,378.802
1357,44,255,364.295,378.250
1358,43,255,500.500,377.314
1359,65,255,568.100,378.469
1360,160,255,1040.319,382.075
1361,48,255,13.438,379.042
1362,69,255,77.978,379.804
1363,71,255,102.148,379.641
1364,79,255,203.120,380.462
1365,79,255,621.044,379.500
1366,103,255,680.053,379.879
1367,120,255,906.892,381.425
1368,50,255,979.000,378.860
1369,91,255,1148.929,380.566
1370,97,255,141.655,381.943
1371,87,255,860.787,380.914
1372,89,255,1168.433,381.657
1373,59,255,1233.297,380.720
1374,69,255,291.413,383.196
1375,109,255,514.298,384.188
1376,74,255,524.757,382.162
1377,136,255,1073.735,384.110
1378,37,255,1521.743,379.878
1379,153,255,542.154,386.807
1380,78,255,872.718,383.192
1381,26,255,33.692,381.769
1382,36,255,314.194,383.306
1383,43,255,495.733,382.547
1384,184,255,423.614,388.696
1385,87,255,943.328,384.672
1386,56,255,111.589,385.161
1387,80,255,334.950,386.512
1388,93,255,354.167,386.575
1389,39,255,559.397,384.269
1390,102,255,928.049,387.618
1391,60,255,958.717,385.617
1392,193,255,1020.661,391.510
1393,51,255,456.853,386.716
1394,42,255,971.000,385.095
1395,47,255,366.926,387.351
1396,58,255,469.534,386.793
1397,82,255,606.817,388.256
1398,100,255,1103.520,388.300
1399,85,255,1449.912,388.818
1400,113,255,264.527,389.836
1401,68,255,716.382,388.779
1402,74,255,732.216,392.770
1403,42,255,838.667,387.595
1404,65,255,1062.162,389.023
1405,90,255,1128.233,389.556
1406,75,255,1276.993,388.327
1407,97,255,1511.160,389.531
1408,62,255,1559.823,388.694
1409,50,255,11.040,388.960
1410,99,255,88.652,391.207
1411,75,255,590.887,389.260
1412,127,255,695.720,390.949
1413,121,255,788.103,390.136
1414,160,255,891.650,391.100
1415,42,255,1197.071,388.857
1416,77,255,1381.149,389.786
1417,55,255,1405.155,389.100
1418,56,255,227.607,390.339
1419,48,255,819.396,389.896
1420,42,255,1140.167,389.310
1421,97,255,1212.397,391.211
1422,30,255,1393.700,389.400
1423,38,255,101.921,390.579
1424,30,255,137.767,390.133
1425,68,255,305.706,391.132
1426,70,255,995.514,392.029
1427,91,255,1090.753,393.863
1428,93,255,40.984,393.263
1429,154,255,61.727,394.812
1430,91,255,172.016,395.038
1431,72,255,281.931,393.444
1432,116,255,666.759,392.733
1433,48,255,858.417,391.625
1434,80,255,1421.188,394.075
1435,82,255,1542.622,393.427
1436,94,255,1580.521,394.883
1437,75,255,651.633,394.780
1438,80,255,747.663,393.712
1439,29,255,435.431,393.121
1440,23,255,476.457,392.457
1441,99,255,490.551,395.702
1442,42,255,554.167,394.048
1443,28,255,723.321,393.107
1444,58,255,970.397,393.810
1445,32,255,1472.125,392.719
1446,87,255,2.810,400.718
1447,35,255,642.614,394.614
1448,95,255,828.216,396.826
1449,46,255,1145.630,395.674
1450,40,255,1260.525,393.550
1451,39,255,1410.013,396.013
1452,107,255,124.537,398.304
1453,55,255,149.300,396.100
1454,123,255,208.646,398.955
1455,98,255,239.714,398.398
1456,69,255,318.268,395.543
1457,67,255,334.530,396.530
1458,45,255,1246.522,395.500
1459,81,255,185.130,398.475
1460,35,255,361.586,395.814
1461,106,255,527.358,399.736
1462,40,255,582.625,396.875
1463,127,255,877.547,399.083
1464,45,255,1299.944,397.322
1465,47,255,1318.819,396.585
1466,58,255,1362.207,397.586
1467,83,255,16.235,399.259
1468,102,255,457.716,400.010
1469,60,255,768.083,398.200
1470,111,255,945.878,399.473
1471,21,255,1187.738,396.119
1472,22,255,1389.455,396.773
1473,56,255,1498.232,399.339
1474,27,255,222.315,398.833
1475,49,255,386.684,399.214
1476,58,255,377.224,400.845
1477,44,255,442.545,400.773
1478,69,255,859.138,400.341
1479,51,255,1066.676,399.833
1480,70,255,1166.586,400.029
1481,91,255,193.445,403.247
1482,57,255,592.307,401.816
1483,37,255,722.635,400.365
1484,57,255,802.518,401.816
1485,24,255,782.250,401.333
1486,26,255,1004.538,401.500
1487,54,255,41.944,403.389
1488,42,255,471.548,402.333
1489,34,255,965.176,401.412
1490,25,255,977.020,401.700
1491,43,255,479.895,403.500
1492,97,255,757.500,405.624
1493,54,255,773.241,404.537
1494,109,255,1108.647,406.014
1495,56,255,1129.750,404.714
1496,72,255,290.500,405.653
1497,80,255,309.113,406.637
1498,43,255,353.360,404.849
1499,82,255,417.354,407.146
1500,44,255,677.750,405.023
1501,56,255,1346.357,406.250
1502,48,255,1385.271,404.562
1503,118,255,1482.932,406.822
1504,98,255,139.173,407.316
1505,92,255,617.413,407.022
1506,69,255,631.891,407.703
1507,45,255,641.056,406.256
1508,58,255,1076.362,406.345
1509,100,255,1448.890,408.140
1510,86,255,1536.872,407.058
1511,109,255,105.885,408.005
1512,72,255,227.639,407.806
1513,125,255,403.556,410.476
1514,34,255,1032.088,407.265
1515,46,255,1138.630,408.152
1516,155,255,1505.629,410.835
1517,32,255,1550.688,405.312
1518,73,255,54.377,408.541
1519,136,255,928.846,412.529
1520,91,255,958.093,409.291
1521,35,255,1172.243,407.814
1522,82,255,1459.390,409.634
1523,127,255,506.398,411.728
1524,35,255,726.843,408.671
1525,40,255,875.175,408.350
1526,49,255,891.398,408.316
1527,94,255,216.160,411.596
1528,22,255,297.727,409.091
1529,77,255,328.747,411.656
1530,72,255,558.861,411.528
1531,31,255,715.887,409.919
1532,67,255,1054.724,410.381
1533,68,255,22.676,412.515
1534,182,255,81.396,416.885
1535,47,255,122.436,411.117
1536,21,255,245.643,408.929
1537,152,255,1013.513,413.303
1538,38,255,1045.211,410.921
1539,45,255,1575.544,410.833
1540,182,255,818.841,416.731
1541,87,255,856.845,413.626
1542,31,255,913.694,412.177
1543,66,255,6.652,413.833
1544,63,255,182.278,412.929
1545,39,255,337.449,413.064
1546,84,255,1369.595,413.643
1547,71,255,165.937,414.768
1548,79,255,744.234,415.677
1549,76,255,831.276,415.158
1550,22,255,1437.636,412.864
1551,78,255,1561.949,415.718
1552,64,255,64.484,415.203
1553,48,255,1244.979,415.646
1554,66,255,1309.409,416.606
1555,27,255,1405.389,413.870
1556,64,255,533.516,416.359
1557,148,255,597.291,419.980
1558,58,255,733.655,417.190
1559,57,255,1117.096,417.482
1560,79,255,96.728,418.310
1561,76,255,273.000,418.618
1562,102,255,1391.422,420.098
1563,123,255,436.159,421.167
1564,66,255,51.682,421.591
1565,150,255,625.400,422.853
1566,153,255,704.899,423.448
1567,60,255,977.500,420.000
1568,82,255,1438.976,420.768
1569,85,255,1590.218,422.041
1570,58,255,192.638,420.707
1571,77,255,313.097,421.916
1572,89,255,472.949,422.466
1573,117,255,845.021,423.107
1574,32,255,1148.188,419.438
1575,34,255,1176.000,420.676
1576,128,255,1415.477,423.492
1577,49,255,1461.806,420.724
1578,75,255,1483.220,422.860
1579,54,255,1568.537,421.685
1580,45,255,118.833,421.456
1581,48,255,288.500,422.146
1582,59,255,718.958,422.432
1583,76,255,999.026,422.684
1584,35,255,1050.071,421.271
1585,35,255,1061.643,422.014
1586,80,255,1096.850,424.062
1587,73,255,1161.075,423.103
1588,53,255,1189.934,422.028
1589,22,255,1280.364,421.136
1590,78,255,1344.154,422.846
1591,117,255,35.885,425.449
1592,84,255,178.000,424.440
1593,152,255,1542.993,425.250
1594,74,255,13.203,424.784
1595,90,255,142.756,424.844
1596,86,255,577.884,425.012
1597,23,255,794.239,423.239
1598,108,255,336.611,427.426
1599,76,255,660.776,426.000
1600,67,255,1031.963,426.067
1601,55,255,1496.955,425.609
1602,74,255,355.243,426.878
1603,78,255,500.718,427.013
1604,84,255,1267.690,426.619
1605,130,255,22.977,433.085
1606,70,255,546.957,427.643
1607,86,255,866.384,429.779
1608,52,255,912.635,427.038
1609,40,255,1299.500,426.900
1610,41,255,1327.988,426.012
1611,79,255,157.741,429.766
1612,73,255,197.678,429.021
1613,68,255,297.897,429.162
1614,68,255,368.515,428.926
1615,98,255,380.755,430.224
1616,75,255,683.660,428.940
1617,101,255,983.431,430.500
1618,22,255,1209.182,427.500
1619,94,255,94.691,431.691
1620,50,255,110.520,429.200
1621,87,255,428.075,431.247
1622,116,255,492.897,436.647
1623,109,255,787.601,432.748
1624,58,255,945.966,431.052
1625,73,255,966.267,432.390
1626,93,255,1081.048,430.973
1627,64,255,1147.109,430.172
1628,40,255,1380.175,429.475
1629,67,255,1430.082,430.933
1630,65,255,1446.762,430.423
1631,32,255,1459.062,429.062
1632,105,255,888.252,432.090
1633,25,255,1057.900,429.940
1634,55,255,1116.445,431.155
1635,53,255,246.632,432.349
1636,51,255,410.559,432.598
1637,28,255,1168.321,431.179
1638,34,255,1253.000,431.000
1639,49,255,1287.194,433.214
1640,32,255,1364.344,431.875
1641,55,255,46.755,433.136
1642,60,255,1177.133,434.817
1643,80,255,461.212,435.000
1644,95,255,3.953,437.521
1645,32,255,391.594,434.750
1646,29,255,485.810,434.259
1647,89,255,829.938,436.152
1648,52,255,1137.846,435.365
1649,95,255,72.121,437.311
1650,58,255,135.052,436.483
1651,24,255,353.167,434.375
1652,31,255,643.403,435.565
1653,143,255,1014.038,439.752
1654,48,255,1024.021,435.604
1655,65,255,57.177,437.792
1656,21,255,362.500,435.500
1657,61,255,472.582,436.795
1658,35,255,560.271,436.071
1659,79,255,1195.272,438.057
1660,60,255,1452.867,437.817
1661,39,255,371.782,437.654
1662,78,255,844.192,439.269
1663,118,255,995.237,439.254
1664,52,255,1329.000,437.500
1665,23,255,1341.761,438.630
1666,40,255,35.325,438.925
1667,82,255,401.049,440.329
1668,72,255,1301.889,438.958
1669,45,255,100.189,440.056
1670,58,255,163.603,440.552
1671,84,255,176.810,440.940
1672,130,255,213.008,442.392
1673,58,255,432.897,440.897
1674,61,255,682.172,440.057
1675,65,255,733.962,439.792
1676,20,255,754.250,439.000
1677,31,255,1060.694,439.274
1678,52,255,1223.750,439.846
1679,58,255,1420.224,440.483
1680,92,255,1569.130,441.826
1681,75,255,111.380,443.553
1682,46,255,273.978,441.152
1683,29,255,507.500,439.638
1684,36,255,235.278,441.583
1685,65,255,581.438,444.746
1686,59,255,795.602,442.534
1687,44,255,896.568,441.455
1688,114,255,1104.798,443.447
1689,63,255,915.087,443.595
1690,44,255,929.955,442.545
1691,53,255,1379.802,443.670
1692,59,255,358.398,444.229
1693,83,255,379.669,445.114
1694,62,255,653.613,444.355
1695,138,255,712.174,446.572
1696,48,255,763.792,446.167
1697,61,255,811.287,444.680
1698,172,255,969.517,448.099
1699,48,255,1236.521,443.604
1700,38,255,1270.132,444.000
1701,35,255,1280.986,443.757
1702,43,255,261.593,444.500
1703,97,255,411.036,445.840
1704,35,255,605.414,445.243
1705,99,255,1050.409,447.247
1706,35,255,1184.186,444.871
1707,50,255,468.740,445.920
1708,68,255,750.309,446.735
1709,58,255,1140.776,446.569
1710,24,255,1165.542,445.375
1711,46,255,347.174,447.087
1712,32,255,1529.562,446.406
1713,21,255,1581.214,446.071
1714,76,255,125.211,449.553
1715,129,255,687.229,450.368
1716,74,255,821.000,448.757
1717,56,255,39.750,448.911
1718,166,255,84.343,452.699
1719,96,255,948.531,450.708
1720,107,255,1476.734,450.967
1721,46,255,64.326,449.978
1722,43,255,513.477,449.640
1723,70,255,867.243,451.543
1724,41,255,499.037,450.573
1725,89,255,567.972,452.230
1726,60,255,993.017,452.200
1727,60,255,1249.250,450.900
1728,77,255,153.877,452.331
1729,69,255,428.935,452.572
1730,60,255,1007.283,451.917
1731,119,255,1155.063,454.357
1732,80,255,1198.650,452.700
1733,55,255,1289.664,452.227
1734,25,255,1520.100,450.140
1735,166,255,326.464,455.843
1736,21,255,611.310,452.357
1737,84,255,1452.000,455.000
1738,94,255,534.447,454.213
1739,97,255,1506.572,454.160
1740,107,255,351.322,459.706
1741,74,255,472.203,455.365
1742,37,255,491.608,454.014
1743,56,255,758.304,455.286
1744,72,255,811.792,456.194
1745,84,255,879.143,457.024
1746,142,255,1031.099,459.704
1747,120,255,774.608,459.392
1748,100,255,854.330,457.970
1749,103,255,1172.723,456.053
1750,89,255,1261.152,457.410
1751,59,255,1344.585,456.432
1752,84,255,1548.548,457.321
1753,125,255,232.692,458.996
1754,59,255,444.076,457.975
1755,108,255,545.843,458.602
1756,79,255,731.449,458.171
1757,68,255,892.838,457.824
1758,105,255,932.271,459.329
1759,110,255,1110.527,457.873
1760,67,255,1406.067,457.709
1761,63,255,16.722,458.532
1762,63,255,211.659,459.024
1763,110,255,669.509,459.200
1764,80,255,106.388,460.887
1765,65,255,374.131,460.362
1766,128,255,402.094,459.617
1767,102,255,1057.578,460.912
1768,77,255,1077.474,460.292
1769,69,255,1122.732,458.717
1770,88,255,1230.977,460.580
1771,95,255,1361.100,460.058
1772,46,255,1382.804,459.109
1773,26,255,1522.269,458.077
1774,103,255,1584.199,461.306
1775,81,255,196.080,461.846
1776,74,255,360.095,461.730
1777,75,255,383.780,460.887
1778,103,255,457.626,461.995
1779,45,255,1213.544,459.811
1780,38,255,485.816,460.342
1781,164,255,912.927,463.555
1782,53,255,1008.406,461.632
1783,57,255,1145.061,461.781
1784,135,255,1530.211,464.263
1785,100,255,64.050,462.320
1786,58,255,137.138,461.638
1787,25,255,148.540,460.900
1788,100,255,247.440,464.250
1789,121,255,579.252,465.128
1790,45,255,842.300,462.144
1791,71,255,119.725,463.866
1792,26,255,296.808,462.462
1793,106,255,632.755,464.566
1794,36,255,1068.000,462.806
1795,104,255,750.952,465.894
1796,104,255,986.471,465.375
1797,41,255,1514.817,463.207
1798,127,255,181.791,467.587
1799,66,255,561.303,465.485
1800,45,255,698.211,465.522
1801,48,255,787.792,465.354
1802,68,255,1570.397,465.971
1803,40,255,1306.150,465.325
1804,63,255,7.294,466.913
1805,81,255,38.389,468.167
1806,44,255,1254.773,467.159
1807,35,255,1473.700,465.929
1808,46,255,523.348,468.348
1809,49,255,1436.765,468.908
1810,91,255,430.005,471.148
1811,77,255,479.305,470.162
1812,134,255,1503.769,472.687
1813,28,255,95.964,469.571
1814,23,255,207.370,469.065
1815,51,255,442.127,469.637
1816,148,255,465.432,474.155
1817,79,255,280.335,472.095
1818,164,255,625.591,474.488
1819,107,255,820.911,473.463
1820,99,255,1136.924,473.278
1821,65,255,1210.331,470.038
1822,61,255,1455.648,470.680
1823,91,255,85.852,473.830
1824,23,255,225.500,471.630
1825,83,255,292.825,474.355
1826,93,255,676.812,474.091
1827,45,255,1079.811,471.722
1828,85,255,72.641,475.100
1829,201,255,410.833,476.430
1830,95,255,539.647,474.689
1831,54,255,896.407,473.593
1832,52,255,1159.712,472.596
1833,56,255,1180.232,473.018
1834,115,255,1338.796,475.326
1835,54,255,1353.704,473.315
1836,58,255,1412.897,473.155
1837,72,255,123.375,475.069
1838,107,255,164.014,476.472
1839,67,255,609.246,474.858
1840,62,255,846.403,474.242
1841,48,255,1093.833,473.958
1842,68,255,1230.706,474.294
1843,132,255,1472.136,475.818
1844,67,255,199.530,475.933
1845,92,255,254.598,476.348
1846,40,255,302.900,475.050
1847,106,255,392.406,477.132
1848,52,255,517.673,475.442
1849,57,255,856.763,475.482
1850,49,255,876.255,474.888
1851,129,255,947.942,477.415
1852,27,255,216.315,475.241
1853,48,255,380.146,477.229
1854,76,255,799.145,476.579
1855,85,255,1000.041,476.712
1856,86,255,107.663,478.360
1857,145,255,270.066,480.286
1858,65,255,368.438,478.208
1859,151,255,1044.798,479.705
1860,70,255,1291.971,477.486
1861,70,255,1444.600,477.786
1862,32,255,322.938,477.844
1863,101,255,563.233,479.698
1864,45,255,811.256,477.700
1865,25,255,932.420,477.420
1866,126,255,1111.635,480.794
1867,45,255,1218.167,477.033
1868,29,255,1541.293,477.569
1869,41,255,439.671,478.915
1870,58,255,835.845,479.345
1871,57,255,238.009,480.237
1872,40,255,687.150,479.700
1873,113,255,973.022,481.473
1874,70,255,986.943,480.757
1875,71,255,1407.894,481.641
1876,74,255,1432.122,480.649
1877,77,255,1494.942,479.747
1878,227,255,41.557,487.117
1879,41,255,700.671,480.549
1880,88,255,865.886,481.557
1881,60,255,1267.267,481.117
1882,82,255,1577.976,481.500
1883,54,255,351.130,482.407
1884,101,255,885.203,482.450
1885,33,255,1419.833,482.106
1886,70,255,1515.814,482.571
1887,147,255,23.466,487.357
1888,84,255,223.988,485.024
1889,83,255,308.223,484.307
1890,72,255,329.181,484.375
1891,53,255,510.632,483.142
1892,37,255,597.041,482.122
1893,74,255,722.568,483.230
1894,102,255,6.765,485.657
1895,114,255,654.807,484.623
1896,129,255,671.081,488.500
1897,39,255,897.346,484.474
1898,89,255,1024.365,485.073
1899,87,255,86.718,485.569
1900,58,255,284.569,486.759
1901,111,255,1009.230,486.743
1902,21,255,1479.643,484.310
1903,81,255,482.019,488.698
1904,82,255,574.500,487.902
1905,126,255,710.238,489.468
1906,58,255,854.759,487.845
1907,29,255,339.086,486.948
1908,92,255,356.880,490.033
1909,128,255,607.664,490.648
1910,63,255,641.262,487.802
1911,88,255,1242.068,489.864
1912,40,255,699.950,488.525
1913,63,255,874.040,489.103
1914,37,255,1164.635,488.203
1915,82,255,1398.110,490.244
1916,59,255,1445.059,488.212
1917,75,255,453.740,490.940
1918,66,255,547.727,490.288
1919,80,255,749.962,491.075
1920,22,255,960.182,488.000
1921,82,255,1057.805,491.585
1922,83,255,1135.584,491.392
1923,39,255,1200.654,490.423
1924,33,255,1222.621,489.258
1925,68,255,1369.353,490.206
1926,71,255,1473.894,491.317
1927,67,255,1491.634,490.142
1928,54,255,133.278,491.019
1929,90,255,387.533,492.133
1930,38,255,403.421,490.395
1931,46,255,628.783,491.609
1932,79,255,689.576,492.601
1933,88,255,989.818,491.943
1934,49,255,1254.418,491.194
1935,75,255,247.380,493.140
1936,152,255,766.901,494.053
1937,62,255,1212.935,492.629
1938,150,255,1531.680,494.573
1939,96,255,121.375,494.833
1940,80,255,1336.688,494.025
1941,58,255,1579.276,493.414
1942,62,255,320.952,494.032
1943,56,255,333.571,494.179
1944,77,255,962.994,494.760
1945,95,255,297.889,496.374
1946,79,255,514.778,496.703
1947,60,255,843.167,496.117
1948,23,255,926.804,492.848
1949,95,255,1037.911,496.563
1950,26,255,1311.423,493.038
1951,83,255,283.187,497.163
1952,49,255,86.806,497.908
1953,129,255,373.988,500.756
1954,120,255,433.042,498.933
1955,71,255,1090.444,497.345
1956,41,255,1116.305,495.988
1957,52,255,1178.173,496.442
1958,25,255,1498.100,496.300
1959,45,255,185.589,497.989
1960,76,255,205.539,497.961
1961,42,255,950.762,497.476
1962,80,255,1455.037,499.150
1963,87,255,4.626,500.753
1964,179,255,74.997,504.070
1965,32,255,151.188,498.062
1966,32,255,267.719,497.875
1967,47,255,457.819,499.372
1968,47,255,533.202,499.819
1969,155,255,811.029,502.068
1970,23,255,1386.239,497.022
1971,25,255,1476.740,498.460
1972,48,255,542.500,500.104
1973,67,255,596.485,500.112
1974,84,255,933.583,501.036
1975,125,255,1003.724,502.324
1976,27,255,1489.463,498.241
1977,65,255,1589.654,501.162
1978,40,255,161.950,501.250
1979,99,255,491.975,501.884
1980,39,255,326.218,500.987
1981,26,255,558.615,500.500
1982,75,255,727.260,503.633
1983,75,255,109.353,503.980
1984,48,255,172.229,503.458
1985,72,255,236.736,503.750
1986,51,255,710.755,501.873
1987,76,255,888.776,504.066
1988,84,255,36.024,504.738
1989,40,255,683.575,504.225
1990,42,255,1249.143,504.524
1991,138,255,1417.449,505.558
1992,77,255,218.877,506.968
1993,111,255,345.077,507.797
1994,51,255,650.500,505.402
1995,130,255,782.923,508.185
1996,108,255,831.500,507.056
1997,146,255,1060.733,508.267
1998,112,255,1120.420,506.875
1999,25,255,1380.020,503.740
2000,70,255,1393.871,506.114
2001,96,255,1433.906,505.542
2002,81,255,15.241,506.821
2003,123,255,58.061,509.012
2004,66,255,272.606,506.136
2005,116,255,567.966,508.362
2006,198,255,869.889,510.187
2007,101,255,1163.401,507.084
2008,46,255,1188.826,506.543
2009,86,255,1206.291,506.860
2010,92,255,1311.109,508.261
2011,55,255,1365.536,505.355
2012,27,255,604.907,505.574
2013,113,255,904.031,508.332
2014,59,255,1557.229,507.686
2015,62,255,94.597,508.355
2016,35,255,181.329,507.786
2017,60,255,248.783,509.200
2018,144,255,525.688,511.736
2019,59,255,795.500,509.500
2020,123,255,143.467,513.386
2021,67,255,155.858,509.709
2022,54,255,260.278,510.241
2023,51,255,538.167,508.775
2024,55,255,1025.718,508.609
2025,60,255,1571.217,509.267
2026,71,255,591.894,511.669
2027,53,255,946.425,509.613
2028,79,255,1014.487,510.930
2029,112,255,1083.482,512.518
2030,95,255,23.237,514.732
2031,61,255,359.549,512.057
2032,43,255,619.779,512.058
2033,70,255,846.714,513.071
2034,51,255,311.931,513.775
2035,79,255,395.943,514.386
2036,21,255,1.500,513.500
2037,101,255,110.569,516.312
2038,80,255,485.025,515.925
2039,77,255,711.760,514.292
2040,60,255,728.017,514.633
2041,44,255,1410.682,513.773
2042,110,255,1534.827,516.536
2043,21,255,101.024,513.595
2044,115,255,741.213,518.630
2045,38,255,1034.500,515.605
2046,123,255,295.061,519.305
2047,136,255,668.684,520.890
2048,63,255,1045.643,516.357
2049,70,255,34.800,518.671
2050,86,255,603.616,519.384
2051,111,255,199.590,521.599
2052,59,255,320.364,519.771
2053,84,255,627.131,521.202
2054,112,255,896.911,520.652
2055,81,255,548.660,521.031
2056,54,255,636.926,520.481
2057,35,255,942.500,519.500
2058,70,255,988.329,520.500
2059,49,255,1144.663,520.908
2060,42,255,1380.048,520.167
2061,93,255,1511.145,520.597
2062,236,255,51.636,528.208
2063,39,255,180.269,521.218
2064,112,255,275.652,523.911
2065,43,255,328.756,521.035
2066,66,255,1002.561,520.303
2067,91,255,1403.566,522.269
2068,31,255,252.855,520.984
2069,93,255,769.134,523.543
2070,99,255,934.490,524.409
2071,28,255,1053.179,521.464
2072,58,255,1428.086,522.776
2073,82,255,1470.037,522.927
2074,63,255,707.405,523.913
2075,132,255,1228.038,525.659
2076,108,255,1261.435,525.102
2077,107,255,1487.117,525.061
2078,82,255,88.159,524.049
2079,70,255,218.943,524.771
2080,71,255,259.570,524.993
2081,57,255,1305.061,525.096
2082,97,255,1448.201,526.015
2083,84,255,99.429,526.714
2084,117,255,1111.970,527.868
2085,75,255,158.593,527.860
2086,58,255,375.241,527.345
2087,100,255,167.620,529.530
2088,72,255,484.333,528.208
2089,108,255,806.019,528.898
2090,159,255,17.418,529.349
2091,149,255,450.547,532.164
2092,22,255,571.864,526.636
2093,79,255,882.348,529.538
2094,101,255,965.530,529.817
2095,97,255,757.974,531.490
2096,48,255,847.583,528.875
2097,20,255,923.950,527.750
2098,84,255,1137.405,530.155
2099,91,255,1343.258,529.863
2100,60,255,109.750,530.383
2101,82,255,245.793,530.610
2102,84,255,391.095,530.738
2103,110,255,690.909,531.773
2104,160,255,823.625,534.300
2105,117,255,1000.372,532.919
2106,71,255,1558.979,530.810
2107,94,255,70.245,531.840
2108,130,255,124.008,534.769
2109,45,255,942.256,533.811
2110,97,255,34.727,535.675
2111,62,255,83.113,532.500
2112,89,255,591.691,534.219
2113,132,255,1086.894,535.227
2114,46,255,1159.870,531.565
2115,57,255,469.482,534.325
2116,62,255,1030.403,533.548
2117,47,255,1041.351,533.053
2118,80,255,528.425,535.087
2119,65,255,307.792,535.715
2120,101,255,425.460,536.153
2121,48,255,1587.792,535.146
2122,75,255,226.300,538.247
2123,92,255,513.870,538.185
2124,194,255,771.253,540.686
2125,78,255,838.962,536.449
2126,78,255,1209.385,537.128
2127,103,255,1401.587,537.160
2128,85,255,1505.571,537.476
2129,91,255,1538.148,537.445
2130,148,255,732.284,539.277
2131,88,255,953.466,538.159
2132,44,255,1197.068,537.068
2133,112,255,264.580,541.000
2134,101,255,412.035,540.262
2135,81,255,578.710,541.031
2136,83,255,461.825,541.367
2137,151,255,647.666,542.877
2138,87,255,278.649,542.052
2139,38,255,298.579,540.737
2140,131,255,560.515,543.683
2141,68,255,1276.985,541.750
2142,106,255,1435.462,542.906
2143,76,255,81.592,543.316
2144,39,255,111.756,541.038
2145,127,255,399.547,545.295
2146,111,255,883.806,543.374
2147,56,255,1297.893,542.875
2148,113,255,1579.429,545.075
2149,48,255,206.688,542.458
2150,116,255,923.422,545.284
2151,97,255,1160.407,545.737
2152,95,255,911.079,545.805
2153,26,255,132.385,544.500
2154,123,255,338.841,548.012
2155,76,255,71.224,547.368
2156,53,255,1368.047,545.575
2157,52,255,10.462,547.154
2158,63,255,500.230,548.310
2159,105,255,800.748,549.348
2160,125,255,839.636,550.596
2161,109,255,1042.968,550.353
2162,72,255,1230.181,548.764
2163,131,255,1243.958,550.309
2164,99,255,149.520,551.157
2165,86,255,951.337,550.709
2166,89,255,1496.500,551.309
2167,74,255,204.122,553.122
2168,35,255,247.386,550.700
2169,80,255,442.562,552.913
2170,69,255,476.486,552.877
2171,86,255,527.477,553.186
2172,165,255,970.470,556.561
2173,82,255,1476.927,553.049
2174,98,255,1288.561,554.551
2175,74,255,1550.878,553.068
2176,75,255,28.367,555.633
2177,68,255,127.794,554.618
2178,94,255,236.585,556.085
2179,128,255,665.828,556.820
2180,70,255,779.143,554.257
2181,114,255,257.649,557.842
2182,76,255,433.145,556.079
2183,145,255,1076.452,558.562
2184,104,255,1328.433,557.769
2185,114,255,1342.018,557.904
2186,76,255,1506.500,555.408
2187,112,255,38.321,559.205
2188,136,255,109.471,558.059
2189,72,255,392.125,557.139
2190,29,255,1415.466,554.948
2191,126,255,418.048,558.984
2192,217,255,991.417,559.827
2193,92,255,190.587,559.054
2194,119,255,573.231,560.315
2195,166,255,1212.711,560.440
2196,104,255,86.096,561.125
2197,100,255,502.310,559.730
2198,84,255,555.310,560.524
2199,113,255,693.960,560.934
2200,104,255,1517.654,561.510
2201,81,255,179.117,561.562
2202,83,255,535.669,561.090
2203,124,255,642.976,563.048
2204,132,255,1373.629,563.818
2205,133,255,329.102,563.726
2206,66,255,1313.000,561.000
2207,110,255,272.764,564.618
2208,134,255,739.373,564.590
2209,28,255,1123.500,561.214
2210,32,255,133.125,562.125
2211,63,255,758.373,562.722
2212,129,255,849.112,565.089
2213,118,255,914.788,566.381
2214,158,255,594.684,566.513
2215,103,255,1098.626,566.092
2216,143,255,1114.073,567.129
2217,101,255,1398.619,567.441
2218,38,255,433.632,564.763
2219,42,255,1597.190,565.929
2220,157,255,819.927,570.946
2221,120,255,1047.517,568.383
2222,80,255,452.988,568.737
2223,145,255,901.155,571.355
2224,48,255,939.000,567.958
2225,107,255,1137.930,569.911
2226,120,255,1200.233,569.567
2227,111,255,1293.347,569.770
2228,97,255,166.541,570.892
2229,43,255,546.267,568.314
2230,90,255,1425.433,570.211
2231,36,255,1587.583,568.611
2232,109,255,72.133,572.518
2233,99,255,122.106,573.338
2234,44,255,132.455,570.864
2235,76,255,185.882,571.434
2236,91,255,1063.291,572.445
2237,153,255,1319.631,574.801
2238,113,255,13.571,574.111
2239,140,255,611.471,574.536
2240,145,255,698.155,574.990
2241,113,255,1277.845,574.314
2242,156,255,1534.929,575.788
2243,70,255,656.929,574.043
2244,125,255,755.604,575.588
2245,144,255,1364.410,576.035
2246,108,255,88.769,578.657
2247,86,255,324.093,577.395
2248,82,255,797.524,577.098
2249,111,255,849.878,577.194
2250,80,255,888.638,577.425
2251,106,255,1186.009,577.651
2252,139,255,627.644,580.536
2253,140,255,309.529,580.729
2254,89,255,666.388,579.961
2255,68,255,770.368,579.735
2256,48,255,1349.917,579.125
2257,117,255,1433.167,581.620
2258,51,255,1504.304,579.284
2259,22,255,1558.455,577.227
2260,118,255,333.398,582.881
2261,135,255,368.841,583.463
2262,90,255,392.389,583.489
2263,159,255,488.689,587.903
2264,103,255,1111.277,583.180
2265,143,255,220.010,584.360
2266,98,255,910.051,583.786
2267,121,255,1169.112,585.360
2268,127,255,1222.256,585.547
2269,21,255,1283.500,581.738
2270,80,255,1573.562,585.100
2271,45,255,1596.744,582.611
2272,57,255,154.360,584.588
2273,170,255,189.388,587.688
2274,136,255,638.794,588.934
2275,139,255,729.040,586.651
2276,65,255,1332.808,584.500
2277,144,255,44.576,588.646
2278,120,255,346.883,588.342
2279,134,255,676.321,589.806
2280,71,255,825.697,587.021
2281,105,255,1095.548,587.510
2282,38,255,1192.342,585.447
2283,128,255,411.656,591.062
2284,143,255,430.689,589.661
2285,118,255,507.746,590.119
2286,114,255,1014.772,590.035
2287,154,255,524.305,592.688
2288,135,255,619.433,592.611
2289,149,255,1145.138,591.507
2290,149,255,1238.017,590.936
2291,70,255,1392.386,589.400
2292,58,255,1463.448,587.586
2293,119,255,1490.534,591.265
2294,73,255,894.541,590.541
2295,25,255,1518.180,588.180
2296,155,255,75.242,592.545
2297,110,255,102.045,592.491
2298,173,255,240.460,594.754
2299,65,255,542.838,592.023
2300,106,255,695.038,593.368
2301,114,255,852.781,592.079
2302,122,255,1062.738,593.795
2303,80,255,1180.775,591.388
2304,136,255,133.368,594.897
2305,23,255,275.283,591.196
2306,118,255,303.966,594.093
2307,99,255,468.086,594.803
2308,79,255,758.146,593.880
2309,105,255,870.557,593.490
2310,45,255,1075.122,592.322
2311,133,255,799.951,593.944
2312,106,255,1044.481,595.708
2313,98,255,1452.929,594.745
2314,70,255,288.443,594.543
2315,159,255,838.469,597.682
2316,106,255,1467.226,596.009
2317,112,255,1548.018,596.402
2318,132,255,394.591,596.924
2319,85,255,579.535,597.512
2320,179,255,1003.902,598.779
2321,118,255,1296.288,598.542
2322,86,255,1329.535,595.453
2323,70,255,592.243,598.743
2324,57,255,665.132,596.342
2325,97,255,957.974,599.046
2326,34,255,1127.235,598.235
2327,96,255,18.417,601.281
2328,232,255,924.233,604.733
2329,99,255,1500.672,600.914
2330,59,255,605.686,602.178
2331,200,255,974.720,603.830
2332,61,255,698.172,602.320
2333,129,255,780.508,605.329
2334,101,255,28.599,606.411
2335,69,255,283.877,604.051
2336,85,255,446.982,604.159
2337,109,255,460.839,606.959
2338,89,255,632.904,604.410
2339,108,255,948.630,605.685
2340,158,255,1486.456,605.956
2341,80,255,1562.138,603.325
2342,86,255,157.605,605.709
2343,56,255,489.804,604.196
2344,155,255,1226.661,607.377
2345,92,255,642.793,606.315
2346,100,255,864.090,607.800
2347,79,255,1154.639,606.259
2348,109,255,218.583,608.913
2349,122,255,549.516,607.836
2350,41,255,1103.012,605.280
2351,112,255,1466.339,608.170
2352,47,255,1588.947,605.564
2353,74,255,234.919,609.176
2354,66,255,1070.636,608.621
2355,124,255,1083.742,610.952
2356,58,255,664.862,610.500
2357,70,255,1208.743,609.157
2358,68,255,1319.868,609.059
2359,142,255,101.204,612.585
2360,115,255,507.491,611.891
2361,142,255,750.958,613.951
2362,153,255,41.265,615.650
2363,115,255,798.543,613.665
2364,52,255,1039.442,610.692
2365,20,255,1057.200,609.000
2366,65,255,206.300,612.285
2367,160,255,277.156,616.581
2368,66,255,344.439,612.303
2369,79,255,352.677,615.297
2370,116,255,422.388,616.241
2371,86,255,438.733,615.616
2372,138,255,1569.957,616.341
2373,130,255,700.669,618.731
2374,94,255,1241.298,616.383
2375,29,255,1.776,617.052
2376,51,255,541.167,617.461
2377,165,255,72.652,621.985
2378,112,255,175.330,619.161
2379,91,255,769.489,618.060
2380,72,255,335.139,619.500
2381,96,255,369.365,620.594
2382,75,255,1069.780,619.007
2383,115,255,1176.717,620.787
2384,134,255,1513.433,620.179
2385,97,255,565.129,622.036
2386,120,255,623.892,622.492
2387,77,255,232.084,620.487
2388,80,255,380.087,621.513
2389,129,255,609.942,625.345
2390,110,255,865.691,622.091
2391,127,255,1002.618,622.744
2392,101,255,1037.322,621.243
2393,149,255,1338.896,622.352
2394,168,255,1405.506,624.071
2395,74,255,709.635,624.743
2396,71,255,730.134,623.599
2397,95,255,927.374,623.016
2398,118,255,1129.110,624.246
2399,167,255,1290.039,624.757
2400,105,255,1473.110,624.786
2401,102,255,1443.853,624.549
2402,179,255,159.377,628.930
2403,168,255,322.161,627.696
2404,71,255,645.218,625.190
2405,57,255,1596.991,624.605
2406,121,255,262.698,627.095
2407,110,255,1274.373,628.818
2408,120,255,432.917,628.983
2409,149,255,484.936,629.735
2410,81,255,508.870,626.784
2411,174,255,838.874,629.759
2412,158,255,944.538,630.114
2413,146,255,1462.007,630.664
2414,72,255,214.319,627.514
2415,104,255,1362.125,628.721
2416,81,255,549.772,630.154
2417,75,255,717.527,629.727
2418,117,255,1083.654,630.432
2419,185,255,1497.370,632.576
2420,88,255,1542.432,629.489
2421,42,255,191.214,630.048
2422,59,255,632.229,630.534
2423,63,255,685.246,630.817
2424,141,255,293.167,634.784
2425,117,255,1382.295,633.372
2426,122,255,1483.279,632.811
2427,132,255,1586.288,633.561
2428,110,255,653.045,635.482
2429,140,255,1422.186,634.643
2430,68,255,782.338,633.912
2431,61,255,1119.549,634.369
2432,155,255,857.765,638.223
2433,78,255,147.077,635.218
2434,122,255,332.525,637.828
2435,122,255,562.918,640.377
2436,157,255,895.659,638.736
2437,173,255,1037.003,638.882
2438,75,255,1059.993,635.780
2439,133,255,68.207,640.477
2440,29,255,86.603,635.431
2441,82,255,424.256,638.183
2442,150,255,924.973,638.360
2443,62,255,1167.839,636.726
2444,36,255,1404.361,633.972
2445,88,255,971.636,638.977
2446,134,255,49.418,641.164
2447,179,255,171.187,642.450
2448,81,255,230.290,640.154
2449,110,255,345.909,640.809
2450,90,255,405.689,638.911
2451,156,255,820.923,640.724
2452,60,255,1071.883,639.317
2453,123,255,1388.728,640.435
2454,115,255,1532.822,640.483
2455,96,255,248.792,641.042
2456,88,255,539.341,641.602
2457,85,255,607.288,643.665
2458,145,255,1356.107,644.314
2459,157,255,1399.748,646.175
2460,228,255,139.206,647.329
2461,208,255,510.837,649.375
2462,112,255,883.018,645.545
2463,30,255,1013.133,641.200
2464,98,255,282.184,644.898
2465,64,255,662.406,644.203
2466,135,255,722.026,645.944
2467,51,255,769.500,644.480
2468,161,255,1077.761,645.891
2469,112,255,1277.250,644.955
2470,28,255,1.929,643.643
2471,129,255,14.709,648.081
2472,108,255,220.593,646.352
2473,139,255,1158.205,648.752
2474,75,255,375.047,647.193
2475,109,255,457.986,648.142
2476,93,255,497.220,647.253
2477,55,255,908.391,646.827
2478,86,255,994.430,647.430
2479,225,255,1134.860,652.749
2480,126,255,1421.881,647.460
2481,101,255,308.946,648.094
2482,54,255,678.463,648.000
2483,82,255,873.012,649.720
2484,21,255,1062.500,645.881
2485,132,255,1235.833,648.932
2486,84,255,1299.048,646.845
2487,78,255,636.833,649.295
2488,166,255,738.271,652.349
2489,112,255,1260.562,649.661
2490,63,255,362.690,649.484
2491,128,255,575.914,653.320
2492,123,255,1147.183,653.833
2493,74,255,106.703,651.486
2494,129,255,1088.446,652.004
2495,167,255,1573.278,655.728
2496,102,255,254.941,653.471
2497,79,255,1031.335,651.854
2498,127,255,1205.059,654.209
2499,122,255,1365.303,654.754
2500,112,255,274.714,654.929
2501,138,255,328.268,655.522
2502,169,255,692.879,656.837
2503,20,255,798.050,650.650
2504,77,255,825.032,652.942
2505,118,255,1589.839,654.585
2506,64,255,777.281,653.562
2507,105,255,920.681,654.757
2508,160,255,1180.669,655.263
2509,156,255,1219.372,655.872
2510,103,255,3.646,657.422
2511,20,255,834.250,652.450
2512,33,255,864.894,652.985
2513,72,255,1305.389,655.319
2514,124,255,67.968,658.145
2515,105,255,551.490,656.386
2516,125,255,1377.140,657.908
2517,59,255,1489.008,654.856
2518,128,255,400.500,658.945
2519,118,255,591.492,658.890
2520,119,255,761.861,658.466
2521,82,255,897.220,657.085
2522,186,255,1015.156,662.059
2523,109,255,1058.904,657.509
2524,122,255,201.713,662.352
2525,72,255,490.111,658.639
2526,140,255,647.643,661.729
2527,110,255,671.009,661.191
2528,175,255,856.226,663.449
2529,52,255,992.808,657.827
2530,101,255,357.916,660.837
2531,64,255,680.453,660.547
2532,89,255,884.354,660.433
2533,67,255,1002.634,660.142
2534,75,255,221.367,660.700
2535,138,255,786.116,662.464
2536,147,255,1325.731,663.765
2537,197,255,1422.571,663.810
2538,46,255,210.870,661.870
2539,129,255,44.934,664.748
2540,65,255,370.315,663.054
2541,94,255,498.330,664.638
2542,143,255,528.794,665.451
2543,137,255,260.909,666.653
2544,113,255,623.535,666.208
2545,76,255,798.434,665.237
2546,162,255,1491.420,667.000
2547,97,255,106.582,667.603
2548,134,255,581.791,667.403
2549,56,255,719.500,666.625
2550,160,255,1045.444,667.225
2551,70,255,1268.500,666.429
2552,262,255,91.282,670.118
2553,93,255,658.317,668.511
2554,24,255,956.000,664.500
2555,80,255,314.925,667.875
2556,191,255,477.500,672.673
2557,165,255,816.645,671.670
2558,108,255,1109.731,669.065
2559,149,255,1067.621,672.091
2560,90,255,1508.589,668.411
2561,82,255,613.146,670.598
2562,101,255,75.213,673.520
2563,198,255,127.727,676.884
2564,103,255,508.044,672.704
2565,163,255,932.610,675.948
2566,118,255,301.407,674.983
2567,89,255,949.230,671.972
2568,176,255,1096.108,675.778
2569,133,255,1251.838,675.387
2570,49,255,6.398,673.235
2571,73,255,174.144,674.363
2572,81,255,409.500,673.500
2573,82,255,695.671,674.488
2574,98,255,1462.347,674.337
2575,146,255,1546.068,676.603
2576,104,255,220.346,677.067
2577,21,255,399.738,673.595
2578,109,255,974.766,676.950
2579,31,255,1318.306,673.048
2580,137,255,23.040,678.697
2581,212,255,432.127,681.198
2582,46,255,903.217,675.391
2583,133,255,1209.695,679.079
2584,125,255,1297.276,679.588
2585,54,255,314.000,677.852
2586,68,255,325.265,678.691
2587,98,255,668.122,679.745
2588,20,255,716.000,676.800
2589,159,255,1117.462,681.884
2590,164,255,1451.628,682.140
2591,61,255,166.074,680.008
2592,105,255,770.652,681.348
2593,105,255,1525.957,680.700
2594,121,255,1563.500,682.756
2595,177,255,183.822,684.042
2596,149,255,250.372,683.171
2597,207,255,455.200,687.017
2598,106,255,741.991,682.000
2599,53,255,1137.009,680.500
2600,160,255,1221.862,685.069
2601,152,255,704.336,684.388
2602,134,255,1004.612,683.440
2603,160,255,280.256,686.562
2604,106,255,753.170,684.434
2605,100,255,954.130,682.740
2606,67,255,655.172,682.604
2607,128,255,678.141,686.914
2608,24,255,907.000,681.917
2609,34,255,1047.500,682.500
2610,155,255,1423.771,686.016
2611,108,255,1496.287,684.287
2612,73,255,336.829,685.568
2613,164,255,1342.671,687.177
2614,134,255,209.007,688.851
2615,95,255,968.037,687.342
2616,110,255,354.100,687.436
2617,44,255,818.114,684.864
2618,31,255,848.306,685.113
2619,60,255,1198.533,686.517
2620,129,255,1150.957,691.756
2621,177,255,74.161,693.873
2622,108,255,398.130,690.194
2623,199,255,155.766,695.661
2624,94,255,659.723,690.660
2625,38,255,1263.342,688.658
2626,112,255,1398.054,692.429
2627,175,255,232.649,694.203
2628,88,255,330.443,692.784
2629,82,255,1030.293,692.061
2630,138,255,264.833,694.732
2631,67,255,875.575,691.381
2632,122,255,1298.180,693.066
2633,84,255,613.417,694.060
2634,113,255,822.553,694.146
2635,24,255,1120.667,691.417
2636,94,255,513.266,695.457
2637,61,255,811.795,694.549
2638,83,255,45.572,697.199
2639,83,255,103.548,695.886
2640,153,255,632.029,696.886
2641,20,255,1068.050,692.500
2642,153,255,581.016,698.343
2643,67,255,1041.784,695.813
2644,119,255,1210.055,696.466
2645,108,255,1253.472,697.241
2646,115,255,121.683,698.578
2647,81,255,428.093,697.142
2648,93,255,843.016,697.694
2649,31,255,858.823,697.081
2650,108,255,938.444,698.935
2651,134,255,1273.619,698.403
2652,102,255,1345.069,698.833
2653,41,255,1458.549,696.451
2654,87,255,1524.730,696.994
2655,103,255,501.626,698.879
2656,141,255,954.011,700.259
2657,132,255,1000.886,700.144
2658,79,255,1589.968,697.867
2659,40,255,548.175,697.150
2660,130,255,718.892,700.031
2661,161,255,1165.382,700.550
2662,99,255,1441.106,699.652
2663,165,255,142.403,703.300
2664,163,255,482.764,703.610
2665,110,255,1386.845,700.382
2666,218,255,10.761,707.766
2667,78,255,554.885,702.167
2668,83,255,565.030,703.078
2669,146,255,656.089,705.342
2670,187,255,1563.933,706.243
2671,137,255,180.128,705.237
2672,107,255,286.603,704.332
2673,51,255,396.108,701.912
2674,80,255,411.875,704.062
2675,105,255,783.395,703.510
2676,199,255,1092.796,703.957
2677,64,255,55.234,703.703
2678,86,255,444.628,705.093
2679,82,255,460.341,703.915
2680,159,255,1116.022,705.362
2681,111,255,1513.680,705.806
2682,59,255,1476.551,704.110
2683,96,255,87.115,707.510
2684,200,255,515.995,709.290
2685,89,255,1202.140,707.635
2686,44,255,1432.795,704.886
2687,103,255,66.830,708.995
2688,113,255,250.217,709.757
2689,135,255,426.781,708.789
2690,171,255,1302.319,709.465
2691,125,255,1325.412,709.236
2692,211,255,312.500,712.908
2693,85,255,864.900,711.324
2694,79,255,990.133,710.348
2695,90,255,1217.500,709.678
2696,161,255,1411.276,712.233
2697,51,255,44.127,710.108
2698,143,255,166.542,712.675
2699,94,255,260.947,711.862
2700,128,255,1355.031,713.875
2701,83,255,1259.898,711.861
2702,28,255,1427.071,709.821
2703,136,255,1487.824,712.978
2704,142,255,189.894,715.648
2705,41,255,205.744,712.134
2706,61,255,1382.975,711.631
2707,127,255,1531.264,716.697
2708,75,255,404.980,714.607
2709,88,255,851.716,714.852
2710,145,255,1020.528,716.162
2711,122,255,216.680,717.525
2712,130,255,28.938,720.546
2713,32,255,363.125,715.188
2714,140,255,454.407,719.707
2715,88,255,539.045,717.091
2716,92,255,916.293,716.293
2717,105,255,1338.871,717.195
2718,44,255,1598.023,718.182
2719,116,255,234.991,719.422
2720,144,255,294.167,720.569
2721,134,255,624.649,719.119
2722,150,255,682.607,718.627
2723,109,255,48.133,720.757
2724,116,255,369.483,721.388
2725,79,255,772.677,719.551
2726,119,255,822.340,720.651
2727,62,255,1464.952,719.500
2728,107,255,270.668,722.734
2729,169,255,414.956,725.281
2730,106,255,653.160,721.953
2731,42,255,1063.476,720.000
2732,111,255,1131.032,721.275
2733,98,255,1226.296,721.500
2734,102,255,79.490,722.912
2735,133,255,150.402,724.132
2736,107,255,784.248,722.425
2737,111,255,1118.140,723.374
2738,154,255,1448.545,723.760
2739,128,255,397.570,725.695
2740,22,255,424.000,720.727
2741,114,255,1305.491,724.132
2742,157,255,355.697,728.570
2743,22,255,733.045,721.591
2744,43,255,757.663,723.453
2745,54,255,257.426,726.130
2746,182,255,1095.467,727.324
2747,123,255,1157.272,729.053
2748,117,255,1178.466,729.842
2749,81,255,1380.537,727.747
2750,80,255,1430.263,727.000
2751,82,255,345.195,729.488
2752,34,255,879.059,725.412
2753,107,255,992.696,729.808
2754,167,255,1023.123,731.075
2755,183,255,10.822,732.915
2756,98,255,601.878,729.153
2757,84,255,870.714,730.226
2758,131,255,1392.531,731.469
2759,97,255,1319.624,730.211
2760,87,255,1457.948,731.362
2761,44,255,1526.545,729.682
2762,100,255,243.490,734.640
2763,156,255,793.353,733.635
2764,167,255,907.901,733.692
2765,87,255,946.201,731.753
2766,58,255,1195.052,730.828
2767,49,255,1540.194,730.561
2768,71,255,1582.063,731.514
2769,119,255,468.441,733.718
2770,88,255,92.159,734.250
2771,71,255,486.373,734.542
2772,26,255,1353.423,732.808
2773,76,255,324.368,734.461
2774,62,255,714.194,733.661
2775,173,255,748.535,738.188
2776,122,255,1415.844,736.074
2777,59,255,276.890,734.890
2778,80,255,495.938,735.987
2779,140,255,769.129,736.671
2780,156,255,1076.622,739.103
2781,50,255,1305.460,734.220
2782,133,255,542.808,737.523
2783,101,255,1334.728,736.688
2784,50,255,393.100,737.420
2785,60,255,1063.500,737.000
2786,90,255,131.411,740.811
2787,84,255,217.321,740.119
2788,76,255,254.211,739.342
2789,59,255,433.822,738.720
2790,90,255,1526.833,739.467
2791,42,255,458.643,739.119
2792,119,255,663.584,741.500
2793,25,255,805.060,738.620
2794,82,255,877.378,738.744
2795,149,255,1548.594,743.795
2796,107,255,518.958,741.341
2797,140,255,732.471,743.521
2798,162,255,1147.759,742.691
2799,92,255,1313.033,742.141
2800,85,255,37.182,742.453
2801,69,255,269.094,741.297
2802,20,255,558.450,739.600
2803,142,255,624.486,742.873
2804,141,255,842.656,743.472
2805,293,255,1250.111,747.224
2806,82,255,1345.463,744.598
2807,20,255,1491.800,740.400
2808,217,255,1578.832,747.606
2809,235,255,23.104,748.577
2810,87,255,339.546,743.856
2811,49,255,690.173,742.643
2812,70,255,991.843,743.714
2813,46,255,1014.196,741.870
2814,115,255,1509.074,747.796
2815,116,255,64.957,747.250
2816,189,255,148.690,748.791
2817,162,255,1327.796,745.043
2818,92,255,1356.413,745.565
2819,128,255,1380.805,746.133
2820,108,255,1450.926,745.657
2821,67,255,1596.754,745.560
2822,103,255,1051.859,746.422
2823,174,255,1296.707,748.707
2824,24,255,454.625,745.042
2825,83,255,1532.620,746.572
2826,134,255,650.313,749.030
2827,177,255,1474.325,749.709
2828,22,255,291.773,746.545
2829,99,255,390.268,749.510
2830,87,255,682.236,749.236
2831,171,255,763.675,751.406
2832,47,255,892.904,747.202
2833,62,255,924.161,749.710
2834,102,255,1415.225,750.539
2835,61,255,81.533,750.582
2836,114,255,166.570,750.667
2837,105,255,346.681,751.795
2838,107,255,579.136,751.565
2839,60,255,778.900,750.383
2840,46,255,857.000,749.261
2841,178,255,965.343,752.742
2842,46,255,979.761,749.804
2843,51,255,819.716,750.892
2844,106,255,1107.792,752.943
2845,101,255,1426.738,753.599
2846,94,255,415.755,753.745
2847,46,255,865.478,751.391
2848,60,255,1090.900,751.850
2849,99,255,516.086,753.773
2850,158,255,598.899,756.538
2851,104,255,882.423,755.433
2852,97,255,992.613,754.716
2853,52,255,266.904,753.981
2854,76,255,358.171,754.592
2855,37,255,459.635,753.770
2856,141,255,947.472,757.727
2857,237,255,1134.015,759.420
2858,83,255,213.235,756.488
2859,73,255,253.185,756.719
2860,130,255,332.308,758.477
2861,129,255,728.740,759.105
2862,89,255,6.635,758.747
2863,94,255,39.894,758.979
2864,75,255,442.553,758.260
2865,79,255,501.867,758.348
2866,131,255,701.286,761.790
2867,23,255,826.022,756.283
2868,46,255,844.522,758.587
2869,98,255,1065.653,759.296
2870,57,255,178.851,758.781
2871,136,255,671.537,762.301
2872,112,255,1045.027,761.045
2873,130,255,116.931,762.038
2874,114,255,1093.482,762.658
2875,134,255,1553.246,763.552
2876,234,255,81.064,765.812
2877,152,255,621.487,763.809
2878,109,255,1214.518,763.739
2879,83,255,1238.970,762.042
2880,232,255,1502.612,766.625
2881,63,255,1597.754,764.119
2882,108,255,1159.083,763.778
2883,122,255,545.779,764.139
2884,62,255,1179.855,763.613
2885,28,255,1525.000,762.786
2886,54,255,15.463,764.315
2887,61,255,514.238,764.303
2888,150,255,652.007,765.720
2889,90,255,1312.067,766.167
2890,103,255,1389.684,767.063
2891,122,255,151.139,766.574
2892,86,255,268.779,765.500
2893,73,255,316.568,766.349
2894,131,255,1301.164,767.966
2895,172,255,1459.599,768.605
2896,125,255,605.324,768.092
2897,76,255,747.145,767.697
2898,49,255,761.051,765.051
2899,34,255,796.382,765.588
2900,105,255,903.167,766.900
2901,161,255,967.121,768.283
2902,90,255,1402.944,767.789
2903,118,255,1577.441,766.415
2904,45,255,49.100,766.678
2905,77,255,177.422,767.266
2906,93,255,1280.328,768.790
2907,95,255,188.332,769.605
2908,181,255,360.478,770.953
2909,100,255,821.580,768.840
2910,27,255,324.944,767.426
2911,112,255,576.946,771.116
2912,151,255,216.447,772.202
2913,67,255,255.306,769.918
2914,53,255,937.934,769.953
2915,109,255,1040.867,771.830
2916,47,255,240.798,770.372
2917,64,255,303.047,770.125
2918,153,255,488.598,774.154
2919,100,255,785.430,773.130
2920,80,255,1106.763,771.700
2921,96,255,380.188,772.969
2922,52,255,768.269,772.115
2923,29,255,980.362,771.293
2924,64,255,1077.672,772.594
2925,78,255,232.154,774.577
2926,71,255,808.359,773.979
2927,99,255,1521.500,775.551
2928,122,255,330.721,775.426
2929,51,255,1269.598,773.402
2930,86,255,350.128,778.442
2931,75,255,417.993,775.793
2932,26,255,478.500,774.154
2933,107,255,673.995,777.463
2934,146,255,132.384,779.877
2935,70,255,292.243,776.871
2936,171,255,586.389,779.471
2937,159,255,550.890,780.978
2938,140,255,1467.386,780.221
2939,67,255,279.933,778.903
2940,146,255,458.171,780.452
2941,46,255,753.500,778.217
2942,145,255,1529.466,781.921
2943,116,255,60.759,780.716
2944,27,255,403.056,777.315
2945,78,255,996.936,779.231
2946,104,255,1130.433,779.875
2947,136,255,1222.647,781.831
2948,185,255,1548.041,782.614
2949,86,255,1184.267,782.012
2950,54,255,745.519,781.389
2951,78,255,841.167,782.077
2952,87,255,944.500,781.167
2953,224,255,1353.634,788.366
2954,53,255,880.896,782.104
2955,110,255,1586.373,782.982
2956,61,255,239.303,782.451
2957,47,255,569.947,782.351
2958,115,255,697.535,785.961
2959,74,255,925.743,783.824
2960,72,255,1299.000,783.000
2961,137,255,1168.478,786.215
2962,81,255,1265.636,785.377
2963,88,255,260.966,786.705
2964,102,255,1280.431,787.010
2965,130,255,1448.454,787.638
2966,23,255,1361.717,784.848
2967,89,255,25.343,789.197
2968,148,255,87.162,788.757
2969,58,255,402.086,787.397
2970,165,255,863.755,791.094
2971,119,255,1504.576,790.853
2972,134,255,1415.590,789.791
2973,96,255,1515.781,789.531
2974,184,255,531.609,793.321
2975,71,255,788.134,790.683
2976,169,255,1202.648,792.115
2977,78,255,1489.026,790.526
2978,33,255,312.379,789.470
2979,99,255,598.025,791.753
2980,140,255,821.386,792.271
2981,60,255,1188.883,791.167
2982,59,255,1398.907,789.517
2983,98,255,301.949,792.704
2984,62,255,954.823,791.274
2985,202,255,995.926,795.431
2986,103,255,115.568,793.976
2987,111,255,231.752,793.995
2988,145,255,383.383,795.162
2989,24,255,671.083,792.042
2990,69,255,203.645,794.674
2991,161,255,724.016,798.661
2992,73,255,1067.363,796.144
2993,50,255,1078.580,795.660
2994,143,255,275.668,798.962
2995,89,255,406.657,798.242
2996,68,255,418.191,797.250
2997,65,255,607.715,797.038
2998,48,255,33.229,796.688
2999,113,255,68.199,798.376
3000,33,255,359.106,796.742
3001,34,255,395.853,796.500
3002,91,255,562.951,798.104
3003,63,255,688.532,797.484
3004,149,255,1248.326,799.265
3005,170,255,1265.200,801.065
3006,137,255,1589.982,798.332
3007,71,255,576.035,798.697
3008,47,255,974.989,798.223
3009,47,255,1029.585,797.138
3010,185,255,1306.986,800.370
3011,87,255,1547.328,798.580
3012,45,255,350.344,798.500
3013,42,255,427.071,799.643
3014,166,255,510.187,802.024
3015,49,255,620.480,799.194
3016,77,255,652.916,800.656
3017,67,255,679.246,800.172
3018,40,255,707.825,799.025
3019,103,255,1333.442,800.723
3020,116,255,186.302,801.802
3021,157,255,219.061,805.067
3022,74,255,288.784,800.473
3023,118,255,697.059,804.034
3024,24,255,1437.458,798.833
3025,127,255,1468.650,800.949
3026,69,255,1323.297,802.283
3027,87,255,1572.109,803.178
3028,75,255,597.487,804.047
3029,86,255,667.733,804.965
3030,75,255,758.367,804.060
3031,87,255,41.075,805.259
3032,217,255,245.592,808.417
3033,36,255,588.444,803.278
3034,94,255,1406.702,805.798
3035,98,255,3.806,808.286
3036,85,255,450.171,805.876
3037,81,255,838.068,806.130
3038,95,255,927.626,806.563
3039,91,255,1150.764,806.126
3040,57,255,73.623,806.307
3041,74,255,710.554,806.986
3042,24,255,797.708,805.333
3043,154,255,1389.948,809.922
3044,80,255,1437.963,806.038
3045,63,255,1047.278,807.167
3046,109,255,1110.096,808.161
3047,205,255,1290.578,811.505
3048,34,255,88.706,807.412
3049,186,255,112.914,813.140
3050,52,255,173.212,807.885
3051,50,255,205.500,808.580
3052,26,255,809.923,807.731
3053,142,255,984.676,811.042
3054,109,255,1072.555,810.757
3055,58,255,434.172,808.897
3056,129,255,541.523,811.849
3057,58,255,746.017,810.621
3058,76,255,54.697,811.658
3059,74,255,998.405,812.527
3060,148,255,1057.095,814.054
3061,103,255,1172.248,812.578
3062,55,255,1337.464,810.464
3063,84,255,345.667,812.798
3064,80,255,557.487,813.775
3065,66,255,633.697,811.848
3066,100,255,1221.730,813.130
3067,98,255,1469.857,813.918
3068,30,255,524.133,811.867
3069,67,255,567.291,813.142
3070,118,255,904.127,815.737
3071,29,255,1194.603,812.431
3072,83,255,1316.849,813.910
3073,84,255,1496.845,813.940
3074,26,255,372.269,812.000
3075,159,255,502.425,816.940
3076,122,255,649.639,815.279
3077,74,255,1121.770,814.959
3078,83,255,1145.283,815.211
3079,97,255,82.180,815.809
3080,48,255,426.562,814.667
3081,97,255,1018.706,815.933
3082,69,255,1366.732,815.674
3083,38,255,1451.000,813.500
3084,112,255,1505.902,818.196
3085,56,255,576.429,816.946
3086,72,255,673.833,817.028
3087,29,255,1442.707,814.259
3088,31,255,283.629,816.242
3089,73,255,440.514,818.295
3090,74,255,1093.311,817.541
3091,174,255,1415.851,821.603
3092,34,255,1489.000,816.794
3093,79,255,328.373,818.791
3094,24,255,841.792,818.000
3095,46,255,68.891,819.457
3096,168,255,146.631,821.125
3097,56,255,228.893,819.625
3098,91,255,710.654,820.126
3099,73,255,1583.171,819.966
3100,95,255,176.721,823.353
3101,121,255,414.864,821.475
3102,94,255,775.479,821.947
3103,125,255,531.412,824.004
3104,39,255,591.346,820.038
3105,52,255,611.192,820.942
3106,122,255,735.098,822.508
3107,206,255,1261.413,825.699
3108,56,255,1431.554,821.911
3109,137,255,392.026,825.062
3110,45,255,620.567,822.189
3111,78,255,786.897,825.615
3112,31,255,796.048,821.790
3113,30,255,1134.867,821.133
3114,57,255,873.623,823.360
3115,55,255,1076.045,823.064
3116,87,255,192.431,825.511
3117,68,255,429.868,824.235
3118,64,255,454.156,825.297
3119,75,255,658.900,825.527
3120,48,255,679.312,824.354
3121,82,255,1188.500,826.402
3122,95,255,1246.247,825.405
3123,102,255,752.618,826.892
3124,65,255,985.454,824.731
3125,91,255,1314.390,826.940
3126,112,255,79.402,826.652
3127,93,255,632.134,826.597
3128,56,255,1439.661,826.036
3129,29,255,119.983,826.224
3130,45,255,485.611,826.300
3131,152,255,822.809,830.303
3132,119,255,1555.298,828.542
3133,24,255,467.958,826.833
3134,71,255,694.303,829.035
3135,75,255,136.153,829.780
3136,89,255,320.174,830.590
3137,21,255,372.119,828.548
3138,99,255,1111.096,830.258
3139,172,255,1354.273,832.523
3140,75,255,1508.673,829.433
3141,167,255,547.392,832.757
3142,33,255,907.591,830.227
3143,70,255,965.671,830.171
3144,143,255,1154.556,831.283
3145,71,255,1217.880,830.458
3146,83,255,1331.452,830.934
3147,98,255,1378.398,831.388
3148,65,255,1398.654,831.208
3149,30,255,215.000,829.867
3150,62,255,281.161,831.145
3151,50,255,358.060,831.200
3152,25,255,595.140,829.820
3153,37,255,1095.149,831.122
3154,107,255,1482.313,833.294
3155,115,255,563.291,834.335
3156,50,255,647.600,831.880
3157,57,255,1074.044,831.851
3158,26,255,1169.038,831.038
3159,104,255,1464.942,832.827
3160,105,255,299.757,834.462
3161,81,255,446.858,834.340
3162,42,255,528.333,833.119
3163,76,255,1448.368,834.579
3164,81,255,202.068,835.130
3165,87,255,407.305,836.109
3166,30,255,418.233,832.400
3167,86,255,1020.535,835.070
3168,41,255,1201.915,833.622
3169,90,255,1368.211,836.933
3170,52,255,612.904,834.788
3171,48,255,922.625,834.729
3172,99,255,62.904,837.773
3173,41,255,329.915,835.598
3174,37,255,623.284,834.959
3175,86,255,22.140,837.640
3176,91,255,110.423,839.060
3177,106,255,153.245,838.962
3178,91,255,433.192,839.654
3179,31,255,594.500,836.048
3180,69,255,632.717,837.167
3181,53,255,879.594,837.330
3182,69,255,1083.935,837.630
3183,100,255,1387.380,839.090
3184,44,255,767.182,837.023
3185,20,255,1005.450,836.600
3186,70,255,1046.843,838.143
3187,32,255,1235.938,836.812
3188,33,255,1251.652,836.348
3189,136,255,1284.912,841.574
3190,49,255,43.969,838.663
3191,173,255,478.199,840.980
3192,62,255,837.290,839.581
3193,127,255,988.571,841.327
3194,71,255,74.190,839.866
3195,51,255,3.696,840.539
3196,26,255,524.115,840.000
3197,90,255,1213.511,842.500
3198,58,255,52.931,842.845
3199,89,255,214.522,843.601
3200,105,255,421.119,844.824
3201,48,255,1031.708,842.000
3202,38,255,1162.895,842.158
3203,47,255,1171.457,842.181
3204,56,255,1257.107,841.518
3205,32,255,359.562,842.594
3206,86,255,576.163,843.698
3207,80,255,695.000,843.825
3208,83,255,711.476,844.018
3209,75,255,1131.353,843.927
3210,88,255,323.148,845.977
3211,37,255,1151.473,843.338
3212,87,255,1541.615,845.489
3213,55,255,1597.664,845.755
3214,139,255,345.299,847.723
3215,140,255,1587.164,848.243
3216,65,255,265.854,846.546
3217,47,255,914.840,846.734
3218,106,255,1297.991,848.160
3219,57,255,1320.991,845.518
3220,89,255,99.972,848.556
3221,57,255,1185.377,847.026
3222,58,255,1240.362,847.310
3223,128,255,456.414,850.930
3224,81,255,552.981,849.463
3225,66,255,607.864,848.545
3226,39,255,970.679,848.244
3227,140,255,1230.171,852.086
3228,119,255,1411.298,851.071
3229,95,255,1465.237,850.258
3230,56,255,192.821,850.464
3231,64,255,225.094,849.422
3232,61,255,838.385,848.779
3233,65,255,1262.054,849.454
3234,49,255,42.031,850.071
3235,76,255,84.434,851.053
3236,52,255,202.654,849.981
3237,63,255,250.040,850.563
3238,55,255,490.409,850.045
3239,68,255,898.456,850.868
3240,70,255,944.700,851.314
3241,87,255,1064.247,852.213
3242,109,255,1511.784,851.931
3243,86,255,287.628,853.384
3244,41,255,629.988,852.427
3245,91,255,1250.313,853.269
3246,74,255,1441.108,851.703
3247,27,255,586.648,850.981
3248,21,255,854.214,851.310
3249,82,255,1018.366,853.427
3250,57,255,1042.693,852.377
3251,74,255,1547.135,854.216
3252,26,255,51.385,851.577
3253,84,255,185.190,855.286
3254,76,255,440.947,854.895
3255,64,255,619.750,854.453
3256,93,255,1077.823,852.715
3257,36,255,112.417,853.472
3258,53,255,401.425,856.368
3259,97,255,482.201,855.840
3260,102,255,542.735,855.020
3261,105,255,1344.224,854.233
3262,94,255,1363.968,854.819
3263,85,255,799.876,855.947
3264,52,255,1271.269,854.962
3265,86,255,1522.744,857.105
3266,36,255,392.000,855.611
3267,91,255,508.368,858.280
3268,126,255,694.730,857.325
3269,163,255,20.261,861.666
3270,65,255,357.408,857.485
3271,80,255,733.075,857.650
3272,25,255,842.860,856.100
3273,146,255,150.123,861.164
3274,92,255,420.022,859.978
3275,33,255,431.803,858.773
3276,64,255,1491.359,859.422
3277,66,255,166.485,859.439
3278,72,255,974.847,859.958
3279,57,255,1091.535,858.939
3280,90,255,1202.622,860.189
3281,21,255,1559.119,856.929
3282,70,255,50.457,860.714
3283,43,255,232.756,859.384
3284,94,255,521.479,861.777
3285,80,255,557.763,861.788
3286,79,255,607.032,861.146
3287,91,255,832.654,861.379
3288,96,255,1133.104,863.000
3289,59,255,1157.568,860.890
3290,162,255,1171.580,863.877
3291,58,255,1452.190,859.862
3292,37,255,1476.257,860.203
3293,69,255,819.659,862.399
3294,26,255,858.654,861.269
3295,60,255,1578.817,863.050
3296,51,255,2.676,864.049
3297,31,255,77.048,862.081
3298,48,255,261.250,863.292
3299,105,255,307.481,864.281
3300,86,255,340.186,864.930
3301,72,255,1375.264,863.653
3302,56,255,64.554,864.268
3303,79,255,227.310,865.791
3304,63,255,245.056,864.690
3305,79,255,751.741,866.335
3306,117,255,929.218,867.013
3307,120,255,1038.208,866.450
3308,44,255,1148.136,863.250
3309,123,255,1289.093,866.524
3310,65,255,1500.423,864.715
3311,66,255,294.091,865.939
3312,119,255,455.189,868.029
3313,89,255,492.197,865.309
3314,103,255,1313.306,866.801
3315,121,255,1512.764,867.004
3316,93,255,107.898,867.177
3317,58,255,281.207,866.414
3318,56,255,328.250,865.804
3319,63,255,544.706,866.325
3320,27,255,677.537,864.611
3321,82,255,786.159,866.927
3322,142,255,1359.296,869.887
3323,75,255,181.500,867.793
3324,123,255,206.329,870.492
3325,59,255,1275.686,867.212
3326,44,255,86.159,867.568
3327,65,255,475.500,868.500
3328,49,255,642.173,868.255
3329,49,255,803.337,868.439
3330,140,255,1229.871,869.257
3331,64,255,969.969,870.094
3332,47,255,1403.330,869.117
3333,139,255,1591.529,872.327
3334,39,255,57.269,869.628
3335,37,255,597.068,868.338
3336,65,255,845.392,870.208
3337,168,255,1002.137,873.012
3338,72,255,1392.417,870.542
3339,20,255,1418.400,868.950
3340,24,255,70.000,869.500
3341,34,255,954.118,870.000
3342,32,255,1536.344,869.719
3343,93,255,117.801,878.167
3344,48,255,167.604,871.229
3345,84,255,912.869,873.095
3346,90,255,1326.289,872.867
3347,106,255,1343.623,872.774
3348,156,255,370.327,875.833
3349,50,255,831.480,874.000
3350,89,255,895.848,875.770
3351,98,255,1083.602,875.173
3352,28,255,1485.821,872.929
3353,118,255,258.458,876.280
3354,121,255,280.913,877.525
3355,27,255,562.574,874.944
3356,120,255,811.925,877.350
3357,110,255,1126.682,877.655
3358,46,255,1156.870,874.609
3359,116,255,1442.181,877.017
3360,101,255,1460.114,875.629
3361,135,255,46.707,878.619
3362,43,255,192.872,875.849
3363,97,255,421.418,877.871
3364,22,255,545.591,874.409
3365,86,255,554.093,877.756
3366,94,255,572.255,877.606
3367,59,255,699.025,876.568
3368,50,255,742.540,875.820
3369,80,255,1064.963,877.038
3370,87,255,1424.063,877.983
3371,79,255,1497.652,877.070
3372,134,255,586.149,878.970
3373,132,255,626.371,877.833
3374,138,255,1051.551,881.790
3375,75,255,1371.740,877.647
3376,85,255,1575.135,878.229
3377,63,255,234.278,879.294
3378,93,255,351.930,879.769
3379,111,255,604.545,878.743
3380,41,255,716.134,876.427
3381,75,255,878.833,878.940
3382,69,255,131.645,880.674
3383,86,255,246.360,881.430
3384,75,255,492.340,879.740
3385,23,255,652.717,877.500
3386,44,255,1240.523,878.841
3387,80,255,1312.713,879.775
3388,84,255,1479.286,879.643
3389,162,255,675.864,884.080
3390,67,255,1102.858,880.351
3391,82,255,1538.195,880.012
3392,59,255,338.992,882.093
3393,60,255,432.767,881.733
3394,54,255,723.833,881.926
3395,40,255,970.075,881.000
3396,112,255,980.393,884.143
3397,107,255,1279.425,883.098
3398,42,255,98.524,883.048
3399,35,255,748.700,882.643
3400,51,255,759.245,882.422
3401,63,255,770.849,883.389
3402,64,255,907.312,883.359
3403,45,255,961.656,882.833
3404,103,255,1034.393,885.665
3405,118,255,1261.110,884.602
3406,71,255,1332.430,884.007
3407,60,255,1383.583,883.400
3408,94,255,1449.426,885.713
3409,52,255,1548.865,883.962
3410,102,255,379.343,886.480
3411,56,255,145.268,885.036
3412,70,255,289.571,886.014
3413,70,255,316.143,885.443
3414,57,255,457.395,885.974
3415,42,255,484.476,884.762
3416,37,255,710.959,884.581
3417,105,255,735.376,886.976
3418,32,255,1077.438,883.594
3419,77,255,1248.526,886.240
3420,121,255,29.045,887.483
3421,59,255,157.534,886.551
3422,41,255,475.451,886.305
3423,32,255,698.781,884.719
3424,86,255,1015.547,886.733
3425,96,255,1091.542,887.281
3426,28,255,891.857,886.179
3427,40,255,1510.225,886.250
3428,64,255,167.547,888.828
3429,106,255,923.651,889.245
3430,183,255,211.391,892.123
3431,60,255,785.917,889.717
3432,51,255,1136.637,888.716
3433,67,255,1146.604,890.052
3434,101,255,1297.153,890.074
3435,56,255,107.196,890.411
3436,60,255,665.917,889.900
3437,59,255,1174.703,889.839
3438,51,255,1530.931,889.108
3439,59,255,58.314,891.992
3440,68,255,651.632,891.529
3441,59,255,953.059,891.534
3442,85,255,1125.700,891.724
3443,70,255,2.757,894.900
3444,70,255,1156.614,893.500
3445,94,255,1370.170,893.819
3446,95,255,601.132,894.542
3447,64,255,695.844,892.375
3448,61,255,820.418,893.156
3449,93,255,1471.403,894.586
3450,127,255,1549.382,895.539
3451,62,255,193.210,895.597
3452,138,255,500.370,898.043
3453,22,255,837.000,892.000
3454,66,255,1279.106,893.879
3455,120,255,1515.625,896.350
3456,81,255,146.685,896.364
3457,66,255,322.455,895.833
3458,132,255,1398.439,897.947
3459,38,255,330.711,895.868
3460,105,255,353.529,898.338
3461,29,255,1166.224,895.155
3462,31,255,1185.210,894.919
3463,80,255,1319.938,896.212
3464,48,255,1385.833,895.083
3465,65,255,99.038,897.715
3466,64,255,119.094,897.312
3467,48,255,394.792,897.396
3468,56,255,625.286,898.250
3469,43,255,1071.779,898.267
3470,23,255,406.500,897.500
3471,92,255,439.370,899.424
3472,92,255,470.435,900.163
3473,92,255,486.500,900.913
3474,95,255,583.458,900.395
3475,52,255,1002.481,898.154
3476,79,255,1341.310,899.513
3477,110,255,1435.882,900.445
3478,70,255,1564.643,899.600
3479,89,255,634.837,902.107
3480,70,255,1035.500,900.686
3481,131,255,1056.584,901.279
3482,73,255,1093.938,901.171
3483,59,255,1526.466,901.178
3484,57,255,384.096,901.588
3485,84,255,565.333,902.179
3486,92,255,1117.446,902.065
3487,94,255,1191.309,903.543
3488,117,255,535.620,903.295
3489,90,255,784.822,902.789
3490,49,255,991.602,901.622
3491,83,255,1213.319,902.813
3492,21,255,1501.500,900.500
3493,97,255,174.387,905.675
3494,66,255,426.758,903.879
3495,146,255,728.000,905.404
3496,62,255,1591.726,902.984
3497,80,255,64.588,905.138
3498,90,255,372.300,906.144
3499,100,255,454.650,905.060
3500,83,255,674.223,904.741
3501,69,255,695.239,905.370
3502,59,255,879.178,904.093
3503,82,255,925.293,904.683
3504,27,255,404.463,903.352
3505,99,255,660.763,906.823
3506,53,255,765.632,904.274
3507,65,255,846.669,905.700
3508,65,255,1456.562,905.638
3509,21,255,336.119,904.071
3510,27,255,395.130,904.537
3511,59,255,1361.856,906.008
3512,122,255,7.238,908.336
3513,120,255,278.258,908.117
3514,35,255,305.386,906.814
3515,72,255,864.778,907.653
3516,72,255,900.583,907.861
3517,80,255,956.425,907.888
3518,55,255,1022.464,907.155
3519,116,255,1239.802,908.845
3520,41,255,1569.720,906.890
3521,157,255,258.430,910.309
3522,65,255,315.577,908.669
3523,69,255,413.529,908.616
3524,59,255,979.347,908.381
3525,99,255,27.924,910.237
3526,101,255,87.876,911.094
3527,88,255,219.977,909.557
3528,29,255,508.086,908.052
3529,95,255,709.500,910.047
3530,30,255,810.933,908.067
3531,55,255,997.245,909.627
3532,101,255,1167.639,911.282
3533,24,255,1223.292,908.292
3534,97,255,1254.871,910.902
3535,67,255,77.590,912.007
3536,95,255,328.279,911.426
3537,66,255,385.136,910.045
3538,75,255,648.513,911.687
3539,63,255,1202.500,910.500
3540,87,255,1493.144,912.247
3541,37,255,1579.068,910.230
3542,77,255,204.734,912.526
3543,36,255,435.639,910.250
3544,134,255,596.194,913.634
3545,81,255,789.093,911.352
3546,51,255,802.069,910.971
3547,25,255,1097.380,909.780
3548,66,255,1147.591,910.379
3549,48,255,1266.333,911.333
3550,76,255,1396.276,912.079
3551,59,255,1553.958,910.686
3552,38,255,193.947,912.053
3553,74,255,57.527,914.095
3554,76,255,136.921,914.224
3555,49,255,232.622,912.929
3556,60,255,242.350,913.967
3557,22,255,1182.636,911.500
3558,54,255,1588.722,913.630
3559,58,255,299.328,913.810
3560,59,255,68.432,916.212
3561,103,255,118.578,917.364
3562,100,255,638.710,917.150
3563,108,255,1056.194,917.481
3564,49,255,1502.337,915.500
3565,95,255,360.784,917.984
3566,57,255,442.044,915.763
3567,106,255,618.170,918.349
3568,80,255,1541.688,917.150
3569,194,255,35.732,922.062
3570,32,255,309.875,916.000
3571,65,255,419.669,917.269
3572,52,255,669.385,916.212
3573,83,255,692.608,917.596
3574,123,255,1116.118,920.394
3575,33,255,528.621,917.530
3576,57,255,746.728,917.746
3577,56,255,1087.964,918.161
3578,81,255,1210.722,918.500
3579,72,255,1513.111,918.236
3580,41,255,1563.354,917.793
3581,135,255,168.707,921.952
3582,74,255,493.432,920.176
3583,46,255,866.413,918.522
3584,22,255,1434.545,917.091
3585,63,255,1466.548,919.262
3586,52,255,213.654,920.019
3587,91,255,270.236,921.489
3588,74,255,463.419,920.662
3589,44,255,584.205,920.273
3590,54,255,952.352,920.074
3591,87,255,970.236,920.741
3592,108,255,1296.620,921.759
3593,50,255,1310.540,919.740
3594,55,255,1448.718,920.082
3595,66,255,127.682,922.242
3596,50,255,656.520,920.660
3597,87,255,1173.374,921.948
3598,32,255,18.000,921.000
3599,98,255,382.378,922.878
3600,140,255,503.450,926.350
3601,29,255,606.500,921.121
3602,101,255,927.411,922.777
3603,62,255,1278.306,923.484
3604,50,255,368.600,923.220
3605,157,255,545.162,927.373
3606,53,255,873.047,923.123
3607,90,255,1128.000,924.756
3608,80,255,1242.375,923.038
3609,74,255,54.108,924.676
3610,93,255,752.522,926.113
3611,151,255,1095.970,928.480
3612,95,255,1408.626,925.089
3613,87,255,188.787,926.511
3614,83,255,823.331,927.596
3615,65,255,834.869,924.792
3616,88,255,1004.375,925.205
3617,100,255,1204.360,927.460
3618,60,255,1344.050,924.467
3619,36,255,1588.806,924.833
3620,70,255,406.600,926.029
3621,73,255,441.007,927.705
3622,38,255,1025.684,924.947
3623,118,255,334.051,929.924
3624,38,255,485.000,926.000
3625,57,255,665.833,926.605
3626,52,255,1269.538,927.423
3627,71,255,1508.190,928.134
3628,58,255,1579.017,927.345
3629,30,255,428.733,927.833
3630,58,255,630.862,928.672
3631,58,255,938.569,927.690
3632,49,255,1227.398,927.520
3633,63,255,1257.405,928.929
3634,98,255,1431.490,929.561
3635,105,255,1564.833,930.205
3636,82,255,471.793,930.159
3637,57,255,690.219,928.044
3638,92,255,1486.761,929.772
3639,93,255,5.694,931.887
3640,70,255,982.700,930.443
3641,92,255,1450.663,931.120
3642,121,255,1534.508,932.971
3643,68,255,70.691,932.088
3644,44,255,156.091,930.614
3645,146,255,318.918,935.370
3646,81,255,1394.500,932.623
3647,95,255,1465.479,932.700
3648,81,255,213.315,933.549
3649,119,255,1025.702,933.408
3650,39,255,17.782,932.833
3651,48,255,26.938,933.000
3652,102,255,294.127,934.216
3653,50,255,308.880,932.460
3654,58,255,371.862,932.448
3655,40,255,518.675,932.075
3656,48,255,862.229,932.771
3657,97,255,1082.160,935.387
3658,42,255,1327.095,933.143
3659,67,255,227.306,935.112
3660,28,255,237.464,934.036
3661,49,255,617.316,933.194
3662,78,255,842.026,934.513
3663,75,255,1219.153,934.553
3664,56,255,59.375,935.089
3665,42,255,140.976,934.595
3666,112,255,392.545,938.777
3667,45,255,448.322,934.567
3668,57,255,487.851,934.781
3669,59,255,1005.059,934.534
3670,55,255,1244.300,934.609
3671,77,255,1292.175,935.812
3672,98,255,49.184,938.500
3673,50,255,736.900,935.400
3674,28,255,782.000,935.321
3675,48,255,1383.646,936.438
3676,33,255,125.076,936.530
3677,70,255,353.329,937.443
3678,32,255,405.500,935.906
3679,135,255,759.796,939.611
3680,46,255,809.326,935.913
3681,93,255,855.038,938.489
3682,80,255,1068.412,938.462
3683,60,255,1106.783,936.217
3684,122,255,278.959,940.262
3685,39,255,434.397,937.397
3686,50,255,728.160,937.380
3687,65,255,794.208,938.469
3688,121,255,933.202,940.971
3689,102,255,1193.098,941.216
3690,69,255,1555.283,939.674
3691,71,255,177.866,939.542
3692,51,255,685.402,938.422
3693,79,255,825.108,940.247
3694,62,255,1231.613,938.903
3695,85,255,1573.700,940.394
3696,56,255,922.589,940.321
3697,84,255,1118.500,941.893
3698,111,255,1316.914,942.401
3699,45,255,1343.433,939.811
3700,89,255,539.051,942.511
3701,45,255,554.300,940.233
3702,72,255,1038.306,941.361
3703,110,255,1057.927,943.382
3704,63,255,412.468,942.357
3705,41,255,473.183,941.549
3706,72,255,630.056,941.958
3707,53,255,773.028,941.670
3708,84,255,261.762,943.345
3709,53,255,456.387,943.255
3710,85,255,699.947,942.935
3711,57,255,910.921,942.482
3712,92,255,1141.152,944.630
3713,67,255,1334.037,943.903
3714,99,255,514.561,944.591
3715,47,255,892.053,943.436
3716,27,255,1352.167,944.019
3717,60,255,37.000,945.500
3718,73,255,330.500,946.432
3719,72,255,399.931,946.097
3720,39,255,443.910,944.064
3721,120,255,1393.483,947.350
3722,72,255,1438.042,945.778
3723,64,255,1597.125,947.531
3724,82,255,195.707,946.951
3725,76,255,302.250,945.697
3726,70,255,369.014,946.186
3727,67,255,89.545,948.769
3728,86,255,106.791,951.186
3729,26,255,137.346,945.731
3730,155,255,157.861,949.552
3731,59,255,207.161,947.941
3732,56,255,356.179,946.857
3733,141,255,486.840,951.663
3734,55,255,586.391,946.955
3735,53,255,1218.764,945.972
3736,129,255,11.260,951.562
3737,56,255,27.607,949.125
3738,73,255,994.568,947.555
3739,55,255,1427.136,948.809
3740,63,255,686.786,948.468
3741,39,255,850.346,948.500
3742,88,255,1106.284,950.341
3743,82,255,1168.524,950.293
3744,65,255,500.238,950.654
3745,186,255,832.882,953.753
3746,115,255,887.196,951.239
3747,75,255,1153.727,950.180
3748,64,255,129.516,952.219
3749,76,255,285.921,951.737
3750,64,255,966.375,951.844
3751,81,255,1252.586,952.179
3752,46,255,1292.130,950.500
3753,63,255,1478.198,951.373
3754,79,255,1504.741,952.222
3755,75,255,412.820,951.953
3756,120,255,467.608,954.900
3757,58,255,607.707,951.724
3758,39,255,705.782,951.474
3759,60,255,978.467,951.117
3760,77,255,1038.916,953.110
3761,96,255,1535.542,953.510
3762,51,255,233.931,952.971
3763,83,255,320.452,954.355
3764,74,255,743.851,953.365
3765,107,255,575.201,954.967
3766,62,255,772.806,954.339
3767,75,255,1012.580,954.887
3768,117,255,1307.927,957.645
3769,27,255,1385.796,953.019
3770,73,255,46.582,955.747
3771,94,255,554.266,956.351
3772,22,255,989.318,953.273
3773,161,255,1026.332,958.866
3774,71,255,1061.585,955.106
3775,65,255,1192.731,954.977
3776,69,255,1270.601,955.283
3777,181,255,72.566,959.975
3778,56,255,956.268,955.875
3779,25,255,139.020,956.180
3780,35,255,330.900,956.814
3781,124,255,525.621,958.871
3782,66,255,58.773,958.773
3783,53,255,187.292,958.123
3784,71,255,223.345,959.430
3785,125,255,260.476,959.740
3786,60,255,308.033,958.567
3787,87,255,854.144,959.155
3788,157,255,1333.124,962.850
3789,46,255,1409.130,957.674
3790,53,255,212.179,959.538
3791,64,255,440.891,959.406
3792,92,255,564.043,961.707
3793,149,255,1134.849,960.117
3794,25,255,1343.860,957.380
3795,57,255,93.167,960.079
3796,85,255,344.641,961.076
3797,73,255,1000.692,960.021
3798,93,255,1231.306,961.339
3799,54,255,1452.130,960.889
3800,99,255,1568.874,961.197
3801,120,255,615.467,963.175
3802,52,255,864.308,960.231
3803,88,255,987.091,961.523
3804,65,255,1154.392,960.592
3805,63,255,1389.897,960.675
3806,66,255,1423.242,961.136
3807,92,255,36.033,963.924
3808,26,255,244.423,961.769
3809,26,255,503.308,960.231
3810,64,255,725.344,961.469
3811,89,255,283.174,963.702
3812,68,255,355.632,964.176
3813,29,255,686.190,961.224
3814,55,255,711.955,963.027
3815,70,255,789.657,962.643
3816,54,255,824.463,962.556
3817,27,255,1010.093,961.685
3818,61,255,1438.320,963.287
3819,38,255,537.711,962.947
3820,31,255,629.790,962.435
3821,159,255,1468.242,967.487
3822,62,255,233.758,965.661
3823,63,255,596.484,965.071
3824,46,255,772.652,964.174
3825,82,255,811.610,966.427
3826,106,255,95.991,969.075
3827,60,255,117.133,965.983
3828,114,255,131.588,969.465
3829,79,255,582.082,965.804
3830,32,255,1219.781,965.000
3831,123,255,1247.866,967.711
3832,65,255,1527.469,966.592
3833,95,255,5.268,968.953
3834,58,255,145.431,967.741
3835,148,255,397.818,970.081
3836,73,255,496.527,967.500
3837,74,255,669.932,966.973
3838,129,255,1037.733,969.508
3839,60,255,1593.583,967.000
3840,69,255,56.457,969.877
3841,73,255,202.664,968.938
3842,98,255,432.153,970.245
3843,48,255,748.833,967.271
3844,75,255,913.207,968.047
3845,91,255,1151.280,969.302
3846,160,255,23.925,974.212
3847,49,255,1507.786,967.704
3848,92,255,253.467,971.185
3849,72,255,881.736,971.583
3850,69,255,1179.457,969.703
3851,70,255,1305.629,969.600
3852,34,255,1540.412,970.088
3853,73,255,180.842,971.692
3854,123,255,338.850,972.646
3855,91,255,413.819,972.060
3856,47,255,517.074,970.032
3857,132,255,637.227,972.947
3858,82,255,738.610,972.073
3859,230,255,926.483,976.657
3860,37,255,1189.878,969.743
3861,82,255,1444.573,972.268
3862,184,255,305.761,977.022
3863,20,255,1023.550,970.400
3864,59,255,1321.347,971.907
3865,54,255,1423.407,972.222
3866,35,255,153.557,972.386
3867,107,255,1338.285,974.509
3868,78,255,117.282,974.154
3869,36,255,454.583,972.861
3870,36,255,1261.028,972.639
3871,78,255,48.359,975.962
3872,43,255,190.523,974.593
3873,93,255,773.124,975.081
3874,55,255,831.045,974.155
3875,40,255,1415.800,974.525
3876,68,255,381.088,975.382
3877,98,255,1228.561,975.469
3878,51,255,1398.049,974.833
3879,44,255,1506.795,975.750
3880,49,255,1558.031,975.561
3881,112,255,278.304,978.134
3882,43,255,289.826,976.477
3883,57,255,606.658,976.377
3884,64,255,1374.688,976.625
3885,122,255,523.590,979.730
3886,116,255,569.612,977.948
3887,35,255,660.471,976.300
3888,144,255,990.944,979.812
3889,90,255,77.911,981.100
3890,79,255,619.348,978.462
3891,175,255,868.397,981.169
3892,135,255,973.737,980.070
3893,72,255,35.181,981.028
3894,88,255,136.398,981.705
3895,112,255,753.866,979.875
3896,73,255,1148.788,980.678
3897,119,255,1164.189,981.525
3898,75,255,1433.767,980.407
3899,102,255,696.157,981.686
3900,147,255,817.241,982.622
3901,84,255,1021.750,981.786
3902,98,255,8.051,982.857
3903,25,255,652.140,980.820
3904,93,255,1318.263,982.833
3905,138,255,1538.609,984.906
3906,81,255,400.895,983.698
3907,59,255,499.754,982.890
3908,91,255,942.115,982.819
3909,74,255,1010.757,983.338
3910,66,255,1591.439,983.591
3911,71,255,843.937,984.331
3912,109,255,1046.087,984.335
3913,114,255,1396.947,984.895
3914,51,255,1410.324,983.873
3915,106,255,95.877,987.613
3916,67,255,1451.396,985.291
3917,74,255,1508.324,985.405
3918,54,255,1521.500,985.000
3919,56,255,340.232,985.446
3920,50,255,436.020,984.900
3921,73,255,163.212,988.144
3922,69,255,576.196,986.616
3923,57,255,1335.904,986.009
3924,134,255,1379.784,988.634
3925,79,255,181.538,989.399
3926,104,255,327.365,988.500
3927,59,255,389.602,988.042
3928,62,255,1224.274,988.290
3929,99,255,1263.167,989.298
3930,108,255,1422.907,991.407
3931,74,255,153.149,990.405
3932,167,255,536.278,994.332
3933,163,255,652.156,993.844
3934,124,255,680.645,990.355
3935,98,255,1093.602,989.796
3936,54,255,1303.537,988.444
3937,41,255,21.085,989.037
3938,108,255,558.630,991.981
3939,104,255,629.423,989.702
3940,45,255,1359.633,989.878
3941,24,255,76.625,990.875
3942,47,255,230.585,989.947
3943,52,255,361.038,990.423
3944,29,255,444.983,989.086
3945,74,255,1190.027,991.419
3946,63,255,1276.008,991.183
3947,99,255,1477.056,991.005
3948,96,255,205.417,992.552
3949,106,255,296.453,994.406
3950,43,255,308.523,991.430
3951,57,255,38.956,992.746
3952,56,255,142.250,993.125
3953,125,255,703.332,993.748
3954,59,255,1568.144,993.873
3955,128,255,512.875,996.031
3956,117,255,858.184,995.124
3957,90,255,410.256,994.822
3958,88,255,439.761,995.830
3959,84,255,1137.798,994.810
3960,94,255,1167.394,995.755
3961,27,255,1441.722,994.204
3962,50,255,172.820,995.940
3963,94,255,575.606,996.447
3964,81,255,873.623,995.932
3965,39,255,1433.654,995.218
3966,62,255,1578.242,997.177
3967,79,255,751.070,997.766
3968,57,255,1270.904,997.816
3969,90,255,1402.789,998.044
3970,93,255,103.349,999.124
3971,47,255,256.670,997.606
3972,79,255,274.171,998.741
3973,83,255,337.030,998.633
3974,72,255,365.833,997.486
3975,60,255,384.567,996.950
3976,48,255,430.500,997.854
3977,64,255,479.594,998.203
3978,77,255,1077.630,998.084
3979,93,255,1299.468,998.296
3980,54,255,243.944,998.685
3981,84,255,453.095,999.762
3982,56,255,1480.518,998.554
3983,81,255,31.660,1001.512
3984,37,255,664.743,999.095
3985,73,255,20.541,1002.171
3986,66,255,467.061,1000.939
3987,73,255,154.733,1001.966
3988,58,255,264.879,1002.224
3989,145,255,71.748,1007.169
3990,134,255,222.246,1003.881
3991,74,255,136.270,1004.608
3992,152,255,1194.954,1006.526
3993,47,255,1363.543,1003.543
3994,28,255,6.286,1003.000
3995,59,255,1281.958,1005.364
3996,48,255,1509.354,1004.458
3997,181,255,171.815,1009.710
3998,94,255,479.085,1006.149
3999,155,255,1213.371,1008.848
4000,168,255,1296.423,1011.095
4001,33,255,1443.106,1004.803
4002,34,255,82.176,1007.206
4003,187,255,113.024,1010.131
4004,70,255,192.629,1007.286
4005,72,255,236.139,1007.722
4006,132,255,364.583,1008.068
4007,97,255,1430.469,1008.242
4008,42,255,253.024,1006.976
4009,78,255,8.333,1009.487
4010,129,255,392.291,1009.864
4011,57,255,1399.675,1008.482
4012,144,255,1491.056,1011.326
4013,106,255,963.330,1012.651
4014,126,255,1343.079,1012.476
4015,60,255,92.483,1012.933
4016,44,255,209.341,1011.409
4017,81,255,1444.414,1012.414
4018,34,255,1579.000,1011.912
4019,118,255,424.059,1014.449
4020,84,255,1315.143,1013.845
4021,73,255,1516.130,1013.623
4022,96,255,139.854,1015.104
4023,68,255,151.529,1014.912
4024,31,255,455.177,1014.726
4025,52,255,1379.885,1015.231
4026,47,255,227.457,1015.691
4027,50,255,252.460,1015.980
4028,34,255,1325.206,1015.000
4029,77,255,1416.097,1015.513
4030,124,255,335.468,1017.645
4031,98,255,1121.908,1017.796
4032,125,255,1244.124,1018.452
4033,157,255,302.838,1020.653
4034,89,255,360.949,1017.848
4035,95,255,1535.647,1019.332
4036,57,255,281.360,1018.623
4037,82,255,12.732,1021.366
4038,81,255,29.809,1020.698
4039,28,255,444.607,1018.500
4040,81,255,1334.623,1020.574
4041,28,255,485.000,1019.500
4042,39,255,40.090,1022.038
4043,126,255,100.294,1024.675
4044,102,255,1065.471,1023.069
4045,109,255,1588.702,1024.472
4046,23,255,1.370,1023.804
4047,64,255,1038.953,1023.047
4048,100,255,265.030,1024.660
4049,68,255,288.265,1023.897
4050,116,255,1444.647,1025.138
4051,84,255,1511.214,1024.119
4052,92,255,123.500,1027.000
4053,52,255,238.154,1024.596
4054,93,255,1312.898,1025.253
4055,63,255,1487.024,1024.881
4056,75,255,133.220,1027.820
4057,20,255,1052.750,1024.000
4058,73,255,21.856,1028.733
4059,46,255,86.783,1026.761
4060,136,255,210.132,1029.191
4061,75,255,1469.433,1026.980
4062,151,255,73.103,1030.672
4063,65,255,1154.362,1028.838
4064,129,255,1264.422,1030.198
4065,150,255,1412.247,1031.140
4066,142,255,841.528,1029.648
4067,74,255,419.811,1030.257
4068,32,255,432.219,1029.125
4069,51,255,1329.598,1030.049
4070,93,255,1392.737,1031.220
4071,53,255,1568.840,1030.783
4072,66,255,475.712,1032.121
4073,89,255,57.871,1036.893
4074,38,255,105.132,1034.263
4075,162,255,1433.858,1039.278
4076,83,255,1463.548,1035.187
4077,97,255,34.521,1038.356
4078,62,255,1073.790,1035.484
4079,82,255,1280.854,1036.890
4080,82,255,1542.329,1036.683
4081,213,255,1481.509,1042.448
4082,75,255,116.607,1038.767
4083,99,255,157.934,1041.419
4084,179,255,230.489,1042.170
4085,29,255,1095.741,1038.810
4086,50,255,84.400,1041.080
4087,99,255,201.621,1041.348
4088,103,255,429.772,1041.141
4089,49,255,1113.235,1040.663
4090,26,255,1124.231,1041.346
4091,86,255,12.163,1043.907
4092,148,255,181.176,1044.020
4093,54,255,1161.500,1042.722
4094,125,255,1493.772,1046.476
4095,58,255,1556.034,1044.966
4096,82,255,493.146,1045.598
4097,71,255,120.838,1047.106
4098,64,255,1187.375,1047.422
4099,85,255,473.712,1047.900
4100,28,255,1131.607,1046.821
4101,75,255,103.047,1049.713
4102,133,255,1509.831,1050.598
4103,31,255,2.081,1052.758
4104,70,255,539.086,1053.343
4105,123,255,1543.841,1054.996
4106,110,255,1571.827,1054.709
4107,63,255,111.548,1054.341
4108,97,255,991.572,1053.954
4109,48,255,450.250,1054.875
4110,86,255,58.802,1056.733
4111,225,255,1034.864,1059.207
4112,61,255,482.549,1057.730
4113,30,255,975.500,1057.400
4114,114,255,79.114,1062.009
4115,103,255,133.092,1060.160
4116,105,255,354.167,1062.195
4117,47,255,470.053,1059.074
4118,68,255,1561.794,1060.471
4119,79,255,27.943,1063.766
4120,72,255,40.556,1062.028
4121,36,255,551.139,1061.083
4122,157,255,957.990,1066.010
4123,102,255,117.402,1064.078
4124,94,255,996.340,1063.947
4125,51,255,1048.696,1063.833
4126,38,255,623.684,1063.026
4127,72,255,634.361,1063.875
4128,77,255,1576.097,1064.721
4129,164,255,979.299,1067.518
4130,20,255,1012.100,1063.950
4131,61,255,1084.451,1065.844
4132,139,255,1521.896,1068.068
4133,152,255,64.921,1069.336
4134,22,255,542.409,1063.864
4135,32,255,592.781,1064.375
4136,51,255,1161.225,1065.696
4137,119,255,1425.433,1068.038
4138,47,255,926.862,1067.096
4139,154,255,903.448,1070.013
4140,132,255,681.227,1072.705
4141,144,255,848.757,1072.146
4142,70,255,918.771,1069.086
4143,50,255,1092.120,1069.080
4144,34,255,1185.353,1069.206
4145,47,255,694.713,1071.968
4146,94,255,1552.702,1071.468
4147,46,255,3.109,1071.870
4148,59,255,1118.720,1071.958
4149,81,255,1107.698,1073.735
4150,113,255,1130.527,1074.730
4151,89,255,1566.522,1073.972
4152,135,255,161.181,1075.848
4153,27,255,182.389,1073.056
4154,76,255,835.132,1075.566
4155,77,255,1594.240,1074.708
4156,76,255,39.158,1075.842
4157,56,255,192.696,1075.250
4158,116,255,627.414,1077.517
4159,60,255,9.733,1076.600
4160,141,255,585.408,1077.635
4161,99,255,569.136,1077.904
4162,73,255,1577.404,1078.555
4163,69,255,554.688,1079.384
4164,154,255,1152.305,1081.981
4165,100,255,49.830,1081.320
4166,503,255,539.192,1086.605
4167,133,255,516.462,1082.951
4168,117,255,686.603,1083.825
4169,36,255,21.806,1082.000
4170,80,255,408.900,1084.412
4171,127,255,1394.941,1083.957
4172,41,255,1141.061,1083.841
4173,93,255,576.608,1086.253
4174,43,255,1597.081,1084.593
4175,37,255,495.878,1085.797
4176,96,255,1120.104,1088.156
4177,59,255,393.551,1089.347
4178,68,255,1181.926,1089.382
4179,47,255,185.777,1088.670
4180,47,255,384.351,1090.500
4181,103,255,418.995,1094.238
4182,63,255,498.579,1092.294
4183,58,255,336.983,1093.828
4184,64,255,405.562,1093.891
4185,65,255,194.654,1094.238
4186,20,255,1134.600,1093.550
4187,62,255,169.081,1096.339
4188,38,255,330.263,1097.474
4189,55,255,486.391,1096.391
4190,47,255,967.074,1096.883
4191,68,255,38.015,1097.294
4192,55,255,79.718,1097.227
4193,35,255,185.414,1097.271
4194,20,255,344.000,1097.200
4195,46,255,259.174,1097.652
4196,30,255,157.200,1098.267
